Date,Adj Close,Close,High,Low,Open,Volume
2015-01-01,163.0450439453125,179.03334045410156,179.96665954589844,175.6999969482422,177.06666564941406,4694068
2015-01-02,167.1431427001953,183.5333404541016,184.63333129882807,179.3333282470703,179.60000610351562,6176788
2015-01-05,165.98960876464844,182.26666259765625,185.6000061035156,180.06666564941406,184.0,4562988
2015-01-06,158.43084716796875,173.96665954589844,180.6666717529297,173.0,180.6000061035156,5676498
2015-01-07,154.12022399902344,169.23333740234375,173.96665954589844,166.6666717529297,173.10000610351562,6781173
2015-01-08,156.36659240722656,171.6999969482422,174.13333129882812,170.76666259765625,172.0,4579558
2015-01-09,154.6666259765625,169.8333282470703,174.10000610351562,167.3333282470703,172.1666717529297,3800550
2015-01-12,156.42730712890625,171.76666259765625,172.6666717529297,168.73333740234375,169.73333740234375,2713641
2015-01-13,156.33624267578125,171.6666717529297,177.3333282470703,170.1666717529297,173.46665954589844,5782050
2015-01-14,163.16647338867188,179.1666717529297,180.5333404541016,171.93333435058594,171.93333435058594,6791280
2015-01-15,163.2878875732422,179.3000030517578,183.93333435058597,176.6666717529297,181.3333282470703,7668231
2015-01-16,166.26284790039062,182.5666656494141,183.23333740234372,176.43333435058594,178.3333282470703,5929110
2015-01-19,170.63418579101562,187.36666870117188,188.26666259765625,182.0333404541016,182.8000030517578,5226327
2015-01-20,170.755615234375,187.5,189.3333282470703,185.5333404541016,189.0333404541016,6902265
2015-01-21,171.5448455810547,188.36666870117188,189.0,184.73333740234372,188.0,5599384
2015-01-22,172.69842529296875,189.63333129882807,191.5666656494141,187.23333740234372,188.96665954589844,6014205
2015-01-23,169.4502716064453,186.0666656494141,192.26666259765625,184.86666870117188,190.6999969482422,7540984
2015-01-27,171.15023803710938,187.93333435058597,191.0,186.3333282470703,190.1000061035156,6309520
2015-01-28,169.54135131835938,186.1666717529297,188.3000030517578,182.1000061035156,187.3333282470703,7454415
2015-01-29,174.7930145263672,191.93333435058597,193.26666259765625,184.0,185.6666717529297,7405209
2015-01-30,177.13047790527344,194.5,198.5333404541016,190.3333282470703,192.6666717529297,8632012
2015-02-02,178.4054718017578,195.8999938964844,197.6666717529297,193.43333435058597,194.26666259765625,4353852
2015-02-03,180.37860107421875,198.0666656494141,199.3000030517578,194.13333129882807,197.3000030517578,4835320
2015-02-04,173.0323486328125,190.0,200.0,189.3333282470703,199.3333282470703,5060523
2015-02-05,168.084228515625,184.5666656494141,193.1999969482422,182.73333740234372,191.26666259765625,5206513
2015-02-06,160.37368774414062,176.10000610351562,186.1666717529297,175.5,184.63333129882807,6729909
2015-02-09,156.97372436523438,172.36666870117188,177.3333282470703,171.39999389648438,174.3333282470703,3354183
2015-02-10,158.7647705078125,174.3333282470703,178.0,170.3333282470703,170.3333282470703,3927507
2015-02-11,155.0916290283203,170.3000030517578,176.6999969482422,169.06666564941406,175.3333282470703,4294812
2015-02-12,162.52896118164062,178.46665954589844,179.60000610351562,167.1666717529297,169.3333282470703,9512382
2015-02-13,157.4594268798828,172.89999389648438,175.89999389648438,167.3333282470703,167.3333282470703,13845936
2015-02-16,157.90966796875,173.03334045410156,174.3000030517578,170.0,172.89999389648438,4907550
2015-02-18,158.30511474609375,173.46665954589844,175.63333129882812,171.39999389648438,172.6666717529297,3404049
2015-02-19,159.27853393554688,174.53334045410156,176.1999969482422,171.06666564941406,173.6999969482422,4355154
2015-02-20,167.46151733398438,183.5,184.1999969482422,175.0,175.1999969482422,9851290
2015-02-23,165.81881713867188,181.6999969482422,184.6666717529297,180.5,184.6666717529297,5242173
2015-02-24,168.98248291015625,185.1666717529297,186.23333740234372,180.6999969482422,182.0,6955339
2015-02-25,166.82269287109375,182.8000030517578,187.8333282470703,181.1666717529297,186.3333282470703,4782459
2015-02-26,160.8907928466797,176.3000030517578,184.63333129882807,174.8333282470703,181.8000030517578,14242278
2015-02-27,164.81495666503906,180.6000061035156,181.43333435058597,177.03334045410156,178.0,5570446
2015-03-02,166.5488739013672,182.5,183.5333404541016,175.63333129882812,175.63333129882812,8863410
2015-03-03,167.1572723388672,183.1666717529297,183.86666870117188,178.76666259765625,182.5,5711361
2015-03-04,164.81495666503906,180.6000061035156,185.8000030517578,179.0,184.1999969482422,5368972
2015-03-05,164.4803466796875,180.23333740234372,182.46665954589844,177.36666870117188,182.0,3148335
2015-03-09,157.33164978027344,172.39999389648438,178.63333129882812,171.3000030517578,178.0,3937045
2015-03-10,157.6358642578125,172.73333740234375,175.26666259765625,170.13333129882812,173.3333282470703,3388863
2015-03-11,156.90577697753906,171.93333435058594,175.26666259765625,170.39999389648438,173.26666259765625,4336518
2015-03-12,160.64743041992188,176.03334045410156,176.63333129882812,172.6666717529297,173.3000030517578,2993826
2015-03-13,154.98934936523438,169.8333282470703,177.56666564941406,169.0,176.93333435058594,3625519
2015-03-16,157.6358642578125,172.73333740234375,173.60000610351562,167.73333740234375,170.76666259765625,4775821
2015-03-17,161.103759765625,176.53334045410156,177.1999969482422,172.1666717529297,173.60000610351562,3152625
2015-03-18,156.7841033935547,171.8000030517578,177.43333435058594,171.1666717529297,177.13333129882812,4190058
2015-03-19,155.50648498535156,170.39999389648438,174.53334045410156,167.93333435058594,173.89999389648438,2782710
2015-03-20,149.51376342773438,163.8333282470703,170.26666259765625,163.3333282470703,168.6666717529297,5179126
2015-03-23,144.06857299804688,157.86666870117188,164.39999389648438,157.0,164.1999969482422,5466642
2015-03-24,146.0154571533203,160.0,161.6666717529297,155.3333282470703,156.6666717529297,4632145
2015-03-25,143.9773406982422,157.76666259765625,160.8000030517578,156.76666259765625,160.60000610351562,3697993
2015-03-26,143.4906005859375,157.23333740234375,163.0,156.10000610351562,156.6666717529297,7407238
2015-03-27,141.63499450683594,155.1999969482422,159.03334045410156,152.0,158.0,4480102
2015-03-30,145.25497436523438,159.1666717529297,159.93333435058594,154.8000030517578,156.6666717529297,4548237
2015-03-31,143.18641662597656,156.89999389648438,161.3333282470703,155.3333282470703,159.96665954589844,5933668
2015-04-01,140.35739135742188,153.8000030517578,157.3333282470703,153.06666564941406,157.1999969482422,5019112
2015-04-06,143.03431701660156,156.73333740234375,158.93333435058594,151.73333740234375,153.56666564941406,7298490
2015-04-07,142.0608673095703,155.6666717529297,156.8333282470703,152.46665954589844,155.0,4446670
2015-04-08,143.52102661132812,157.26666259765625,159.60000610351562,156.0,156.6666717529297,5247312
2015-04-09,141.5437469482422,155.10000610351562,158.6999969482422,153.6666717529297,157.6999969482422,3581359
2015-04-10,142.73013305664062,156.39999389648438,158.1999969482422,154.86666870117188,155.53334045410156,3367534
2015-04-13,147.62771606445312,161.76666259765625,162.96665954589844,156.6666717529297,156.6666717529297,6016558
2015-04-15,141.39166259765625,154.93333435058594,162.53334045410156,153.53334045410156,161.3333282470703,6140497
2015-04-16,141.1482696533203,154.6666717529297,156.56666564941406,152.8000030517578,155.36666870117188,3803406
2015-04-17,142.88226318359375,156.56666564941406,158.0,154.03334045410156,154.46665954589844,3632844
2015-04-20,139.87066650390625,153.26666259765625,157.73333740234375,150.13333129882812,157.73333740234375,3135909
2015-04-21,138.10629272460938,151.3333282470703,155.56666564941406,150.6666717529297,153.26666259765625,4397890
2015-04-22,140.41818237304688,153.86666870117188,154.53334045410156,148.36666870117188,151.39999389648438,5182029
2015-04-23,141.939208984375,155.53334045410156,156.56666564941406,153.6666717529297,155.53334045410156,3146893
2015-04-24,142.36508178710938,156.0,157.10000610351562,154.1666717529297,156.1999969482422,4282333
2015-04-27,137.68040466308594,150.86666870117188,157.26666259765625,150.06666564941406,157.06666564941406,3938541
2015-04-28,141.7262725830078,155.3000030517578,159.06666564941406,149.8000030517578,151.0,6003312
2015-04-29,141.239501953125,154.76666259765625,156.60000610351562,152.6999969482422,155.1999969482422,2819844
2015-04-30,144.82908630371094,158.6999969482422,162.13333129882812,150.39999389648438,154.3333282470703,10635402
2015-05-04,149.14871215820312,163.43333435058594,164.6666717529297,158.8333282470703,160.60000610351562,4249645
2015-05-05,149.14871215820312,163.43333435058594,166.0,161.3333282470703,163.6666717529297,3511611
2015-05-06,139.7489471435547,153.13333129882812,162.6666717529297,152.56666564941406,162.3333282470703,4722240
2015-05-07,139.14056396484375,152.46665954589844,155.39999389648438,149.39999389648438,152.0,4260034
2015-05-08,140.75282287597656,154.23333740234375,155.89999389648438,153.3333282470703,154.5,2197642
2015-05-11,142.79095458984375,156.46665954589844,158.93333435058594,151.93333435058594,154.8000030517578,4653870
2015-05-12,135.42935180664062,148.39999389648438,156.53334045410156,147.6999969482422,156.46665954589844,5113764
2015-05-13,138.56259155273438,151.8333282470703,152.3333282470703,148.06666564941406,149.6666717529297,4054597
2015-05-14,139.9314727783203,153.3333282470703,153.93333435058594,149.1666717529297,151.8000030517578,4614879
2015-05-15,140.50946044921875,153.96665954589844,155.93333435058594,151.39999389648438,153.60000610351562,2624143
2015-05-18,142.69969177246094,156.36666870117188,156.6666717529297,152.93333435058594,154.0,2275501
2015-05-19,143.06472778320312,156.76666259765625,159.96665954589844,154.93333435058594,156.0,3620634
2015-05-20,140.6311492919922,154.10000610351562,158.46665954589844,152.8000030517578,156.8000030517578,3444466
2015-05-21,141.42205810546875,154.96665954589844,155.63333129882812,151.73333740234375,154.10000610351562,3400150
2015-05-22,142.36508178710938,156.0,157.10000610351562,153.6666717529297,155.26666259765625,2397267
2015-05-25,142.4563446044922,156.10000610351562,158.23333740234375,152.86666870117188,155.36666870117188,4211997
2015-05-26,146.8976287841797,160.96665954589844,164.56666564941406,153.43333435058594,154.1666717529297,13087288
2015-05-27,152.00819396972656,166.56666564941406,168.53334045410156,159.3333282470703,160.0,10294650
2015-05-28,153.74212646484375,168.46665954589844,169.96665954589844,164.06666564941406,166.6666717529297,10853431
2015-05-29,153.10328674316406,167.76666259765625,172.0,164.96665954589844,167.0,7202971
2015-06-01,154.56346130371094,169.36666870117188,171.10000610351562,167.0,167.39999389648438,4051272
2015-06-02,152.76864624023438,167.39999389648438,171.6666717529297,165.8333282470703,170.53334045410156,5314372
2015-06-03,149.57460021972656,163.89999389648438,170.1999969482422,160.46665954589844,168.73333740234375,5556276
2015-06-04,150.88262939453125,165.3333282470703,166.46665954589844,161.39999389648438,164.60000610351562,2846427
2015-06-05,150.12216186523438,164.5,168.0,163.43333435058594,164.6999969482422,3302854
2015-06-08,147.87110900878906,162.03334045410156,164.23333740234375,160.8333282470703,164.0,2317689
2015-06-09,146.83677673339844,160.89999389648438,163.8000030517578,160.06666564941406,160.8000030517578,2767117
2015-06-10,152.8599090576172,167.5,168.3333282470703,161.6666717529297,161.93333435058594,6025344
2015-06-11,148.29698181152344,162.5,168.93333435058594,161.73333740234375,168.10000610351562,4344642
2015-06-12,151.065185546875,165.53334045410156,166.3333282470703,161.26666259765625,162.0,3599832
2015-06-15,150.76095581054688,165.1999969482422,167.53334045410156,164.23333740234375,165.6666717529297,3667803
2015-06-16,149.42251586914062,163.73333740234375,165.3333282470703,161.60000610351562,165.3333282470703,2821882
2015-06-17,146.50218200683594,160.53334045410156,164.53334045410156,160.06666564941406,164.46665954589844,4538755
2015-06-18,147.9927520751953,162.1666717529297,163.93333435058594,161.03334045410156,161.1666717529297,2654031
2015-06-19,146.7759552001953,160.8333282470703,162.93333435058594,158.76666259765625,162.93333435058594,3859863
2015-06-22,150.06130981445312,164.43333435058594,166.0,161.6666717529297,162.03334045410156,3030334
2015-06-23,148.32736206054688,162.53334045410156,167.3000030517578,161.8000030517578,164.6999969482422,3785488
2015-06-24,154.59388732910156,169.39999389648438,171.8000030517578,162.13333129882812,162.6666717529297,10985920
2015-06-25,155.74984741210938,170.6666717529297,173.3000030517578,168.3333282470703,168.3333282470703,9313326
2015-06-26,152.6774139404297,167.3000030517578,170.13333129882812,165.3333282470703,169.89999389648438,4173817
2015-06-29,150.4263458251953,164.8333282470703,165.93333435058594,161.86666870117188,164.6666717529297,3218274
2015-06-30,150.8218231201172,165.26666259765625,167.1666717529297,164.03334045410156,164.56666564941406,3831690
2015-07-01,156.7841033935547,171.8000030517578,172.76666259765625,164.86666870117188,164.86666870117188,6124279
2015-07-02,155.62814331054688,170.53334045410156,173.06666564941406,169.36666870117188,171.6666717529297,4175061
2015-07-03,157.6358642578125,172.73333740234375,174.93333435058594,171.6666717529297,171.6666717529297,4249372
2015-07-06,158.1833953857422,173.3333282470703,173.8000030517578,168.43333435058594,169.26666259765625,2605689
2015-07-07,157.57504272460938,172.6666717529297,175.06666564941406,171.1999969482422,173.6666717529297,3786822
2015-07-08,155.5673065185547,170.46665954589844,171.3333282470703,165.73333740234375,170.6666717529297,5265988
2015-07-09,160.7995147705078,176.1999969482422,177.1999969482422,169.8333282470703,170.93333435058594,7772599
2015-07-10,163.41561889648438,179.06666564941406,180.1999969482422,176.8000030517578,178.6999969482422,6992448
2015-07-13,163.87193298339844,179.56666564941406,180.43333435058597,176.8333282470703,179.10000610351562,3626259
2015-07-14,166.18386840820312,182.1000061035156,183.13333129882807,178.53334045410156,179.60000610351562,5184459
2015-07-15,166.4272003173828,182.36666870117188,184.3000030517578,181.1999969482422,182.0,3965323
2015-07-16,170.47308349609375,186.8000030517578,188.0,181.46665954589844,182.3333282470703,5043882
2015-07-17,174.3363494873047,191.0333404541016,191.86666870117188,186.5,186.6666717529297,5815546
2015-07-20,171.78111267089844,188.23333740234372,190.0,186.1999969482422,190.0,3803104
2015-07-21,172.572021484375,189.1000061035156,193.3333282470703,186.36666870117188,188.26666259765625,4262800
2015-07-22,173.3629608154297,189.96665954589844,191.26666259765625,187.23333740234372,188.5333404541016,3591255
2015-07-23,173.180419921875,189.76666259765625,192.63333129882807,188.3333282470703,191.86666870117188,3363750
2015-07-24,170.5643310546875,186.8999938964844,191.3333282470703,186.3333282470703,189.3333282470703,2932654
2015-07-27,165.48419189453125,181.3333282470703,188.13333129882807,180.6666717529297,186.3333282470703,3618868
2015-07-28,169.68212890625,185.93333435058597,186.6666717529297,181.73333740234372,181.73333740234372,4435752
2015-07-29,172.54164123535156,189.0666656494141,190.3333282470703,185.3333282470703,186.1666717529297,3711084
2015-07-30,174.54930114746094,191.26666259765625,192.0666656494141,188.3999938964844,190.6666717529297,5269528
2015-07-31,169.34750366210938,185.5666656494141,193.1000061035156,184.8333282470703,191.3333282470703,5022340
2015-08-03,172.1461639404297,188.63333129882807,191.63333129882807,183.46665954589844,183.93333435058597,5909841
2015-08-04,171.4464874267578,187.86666870117188,190.3333282470703,185.46665954589844,189.1000061035156,3971035
2015-08-05,170.68600463867188,187.0333404541016,191.96665954589844,186.1000061035156,188.1666717529297,3488721
2015-08-06,171.84194946289062,188.3000030517578,190.6666717529297,186.0,188.0,3500584
2015-08-07,161.92507934570312,177.43333435058594,189.3000030517578,166.8333282470703,189.26666259765625,30387123
2015-08-10,165.75796508789062,181.63333129882807,183.1999969482422,173.10000610351562,174.46665954589844,14651772
2015-08-11,162.4726104736328,178.03334045410156,182.6000061035156,177.3333282470703,182.46665954589844,3455772
2015-08-12,158.1226043701172,173.26666259765625,177.3333282470703,171.43333435058594,176.06666564941406,3019948
2015-08-13,157.33164978027344,172.39999389648438,176.26666259765625,168.26666259765625,173.3333282470703,5304867
2015-08-14,159.09600830078125,174.3333282470703,176.1999969482422,171.5,173.6999969482422,4573557
2015-08-17,159.36981201171875,174.63333129882812,176.0,170.6666717529297,174.6666717529297,2861506
2015-08-18,159.09600830078125,174.3333282470703,176.26666259765625,172.5,175.93333435058594,2291664
2015-08-19,159.55230712890625,174.8333282470703,175.8333282470703,172.0,173.56666564941406,2640196
2015-08-20,153.8942108154297,168.63333129882812,174.3333282470703,167.8000030517578,173.3333282470703,3337749
2015-08-21,151.39976501464844,165.89999389648438,167.13333129882812,162.3000030517578,165.3333282470703,4862601
2015-08-24,139.65773010253906,153.03334045410156,160.0,150.0,160.0,7700613
2015-08-25,140.53985595703125,154.0,157.53334045410156,142.89999389648438,156.6999969482422,7787143
2015-08-26,146.10670471191406,160.10000610351562,161.86666870117188,149.3333282470703,154.0,6767295
2015-08-27,140.9049072265625,154.39999389648438,161.26666259765625,152.73333740234375,160.6666717529297,15193254
2015-08-28,142.73013305664062,156.39999389648438,159.76666259765625,154.36666870117188,157.3000030517578,4553430
2015-08-31,137.7716522216797,150.96665954589844,155.1999969482422,150.3000030517578,154.6666717529297,4984795
2015-09-01,132.47862243652344,145.1666717529297,151.93333435058594,143.39999389648438,150.0,4612831
2015-09-02,125.63414764404295,137.6666717529297,146.6666717529297,136.8333282470703,146.53334045410156,9685620
2015-09-03,128.7369842529297,141.06666564941406,143.6666717529297,138.39999389648438,139.63333129882812,5739595
2015-09-04,125.45159912109376,137.46665954589844,139.93333435058594,136.0,139.93333435058594,4024624
2015-09-07,122.16629028320312,133.86666870117188,138.93333435058594,133.0,137.53334045410156,3853390
2015-09-08,129.0411376953125,141.39999389648438,142.60000610351562,131.96665954589844,134.0,6658378
2015-09-09,129.4365997314453,141.8333282470703,145.5,141.1999969482422,143.76666259765625,4061371
2015-09-10,132.05274963378906,144.6999969482422,145.6666717529297,136.86666870117188,138.0,6740938
2015-09-11,128.1894073486328,140.46665954589844,145.26666259765625,139.8333282470703,144.60000610351562,4858846
2015-09-14,130.12371826171875,142.1666717529297,142.8000030517578,140.3333282470703,141.86666870117188,2754970
2015-09-15,129.4829864501953,141.46665954589844,142.86666870117188,140.06666564941406,141.6666717529297,2474862
2015-09-16,128.3541717529297,140.23333740234375,142.60000610351562,138.46665954589844,142.60000610351562,3766815
2015-09-18,127.07274627685548,138.8333282470703,142.76666259765625,137.5,142.13333129882812,9861891
2015-09-21,126.40155029296876,138.10000610351562,139.10000610351562,137.10000610351562,137.93333435058594,4349206
2015-09-22,123.0759735107422,134.46665954589844,140.0,133.53334045410156,139.0,10681389
2015-09-23,121.48948669433594,132.73333740234375,135.53334045410156,131.46665954589844,133.26666259765625,8094166
2015-09-24,120.90982818603516,132.10000610351562,133.86666870117188,128.73333740234375,132.6666717529297,12991047
2015-09-28,119.07921600341795,130.10000610351562,133.3333282470703,129.39999389648438,133.0,7430025
2015-09-29,120.3301239013672,131.46665954589844,133.6666717529297,128.0,128.6666717529297,6218845
2015-09-30,125.4252471923828,137.03334045410156,137.8333282470703,132.06666564941406,132.8000030517578,5830041
2015-10-01,121.64202117919922,132.89999389648438,138.3333282470703,132.3333282470703,138.3333282470703,9575920
2015-10-05,124.57096862792967,136.10000610351562,136.60000610351562,133.5,134.3333282470703,4260249
2015-10-06,120.6657257080078,131.8333282470703,137.39999389648438,131.3333282470703,137.3333282470703,9556252
2015-10-07,123.71671295166016,135.1666717529297,135.5,131.60000610351562,131.96665954589844,5840596
2015-10-08,124.3573989868164,135.86666870117188,137.46665954589844,133.8333282470703,136.0,5947794
2015-10-09,123.1980438232422,134.60000610351562,137.6666717529297,134.13333129882812,137.3333282470703,5428452
2015-10-12,125.3947296142578,137.0,139.1666717529297,134.39999389648438,135.3333282470703,6266626
2015-10-13,127.1948013305664,138.96665954589844,139.96665954589844,137.43333435058594,138.63333129882812,6056643
2015-10-14,125.27268981933594,136.86666870117188,139.63333129882812,136.1999969482422,139.3333282470703,2821137
2015-10-15,129.23892211914062,141.1999969482422,141.53334045410156,137.0,137.3000030517578,6685029
2015-10-16,130.36781311035156,142.43333435058594,142.6666717529297,139.86666870117188,141.93333435058594,4538221
2015-10-19,130.94749450683594,143.06666564941406,143.96665954589844,140.8000030517578,142.0,4873189
2015-10-20,129.6965789794922,141.6999969482422,144.3000030517578,140.93333435058594,143.73333740234375,2694774
2015-10-21,127.1948013305664,138.96665954589844,142.46665954589844,138.43333435058594,141.73333740234375,13240614
2015-10-23,128.1100616455078,139.96665954589844,141.10000610351562,138.8000030517578,140.6666717529297,3923719
2015-10-26,132.74757385253906,145.03334045410156,146.06666564941406,139.6666717529297,140.93333435058594,10507887
2015-10-27,130.82545471191406,142.93333435058594,146.46665954589844,142.23333740234375,144.86666870117188,4415671
2015-10-28,129.6050567626953,141.60000610351562,144.53334045410156,140.93333435058594,141.63333129882812,4082578
2015-10-29,124.02178955078124,135.5,142.3333282470703,134.8333282470703,141.46665954589844,10453105
2015-10-30,121.3369369506836,132.56666564941406,136.26666259765625,131.86666870117188,135.6666717529297,6182628
2015-11-02,122.16068267822266,133.46665954589844,135.1666717529297,131.3000030517578,132.1666717529297,4347640
2015-11-03,122.67937469482422,134.03334045410156,134.8000030517578,132.3333282470703,134.6666717529297,4349130
2015-11-04,122.67937469482422,134.03334045410156,135.46665954589844,133.3333282470703,135.0,4195359
2015-11-05,118.62158203125,129.60000610351562,134.3333282470703,128.39999389648438,134.1666717529297,3902547
2015-11-06,116.82151794433594,127.63333129882812,131.1999969482422,122.73332977294922,129.3333282470703,14898504
2015-11-09,112.61117553710938,123.03333282470705,126.66666412353516,121.83333587646484,124.0,12071524
2015-11-10,108.85848999023438,118.93333435058594,122.63333129882812,118.26666259765624,122.23332977294922,10597155
2015-11-13,108.5838851928711,118.63333129882812,120.73332977294922,117.76666259765624,119.3000030517578,5715061
2015-11-16,108.88899230957033,118.96666717529295,120.53333282470705,117.33333587646484,118.06666564941406,5717926
2015-11-17,109.1025619506836,119.1999969482422,121.0,118.53333282470705,119.73332977294922,4590894
2015-11-18,106.60076141357422,116.46666717529295,120.26666259765624,116.03333282470705,119.13333129882812,4475050
2015-11-19,107.27198028564452,117.1999969482422,117.5999984741211,115.86666870117188,117.33333587646484,3528210
2015-11-20,107.54656219482422,117.5,119.1999969482422,116.3000030517578,116.66666412353516,4231416
2015-11-23,106.90586853027344,116.8000030517578,119.33333587646484,116.4000015258789,118.33333587646484,3501583
2015-11-24,106.08210754394533,115.9000015258789,117.86666870117188,115.5,116.66666412353516,3012870
2015-11-26,105.7770004272461,115.56666564941406,117.1999969482422,115.1999969482422,116.53333282470705,5429128
2015-11-27,107.3940200805664,117.33333587646484,118.43333435058594,115.9000015258789,115.9000015258789,3996300
2015-11-30,106.7838363647461,116.66666412353516,118.86666870117188,116.43333435058594,117.86666870117188,5667532
2015-12-01,107.05843353271484,116.96666717529295,117.96666717529295,116.4000015258789,117.33333587646484,2684626
2015-12-02,105.6244659423828,115.4000015258789,117.5999984741211,115.0999984741211,117.5999984741211,3313312
2015-12-03,102.90911865234376,112.43333435058594,114.63333129882812,112.06666564941406,114.63333129882812,7294459
2015-12-04,102.72604370117188,112.23332977294922,113.63333129882812,110.8000030517578,111.3000030517578,5337480
2015-12-07,103.00062561035156,112.53333282470705,113.66666412353516,111.93333435058594,113.0,2841214
2015-12-08,100.4988250732422,109.8000030517578,112.33333587646484,109.43333435058594,112.0,4051336
2015-12-09,103.0616455078125,112.5999984741211,114.13333129882812,110.66666412353516,110.66666412353516,9798981
2015-12-10,102.23788452148438,111.6999969482422,113.6999969482422,110.43333435058594,113.0,3997072
2015-12-11,100.98699951171876,110.33333587646484,112.26666259765624,109.5,111.93333435058594,4771759
2015-12-14,101.99381256103516,111.43333435058594,112.66666412353516,109.6999969482422,109.8000030517578,3060426
2015-12-15,101.35310363769533,110.73332977294922,112.0,109.5,111.46666717529295,2487760
2015-12-16,102.63450622558594,112.13333129882812,113.46666717529295,111.5999984741211,112.0,3148881
2015-12-17,103.15316772460938,112.6999969482422,113.33333587646484,110.26666259765624,113.33333587646484,3409300
2015-12-18,101.59716796875,111.0,112.26666259765624,110.26666259765624,112.13333129882812,5545135
2015-12-21,101.96331024169922,111.4000015258789,112.33333587646484,110.76666259765624,111.0,2318526
2015-12-22,101.2615737915039,110.63333129882812,112.5,110.3000030517578,111.93333435058594,3424249
2015-12-23,105.01426696777344,114.73332977294922,115.1999969482422,111.1999969482422,111.3000030517578,7452429
2015-12-24,105.38038635253906,115.13333129882812,116.33333587646484,114.4000015258789,115.96666717529295,4821280
2015-12-28,104.61766052246094,114.3000030517578,116.0,114.03333282470705,115.76666259765624,2776992
2015-12-29,102.84808349609376,112.36666870117188,115.06666564941406,111.0,115.06666564941406,5137282
2015-12-30,103.58031463623048,113.16666412353516,113.93333435058594,112.1999969482422,113.33333587646484,3235122
2015-12-31,103.21419525146484,112.76666259765624,113.5,111.5999984741211,113.13333129882812,4680094
2016-01-01,104.28204345703124,113.93333435058594,114.66666412353516,112.0999984741211,112.66666412353516,2551222
2016-01-04,100.8039321899414,110.13333129882812,113.96666717529295,109.66666412353516,113.66666412353516,3483033
2016-01-05,101.47515869140624,110.86666870117188,112.03333282470705,109.46666717529295,110.53333282470705,3429985
2016-01-06,101.07850646972656,110.43333435058594,112.53333282470705,110.0999984741211,111.53333282470705,3766134
2016-01-07,93.81723022460938,102.5,109.46666717529295,102.06666564941406,109.33333587646484,7421127
2016-01-08,93.7256851196289,102.4000015258789,104.3000030517578,101.53333282470705,104.26666259765624,4541688
2016-01-11,91.19338989257812,99.63333129882812,101.26666259765624,98.66666412353516,101.26666259765624,4570783
2016-01-12,91.92562103271484,100.43333435058594,102.13333129882812,99.4000015258789,99.93333435058594,3632026
2016-01-13,90.43064880371094,98.8000030517578,102.0,95.3000030517578,101.3000030517578,5437554
2016-01-14,87.65425872802734,95.76666259765624,97.93333435058594,95.0,96.8000030517578,3836478
2016-01-15,83.2303695678711,90.93333435058594,97.0,90.06666564941406,97.0,4898815
2016-01-18,86.7084732055664,94.73332977294922,98.66666412353516,87.86666870117188,90.66666412353516,10254495
2016-01-19,88.0509033203125,96.1999969482422,96.86666870117188,91.06666564941406,95.4000015258789,6368319
2016-01-20,87.28815460205078,95.36666870117188,96.46666717529295,90.86666870117188,94.3000030517578,8119474
2016-01-21,87.31867980957031,95.4000015258789,98.36666870117188,94.3000030517578,97.0,6389520
2016-01-22,89.91199493408203,98.23332977294922,98.5999984741211,95.73332977294922,97.43333435058594,4220617
2016-01-25,88.63057708740234,96.83333587646484,100.96666717529295,96.1999969482422,98.9000015258789,4580764
2016-01-27,85.1829833984375,93.06666564941406,97.33333587646484,92.76666259765624,97.0,5916802
2016-01-28,83.53546905517578,91.26666259765624,93.66666412353516,90.6999969482422,93.06666564941406,14325036
2016-01-29,84.63381958007812,92.46666717529295,93.0999984741211,91.0,91.83333587646484,4825786
2016-02-01,85.57960510253906,93.5,96.53333282470705,91.0,93.13333129882812,10034334
2016-02-02,82.2540512084961,89.86666870117188,93.8000030517578,89.53333282470703,93.6999969482422,5761080
2016-02-03,78.22677612304688,85.46666717529297,88.86666870117188,85.19999694824219,88.66666412353516,6513556
2016-02-04,79.02002716064453,86.33333587646484,87.63333129882812,84.80000305175781,86.16666412353516,5526613
2016-02-05,81.0336685180664,88.53333282470703,88.96666717529297,85.63333129882812,86.5999984741211,5011585
2016-02-08,80.72856903076172,88.19999694824219,91.93333435058594,87.66666412353516,88.63333129882812,5080377
2016-02-09,80.17940521240234,87.5999984741211,88.93333435058594,86.63333129882812,87.83333587646484,3999670
2016-02-10,78.1047592163086,85.33333587646484,87.5,84.43333435058594,87.30000305175781,3900423
2016-02-11,73.37574005126953,80.16666412353516,86.16666412353516,79.43333435058594,84.66666412353516,8070220
2016-02-12,63.73469161987305,69.63333129882812,77.0999984741211,68.16666412353516,76.0,30656788
2016-02-15,65.87037658691406,71.96666717529297,73.0,67.93333435058594,71.13333129882812,21288186
2016-02-16,63.00244903564453,68.83333587646484,73.30000305175781,67.73332977294922,72.66666412353516,11995162
2016-02-17,64.5279541015625,70.5,71.0,66.73332977294922,69.13333129882812,13749124
2016-02-18,63.27703857421875,69.13333129882812,72.33333587646484,67.46666717529297,72.0,15185833
2016-02-19,62.0871696472168,67.83333587646484,70.19999694824219,65.76666259765625,66.66666412353516,21575691
2016-02-22,61.62952423095703,67.33333587646484,68.80000305175781,66.93333435058594,68.66666412353516,12329764
2016-02-23,60.07352828979492,65.63333129882812,68.46666717529297,65.33333587646484,68.46666717529297,15617923
2016-02-24,57.02256774902344,62.29999923706055,65.53333282470703,61.93333435058594,65.53333282470703,16800108
2016-02-25,57.571739196777344,62.900001525878906,63.23333358764648,60.900001525878906,63.0,19241316
2016-02-26,58.029388427734375,63.400001525878906,64.53333282470703,62.53333282470703,63.633331298828125,9488707
2016-02-29,55.4360580444336,60.56666564941406,64.33333587646484,60.09999847412109,63.86666488647461,16253800
2016-03-01,56.625938415527344,61.86666488647461,62.400001525878906,60.5,60.96666717529297,16279459
2016-03-02,59.249759674072266,64.73332977294922,67.96666717529297,63.86666488647461,64.53333282470703,29220081
2016-03-03,63.03298568725586,68.86666870117188,69.23332977294922,64.76666259765625,65.33333587646484,24829233
2016-03-04,65.65678405761719,71.73332977294922,72.13333129882812,68.03333282470703,69.4000015258789,19633504
2016-03-08,64.68048095703125,70.66666412353516,74.0999984741211,69.83333587646484,72.0,13240912
2016-03-09,65.68730926513672,71.76666259765625,72.0,69.06666564941406,70.66666412353516,10257723
2016-03-10,63.70418548583984,69.5999984741211,71.83333587646484,69.06666564941406,71.83333587646484,12005086
2016-03-11,63.27703857421875,69.13333129882812,70.13333129882812,68.5,69.5999984741211,10116858
2016-03-14,64.64999389648438,70.63333129882812,71.23332977294922,68.43333435058594,69.86666870117188,11349492
2016-03-15,64.77201843261719,70.76666259765625,71.36666870117188,70.0999984741211,70.5999984741211,6386377
2016-03-16,64.924560546875,70.93333435058594,72.33333587646484,70.03333282470703,71.66666412353516,9272242
2016-03-17,67.67044067382812,73.93333435058594,74.80000305175781,71.23332977294922,71.69999694824219,17147316
2016-03-18,69.19591522216797,75.5999984741211,76.13333129882812,74.13333129882812,74.5,13204377
2016-03-21,68.3111343383789,74.63333129882812,75.86666870117188,74.0,75.5999984741211,9276801
2016-03-22,71.20955657958984,77.80000305175781,78.19999694824219,74.93333435058594,75.33333587646484,22087651
2016-03-23,71.02650451660156,77.5999984741211,78.53333282470703,77.23332977294922,78.33333587646484,9134821
2016-03-28,69.04338836669922,75.43333435058594,78.46666717529297,74.9000015258789,78.19999694824219,7496754
2016-03-29,67.70094299316406,73.96666717529297,76.13333129882812,73.63333129882812,75.30000305175781,7910284
2016-03-30,70.08070373535156,76.56666564941406,77.23332977294922,74.19999694824219,74.93333435058594,8649823
2016-03-31,69.47050476074219,75.9000015258789,77.13333129882812,75.33333587646484,76.06666564941406,10190908
2016-04-01,71.05699920654297,77.63333129882812,80.46666717529297,75.56666564941406,75.86666870117188,28848411
2016-04-04,71.30109405517578,77.9000015258789,79.19999694824219,76.46666717529297,78.33333587646484,9727903
2016-04-05,68.86031341552734,75.23332977294922,78.5999984741211,74.9000015258789,77.80000305175781,9742818
2016-04-06,69.50101470947266,75.93333435058594,77.19999694824219,75.0999984741211,76.36666870117188,10515573
2016-04-07,72.76554870605469,79.5,80.96666717529297,75.13333129882812,76.66666412353516,56733978
2016-04-08,74.93172454833984,81.86666870117188,82.23332977294922,78.53333282470703,79.33333587646484,32995939
2016-04-11,77.7691421508789,84.96666717529297,85.46666717529297,82.0,82.4000015258789,23217325
2016-04-12,77.67759704589844,84.86666870117188,86.0,84.06666564941406,85.13333129882812,11380137
2016-04-13,81.55232238769531,89.0999984741211,90.3000030517578,85.46666717529297,85.46666717529297,18091654
2016-04-18,80.66754913330078,88.13333129882812,89.86666870117188,87.56666564941406,89.86666870117188,10573980
2016-04-20,81.12519836425781,88.63333129882812,89.5,87.86666870117188,88.30000305175781,8125939
2016-04-21,78.65392303466797,85.93333435058594,90.0,85.26666259765625,89.63333129882812,13104777
2016-04-22,77.83015441894531,85.03333282470703,85.83333587646484,84.19999694824219,85.83333587646484,10174039
2016-04-25,76.67078399658203,83.76666259765625,85.13333129882812,82.83333587646484,83.33333587646484,7663179
2016-04-26,78.80646514892578,86.0999984741211,87.23332977294922,83.33333587646484,84.0,12111312
2016-04-27,77.95219421386719,85.16666412353516,87.53333282470703,84.73332977294922,86.43333435058594,8223579
2016-04-28,76.27417755126953,83.33333587646484,85.76666259765625,82.53333282470703,85.19999694824219,11381691
2016-04-29,76.51822662353516,83.5999984741211,84.53333282470703,82.0999984741211,83.33333587646484,6422227
2016-05-02,77.92168426513672,85.13333129882812,86.0,82.43333435058594,83.33333587646484,7625385
2016-05-03,75.93855285644531,82.96666717529297,86.46666717529297,82.5999984741211,85.66666412353516,7737865
2016-05-04,73.07064819335938,79.83333587646484,83.0999984741211,79.36666870117188,82.66666412353516,7796373
2016-05-05,74.90123748779297,81.83333587646484,82.33333587646484,79.66666412353516,79.93333435058594,7646020
2016-05-06,77.34199523925781,84.5,84.96666717529297,80.4000015258789,81.66666412353516,8198874
2016-05-09,77.64710235595703,84.83333587646484,85.93333435058594,83.73332977294922,84.83333587646484,7155321
2016-05-10,78.50135803222656,85.76666259765625,86.93333435058594,84.03333282470703,85.06666564941406,8571981
2016-05-11,77.0674057006836,84.19999694824219,85.33333587646484,83.33333587646484,84.43333435058594,6245035
2016-05-12,76.64027404785156,83.73332977294922,85.43333435058594,83.4000015258789,84.0,6009574
2016-05-13,74.90123748779297,81.83333587646484,84.0,81.66666412353516,83.46666717529297,5814828
2016-05-16,73.98593139648438,80.83333587646484,82.86666870117188,79.86666870117188,82.4000015258789,8357790
2016-05-17,73.83338165283203,80.66666412353516,82.19999694824219,80.4000015258789,81.80000305175781,6308229
2016-05-18,72.94860076904297,79.69999694824219,80.19999694824219,78.66666412353516,80.0,7804741
2016-05-19,72.76554870605469,79.5,81.30000305175781,79.0,80.13333129882812,9434119
2016-05-20,72.79605865478516,79.53333282470703,80.5,79.33333587646484,79.96666717529297,5363727
2016-05-23,72.46046447753906,79.16666412353516,80.16666412353516,78.73332977294922,80.0,4436086
2016-05-24,71.81977081298828,78.46666717529297,79.19999694824219,77.0999984741211,79.0,6575871
2016-05-25,74.77919006347656,81.69999694824219,82.03333282470703,79.26666259765625,79.36666870117188,9777909
2016-05-26,78.47085571289062,85.73332977294922,86.16666412353516,82.46666717529297,82.5,15536379
2016-05-27,78.16574096679688,85.4000015258789,88.13333129882812,84.4000015258789,86.0,15783897
2016-05-30,73.65032958984375,80.46666717529297,83.86666870117188,80.13333129882812,81.93333435058594,17527254
2016-05-31,73.52828979492188,80.33333587646484,82.19999694824219,79.66666412353516,80.66666412353516,12986740
2016-06-01,72.21637725830078,78.9000015258789,81.33333587646484,78.33333587646484,81.33333587646484,9900412
2016-06-02,73.25370788574219,80.03333282470703,80.33333587646484,78.03333282470703,79.0,8242699
2016-06-03,72.0028076171875,78.66666412353516,80.66666412353516,78.46666717529297,80.66666412353516,7426492
2016-06-06,72.0638198852539,78.73332977294922,79.5999984741211,78.0,78.93333435058594,7378348
2016-06-07,72.79605865478516,79.53333282470703,80.53333282470703,78.46666717529297,79.66666412353516,9357246
2016-06-08,74.07747650146484,80.93333435058594,81.66666412353516,79.16666412353516,79.5,9545574
2016-06-09,73.95543670654297,80.80000305175781,81.93333435058594,80.13333129882812,81.19999694824219,6161736
2016-06-10,75.51143646240234,82.5,84.33333587646484,81.30000305175781,81.33333587646484,19265191
2016-06-13,73.43675231933594,80.23332977294922,81.5,79.53333282470703,81.5,6798640
2016-06-14,74.07747650146484,80.93333435058594,81.26666259765625,80.19999694824219,80.53333282470703,7119642
2016-06-15,74.77919006347656,81.69999694824219,82.13333129882812,80.83333587646484,81.0999984741211,5016255
2016-06-16,74.07747650146484,80.93333435058594,81.80000305175781,79.86666870117188,81.33333587646484,4867209
2016-06-17,74.65715789794922,81.56666564941406,82.5999984741211,80.93333435058594,81.86666870117188,7991322
2016-06-20,75.60294342041016,82.5999984741211,83.16666412353516,80.19999694824219,80.5999984741211,7421814
2016-06-21,74.35205841064453,81.23332977294922,83.30000305175781,81.0,83.06666564941406,9309622
2016-06-22,74.8402099609375,81.76666259765625,82.13333129882812,81.0,81.4000015258789,5072823
2016-06-23,74.71817779541016,81.63333129882812,82.19999694824219,79.56666564941406,81.53333282470703,6407446
2016-06-24,72.15535736083984,78.83333587646484,79.86666870117188,75.83333587646484,79.86666870117188,12838987
2016-06-27,72.64351654052734,79.36666870117188,80.36666870117188,78.83333587646484,78.9000015258789,5555170
2016-06-28,72.5824966430664,79.30000305175781,80.33333587646484,79.06666564941406,79.76666259765625,6673680
2016-06-29,74.41307830810547,81.30000305175781,81.86666870117188,79.80000305175781,80.19999694824219,8887617
2016-06-30,77.92168426513672,85.13333129882812,85.46666717529297,82.13333129882812,82.56666564941406,19718140
2016-07-01,80.5760269165039,88.03333282470703,88.63333129882812,85.93333435058594,86.0,17473663
2016-07-04,84.23719024658203,92.03333282470705,92.46666717529295,88.83333587646484,88.83333587646484,18764431
2016-07-05,85.06094360351562,92.93333435058594,94.3000030517578,91.23332977294922,92.3000030517578,18408132
2016-07-07,85.39654541015625,93.3000030517578,94.63333129882812,92.9000015258789,93.16666412353516,9758058
2016-07-08,84.1456527709961,91.93333435058594,94.46666717529295,90.43333435058594,93.33333587646484,10241812
2016-07-11,84.93891906738281,92.8000030517578,94.53333282470705,92.33333587646484,93.33333587646484,4750768
2016-07-12,84.3897476196289,92.1999969482422,93.43333435058594,90.9000015258789,93.0,9527371
2016-07-13,86.34235382080078,94.33333587646484,98.0,92.66666412353516,92.66666412353516,19610497
2016-07-14,88.32549285888672,96.5,96.83333587646484,93.46666717529295,94.4000015258789,9982306
2016-07-15,87.0135726928711,95.06666564941406,97.03333282470705,94.66666412353516,96.5999984741211,6636229
2016-07-18,85.30500793457031,93.1999969482422,96.5999984741211,92.46666717529295,95.13333129882812,9359701
2016-07-19,85.30500793457031,93.1999969482422,93.83333587646484,91.36666870117188,92.9000015258789,9285730
2016-07-20,87.95936584472656,96.0999984741211,96.33333587646484,93.06666564941406,93.23332977294922,9200169
2016-07-21,85.48808288574219,93.4000015258789,96.5,92.4000015258789,96.5,7082847
2016-07-22,85.97624969482422,93.93333435058594,94.86666870117188,93.0,94.0,8267547
2016-07-25,89.8814697265625,98.1999969482422,98.86666870117188,93.73332977294922,94.0,10985235
2016-07-26,89.8814697265625,98.1999969482422,99.3000030517578,97.43333435058594,99.3000030517578,10088238
2016-07-27,90.91879272460938,99.33333587646484,100.83333587646484,97.46666717529295,97.96666717529295,15617938
2016-07-28,91.19338989257812,99.63333129882812,100.8000030517578,98.4000015258789,99.96666717529295,10836774
2016-07-29,89.02719116210938,97.26666259765624,99.26666259765624,96.66666412353516,98.66666412353516,11207770
2016-08-01,86.55591583251953,94.56666564941406,99.33333587646484,94.16666412353516,97.33333587646484,14019010
2016-08-02,84.60330200195312,92.43333435058594,96.0,92.0,94.93333435058594,8444331
2016-08-03,81.33877563476562,88.86666870117188,92.56666564941406,88.33333587646484,92.33333587646484,9234027
2016-08-04,81.70487976074219,89.26666259765625,90.5,88.13333129882812,90.0,9450058
2016-08-05,84.02362823486328,91.8000030517578,92.4000015258789,90.0,90.03333282470703,7854577
2016-08-08,85.51859283447266,93.43333435058594,94.56666564941406,90.8000030517578,92.66666412353516,11378592
2016-08-09,85.24400329589844,93.13333129882812,94.76666259765624,92.46666717529295,93.43333435058594,9328692
2016-08-10,83.1998519897461,90.9000015258789,94.03333282470705,90.66666412353516,93.33333587646484,8690398
2016-08-11,83.2303695678711,90.93333435058594,92.66666412353516,89.46666717529297,92.06666564941406,9147865
2016-08-12,84.51177978515625,92.33333587646484,93.06666564941406,91.56666564941406,91.93333435058594,7100220
2016-08-16,83.65750885009766,91.4000015258789,92.66666412353516,90.33333587646484,92.66666412353516,7352197
2016-08-17,83.96260070800781,91.73332977294922,92.46666717529295,91.0,91.33333587646484,4627923
2016-08-18,85.64063262939453,93.56666564941406,94.13333129882812,92.0,92.43333435058594,5837692
2016-08-19,86.64744567871094,94.66666412353516,95.1999969482422,93.43333435058594,93.96666717529295,5682876
2016-08-22,87.80682373046875,95.93333435058594,97.5999984741211,94.06666564941406,94.5999984741211,12614592
2016-08-23,83.53546905517578,91.26666259765624,95.63333129882812,90.5999984741211,95.63333129882812,14645764
2016-08-24,83.47444152832031,91.1999969482422,92.06666564941406,90.23332977294922,90.96666717529295,7631973
2016-08-25,85.97624969482422,93.93333435058594,94.66666412353516,90.86666870117188,91.0,19988074
2016-08-26,85.0914535522461,92.96666717529295,94.8000030517578,92.0,93.33333587646484,6649134
2016-08-29,86.00674438476562,93.96666717529295,94.33333587646484,91.76666259765624,92.83333587646484,5851561
2016-08-30,85.7626724243164,93.6999969482422,94.83333587646484,92.76666259765624,93.66666412353516,6517761
2016-08-31,84.87788391113281,92.73332977294922,94.43333435058594,92.0999984741211,93.4000015258789,7272975
2016-09-01,82.65068054199219,90.3000030517578,93.3000030517578,89.73332977294922,92.73332977294922,7598988
2016-09-02,83.04730987548828,90.73332977294922,91.26666259765624,89.5,89.5,7059571
2016-09-06,84.29818725585938,92.0999984741211,92.5999984741211,91.33333587646484,91.33333587646484,5642566
2016-09-07,97.41735076904295,106.43333435058594,107.6999969482422,89.36666870117188,91.96666717529295,118930660
2016-09-08,95.64779663085938,104.5,108.5999984741211,102.36666870117188,105.63333129882812,60723063
2016-09-09,94.0002670288086,102.6999969482422,104.5999984741211,102.0,103.36666870117188,18464658
2016-09-12,90.00352478027344,98.33333587646484,102.56666564941406,97.5,100.33333587646484,17585380
2016-09-14,89.54463195800781,97.56666564941406,99.63333129882812,96.46666717529295,98.66666412353516,16250269
2016-09-15,91.96144104003906,100.1999969482422,100.96666717529295,96.9000015258789,98.26666259765624,24745357
2016-09-16,89.7281723022461,97.76666259765624,102.1999969482422,97.06666564941406,101.96666717529295,20438254
2016-09-19,90.03411865234375,98.0999984741211,99.5999984741211,97.6999969482422,97.93333435058594,10170675
2016-09-20,89.1775131225586,97.16666412353516,98.86666870117188,96.83333587646484,98.33333587646484,15416650
2016-09-21,88.32091522216797,96.23332977294922,98.66666412353516,95.6999969482422,98.66666412353516,10698471
2016-09-22,90.00350952148438,98.06666564941406,98.53333282470705,97.06666564941406,97.66666412353516,9113542
2016-09-23,89.42225646972656,97.43333435058594,100.46666717529295,97.06666564941406,98.33333587646484,20409826
2016-09-26,87.37255096435547,95.1999969482422,97.83333587646484,94.86666870117188,97.33333587646484,12023686
2016-09-27,86.36299896240234,94.0999984741211,95.96666717529295,93.66666412353516,95.8000030517578,8866812
2016-09-28,88.04558563232422,95.93333435058594,96.46666717529295,93.86666870117188,94.63333129882812,8483836
2016-09-29,81.37638854980469,88.66666412353516,96.86666870117188,86.4000015258789,96.53333282470705,26473857
2016-09-30,82.41654205322266,89.80000305175781,90.23332977294922,87.93333435058594,88.66666412353516,11844472
2016-10-03,83.94618225097656,91.46666717529295,91.93333435058594,90.1999969482422,91.06666564941406,8956906
2016-10-04,84.43566131591797,92.0,92.73332977294922,91.13333129882812,92.66666412353516,7335136
2016-10-05,83.70143127441406,91.1999969482422,92.5999984741211,90.46666717529295,92.1999969482422,7569546
2016-10-06,83.27313995361328,90.73332977294922,93.33333587646484,90.53333282470705,91.76666259765624,13619655
2016-10-07,82.72247314453125,90.13333129882812,90.93333435058594,89.66666412353516,90.8000030517578,7844728
2016-10-10,82.56951141357422,89.96666717529297,91.06666564941406,89.5,90.8000030517578,5589574
2016-10-13,81.03988647460938,88.30000305175781,89.93333435058594,87.56666564941406,89.86666870117188,9390540
2016-10-14,81.31521606445312,88.5999984741211,89.30000305175781,88.0999984741211,88.66666412353516,6070750
2016-10-17,80.58098602294922,87.80000305175781,89.26666259765625,86.53333282470703,88.80000305175781,7761292
2016-10-18,83.33432006835938,90.8000030517578,91.33333587646484,88.26666259765625,88.53333282470703,11847322
2016-10-19,86.42417907714844,94.16666412353516,95.76666259765624,92.73332977294922,92.73332977294922,28025533
2016-10-20,86.9748306274414,94.76666259765624,95.26666259765624,93.83333587646484,94.83333587646484,8686419
2016-10-21,86.69952392578125,94.46666717529295,95.0999984741211,93.56666564941406,94.66666412353516,6939982
2016-10-24,86.42417907714844,94.16666412353516,95.13333129882812,94.0,94.93333435058594,5081389
2016-10-25,85.72054290771484,93.4000015258789,94.86666870117188,92.43333435058594,94.26666259765624,5834316
2016-10-26,85.23106384277344,92.86666870117188,94.53333282470705,92.5,93.16666412353516,7352385
2016-10-27,84.58861541748047,92.16666412353516,92.8000030517578,90.76666259765624,92.66666412353516,6893160
2016-10-28,85.01690673828125,92.63333129882812,93.3000030517578,92.06666564941406,92.33333587646484,6859747
2016-11-01,86.60773468017578,94.36666870117188,95.66666412353516,92.4000015258789,93.33333587646484,10602879
2016-11-02,83.82379150390625,91.33333587646484,93.26666259765624,91.0999984741211,93.16666412353516,7750207
2016-11-03,84.22149658203125,91.76666259765624,93.4000015258789,91.33333587646484,91.46666717529295,5589694
2016-11-04,82.41654205322266,89.80000305175781,92.5999984741211,89.0999984741211,92.23332977294922,7914966
2016-11-07,85.07809448242188,92.6999969482422,93.63333129882812,90.8000030517578,90.86666870117188,9815949
2016-11-08,87.6172866821289,95.46666717529295,97.86666870117188,93.6999969482422,94.0,35331114
2016-11-09,84.80278015136719,92.4000015258789,93.63333129882812,85.93333435058594,87.33333587646484,23347333
2016-11-10,86.05706787109375,93.76666259765624,95.86666870117188,92.73332977294922,94.53333282470705,13606837
2016-11-11,83.3037338256836,90.76666259765624,95.1999969482422,89.66666412353516,93.16666412353516,17816359
2016-11-15,81.83528137207031,89.16666412353516,92.0999984741211,88.06666564941406,90.76666259765624,9298560
2016-11-16,80.61157989501953,87.83333587646484,91.06666564941406,87.36666870117188,90.66666412353516,7470733
2016-11-17,81.5599594116211,88.86666870117188,90.36666870117188,87.73332977294922,89.33333587646484,12462207
2016-11-18,82.17179870605469,89.53333282470703,90.33333587646484,88.5,89.26666259765625,5015217
2016-11-21,78.8677978515625,85.93333435058594,90.16666412353516,84.23332977294922,90.0,12079720
2016-11-22,76.11445617675781,82.93333435058594,86.9000015258789,82.4000015258789,86.86666870117188,18710880
2016-11-23,76.54276275634766,83.4000015258789,84.23332977294922,81.66666412353516,83.46666717529297,13429614
2016-11-24,76.11445617675781,82.93333435058594,83.83333587646484,82.30000305175781,83.26666259765625,12446395
2016-11-25,77.55230712890625,84.5,85.0,83.13333129882812,83.4000015258789,7198387
2016-11-28,78.07239532470703,85.06666564941406,86.0,84.13333129882812,84.53333282470703,6200037
2016-11-29,79.05135345458984,86.13333129882812,86.96666717529297,85.30000305175781,85.83333587646484,7021126
2016-11-30,79.63261413574219,86.76666259765625,87.63333129882812,86.06666564941406,86.63333129882812,8705592
2016-12-01,78.77601623535156,85.83333587646484,87.46666717529297,85.43333435058594,87.06666564941406,4300866
2016-12-02,77.64410400390625,84.5999984741211,86.13333129882812,84.16666412353516,85.66666412353516,4751875
2016-12-05,78.71482849121094,85.76666259765625,86.23332977294922,83.73332977294922,84.46666717529297,5521509
2016-12-06,78.3782958984375,85.4000015258789,86.33333587646484,85.0,85.86666870117188,5483967
2016-12-07,78.07239532470703,85.06666564941406,86.13333129882812,84.26666259765625,85.93333435058594,5704443
2016-12-08,78.74542999267578,85.80000305175781,86.66666412353516,85.46666717529297,85.73332977294922,5204125
2016-12-09,78.95958709716797,86.03333282470703,86.96666717529297,85.66666412353516,86.43333435058594,5863581
2016-12-12,78.01119995117188,85.0,85.80000305175781,83.96666717529297,85.80000305175781,5306887
2016-12-13,76.75690460205078,83.63333129882812,84.80000305175781,83.43333435058594,84.69999694824219,5092387
2016-12-14,76.63452911376953,83.5,84.43333435058594,83.19999694824219,83.83333587646484,4311780
2016-12-15,76.69570922851562,83.56666564941406,84.46666717529297,82.5999984741211,82.66666412353516,4375378
2016-12-16,75.13549041748047,81.86666870117188,83.9000015258789,81.66666412353516,83.80000305175781,8088010
2016-12-19,74.37067413330078,81.03333282470703,82.26666259765625,80.69999694824219,82.0,7301883
2016-12-20,73.97298431396484,80.5999984741211,81.66666412353516,80.43333435058594,81.33333587646484,3939247
2016-12-21,73.91179656982422,80.53333282470703,81.46666717529297,80.36666870117188,80.80000305175781,3671200
2016-12-22,72.81046295166016,79.33333587646484,80.5999984741211,78.80000305175781,80.33333587646484,5460360
2016-12-23,72.81046295166016,79.33333587646484,80.5,79.03333282470703,79.23332977294922,5077795
2016-12-26,71.70912170410156,78.13333129882812,79.43333435058594,77.69999694824219,79.33333587646484,4476181
2016-12-27,72.96341705322266,79.5,79.80000305175781,77.4000015258789,78.19999694824219,3775044
2016-12-28,73.02459716796875,79.56666564941406,80.80000305175781,79.4000015258789,79.93333435058594,3709056
2016-12-29,72.65750122070312,79.16666412353516,80.26666259765625,78.93333435058594,79.36666870117188,7271137
2016-12-30,74.15653991699219,80.80000305175781,81.06666564941406,79.33333587646484,79.66666412353516,7527727
2017-01-02,74.9519271850586,81.66666412353516,82.19999694824219,80.46666717529297,80.80000305175781,4854928
2017-01-03,76.35919952392578,83.19999694824219,84.16666412353516,81.73332977294922,81.83333587646484,7784323
2017-01-04,77.76646423339844,84.73332977294922,85.30000305175781,83.36666870117188,83.36666870117188,9654199
2017-01-05,78.28653717041016,85.30000305175781,85.69999694824219,84.0999984741211,84.83333587646484,6064410
2017-01-06,77.33816528320312,84.26666259765625,85.66666412353516,84.06666564941406,84.93333435058594,6331767
2017-01-09,78.07239532470703,85.06666564941406,85.63333129882812,84.0,84.66666412353516,4324932
2017-01-10,78.47010803222656,85.5,86.13333129882812,85.13333129882812,85.13333129882812,3881938
2017-01-11,78.71482849121094,85.76666259765625,86.53333282470703,85.46666717529297,85.80000305175781,6456862
2017-01-12,78.28653717041016,85.30000305175781,86.0,84.0999984741211,86.0,7792162
2017-01-13,78.77601623535156,85.83333587646484,86.9000015258789,85.33333587646484,86.76666259765625,9113337
2017-01-16,78.62305450439453,85.66666412353516,86.0999984741211,85.16666412353516,86.0,4331106
2017-01-17,78.28653717041016,85.30000305175781,86.33333587646484,85.06666564941406,86.0,2993143
2017-01-18,81.00928497314453,88.26666259765625,89.4000015258789,85.5,85.69999694824219,17994367
2017-01-19,81.00928497314453,88.26666259765625,89.69999694824219,87.76666259765625,88.93333435058594,9107890
2017-01-20,78.95958709716797,86.03333282470703,88.63333129882812,85.66666412353516,87.86666870117188,4911199
2017-01-23,78.50067901611328,85.53333282470703,86.43333435058594,84.66666412353516,85.93333435058594,6029206
2017-01-24,80.61157989501953,87.83333587646484,88.26666259765625,85.80000305175781,85.80000305175781,11656417
2017-01-25,80.70335388183594,87.93333435058594,88.66666412353516,86.56666564941406,88.30000305175781,11634085
2017-01-27,85.41461181640625,93.06666564941406,94.8000030517578,88.5,88.5,24451939
2017-01-30,84.43566131591797,92.0,93.1999969482422,91.63333129882812,92.66666412353516,6311967
2017-01-31,83.8543930053711,91.36666870117188,94.06666564941406,90.8000030517578,92.0,10046563
2017-02-01,85.59817504882812,93.26666259765624,93.8000030517578,90.46666717529295,91.8000030517578,12535152
2017-02-02,85.04751586914062,92.66666412353516,94.0,91.8000030517578,93.36666870117188,8017710
2017-02-03,87.31136322021484,95.13333129882812,95.3000030517578,93.0,93.33333587646484,11166966
2017-02-06,88.13736724853516,96.03333282470705,97.06666564941406,94.8000030517578,95.96666717529295,12472383
2017-02-07,93.06277465820312,101.4000015258789,103.33333587646484,93.53333282470705,96.8000030517578,67639699
2017-02-08,95.60195922851562,104.16666412353516,104.76666259765624,100.0,100.93333435058594,37705536
2017-02-09,96.1832275390625,104.8000030517578,105.9000015258789,101.8000030517578,104.1999969482422,18916219
2017-02-10,96.67272186279295,105.33333587646484,106.4000015258789,104.23332977294922,105.06666564941406,12803560
2017-02-13,94.92893981933594,103.43333435058594,105.33333587646484,101.4000015258789,105.33333587646484,7280893
2017-02-14,96.80475616455078,104.93333435058594,105.3000030517578,102.46666717529295,103.26666259765624,8442933
2017-02-15,93.5451202392578,101.4000015258789,104.66666412353516,100.83333587646484,104.66666412353516,8150257
2017-02-16,94.31389617919922,102.23332977294922,102.6999969482422,99.0999984741211,101.33333587646484,8534797
2017-02-17,94.31389617919922,102.23332977294922,102.93333435058594,99.6999969482422,100.0,10324347
2017-02-20,94.37540435791016,102.3000030517578,103.23332977294922,101.4000015258789,102.0,5166156
2017-02-21,95.08268737792967,103.06666564941406,104.46666717529295,102.06666564941406,102.66666412353516,5097706
2017-02-22,94.89817810058594,102.86666870117188,105.26666259765624,102.5999984741211,103.93333435058594,9082795
2017-02-23,94.37540435791016,102.3000030517578,103.83333587646484,101.66666412353516,102.83333587646484,13964640
2017-02-27,93.97564697265624,101.86666870117188,103.26666259765624,101.23332977294922,102.0,4069939
2017-02-28,99.9106216430664,108.3000030517578,109.1999969482422,101.53333282470705,101.53333282470705,16553127
2017-03-01,98.5575714111328,106.83333587646484,109.53333282470705,106.4000015258789,108.66666412353516,11957178
2017-03-02,97.2967758178711,105.46666717529295,109.5,105.0999984741211,108.0,9601747
2017-03-03,97.26600646972656,105.43333435058594,106.93333435058594,103.86666870117188,104.63333129882812,9024568
2017-03-06,99.04959106445312,107.36666870117188,108.13333129882812,105.66666412353516,105.76666259765624,7208899
2017-03-07,98.49606323242188,106.76666259765624,109.56666564941406,106.3000030517578,108.0,10594942
2017-03-08,97.32750701904295,105.5,107.16666412353516,104.66666412353516,106.66666412353516,4652793
2017-03-09,96.86624908447266,105.0,106.43333435058594,104.26666259765624,104.6999969482422,4180287
2017-03-10,97.23526763916016,105.4000015258789,106.93333435058594,104.6999969482422,105.96666717529295,5041179
2017-03-14,99.23409271240234,107.56666564941406,109.66666412353516,106.73332977294922,108.63333129882812,11881774
2017-03-15,102.64746856689452,111.26666259765624,111.9000015258789,107.5999984741211,108.0,15997201
2017-03-16,103.84676361083984,112.56666564941406,112.93333435058594,111.5999984741211,111.9000015258789,8478933
2017-03-17,103.72376251220705,112.43333435058594,114.5,110.66666412353516,113.26666259765624,13448142
2017-03-20,105.10757446289062,113.93333435058594,114.43333435058594,111.83333587646484,112.4000015258789,8631736
2017-03-21,103.90827178955078,112.63333129882812,114.73332977294922,112.1999969482422,114.33333587646484,7534485
2017-03-22,102.00170135498048,110.56666564941406,111.6999969482422,109.76666259765624,111.5,6809808
2017-03-23,103.2932586669922,111.96666717529295,112.56666564941406,109.86666870117188,111.0,6659070
2017-03-24,102.73973083496094,111.36666870117188,113.16666412353516,111.03333282470705,112.0,4962666
2017-03-27,103.3239974975586,112.0,112.86666870117188,110.43333435058594,111.36666870117188,8456554
2017-03-28,103.66226959228516,112.36666870117188,113.26666259765624,111.76666259765624,111.9000015258789,4998507
2017-03-29,103.23175048828124,111.9000015258789,113.63333129882812,111.33333587646484,112.46666717529295,6558873
2017-03-30,101.1406707763672,109.63333129882812,112.43333435058594,109.1999969482422,112.13333129882812,23046645
2017-03-31,100.1566390991211,108.56666564941406,110.63333129882812,108.26666259765624,109.33333587646484,6990559
2017-04-03,102.67823028564452,111.3000030517578,111.86666870117188,108.83333587646484,109.0,5909323
2017-04-05,105.32282257080078,114.16666412353516,114.5999984741211,110.33333587646484,111.6999969482422,8307175
2017-04-06,110.15077209472656,119.4000015258789,119.96666717529295,113.73332977294922,114.0999984741211,26907577
2017-04-07,107.50616455078124,116.53333282470705,120.53333282470705,116.06666564941406,119.3000030517578,12116586
2017-04-10,107.44465637207033,116.46666717529295,118.43333435058594,115.6999969482422,116.5999984741211,7452910
2017-04-11,108.5209503173828,117.63333129882812,118.93333435058594,116.03333282470705,116.26666259765624,6743887
2017-04-12,107.56766510009766,116.5999984741211,118.5,114.6999969482422,117.63333129882812,5271327
2017-04-13,106.58362579345705,115.53333282470705,117.8000030517578,115.13333129882812,116.5999984741211,4926940
2017-04-17,106.21461486816406,115.13333129882812,116.53333282470705,114.73332977294922,115.23332977294922,3478483
2017-04-18,104.40029907226562,113.16666412353516,118.83333587646484,112.8000030517578,115.93333435058594,11183388
2017-04-19,107.04489135742188,116.03333282470705,116.53333282470705,111.73332977294922,114.0,7397221
2017-04-20,107.2601547241211,116.26666259765624,117.93333435058594,115.73332977294922,116.33333587646484,5183182
2017-04-21,107.7521743774414,116.8000030517578,118.5,114.86666870117188,116.6999969482422,7536420
2017-04-24,108.36720275878906,117.46666717529295,118.5999984741211,117.0,117.06666564941406,5157666
2017-04-25,109.41272735595705,118.5999984741211,121.83333587646484,117.4000015258789,118.0,18478690
2017-04-26,108.2749481201172,117.36666870117188,119.96666717529295,115.5999984741211,119.56666564941406,7330224
2017-04-27,108.36720275878906,117.46666717529295,118.53333282470705,116.06666564941406,117.0999984741211,7126728
2017-04-28,108.0596923828125,117.13333129882812,118.53333282470705,116.26666259765624,117.66666412353516,6140073
2017-05-02,107.93668365478516,117.0,118.33333587646484,116.0999984741211,117.76666259765624,3847897
2017-05-03,106.8911361694336,115.86666870117188,118.26666259765624,115.4000015258789,117.5999984741211,4945317
2017-05-04,107.4139175415039,116.43333435058594,117.1999969482422,114.96666717529295,116.66666412353516,4091970
2017-05-05,106.27611541748048,115.1999969482422,116.96666717529295,114.26666259765624,116.56666564941406,5883588
2017-05-08,108.02892303466795,117.0999984741211,118.13333129882812,113.9000015258789,115.1999969482422,6013983
2017-05-09,108.7669677734375,117.9000015258789,118.93333435058594,117.0,117.33333587646484,6193525
2017-05-10,108.92071533203124,118.06666564941406,119.33333587646484,117.23332977294922,118.06666564941406,6913107
2017-05-11,107.1063995361328,116.0999984741211,118.96666717529295,115.83333587646484,118.33333587646484,7419835
2017-05-12,105.10757446289062,113.93333435058594,116.53333282470705,113.5999984741211,116.1999969482422,6028240
2017-05-15,105.63034057617188,114.5,115.9000015258789,114.16666412353516,114.3000030517578,5625054
2017-05-16,104.830810546875,113.63333129882812,114.73332977294922,112.33333587646484,114.63333129882812,11055541
2017-05-17,104.92305755615234,113.73332977294922,115.33333587646484,113.33333587646484,113.76666259765624,5178474
2017-05-18,101.10991668701172,109.5999984741211,113.26666259765624,109.0,112.86666870117188,5943534
2017-05-19,100.89466094970705,109.36666870117188,112.0,108.06666564941406,111.1999969482422,6579072
2017-05-22,99.23409271240234,107.56666564941406,110.83333587646484,107.03333282470705,110.1999969482422,4803766
2017-05-23,95.8822250366211,103.93333435058594,107.93333435058594,103.06666564941406,107.9000015258789,7575574
2017-05-24,92.19207763671876,99.93333435058594,105.13333129882812,99.06666564941406,104.13333129882812,8309751
2017-05-25,93.51436614990234,101.36666870117188,102.4000015258789,99.76666259765624,100.9000015258789,7772850
2017-05-26,97.45052337646484,105.63333129882812,107.23332977294922,101.43333435058594,101.93333435058594,17286951
2017-05-29,94.31389617919922,102.23332977294922,106.93333435058594,101.86666870117188,106.53333282470705,14966164
2017-05-30,86.3493423461914,93.5999984741211,98.33333587646484,89.06666564941406,98.0,44568508
2017-05-31,84.99627685546875,92.13333129882812,94.66666412353516,91.76666259765624,93.46666717529295,13385181
2017-06-01,85.18080139160156,92.33333587646484,93.03333282470705,91.13333129882812,92.13333129882812,10159063
2017-06-02,86.41085052490234,93.66666412353516,94.96666717529295,92.26666259765624,93.06666564941406,11196010
2017-06-05,86.0110855102539,93.23332977294922,94.5999984741211,92.6999969482422,94.0999984741211,4861965
2017-06-06,85.30380249023438,92.46666717529295,93.66666412353516,92.03333282470705,93.1999969482422,8853085
2017-06-07,84.4427719116211,91.53333282470705,93.1999969482422,91.0999984741211,92.5999984741211,5422536
2017-06-08,85.18080139160156,92.33333587646484,92.86666870117188,91.66666412353516,92.0,5623272
2017-06-09,85.33455657958984,92.5,93.13333129882812,91.86666870117188,92.13333129882812,4851813
2017-06-12,85.51905059814453,92.6999969482422,93.5,91.0999984741211,91.33333587646484,9124711
2017-06-13,86.257080078125,93.5,94.13333129882812,92.83333587646484,92.96666717529295,7157097
2017-06-14,85.1500473022461,92.3000030517578,93.6999969482422,91.6999969482422,93.33333587646484,5666733
2017-06-15,85.5498046875,92.73332977294922,93.6999969482422,91.5999984741211,92.16666412353516,4776921
2017-06-16,85.05779266357422,92.1999969482422,93.8000030517578,91.93333435058594,92.9000015258789,4334370
2017-06-19,84.9347915649414,92.06666564941406,92.93333435058594,91.9000015258789,92.4000015258789,2624529
2017-06-20,84.75029754638672,91.86666870117188,92.53333282470705,91.5999984741211,92.33333587646484,2772757
2017-06-21,84.04301452636719,91.0999984741211,92.5,90.5,91.4000015258789,5898574
2017-06-22,84.35051727294922,91.43333435058594,92.43333435058594,90.96666717529295,91.16666412353516,4207764
2017-06-23,83.02821350097656,90.0,91.66666412353516,88.0999984741211,91.06666564941406,7565677
2017-06-27,82.6592025756836,89.5999984741211,90.36666870117188,87.19999694824219,90.03333282470703,6749808
2017-06-28,83.8277359008789,90.86666870117188,91.1999969482422,88.33333587646484,89.4000015258789,4590004
2017-06-29,83.3972396850586,90.4000015258789,92.66666412353516,90.0,90.93333435058594,6209550
2017-06-30,83.21270751953125,90.1999969482422,91.43333435058594,89.5999984741211,90.5999984741211,7544218
2017-07-03,83.33573150634766,90.33333587646484,91.1999969482422,89.80000305175781,90.43333435058594,4821132
2017-07-04,82.3516845703125,89.26666259765625,90.96666717529295,89.0,90.66666412353516,4199715
2017-07-05,82.4439468383789,89.36666870117188,89.80000305175781,88.76666259765625,89.66666412353516,4212100
2017-07-06,83.52023315429688,90.53333282470705,91.93333435058594,89.53333282470703,89.9000015258789,11124703
2017-07-07,83.02821350097656,90.0,90.56666564941406,89.5999984741211,90.23332977294922,3867748
2017-07-10,84.65803527832031,91.76666259765624,92.4000015258789,90.36666870117188,90.5,1473850
2017-07-11,85.94956970214844,93.16666412353516,94.86666870117188,91.93333435058594,92.0,15576577
2017-07-12,86.44158172607422,93.6999969482422,94.26666259765624,93.13333129882812,93.5999984741211,4331832
2017-07-13,87.64090728759766,95.0,95.5,93.93333435058594,94.13333129882812,7657572
2017-07-14,86.56461334228516,93.83333587646484,95.43333435058594,93.36666870117188,95.43333435058594,3928923
2017-07-17,86.81060791015625,94.0999984741211,94.5999984741211,93.33333587646484,93.76666259765624,3622629
2017-07-18,88.10216522216797,95.5,96.33333587646484,93.76666259765624,94.33333587646484,9808513
2017-07-19,89.30146026611328,96.8000030517578,97.1999969482422,95.6999969482422,96.5,7017780
2017-07-20,90.07024383544922,97.63333129882812,98.26666259765624,96.5,96.6999969482422,8059516
2017-07-21,89.17845153808594,96.66666412353516,98.0,95.4000015258789,97.93333435058594,3854904
2017-07-24,89.94723510742188,97.5,98.33333587646484,96.36666870117188,96.66666412353516,3254794
2017-07-25,89.57821655273438,97.0999984741211,97.96666717529295,96.8000030517578,97.5,3247836
2017-07-26,88.50192260742188,95.93333435058594,98.13333129882812,95.66666412353516,97.0,4778656
2017-07-27,87.51788330078125,94.86666870117188,96.93333435058594,94.43333435058594,96.16666412353516,10118001
2017-07-28,88.44042205810547,95.86666870117188,96.23332977294922,94.0,94.66666412353516,5046805
2017-07-31,89.23995208740234,96.73332977294922,97.0,96.0,96.33333587646484,3147286
2017-08-01,88.93244934082031,96.4000015258789,97.6999969482422,95.93333435058594,97.26666259765624,4165398
2017-08-02,86.84135437011719,94.13333129882812,96.66666412353516,93.43333435058594,96.36666870117188,5796372
2017-08-03,85.2730484008789,92.43333435058594,94.13333129882812,92.0,94.13333129882812,6711996
2017-08-04,84.41202545166016,91.5,92.83333587646484,90.66666412353516,92.46666717529295,5085193
2017-08-07,85.42681121826172,92.5999984741211,93.46666717529295,91.46666717529295,91.96666717529295,4066309
2017-08-08,82.81295776367188,89.76666259765625,93.0999984741211,89.36666870117188,92.8000030517578,7106557
2017-08-09,81.79816436767578,88.66666412353516,89.5999984741211,87.46666717529297,89.06666564941406,4121962
2017-08-10,77.95426940917969,84.5,90.13333129882812,82.66666412353516,88.69999694824219,25756357
2017-08-11,76.87798309326172,83.33333587646484,83.83333587646484,80.86666870117188,82.80000305175781,10608037
2017-08-14,77.769775390625,84.30000305175781,85.19999694824219,83.66666412353516,85.19999694824219,3426424
2017-08-16,79.92234802246094,86.63333129882812,87.0999984741211,83.4000015258789,84.66666412353516,7219839
2017-08-17,79.49182891845703,86.16666412353516,87.83333587646484,85.66666412353516,86.66666412353516,4944169
2017-08-18,79.89158630371094,86.5999984741211,86.93333435058594,84.43333435058594,85.83333587646484,5850735
2017-08-21,76.6319580078125,83.06666564941406,87.33333587646484,82.73332977294922,86.96666717529297,7723221
2017-08-22,77.27774047851562,83.76666259765625,84.46666717529297,82.5,83.33333587646484,7078437
2017-08-23,78.93629455566406,85.03333282470703,85.4000015258789,83.73332977294922,84.16666412353516,4399308
2017-08-24,78.56498718261719,84.63333129882812,85.63333129882812,83.86666870117188,85.30000305175781,4531413
2017-08-28,79.18385314941406,85.30000305175781,85.86666870117188,84.66666412353516,84.69999694824219,3212563
2017-08-29,78.50309753417969,84.56666564941406,85.80000305175781,84.23332977294922,84.96666717529297,3758487
2017-08-30,79.06006622314453,85.16666412353516,85.56666564941406,84.86666870117188,84.9000015258789,3687196
2017-08-31,79.77176666259766,85.93333435058594,86.16666412353516,84.9000015258789,85.33333587646484,4882923
2017-09-01,80.39063262939453,86.5999984741211,87.0,85.63333129882812,86.0,3429508
2017-09-04,81.16422271728516,87.43333435058594,88.56666564941406,86.4000015258789,87.33333587646484,6059532
2017-09-05,81.25704956054688,87.53333282470703,88.16666412353516,86.73332977294922,87.96666717529297,4267725
2017-09-06,80.91666412353516,87.16666412353516,87.9000015258789,86.56666564941406,87.19999694824219,3818409
2017-09-07,80.42158508300781,86.63333129882812,87.96666717529297,86.4000015258789,87.96666717529297,3603531
2017-09-08,78.96723175048828,85.06666564941406,87.16666412353516,84.69999694824219,86.13333129882812,4139704
2017-09-11,80.79290008544922,87.03333282470703,87.76666259765625,85.9000015258789,86.33333587646484,5114595
2017-09-12,81.62836456298828,87.93333435058594,88.46666717529297,87.4000015258789,87.5999984741211,4169077
2017-09-13,81.90685272216797,88.23332977294922,89.43333435058594,87.83333587646484,88.33333587646484,4057941
2017-09-14,84.6917495727539,91.23332977294922,97.23332977294922,88.26666259765625,88.26666259765625,86113077
2017-09-15,81.62836456298828,87.93333435058594,89.9000015258789,87.46666717529297,89.9000015258789,23947992
2017-09-18,82.43289184570312,88.80000305175781,90.03333282470703,88.4000015258789,90.0,7159164
2017-09-19,83.175537109375,89.5999984741211,90.53333282470705,88.19999694824219,89.13333129882812,6425874
2017-09-20,82.58760070800781,88.96666717529297,90.33333587646484,88.69999694824219,90.0,5811954
2017-09-21,81.96875,88.30000305175781,89.73332977294922,87.5,89.19999694824219,5776264
2017-09-22,80.2049789428711,86.4000015258789,87.96666717529297,86.0999984741211,87.86666870117188,7207782
2017-09-25,78.75064849853516,84.83333587646484,86.66666412353516,84.06666564941406,86.33333587646484,6291607
2017-09-26,79.06006622314453,85.16666412353516,86.30000305175781,84.9000015258789,86.0,7188978
2017-09-27,77.14159393310547,83.0999984741211,86.26666259765625,82.66666412353516,86.26666259765625,8083396
2017-09-28,76.72386932373047,82.6500015258789,85.0,82.0999984741211,82.80000305175781,7485623
2017-09-29,77.93062591552734,83.94999694824219,84.9000015258789,83.05000305175781,84.0,5980863
2017-10-03,77.14159393310547,83.0999984741211,85.25,82.69999694824219,85.25,4545441
2017-10-04,77.23442077636719,83.19999694824219,83.75,82.5,83.25,3121884
2017-10-05,77.65216827392578,83.6500015258789,84.0,83.1500015258789,83.5,2205126
2017-10-06,78.9981918334961,85.0999984741211,85.3499984741211,83.75,84.0,4338548
2017-10-09,80.11215209960938,86.30000305175781,86.94999694824219,84.30000305175781,85.0,5049038
2017-10-10,80.5298843383789,86.75,87.19999694824219,85.69999694824219,86.80000305175781,3132557
2017-10-11,78.90535736083984,85.0,87.25,83.94999694824219,87.0999984741211,5127079
2017-10-12,78.34838104248047,84.4000015258789,85.25,83.69999694824219,85.19999694824219,3875729
2017-10-13,78.20914459228516,84.25,85.5,84.05000305175781,85.5,3253847
2017-10-16,78.02347564697266,84.05000305175781,84.8499984741211,83.69999694824219,84.5,2828456
2017-10-17,78.20914459228516,84.25,84.80000305175781,83.5,84.4000015258789,2866692
2017-10-18,78.67328643798828,84.75,85.4000015258789,83.6500015258789,84.5,4217801
2017-10-19,78.53404235839844,84.5999984741211,85.5,84.1500015258789,85.0,771136
2017-10-23,80.5298843383789,86.75,88.9000015258789,83.9000015258789,85.25,14098006
2017-10-24,81.87591552734375,88.19999694824219,88.69999694824219,85.80000305175781,87.25,14512994
2017-10-25,84.19664764404297,90.6999969482422,91.75,88.3499984741211,89.05000305175781,10997079
2017-10-26,89.62721252441406,96.5500030517578,101.3000030517578,91.3499984741211,91.4000015258789,45379418
2017-10-27,88.32759857177734,95.1500015258789,98.1999969482422,94.3000030517578,97.0,12344033
2017-10-30,88.97740173339844,95.8499984741211,97.4000015258789,94.0999984741211,95.5,11234983
2017-10-31,90.97323608398438,98.0,99.0,95.5,96.3499984741211,14261097
2017-11-01,91.80870819091795,98.9000015258789,99.9000015258789,98.0,98.5999984741211,9643841
2017-11-02,90.64833068847656,97.6500015258789,99.0500030517578,95.5,98.5,12103698
2017-11-03,92.82984161376952,100.0,101.5,96.6500015258789,96.6999969482422,28837677
2017-11-06,91.90154266357422,99.0,100.8499984741211,98.0999984741211,100.5,12966904
2017-11-07,86.51741027832031,93.1999969482422,100.6999969482422,92.3000030517578,100.0500030517578,39300782
2017-11-08,83.54684448242188,90.0,92.5,89.55000305175781,90.5999984741211,21569596
2017-11-09,85.49627685546875,92.0999984741211,92.8499984741211,90.0,90.3000030517578,7940660
2017-11-10,85.86759185791016,92.5,93.1999969482422,91.0999984741211,92.0,5931600
2017-11-13,82.98986053466797,89.4000015258789,92.9499969482422,89.0,92.6999969482422,6143788
2017-11-14,84.61439514160156,91.1500015258789,91.5500030517578,88.55000305175781,89.0999984741211,12007432
2017-11-15,81.96875,88.30000305175781,90.5500030517578,87.44999694824219,89.25,10250659
2017-11-16,81.45818328857422,87.75,89.0999984741211,86.6500015258789,88.25,6285347
2017-11-17,81.5510025024414,87.8499984741211,89.9000015258789,87.3499984741211,89.9000015258789,6686745
2017-11-20,80.99402618408203,87.25,87.9000015258789,86.75,87.69999694824219,4616995
2017-11-21,81.17967987060547,87.44999694824219,88.69999694824219,87.19999694824219,87.5999984741211,6701671
2017-11-22,82.29364776611328,88.6500015258789,89.1500015258789,85.8499984741211,87.80000305175781,15151286
2017-11-23,86.1925048828125,92.8499984741211,94.1999969482422,88.4000015258789,89.5999984741211,27536643
2017-11-24,85.68193817138672,92.3000030517578,93.9499969482422,92.0,93.5500030517578,13964675
2017-11-27,85.49627685546875,92.0999984741211,93.0,91.0500030517578,91.9499969482422,6737532
2017-11-28,87.3528823852539,94.0999984741211,94.5999984741211,92.0,92.5,9738586
2017-11-29,86.88872528076172,93.5999984741211,95.0,92.75,94.5,11521114
2017-11-30,85.40345001220703,92.0,93.4000015258789,91.5,93.0,10185899
2017-12-01,84.56797790527344,91.0999984741211,93.3000030517578,90.5999984741211,92.5,7141836
2017-12-04,84.24307250976562,90.75,91.75,89.5,91.5,4427516
2017-12-05,83.68609619140625,90.1500015258789,90.5,88.5,90.0,4947369
2017-12-06,83.8253402709961,90.3000030517578,92.0999984741211,89.69999694824219,89.9000015258789,7338188
2017-12-07,84.9857177734375,91.5500030517578,91.9499969482422,90.75,91.0,7280761
2017-12-08,85.49627685546875,92.0999984741211,93.9000015258789,91.75,92.4499969482422,11543563
2017-12-11,85.17137145996094,91.75,92.6999969482422,91.5,92.6999969482422,3688196
2017-12-12,85.12496185302734,91.6999969482422,92.5,91.1999969482422,91.6999969482422,5212388
2017-12-13,83.175537109375,89.5999984741211,92.1500015258789,89.0999984741211,91.1999969482422,4287554
2017-12-14,83.175537109375,89.5999984741211,90.3000030517578,88.19999694824219,90.0,4987301
2017-12-15,83.45403289794922,89.9000015258789,91.75,89.30000305175781,91.0,10284569
2017-12-18,82.85063171386719,89.25,90.3499984741211,86.75,89.4000015258789,9937570
2017-12-19,83.59326934814453,90.05000305175781,90.75,89.69999694824219,89.9000015258789,8647185
2017-12-20,83.68609619140625,90.1500015258789,91.1500015258789,89.9000015258789,90.3499984741211,7508973
2017-12-21,84.84647369384766,91.4000015258789,92.4499969482422,90.0999984741211,90.1999969482422,14417710
2017-12-22,85.58910369873047,92.1999969482422,93.4000015258789,91.6999969482422,92.0500030517578,11112286
2017-12-26,86.33174133300781,93.0,94.0500030517578,92.6999969482422,93.8000030517578,10129145
2017-12-27,86.00685119628906,92.6500015258789,94.5,92.1500015258789,93.0,12294330
2017-12-28,85.54269409179688,92.1500015258789,93.3000030517578,91.8000030517578,93.0,5915154
2017-12-29,85.86759185791016,92.5,93.5999984741211,92.25,92.5,5837814
2018-01-01,88.32759857177734,95.1500015258789,96.4000015258789,92.5999984741211,92.6500015258789,14221778
2018-01-02,91.15889739990234,98.1999969482422,98.6999969482422,94.1999969482422,96.75,23565569
2018-01-03,91.48380279541016,98.5500030517578,99.6999969482422,97.8000030517578,99.1999969482422,13637110
2018-01-04,93.52605438232422,100.75,101.0,98.1500015258789,98.8499984741211,14450624
2018-01-05,95.0113296508789,102.3499984741211,103.5,101.0500030517578,101.0500030517578,19274135
2018-01-08,94.6400146484375,101.9499969482422,103.3499984741211,101.5,103.1500015258789,5822499
2018-01-09,93.85095977783205,101.0999984741211,102.4499969482422,99.3000030517578,102.25,6319831
2018-01-10,96.35736846923828,103.8000030517578,104.9499969482422,100.5999984741211,101.0999984741211,15393638
2018-01-11,96.07888793945312,103.5,104.0999984741211,102.5500030517578,103.6999969482422,5567140
2018-01-12,95.33624267578124,102.6999969482422,105.5999984741211,101.5999984741211,104.0,11196848
2018-01-15,94.17584991455078,101.4499969482422,104.1999969482422,101.0500030517578,103.0,5305858
2018-01-16,91.90154266357422,99.0,102.1999969482422,97.6999969482422,101.5999984741211,9669560
2018-01-17,92.73700714111328,99.9000015258789,100.3000030517578,95.5999984741211,98.3000030517578,12263755
2018-01-18,90.46266174316406,97.4499969482422,101.0500030517578,95.8499984741211,100.3000030517578,9461595
2018-01-19,90.55550384521484,97.5500030517578,98.4000015258789,96.1999969482422,97.0,4371119
2018-01-22,97.05360412597656,104.5500030517578,105.5999984741211,97.4000015258789,98.0999984741211,19820608
2018-01-23,96.96076965332033,104.4499969482422,107.9499969482422,103.4000015258789,106.6999969482422,20713446
2018-01-24,96.68228149414062,104.1500015258789,106.9499969482422,102.1500015258789,104.0,11030400
2018-01-25,95.61473083496094,103.0,106.5,102.3000030517578,104.0,21320475
2018-01-29,94.5936050415039,101.9000015258789,104.1500015258789,100.6500015258789,103.4499969482422,8267296
2018-01-30,94.31510925292967,101.5999984741211,103.0999984741211,100.1500015258789,102.1999969482422,6760018
2018-01-31,93.01548767089844,100.1999969482422,103.5999984741211,99.0999984741211,101.3499984741211,12559349
2018-02-01,93.1547393798828,100.3499984741211,102.0500030517578,97.1500015258789,100.5,10520230
2018-02-02,86.79588317871094,93.5,99.25,91.5500030517578,99.1500015258789,12197761
2018-02-05,88.04908752441406,94.8499984741211,95.5,89.4000015258789,92.0,10260198
2018-02-06,85.86759185791016,92.5,93.5,88.19999694824219,90.5,9712898
2018-02-07,87.49211120605469,94.25,95.0,93.0500030517578,94.1500015258789,10329147
2018-02-08,88.32759857177734,95.1500015258789,98.75,94.25,95.4000015258789,22688194
2018-02-09,87.63136291503906,94.4000015258789,95.25,92.0,92.25,8587666
2018-02-12,90.5090789794922,97.5,98.25,95.0,95.0999984741211,9746825
2018-02-14,90.833984375,97.8499984741211,99.25,97.4000015258789,98.3000030517578,7781773
2018-02-15,88.58771514892578,94.6500015258789,98.3499984741211,94.0999984741211,98.1500015258789,5627414
2018-02-16,88.2601318359375,94.3000030517578,96.3499984741211,93.75,95.5999984741211,6881218
2018-02-19,87.23058319091797,93.1999969482422,95.0999984741211,92.25,94.8499984741211,5548339
2018-02-20,87.09019470214844,93.0500030517578,94.6999969482422,92.5500030517578,93.1500015258789,5526504
2018-02-21,85.82666015625,91.6999969482422,93.9499969482422,90.9000015258789,93.5,6127936
2018-02-22,85.40548706054688,91.25,92.5,90.9000015258789,91.4499969482422,7325803
2018-02-23,86.9498062133789,92.9000015258789,93.8499984741211,91.5,92.0,5903091
2018-02-26,87.3709716796875,93.3499984741211,94.5,93.0,93.4000015258789,5571950
2018-02-27,85.49908447265625,91.3499984741211,94.1500015258789,91.0,93.5,6008686
2018-02-28,84.14195251464844,89.9000015258789,91.4499969482422,89.5,90.9000015258789,9655809
2018-03-01,84.89070129394531,90.6999969482422,91.8000030517578,90.1999969482422,90.8499984741211,6768063
2018-03-05,84.60991668701172,90.4000015258789,91.3000030517578,89.69999694824219,90.5999984741211,4722003
2018-03-06,82.55083465576172,88.19999694824219,91.75,87.80000305175781,91.0,5104528
2018-03-07,79.97695922851562,85.44999694824219,89.19999694824219,85.19999694824219,88.19999694824219,7637799
2018-03-08,80.58534240722656,86.0999984741211,86.75,83.6500015258789,85.80000305175781,6710709
2018-03-09,80.63214111328125,86.1500015258789,88.55000305175781,85.30000305175781,86.5,9925102
2018-03-12,81.38088989257812,86.94999694824219,87.05000305175781,84.9000015258789,87.0,9123597
2018-03-13,81.33409118652344,86.9000015258789,87.80000305175781,86.30000305175781,86.9000015258789,8051617
2018-03-14,80.959716796875,86.5,87.80000305175781,85.55000305175781,86.5,8837035
2018-03-15,81.47449493408203,87.05000305175781,87.75,86.5,86.5,5919232
2018-03-16,80.86611938476562,86.4000015258789,88.6500015258789,85.5999984741211,87.0,10466068
2018-03-19,78.38584899902344,83.75,86.9000015258789,83.4000015258789,86.9000015258789,6406121
2018-03-20,78.71342468261719,84.0999984741211,84.6500015258789,83.0999984741211,83.5,4103288
2018-03-21,77.7306900024414,83.05000305175781,84.8499984741211,82.44999694824219,84.44999694824219,6618739
2018-03-22,76.18635559082031,81.4000015258789,83.44999694824219,81.19999694824219,83.4000015258789,6440184
2018-03-23,76.18635559082031,81.4000015258789,82.0,79.8499984741211,80.05000305175781,6338328
2018-03-26,76.98194122314453,82.25,82.55000305175781,80.6500015258789,81.9000015258789,5569982
2018-03-27,77.49669647216797,82.80000305175781,83.25,81.75,83.0,5473439
2018-03-28,76.13957214355469,81.3499984741211,82.6500015258789,80.9000015258789,82.4000015258789,5314016
2018-04-02,77.16909790039062,82.44999694824219,82.8499984741211,81.55000305175781,82.0999984741211,5985693
2018-04-03,80.21094512939453,85.69999694824219,86.1500015258789,82.30000305175781,82.5,7649561
2018-04-04,79.69617462158203,85.1500015258789,87.5999984741211,84.69999694824219,85.6500015258789,10485067
2018-04-05,81.61488342285156,87.19999694824219,87.5999984741211,86.30000305175781,86.5,5368585
2018-04-06,81.98926544189453,87.5999984741211,88.0,86.19999694824219,87.3499984741211,3637880
2018-04-09,82.83161926269531,88.5,89.30000305175781,87.3499984741211,87.55000305175781,6272615
2018-04-10,83.25279235839844,88.94999694824219,89.0999984741211,87.6500015258789,88.5999984741211,3649228
2018-04-11,84.79711151123047,90.5999984741211,91.0,88.4000015258789,88.80000305175781,7215318
2018-04-12,83.53358459472656,89.25,91.1500015258789,88.9000015258789,90.8499984741211,3665255
2018-04-13,82.55083465576172,88.19999694824219,89.80000305175781,87.94999694824219,89.5,2812919
2018-04-16,82.7848129272461,88.44999694824219,88.69999694824219,86.8499984741211,88.0,2292212
2018-04-17,82.50404357910156,88.1500015258789,89.25,87.6500015258789,88.9000015258789,2758598
2018-04-18,82.22325134277344,87.8499984741211,88.94999694824219,87.4000015258789,88.44999694824219,2178827
2018-04-19,82.7848129272461,88.44999694824219,88.94999694824219,87.05000305175781,88.0999984741211,2755814
2018-04-20,83.62716674804688,89.3499984741211,90.1999969482422,88.0,88.0,5246399
2018-04-23,83.58036804199219,89.30000305175781,90.4499969482422,89.05000305175781,89.6500015258789,3518684
2018-04-24,82.69122314453125,88.3499984741211,90.0999984741211,88.0,89.0,3858977
2018-04-25,80.30455780029297,85.80000305175781,88.69999694824219,85.05000305175781,88.30000305175781,3114416
2018-04-26,80.8193130493164,86.3499984741211,87.25,84.5,85.19999694824219,8861347
2018-04-27,81.28730010986328,86.8499984741211,87.25,86.19999694824219,86.44999694824219,3181023
2018-04-30,82.17644500732422,87.80000305175781,88.5999984741211,87.0999984741211,87.0999984741211,2236471
2018-05-02,82.22325134277344,87.8499984741211,89.5,87.3499984741211,89.19999694824219,5551848
2018-05-03,80.07056427001953,85.55000305175781,88.30000305175781,85.25,87.0,3633182
2018-05-04,78.85382843017578,84.25,85.75,83.8499984741211,85.55000305175781,2669546
2018-05-07,78.94741821289062,84.3499984741211,84.94999694824219,83.4000015258789,84.5,2720386
2018-05-08,77.96467590332031,83.30000305175781,84.9000015258789,82.6500015258789,84.55000305175781,5198731
2018-05-09,78.2454605102539,83.5999984741211,84.6500015258789,83.25,83.5999984741211,2871177
2018-05-10,75.43761444091797,80.5999984741211,84.3499984741211,80.05000305175781,83.80000305175781,9908099
2018-05-11,75.48440551757812,80.6500015258789,82.1500015258789,80.30000305175781,81.1500015258789,7155264
2018-05-14,72.77014923095703,77.75,81.25,77.55000305175781,80.6500015258789,5204961
2018-05-15,73.09773254394531,78.0999984741211,81.4000015258789,77.75,78.4000015258789,7839753
2018-05-16,74.22088623046875,79.30000305175781,79.8499984741211,76.5999984741211,77.5,4031284
2018-05-17,74.17407989501953,79.25,80.9000015258789,78.9000015258789,79.8499984741211,7601441
2018-05-18,71.50662994384766,76.4000015258789,79.6500015258789,76.0,79.44999694824219,3786274
2018-05-21,70.24308013916016,75.05000305175781,76.80000305175781,74.6500015258789,76.44999694824219,3693657
2018-05-22,71.17903900146484,76.05000305175781,76.75,75.0999984741211,75.0999984741211,3384044
2018-05-23,70.47708129882812,75.30000305175781,76.5999984741211,75.0999984741211,76.0999984741211,2520715
2018-05-24,70.05589294433594,74.8499984741211,75.94999694824219,73.69999694824219,75.69999694824219,3612011
2018-05-25,70.24308013916016,75.05000305175781,75.6500015258789,74.55000305175781,75.19999694824219,3855315
2018-05-28,74.17407989501953,79.25,79.5999984741211,75.30000305175781,75.30000305175781,7542068
2018-05-29,78.10506439208984,83.44999694824219,86.8499984741211,79.55000305175781,79.8499984741211,63943559
2018-05-30,77.68389129638672,83.0,86.0999984741211,80.19999694824219,81.69999694824219,36540757
2018-05-31,78.29226684570312,83.6500015258789,84.94999694824219,82.3499984741211,83.4000015258789,16494380
2018-06-01,75.20362091064453,80.3499984741211,83.55000305175781,80.0,83.55000305175781,9306243
2018-06-04,70.4302749633789,75.25,80.9000015258789,74.69999694824219,80.5,14237353
2018-06-05,68.46477508544922,73.1500015258789,75.30000305175781,72.6500015258789,75.25,12195205
2018-06-06,69.8218994140625,74.5999984741211,75.0999984741211,73.0,73.0,8982847
2018-06-07,71.45982360839844,76.3499984741211,76.5,75.0,75.05000305175781,6290061
2018-06-08,72.58296203613281,77.55000305175781,77.9000015258789,75.25,76.0999984741211,7174973
2018-06-11,72.4893569946289,77.44999694824219,78.75,77.0999984741211,78.0999984741211,5338391
2018-06-12,73.28492736816406,78.30000305175781,78.69999694824219,76.5,77.30000305175781,5710082
2018-06-13,73.05094146728516,78.05000305175781,79.5,77.80000305175781,78.8499984741211,5538985
2018-06-14,71.13223266601562,76.0,78.0,75.6500015258789,78.0,6087770
2018-06-15,70.336669921875,75.1500015258789,76.80000305175781,74.5,75.94999694824219,6690135
2018-06-18,71.08541870117188,75.94999694824219,76.44999694824219,73.8499984741211,75.0,5643821
2018-06-19,69.63471984863281,74.4000015258789,76.44999694824219,74.05000305175781,75.5999984741211,6199993
2018-06-20,70.10269165039062,74.9000015258789,75.5,74.0999984741211,74.75,5077061
2018-06-21,70.6174545288086,75.44999694824219,76.6500015258789,75.0,75.6500015258789,8314390
2018-06-22,70.1962890625,75.0,75.5,74.19999694824219,75.0999984741211,4637036
2018-06-25,68.65196990966797,73.3499984741211,75.4000015258789,73.05000305175781,75.0,6350796
2018-06-26,68.5583724975586,73.25,73.9000015258789,72.69999694824219,73.3499984741211,4605005
2018-06-27,66.45247650146484,71.0,73.75,70.44999694824219,73.4000015258789,6965052
2018-06-28,65.28254699707031,69.75,71.94999694824219,69.0999984741211,70.9000015258789,8756324
2018-06-29,67.15445709228516,71.75,72.3499984741211,70.55000305175781,71.05000305175781,10374286
2018-07-02,66.63966369628906,71.19999694824219,72.4000015258789,70.19999694824219,72.0,4014364
2018-07-03,65.51652526855469,70.0,70.94999694824219,69.44999694824219,70.94999694824219,5861611
2018-07-04,64.76777648925781,69.19999694824219,70.4000015258789,68.55000305175781,70.0,5266760
2018-07-05,63.45744705200195,67.80000305175781,69.25,67.5999984741211,69.0999984741211,6354035
2018-07-06,65.8441162109375,70.3499984741211,71.1500015258789,67.9000015258789,68.0,8393741
2018-07-09,65.6101303100586,70.0999984741211,71.30000305175781,69.6500015258789,70.94999694824219,4641051
2018-07-10,66.96725463867188,71.55000305175781,71.9000015258789,70.25,70.4000015258789,4466996
2018-07-11,66.31210327148438,70.8499984741211,72.5,70.3499984741211,71.4000015258789,5264754
2018-07-12,64.81455993652344,69.25,71.75,68.75,71.30000305175781,5791016
2018-07-13,62.84906768798828,67.1500015258789,69.5999984741211,66.8499984741211,69.55000305175781,6688598
2018-07-16,60.8367805480957,65.0,67.25,64.5999984741211,67.1500015258789,5498218
2018-07-17,63.6914291381836,68.05000305175781,68.30000305175781,64.44999694824219,65.5,7675970
2018-07-18,62.28750991821289,66.55000305175781,68.55000305175781,65.25,68.0999984741211,5743139
2018-07-19,61.913124084472656,66.1500015258789,67.75,65.44999694824219,66.94999694824219,4872954
2018-07-20,63.1766471862793,67.5,68.19999694824219,65.9000015258789,66.30000305175781,5073743
2018-07-23,65.0485610961914,69.5,69.9000015258789,67.05000305175781,67.75,5048661
2018-07-24,68.74555969238281,73.44999694824219,73.9000015258789,69.30000305175781,69.55000305175781,14241131
2018-07-25,67.06085205078125,71.6500015258789,78.3499984741211,70.80000305175781,73.94999694824219,47859275
2018-07-26,66.17169189453125,70.69999694824219,72.4000015258789,70.30000305175781,71.94999694824219,13088082
2018-07-27,66.59288024902344,71.1500015258789,72.0999984741211,70.5,71.0,5959511
2018-07-30,68.60517120361328,73.30000305175781,73.5999984741211,71.25,71.4000015258789,9169279
2018-07-31,69.30713653564453,74.05000305175781,74.5,72.55000305175781,73.5,9110753
2018-08-01,68.83915710449219,73.55000305175781,74.6500015258789,72.80000305175781,74.30000305175781,7218091
2018-08-02,68.97954559326172,73.69999694824219,74.69999694824219,72.75,73.44999694824219,5908968
2018-08-03,69.26033782958984,74.0,74.5999984741211,73.6500015258789,74.0,4949479
2018-08-06,70.24308013916016,75.05000305175781,75.8499984741211,74.25,74.30000305175781,6672395
2018-08-07,68.74555969238281,73.44999694824219,75.44999694824219,72.69999694824219,75.44999694824219,5762915
2018-08-08,68.83915710449219,73.55000305175781,74.30000305175781,72.80000305175781,73.44999694824219,3694645
2018-08-09,69.7282943725586,74.5,75.0999984741211,73.19999694824219,73.55000305175781,3849977
2018-08-10,68.51156616210938,73.19999694824219,74.9000015258789,72.55000305175781,74.5,3550580
2018-08-13,67.95000457763672,72.5999984741211,73.75,72.0,72.80000305175781,3555510
2018-08-14,67.62242126464844,72.25,73.1500015258789,71.94999694824219,72.9000015258789,2812094
2018-08-16,67.95000457763672,72.5999984741211,73.69999694824219,71.69999694824219,72.0,4576252
2018-08-17,69.11994171142578,73.8499984741211,74.5999984741211,72.69999694824219,73.0,5001845
2018-08-20,70.1962890625,75.0,75.4000015258789,74.4000015258789,74.5999984741211,4923730
2018-08-21,70.66425323486328,75.5,76.5,75.0999984741211,75.5,5001773
2018-08-23,69.166748046875,73.9000015258789,75.9000015258789,73.30000305175781,75.30000305175781,4221464
2018-08-24,75.06322479248047,80.19999694824219,80.80000305175781,73.1500015258789,73.9000015258789,31797538
2018-08-27,74.82923126220703,79.94999694824219,81.25,79.05000305175781,80.94999694824219,13621490
2018-08-28,72.72335052490234,77.69999694824219,80.75,76.55000305175781,80.0999984741211,10860282
2018-08-29,75.48440551757812,80.6500015258789,82.6500015258789,77.0,77.6500015258789,20108730
2018-08-30,75.67160034179688,80.8499984741211,81.9000015258789,80.0,80.5999984741211,9498914
2018-08-31,75.43761444091797,80.5999984741211,82.19999694824219,79.0999984741211,81.19999694824219,8388264
2018-09-03,76.5139389038086,81.75,82.9000015258789,80.80000305175781,81.0,9935832
2018-09-04,73.6593017578125,78.69999694824219,81.9000015258789,77.30000305175781,81.8499984741211,8166498
2018-09-05,73.8932876586914,78.94999694824219,80.30000305175781,75.3499984741211,78.5,13213861
2018-09-06,76.18635559082031,81.4000015258789,82.3499984741211,78.69999694824219,80.1500015258789,11046623
2018-09-07,74.2676773071289,79.3499984741211,83.30000305175781,78.30000305175781,81.4000015258789,14671712
2018-09-10,72.77014923095703,77.75,79.94999694824219,77.30000305175781,79.0,6815427
2018-09-11,73.12105560302734,77.0999984741211,78.4000015258789,76.05000305175781,77.3499984741211,10091442
2018-09-12,71.2242660522461,75.0999984741211,77.69999694824219,74.80000305175781,77.0999984741211,9414455
2018-09-14,73.0736312866211,77.05000305175781,78.19999694824219,75.55000305175781,75.55000305175781,10398967
2018-09-17,72.22007751464844,76.1500015258789,76.80000305175781,75.5999984741211,76.80000305175781,3755063
2018-09-18,70.03877258300781,73.8499984741211,76.75,72.80000305175781,76.25,8685643
2018-09-19,70.98717498779297,74.8499984741211,75.4000015258789,73.8499984741211,75.0,6108676
2018-09-21,67.81006622314453,71.5,76.0,67.5,76.0,11280098
2018-09-24,66.9090805053711,70.55000305175781,72.5,69.5,72.5,4974635
2018-09-25,67.95231628417969,71.6500015258789,72.69999694824219,69.4000015258789,70.0,7388125
2018-09-26,68.42652130126953,72.1500015258789,72.8499984741211,71.75,72.0,3739806
2018-09-27,67.43070220947266,71.0999984741211,73.0,69.80000305175781,72.19999694824219,7884479
2018-09-28,64.96488952636719,68.5,71.44999694824219,67.75,71.19999694824219,7062306
2018-10-01,67.43070220947266,71.0999984741211,71.44999694824219,66.3499984741211,68.4000015258789,7191129
2018-10-03,69.70684814453125,73.5,76.3499984741211,70.5999984741211,71.9000015258789,16456814
2018-10-04,69.70684814453125,73.5,74.9000015258789,72.0999984741211,72.44999694824219,10444564
2018-10-05,66.76681518554688,70.4000015258789,74.0,69.75,72.80000305175781,9385085
2018-10-08,66.00811767578125,69.5999984741211,71.0,67.94999694824219,69.94999694824219,9132523
2018-10-09,66.62456512451172,70.25,71.5,68.0999984741211,69.75,7821977
2018-10-10,70.32330322265625,74.1500015258789,74.6500015258789,70.5,70.9000015258789,7848645
2018-10-11,69.51716613769531,73.30000305175781,74.9000015258789,71.05000305175781,71.55000305175781,6359958
2018-10-12,71.27168273925781,75.1500015258789,76.44999694824219,74.0,74.0999984741211,7655675
2018-10-15,71.93556213378906,75.8499984741211,76.69999694824219,73.8499984741211,75.4000015258789,5209684
2018-10-16,72.26750946044922,76.19999694824219,76.69999694824219,75.55000305175781,76.0,4799630
2018-10-17,70.32330322265625,74.1500015258789,77.6500015258789,73.55000305175781,77.0,7900337
2018-10-19,69.70684814453125,73.5,75.19999694824219,72.5999984741211,73.55000305175781,5638133
2018-10-22,70.13361358642578,73.94999694824219,75.19999694824219,72.6500015258789,74.05000305175781,5188175
2018-10-23,70.03877258300781,73.8499984741211,76.05000305175781,72.8499984741211,75.0,13765726
2018-10-24,72.03040313720703,75.94999694824219,76.44999694824219,73.9000015258789,75.25,8048611
2018-10-25,66.62456512451172,70.25,76.5,69.25,74.9000015258789,46914007
2018-10-26,64.01648712158203,67.5,71.05000305175781,67.25,71.0,26351665
2018-10-29,64.44326782226562,67.94999694824219,68.44999694824219,66.55000305175781,68.3499984741211,16596499
2018-10-30,65.58133697509766,69.1500015258789,69.94999694824219,68.0,68.25,17763932
2018-10-31,65.20198059082031,68.75,69.5,67.5999984741211,69.25,18658155
2018-11-01,66.57714080810547,70.19999694824219,70.75,69.19999694824219,69.19999694824219,18514431
2018-11-02,69.2326431274414,73.0,73.94999694824219,70.75,70.94999694824219,25054634
2018-11-05,66.38746643066406,70.0,71.44999694824219,69.30000305175781,71.44999694824219,12435322
2018-11-06,65.72360229492188,69.30000305175781,71.0999984741211,69.0,70.0999984741211,9397104
2018-11-07,66.10295104980469,69.69999694824219,69.94999694824219,69.44999694824219,69.94999694824219,1121760
2018-11-09,66.38746643066406,70.0,70.4000015258789,69.19999694824219,69.75,5825050
2018-11-12,65.34423065185547,68.9000015258789,70.55000305175781,68.5,70.0,8027643
2018-11-13,65.15455627441406,68.69999694824219,69.44999694824219,67.80000305175781,68.69999694824219,5492697
2018-11-14,62.64131927490234,66.05000305175781,69.19999694824219,65.69999694824219,68.80000305175781,17411472
2018-11-15,63.40003204345703,66.8499984741211,67.69999694824219,65.0999984741211,66.0999984741211,12196075
2018-11-16,63.30519104003906,66.75,67.05000305175781,65.6500015258789,67.0,8934462
2018-11-19,64.49067687988281,68.0,68.3499984741211,66.80000305175781,66.80000305175781,6923682
2018-11-20,63.9216423034668,67.4000015258789,68.05000305175781,66.94999694824219,67.9000015258789,11370903
2018-11-21,63.162933349609375,66.5999984741211,67.80000305175781,65.9000015258789,67.80000305175781,8588079
2018-11-22,62.73615646362305,66.1500015258789,67.3499984741211,65.8499984741211,66.8499984741211,8808101
2018-11-26,63.542293548583984,67.0,67.1500015258789,65.5,66.19999694824219,7523888
2018-11-27,63.542293548583984,67.0,68.0999984741211,66.30000305175781,66.4000015258789,9725050
2018-11-28,63.542293548583984,67.0,67.25,66.3499984741211,67.0999984741211,8965627
2018-11-29,64.68035888671875,68.19999694824219,68.80000305175781,65.69999694824219,67.19999694824219,10339738
2018-11-30,64.63294219970703,68.1500015258789,70.3499984741211,66.1500015258789,68.75,123227256
2018-12-03,67.19359588623047,70.8499984741211,71.30000305175781,67.4000015258789,68.80000305175781,16129731
2018-12-04,66.86166381835938,70.5,71.4000015258789,69.6500015258789,70.1500015258789,7323826
2018-12-05,63.02067947387695,66.44999694824219,70.25,66.0999984741211,69.75,21703542
2018-12-06,62.261966705322266,65.6500015258789,66.5999984741211,65.05000305175781,66.3499984741211,13418588
2018-12-07,62.54647445678711,65.94999694824219,66.75,64.3499984741211,65.80000305175781,10787228
2018-12-10,59.70130157470703,62.95000076293945,65.4000015258789,62.59999847412109,65.0,13939033
2018-12-11,61.266143798828125,64.5999984741211,65.5,61.70000076293945,62.04999923706055,21465276
2018-12-12,62.92583847045898,66.3499984741211,66.94999694824219,64.5999984741211,65.0,9954488
2018-12-13,63.30519104003906,66.75,67.69999694824219,66.30000305175781,66.9000015258789,8670196
2018-12-14,63.162933349609375,66.5999984741211,67.9000015258789,65.80000305175781,66.5,6485337
2018-12-17,64.2061538696289,67.69999694824219,68.44999694824219,66.5,66.69999694824219,8413741
2018-12-18,66.29263305664062,69.9000015258789,70.1500015258789,67.30000305175781,67.6500015258789,17072720
2018-12-19,66.48230743408203,70.0999984741211,71.0,69.4000015258789,70.19999694824219,10669275
2018-12-20,66.9090805053711,70.55000305175781,71.0,69.25,69.80000305175781,6354028
2018-12-21,66.2452163696289,69.8499984741211,71.9000015258789,69.4000015258789,71.80000305175781,15851379
2018-12-24,67.57296752929688,71.25,73.0,69.5,70.05000305175781,22943907
2018-12-26,67.85747528076172,71.55000305175781,71.8499984741211,69.25,70.69999694824219,13578782
2018-12-27,66.38746643066406,70.0,72.4000015258789,69.75,72.0,22742988
2018-12-28,68.33167266845703,72.05000305175781,72.4000015258789,70.05000305175781,70.05000305175781,9774725
2018-12-31,69.32748413085938,73.0999984741211,73.5,72.19999694824219,72.30000305175781,7130426
2019-01-01,69.99136352539062,73.80000305175781,73.94999694824219,72.80000305175781,73.75,6440421
2019-01-02,69.2326431274414,73.0,74.80000305175781,72.44999694824219,73.4000015258789,8615103
2019-01-03,67.09876251220703,70.75,73.0,70.4000015258789,73.0,8083906
2019-01-04,67.71522521972656,71.4000015258789,71.8499984741211,70.05000305175781,70.80000305175781,20439249
2019-01-07,68.52135467529297,72.25,72.94999694824219,71.75,72.0,8163279
2019-01-08,67.66779327392578,71.3499984741211,72.25,71.0,72.0999984741211,7453809
2019-01-09,66.62456512451172,70.25,71.9000015258789,69.69999694824219,71.80000305175781,7124203
2019-01-10,65.29681396484375,68.8499984741211,70.5,68.69999694824219,70.25,7810193
2019-01-11,65.01231384277344,68.55000305175781,69.3499984741211,68.0999984741211,69.3499984741211,7359392
2019-01-14,64.30101013183594,67.80000305175781,68.75,67.5,68.75,4735962
2019-01-15,64.8226318359375,68.3499984741211,68.80000305175781,67.80000305175781,68.0999984741211,5007754
2019-01-16,64.8226318359375,68.3499984741211,69.5999984741211,68.1500015258789,68.44999694824219,5484091
2019-01-17,66.52973175048828,70.1500015258789,70.4000015258789,68.0,68.5999984741211,9573414
2019-01-18,67.28843688964844,70.94999694824219,71.1500015258789,69.69999694824219,70.4000015258789,17158253
2019-01-21,67.28843688964844,70.94999694824219,72.25,70.69999694824219,71.0999984741211,10341030
2019-01-22,67.52554321289062,71.19999694824219,71.55000305175781,69.94999694824219,70.94999694824219,6256263
2019-01-23,65.77100372314453,69.3499984741211,71.5999984741211,69.05000305175781,71.25,5371992
2019-01-24,65.48648834228516,69.05000305175781,70.0999984741211,68.6500015258789,69.25,6289323
2019-01-25,62.97325897216797,66.4000015258789,69.5,66.05000305175781,69.1500015258789,7134722
2019-01-28,60.46001815795898,63.75,66.75,63.45000076293945,66.5,8737901
2019-01-29,61.07646942138672,64.4000015258789,65.3499984741211,63.20000076293945,63.20000076293945,8758306
2019-01-30,60.60227584838867,63.900001525878906,64.94999694824219,63.59999847412109,64.94999694824219,7509058
2019-01-31,61.36098861694336,64.69999694824219,65.0,63.70000076293945,64.5,12325961
2019-02-01,61.029052734375,64.3499984741211,65.69999694824219,63.650001525878906,64.94999694824219,6031620
2019-02-04,61.59808349609375,64.94999694824219,65.30000305175781,63.09999847412109,64.55000305175781,6807730
2019-02-05,55.81289291381836,58.84999847412109,65.1500015258789,56.20000076293945,64.94999694824219,48929404
2019-02-06,57.66225814819336,60.79999923706055,61.150001525878906,57.59999847412109,59.34999847412109,19423985
2019-02-07,58.99000930786133,62.20000076293945,62.5,60.59999847412109,61.0,8069603
2019-02-08,59.03742599487305,62.25,63.25,61.79999923706055,62.25,8295240
2019-02-11,59.511627197265625,62.75,63.25,61.0,61.20000076293945,9511824
2019-02-12,59.36752700805664,61.79999923706055,62.59999847412109,61.5,62.5,5528900
2019-02-14,59.84785079956055,62.29999923706055,62.79999923706055,60.150001525878906,60.25,7971447
2019-02-15,58.64705276489258,61.04999923706055,62.0,60.70000076293945,61.95000076293945,7013360
2019-02-18,58.74311828613281,61.150001525878906,61.59999847412109,60.900001525878906,61.04999923706055,6749057
2019-02-19,59.60768508911133,62.04999923706055,62.79999923706055,61.09999847412109,61.09999847412109,4229035
2019-02-20,60.28013610839844,62.75,63.150001525878906,62.0,62.29999923706055,5089826
2019-02-21,60.47226333618164,62.95000076293945,63.09999847412109,62.34999847412109,63.0,3138802
2019-02-22,61.14471435546875,63.650001525878906,64.1500015258789,62.45000076293945,62.900001525878906,4784997
2019-02-25,61.817161560058594,64.3499984741211,64.80000305175781,63.09999847412109,63.95000076293945,4015688
2019-02-26,62.29747772216797,64.8499984741211,65.5999984741211,62.20000076293945,63.54999923706055,6564549
2019-02-27,62.39353942871094,64.94999694824219,66.0,64.5999984741211,65.0999984741211,6764048
2019-02-28,61.91322708129883,64.44999694824219,65.1500015258789,64.0999984741211,65.0,14167452
2019-03-01,63.54631042480469,66.1500015258789,66.5999984741211,64.6500015258789,64.80000305175781,9309674
2019-03-05,64.65104675292969,67.30000305175781,68.0,66.4000015258789,67.75,9082342
2019-03-06,66.38019561767578,69.0999984741211,70.1500015258789,67.5,67.6500015258789,13004838
2019-03-07,65.4195556640625,68.0999984741211,69.25,67.75,69.19999694824219,4192540
2019-03-08,64.45892333984375,67.0999984741211,67.9000015258789,66.5,67.9000015258789,9335968
2019-03-11,67.2928237915039,70.05000305175781,70.5999984741211,67.19999694824219,67.69999694824219,12701280
2019-03-12,67.05265045166016,69.80000305175781,71.3499984741211,69.55000305175781,70.44999694824219,7526822
2019-03-13,65.323486328125,68.0,70.19999694824219,67.75,70.05000305175781,5268092
2019-03-14,64.60301971435547,67.25,68.6500015258789,66.5999984741211,67.75,5767075
2019-03-15,65.1313705444336,67.80000305175781,68.05000305175781,66.0999984741211,66.25,6878337
2019-03-18,64.5069351196289,67.1500015258789,69.1500015258789,66.44999694824219,68.19999694824219,11419966
2019-03-19,65.4195556640625,68.0999984741211,68.44999694824219,67.1500015258789,67.5,10369254
2019-03-20,65.85185241699219,68.55000305175781,72.4000015258789,68.0999984741211,68.0999984741211,34728590
2019-03-22,64.8912124633789,67.55000305175781,69.3499984741211,66.9000015258789,68.75,12856428
2019-03-25,66.38019561767578,69.0999984741211,70.0999984741211,66.55000305175781,67.0999984741211,26125367
2019-03-26,68.25345611572266,71.05000305175781,72.69999694824219,69.75,69.94999694824219,35481702
2019-03-27,68.49361419677734,71.30000305175781,72.75,70.6500015258789,72.0,26105730
2019-03-28,68.7337646484375,71.55000305175781,72.4000015258789,70.8499984741211,72.0999984741211,45326931
2019-04-01,72.9605712890625,75.94999694824219,77.8499984741211,74.80000305175781,75.44999694824219,25156745
2019-04-02,71.75978088378906,74.69999694824219,77.1500015258789,73.69999694824219,76.25,20278983
2019-04-03,70.94322967529297,73.8499984741211,76.1500015258789,73.0,75.4000015258789,19628856
2019-04-04,70.31881713867188,73.19999694824219,74.94999694824219,72.0,74.30000305175781,13697381
2019-04-05,69.83849334716797,72.69999694824219,74.5999984741211,72.4000015258789,73.80000305175781,12657002
2019-04-08,69.742431640625,72.5999984741211,73.8499984741211,72.0999984741211,72.9000015258789,13220181
2019-04-09,68.82982635498047,71.6500015258789,73.1500015258789,71.0999984741211,73.0,17283821
2019-04-10,69.35816955566406,72.19999694824219,73.30000305175781,71.69999694824219,71.75,10842680
2019-04-11,71.4235610961914,74.3499984741211,74.80000305175781,71.30000305175781,72.0999984741211,24219236
2019-04-12,74.6417007446289,77.69999694824219,78.30000305175781,74.5,74.69999694824219,43815259
2019-04-15,74.25745391845703,77.30000305175781,78.25,76.6500015258789,78.0999984741211,11053354
2019-04-16,73.6810531616211,76.69999694824219,78.8499984741211,76.19999694824219,77.5,11087979
2019-04-18,73.05664825439453,76.05000305175781,78.0,75.75,78.0,7161272
2019-04-22,70.27079772949219,73.1500015258789,75.8499984741211,73.0,75.8499984741211,6499049
2019-04-23,70.60701751708984,73.5,74.55000305175781,72.80000305175781,73.0,6018400
2019-04-24,70.55897521972656,73.44999694824219,74.3499984741211,72.9000015258789,73.4000015258789,7705263
2019-04-25,69.40621948242188,72.25,75.1500015258789,71.69999694824219,73.8499984741211,17295969
2019-04-26,68.4455795288086,71.25,73.19999694824219,70.55000305175781,72.3499984741211,9643069
2019-04-30,68.0132827758789,70.80000305175781,72.19999694824219,69.4000015258789,70.55000305175781,14315500
2019-05-02,66.86051940917969,69.5999984741211,71.6500015258789,69.3499984741211,70.94999694824219,10325875
2019-05-03,65.94790649414062,68.6500015258789,70.5999984741211,68.4000015258789,69.69999694824219,8390333
2019-05-06,63.30615234375,65.9000015258789,68.3499984741211,65.6500015258789,68.3499984741211,9020087
2019-05-07,61.28880310058594,63.79999923706055,66.69999694824219,63.34999847412109,66.0999984741211,8647726
2019-05-08,59.31949615478516,61.75,63.900001525878906,61.54999923706055,63.900001525878906,15303026
2019-05-09,59.991947174072266,62.45000076293945,62.84999847412109,61.54999923706055,61.79999923706055,13936931
2019-05-10,60.66439056396485,63.150001525878906,63.5,61.84999847412109,62.70000076293945,11398050
2019-05-13,57.49427795410156,59.84999847412109,63.0,59.20000076293945,62.59999847412109,10847294
2019-05-14,61.43290328979492,63.95000076293945,64.5,59.79999923706055,60.25,25941657
2019-05-15,58.21475601196289,60.59999847412109,64.30000305175781,60.25,63.84999847412109,11735485
2019-05-16,59.75178909301758,62.20000076293945,62.70000076293945,60.5,60.59999847412109,13662204
2019-05-17,59.65571594238281,62.09999847412109,62.650001525878906,61.20000076293945,62.0,8777033
2019-05-20,63.35417556762695,65.94999694824219,66.75,63.95000076293945,64.5,15063392
2019-05-21,60.76045608520508,63.25,66.1500015258789,62.84999847412109,65.94999694824219,10096863
2019-05-22,62.681732177734375,65.25,65.5999984741211,62.150001525878906,63.59999847412109,12714321
2019-05-23,63.930572509765625,66.55000305175781,70.25,66.0,67.19999694824219,22390610
2019-05-24,66.28414154052734,69.0,69.44999694824219,66.75,66.80000305175781,10037711
2019-05-27,69.83849334716797,72.69999694824219,73.25,68.6500015258789,69.0999984741211,35842146
2019-05-28,69.742431640625,72.5999984741211,73.69999694824219,71.0,73.5,21729849
2019-05-29,68.1573715209961,70.94999694824219,72.4000015258789,70.44999694824219,72.4000015258789,8006184
2019-05-30,68.82982635498047,71.6500015258789,72.1500015258789,70.5999984741211,71.19999694824219,9835370
2019-05-31,67.43689727783203,70.19999694824219,71.9000015258789,68.8499984741211,71.8499984741211,11824619
2019-06-03,68.7337646484375,71.55000305175781,72.25,69.55000305175781,69.80000305175781,11879171
2019-06-04,68.1093521118164,70.9000015258789,73.0,70.69999694824219,71.9000015258789,15631724
2019-06-06,65.85185241699219,68.55000305175781,71.80000305175781,67.69999694824219,71.0,14182515
2019-06-07,65.80381774902344,68.5,70.5,67.3499984741211,68.5,14654515
2019-06-10,65.51561737060547,68.19999694824219,69.6500015258789,67.8499984741211,68.75,8628229
2019-06-11,66.95658111572266,69.69999694824219,70.1500015258789,67.75,68.30000305175781,10633415
2019-06-12,65.51561737060547,68.19999694824219,70.6500015258789,67.94999694824219,69.94999694824219,11129594
2019-06-13,65.99593353271484,68.69999694824219,69.25,67.80000305175781,68.19999694824219,9467662
2019-06-14,65.94790649414062,68.6500015258789,71.0,68.30000305175781,69.94999694824219,17332932
2019-06-17,64.98727416992188,67.6500015258789,69.94999694824219,67.4000015258789,69.55000305175781,14424170
2019-06-18,65.89988708496094,68.5999984741211,69.0999984741211,67.05000305175781,68.0,10325816
2019-06-19,64.98727416992188,67.6500015258789,69.44999694824219,66.4000015258789,69.0,11533322
2019-06-20,68.0132827758789,70.80000305175781,71.05000305175781,67.19999694824219,67.75,13970908
2019-06-21,68.58967590332031,71.4000015258789,71.8499984741211,70.05000305175781,70.94999694824219,11601602
2019-06-24,70.79913330078125,73.69999694824219,74.0,72.0,73.0,18372701
2019-06-25,70.99127197265625,73.9000015258789,74.25,72.30000305175781,73.30000305175781,8306005
2019-06-26,72.24009704589844,75.19999694824219,75.5,73.4000015258789,73.5,16456718
2019-06-27,71.75978088378906,74.69999694824219,75.5,74.3499984741211,75.05000305175781,10529610
2019-06-28,70.27079772949219,73.1500015258789,74.55000305175781,72.55000305175781,74.4000015258789,7498136
2019-07-01,70.17472839355469,73.05000305175781,74.25,71.69999694824219,73.4000015258789,6618565
2019-07-02,69.2140884399414,72.05000305175781,73.30000305175781,71.55000305175781,73.0999984741211,5825625
2019-07-03,70.07866668701172,72.94999694824219,73.75,71.75,72.0,9271047
2019-07-04,70.22276306152344,73.0999984741211,73.6500015258789,72.44999694824219,73.1500015258789,5004601
2019-07-05,67.38887023925781,70.1500015258789,73.5,69.75,73.44999694824219,10632584
2019-07-08,64.65104675292969,67.30000305175781,70.3499984741211,66.5999984741211,69.5,9496461
2019-07-09,64.55497741699219,67.19999694824219,67.75,65.8499984741211,67.1500015258789,8178805
2019-07-10,64.12269592285156,66.75,68.19999694824219,66.19999694824219,67.94999694824219,7966262
2019-07-11,62.4896125793457,65.05000305175781,67.1500015258789,64.8499984741211,67.0,20836630
2019-07-12,62.249454498291016,64.80000305175781,65.5999984741211,64.4000015258789,65.0,10910933
2019-07-15,61.72109603881836,64.25,65.55000305175781,63.20000076293945,65.30000305175781,13043104
2019-07-16,61.96125411987305,64.5,65.0999984741211,63.900001525878906,64.3499984741211,8431898
2019-07-17,61.57699966430664,64.0999984741211,64.9000015258789,63.95000076293945,64.5,5043222
2019-07-18,61.480934143066406,64.0,64.5,63.5,64.0999984741211,10455841
2019-07-19,61.19274520874024,63.70000076293945,64.44999694824219,63.400001525878906,64.25,7321238
2019-07-22,61.57699966430664,64.0999984741211,64.30000305175781,62.95000076293945,64.0,6606532
2019-07-23,61.38487243652344,63.900001525878906,64.5,63.5,64.44999694824219,5669497
2019-07-24,59.46359252929688,61.900001525878906,64.19999694824219,61.5,64.05000305175781,10133569
2019-07-25,58.74311828613281,61.150001525878906,62.400001525878906,60.59999847412109,62.20000076293945,8319563
2019-07-26,58.262794494628906,60.650001525878906,62.54999923706055,60.29999923706055,61.20000076293945,10247067
2019-07-29,56.91789627075195,59.25,61.04999923706055,59.0,60.84999847412109,7138637
2019-07-30,55.47693634033203,57.75,59.70000076293945,57.5,59.45000076293945,10937507
2019-07-31,56.5816764831543,58.900001525878906,59.04999923706055,57.04999923706055,57.25,7114686
2019-08-01,55.28480529785156,57.54999923706055,59.09999847412109,56.54999923706055,58.34999847412109,6644276
2019-08-02,54.27614212036133,56.5,57.54999923706055,55.84999847412109,57.45000076293945,8971219
2019-08-05,54.32417297363281,56.54999923706055,57.34999847412109,54.59999847412109,55.95000076293945,8649871
2019-08-06,55.04465103149414,57.29999923706055,57.59999847412109,56.150001525878906,56.29999923706055,6788990
2019-08-07,55.236778259277344,57.5,58.150001525878906,56.0,57.5,17902641
2019-08-08,56.05331802368164,58.34999847412109,58.59999847412109,56.29999923706055,57.79999923706055,25552334
2019-08-09,54.66039657592773,56.900001525878906,58.900001525878906,56.20000076293945,58.59999847412109,11735309
2019-08-13,48.56032943725586,50.54999923706055,56.5,50.400001525878906,54.0,44147720
2019-08-14,49.040653228759766,51.04999923706055,52.150001525878906,50.59999847412109,50.84999847412109,16977418
2019-08-16,49.32884216308594,51.34999847412109,51.79999923706055,50.25,51.0,9602287
2019-08-19,49.28080749511719,51.29999923706055,51.79999923706055,50.900001525878906,51.400001525878906,8225292
2019-08-20,47.98394775390625,49.95000076293945,51.54999923706055,49.650001525878906,51.34999847412109,8726047
2019-08-21,46.39889144897461,48.29999923706055,49.900001525878906,47.5,49.900001525878906,25422307
2019-08-22,46.11070251464844,48.0,48.79999923706055,47.70000076293945,48.150001525878906,13547673
2019-08-23,46.39889144897461,48.29999923706055,49.09999847412109,46.650001525878906,48.0,16970212
2019-08-26,48.031982421875,50.0,50.34999847412109,47.54999923706055,49.150001525878906,17742443
2019-08-27,50.625709533691406,52.70000076293945,55.04999923706055,50.5,50.70000076293945,21956425
2019-08-28,49.32884216308594,51.34999847412109,53.400001525878906,50.59999847412109,52.59999847412109,13979685
2019-08-29,48.60836791992188,50.59999847412109,51.45000076293945,50.0,51.34999847412109,7558972
2019-08-30,48.56032943725586,50.54999923706055,51.20000076293945,49.59999847412109,50.70000076293945,10516958
2019-09-03,47.40756607055664,49.34999847412109,50.59999847412109,49.04999923706055,50.400001525878906,7432957
2019-09-04,48.12804412841797,50.09999847412109,50.25,48.54999923706055,49.5,14355020
2019-09-05,49.13671875,51.150001525878906,52.5,50.400001525878906,50.5,17899937
2019-09-06,49.76113510131836,51.79999923706055,52.09999847412109,50.70000076293945,51.400001525878906,7866773
2019-09-09,49.37687301635742,51.400001525878906,52.45000076293945,51.20000076293945,52.04999923706055,8860837
2019-09-11,51.09817886352539,51.95000076293945,52.29999923706055,50.29999923706055,50.900001525878906,11951914
2019-09-12,50.70474243164063,51.54999923706055,53.20000076293945,51.20000076293945,51.900001525878906,11740883
2019-09-13,50.8031005859375,51.650001525878906,52.0,49.95000076293945,51.5,11014744
2019-09-16,49.77031707763672,50.59999847412109,51.34999847412109,50.45000076293945,51.0,7112247
2019-09-17,47.95064926147461,48.75,50.84999847412109,48.5,50.59999847412109,10043905
2019-09-18,47.852294921875,48.650001525878906,49.400001525878906,48.400001525878906,49.0,8058186
2019-09-19,46.6227912902832,47.400001525878906,48.75,47.09999847412109,48.70000076293945,8910056
2019-09-20,49.27851486206055,50.09999847412109,51.29999923706055,46.59999847412109,47.54999923706055,29024918
2019-09-23,50.950645446777344,51.79999923706055,52.150001525878906,49.650001525878906,51.54999923706055,23114050
2019-09-24,51.04899978637695,51.900001525878906,52.95000076293945,50.79999923706055,51.900001525878906,14263656
2019-09-25,49.32769393920898,50.150001525878906,51.900001525878906,49.900001525878906,51.900001525878906,15774906
2019-09-26,50.8522834777832,51.70000076293945,52.650001525878906,49.900001525878906,50.09999847412109,22561537
2019-09-27,49.18016052246094,50.0,52.09999847412109,49.79999923706055,51.59999847412109,12738830
2019-09-30,47.60639190673828,48.400001525878906,50.150001525878906,47.5,50.09999847412109,11513335
2019-10-01,46.08180236816406,46.84999847412109,49.59999847412109,46.04999923706055,48.70000076293945,15210748
2019-10-03,46.42606735229492,47.20000076293945,48.29999923706055,46.20000076293945,46.70000076293945,11115713
2019-10-04,45.14738464355469,45.900001525878906,48.0,45.70000076293945,47.5,11690257
2019-10-07,42.09820938110352,42.79999923706055,46.0,42.59999847412109,45.900001525878906,16652132
2019-10-09,42.93427658081055,43.650001525878906,43.95000076293945,42.400001525878906,42.79999923706055,15225493
2019-10-10,42.34410858154297,43.04999923706055,44.70000076293945,42.79999923706055,43.54999923706055,19819884
2019-10-11,42.34410858154297,43.04999923706055,43.70000076293945,42.0,43.29999923706055,17247352
2019-10-14,42.14738845825195,42.84999847412109,43.900001525878906,42.75,43.25,15720258
2019-10-15,42.04903411865234,42.75,43.5,42.5,43.09999847412109,16921189
2019-10-16,41.16378784179688,41.84999847412109,43.25,41.29999923706055,43.0,17136734
2019-10-17,43.86869430541992,44.59999847412109,44.900001525878906,41.75,41.900001525878906,20292119
2019-10-18,53.458831787109375,54.34999847412109,57.59999847412109,49.04999923706055,49.04999923706055,167677342
2019-10-22,50.950645446777344,51.79999923706055,55.5,51.34999847412109,54.95000076293945,57324642
2019-10-23,52.9670295715332,53.84999847412109,55.20000076293945,51.650001525878906,52.150001525878906,40965324
2019-10-24,50.45883560180664,51.29999923706055,54.29999923706055,50.5,53.79999923706055,28459169
2019-10-25,50.11458206176758,50.95000076293945,52.400001525878906,49.650001525878906,51.29999923706055,28474020
2019-10-27,50.8522834777832,51.70000076293945,51.95000076293945,51.29999923706055,51.70000076293945,2372937
2019-10-29,52.917850494384766,53.79999923706055,54.5,51.70000076293945,52.20000076293945,24273377
2019-10-30,57.934226989746094,58.900001525878906,61.09999847412109,58.09999847412109,58.09999847412109,79479137
2019-10-31,55.62275695800781,56.54999923706055,58.0,56.25,57.5,37725375
2019-11-01,55.96702194213867,56.900001525878906,57.70000076293945,56.150001525878906,57.0,19538180
2019-11-04,55.475215911865234,56.400001525878906,57.900001525878906,55.54999923706055,57.150001525878906,20859205
2019-11-05,55.13095474243164,56.04999923706055,58.0,55.900001525878906,56.900001525878906,16670483
2019-11-06,54.639156341552734,55.54999923706055,57.09999847412109,55.400001525878906,56.25,18504336
2019-11-07,54.54079055786133,55.45000076293945,56.09999847412109,54.75,55.70000076293945,13782432
2019-11-08,53.36046600341797,54.25,56.0,53.29999923706055,53.900001525878906,21720965
2019-11-11,55.86865615844727,56.79999923706055,57.5,53.09999847412109,54.150001525878906,26122637
2019-11-13,53.70472717285156,54.59999847412109,57.84999847412109,54.09999847412109,56.45000076293945,29011138
2019-11-14,52.9670295715332,53.84999847412109,55.34999847412109,53.29999923706055,54.84999847412109,21808147
2019-11-15,53.31128692626953,54.20000076293945,54.900001525878906,53.75,54.0,10858135
2019-11-18,53.06538772583008,53.95000076293945,54.79999923706055,53.59999847412109,54.5,10536197
2019-11-19,54.73751449584961,55.650001525878906,56.09999847412109,52.5,54.0,20906445
2019-11-20,54.88505172729492,55.79999923706055,56.59999847412109,54.25,56.400001525878906,24352170
2019-11-21,54.54079055786133,55.45000076293945,57.09999847412109,54.45000076293945,55.84999847412109,15782183
2019-11-22,55.18013381958008,56.09999847412109,56.5,54.45000076293945,55.0,14997151
2019-11-25,55.22932052612305,56.150001525878906,56.84999847412109,55.59999847412109,56.09999847412109,9491162
2019-11-26,52.62277221679688,53.5,56.59999847412109,53.20000076293945,56.04999923706055,16426434
2019-11-27,52.42604446411133,53.29999923706055,54.25,52.900001525878906,53.900001525878906,9148707
2019-11-28,53.36046600341797,54.25,54.70000076293945,53.29999923706055,53.59999847412109,12670853
2019-11-29,52.42604446411133,53.29999923706055,54.95000076293945,53.04999923706055,54.20000076293945,9658261
2019-12-02,50.3604850769043,51.20000076293945,53.79999923706055,51.04999923706055,53.29999923706055,18767083
2019-12-03,49.18016052246094,50.0,52.09999847412109,49.75,52.0,15865275
2019-12-04,49.130977630615234,49.95000076293945,50.5,48.79999923706055,49.59999847412109,18410247
2019-12-05,47.95064926147461,48.75,50.20000076293945,48.5,49.900001525878906,10546191
2019-12-06,45.78672790527344,46.54999923706055,49.09999847412109,46.0,48.900001525878906,19910201
2019-12-09,45.24574279785156,46.0,47.34999847412109,45.84999847412109,46.75,14269784
2019-12-10,43.967063903808594,44.70000076293945,46.34999847412109,44.400001525878906,45.95000076293945,12286578
2019-12-11,43.47525787353516,44.20000076293945,45.20000076293945,43.5,44.70000076293945,15123234
2019-12-12,44.4588623046875,45.20000076293945,45.84999847412109,44.04999923706055,44.45000076293945,17340004
2019-12-13,45.88508605957031,46.650001525878906,46.79999923706055,45.29999923706055,45.29999923706055,12783019
2019-12-16,44.852298736572266,45.59999847412109,46.79999923706055,45.400001525878906,46.70000076293945,8597276
2019-12-17,45.14738464355469,45.900001525878906,46.400001525878906,45.59999847412109,45.79999923706055,8676075
2019-12-18,44.50804138183594,45.25,46.400001525878906,44.900001525878906,46.04999923706055,14598223
2019-12-19,43.72115707397461,44.45000076293945,45.20000076293945,44.34999847412109,45.09999847412109,13292627
2019-12-20,44.11459732055664,44.84999847412109,45.400001525878906,43.150001525878906,43.400001525878906,31041944
2019-12-23,43.376895904541016,44.09999847412109,45.45000076293945,43.900001525878906,44.5,19016580
2019-12-24,42.78673553466797,43.5,44.34999847412109,43.400001525878906,44.09999847412109,18985823
2019-12-26,41.803131103515625,42.5,43.70000076293945,42.400001525878906,43.70000076293945,16725071
2019-12-27,42.442474365234375,43.150001525878906,43.29999923706055,42.59999847412109,42.70000076293945,13499408
2019-12-30,42.14738845825195,42.84999847412109,43.45000076293945,42.59999847412109,43.29999923706055,9545249
2019-12-31,42.7375602722168,43.45000076293945,43.79999923706055,42.59999847412109,42.79999923706055,15897198
2020-01-01,42.78673553466797,43.5,44.09999847412109,43.25,43.5,12283581
2020-01-02,44.65558242797852,45.400001525878906,45.84999847412109,43.5,43.75,24677041
2020-01-03,43.86869430541992,44.59999847412109,45.650001525878906,44.29999923706055,45.400001525878906,10859861
2020-01-06,41.95067596435547,42.650001525878906,44.400001525878906,42.400001525878906,44.25,12626606
2020-01-07,42.68837356567383,43.400001525878906,44.0,42.70000076293945,43.09999847412109,13321218
2020-01-08,42.49165725708008,43.20000076293945,43.34999847412109,42.5,42.5,11199141
2020-01-09,44.16378021240234,44.900001525878906,45.09999847412109,43.59999847412109,44.0,16119627
2020-01-10,44.016239166259766,44.75,45.5,44.400001525878906,45.09999847412109,10521165
2020-01-13,45.29492568969727,46.04999923706055,46.54999923706055,44.75,45.0,17317084
2020-01-14,45.196563720703125,45.95000076293945,46.650001525878906,45.400001525878906,46.400001525878906,11899391
2020-01-15,46.08180236816406,46.84999847412109,47.0,45.45000076293945,45.84999847412109,10739845
2020-01-16,45.78672790527344,46.54999923706055,47.75,46.400001525878906,47.45000076293945,14205313
2020-01-17,45.44246292114258,46.20000076293945,47.09999847412109,46.04999923706055,46.59999847412109,8424298
2020-01-20,44.21296310424805,44.95000076293945,46.54999923706055,44.70000076293945,46.29999923706055,12234865
2020-01-21,42.68837356567383,43.400001525878906,45.45000076293945,43.20000076293945,45.0,24323645
2020-01-22,42.7375602722168,43.45000076293945,43.79999923706055,43.04999923706055,43.650001525878906,16583634
2020-01-23,42.7375602722168,43.45000076293945,44.0,43.29999923706055,43.45000076293945,14871754
2020-01-24,44.26214599609375,45.0,45.20000076293945,43.400001525878906,43.5,27348156
2020-01-27,43.22935485839844,43.95000076293945,44.95000076293945,43.79999923706055,44.70000076293945,13164355
2020-01-28,42.59001541137695,43.29999923706055,44.45000076293945,43.04999923706055,43.95000076293945,11310748
2020-01-29,43.81951522827149,44.54999923706055,45.09999847412109,43.59999847412109,43.70000076293945,15586751
2020-01-30,43.32771682739258,44.04999923706055,44.650001525878906,43.20000076293945,44.650001525878906,14992301
2020-01-31,42.04903411865234,42.75,44.59999847412109,42.04999923706055,44.45000076293945,14087306
2020-02-03,38.80314636230469,39.45000076293945,40.54999923706055,38.79999923706055,39.900001525878906,20417630
2020-02-04,39.29494094848633,39.95000076293945,40.20000076293945,39.34999847412109,39.79999923706055,13225776
2020-02-05,38.95067596435547,39.59999847412109,40.5,39.25,40.0,23954561
2020-02-06,38.9015007019043,39.54999923706055,40.20000076293945,39.45000076293945,39.95000076293945,16156110
2020-02-07,39.14740753173828,39.79999923706055,40.29999923706055,39.20000076293945,39.75,16682125
2020-02-10,37.62281799316406,38.25,39.79999923706055,37.900001525878906,39.75,21400298
2020-02-11,37.91790008544922,38.54999923706055,39.09999847412109,38.25,38.59999847412109,20338186
2020-02-12,35.75397491455078,36.34999847412109,38.20000076293945,35.79999923706055,37.79999923706055,51223154
2020-02-13,36.44249725341797,37.04999923706055,37.34999847412109,36.25,36.84999847412109,20159277
2020-02-14,35.6064338684082,36.20000076293945,37.400001525878906,36.0,37.20000076293945,20464164
2020-02-17,34.278564453125,34.849998474121094,36.400001525878906,34.75,36.20000076293945,21604096
2020-02-18,34.13103103637695,34.70000076293945,34.900001525878906,33.400001525878906,34.29999923706055,34528421
2020-02-19,34.819549560546875,35.400001525878906,35.599998474121094,34.20000076293945,34.70000076293945,18802594
2020-02-20,34.52446365356445,35.099998474121094,35.900001525878906,34.900001525878906,35.400001525878906,15578115
2020-02-24,33.34414291381836,33.900001525878906,34.75,33.70000076293945,34.29999923706055,13344620
2020-02-25,33.34414291381836,33.900001525878906,34.5,33.650001525878906,33.75,13587843
2020-02-26,32.70480728149414,33.25,33.95000076293945,33.099998474121094,33.599998474121094,13462112
2020-02-27,32.065460205078125,32.599998474121094,33.349998474121094,32.04999923706055,33.25,18665991
2020-02-28,30.098255157470703,30.600000381469727,31.700000762939453,30.299999237060547,31.700000762939453,21837210
2020-03-02,29.06547164916992,29.549999237060547,31.700000762939453,29.049999237060547,31.100000381469727,23026620
2020-03-03,30.491697311401367,31.0,31.350000381469727,29.850000381469727,30.0,20595361
2020-03-04,30.147436141967773,30.649999618530277,31.200000762939453,29.850000381469727,31.100000381469727,18105957
2020-03-05,30.196617126464844,30.700000762939453,31.399999618530277,29.950000762939453,30.899999618530277,20609801
2020-03-06,29.06547164916992,29.549999237060547,29.700000762939453,28.950000762939453,29.700000762939453,16052493
2020-03-09,26.75400733947754,27.200000762939453,28.850000381469727,27.049999237060547,28.799999237060547,21890315
2020-03-11,27.098264694213867,27.549999237060547,28.700000762939453,27.200000762939453,27.450000762939453,30448084
2020-03-12,23.754016876220703,24.149999618530277,26.600000381469727,24.0,26.0,35581815
2020-03-13,25.52449989318848,25.950000762939453,26.399999618530277,18.399999618530277,22.200000762939453,39258475
2020-03-16,23.3113956451416,23.700000762939453,25.75,23.299999237060547,24.350000381469727,26300859
2020-03-17,22.819595336914062,23.200000762939453,25.350000381469727,23.0,24.049999237060547,23765865
2020-03-18,22.967134475708008,23.350000381469727,24.399999618530277,22.399999618530277,23.549999237060547,27058510
2020-03-19,22.131072998046875,22.5,23.600000381469727,21.799999237060547,22.450000762939453,27935085
2020-03-20,23.06549453735352,23.450000762939453,23.950000762939453,22.049999237060547,22.950000762939453,41569603
2020-03-23,19.819602966308597,20.149999618530277,21.75,20.049999237060547,21.5,15468456
2020-03-24,19.672061920166016,20.0,21.25,19.5,21.0,20665278
2020-03-25,19.52452278137207,19.850000381469727,20.200000762939453,19.149999618530277,20.0,14159048
2020-03-26,20.262226104736328,20.600000381469727,21.100000381469727,19.450000762939453,20.049999237060547,18641891
2020-03-27,20.01632499694824,20.350000381469727,21.899999618530277,20.149999618530277,21.399999618530277,22363767
2020-03-30,19.868783950805664,20.200000762939453,20.600000381469727,19.649999618530277,20.25,13042664
2020-03-31,20.45894432067871,20.799999237060547,21.149999618530277,20.200000762939453,20.700000762939453,20143889
2020-04-01,20.36058616638184,20.700000762939453,21.200000762939453,20.399999618530277,20.649999618530277,15999704
2020-04-03,20.3114013671875,20.649999618530277,21.200000762939453,20.399999618530277,21.149999618530277,14723818
2020-04-07,20.950746536254883,21.299999237060547,21.450000762939453,20.850000381469727,21.049999237060547,18389888
2020-04-08,20.90156555175781,21.25,22.649999618530277,20.950000762939453,21.200000762939453,28424361
2020-04-09,21.983531951904297,22.350000381469727,22.649999618530277,21.399999618530277,21.649999618530277,28487889
2020-04-13,21.63926696777344,22.0,23.350000381469727,21.850000381469727,23.149999618530277,36316250
2020-04-15,21.09828758239746,21.450000762939453,23.149999618530277,21.299999237060547,22.350000381469727,40178021
2020-04-16,21.344186782836918,21.700000762939453,21.899999618530277,21.149999618530277,21.450000762939453,27540736
2020-04-17,21.49172782897949,21.850000381469727,22.600000381469727,21.5,22.600000381469727,29739937
2020-04-20,22.180248260498047,22.549999237060547,23.149999618530277,21.600000381469727,22.0,53220401
2020-04-21,21.344186782836918,21.700000762939453,22.25,21.549999237060547,22.25,23711207
2020-04-22,20.999927520751957,21.350000381469727,21.850000381469727,20.899999618530277,21.600000381469727,24357462
2020-04-23,21.04910469055176,21.399999618530277,21.850000381469727,21.200000762939453,21.600000381469727,19335932
2020-04-24,20.3114013671875,20.649999618530277,21.399999618530277,20.600000381469727,21.100000381469727,20109013
2020-04-27,20.3114013671875,20.649999618530277,20.950000762939453,20.399999618530277,20.950000762939453,16346387
2020-04-28,20.60648536682129,20.950000762939453,21.149999618530277,20.649999618530277,20.75,15589273
2020-04-29,20.60648536682129,20.950000762939453,21.350000381469727,20.850000381469727,21.0,19732006
2020-04-30,22.08189010620117,22.450000762939453,22.899999618530277,21.149999618530277,21.299999237060547,56260375
2020-05-04,23.114675521850582,23.5,24.850000381469727,20.899999618530277,21.700000762939453,145551259
2020-05-05,22.52450942993164,22.899999618530277,24.649999618530277,22.600000381469727,24.649999618530277,93115983
2020-05-06,22.62287139892578,23.0,23.399999618530277,22.75,23.049999237060547,48709097
2020-05-07,22.67205238342285,23.049999237060547,23.299999237060547,22.75,22.899999618530277,52075536
2020-05-08,21.83599090576172,22.200000762939453,23.5,21.799999237060547,23.350000381469727,43617415
2020-05-11,22.180248260498047,22.549999237060547,23.0,22.100000381469727,22.549999237060547,28659570
2020-05-12,21.14746856689453,21.5,22.399999618530277,21.399999618530277,22.399999618530277,42068689
2020-05-13,26.163843154907227,26.600000381469727,27.149999618530277,22.149999618530277,23.100000381469727,309684441
2020-05-14,26.999906539916992,27.450000762939453,29.25,25.0,26.899999618530277,247689523
2020-05-15,26.85236358642578,27.299999237060547,28.25,27.0,27.5,88420870
2020-05-18,25.622861862182617,26.049999237060547,28.450000762939453,25.850000381469727,27.700000762939453,90733008
2020-05-19,24.983516693115234,25.399999618530277,26.549999237060547,25.299999237060547,26.399999618530277,50207014
2020-05-20,25.52449989318848,25.950000762939453,26.600000381469727,25.0,25.100000381469727,59552678
2020-05-21,25.13105773925781,25.549999237060547,26.25,25.299999237060547,26.0,42185317
2020-05-22,24.1474552154541,24.549999237060547,25.549999237060547,24.149999618530277,25.399999618530277,43983000
2020-05-26,24.442537307739254,24.850000381469727,25.450000762939453,24.350000381469727,25.0,41215567
2020-05-27,24.786800384521484,25.200000762939453,25.350000381469727,24.75,25.25,38437471
2020-05-28,26.40974235534668,26.850000381469727,27.25,25.149999618530277,25.399999618530277,99108821
2020-05-29,27.54088592529297,28.0,28.450000762939453,26.149999618530277,26.799999237060547,105110971
2020-06-01,27.54088592529297,28.0,29.0,27.700000762939453,28.399999618530277,55551873
2020-06-02,27.54088592529297,28.0,28.549999237060547,27.450000762939453,28.200000762939453,40754934
2020-06-03,27.245805740356445,27.700000762939453,28.75,27.399999618530277,28.200000762939453,48884133
2020-06-04,26.36056137084961,26.799999237060547,28.049999237060547,26.399999618530277,27.899999618530277,48000538
2020-06-05,27.294984817504883,27.75,27.950000762939453,26.899999618530277,27.0,50338792
2020-06-08,27.49170684814453,27.950000762939453,28.75,27.549999237060547,28.549999237060547,51859308
2020-06-09,30.147436141967773,30.649999618530277,31.450000762939453,27.799999237060547,28.25,157992928
2020-06-10,30.78677749633789,31.299999237060547,32.400001525878906,30.549999237060547,31.5,136015328
2020-06-11,29.508094787597656,30.0,32.29999923706055,29.75,30.799999237060547,79479200
2020-06-12,30.8851375579834,31.399999618530277,31.799999237060547,28.25,28.399999618530277,73158497
2020-06-15,28.62285041809082,29.100000381469727,30.600000381469727,28.5,29.25,103034367
2020-06-16,27.885149002075195,28.350000381469727,30.0,27.600000381469727,29.899999618530277,62614476
2020-06-17,26.999906539916992,27.450000762939453,28.649999618530277,27.350000381469727,28.299999237060547,69099047
2020-06-18,31.229400634765625,31.75,32.150001525878906,28.5,28.649999618530277,250945739
2020-06-19,31.91792106628418,32.45000076293945,33.0,31.75,32.650001525878906,101028508
2020-06-22,33.09824752807617,33.650001525878906,34.900001525878906,32.25,32.95000076293945,91763294
2020-06-23,34.3277473449707,34.900001525878906,35.400001525878906,33.70000076293945,34.099998474121094,91398846
2020-06-24,35.75397491455078,36.34999847412109,39.79999923706055,35.599998474121094,36.0,215400090
2020-06-25,37.229373931884766,37.84999847412109,38.5,35.54999923706055,36.29999923706055,144564546
2020-06-26,36.29495620727539,36.900001525878906,38.70000076293945,36.5,38.70000076293945,90479816
2020-06-29,35.16381072998047,35.75,36.79999923706055,35.349998474121094,36.20000076293945,46339601
2020-06-30,35.11463165283203,35.70000076293945,37.79999923706055,35.0,36.59999847412109,81189594
2020-07-01,35.45888900756836,36.04999923706055,36.70000076293945,35.400001525878906,36.29999923706055,47292064
2020-07-02,36.09823989868164,36.70000076293945,37.150001525878906,36.400001525878906,37.0,38221106
2020-07-03,38.01626205444336,38.650001525878906,39.0,36.650001525878906,37.0,144291268
2020-07-06,42.835914611816406,43.54999923706055,44.400001525878906,38.79999923706055,39.04999923706055,253712372
2020-07-07,41.85231018066406,42.54999923706055,44.09999847412109,42.20000076293945,43.75,111716827
2020-07-08,40.57363128662109,41.25,43.04999923706055,41.0,42.5,62357476
2020-07-09,41.36051559448242,42.04999923706055,43.09999847412109,41.25,41.79999923706055,58888933
2020-07-10,40.72117233276367,41.400001525878906,42.45000076293945,41.150001525878906,42.150001525878906,34700995
2020-07-13,41.901493072509766,42.59999847412109,43.0,41.79999923706055,42.45000076293945,44799983
2020-07-14,38.26216125488281,38.900001525878906,41.95000076293945,38.5,41.95000076293945,126699442
2020-07-15,36.19659423828125,36.79999923706055,39.900001525878906,36.34999847412109,39.5,68980710
2020-07-16,36.29495620727539,36.900001525878906,38.150001525878906,36.150001525878906,37.5,68663539
2020-07-17,37.72117614746094,38.34999847412109,39.150001525878906,36.79999923706055,36.900001525878906,78864096
2020-07-20,37.37691879272461,38.0,39.04999923706055,37.79999923706055,38.75,27201922
2020-07-21,37.37691879272461,38.0,38.59999847412109,37.70000076293945,38.5,24120376
2020-07-22,37.37691879272461,38.0,38.95000076293945,37.5,38.29999923706055,39542598
2020-07-23,37.08183670043945,37.70000076293945,38.29999923706055,37.59999847412109,37.900001525878906,14881157
2020-07-24,36.29495620727539,36.900001525878906,37.70000076293945,36.59999847412109,37.400001525878906,20980042
2020-07-27,35.6064338684082,36.20000076293945,36.900001525878906,35.79999923706055,36.900001525878906,25408696
2020-07-28,36.8359375,37.45000076293945,37.70000076293945,35.900001525878906,36.09999847412109,37075100
2020-07-29,37.81954193115234,38.45000076293945,40.09999847412109,37.34999847412109,37.400001525878906,99005391
2020-07-30,36.19659423828125,36.79999923706055,39.0,36.45000076293945,38.79999923706055,48846295
2020-07-31,35.36053466796875,35.95000076293945,36.95000076293945,35.75,36.79999923706055,37100469
2020-08-03,35.6064338684082,36.20000076293945,36.84999847412109,35.70000076293945,36.150001525878906,34937296
2020-08-04,36.04905319213867,36.650001525878906,37.45000076293945,36.0,36.45000076293945,34061980
2020-08-05,36.09823989868164,36.70000076293945,37.150001525878906,36.45000076293945,36.84999847412109,19603899
2020-08-06,35.11463165283203,35.70000076293945,37.04999923706055,35.5,36.75,37611238
2020-08-07,34.67201232910156,35.25,35.54999923706055,34.75,35.400001525878906,33940209
2020-08-10,35.65561294555664,36.25,37.650001525878906,35.849998474121094,36.0,60884632
2020-08-11,35.16381072998047,35.75,36.75,35.599998474121094,36.59999847412109,38272571
2020-08-12,35.45888900756836,36.04999923706055,36.650001525878906,35.900001525878906,36.20000076293945,51044859
2020-08-13,38.31134414672852,38.95000076293945,39.54999923706055,36.20000076293945,36.5,128231852
2020-08-14,36.737571716308594,37.34999847412109,39.45000076293945,36.70000076293945,39.20000076293945,51951333
2020-08-17,36.39331817626953,37.0,37.900001525878906,36.70000076293945,37.900001525878906,20972682
2020-08-18,36.8359375,37.45000076293945,37.70000076293945,37.09999847412109,37.20000076293945,15728683
2020-08-19,37.37691879272461,38.0,38.650001525878906,37.70000076293945,37.75,30237082
2020-08-20,37.86872100830078,38.5,39.70000076293945,37.20000076293945,37.54999923706055,52180373
2020-08-21,39.98346710205078,40.650001525878906,41.95000076293945,39.20000076293945,39.45000076293945,179881928
2020-08-24,40.2293701171875,40.900001525878906,42.400001525878906,40.650001525878906,41.5,47777042
2020-08-25,39.34412384033203,40.0,41.150001525878906,39.59999847412109,41.0,35938488
2020-08-26,39.29494094848633,39.95000076293945,40.59999847412109,39.400001525878906,40.0,35170066
2020-08-27,38.55724334716797,39.20000076293945,40.900001525878906,39.04999923706055,40.0,56210754
2020-08-28,40.96706771850586,41.650001525878906,42.09999847412109,40.09999847412109,40.25,133646824
2020-08-31,37.91790008544922,38.54999923706055,42.45000076293945,38.0,42.04999923706055,108963300
2020-09-01,37.91790008544922,38.54999923706055,39.54999923706055,37.34999847412109,39.0,53806439
2020-09-02,38.50806427001953,39.150001525878906,39.400001525878906,38.04999923706055,38.900001525878906,39483515
2020-09-03,39.34412384033203,40.0,40.400001525878906,38.75,39.150001525878906,44237336
2020-09-04,38.0654411315918,38.70000076293945,39.84999847412109,38.5,38.95000076293945,50939480
2020-09-07,37.81954193115234,38.45000076293945,39.150001525878906,38.150001525878906,38.95000076293945,19331457
2020-09-08,36.88511657714844,37.5,38.79999923706055,37.0,38.34999847412109,21977011
2020-09-09,35.901512145996094,36.5,37.20000076293945,35.599998474121094,37.09999847412109,36060255
2020-09-10,36.44249725341797,37.04999923706055,37.29999923706055,36.34999847412109,37.0,18326939
2020-09-11,36.49167251586914,37.09999847412109,37.84999847412109,37.0,37.34999847412109,18819257
2020-09-14,35.65561294555664,36.25,37.45000076293945,36.0,36.20000076293945,37783051
2020-09-15,35.36053466796875,35.95000076293945,36.650001525878906,35.70000076293945,36.650001525878906,30178571
2020-09-16,35.06544876098633,35.650001525878906,36.150001525878906,35.54999923706055,36.150001525878906,21572296
2020-09-17,34.57365036010742,35.150001525878906,35.70000076293945,35.0,35.650001525878906,19961461
2020-09-18,34.08185195922852,34.650001525878906,35.75,34.5,35.5,29035181
2020-09-21,33.68840408325195,34.25,35.54999923706055,34.0,34.5,39228186
2020-09-22,32.065460205078125,32.599998474121094,34.54999923706055,32.29999923706055,34.5,52745087
2020-09-23,30.98349952697754,31.5,33.29999923706055,30.899999618530277,33.099998474121094,35786278
2020-09-24,29.36055564880371,29.850000381469727,30.950000762939453,29.549999237060547,30.799999237060547,40194059
2020-09-25,29.6556339263916,30.149999618530277,30.450000762939453,28.850000381469727,30.0,57967582
2020-09-28,31.27857780456543,31.799999237060547,32.25,30.5,30.850000381469727,56524500
2020-09-29,29.75399208068848,30.25,32.349998474121094,30.100000381469727,32.25,57724724
2020-09-30,28.7703914642334,29.25,30.450000762939453,29.200000762939453,30.299999237060547,36272660
2020-10-01,29.114652633666992,29.600000381469727,29.899999618530277,29.200000762939453,29.700000762939453,29778644
2020-10-05,29.06547164916992,29.549999237060547,30.0,29.399999618530277,29.700000762939453,17900218
2020-10-06,28.868751525878903,29.350000381469727,29.799999237060547,29.149999618530277,29.700000762939453,23682155
2020-10-07,27.934328079223636,28.399999618530277,29.399999618530277,28.25,29.350000381469727,23694997
2020-10-08,28.7703914642334,29.25,29.5,28.450000762939453,28.450000762939453,20247543
2020-10-09,28.62285041809082,29.100000381469727,29.450000762939453,28.899999618530277,29.450000762939453,15014180
2020-10-12,28.13104820251465,28.600000381469727,29.399999618530277,28.450000762939453,29.399999618530277,11148456
2020-10-13,27.835968017578125,28.299999237060547,28.649999618530277,28.149999618530277,28.5,9177795
2020-10-14,27.49170684814453,27.950000762939453,28.149999618530277,27.649999618530277,28.0,12692593
2020-10-15,26.70482444763184,27.149999618530277,27.899999618530277,27.0,27.899999618530277,20436290
2020-10-16,26.75400733947754,27.200000762939453,27.450000762939453,26.75,27.149999618530277,15812870
2020-10-19,28.18022918701172,28.649999618530277,28.850000381469727,27.149999618530277,27.399999618530277,23091815
2020-10-20,28.18022918701172,28.649999618530277,29.25,28.200000762939453,28.5,14933119
2020-10-21,27.983510971069336,28.450000762939453,29.100000381469727,28.049999237060547,28.549999237060547,12447760
2020-10-22,28.327770233154297,28.799999237060547,29.0,27.899999618530277,28.0,10834275
2020-10-23,28.62285041809082,29.100000381469727,29.399999618530277,28.850000381469727,28.950000762939453,11960326
2020-10-26,28.967113494873047,29.450000762939453,30.25,29.149999618530277,29.299999237060547,29967874
2020-10-27,29.16383171081543,29.649999618530277,30.399999618530277,28.649999618530277,29.5,40575215
2020-10-28,28.18022918701172,28.649999618530277,29.549999237060547,28.5,29.549999237060547,20260451
2020-10-29,27.344165802001957,27.799999237060547,28.399999618530277,27.450000762939453,28.299999237060547,20793997
2020-10-30,27.54088592529297,28.0,28.450000762939453,27.350000381469727,27.850000381469727,26886677
2020-11-02,27.393348693847656,27.850000381469727,28.299999237060547,27.5,28.25,15607090
2020-11-03,27.49170684814453,27.950000762939453,28.200000762939453,27.600000381469727,27.950000762939453,15116416
2020-11-04,26.75400733947754,27.200000762939453,28.049999237060547,26.950000762939453,28.0,29425117
2020-11-05,27.934328079223636,28.399999618530277,29.149999618530277,27.350000381469727,27.5,42148409
2020-11-06,27.49170684814453,27.950000762939453,28.899999618530277,27.799999237060547,28.549999237060547,36124550
2020-11-09,27.737607955932617,28.200000762939453,28.450000762939453,27.399999618530277,27.649999618530277,42337022
2020-11-10,27.737607955932617,28.200000762939453,28.450000762939453,27.799999237060547,28.200000762939453,28467588
2020-11-11,27.49170684814453,27.950000762939453,29.25,27.700000762939453,28.200000762939453,54098312
2020-11-12,27.639249801635746,28.100000381469727,28.450000762939453,27.799999237060547,27.950000762939453,29213561
2020-11-13,27.49170684814453,27.950000762939453,28.149999618530277,27.799999237060547,28.049999237060547,14725782
2020-11-14,27.835968017578125,28.299999237060547,28.5,28.149999618530277,28.25,3771670
2020-11-17,27.78678703308105,28.25,28.600000381469727,28.100000381469727,28.399999618530277,15666967
2020-11-18,27.983510971069336,28.450000762939453,28.600000381469727,28.149999618530277,28.299999237060547,20946155
2020-11-19,28.67203140258789,29.149999618530277,30.200000762939453,28.200000762939453,28.399999618530277,83753489
2020-11-20,28.72121238708496,29.200000762939453,29.700000762939453,28.649999618530277,29.399999618530277,40480755
2020-11-23,30.83595848083496,31.350000381469727,31.549999237060547,29.25,29.600000381469727,94909249
2020-11-24,30.83595848083496,31.350000381469727,31.899999618530277,30.75,31.700000762939453,75427091
2020-11-25,30.147436141967773,30.649999618530277,31.950000762939453,30.350000381469727,31.450000762939453,51698826
2020-11-26,30.93431854248047,31.450000762939453,31.600000381469727,30.549999237060547,30.899999618530277,52388355
2020-11-27,32.311363220214844,32.849998474121094,33.45000076293945,31.600000381469727,31.649999618530277,101747612
2020-12-01,33.4916877746582,34.04999923706055,34.400001525878906,32.849998474121094,33.29999923706055,49680395
2020-12-02,33.245784759521484,33.79999923706055,34.5,33.04999923706055,34.25,52877271
2020-12-03,33.63922882080078,34.20000076293945,34.79999923706055,34.0,34.25,42090086
2020-12-04,33.68840408325195,34.25,35.400001525878906,33.70000076293945,34.54999923706055,58177274
2020-12-07,34.376930236816406,34.95000076293945,35.349998474121094,34.25,34.400001525878906,39793015
2020-12-08,35.557254791259766,36.150001525878906,36.79999923706055,34.099998474121094,35.29999923706055,83272427
2020-12-09,35.99987030029297,36.59999847412109,37.59999847412109,36.29999923706055,36.95000076293945,69007540
2020-12-10,35.06544876098633,35.650001525878906,36.650001525878906,34.70000076293945,36.45000076293945,55059367
2020-12-11,35.36053466796875,35.95000076293945,37.0,35.45000076293945,35.75,45233211
2020-12-14,36.24577331542969,36.84999847412109,37.20000076293945,35.849998474121094,36.45000076293945,47189075
2020-12-15,35.75397491455078,36.34999847412109,36.84999847412109,35.70000076293945,36.84999847412109,44611278
2020-12-16,35.75397491455078,36.34999847412109,36.95000076293945,36.09999847412109,36.650001525878906,31631032
2020-12-17,35.262176513671875,35.849998474121094,36.79999923706055,35.75,36.45000076293945,31094015
2020-12-18,35.262176513671875,35.849998474121094,36.150001525878906,34.54999923706055,35.900001525878906,40500644
2020-12-21,32.01628112792969,32.54999923706055,35.70000076293945,32.099998474121094,35.5,55099409
2020-12-22,32.11464309692383,32.650001525878906,33.29999923706055,30.600000381469727,32.650001525878906,57170730
2020-12-23,33.39332580566406,33.95000076293945,34.150001525878906,32.54999923706055,32.70000076293945,35851831
2020-12-24,33.245784759521484,33.79999923706055,34.54999923706055,33.599998474121094,34.29999923706055,29009900
2020-12-28,34.67201232910156,35.25,35.5,33.900001525878906,34.0,41052655
2020-12-29,34.819549560546875,35.400001525878906,35.75,34.29999923706055,35.5,38681074
2020-12-30,34.819549560546875,35.400001525878906,36.400001525878906,34.95000076293945,36.09999847412109,55267922
2020-12-31,35.31135559082031,35.900001525878906,36.5,35.150001525878906,35.400001525878906,60457447
2021-01-01,38.0654411315918,38.70000076293945,39.0,36.0,36.150001525878906,123660698
2021-01-04,39.98346710205078,40.650001525878906,40.84999847412109,38.75,39.29999923706055,138885188
2021-01-05,39.49166870117188,40.150001525878906,40.650001525878906,39.59999847412109,40.25,68178443
2021-01-06,38.75396347045898,39.400001525878906,40.650001525878906,38.25,40.34999847412109,78478570
2021-01-07,38.65560150146485,39.29999923706055,40.150001525878906,39.09999847412109,39.79999923706055,42199800
2021-01-08,38.70478439331055,39.34999847412109,40.54999923706055,39.0,39.650001525878906,68394773
2021-01-11,38.36052322387695,39.0,40.0,38.29999923706055,39.75,46504882
2021-01-12,38.70478439331055,39.34999847412109,40.0,38.59999847412109,39.0,37860013
2021-01-13,40.081825256347656,40.75,42.29999923706055,39.650001525878906,39.650001525878906,154573968
2021-01-14,39.54084396362305,40.20000076293945,40.70000076293945,39.59999847412109,40.400001525878906,34995707
2021-01-15,38.75396347045898,39.400001525878906,40.5,38.84999847412109,40.20000076293945,37081742
2021-01-18,37.42609786987305,38.04999923706055,39.59999847412109,37.25,39.400001525878906,38159244
2021-01-19,39.09822463989258,39.75,40.0,38.09999847412109,38.09999847412109,29092687
2021-01-20,39.83592224121094,40.5,40.70000076293945,39.400001525878906,39.70000076293945,40633278
2021-01-21,38.11462020874024,38.75,41.25,38.5,41.0,56574146
2021-01-22,37.03266143798828,37.650001525878906,39.29999923706055,37.09999847412109,38.5,58968250
2021-01-25,35.65561294555664,36.25,38.25,36.0,37.75,51673382
2021-01-27,35.11463165283203,35.70000076293945,36.20000076293945,35.400001525878906,35.849998474121094,38751487
2021-01-28,35.99987030029297,36.59999847412109,36.79999923706055,35.099998474121094,35.349998474121094,48537154
2021-01-29,35.45888900756836,36.04999923706055,37.5,35.79999923706055,37.0,52158893
2021-02-01,37.573638916015625,38.20000076293945,38.45000076293945,35.400001525878906,36.5,51185628
2021-02-02,38.26216125488281,38.900001525878906,39.95000076293945,38.04999923706055,38.650001525878906,57099937
2021-02-03,39.04904556274414,39.70000076293945,41.34999847412109,39.09999847412109,39.150001525878906,104638908
2021-02-04,41.5080451965332,42.20000076293945,42.5,39.59999847412109,39.900001525878906,154097676
2021-02-05,42.835914611816406,43.54999923706055,44.150001525878906,41.25,42.650001525878906,146833328
2021-02-08,39.19658660888672,39.84999847412109,41.5,39.54999923706055,41.25,114554488
2021-02-09,38.11462020874024,38.75,39.75,38.400001525878906,39.59999847412109,49601029
2021-02-10,37.62281799316406,38.25,39.400001525878906,37.79999923706055,38.650001525878906,38714221
2021-02-11,38.11462020874024,38.75,39.150001525878906,38.150001525878906,38.45000076293945,33240680
2021-02-12,38.16379928588867,38.79999923706055,39.45000076293945,38.59999847412109,38.95000076293945,24770265
2021-02-15,38.26216125488281,38.900001525878906,39.45000076293945,38.59999847412109,39.04999923706055,19106327
2021-02-16,39.24576568603516,39.900001525878906,40.0,38.400001525878906,39.04999923706055,46759963
2021-02-17,39.39330291748047,40.04999923706055,40.79999923706055,39.09999847412109,40.0,71963620
2021-02-18,42.29493713378906,43.0,44.04999923706055,39.95000076293945,40.20000076293945,166636643
2021-02-19,39.73756790161133,40.400001525878906,43.25,39.59999847412109,42.75,74472617
2021-02-22,38.9998664855957,39.650001525878906,40.54999923706055,39.09999847412109,40.09999847412109,38769981
2021-02-23,40.03264999389648,40.70000076293945,41.45000076293945,39.5,39.900001525878906,43031158
2021-02-24,42.24575805664063,42.95000076293945,43.34999847412109,36.650001525878906,41.20000076293945,61230344
2021-02-25,46.37688827514648,47.150001525878906,48.0,43.400001525878906,43.54999923706055,328616125
2021-02-26,46.81950759887695,47.59999847412109,48.79999923706055,45.34999847412109,46.0,206095365
2021-03-01,47.99983215332031,48.79999923706055,49.59999847412109,47.59999847412109,48.70000076293945,123674746
2021-03-02,50.901466369628906,51.75,52.20000076293945,49.25,49.400001525878906,152393453
2021-03-03,50.16375732421875,51.0,52.650001525878906,50.59999847412109,52.20000076293945,65329850
2021-03-04,53.36046600341797,54.25,56.09999847412109,49.900001525878906,50.34999847412109,213396105
2021-03-05,51.58998107910156,52.45000076293945,55.900001525878906,50.34999847412109,54.75,112585811
2021-03-08,53.50801467895508,54.400001525878906,55.5,53.0,53.45000076293945,79729837
2021-03-09,53.95063018798828,54.84999847412109,56.5,53.09999847412109,54.95000076293945,108574936
2021-03-10,53.90144729614258,54.79999923706055,56.5,54.29999923706055,55.59999847412109,85630459
2021-03-12,52.52440643310547,53.400001525878906,56.34999847412109,52.54999923706055,55.09999847412109,126521758
2021-03-15,54.34407424926758,55.25,56.0,54.04999923706055,56.0,107827286
2021-03-16,53.01620864868164,53.900001525878906,56.20000076293945,53.5,55.79999923706055,67218075
2021-03-17,49.27851486206055,50.09999847412109,54.0,49.20000076293945,54.0,60727935
2021-03-18,51.245723724365234,52.09999847412109,53.79999923706055,50.59999847412109,52.20000076293945,158412104
2021-03-19,51.14736175537109,52.0,52.5,49.150001525878906,51.70000076293945,108069373
2021-03-22,51.34408187866211,52.20000076293945,52.79999923706055,51.25,52.04999923706055,48322688
2021-03-23,50.901466369628906,51.75,52.650001525878906,51.45000076293945,52.45000076293945,42647877
2021-03-24,49.03261566162109,49.84999847412109,51.70000076293945,49.5,51.34999847412109,42597772
2021-03-25,47.40967178344727,48.20000076293945,50.0,46.900001525878906,49.900001525878906,66287150
2021-03-26,47.90147399902344,48.70000076293945,49.5,48.45000076293945,49.0,40617084
2021-03-30,48.14737701416016,48.95000076293945,49.59999847412109,48.29999923706055,49.20000076293945,41698864
2021-03-31,47.95064926147461,48.75,49.75,48.400001525878906,48.900001525878906,28483055
2021-04-01,50.11458206176758,50.95000076293945,51.20000076293945,48.95000076293945,49.0,52965110
2021-04-05,48.19655227661133,49.0,51.09999847412109,48.400001525878906,51.0,49348313
2021-04-06,48.54081344604492,49.34999847412109,50.5,48.25,49.400001525878906,38527134
2021-04-07,49.18016052246094,50.0,50.79999923706055,49.34999847412109,49.34999847412109,35782543
2021-04-08,50.7539176940918,51.59999847412109,53.04999923706055,49.84999847412109,49.900001525878906,85159684
2021-04-09,50.65555953979492,51.5,52.5,51.09999847412109,51.900001525878906,41928206
2021-04-12,44.311317443847656,45.04999923706055,50.0,44.29999923706055,50.0,87601428
2021-04-13,45.78672790527344,46.54999923706055,46.79999923706055,44.59999847412109,45.54999923706055,56028764
2021-04-15,45.29492568969727,46.04999923706055,47.150001525878906,45.0,46.5,40230735
2021-04-16,45.44246292114258,46.20000076293945,47.04999923706055,45.70000076293945,46.400001525878906,31881785
2021-04-19,43.32771682739258,44.04999923706055,44.59999847412109,43.0,44.0,40713340
2021-04-20,43.47525787353516,44.20000076293945,45.34999847412109,43.900001525878906,44.900001525878906,32591936
2021-04-22,43.967063903808594,44.70000076293945,44.900001525878906,43.5,44.0,26098682
2021-04-23,44.65558242797852,45.400001525878906,46.25,44.5,44.54999923706055,42258515
2021-04-26,45.393287658691406,46.150001525878906,46.54999923706055,45.54999923706055,45.79999923706055,28374188
2021-04-27,47.508033752441406,48.29999923706055,48.5,46.20000076293945,46.29999923706055,52076540
2021-04-28,47.311309814453125,48.09999847412109,48.84999847412109,47.900001525878906,48.54999923706055,33378032
2021-04-29,46.42606735229492,47.20000076293945,49.150001525878906,47.04999923706055,48.5,35047086
2021-04-30,47.508033752441406,48.29999923706055,49.400001525878906,46.20000076293945,46.79999923706055,62814554
2021-05-03,52.62277221679688,53.5,55.150001525878906,47.400001525878906,47.84999847412109,133520586
2021-05-04,51.68833923339844,52.54999923706055,56.5,52.150001525878906,55.0,154123432
2021-05-05,55.81947708129883,56.75,57.79999923706055,53.04999923706055,53.29999923706055,167171542
2021-05-06,57.09815979003906,58.04999923706055,59.29999923706055,57.0,58.84999847412109,195095327
2021-05-07,56.85226058959961,57.79999923706055,58.75,57.20000076293945,58.45000076293945,81272693
2021-05-10,64.57354736328125,65.6500015258789,66.44999694824219,58.20000076293945,58.70000076293945,258968781
2021-05-11,72.24564361572266,73.44999694824219,75.1500015258789,64.3499984741211,65.0,510138918
2021-05-12,70.22926330566406,71.4000015258789,76.5999984741211,68.25,74.25,347503495
2021-05-14,66.885009765625,68.0,74.30000305175781,67.4000015258789,72.4000015258789,162636270
2021-05-17,70.08171844482422,71.25,71.8499984741211,66.8499984741211,69.05000305175781,119433001
2021-05-18,70.57351684570312,71.75,73.25,70.75,72.69999694824219,76124575
2021-05-19,72.54073333740234,73.75,74.3499984741211,70.19999694824219,70.6500015258789,105322060
2021-05-20,71.36040496826172,72.55000305175781,77.69999694824219,72.05000305175781,74.4000015258789,241049864
2021-05-21,71.01614379882812,72.19999694824219,73.80000305175781,71.69999694824219,73.4000015258789,63713770
2021-05-24,71.26203918457031,72.44999694824219,73.8499984741211,70.5999984741211,72.80000305175781,62656781
2021-05-25,73.27843475341797,74.5,74.8499984741211,72.69999694824219,73.1500015258789,87624494
2021-05-26,71.31122589111328,72.5,75.44999694824219,72.1500015258789,75.4000015258789,81757007
2021-05-27,72.09810638427734,73.30000305175781,74.30000305175781,71.55000305175781,72.94999694824219,72878541
2021-05-28,70.7210693359375,71.9000015258789,74.55000305175781,71.55000305175781,73.94999694824219,51857599
2021-05-31,69.885009765625,71.05000305175781,72.44999694824219,70.80000305175781,72.05000305175781,45690142
2021-06-01,69.9341812133789,71.0999984741211,74.19999694824219,70.69999694824219,71.6500015258789,96266171
2021-06-02,71.0653305053711,72.25,73.30000305175781,70.9000015258789,71.0999984741211,48257118
2021-06-03,71.16368865966797,72.3499984741211,73.44999694824219,72.0999984741211,73.0,36304245
2021-06-04,72.68827056884766,73.9000015258789,75.25,71.30000305175781,72.3499984741211,90382724
2021-06-07,75.73744201660156,77.0,78.5,73.30000305175781,74.55000305175781,165279581
2021-06-08,74.5079345703125,75.75,77.4000015258789,74.9000015258789,77.3499984741211,64350912
2021-06-09,73.57351684570312,74.80000305175781,79.55000305175781,73.75,75.94999694824219,151104976
2021-06-10,74.55712127685547,75.80000305175781,76.5,74.69999694824219,75.3499984741211,50134183
2021-06-11,74.9505615234375,76.19999694824219,77.5,75.44999694824219,76.9000015258789,57334651
2021-06-14,66.29484558105469,67.4000015258789,69.75,61.650001525878906,69.4000015258789,188258380
2021-06-15,68.50796508789062,69.6500015258789,72.0,67.0999984741211,67.19999694824219,157719401
2021-06-16,65.90141296386719,67.0,69.5999984741211,66.3499984741211,69.44999694824219,76338651
2021-06-17,64.4260025024414,65.5,68.0,65.1500015258789,65.19999694824219,57532702
2021-06-18,63.19649887084961,64.25,67.5,60.59999847412109,66.0999984741211,85418573
2021-06-21,66.63910675048828,67.75,68.25,61.04999923706055,62.900001525878906,87907722
2021-06-22,65.65550994873047,66.75,69.3499984741211,66.5,69.0,73077525
2021-06-23,64.96698760986328,66.05000305175781,67.94999694824219,65.80000305175781,67.25,56573877
2021-06-24,63.58993911743164,64.6500015258789,66.94999694824219,64.4000015258789,66.19999694824219,43743653
2021-06-25,64.13092041015625,65.19999694824219,66.0,64.75,65.0,41261986
2021-06-28,65.212890625,66.30000305175781,67.19999694824219,65.1500015258789,65.5,49421642
2021-06-29,63.83584213256836,64.9000015258789,66.75,64.30000305175781,66.25,60695920
2021-06-30,64.47518920898438,65.55000305175781,66.3499984741211,64.5999984741211,65.4000015258789,52576742
2021-07-01,63.885013580322266,64.94999694824219,65.8499984741211,64.6500015258789,65.8499984741211,31115771
2021-07-02,64.770263671875,65.8499984741211,66.44999694824219,64.4000015258789,64.5,52496916
2021-07-05,64.86862182617188,65.94999694824219,66.55000305175781,65.6500015258789,66.19999694824219,32239917
2021-07-06,63.39321899414063,64.44999694824219,66.25,64.25,65.75,29874907
2021-07-07,66.68828582763672,67.80000305175781,68.19999694824219,63.900001525878906,64.75,107610245
2021-07-08,65.95059204101562,67.05000305175781,69.0,66.3499984741211,68.0,63877406
2021-07-09,65.36042022705078,66.44999694824219,67.4000015258789,66.05000305175781,66.9000015258789,46231697
2021-07-12,65.50796508789062,66.5999984741211,68.30000305175781,65.80000305175781,67.0999984741211,39592408
2021-07-13,65.31124877929688,66.4000015258789,67.0999984741211,66.25,67.0,31055765
2021-07-14,64.770263671875,65.8499984741211,67.0999984741211,65.55000305175781,66.3499984741211,25001862
2021-07-15,63.885013580322266,64.94999694824219,66.0999984741211,64.80000305175781,65.8499984741211,23376344
2021-07-16,65.16370391845703,66.25,67.0,65.05000305175781,65.0999984741211,35622518
2021-07-19,62.95059967041016,64.0,65.75,63.79999923706055,65.25,45955101
2021-07-20,62.163719177246094,63.20000076293945,64.75,62.400001525878906,64.3499984741211,39112354
2021-07-22,63.4915885925293,64.55000305175781,64.9000015258789,63.70000076293945,63.70000076293945,22648698
2021-07-23,62.90141677856445,63.95000076293945,65.0999984741211,63.650001525878906,64.6500015258789,21843100
2021-07-26,61.67191696166992,62.70000076293945,64.0,62.5,63.900001525878906,20830093
2021-07-27,60.49159240722656,61.5,63.95000076293945,61.25,63.09999847412109,31595300
2021-07-28,59.3112678527832,60.29999923706055,61.70000076293945,58.79999923706055,61.59999847412109,48463361
2021-07-29,59.21290969848633,60.20000076293945,61.45000076293945,59.34999847412109,60.5,36237615
2021-07-30,58.426025390625,59.400001525878906,62.25,58.79999923706055,60.54999923706055,64497796
2021-08-02,58.86864471435547,59.84999847412109,61.34999847412109,57.150001525878906,58.09999847412109,73899617
2021-08-03,58.13094329833984,59.09999847412109,60.59999847412109,58.900001525878906,60.29999923706055,30057995
2021-08-04,57.04898452758789,58.0,60.0,57.75,59.59999847412109,28143341
2021-08-05,56.311279296875,57.25,57.59999847412109,55.0,57.5,57870302
2021-08-06,56.60635757446289,57.54999923706055,58.84999847412109,56.59999847412109,56.900001525878906,30135489
2021-08-09,55.08177185058594,56.0,57.900001525878906,55.59999847412109,57.650001525878906,24710657
2021-08-10,53.70472717285156,54.59999847412109,57.29999923706055,53.59999847412109,56.0,32237188
2021-08-11,53.60637283325195,54.5,55.150001525878906,52.900001525878906,54.59999847412109,35786362
2021-08-12,54.93423461914063,55.84999847412109,56.20000076293945,54.5,54.650001525878906,29271670
2021-08-13,54.68833160400391,55.59999847412109,56.34999847412109,54.84999847412109,55.79999923706055,25049016
2021-08-16,53.31128692626953,54.20000076293945,55.79999923706055,54.0,55.59999847412109,26369729
2021-08-17,51.88506317138672,52.75,54.650001525878906,52.59999847412109,54.0,30710411
2021-08-18,53.55718994140625,54.45000076293945,55.09999847412109,52.04999923706055,52.650001525878906,48195539
2021-08-20,50.8031005859375,51.650001525878906,54.34999847412109,51.150001525878906,53.95000076293945,35462206
2021-08-23,50.60638046264648,51.45000076293945,52.54999923706055,49.95000076293945,52.0,41180042
2021-08-24,52.37686538696289,53.25,53.5,50.84999847412109,51.400001525878906,34796030
2021-08-25,52.22932434082031,53.09999847412109,53.650001525878906,52.650001525878906,53.25,26650342
2021-08-26,51.14736175537109,52.0,53.400001525878906,51.79999923706055,53.09999847412109,22209147
2021-08-27,53.31128692626953,54.20000076293945,54.70000076293945,52.29999923706055,52.45000076293945,47297035
2021-08-30,53.21292495727539,54.09999847412109,55.150001525878906,53.34999847412109,54.34999847412109,29654256
2021-08-31,51.68833923339844,52.54999923706055,54.20000076293945,52.150001525878906,54.09999847412109,30251959
2021-09-01,54.04899597167969,54.95000076293945,55.54999923706055,52.59999847412109,54.5,77814672
2021-09-02,53.80309295654297,54.70000076293945,55.54999923706055,54.34999847412109,54.95000076293945,34975008
2021-09-03,54.54079055786133,55.45000076293945,56.20000076293945,54.0,54.70000076293945,41379799
2021-09-06,54.54079055786133,55.45000076293945,56.34999847412109,55.04999923706055,55.84999847412109,26518805
2021-09-07,54.39324951171875,55.29999923706055,56.79999923706055,54.0,55.5,41841969
2021-09-08,54.78669738769531,55.70000076293945,56.29999923706055,55.04999923706055,55.29999923706055,24443457
2021-09-09,54.73751449584961,55.650001525878906,56.25,55.20000076293945,55.400001525878906,18226347
2021-09-13,54.24571228027344,55.150001525878906,55.900001525878906,55.0,55.70000076293945,21565898
2021-09-14,57.04898452758789,58.0,58.5,55.20000076293945,55.400001525878906,59747450
2021-09-15,56.95062255859375,57.900001525878906,58.5,57.5,58.400001525878906,28300364
2021-09-16,57.24570083618164,58.20000076293945,59.95000076293945,57.54999923706055,58.150001525878906,38178964
2021-09-17,55.62275695800781,56.54999923706055,58.84999847412109,56.25,58.45000076293945,38626513
2021-09-20,53.16374969482422,54.04999923706055,56.59999847412109,53.59999847412109,55.84999847412109,26766122
2021-09-21,53.50801467895508,54.400001525878906,54.650001525878906,53.04999923706055,54.04999923706055,25946767
2021-09-22,56.11455535888672,57.04999923706055,57.400001525878906,54.25,54.29999923706055,33744100
2021-09-23,56.212921142578125,57.150001525878906,58.04999923706055,57.0,57.5,22157667
2021-09-24,55.32767868041992,56.25,59.150001525878906,55.84999847412109,57.150001525878906,53416142
2021-09-27,56.01619720458984,56.95000076293945,57.59999847412109,55.900001525878906,56.70000076293945,22672655
2021-09-28,59.36044692993164,60.34999847412109,60.900001525878906,56.84999847412109,56.95000076293945,117412631
2021-09-29,61.7702751159668,62.79999923706055,63.95000076293945,60.400001525878906,60.900001525878906,130367062
2021-09-30,63.58993911743164,64.6500015258789,65.25,62.45000076293945,63.25,84962917
2021-10-01,64.52436065673828,65.5999984741211,66.30000305175781,63.59999847412109,64.30000305175781,73574574
2021-10-04,64.47518920898438,65.55000305175781,66.19999694824219,64.69999694824219,65.94999694824219,43796233
2021-10-05,65.16370391845703,66.25,68.0,65.3499984741211,65.55000305175781,59198873
2021-10-06,62.163719177246094,63.20000076293945,67.0999984741211,62.70000076293945,66.80000305175781,47534375
2021-10-07,62.21289825439453,63.25,64.8499984741211,63.09999847412109,63.900001525878906,30079052
2021-10-08,64.37682342529297,65.44999694824219,66.25,63.04999923706055,63.70000076293945,60132715
2021-10-11,65.65550994873047,66.75,68.30000305175781,64.8499984741211,65.69999694824219,79804445
2021-10-12,69.44237518310547,70.5999984741211,71.19999694824219,65.9000015258789,66.6500015258789,194579626
2021-10-13,74.99974060058594,76.25,80.3499984741211,71.5,71.69999694824219,284153085
2021-10-14,73.13088989257812,74.3499984741211,77.69999694824219,74.0,77.0,63824644
2021-10-18,73.37678527832031,74.5999984741211,77.44999694824219,74.0999984741211,74.9000015258789,62935135
2021-10-19,68.45877838134766,69.5999984741211,76.55000305175781,67.94999694824219,74.9000015258789,60458394
2021-10-20,71.70466613769531,72.9000015258789,73.5999984741211,68.25,69.9000015258789,90667104
2021-10-21,70.37680053710938,71.55000305175781,73.9000015258789,69.75,73.19999694824219,80710120
2021-10-22,68.16370391845703,69.30000305175781,72.55000305175781,68.94999694824219,71.80000305175781,45361973
2021-10-25,67.57353210449219,68.69999694824219,70.30000305175781,67.55000305175781,70.05000305175781,46106791
2021-10-26,70.47516632080078,71.6500015258789,72.0999984741211,68.6500015258789,68.9000015258789,61931483
2021-10-27,69.73745727539062,70.9000015258789,73.0999984741211,70.25,71.80000305175781,49001065
2021-10-28,66.8358383178711,67.94999694824219,70.8499984741211,67.3499984741211,70.8499984741211,45480814
2021-10-29,67.13091278076172,68.25,69.3499984741211,63.75,67.4000015258789,74880481
2021-11-01,70.57351684570312,71.75,72.0,68.69999694824219,68.80000305175781,47088878
2021-11-02,71.16368865966797,72.3499984741211,73.0,71.5,71.80000305175781,43239091
2021-11-03,70.22926330566406,71.4000015258789,73.80000305175781,70.8499984741211,72.69999694824219,40004115
2021-11-04,70.47516632080078,71.6500015258789,72.4000015258789,71.44999694824219,72.0,5126467
2021-11-08,71.80302429199219,73.0,73.9000015258789,71.94999694824219,72.1500015258789,40376175
2021-11-09,70.91777801513672,72.0999984741211,74.5,71.5999984741211,73.0,60335360
2021-11-10,65.16370391845703,66.25,69.8499984741211,66.0,68.80000305175781,138304800
2021-11-11,63.73748779296875,64.80000305175781,67.0999984741211,64.19999694824219,67.0999984741211,39623805
2021-11-12,64.08174896240234,65.1500015258789,65.75,63.75,65.0,36992832
2021-11-15,63.09814834594727,64.1500015258789,65.5,63.79999923706055,65.1500015258789,18093447
2021-11-16,62.655521392822266,63.70000076293945,64.5999984741211,63.34999847412109,64.0999984741211,18854850
2021-11-17,62.99978256225586,64.05000305175781,64.94999694824219,63.29999923706055,63.5,19432448
2021-11-18,61.27847290039063,62.29999923706055,64.75,61.84999847412109,64.5,24759369
2021-11-22,59.06536865234375,60.04999923706055,62.5,59.54999923706055,62.20000076293945,26537396
2021-11-23,62.655521392822266,63.70000076293945,64.4000015258789,59.29999923706055,59.79999923706055,54491542
2021-11-24,61.42601776123047,62.45000076293945,64.0999984741211,62.150001525878906,64.0,26787634
2021-11-25,61.72109222412109,62.75,63.45000076293945,61.70000076293945,62.400001525878906,28317022
2021-11-26,58.47520446777344,59.45000076293945,62.400001525878906,59.0,62.0,35551381
2021-11-29,56.85226058959961,57.79999923706055,59.900001525878906,56.79999923706055,59.400001525878906,34876783
2021-11-30,57.934226989746094,58.900001525878906,60.70000076293945,57.59999847412109,58.400001525878906,39289768
2021-12-01,59.06536865234375,60.04999923706055,60.34999847412109,57.95000076293945,59.25,33349600
2021-12-02,59.55717086791992,60.54999923706055,60.79999923706055,59.45000076293945,59.5,25902010
2021-12-03,59.45880508422852,60.45000076293945,61.84999847412109,60.25,60.54999923706055,24423428
2021-12-06,59.90143203735352,60.900001525878906,62.95000076293945,60.04999923706055,60.5,43929860
2021-12-07,61.08175277709961,62.09999847412109,62.59999847412109,61.0,61.5,24391252
2021-12-08,61.57355499267578,62.59999847412109,62.95000076293945,61.75,62.95000076293945,20955993
2021-12-09,63.09814834594727,64.1500015258789,64.44999694824219,62.0,62.70000076293945,32530991
2021-12-10,63.4915885925293,64.55000305175781,64.9000015258789,63.5,63.95000076293945,34504988
2021-12-13,62.90141677856445,63.95000076293945,66.05000305175781,63.75,65.4000015258789,23669811
2021-12-14,63.73748779296875,64.80000305175781,65.55000305175781,63.400001525878906,63.95000076293945,27498312
2021-12-15,63.44240188598633,64.5,66.0,64.0,64.75,36670268
2021-12-16,64.03256225585938,65.0999984741211,65.5,63.75,65.19999694824219,28718661
2021-12-17,59.16373062133789,60.150001525878906,65.30000305175781,59.70000076293945,65.1500015258789,61215633
2021-12-20,56.06538009643555,57.0,59.900001525878906,56.04999923706055,59.900001525878906,47400432
2021-12-21,56.36045837402344,57.29999923706055,58.79999923706055,56.70000076293945,57.75,29272382
2021-12-22,57.44242477416992,58.400001525878906,58.650001525878906,57.59999847412109,57.650001525878906,21868577
2021-12-23,57.88504409790039,58.84999847412109,59.54999923706055,58.650001525878906,58.84999847412109,20133308
2021-12-24,56.212921142578125,57.150001525878906,59.25,56.900001525878906,59.09999847412109,27427209
2021-12-27,56.655540466308594,57.59999847412109,57.900001525878906,56.29999923706055,57.0,26450977
2021-12-28,57.24570083618164,58.20000076293945,58.70000076293945,57.84999847412109,58.09999847412109,19540853
2021-12-29,57.1473388671875,58.09999847412109,58.59999847412109,57.5,58.20000076293945,15659936
2021-12-30,56.16373825073242,57.09999847412109,58.20000076293945,56.79999923706055,58.09999847412109,21703724
2021-12-31,57.98340225219727,58.95000076293945,59.45000076293945,57.25,57.400001525878906,29471570
2022-01-03,59.7047119140625,60.70000076293945,60.95000076293945,58.75,59.0,26998477
2022-01-04,59.06536865234375,60.04999923706055,61.20000076293945,59.29999923706055,60.95000076293945,23684780
2022-01-05,58.81946563720703,59.79999923706055,60.59999847412109,59.5,59.54999923706055,21100778
2022-01-06,59.16373062133789,60.150001525878906,60.54999923706055,58.54999923706055,59.150001525878906,21274724
2022-01-07,58.52438735961914,59.5,61.09999847412109,58.900001525878906,61.0,23860527
2022-01-10,61.62273788452149,62.650001525878906,62.900001525878906,59.70000076293945,59.79999923706055,46077589
2022-01-11,60.88503646850586,61.900001525878906,63.29999923706055,61.400001525878906,62.59999847412109,28263294
2022-01-12,61.32765579223633,62.34999847412109,62.59999847412109,61.29999923706055,62.04999923706055,22751471
2022-01-13,61.67191696166992,62.70000076293945,63.650001525878906,61.59999847412109,62.45000076293945,27759563
2022-01-14,62.655521392822266,63.70000076293945,64.55000305175781,62.04999923706055,62.54999923706055,38827107
2022-01-17,62.80305862426758,63.84999847412109,64.5999984741211,63.54999923706055,64.05000305175781,24887809
2022-01-18,59.65553283691406,60.650001525878906,64.0999984741211,60.34999847412109,64.0,36833735
2022-01-19,60.83585357666016,61.84999847412109,62.0,60.0,60.75,24114802
2022-01-20,60.68830871582031,61.70000076293945,62.29999923706055,61.09999847412109,62.0,16346200
2022-01-21,58.62274169921875,59.59999847412109,62.25,58.54999923706055,61.400001525878906,26625295
2022-01-24,56.311279296875,57.25,60.09999847412109,56.29999923706055,59.79999923706055,29775640
2022-01-25,56.655540466308594,57.59999847412109,58.34999847412109,56.29999923706055,56.95000076293945,28811319
2022-01-27,58.426025390625,59.400001525878906,60.34999847412109,57.0,57.45000076293945,51899167
2022-01-28,56.80308151245117,57.75,61.75,57.5,61.400001525878906,61785304
2022-01-31,57.04898452758789,58.0,58.79999923706055,56.79999923706055,58.20000076293945,37774703
2022-02-01,58.81946563720703,59.79999923706055,60.79999923706055,58.0,58.29999923706055,53793696
2022-02-02,59.36044692993164,60.34999847412109,61.650001525878906,59.75,60.20000076293945,32156077
2022-02-03,59.11454772949219,60.09999847412109,61.04999923706055,59.70000076293945,60.400001525878906,27294506
2022-02-04,57.78667831420898,58.75,60.20000076293945,58.5,60.20000076293945,25226133
2022-02-07,56.655540466308594,57.59999847412109,59.20000076293945,57.29999923706055,58.75,26932812
2022-02-08,54.83587646484375,55.75,58.0,55.20000076293945,57.900001525878906,41744108
2022-02-09,54.78669738769531,55.70000076293945,56.5,55.20000076293945,56.0,17705304
2022-02-10,56.11455535888672,57.04999923706055,57.45000076293945,55.59999847412109,56.0,19498660
2022-02-11,55.37685394287109,56.29999923706055,57.0,55.84999847412109,56.5,13652835
2022-02-14,52.278507232666016,53.150001525878906,55.45000076293945,52.70000076293945,55.25,26510266
2022-02-15,53.90144729614258,54.79999923706055,55.5,52.70000076293945,54.0,20300727
2022-02-16,54.19652938842773,55.09999847412109,55.70000076293945,54.45000076293945,55.29999923706055,17655412
2022-02-17,53.36046600341797,54.25,56.34999847412109,54.09999847412109,55.29999923706055,45900731
2022-02-18,52.52440643310547,53.400001525878906,54.45000076293945,53.20000076293945,54.25,17873081
2022-02-21,49.67195892333984,50.5,53.400001525878906,50.20000076293945,53.0,44296864
2022-02-22,48.63917541503906,49.45000076293945,50.09999847412109,48.20000076293945,49.70000076293945,51316741
2022-02-23,48.835899353027344,49.650001525878906,50.900001525878906,49.54999923706055,49.75,31779044
2022-02-24,43.622802734375,44.34999847412109,48.25,44.0,47.95000076293945,48563259
2022-02-25,47.36049270629883,48.150001525878906,49.45000076293945,46.09999847412109,47.59999847412109,61882199
2022-02-28,49.03261566162109,49.84999847412109,50.150001525878906,47.0,48.0,41519924
2022-03-02,49.57360076904297,50.400001525878906,51.0,49.04999923706055,49.70000076293945,33734292
2022-03-03,49.62277603149414,50.45000076293945,51.59999847412109,50.150001525878906,51.09999847412109,25803995
2022-03-04,48.39327621459961,49.20000076293945,50.59999847412109,49.0,49.95000076293945,25945200
2022-03-07,47.95064926147461,48.75,49.150001525878906,47.5,48.20000076293945,25686510
2022-03-08,49.27851486206055,50.09999847412109,50.5,48.5,48.75,26663604
2022-03-09,49.81949996948242,50.650001525878906,51.0,49.84999847412109,50.45000076293945,25304136
2022-03-10,50.21293640136719,51.04999923706055,52.29999923706055,50.70000076293945,51.400001525878906,28489527
2022-03-11,51.04899978637695,51.900001525878906,52.150001525878906,50.84999847412109,51.04999923706055,23386870
2022-03-14,50.21293640136719,51.04999923706055,52.34999847412109,50.54999923706055,51.84999847412109,20912014
2022-03-15,49.37687301635742,50.20000076293945,51.75,49.70000076293945,51.45000076293945,21490509
2022-03-16,50.3604850769043,51.20000076293945,51.400001525878906,50.54999923706055,50.650001525878906,16457526
2022-03-17,50.55720138549805,51.400001525878906,51.95000076293945,51.20000076293945,51.84999847412109,16130728
2022-03-21,49.86867904663086,50.70000076293945,51.70000076293945,50.59999847412109,51.650001525878906,14160082
2022-03-22,50.16375732421875,51.0,51.150001525878906,50.09999847412109,50.75,18084732
2022-03-23,50.409664154052734,51.25,53.09999847412109,51.09999847412109,51.400001525878906,37287036
2022-03-24,50.50801467895508,51.34999847412109,52.0,50.900001525878906,51.04999923706055,17503276
2022-03-25,50.8031005859375,51.650001525878906,52.400001525878906,51.25,51.5,24798590
2022-03-28,49.03261566162109,49.84999847412109,52.0,49.59999847412109,52.0,28281264
2022-03-29,48.2949104309082,49.09999847412109,50.29999923706055,48.79999923706055,50.150001525878906,24751771
2022-03-30,49.37687301635742,50.20000076293945,50.75,49.45000076293945,49.54999923706055,25234310
2022-03-31,48.54081344604492,49.34999847412109,50.5,49.20000076293945,50.5,22962401
2022-04-01,52.9670295715332,53.84999847412109,54.20000076293945,49.45000076293945,49.5,74868337
2022-04-04,53.50801467895508,54.400001525878906,54.59999847412109,53.5,54.29999923706055,34054330
2022-04-05,55.13095474243164,56.04999923706055,56.79999923706055,54.34999847412109,54.70000076293945,34624398
2022-04-06,55.81947708129883,56.75,57.400001525878906,55.54999923706055,55.95000076293945,42528918
2022-04-07,55.62275695800781,56.54999923706055,58.650001525878906,55.900001525878906,56.79999923706055,45264070
2022-04-08,55.62275695800781,56.54999923706055,57.09999847412109,56.0,56.95000076293945,19306565
2022-04-11,55.67193603515625,56.59999847412109,57.70000076293945,56.34999847412109,56.54999923706055,19058505
2022-04-12,54.34407424926758,55.25,56.59999847412109,54.34999847412109,56.59999847412109,25159871
2022-04-13,53.80309295654297,54.70000076293945,55.900001525878906,54.54999923706055,55.54999923706055,15633459
2022-04-18,53.50801467895508,54.400001525878906,55.150001525878906,53.54999923706055,54.45000076293945,18237871
2022-04-19,52.67194747924805,53.54999923706055,55.900001525878906,52.650001525878906,55.0,26507027
2022-04-20,52.9670295715332,53.84999847412109,54.5,53.09999847412109,53.75,17850871
2022-04-21,53.80309295654297,54.70000076293945,55.09999847412109,54.04999923706055,54.09999847412109,18520814
2022-04-22,53.06538772583008,53.95000076293945,55.650001525878906,53.79999923706055,54.45000076293945,21803030
2022-04-25,50.8522834777832,51.70000076293945,53.25,51.29999923706055,53.25,31725522
2022-04-26,52.081790924072266,52.95000076293945,53.09999847412109,51.900001525878906,52.25,21251537
2022-04-27,51.737525939941406,52.59999847412109,53.400001525878906,51.75,52.5,19789916
2022-04-28,52.917850494384766,53.79999923706055,54.150001525878906,52.20000076293945,53.0,24440581
2022-04-29,51.78670883178711,52.650001525878906,54.84999847412109,52.45000076293945,54.20000076293945,20369122
2022-05-02,51.54080581665039,52.400001525878906,52.59999847412109,51.34999847412109,52.20000076293945,16280662
2022-05-04,51.49162292480469,52.34999847412109,54.400001525878906,51.84999847412109,52.5,32442013
2022-05-05,52.9670295715332,53.84999847412109,55.45000076293945,52.79999923706055,52.95000076293945,43687971
2022-05-06,50.21293640136719,51.04999923706055,52.95000076293945,50.5,52.95000076293945,37146290
2022-05-09,48.58999633789063,49.400001525878906,50.84999847412109,48.79999923706055,50.75,32286106
2022-05-10,47.55720901489258,48.34999847412109,50.54999923706055,48.09999847412109,49.25,23048696
2022-05-11,46.08180236816406,46.84999847412109,49.0,45.59999847412109,48.95000076293945,31708100
2022-05-12,44.65558242797852,45.400001525878906,46.54999923706055,44.5,46.25,29606312
2022-05-13,45.54082107543945,46.29999923706055,47.84999847412109,46.04999923706055,46.400001525878906,28207461
2022-05-16,47.852294921875,48.650001525878906,49.09999847412109,46.04999923706055,47.0,27593828
2022-05-17,49.130977630615234,49.95000076293945,50.150001525878906,48.70000076293945,49.900001525878906,22875497
2022-05-18,48.98343276977539,49.79999923706055,50.34999847412109,49.400001525878906,49.79999923706055,20804686
2022-05-19,48.54081344604492,49.34999847412109,50.09999847412109,48.0,48.5,24918767
2022-05-20,52.22932434082031,53.09999847412109,53.5,50.0,50.0,52063254
2022-05-23,50.262115478515625,51.09999847412109,55.79999923706055,50.84999847412109,55.20000076293945,62079730
2022-05-24,49.57360076904297,50.400001525878906,51.5,50.04999923706055,51.400001525878906,23518464
2022-05-25,48.49163055419922,49.29999923706055,50.79999923706055,48.900001525878906,50.75,20752902
2022-05-26,49.37687301635742,50.20000076293945,50.5,47.70000076293945,49.45000076293945,31516573
2022-05-27,50.311302185058594,51.150001525878906,51.34999847412109,50.150001525878906,50.5,22624272
2022-05-30,50.7539176940918,51.59999847412109,52.04999923706055,51.29999923706055,51.79999923706055,15618484
2022-05-31,50.3604850769043,51.20000076293945,52.150001525878906,51.0,51.45000076293945,13815189
2022-06-01,50.8522834777832,51.70000076293945,52.400001525878906,51.20000076293945,51.5,19031052
2022-06-02,51.34408187866211,52.20000076293945,52.400001525878906,51.45000076293945,51.650001525878906,14396611
2022-06-03,49.77031707763672,50.59999847412109,52.70000076293945,50.45000076293945,52.54999923706055,16818510
2022-06-06,50.16375732421875,51.0,51.20000076293945,49.75,50.400001525878906,13106186
2022-06-07,49.67195892333984,50.5,51.34999847412109,50.09999847412109,51.0,12461144
2022-06-08,49.77031707763672,50.59999847412109,51.29999923706055,50.150001525878906,50.84999847412109,13141747
2022-06-09,49.86867904663086,50.70000076293945,50.900001525878906,50.04999923706055,50.400001525878906,10558307
2022-06-10,48.98343276977539,49.79999923706055,50.5,49.5,50.04999923706055,12084428
2022-06-13,46.671966552734375,47.45000076293945,49.20000076293945,47.25,49.0,17092346
2022-06-14,46.77032470703125,47.54999923706055,48.54999923706055,47.09999847412109,47.5,14122032
2022-06-15,46.72114562988281,47.5,48.09999847412109,47.29999923706055,48.0,10067299
2022-06-16,44.852298736572266,45.59999847412109,48.20000076293945,45.29999923706055,47.900001525878906,18970107
2022-06-17,44.11459732055664,44.84999847412109,45.79999923706055,44.59999847412109,45.59999847412109,19423105
2022-06-20,41.40969467163086,42.09999847412109,45.34999847412109,41.400001525878906,45.25,29513123
2022-06-21,44.016239166259766,44.75,44.95000076293945,42.400001525878906,43.5,22661754
2022-06-22,42.93427658081055,43.650001525878906,44.70000076293945,43.34999847412109,44.70000076293945,15810723
2022-06-23,43.5736198425293,44.29999923706055,44.75,43.5,43.900001525878906,18750796
2022-06-24,44.80312728881836,45.54999923706055,45.75,44.5,44.54999923706055,14019484
2022-06-27,45.196563720703125,45.95000076293945,46.650001525878906,45.900001525878906,46.09999847412109,12631665
2022-06-28,45.54082107543945,46.29999923706055,46.45000076293945,45.400001525878906,45.54999923706055,10726671
2022-06-29,45.393287658691406,46.150001525878906,46.45000076293945,45.650001525878906,46.20000076293945,12444297
2022-06-30,44.21296310424805,44.95000076293945,46.650001525878906,44.75,46.04999923706055,12928130
2022-07-01,44.90148162841797,45.650001525878906,45.79999923706055,44.400001525878906,44.79999923706055,11083459
2022-07-04,44.950660705566406,45.70000076293945,46.09999847412109,45.09999847412109,45.400001525878906,8313484
2022-07-05,44.4588623046875,45.20000076293945,46.34999847412109,45.0,45.900001525878906,10855459
2022-07-06,45.196563720703125,45.95000076293945,46.09999847412109,44.400001525878906,45.20000076293945,13265068
2022-07-07,46.22935104370117,47.0,47.150001525878906,46.150001525878906,46.25,12754453
2022-07-08,46.27852630615234,47.04999923706055,47.400001525878906,46.59999847412109,47.25,9073561
2022-07-11,47.26212692260742,48.04999923706055,48.20000076293945,46.59999847412109,46.75,15327095
2022-07-12,47.70475006103516,48.5,49.70000076293945,47.5,47.900001525878906,26846741
2022-07-13,47.55720901489258,48.34999847412109,48.95000076293945,48.04999923706055,48.75,11393802
2022-07-14,48.44245147705078,49.25,49.5,48.20000076293945,48.5,17190244
2022-07-15,48.7375373840332,49.54999923706055,49.70000076293945,48.79999923706055,49.34999847412109,14733964
2022-07-18,49.62277603149414,50.45000076293945,50.70000076293945,49.79999923706055,49.79999923706055,15327967
2022-07-19,50.3604850769043,51.20000076293945,51.650001525878906,50.29999923706055,50.400001525878906,17326606
2022-07-20,49.91785430908203,50.75,51.70000076293945,50.54999923706055,51.59999847412109,12672579
2022-07-21,52.57358932495117,53.45000076293945,53.95000076293945,50.54999923706055,50.95000076293945,31402684
2022-07-22,52.18014144897461,53.04999923706055,53.95000076293945,52.20000076293945,53.75,23174430
2022-07-25,52.9670295715332,53.84999847412109,54.0,52.84999847412109,53.0,22259520
2022-07-26,51.14736175537109,52.0,54.0,51.54999923706055,53.95000076293945,19616877
2022-07-27,51.83588790893555,52.70000076293945,53.150001525878906,52.0,52.04999923706055,14565909
2022-07-28,52.37686538696289,53.25,53.5,52.150001525878906,52.75,15680825
2022-07-29,52.9670295715332,53.84999847412109,54.75,53.59999847412109,53.70000076293945,19856494
2022-08-01,53.80309295654297,54.70000076293945,55.20000076293945,53.79999923706055,54.45000076293945,22164390
2022-08-02,53.655548095703125,54.54999923706055,55.45000076293945,54.25,54.54999923706055,19199618
2022-08-03,52.32768630981445,53.20000076293945,54.79999923706055,52.34999847412109,54.650001525878906,21585274
2022-08-04,51.78670883178711,52.650001525878906,53.84999847412109,52.0,53.5,29617217
2022-08-05,50.8031005859375,51.650001525878906,52.75,51.5,52.04999923706055,18574304
2022-08-08,50.99982070922852,51.84999847412109,52.54999923706055,51.59999847412109,51.70000076293945,17681708
2022-08-10,51.78670883178711,52.650001525878906,52.95000076293945,51.34999847412109,51.75,15013045
2022-08-11,52.03260803222656,52.900001525878906,53.5,52.650001525878906,53.0,12114335
2022-08-12,52.03260803222656,52.900001525878906,53.5,52.79999923706055,52.900001525878906,10763916
2022-08-16,53.01620864868164,53.900001525878906,54.09999847412109,52.900001525878906,53.20000076293945,13280628
2022-08-17,52.8686637878418,53.75,54.25,53.5,53.95000076293945,11873959
2022-08-18,55.27849960327149,56.20000076293945,56.54999923706055,53.29999923706055,53.650001525878906,51698789
2022-08-19,53.21292495727539,54.09999847412109,56.70000076293945,53.84999847412109,56.59999847412109,24153753
2022-08-22,51.44244766235352,52.29999923706055,54.09999847412109,52.04999923706055,54.09999847412109,15731612
2022-08-23,52.18014144897461,53.04999923706055,53.20000076293945,51.75,51.95000076293945,14839367
2022-08-24,52.37686538696289,53.25,53.5,52.5,53.04999923706055,13850255
2022-08-25,56.50800323486328,57.45000076293945,59.20000076293945,53.5,53.5,123809633
2022-08-26,56.90143966674805,57.84999847412109,58.75,57.5,58.0,35382649
2022-08-29,58.229305267333984,59.20000076293945,60.70000076293945,55.59999847412109,56.0,64083519
2022-08-30,57.83586502075195,58.79999923706055,60.09999847412109,58.5,60.0,24352411
2022-09-01,59.16373062133789,60.150001525878906,61.0,58.0,58.59999847412109,33962599
2022-09-02,58.32766342163086,59.29999923706055,61.34999847412109,59.0,61.150001525878906,35218282
2022-09-05,59.50798416137695,60.5,61.34999847412109,59.29999923706055,59.29999923706055,29311116
2022-09-06,59.80306625366211,60.79999923706055,61.70000076293945,60.400001525878906,60.75,29811637
2022-09-07,61.08175277709961,62.09999847412109,62.650001525878906,60.45000076293945,60.59999847412109,40008816
2022-09-08,62.01617431640625,63.04999923706055,63.70000076293945,62.75,62.900001525878906,46822765
2022-09-09,63.14731979370117,64.19999694824219,65.0999984741211,63.45000076293945,63.84999847412109,58624534
2022-09-12,62.75387954711914,63.79999923706055,64.5,63.29999923706055,64.30000305175781,20900641
2022-09-13,62.26208114624024,63.29999923706055,64.44999694824219,63.09999847412109,64.0,16512339
2022-09-14,62.06535339355469,63.09999847412109,63.59999847412109,61.400001525878906,61.400001525878906,21610596
2022-09-15,61.075477600097656,61.70000076293945,63.25,61.34999847412109,63.09999847412109,19845442
2022-09-16,58.79876327514648,59.400001525878906,62.09999847412109,58.75,61.59999847412109,27215734
2022-09-19,58.60078430175781,59.20000076293945,60.29999923706055,59.0,59.54999923706055,14671038
2022-09-20,59.49167251586914,60.09999847412109,61.0,59.650001525878906,59.70000076293945,14192397
2022-09-21,58.50179672241211,59.09999847412109,60.5,58.84999847412109,60.150001525878906,13977349
2022-09-22,58.79876327514648,59.400001525878906,59.95000076293945,58.09999847412109,59.04999923706055,16097084
2022-09-23,57.41292953491211,58.0,60.150001525878906,57.650001525878906,59.650001525878906,20665995
2022-09-26,54.78974914550781,55.34999847412109,57.75,54.900001525878906,57.75,23220636
2022-09-27,55.38368225097656,55.95000076293945,56.25,54.75,55.650001525878906,16032426
2022-09-28,56.4725456237793,57.04999923706055,57.54999923706055,55.34999847412109,56.20000076293945,29709270
2022-09-29,57.90787124633789,58.5,58.75,57.400001525878906,57.45000076293945,22008219
2022-09-30,59.293701171875,59.900001525878906,60.34999847412109,58.150001525878906,58.45000076293945,19809915
2022-10-03,59.93711471557617,60.54999923706055,61.79999923706055,59.900001525878906,60.29999923706055,33110061
2022-10-04,61.372440338134766,62.0,62.400001525878906,61.09999847412109,61.400001525878906,19488969
2022-10-06,63.20371627807617,63.84999847412109,64.1500015258789,62.5,62.5,33973394
2022-10-07,63.253211975097656,63.900001525878906,64.19999694824219,62.75,63.75,16854426
2022-10-10,62.56029510498047,63.20000076293945,63.70000076293945,62.34999847412109,62.75,16294745
2022-10-11,60.33307266235352,60.95000076293945,63.70000076293945,60.650001525878906,63.400001525878906,19652471
2022-10-12,60.97648620605469,61.59999847412109,61.900001525878906,60.04999923706055,61.400001525878906,15229878
2022-10-13,60.036109924316406,60.650001525878906,62.34999847412109,60.29999923706055,61.900001525878906,13430722
2022-10-14,60.92699813842773,61.54999923706055,62.900001525878906,61.34999847412109,62.45000076293945,21693441
2022-10-17,62.31283187866211,62.95000076293945,63.150001525878906,60.34999847412109,61.5,20535097
2022-10-18,67.50968933105469,68.19999694824219,69.19999694824219,62.59999847412109,63.29999923706055,139761163
2022-10-19,66.86626434326172,67.55000305175781,70.1500015258789,66.55000305175781,68.19999694824219,68570758
2022-10-20,65.77739715576172,66.44999694824219,67.69999694824219,66.0,67.30000305175781,27874547
2022-10-21,64.6390380859375,65.30000305175781,67.3499984741211,64.25,66.6500015258789,29166961
2022-10-24,65.57942962646484,66.25,66.5999984741211,65.80000305175781,66.5999984741211,4732523
2022-10-25,70.38033294677734,71.0999984741211,71.75,66.5,66.8499984741211,133272405
2022-10-27,72.162109375,72.9000015258789,73.5,70.5999984741211,71.5999984741211,56975973
2022-10-28,72.70653533935547,73.44999694824219,74.75,71.8499984741211,73.25,70321148
2022-10-31,73.30047607421875,74.05000305175781,74.69999694824219,72.94999694824219,73.75,32571520
2022-11-01,75.28023529052734,76.05000305175781,76.6500015258789,73.5999984741211,74.0,61773051
2022-11-02,73.8944091796875,74.6500015258789,76.5999984741211,74.05000305175781,76.0,40551107
2022-11-03,74.58731079101562,75.3499984741211,76.1500015258789,73.69999694824219,74.0,22652092
2022-11-04,75.28023529052734,76.05000305175781,77.44999694824219,75.3499984741211,75.44999694824219,28838769
2022-11-07,75.0822525024414,75.8499984741211,77.19999694824219,75.44999694824219,76.5999984741211,25692239
2022-11-09,74.04288482666016,74.80000305175781,76.44999694824219,74.4000015258789,76.1500015258789,24940437
2022-11-10,74.78529357910156,75.55000305175781,76.4000015258789,74.3499984741211,74.69999694824219,23204614
2022-11-11,73.74592590332031,74.5,77.0,73.9000015258789,77.0,29429192
2022-11-14,70.67729949951172,71.4000015258789,73.1500015258789,69.05000305175781,69.30000305175781,76991767
2022-11-15,69.63792419433594,70.3499984741211,71.3499984741211,70.0999984741211,70.9000015258789,14960753
2022-11-16,69.88539123535156,70.5999984741211,71.6500015258789,69.9000015258789,70.6500015258789,14645687
2022-11-17,69.63792419433594,70.3499984741211,71.25,70.1500015258789,70.5,9283135
2022-11-18,70.03388214111328,70.75,71.0,69.5999984741211,70.5,10058932
2022-11-21,71.32071685791016,72.05000305175781,72.25,70.5999984741211,70.6500015258789,19613606
2022-11-22,73.30047607421875,74.05000305175781,75.30000305175781,71.0,72.25,49800129
2022-11-23,74.19136047363281,74.94999694824219,76.19999694824219,74.1500015258789,74.69999694824219,29457345
2022-11-24,74.04288482666016,74.80000305175781,75.94999694824219,74.4000015258789,75.30000305175781,13578346
2022-11-25,81.1205062866211,81.94999694824219,82.25,75.30000305175781,75.4000015258789,125076142
2022-11-28,80.57608032226562,81.4000015258789,84.8499984741211,81.1500015258789,83.0,77942912
2022-11-29,80.2296142578125,81.05000305175781,82.55000305175781,80.6500015258789,81.80000305175781,23237977
2022-11-30,82.85279083251953,83.69999694824219,84.0,81.55000305175781,81.55000305175781,39048501
2022-12-01,83.79318237304688,84.6500015258789,85.4000015258789,83.05000305175781,84.0,35582972
2022-12-02,89.63346099853516,90.5500030517578,91.25,84.80000305175781,85.1500015258789,151605821
2022-12-05,86.76282501220703,87.6500015258789,91.5500030517578,87.0999984741211,91.3499984741211,54166041
2022-12-06,87.1092758178711,88.0,88.80000305175781,86.8499984741211,87.3499984741211,30697492
2022-12-07,86.26787567138672,87.1500015258789,88.44999694824219,86.0,88.0,23086451
2022-12-08,86.5648422241211,87.44999694824219,88.25,85.9000015258789,86.9000015258789,25351714
2022-12-09,84.63457489013672,85.5,89.6500015258789,84.4000015258789,87.94999694824219,40894739
2022-12-12,85.87191772460938,86.75,87.0999984741211,84.05000305175781,85.8499984741211,18971694
2022-12-13,84.7830581665039,85.6500015258789,87.4000015258789,85.0,87.0,11420243
2022-12-14,84.73355865478516,85.5999984741211,86.75,85.05000305175781,86.0999984741211,11608268
2022-12-15,83.10026550292969,83.94999694824219,87.0999984741211,83.5,85.75,15595022
2022-12-16,79.9821548461914,80.80000305175781,84.5,80.25,84.0,26157996
2022-12-19,82.9517822265625,83.80000305175781,84.0999984741211,80.55000305175781,81.25,25190170
2022-12-20,83.14976501464844,84.0,84.3499984741211,81.5,83.69999694824219,18459170
2022-12-21,80.32860565185547,81.1500015258789,87.05000305175781,80.5999984741211,84.30000305175781,60162462
2022-12-22,78.10137939453125,78.9000015258789,82.0999984741211,78.4000015258789,81.69999694824219,32843415
2022-12-23,73.20147705078125,73.94999694824219,78.8499984741211,73.5,78.1500015258789,33814978
2022-12-26,76.07213592529297,76.8499984741211,77.55000305175781,73.0999984741211,74.0,28743927
2022-12-27,76.91352081298828,77.69999694824219,78.30000305175781,76.5,77.5999984741211,20578890
2022-12-28,76.41858673095703,77.19999694824219,78.30000305175781,76.6500015258789,77.6500015258789,13477427
2022-12-29,78.05189514160156,78.8499984741211,79.9000015258789,75.8499984741211,76.9000015258789,22698606
2022-12-30,78.39834594726562,79.19999694824219,80.3499984741211,78.80000305175781,79.5,21058183
2023-01-02,79.33872985839844,80.1500015258789,81.6500015258789,79.19999694824219,79.55000305175781,18024909
2023-01-03,79.53669738769531,80.3499984741211,81.25,79.8499984741211,80.6500015258789,14562959
2023-01-04,78.39834594726562,79.19999694824219,80.5999984741211,77.5999984741211,80.5999984741211,19770399
2023-01-05,81.1205062866211,81.94999694824219,82.1500015258789,79.19999694824219,79.19999694824219,32813046
2023-01-06,80.92253112792969,81.75,83.5,81.0999984741211,82.30000305175781,25418809
2023-01-09,80.62555694580078,81.44999694824219,82.75,80.75,82.3499984741211,14591225
2023-01-10,79.0417709350586,79.8499984741211,81.6500015258789,78.30000305175781,81.44999694824219,15654141
2023-01-11,80.18013000488281,81.0,81.44999694824219,79.0999984741211,79.9000015258789,12606176
2023-01-12,79.19025421142578,80.0,81.4000015258789,79.0999984741211,81.4000015258789,11149830
2023-01-13,79.8831558227539,80.69999694824219,81.30000305175781,79.5999984741211,80.25,11720884
2023-01-16,78.94277954101562,79.75,81.80000305175781,79.5,80.94999694824219,8801145
2023-01-17,78.99227905273438,79.80000305175781,80.19999694824219,78.5,79.9000015258789,9659104
2023-01-18,80.08113098144531,80.9000015258789,81.19999694824219,79.55000305175781,80.0,12217656
2023-01-19,79.19025421142578,80.0,81.80000305175781,79.5999984741211,80.94999694824219,11636323
2023-01-20,79.9821548461914,80.80000305175781,83.3499984741211,80.30000305175781,80.69999694824219,34188777
2023-01-23,79.38822174072266,80.19999694824219,81.44999694824219,79.5,81.0999984741211,10598963
2023-01-24,77.75492858886719,78.55000305175781,80.69999694824219,78.19999694824219,80.3499984741211,11680665
2023-01-25,75.92364501953125,76.69999694824219,78.5999984741211,76.25,78.5,12122314
2023-01-27,72.5085678100586,73.25,77.19999694824219,71.6500015258789,76.69999694824219,24286328
2023-01-30,73.30047607421875,74.05000305175781,74.75,72.69999694824219,73.1500015258789,15140765
2023-01-31,77.6064453125,78.4000015258789,78.9000015258789,74.0,74.4000015258789,21605272
2023-02-01,74.83478546142578,75.5999984741211,79.69999694824219,73.9000015258789,79.1500015258789,25871135
2023-02-02,74.83478546142578,75.5999984741211,78.30000305175781,73.8499984741211,75.0,19704904
2023-02-03,74.19136047363281,74.94999694824219,76.19999694824219,73.4000015258789,76.19999694824219,20381422
2023-02-06,73.8944091796875,74.6500015258789,76.80000305175781,74.25,74.9000015258789,18279464
2023-02-07,74.33985137939453,75.0999984741211,76.30000305175781,74.44999694824219,75.19999694824219,10950829
2023-02-08,75.32972717285156,76.0999984741211,76.3499984741211,74.05000305175781,75.1500015258789,10258753
2023-02-09,75.57718658447266,76.3499984741211,76.5999984741211,74.80000305175781,76.19999694824219,10229353
2023-02-10,74.63681030273438,75.4000015258789,76.6500015258789,74.9000015258789,75.5999984741211,9331734
2023-02-13,70.82579040527344,71.55000305175781,76.5,70.55000305175781,75.9000015258789,39475505
2023-02-14,70.28134155273438,71.0,72.0999984741211,69.44999694824219,71.55000305175781,23192868
2023-02-15,71.02375793457031,71.75,72.05000305175781,69.80000305175781,71.0,11358552
2023-02-16,72.21160888671875,72.94999694824219,73.30000305175781,71.44999694824219,72.19999694824219,13731805
2023-02-17,71.66717529296875,72.4000015258789,73.30000305175781,71.5999984741211,72.25,11520434
2023-02-20,70.92476654052734,71.6500015258789,72.55000305175781,70.5999984741211,72.25,14307992
2023-02-21,70.03388214111328,70.75,72.44999694824219,70.30000305175781,71.5999984741211,10208971
2023-02-22,68.1036148071289,68.80000305175781,70.5,68.4000015258789,70.5,12057163
2023-02-23,68.25209045410156,68.94999694824219,69.80000305175781,68.0,69.1500015258789,9376810
2023-02-24,67.7076644897461,68.4000015258789,69.69999694824219,68.19999694824219,69.05000305175781,6920781
2023-02-27,66.42082214355469,67.0999984741211,68.5999984741211,66.30000305175781,68.3499984741211,10127233
2023-02-28,69.09349060058594,69.80000305175781,70.25,67.25,67.25,17700910
2023-03-01,72.06312561035156,72.80000305175781,73.0999984741211,69.5,69.75,19033336
2023-03-02,74.04288482666016,74.80000305175781,75.75,72.5,72.9000015258789,33846022
2023-03-03,73.94389343261719,74.69999694824219,75.5,74.0999984741211,75.30000305175781,12536302
2023-03-06,74.14187622070312,74.9000015258789,75.5,74.25,75.5,8700081
2023-03-08,77.2599868774414,78.05000305175781,78.3499984741211,74.19999694824219,74.5,23004128
2023-03-09,76.61656188964844,77.4000015258789,79.94999694824219,77.19999694824219,78.3499984741211,23650904
2023-03-10,76.22061157226562,77.0,78.19999694824219,75.75,76.0,17430705
2023-03-13,73.49844360351562,74.25,77.5999984741211,74.0,77.05000305175781,13019179
2023-03-14,74.04288482666016,74.80000305175781,75.0,73.3499984741211,74.3499984741211,11433968
2023-03-15,74.33985137939453,75.0999984741211,76.25,74.80000305175781,75.1500015258789,9616546
2023-03-16,74.83478546142578,75.5999984741211,76.0,73.25,75.0,10750873
2023-03-17,75.5277099609375,76.30000305175781,76.75,75.5,76.05000305175781,8659283
2023-03-20,73.49844360351562,74.25,76.3499984741211,73.5999984741211,76.25,9561209
2023-03-21,75.0822525024414,75.8499984741211,76.0,74.55000305175781,74.6500015258789,6583494
2023-03-22,73.4489517211914,74.19999694824219,76.44999694824219,74.0,76.0999984741211,8870115
2023-03-23,73.54794311523438,74.30000305175781,74.94999694824219,73.9000015258789,74.19999694824219,9246419
2023-03-24,71.0732421875,71.80000305175781,74.5,71.4000015258789,74.25,8853059
2023-03-27,70.33084106445312,71.05000305175781,72.30000305175781,70.6500015258789,72.0999984741211,9250889
2023-03-28,69.39044952392578,70.0999984741211,71.44999694824219,69.5999984741211,71.44999694824219,8741706
2023-03-29,69.58843994140625,70.30000305175781,71.25,69.69999694824219,70.19999694824219,21242210
2023-03-31,69.34095764160156,70.05000305175781,72.4000015258789,69.80000305175781,70.69999694824219,17429246
2023-04-03,69.09349060058594,69.80000305175781,71.44999694824219,69.5,71.0,20010201
2023-04-05,67.41069793701172,68.0999984741211,70.0999984741211,67.80000305175781,70.0999984741211,33221018
2023-04-06,69.88539123535156,70.5999984741211,71.0,67.5999984741211,68.0999984741211,36406171
2023-04-10,70.57831573486328,71.30000305175781,72.75,70.80000305175781,70.9000015258789,19229627
2023-04-11,71.22173309326172,71.94999694824219,72.80000305175781,71.19999694824219,71.30000305175781,12046522
2023-04-12,70.92476654052734,71.6500015258789,74.19999694824219,71.55000305175781,74.0,30215325
2023-04-13,71.0732421875,71.80000305175781,72.4000015258789,71.5,72.0999984741211,13653616
2023-04-17,71.9146499633789,72.6500015258789,73.0,71.0,71.80000305175781,10021225
2023-04-18,74.6863021850586,75.44999694824219,75.69999694824219,73.0,73.0999984741211,36556170
2023-04-19,74.63681030273438,75.4000015258789,76.94999694824219,75.0,75.55000305175781,19669027
2023-04-20,75.47820281982422,76.25,76.6500015258789,75.25,75.55000305175781,10833263
2023-04-21,74.48832702636719,75.25,76.44999694824219,74.6500015258789,76.0,9544452
2023-04-24,75.7751693725586,76.55000305175781,76.9000015258789,75.0,75.25,10625904
2023-04-25,76.31959533691406,77.0999984741211,77.8499984741211,76.3499984741211,76.94999694824219,15881484
2023-04-26,76.71554565429688,77.5,78.25,76.5999984741211,77.1500015258789,15774821
2023-04-27,76.517578125,77.30000305175781,77.69999694824219,76.8499984741211,77.44999694824219,8190609
2023-04-28,77.6064453125,78.4000015258789,78.6500015258789,77.55000305175781,77.80000305175781,14254949
2023-05-02,80.7740478515625,81.5999984741211,82.4000015258789,78.1500015258789,78.4000015258789,35606484
2023-05-03,86.06989288330078,86.94999694824219,87.94999694824219,80.80000305175781,81.5,89592598
2023-05-04,85.17900848388672,86.05000305175781,87.9000015258789,84.80000305175781,87.0,24553286
2023-05-05,79.93265533447266,80.75,85.6500015258789,79.5999984741211,85.55000305175781,64424735
2023-05-08,80.7740478515625,81.5999984741211,82.4000015258789,79.6500015258789,81.4000015258789,31172930
2023-05-09,78.59632873535156,79.4000015258789,82.0,78.80000305175781,81.5999984741211,20842146
2023-05-10,79.78417205810547,80.5999984741211,80.94999694824219,78.19999694824219,79.19999694824219,15936655
2023-05-11,80.2296142578125,81.05000305175781,81.9000015258789,80.75,80.75,10982435
2023-05-12,80.13063049316406,80.94999694824219,81.9000015258789,80.0,81.05000305175781,14913713
2023-05-15,79.63568115234375,80.44999694824219,81.30000305175781,80.1500015258789,80.94999694824219,6660341
2023-05-16,80.7740478515625,81.5999984741211,82.44999694824219,80.55000305175781,80.5999984741211,17397846
2023-05-17,81.41746520996094,82.25,83.19999694824219,80.19999694824219,82.0,23479447
2023-05-18,80.82354736328125,81.6500015258789,83.5999984741211,81.5,82.94999694824219,15242495
2023-05-19,79.23973846435547,80.05000305175781,81.8499984741211,79.5,81.8499984741211,14458238
2023-05-22,78.4973373413086,79.30000305175781,80.5,79.1500015258789,80.3499984741211,16522857
2023-05-23,79.63568115234375,80.44999694824219,81.19999694824219,79.19999694824219,79.5,13196912
2023-05-24,79.19025421142578,80.0,81.0,79.8499984741211,80.19999694824219,7944636
2023-05-25,81.07101440429688,81.9000015258789,82.19999694824219,79.9000015258789,80.05000305175781,15727153
2023-05-26,78.15087890625,78.94999694824219,82.19999694824219,78.4000015258789,82.0999984741211,34064193
2023-05-29,82.1598892211914,83.0,83.5999984741211,77.25,79.0999984741211,69936887
2023-05-30,81.21949768066406,82.05000305175781,83.9000015258789,81.55000305175781,82.94999694824219,21708061
2023-05-31,81.07101440429688,81.9000015258789,82.44999694824219,80.8499984741211,82.1500015258789,14009026
2023-06-01,81.17000579833984,82.0,83.30000305175781,81.80000305175781,82.0,11738032
2023-06-02,82.35786437988281,83.19999694824219,83.9000015258789,82.0,82.44999694824219,18339998
2023-06-05,84.73355865478516,85.5999984741211,86.0,83.3499984741211,83.5,27799817
2023-06-06,83.00127410888672,83.8499984741211,84.5,82.19999694824219,84.05000305175781,33451773
2023-06-07,83.34773254394531,84.19999694824219,84.94999694824219,83.8499984741211,84.0,14636223
2023-06-08,83.44673156738281,84.30000305175781,85.9000015258789,84.0999984741211,84.19999694824219,17859626
2023-06-09,84.93153381347656,85.80000305175781,86.5999984741211,83.05000305175781,84.4000015258789,27565304
2023-06-12,84.93153381347656,85.80000305175781,86.9000015258789,85.19999694824219,86.19999694824219,13270970
2023-06-13,84.2386245727539,85.0999984741211,86.75,84.80000305175781,86.30000305175781,15766317
2023-06-14,83.00127410888672,83.8499984741211,85.30000305175781,83.3499984741211,85.0999984741211,12406707
2023-06-15,83.69419860839844,84.55000305175781,85.5999984741211,83.75,84.1500015258789,13288056
2023-06-16,85.87191772460938,86.75,87.3499984741211,85.19999694824219,86.0,34525441
2023-06-19,86.4658432006836,87.3499984741211,90.1500015258789,87.0999984741211,87.9000015258789,48262241
2023-06-20,87.05977630615234,87.94999694824219,88.4000015258789,85.94999694824219,86.6500015258789,20356316
2023-06-21,86.02040100097656,86.9000015258789,88.4000015258789,86.44999694824219,88.4000015258789,12787420
2023-06-22,84.88204956054688,85.75,87.19999694824219,85.0999984741211,86.9000015258789,14017753
2023-06-23,83.79318237304688,84.6500015258789,85.5,83.3499984741211,85.5,17269470
2023-06-26,82.9517822265625,83.80000305175781,85.0999984741211,83.30000305175781,85.0999984741211,12716576
2023-06-27,83.4962158203125,84.3499984741211,85.3499984741211,84.0999984741211,84.1500015258789,8859692
2023-06-28,84.18913269042969,85.05000305175781,85.80000305175781,84.5,84.69999694824219,14368143
2023-06-30,86.76282501220703,87.6500015258789,88.44999694824219,85.0999984741211,85.5,25365133
2023-07-03,87.40624237060547,88.30000305175781,89.1500015258789,87.0999984741211,87.6500015258789,19684273
2023-07-04,86.02040100097656,86.9000015258789,88.75,86.6500015258789,88.5,16087313
2023-07-05,92.00916290283205,92.9499969482422,93.4000015258789,87.0999984741211,87.5999984741211,83791105
2023-07-06,92.15765380859376,93.0999984741211,95.3000030517578,92.6999969482422,93.4499969482422,56439123
2023-07-07,90.67283630371094,91.5999984741211,93.0,89.25,92.5500030517578,31284507
2023-07-10,90.2768783569336,91.1999969482422,92.1500015258789,90.0999984741211,91.75,11075931
2023-07-11,92.9990463256836,93.9499969482422,94.5,91.5,91.6999969482422,22800419
2023-07-12,93.3455047607422,94.3000030517578,95.75,93.8000030517578,94.6999969482422,25725680
2023-07-13,90.87081146240234,91.8000030517578,96.5,91.3499984741211,94.9000015258789,36009798
2023-07-14,91.1677703857422,92.0999984741211,92.9000015258789,91.0500030517578,92.5,12918080
2023-07-17,92.05867004394533,93.0,93.6500015258789,92.1999969482422,92.5,11898240
2023-07-18,93.88993072509766,94.8499984741211,95.9499969482422,92.0500030517578,93.0,37436831
2023-07-19,93.98892211914062,94.9499969482422,96.3000030517578,94.3499984741211,95.3499984741211,20977209
2023-07-20,94.78083038330078,95.75,96.9499969482422,94.6999969482422,95.1999969482422,24047166
2023-07-21,93.54347229003906,94.5,97.25,94.0999984741211,95.1999969482422,26435192
2023-07-24,97.05754852294922,98.0500030517578,98.6999969482422,94.8000030517578,95.0,29251662
2023-07-25,96.76058959960938,97.75,99.5999984741211,97.1999969482422,98.6999969482422,27110132
2023-07-26,100.1756591796875,101.1999969482422,101.8499984741211,97.8000030517578,98.0,41205469
2023-07-27,102.45237731933594,103.5,103.8499984741211,101.5500030517578,101.6999969482422,31217241
2023-07-28,102.05642700195312,103.0999984741211,104.0,101.3499984741211,103.5,19471153
2023-07-31,102.99681854248048,104.0500030517578,105.4499969482422,102.8499984741211,103.5999984741211,20986122
2023-08-01,103.64022827148438,104.6999969482422,107.0999984741211,104.3000030517578,104.6999969482422,22397728
2023-08-02,99.5322494506836,100.5500030517578,104.8499984741211,99.0,104.4499969482422,28667271
2023-08-03,99.73021697998048,100.75,102.5,99.0,100.5,19267199
2023-08-04,97.94843292236328,98.9499969482422,103.1500015258789,98.5999984741211,101.3499984741211,31396068
2023-08-07,95.6222152709961,96.5999984741211,99.5999984741211,94.8000030517578,95.4499969482422,36847815
2023-08-08,97.84944915771484,98.8499984741211,100.9499969482422,97.25,97.6500015258789,26841111
2023-08-09,100.22515869140624,101.25,101.9499969482422,98.5999984741211,99.3499984741211,20454065
2023-08-10,98.83932495117188,99.8499984741211,102.4000015258789,99.25,101.4499969482422,14663080
2023-08-11,102.41722106933594,103.0500030517578,103.9499969482422,99.8499984741211,100.4499969482422,30945987
2023-08-14,101.1749038696289,101.8000030517578,103.0,100.4499969482422,103.0,12302674
2023-08-16,99.23686981201172,99.8499984741211,101.4499969482422,98.6500015258789,101.0,17684303
2023-08-17,99.28656768798828,99.9000015258789,101.75,99.5999984741211,99.8499984741211,11091212
2023-08-18,97.3982391357422,98.0,100.3499984741211,97.75,100.0999984741211,12953826
2023-08-21,100.33011627197266,100.9499969482422,101.1999969482422,97.5,98.6500015258789,20365580
2023-08-22,110.36811065673828,111.0500030517578,112.8499984741211,101.0500030517578,101.5,100869823
2023-08-23,108.8276138305664,109.5,113.0,108.5500030517578,113.0,52947192
2023-08-24,106.98898315429688,107.6500015258789,113.0500030517578,107.0500030517578,111.5,43168726
2023-08-25,104.6037139892578,105.25,109.1999969482422,105.0,107.6500015258789,26019715
2023-08-28,108.8773193359375,109.5500030517578,110.5,106.0500030517578,106.8000030517578,41415363
2023-08-29,113.94599151611328,114.6500015258789,115.5999984741211,109.0500030517578,109.8000030517578,65979986
2023-08-30,117.97112274169922,118.6999969482422,119.5,114.0,115.5,80676360
2023-08-31,120.50546264648438,121.25,122.0,118.6999969482422,120.9000015258789,68540952
2023-09-01,135.31396484375,136.14999389648438,137.10000610351562,121.4000015258789,122.0,192280009
2023-09-04,137.89801025390625,138.75,140.64999389648438,134.60000610351562,137.25,92488417
2023-09-05,137.55014038085938,138.39999389648438,143.60000610351562,137.14999389648438,139.6999969482422,52060353
2023-09-06,134.7176513671875,135.5500030517578,138.60000610351562,134.5,138.5,26583311
2023-09-07,136.85446166992188,137.6999969482422,138.9499969482422,135.0,135.8000030517578,25911001
2023-09-08,144.4077911376953,145.3000030517578,146.39999389648438,138.60000610351562,138.60000610351562,71729474
2023-09-11,138.9912567138672,139.85000610351562,148.89999389648438,139.0,146.39999389648438,76013022
2023-09-12,124.87844848632812,125.6500015258789,141.5,124.1999969482422,141.4499969482422,86077435
2023-09-13,128.0091094970703,128.8000030517578,130.6999969482422,121.5999984741211,126.9499969482422,74638974
2023-09-14,129.1023406982422,129.89999389648438,134.25,126.1500015258789,129.5500030517578,63995422
2023-09-15,126.81647491455078,127.5999984741211,132.0500030517578,126.6999969482422,130.8000030517578,23253842
2023-09-18,125.67353057861328,126.4499969482422,129.6999969482422,126.0,128.4499969482422,16251908
2023-09-20,122.84103393554688,123.5999984741211,127.4499969482422,123.1500015258789,126.0,20538834
2023-09-21,123.4870376586914,124.25,127.0,122.1500015258789,123.0,32859985
2023-09-22,123.63612365722656,124.4000015258789,125.5999984741211,123.3000030517578,125.0,18256470
2023-09-25,124.4809112548828,125.25,126.9499969482422,123.6999969482422,124.8499984741211,37608586
2023-09-26,123.58642578125,124.3499984741211,125.9499969482422,123.0999984741211,125.75,16917591
2023-09-27,126.12077331542967,126.9000015258789,127.5999984741211,122.8499984741211,124.3499984741211,28571024
2023-09-28,125.87230682373048,126.6500015258789,131.1999969482422,125.9499969482422,127.3000030517578,54115299
2023-09-29,130.1956024169922,131.0,131.6999969482422,128.10000610351562,128.3000030517578,29692801
2023-10-03,130.34466552734375,131.14999389648438,132.39999389648438,129.89999389648438,131.0,18947214
2023-10-04,126.76678466796876,127.5500030517578,130.8000030517578,125.6999969482422,130.8000030517578,21432884
2023-10-05,126.6176986694336,127.4000015258789,130.5,127.0999984741211,128.3000030517578,14679290
2023-10-06,128.1084747314453,128.89999389648438,129.89999389648438,127.5500030517578,128.10000610351562,13871322
2023-10-09,125.67353057861328,126.4499969482422,127.9000015258789,124.3499984741211,127.0500030517578,17709670
2023-10-10,130.3943634033203,131.1999969482422,131.4499969482422,127.0,127.0,23073503
2023-10-11,130.0465087890625,130.85000610351562,132.60000610351562,129.3000030517578,131.8000030517578,18607776
2023-10-12,129.84774780273438,130.64999389648438,133.75,130.25,131.0500030517578,18231128
2023-10-13,127.5618667602539,128.35000610351562,130.1999969482422,127.5,129.9499969482422,14077735
2023-10-16,130.34466552734375,131.14999389648438,131.60000610351562,127.0,128.10000610351562,15014283
2023-10-17,131.63668823242188,132.4499969482422,133.60000610351562,130.10000610351562,131.89999389648438,23757135
2023-10-18,128.40664672851562,129.1999969482422,133.6999969482422,128.1999969482422,132.75,25434863
2023-10-19,128.40664672851562,129.1999969482422,129.9499969482422,127.0999984741211,128.1999969482422,18139312
2023-10-20,124.43120574951172,125.1999969482422,130.10000610351562,124.5500030517578,128.9499969482422,17288411
2023-10-23,117.0269546508789,117.75,125.75,116.8499984741211,125.1999969482422,19539996
2023-10-25,115.58586120605467,116.3000030517578,120.25,114.0500030517578,118.0500030517578,20235803
2023-10-26,117.1263427734375,117.8499984741211,118.25,113.5,115.4000015258789,18497619
2023-10-27,116.92757415771484,117.6500015258789,120.5500030517578,117.4000015258789,118.6500015258789,13964054
2023-10-30,119.95884704589844,120.6999969482422,121.4499969482422,117.6999969482422,118.1999969482422,18259367
2023-10-31,120.10791778564452,120.8499984741211,122.4000015258789,119.5,121.4499969482422,13504849
2023-11-01,120.80362701416016,121.5500030517578,123.0,120.6999969482422,121.3000030517578,11853409
2023-11-02,127.26371002197266,128.0500030517578,128.5,122.3499984741211,122.5500030517578,22803638
2023-11-03,127.8103485107422,128.60000610351562,132.4499969482422,128.0500030517578,129.0,27932123
2023-11-06,129.25143432617188,130.0500030517578,131.1999969482422,127.6500015258789,129.39999389648438,13327821
2023-11-07,128.15817260742188,128.9499969482422,130.8000030517578,128.35000610351562,130.25,10828413
2023-11-08,124.53060150146484,125.3000030517578,130.25,124.5500030517578,129.60000610351562,15189519
2023-11-09,125.02752685546876,125.8000030517578,127.4000015258789,121.9499969482422,124.0500030517578,33342195
2023-11-10,128.25758361816406,129.0500030517578,130.1999969482422,123.8000030517578,125.5500030517578,24894388
2023-11-13,135.6618194580078,136.5,138.0,128.6999969482422,128.9499969482422,77439295
2023-11-15,136.55628967285156,137.39999389648438,138.35000610351562,135.3000030517578,138.0,24142281
2023-11-16,137.7986297607422,138.64999389648438,140.85000610351562,137.25,137.39999389648438,29402772
2023-11-17,140.97897338867188,141.85000610351562,143.1999969482422,137.5500030517578,138.75,28788415
2023-11-20,140.08450317382812,140.9499969482422,143.14999389648438,139.85000610351562,142.60000610351562,19703693
2023-11-21,138.74281311035156,139.60000610351562,141.5500030517578,136.1999969482422,141.5,19689241
2023-11-22,140.28326416015625,141.14999389648438,141.75,139.25,140.0,14276386
2023-11-23,141.87344360351562,142.75,144.1999969482422,141.10000610351562,141.5,22350588
2023-11-24,151.3151092529297,152.25,155.39999389648438,142.25,143.6999969482422,109749908
2023-11-28,155.09178161621094,156.0500030517578,157.8000030517578,151.5,152.5,48716588
2023-11-29,164.03651428222656,165.0500030517578,166.0,158.25,161.0,66299728
2023-11-30,169.4033660888672,170.4499969482422,176.5,160.8000030517578,165.75,125768226
2023-12-01,169.4530487060547,170.5,174.14999389648438,169.5,171.35000610351562,37623687
2023-12-04,172.98126220703125,174.0500030517578,176.60000610351562,170.8000030517578,175.10000610351562,43592841
2023-12-05,175.614990234375,176.6999969482422,181.6499938964844,173.3000030517578,174.0500030517578,43939364
2023-12-06,177.35423278808594,178.4499969482422,181.0,174.85000610351562,177.6999969482422,24652623
2023-12-07,182.17446899414065,183.3000030517578,184.3999938964844,176.35000610351562,178.89999389648438,28058369
2023-12-08,175.614990234375,176.6999969482422,183.8500061035156,173.1999969482422,183.8000030517578,36422560
2023-12-11,178.54685974121094,179.64999389648438,181.4499969482422,177.0500030517578,177.4499969482422,20541517
2023-12-12,176.80760192871094,177.89999389648438,180.75,176.25,180.0,14211330
2023-12-13,178.54685974121094,179.64999389648438,181.8999938964844,176.35000610351562,178.0,21665601
2023-12-14,180.2861175537109,181.3999938964844,184.1999969482422,180.25,180.25,23427830
2023-12-15,180.4351959228516,181.5500030517578,186.1999969482422,181.0,184.0,25157198
2023-12-18,186.249267578125,187.3999938964844,188.25,179.89999389648438,181.5500030517578,25404383
2023-12-19,183.61553955078125,184.75,188.3000030517578,182.4499969482422,187.3999938964844,19460688
2023-12-20,170.94383239746094,172.0,190.4499969482422,169.60000610351562,186.0,39496283
2023-12-21,179.34194946289062,180.4499969482422,181.1499938964844,165.8000030517578,168.9499969482422,31883299
2023-12-22,177.20513916015625,178.3000030517578,181.3500061035156,175.89999389648438,181.0500030517578,19064120
2023-12-26,181.08120727539065,182.1999969482422,184.3000030517578,178.64999389648438,179.5,37756996
2023-12-27,180.8327178955078,181.9499969482422,185.6499938964844,180.0,183.3999938964844,17855973
2023-12-28,191.4173583984375,192.6000061035156,193.9499969482422,182.0,182.5,80428777
2023-12-29,192.3615264892578,193.5500030517578,199.6999969482422,191.3000030517578,191.9499969482422,56016618
2024-01-01,196.93325805664065,198.1499938964844,204.6499938964844,196.8999938964844,199.0,75665268
2024-01-02,200.75961303710935,202.0,204.8999938964844,197.6000061035156,203.0,72765808
2024-01-03,193.20628356933597,194.3999938964844,201.8000030517578,193.5,201.8000030517578,52393773
2024-01-04,193.8523101806641,195.0500030517578,196.75,191.8500061035156,195.8500061035156,30243640
2024-01-05,194.5977020263672,195.8000030517578,197.8999938964844,192.8500061035156,196.0500030517578,31168193
2024-01-08,193.95167541503903,195.1499938964844,200.1499938964844,193.5,195.8999938964844,24173941
2024-01-09,194.39894104003903,195.6000061035156,199.25,194.75,196.8500061035156,20766773
2024-01-10,198.42404174804688,199.6499938964844,201.0,192.0,196.0,39855938
2024-01-11,196.5357208251953,197.75,201.9499969482422,196.75,201.0,26199838
2024-01-12,195.2436981201172,196.4499969482422,199.1499938964844,195.6000061035156,198.0,14384270
2024-01-15,200.01422119140625,201.25,204.5,199.0,204.5,39361703
2024-01-16,201.7534942626953,203.0,203.75,197.0,202.0500030517578,36297046
2024-01-17,205.82830810546875,207.1000061035156,213.1999969482422,200.1999969482422,200.25,104586370
2024-01-18,210.8472900390625,212.1499938964844,213.1499938964844,196.3000030517578,209.5,68991855
2024-01-19,220.88526916503903,222.25,223.0,212.5,215.0,63867429
2024-01-23,201.7037811279297,202.9499969482422,221.8999938964844,201.5500030517578,221.5,45960109
2024-01-24,208.6110992431641,209.8999938964844,211.3500061035156,200.6999969482422,204.5,32560581
2024-01-25,218.54969787597656,219.8999938964844,220.6000061035156,211.0,211.0,34410301
2024-01-29,219.94110107421875,221.3000030517578,223.1999969482422,219.8999938964844,221.0,22269048
2024-01-30,226.55026245117188,227.9499969482422,234.4499969482422,222.3000030517578,223.4499969482422,46928698
2024-01-31,226.8484344482422,228.25,232.25,225.1000061035156,228.0,19835653
2024-02-01,226.10304260253903,227.5,232.0,223.1999969482422,230.5,26372822
2024-02-02,232.3643493652344,233.8000030517578,235.6999969482422,229.0,229.6999969482422,31480257
2024-02-05,233.8551483154297,235.3000030517578,243.25,232.3500061035156,234.6499938964844,32248058
2024-02-06,230.37664794921875,231.8000030517578,236.3000030517578,228.3500061035156,236.3000030517578,20312567
2024-02-07,230.128173828125,231.5500030517578,238.0,228.6999969482422,232.3000030517578,20297349
2024-02-08,229.38278198242188,230.8000030517578,236.9499969482422,229.75,232.0,20903389
2024-02-09,226.15272521972656,227.5500030517578,236.6000061035156,217.3500061035156,236.5,49500870
2024-02-12,215.36935424804688,216.6999969482422,230.1499938964844,214.1999969482422,228.0,28287984
2024-02-13,212.0399169921875,213.3500061035156,217.4499969482422,201.3500061035156,217.0,58782489
2024-02-14,223.0717620849609,224.4499969482422,226.1999969482422,202.5,202.5,48738557
2024-02-15,226.15272521972656,227.5500030517578,233.1499938964844,224.8000030517578,227.5,30765077
2024-02-16,224.46316528320312,225.8500061035156,230.5,224.9499969482422,228.5500030517578,20099858
2024-02-19,224.3141021728516,225.6999969482422,230.6499938964844,225.0500030517578,226.6499938964844,12184195
2024-02-20,229.48214721679688,230.8999938964844,233.8000030517578,225.9499969482422,226.8999938964844,22994469
2024-02-21,220.5374298095703,221.8999938964844,232.3500061035156,220.0500030517578,232.0,22193528
2024-02-22,227.09689331054688,228.5,229.3999938964844,220.9499969482422,224.0,25023398
2024-02-23,228.1901397705078,229.6000061035156,233.75,228.5,229.4499969482422,21463226
2024-02-26,226.6496734619141,228.0500030517578,232.1499938964844,226.25,229.8000030517578,14288582
2024-02-27,221.23312377929688,222.6000061035156,228.3999938964844,221.75,228.0500030517578,22497412
2024-02-28,223.3202362060547,224.6999969482422,230.4499969482422,221.0,223.6499938964844,36680021
2024-02-29,226.15272521972656,227.5500030517578,233.0,219.75,225.8500061035156,150876575
2024-03-01,233.8551483154297,235.3000030517578,237.3500061035156,229.6000061035156,230.0,35475431
2024-03-04,262.9255065917969,264.54998779296875,275.8500061035156,237.1000061035156,237.1000061035156,246246357
2024-03-05,264.1678161621094,265.79998779296875,271.70001220703125,254.6999969482422,265.5,64079248
2024-03-06,253.6329498291016,255.1999969482422,272.0,249.6000061035156,270.70001220703125,81812288
2024-03-07,255.91883850097656,257.5,261.04998779296875,254.8000030517578,256.75,26124937
2024-03-11,252.9869537353516,254.5500030517578,259.54998779296875,253.6499938964844,259.1000061035156,20685651
2024-03-12,242.6011199951172,244.1000061035156,255.8500061035156,243.1499938964844,255.0,27919780
2024-03-13,223.91653442382807,225.3000030517578,246.25,222.0500030517578,245.0,42267395
2024-03-14,225.0594940185547,226.4499969482422,232.3000030517578,221.9499969482422,224.8000030517578,38281171
2024-03-15,215.41905212402344,216.75,227.6999969482422,207.1000061035156,225.5,52563647
2024-03-18,222.9226837158203,224.3000030517578,226.8999938964844,213.3999938964844,216.75,30924687
2024-03-19,217.4564666748047,218.8000030517578,226.4499969482422,217.25,224.25,21463953
2024-03-20,223.36993408203125,224.75,225.9499969482422,215.8000030517578,220.0,21903121
2024-03-21,235.74346923828125,237.1999969482422,237.9499969482422,228.0,229.8999938964844,36784553
2024-03-22,237.63180541992188,239.1000061035156,240.3500061035156,234.5500030517578,235.0,18998595
2024-03-26,238.3275146484375,239.8000030517578,240.4499969482422,236.1999969482422,238.5,12328059
2024-03-27,241.6072540283203,243.1000061035156,249.5,240.5,241.3500061035156,22974438
2024-03-28,245.78146362304688,247.3000030517578,253.6999969482422,245.6000061035156,253.0500030517578,28014588
2024-04-01,252.1918487548828,253.75,254.8500061035156,248.5,249.0,16746624
2024-04-02,250.65138244628903,252.1999969482422,254.8999938964844,249.8000030517578,253.75,18413211
2024-04-03,250.2538299560547,251.8000030517578,254.6499938964844,248.6499938964844,250.5500030517578,19412822
2024-04-04,249.95567321777344,251.5,256.8999938964844,247.4499969482422,253.0,15849252
2024-04-05,253.3844757080078,254.9499969482422,255.8999938964844,247.75,251.5,14549888
2024-04-08,254.87527465820312,256.45001220703125,258.29998779296875,254.1499938964844,255.75,12516140
2024-04-09,254.1795654296875,255.75,259.8999938964844,253.3500061035156,257.20001220703125,13774213
2024-04-10,260.8881225585937,262.5,265.29998779296875,255.9499969482422,256.79998779296875,35119907
2024-04-12,260.8881225585937,262.5,269.20001220703125,258.0,258.6000061035156,22621987
2024-04-15,254.9249725341797,256.5,261.95001220703125,252.5500030517578,254.1999969482422,21131641
2024-04-16,256.16729736328125,257.75,260.45001220703125,251.5500030517578,255.0,14383707
2024-04-18,251.64523315429688,253.1999969482422,263.0,251.6999969482422,259.6000061035156,17532083
2024-04-19,252.9869537353516,254.5500030517578,256.3500061035156,246.25,250.75,16875480
2024-04-22,257.7574768066406,259.3500061035156,261.0,254.5,257.45001220703125,12338668
2024-04-23,258.55255126953125,260.1499938964844,264.0,259.6000061035156,260.0,12491248
2024-04-24,262.4285888671875,264.04998779296875,265.3999938964844,258.1499938964844,261.45001220703125,14961057
2024-04-25,269.9322509765625,271.6000061035156,273.8999938964844,264.1000061035156,265.0,29632042
2024-04-26,277.1377258300781,278.8500061035156,281.45001220703125,274.25,274.45001220703125,33600079
2024-04-29,275.19970703125,276.8999938964844,281.8999938964844,274.79998779296875,281.8999938964844,16489028
2024-04-30,279.97021484375,281.70001220703125,284.79998779296875,277.3999938964844,278.70001220703125,25044316
2024-05-02,290.9026794433594,292.70001220703125,300.25,282.1499938964844,283.1000061035156,52394156
2024-05-03,303.1271667480469,305.0,318.29998779296875,294.1000061035156,296.0,130758171
2024-05-06,287.1757202148437,288.95001220703125,308.6000061035156,281.04998779296875,308.1499938964844,67553636
2024-05-07,278.5291442871094,280.25,290.0,276.70001220703125,290.0,34027122
2024-05-08,284.5419311523437,286.29998779296875,290.6499938964844,278.6499938964844,280.0,30462793
2024-05-09,271.47271728515625,273.1499938964844,286.6499938964844,270.95001220703125,286.6499938964844,26191548
2024-05-10,272.6156616210937,274.29998779296875,276.79998779296875,267.04998779296875,274.95001220703125,26800050
2024-05-13,281.5603942871094,283.29998779296875,286.29998779296875,267.29998779296875,274.3999938964844,31570308
2024-05-14,286.4800109863281,288.25,289.3999938964844,282.0,284.0,18050458
2024-05-15,289.5609436035156,291.3500061035156,293.20001220703125,288.1000061035156,289.3999938964844,15400221
2024-05-16,292.9897766113281,294.79998779296875,297.0,287.5,293.6000061035156,16245511
2024-05-17,298.0584716796875,299.8999938964844,301.79998779296875,293.79998779296875,295.3999938964844,20721512
2024-05-21,317.2399597167969,319.20001220703125,322.5,308.3999938964844,311.8999938964844,42280416
2024-05-22,300.09588623046875,301.95001220703125,309.6499938964844,295.0,302.0,74932755
2024-05-23,302.9283447265625,304.79998779296875,308.70001220703125,300.5,303.8500061035156,26563225
2024-05-24,303.7731628417969,305.6499938964844,310.20001220703125,302.3999938964844,304.79998779296875,22736707
2024-05-27,296.7167358398437,298.54998779296875,307.45001220703125,296.79998779296875,307.25,26504237
2024-05-28,289.7100524902344,291.5,300.8999938964844,290.5,299.8999938964844,22303081
2024-05-29,292.2940979003906,294.1000061035156,296.95001220703125,288.6499938964844,291.0,15049196
2024-05-30,288.9646911621094,290.75,295.29998779296875,289.29998779296875,293.70001220703125,13070194
2024-05-31,297.0646057128906,298.8999938964844,300.6000061035156,288.54998779296875,292.3999938964844,27964255
2024-06-03,309.5375671386719,311.45001220703125,321.0,308.1499938964844,320.0,33744563
2024-06-04,245.03607177734372,246.5500030517578,311.04998779296875,224.0500030517578,311.04998779296875,122751545
2024-06-05,253.7820281982422,255.3500061035156,258.20001220703125,225.0,255.0,59449633
2024-06-06,276.2432556152344,277.95001220703125,292.3500061035156,267.0,269.8999938964844,111330080
2024-06-07,283.74688720703125,285.5,286.0,275.3500061035156,279.0,32634629
2024-06-10,282.7033386230469,284.45001220703125,290.54998779296875,282.75,288.3999938964844,17918606
2024-06-11,293.3873596191406,295.20001220703125,296.3500061035156,285.29998779296875,286.0,29060221
2024-06-12,293.3376159667969,295.1499938964844,298.70001220703125,291.1000061035156,295.5,18978949
2024-06-13,302.0836181640625,303.95001220703125,305.54998779296875,292.3999938964844,297.20001220703125,26007861
2024-06-14,303.8228759765625,305.70001220703125,309.45001220703125,299.79998779296875,305.1499938964844,24901598
2024-06-18,303.72344970703125,305.6000061035156,310.6000061035156,303.3500061035156,308.5,20245612
2024-06-19,295.2259521484375,297.04998779296875,306.95001220703125,296.04998779296875,306.95001220703125,22855416
2024-06-20,291.5983581542969,293.3999938964844,298.3999938964844,291.5,298.3999938964844,26187852
2024-06-21,293.2382507324219,295.04998779296875,299.75,291.5,294.0,22108141
2024-06-24,292.8904113769531,294.70001220703125,297.8500061035156,288.5,294.0,15182677
2024-06-25,292.0953063964844,293.8999938964844,299.8500061035156,292.6499938964844,295.70001220703125,15320510
2024-06-26,293.9339599609375,295.75,297.54998779296875,293.0,294.20001220703125,12663797
2024-06-27,295.1265869140625,296.95001220703125,300.6499938964844,291.79998779296875,295.8500061035156,25624094
2024-06-28,299.00262451171875,300.8500061035156,307.8999938964844,300.0,306.0,32298955
2024-07-01,300.5431213378906,302.3999938964844,304.25,297.20001220703125,301.95001220703125,12526215
2024-07-02,295.3253479003906,297.1499938964844,303.79998779296875,293.75,303.70001220703125,12935465
2024-07-03,309.388427734375,311.29998779296875,313.5,297.6000061035156,298.29998779296875,37577666
2024-07-04,309.1399841308594,311.04998779296875,317.29998779296875,309.5,313.79998779296875,31457159
2024-07-05,314.4571533203125,316.3999938964844,322.0,308.29998779296875,310.70001220703125,37284773
2024-07-08,326.3337707519531,328.3500061035156,329.95001220703125,315.54998779296875,317.29998779296875,45685018
2024-07-09,327.47674560546875,329.5,335.3500061035156,323.20001220703125,331.0,39457293
2024-07-10,325.9362487792969,327.95001220703125,331.20001220703125,314.6000061035156,330.8999938964844,25392018
2024-07-11,330.6570739746094,332.70001220703125,334.79998779296875,328.3999938964844,329.5,23370124
2024-07-12,323.8988037109375,325.8999938964844,333.6499938964844,321.29998779296875,332.0,19411215
2024-07-15,323.4018859863281,325.3999938964844,328.3999938964844,322.1000061035156,327.45001220703125,10789487
2024-07-16,318.0350341796875,320.0,327.45001220703125,319.1499938964844,325.3999938964844,9882249
2024-07-18,306.7050476074219,308.6000061035156,319.75,306.20001220703125,319.75,21439407
2024-07-19,292.2940979003906,294.1000061035156,307.70001220703125,292.75,305.95001220703125,26877331
2024-07-22,303.0277709960937,304.8999938964844,306.3500061035156,289.1000061035156,294.1000061035156,19646190
2024-07-23,305.4627685546875,307.3500061035156,315.54998779296875,283.0,306.6000061035156,65820195
2024-07-24,307.25164794921875,309.1499938964844,313.25,306.8500061035156,308.0,15750887
2024-07-25,309.6369323730469,311.54998779296875,312.5,301.0,305.0,13306048
2024-07-26,315.3515930175781,317.29998779296875,318.25,310.75,313.5,16011265
2024-07-29,321.0662841796875,323.04998779296875,327.0,319.1000061035156,327.0,25820136
2024-07-30,315.4510192871094,317.3999938964844,327.0,316.6000061035156,323.0,16317537
2024-07-31,313.314208984375,315.25,319.45001220703125,311.8500061035156,316.3999938964844,26845162
2024-08-01,306.60565185546875,308.5,319.95001220703125,305.8500061035156,314.70001220703125,23814781
2024-08-02,299.7976989746094,301.6499938964844,309.6000061035156,300.6000061035156,303.3999938964844,16899884
2024-08-05,289.859130859375,291.6499938964844,295.8999938964844,285.0,292.0,25762827
2024-08-06,285.7843017578125,287.54998779296875,301.8999938964844,285.70001220703125,292.0,17719054
2024-08-07,302.7296142578125,304.6000061035156,305.6000061035156,292.29998779296875,293.3999938964844,18911910
2024-08-08,296.02105712890625,297.8500061035156,304.8999938964844,297.1000061035156,304.8999938964844,11640751
2024-08-09,300.5966491699219,302.20001220703125,305.79998779296875,299.1499938964844,302.0,12805164
2024-08-12,297.115234375,298.70001220703125,302.6499938964844,296.54998779296875,300.04998779296875,11827604
2024-08-13,288.4116516113281,289.95001220703125,301.3500061035156,289.0,300.54998779296875,11461814
2024-08-14,288.4613952636719,290.0,293.3999938964844,286.29998779296875,291.8500061035156,10643943
2024-08-16,294.97662353515625,296.54998779296875,297.6499938964844,289.29998779296875,293.0,10118811
2024-08-19,292.1914978027344,293.75,299.5,293.3500061035156,297.8999938964844,9809448
2024-08-20,294.8274230957031,296.3999938964844,296.8999938964844,291.6499938964844,294.3500061035156,7415963
2024-08-21,295.0760803222656,296.6499938964844,297.70001220703125,294.8500061035156,296.29998779296875,4898623
2024-08-22,298.0601806640625,299.6499938964844,302.5,296.8500061035156,298.0,12084994
2024-08-23,294.62847900390625,296.20001220703125,301.3500061035156,295.25,299.95001220703125,7528035
2024-08-26,295.7226257324219,297.29998779296875,304.0,294.6000061035156,297.75,15560440
2024-08-27,296.2200012207031,297.79998779296875,299.79998779296875,296.6000061035156,298.8999938964844,6802421
2024-08-28,293.0369873046875,294.6000061035156,298.75,293.95001220703125,298.0,6579323
2024-08-29,289.4560546875,291.0,294.95001220703125,287.1000061035156,294.95001220703125,11000139
2024-08-30,289.0084533691406,290.54998779296875,293.45001220703125,289.75,291.70001220703125,9721851
2024-09-02,285.2783508300781,286.79998779296875,292.0,285.04998779296875,291.0,6500598
2024-09-03,284.83074951171875,286.3500061035156,290.20001220703125,285.8500061035156,287.20001220703125,5677328
2024-09-04,277.2213439941406,278.70001220703125,284.79998779296875,276.79998779296875,283.5,14798436
2024-09-05,272.0986633300781,273.54998779296875,280.45001220703125,270.25,279.0,18037015
2024-09-06,262.4003601074219,263.79998779296875,273.20001220703125,263.1499938964844,272.04998779296875,20003822
2024-09-09,260.65966796875,262.04998779296875,265.79998779296875,258.20001220703125,263.70001220703125,17426762
2024-09-10,263.0966491699219,264.5,267.70001220703125,261.8500061035156,263.1499938964844,11350960
2024-09-11,257.3771667480469,258.75,267.20001220703125,257.3500061035156,265.04998779296875,10164459
2024-09-12,264.5887145996094,266.0,266.5,259.6499938964844,260.1499938964844,12118164
2024-09-13,262.897705078125,264.29998779296875,267.45001220703125,263.25,267.0,7917998
2024-09-16,268.0701599121094,269.5,270.70001220703125,263.75,264.29998779296875,10495634
2024-09-17,263.44482421875,264.8500061035156,269.8500061035156,264.25,269.75,7503456
2024-09-18,263.8924255371094,265.29998779296875,268.0,262.75,264.95001220703125,8732556
2024-09-19,255.78567504882807,257.1499938964844,267.75,249.4499969482422,266.6000061035156,17353175
2024-09-20,264.7379150390625,266.1499938964844,266.79998779296875,257.8500061035156,258.45001220703125,13916388
2024-09-23,272.7452087402344,274.20001220703125,275.6000061035156,269.20001220703125,274.0,21859230
2024-09-24,280.75250244140625,282.25,283.45001220703125,272.29998779296875,275.0,21252167
2024-09-25,280.6530456542969,282.1499938964844,284.70001220703125,278.79998779296875,282.79998779296875,12868230
2024-09-26,279.1609802246094,280.6499938964844,283.29998779296875,277.8999938964844,282.1499938964844,8488686
2024-09-27,286.0243835449219,287.54998779296875,291.1000061035156,283.20001220703125,285.04998779296875,45809973
2024-09-30,278.2160339355469,279.70001220703125,284.8999938964844,274.6499938964844,284.79998779296875,22843205
2024-10-01,278.9620666503906,280.45001220703125,285.5,279.0,280.3999938964844,13449947
2024-10-03,267.5231018066406,268.95001220703125,277.8500061035156,266.3500061035156,274.20001220703125,15222490
2024-10-04,266.18023681640625,267.6000061035156,272.75,262.25,268.95001220703125,11763747
2024-10-07,255.28831481933597,256.6499938964844,269.95001220703125,254.1499938964844,269.5,11421742
2024-10-08,264.09136962890625,265.5,267.5,254.8999938964844,256.0,16215450
2024-10-09,262.897705078125,264.29998779296875,269.29998779296875,262.5,265.3500061035156,8894689
2024-10-10,269.91033935546875,271.3500061035156,273.1499938964844,265.1499938964844,265.29998779296875,12825979
2024-10-11,268.5675048828125,270.0,273.8999938964844,268.5,271.25,6125003
2024-10-14,267.3241271972656,268.75,273.25,267.29998779296875,270.6499938964844,5634973
2024-10-15,270.15899658203125,271.6000061035156,272.6000061035156,267.75,270.0,5601497
2024-10-16,268.16961669921875,269.6000061035156,275.54998779296875,268.8500061035156,271.6499938964844,5147947
2024-10-17,252.851318359375,254.1999969482422,270.5,252.9499969482422,269.79998779296875,20613475
2024-10-18,252.5031890869141,253.8500061035156,255.8000030517578,246.5,253.8000030517578,18204264
2024-10-21,246.3360748291016,247.6499938964844,257.95001220703125,245.0,255.5,12966258
2024-10-22,231.5648651123047,232.8000030517578,248.0,231.6499938964844,247.6499938964844,22786450
2024-10-23,222.5131378173828,223.6999969482422,235.3999938964844,222.5500030517578,233.0,55940287
2024-10-24,226.0940399169922,227.3000030517578,229.8000030517578,222.0500030517578,224.1000061035156,26378660
2024-10-25,215.69949340820312,216.8500061035156,228.1999969482422,210.6999969482422,228.0,38742027
2024-10-28,228.5310516357422,229.75,238.5,213.25,218.3500061035156,57158451
2024-10-29,233.7531890869141,235.0,236.0,227.5,232.8000030517578,29437193
2024-10-30,235.3447113037109,236.6000061035156,243.1000061035156,230.75,234.9499969482422,21343526
2024-10-31,237.73196411132807,239.0,240.8000030517578,232.8500061035156,236.5,14333246
2024-11-01,240.6862030029297,241.97000122070312,243.0,240.5,240.8999938964844,3323181
2024-11-04,232.1517333984375,233.38999938964844,242.9499969482422,230.8000030517578,242.9499969482422,17322490
2024-11-05,234.0018615722656,235.25,236.3999938964844,229.5,234.0,11731176
2024-11-06,246.6643218994141,247.97999572753903,249.1999969482422,236.1300048828125,237.5,23232573
2024-11-07,242.993896484375,244.2899932861328,249.3999938964844,243.8999938964844,248.38999938964844,8342302
2024-11-08,237.7717437744141,239.0399932861328,245.5,237.3999938964844,245.0,9480514
2024-11-11,237.9508056640625,239.22000122070312,242.4499969482422,234.80999755859372,237.3999938964844,7671938
2024-11-12,228.99855041503903,230.22000122070312,239.83999633789065,229.0,239.3999938964844,10589650
2024-11-13,221.3791961669922,222.55999755859372,229.7100067138672,221.5,229.7100067138672,11397140
2024-11-14,222.5230865478516,223.7100067138672,227.8000030517578,220.7100067138672,222.3600006103516,10187321
2024-11-18,221.48861694335935,222.6699981689453,226.3500061035156,219.66000366210935,225.1100006103516,11297324
2024-11-19,224.68157958984372,225.8800048828125,233.1999969482422,223.6000061035156,224.0,12068006
2024-11-21,226.73065185546875,227.94000244140625,229.2400054931641,218.1199951171875,225.4499969482422,14856780
2024-11-22,233.14642333984372,234.38999938964844,236.1499938964844,226.8000030517578,228.1000061035156,15168514
2024-11-25,239.9402008056641,241.22000122070312,245.7400054931641,240.3999938964844,241.8999938964844,16392929
2024-11-26,242.67559814453125,243.97000122070312,247.6000061035156,243.1000061035156,243.5,12353100
2024-11-27,246.3460235595703,247.66000366210935,248.38999938964844,241.5,243.08999633789065,9980383
2024-11-28,251.15040588378903,252.4900054931641,253.8000030517578,247.66000366210935,249.3600006103516,17770794
2024-11-29,249.75782775878903,251.08999633789065,253.7899932861328,247.41000366210935,253.0,8530849
2024-12-02,248.3254547119141,249.6499938964844,251.25,248.1000061035156,249.75,5206287
2024-12-03,251.0111389160156,252.3500061035156,253.8000030517578,250.1000061035156,250.4499969482422,5163693
2024-12-04,250.01644897460935,251.3500061035156,256.54998779296875,250.3000030517578,252.8500061035156,8341454
2024-12-05,250.46405029296875,251.8000030517578,252.8999938964844,247.75,252.0,6737876
2024-12-06,247.7286529541016,249.0500030517578,252.8500061035156,248.25,251.8999938964844,7762375
2024-12-09,248.2259979248047,249.5500030517578,254.3999938964844,247.3000030517578,248.3999938964844,9382718
2024-12-10,247.28103637695312,248.6000061035156,255.6499938964844,247.6000061035156,250.1499938964844,13142458
2024-12-11,252.35397338867188,253.6999969482422,254.3999938964844,248.6000061035156,251.0,10687907
2024-12-12,243.2027740478516,244.5,254.4499969482422,244.0,253.8000030517578,13847859
2024-12-13,241.46206665039065,242.75,244.1499938964844,237.3500061035156,244.0,9230527
2024-12-16,246.28634643554688,247.6000061035156,248.1999969482422,242.3500061035156,242.75,8698753
2024-12-17,241.06419372558597,242.3500061035156,250.5,241.1999969482422,246.8000030517578,7406625
2024-12-18,238.57745361328125,239.8500061035156,243.3999938964844,237.5,243.0,9599459
2024-12-19,240.9647216796875,242.25,243.0500030517578,232.0,232.4499969482422,10935031
2024-12-20,234.05160522460935,235.3000030517578,244.9499969482422,234.5,242.25,12507201
2024-12-23,239.67161560058597,240.9499969482422,243.8500061035156,235.1000061035156,238.3500061035156,14608700
2024-12-24,238.0801239013672,239.3500061035156,243.8000030517578,238.6499938964844,242.0,6497376
2024-12-26,240.4673767089844,241.75,242.5500030517578,238.1000061035156,240.3000030517578,7197644
2024-12-27,234.15106201171875,235.3999938964844,242.6999969482422,234.8000030517578,242.0,6572582
2024-12-30,224.40306091308597,225.6000061035156,235.8999938964844,223.6000061035156,235.6499938964844,34741159
2024-12-31,228.18289184570312,229.3999938964844,231.5500030517578,225.25,225.6000061035156,8401290
2025-01-01,231.99256896972656,233.22999572753903,234.1000061035156,227.3300018310547,230.00999450683597,7758093
2025-01-02,231.5051727294922,232.7400054931641,233.6999969482422,227.5,233.0,13936789
2025-01-03,228.83938598632807,230.05999755859372,236.7700042724609,229.66000366210935,233.0,10901266
2025-01-06,218.6537322998047,219.82000732421875,231.5,219.19000244140625,231.5,15604026
2025-01-07,223.627197265625,224.82000732421875,226.27999877929688,218.6499938964844,221.0,12709847
2025-01-08,220.19549560546875,221.3699951171875,225.6699981689453,217.77999877929688,224.82000732421875,9124370
2025-01-09,215.2319793701172,216.3800048828125,223.8500061035156,215.8000030517578,223.8500061035156,9403979
2025-01-10,203.4050750732422,204.4900054931641,216.6499938964844,203.1100006103516,216.3800048828125,20791872
2025-01-13,191.5582427978516,192.5800018310547,201.0,191.66000366210935,200.0,23244835
2025-01-14,196.0542755126953,197.1000061035156,199.3999938964844,191.7700042724609,193.6999969482422,16773870
2025-01-15,201.08743286132807,202.16000366210935,205.3999938964844,198.0500030517578,199.0,13345400
2025-01-16,209.47268676757807,210.58999633789065,211.72000122070312,204.3500061035156,205.0,12785825
2025-01-17,212.94418334960935,214.0800018310547,214.88999938964844,208.0,210.2899932861328,11603310
2025-01-20,215.76910400390625,216.9199981689453,218.5,213.25,215.1499938964844,7252346
2025-01-21,208.43821716308597,209.5500030517578,218.2400054931641,208.8000030517578,217.19000244140625,8267629
2025-01-22,204.3699188232422,205.4600067138672,210.19000244140625,199.3699951171875,210.0,11550327
2025-01-23,205.3944549560547,206.4900054931641,208.1000061035156,203.1999969482422,204.3000030517578,11501338
2025-01-24,199.1278839111328,200.19000244140625,208.66000366210935,199.5,207.0,9344993
2025-01-27,193.50784301757807,194.5399932861328,199.0,193.1000061035156,199.0,8410047
2025-01-28,186.6245574951172,187.6199951171875,197.4499969482422,186.0,196.25,17826505
2025-01-29,198.79962158203125,199.8600006103516,200.5200042724609,184.13999938964844,184.13999938964844,38044200
2025-01-30,195.32814025878903,196.3699951171875,201.6999969482422,194.02999877929688,201.0,12911947
2025-01-31,206.9859619140625,208.08999633789065,208.67999267578125,195.7899932861328,198.5,21137642
2025-02-01,198.95877075195312,200.0200042724609,214.3999938964844,196.6000061035156,209.55999755859372,24872103
2025-02-03,195.19883728027344,196.2400054931641,197.8999938964844,189.6300048828125,197.82000732421875,23794278
2025-02-04,205.62322998046875,206.72000122070312,207.8000030517578,197.55999755859372,198.0,22318249
2025-02-05,207.9010772705078,209.00999450683597,212.57000732421875,206.47999572753903,207.05999755859372,13834798
2025-02-06,203.75320434570312,204.83999633789065,211.1000061035156,204.08999633789065,211.1000061035156,6329168
2025-02-07,201.7638092041016,202.83999633789065,206.3999938964844,201.3000030517578,205.0,7630722
2025-02-10,201.903076171875,202.97999572753903,209.8000030517578,201.72999572753903,209.0,19309166
2025-02-11,198.6504364013672,199.7100067138672,203.8999938964844,193.5,203.58999633789065,18788514
2025-02-12,197.77508544921875,198.8300018310547,200.8300018310547,190.1000061035156,200.6999969482422,18458569
2025-02-13,200.74923706054688,201.82000732421875,205.3999938964844,199.0,199.0,10675334
2025-02-14,192.28436279296875,193.30999755859372,203.63999938964844,191.1100006103516,202.5,12360217
2025-02-17,192.4435272216797,193.47000122070312,195.80999755859372,188.5,193.30999755859372,14215439
2025-02-18,185.5801544189453,186.57000732421875,194.5,183.57000732421875,193.5500030517578,19765470
2025-02-19,194.054931640625,195.08999633789065,195.4900054931641,183.19000244140625,184.42999267578125,16602294
2025-02-20,199.1079864501953,200.1699981689453,201.6499938964844,192.8000030517578,192.8699951171875,14019550
2025-02-21,195.3679351806641,196.41000366210935,202.1499938964844,195.5,199.83999633789065,12105028
2025-02-24,190.4143524169922,191.42999267578125,194.97999572753903,190.50999450683597,192.25,10830137
2025-02-25,193.57748413085935,194.6100006103516,196.41000366210935,187.6499938964844,191.6999969482422,18316744
2025-02-27,186.4455108642578,187.44000244140625,195.4900054931641,186.3000030517578,195.0399932861328,11545214
2025-02-28,178.21939086914062,179.1699981689453,186.5200042724609,177.60000610351562,183.0,17163841
2025-03-03,184.4859771728516,185.47000122070312,186.6300048828125,176.0,180.10000610351562,15248881
2025-03-04,191.7273406982422,192.75,193.2899932861328,180.8000030517578,182.6000061035156,16755486
2025-03-05,195.0197906494141,196.05999755859372,198.1000061035156,191.9199981689453,191.9900054931641,11759241
2025-03-06,197.3473663330078,198.3999938964844,201.5,197.0,198.0,12704429
2025-03-07,195.90505981445312,196.9499969482422,201.1999969482422,196.1999969482422,198.3999938964844,8240367
2025-03-10,191.0907440185547,192.1100006103516,200.3800048828125,191.3600006103516,197.25,7893304
2025-03-11,193.09007263183597,194.1199951171875,195.1999969482422,188.0,190.0,9057560
2025-03-12,192.60269165039065,193.6300048828125,196.47000122070312,188.75,195.3999938964844,7855326
2025-03-13,192.3042755126953,193.3300018310547,197.3699951171875,192.8999938964844,195.0,6439500
2025-03-17,194.39312744140625,195.42999267578125,197.1999969482422,192.97999572753903,195.0,6627117
2025-03-18,194.39312744140625,195.42999267578125,195.42999267578125,195.42999267578125,195.42999267578125,0
2025-03-19,204.5987091064453,205.69000244140625,207.75,204.1100006103516,206.0,8763675
2025-03-20,205.44418334960935,206.5399932861328,207.9499969482422,202.47999572753903,206.94000244140625,7090259
2025-03-21,210.8254852294922,211.9499969482422,213.6699981689453,206.3000030517578,206.5399932861328,14567468
2025-03-24,216.3858184814453,217.5399932861328,220.5,212.7899932861328,214.0,17162186
2025-03-25,212.46673583984372,213.6000061035156,221.8999938964844,212.8500061035156,219.6999969482422,13641191
2025-03-26,209.403076171875,210.5200042724609,216.0399932861328,210.0,214.6499938964844,11768733
2025-03-27,212.8447113037109,213.97999572753903,216.8999938964844,208.75999450683597,210.5200042724609,37280559
2025-03-28,215.2816925048828,216.42999267578125,221.3000030517578,214.2100067138672,215.5399932861328,20677777
2025-04-01,210.56686401367188,211.69000244140625,215.6999969482422,210.0500030517578,215.1499938964844,16822545
2025-04-02,211.4521484375,212.5800018310547,213.1499938964844,207.41000366210935,213.1000061035156,9217703
2025-04-03,217.51976013183597,218.67999267578125,220.5,209.16000366210935,209.16000366210935,14138540
2025-04-04,213.31222534179688,214.4499969482422,221.8999938964844,213.0500030517578,218.67999267578125,20924777
2025-04-07,206.5980224609375,207.6999969482422,209.08999633789065,193.5,194.0,19369229
2025-04-08,209.82083129882807,210.94000244140625,214.8999938964844,208.5800018310547,211.0,9741351
2025-04-09,210.68621826171875,211.80999755859372,214.1999969482422,205.19000244140625,210.94000244140625,10120991
2025-04-11,211.84007263183597,212.97000122070312,217.9900054931641,212.5,216.0,7830994
2025-04-15,220.62322998046875,221.8000030517578,222.6499938964844,214.1499938964844,216.0,13352688
2025-04-16,224.8009490966797,226.0,226.8999938964844,220.75,221.8000030517578,16706004
2025-04-17,226.18356323242188,227.38999938964844,229.3999938964844,224.52999877929688,228.0,14226916
2025-04-21,225.9846343994141,227.19000244140625,228.9199981689453,220.32000732421875,226.16000366210935,25601594
2025-04-22,227.108642578125,228.32000732421875,232.4499969482422,227.1000061035156,228.0,10971980
2025-04-23,229.3069000244141,230.52999877929688,231.3300018310547,224.1000061035156,230.3999938964844,9723451
2025-04-24,229.27706909179688,230.5,231.5200042724609,226.57000732421875,229.0,13730795
2025-04-25,221.1902008056641,222.3699951171875,231.7899932861328,217.8500061035156,230.97999572753903,18081374
2025-04-28,229.08807373046875,230.30999755859372,231.38999938964844,221.55999755859372,222.3699951171875,11353051
2025-04-29,230.1026611328125,231.3300018310547,235.1999969482422,230.2400054931641,230.3000030517578,16328906
2025-04-30,225.636474609375,226.83999633789065,232.3699951171875,225.05999755859372,231.5,8248908
2025-05-02,223.63714599609372,224.8300018310547,231.22999572753903,224.25999450683597,226.83999633789065,6528363
2025-05-05,227.5065155029297,228.72000122070312,229.4900054931641,225.0,225.0,4412046
2025-05-06,216.5947113037109,217.75,228.9499969482422,216.1199951171875,228.72000122070312,11268211
2025-05-07,223.9554443359375,225.1499938964844,226.1999969482422,213.3999938964844,213.5,16036419
2025-05-08,216.01779174804688,217.1699981689453,227.0,214.8999938964844,225.3000030517578,7896625
2025-05-09,215.48065185546875,216.6300048828125,218.0,212.1000061035156,212.1000061035156,9483894
2025-05-12,231.7140655517578,232.9499969482422,233.5,224.0,224.0,14953189
2025-05-13,237.11526489257807,238.3800048828125,243.1999969482422,233.0,233.8000030517578,26179873
2025-05-14,238.0900421142578,239.3600006103516,240.75999450683597,234.33999633789065,239.69000244140625,21213251
2025-05-15,244.37652587890625,245.67999267578125,247.6699981689453,237.58999633789065,240.0,16138842
2025-05-16,249.02175903320312,250.3500061035156,259.989990234375,244.16000366210935,247.8000030517578,50239674
2025-05-19,242.48660278320312,243.77999877929688,253.88999938964844,243.1999969482422,252.9900054931641,15730487
2025-05-20,243.13314819335935,244.42999267578125,249.47999572753903,241.8000030517578,244.9900054931641,15814933
2025-05-21,246.10728454589844,247.4199981689453,249.5399932861328,241.8000030517578,244.5,9812359
2025-05-22,246.25650024414065,247.57000732421875,251.6499938964844,244.6000061035156,247.0,14679264
2025-05-23,253.44813537597656,254.8000030517578,255.9600067138672,245.1000061035156,247.5,18672122
2025-05-26,260.4706726074219,261.8599853515625,262.3500061035156,255.44000244140625,255.8500061035156,18231776
2025-05-27,258.7896728515625,260.1700134277344,263.3999938964844,258.4800109863281,261.989990234375,11619198
2025-05-28,265.1954650878906,266.6099853515625,268.95001220703125,260.8399963378906,261.1000061035156,16354936
2025-05-29,264.9965515136719,266.4100036621094,269.1199951171875,264.1199951171875,266.9800109863281,12113755
2025-05-30,258.451416015625,259.8299865722656,268.6499938964844,258.7300109863281,267.739990234375,16166684
2025-06-02,260.0131225585937,261.3999938964844,262.8999938964844,258.6499938964844,261.04998779296875,5496542
2025-06-03,251.6079559326172,252.9499969482422,262.8500061035156,252.0500030517578,262.5,10202467
2025-06-04,252.40370178222656,253.75,254.6000061035156,250.5,253.1000061035156,7322863
2025-06-05,250.6629943847656,252.0,256.5,251.25,254.9499969482422,5868497
2025-06-06,254.3433532714844,255.6999969482422,258.29998779296875,252.0500030517578,252.8000030517578,5912223
2025-06-09,256.78033447265625,258.1499938964844,259.6000061035156,254.25,257.0,8142667
2025-06-10,259.1676330566406,260.54998779296875,263.3999938964844,258.20001220703125,259.5,13506650
2025-06-11,255.636474609375,257.0,261.3999938964844,255.5,261.3999938964844,6312600
2025-06-12,252.4534454345703,253.8000030517578,258.0,253.1499938964844,256.3500061035156,7494477
2025-06-13,252.20477294921875,253.5500030517578,255.1999969482422,245.6999969482422,247.6000061035156,6863381
2025-06-16,253.09999084472656,254.4499969482422,256.25,248.1999969482422,253.0,5449381
2025-06-17,251.0111389160156,252.3500061035156,256.5,250.6999969482422,255.0,3780350
2025-06-18,250.46405029296875,251.8000030517578,255.25,250.25,252.3500061035156,4309390
2025-06-19,245.88845825195312,247.1999969482422,253.0,243.5,251.1000061035156,6499510
2025-06-20,249.1212158203125,250.4499969482422,252.1999969482422,246.8500061035156,247.0,7364337
2025-06-23,252.4534454345703,253.8000030517578,255.5,248.1499938964844,248.4499969482422,6599595
2025-06-24,258.5708312988281,259.95001220703125,263.79998779296875,254.1999969482422,255.9499969482422,13591549
2025-06-25,260.46075439453125,261.8500061035156,264.25,260.04998779296875,261.20001220703125,8079034
2025-06-26,263.0469665527344,264.45001220703125,265.3500061035156,260.8999938964844,262.3999938964844,8632812
2025-06-27,262.6988220214844,264.1000061035156,268.3999938964844,263.20001220703125,265.0,8256515
2025-06-30,264.8871154785156,266.29998779296875,272.1000061035156,263.45001220703125,272.0,24499093
2025-07-01,263.2458801269531,264.6499938964844,267.75,262.5,267.75,6368798
2025-07-02,259.2173767089844,260.6000061035156,265.6000061035156,259.0,264.6499938964844,4720752
2025-07-03,256.2332763671875,257.6000061035156,261.6499938964844,257.1000061035156,260.6000061035156,3482668
2025-07-04,258.7697448730469,260.1499938964844,263.3500061035156,258.1499938964844,259.0,6547713
2025-07-07,254.9899139404297,256.3500061035156,260.8999938964844,255.3500061035156,260.5,3448589
2025-07-08,256.73065185546875,258.1000061035156,259.1499938964844,256.25,256.3500061035156,3629949
2025-07-09,260.65966796875,262.04998779296875,265.3500061035156,257.79998779296875,258.1000061035156,9205944
2025-07-10,259.9136657714844,261.29998779296875,262.6000061035156,259.6499938964844,262.5,3978183
2025-07-11,257.3274841308594,258.70001220703125,261.5,256.95001220703125,260.3500061035156,3395468
2025-07-14,255.984619140625,257.3500061035156,259.75,255.1999969482422,258.6499938964844,2826291
2025-07-15,256.1338195800781,257.5,259.3500061035156,255.6999969482422,257.3500061035156,2785020
2025-07-16,253.0005340576172,254.3500061035156,258.29998779296875,253.3000030517578,256.5,3917127
2025-07-17,251.90635681152344,253.25,256.3999938964844,252.1499938964844,254.3500061035156,3133140
2025-07-18,249.17095947265625,250.5,254.8500061035156,250.0,253.1499938964844,3769277
2025-07-21,253.2989196777344,254.6499938964844,255.3999938964844,248.3000030517578,251.0500030517578,3502780
2025-07-22,249.17095947265625,250.5,255.6000061035156,250.0,254.6499938964844,3295956
2025-07-23,249.8672332763672,251.1999969482422,251.8000030517578,247.75,251.6000061035156,2778287
2025-07-24,249.7180328369141,251.0500030517578,252.3500061035156,248.5,251.1999969482422,2537746
2025-07-25,238.8758544921875,240.1499938964844,250.9499969482422,239.4499969482422,249.1499938964844,6249024
2025-07-28,235.493896484375,236.75,243.3999938964844,235.5,241.0,3829301
2025-07-29,239.27374267578125,240.5500030517578,241.6000061035156,234.25,236.25,4090733
2025-07-30,240.36790466308597,241.6499938964844,243.0,239.3999938964844,241.75,3128052
2025-07-31,237.18487548828125,238.4499969482422,241.3500061035156,237.6000061035156,238.6000061035156,4900265
2025-08-01,230.85531616210935,231.6000061035156,238.4499969482422,231.1000061035156,238.4499969482422,4328861
2025-08-04,240.6536865234375,241.42999267578125,242.1999969482422,230.3300018310547,232.1000061035156,4836529
2025-08-05,247.45176696777344,248.25,249.0,243.0,243.00999450683597,16107703
2025-08-06,239.058837890625,239.8300018310547,249.6000061035156,238.3999938964844,249.5,11261810
2025-08-07,227.2369842529297,227.97000122070312,232.69000244140625,222.58999633789065,231.8500061035156,32931833
2025-08-08,221.993896484375,222.7100067138672,229.1100006103516,222.2400054931641,227.5,10903726
2025-08-11,220.74790954589844,221.4600067138672,224.7899932861328,219.8999938964844,223.0,8120448
2025-08-12,222.1533660888672,222.8699951171875,225.66000366210935,220.5,222.0,5579037
2025-08-13,223.269775390625,223.9900054931641,226.9600067138672,221.5200042724609,224.0,4866381
2025-08-14,220.6183319091797,221.3300018310547,224.8000030517578,220.4199981689453,224.47999572753903,3835220
2025-08-18,215.9234619140625,216.6199951171875,226.0,216.1199951171875,226.0,9821664
2025-08-19,218.9935607910156,219.6999969482422,220.13999938964844,216.0399932861328,217.8500061035156,5359240
2025-08-20,219.96044921875,220.6699981689453,221.5500030517578,219.1000061035156,219.6999969482422,3150685
2025-08-21,217.7774810791016,218.47999572753903,222.42999267578125,217.97999572753903,220.97999572753903,3594173
2025-08-22,217.8871307373047,218.58999633789065,219.7899932861328,217.0200042724609,218.97999572753903,3265473
2025-08-25,215.81382751464844,216.50999450683597,219.6000061035156,216.2100067138672,219.0,2460395
2025-08-26,210.81993103027344,211.5,216.6499938964844,211.0500030517578,216.5,5248328
2025-08-28,207.83953857421875,208.50999450683597,213.7100067138672,208.0500030517578,211.5,5028650
2025-08-29,207.34115600585935,208.00999450683597,211.5500030517578,205.1199951171875,208.50999450683597,6491590
2025-09-01,211.53762817382807,212.22000122070312,213.3000030517578,209.0500030517578,209.5,6448724
2025-09-02,214.3784637451172,215.07000732421875,217.1499938964844,212.27999877929688,213.0500030517578,7347728
2025-09-03,216.27235412597656,216.97000122070312,217.3600006103516,214.22000122070312,215.1999969482422,3107124
2025-09-04,210.4112548828125,211.08999633789065,221.8000030517578,210.5,221.1199951171875,9965549
2025-09-05,211.6771697998047,212.3600006103516,213.1300048828125,209.6000061035156,211.4900054931641,3958541
2025-09-08,215.9832763671875,216.67999267578125,218.6999969482422,213.8000030517578,214.5,5280719
2025-09-09,213.83023071289065,214.5200042724609,217.0,214.0800018310547,216.67999267578125,2832092
2025-09-10,219.322509765625,220.02999877929688,220.83999633789065,214.0500030517578,214.5500030517578,8012241
2025-09-11,228.34341430664065,229.0800018310547,230.0,219.4199981689453,220.0,28357811
2025-09-12,227.9845733642578,228.72000122070312,230.50999450683597,226.8000030517578,228.5,7574797
2025-09-15,228.93150329589844,229.6699981689453,232.8500061035156,228.3000030517578,229.6999969482422,8536557
2025-09-16,231.4434051513672,232.19000244140625,232.67999267578125,229.1199951171875,230.1000061035156,5707608
2025-09-17,233.5665740966797,234.32000732421875,234.9900054931641,232.3999938964844,233.0,5487958
2025-09-18,233.73602294921875,234.4900054931641,235.8999938964844,231.1000061035156,235.0,4534560
2025-09-19,236.4073944091797,237.1699981689453,241.3500061035156,233.7100067138672,233.94000244140625,14496280
2025-09-22,238.82958984375,239.6000061035156,242.42999267578125,236.41000366210935,237.08999633789065,7227055
2025-09-23,237.96237182617188,238.72999572753903,240.8300018310547,236.6000061035156,239.6000061035156,6141305
2025-09-24,235.2511138916016,236.00999450683597,239.1699981689453,234.7400054931641,238.5,4665637
2025-09-25,233.86558532714844,234.6199951171875,238.0,233.1000061035156,235.0,4026105
2025-09-26,230.26719665527344,231.00999450683597,234.0,229.7700042724609,233.3999938964844,4520518
2025-09-29,233.2176818847656,233.97000122070312,235.6000061035156,231.00999450683597,231.1999969482422,6844860
2025-09-30,237.6832733154297,238.4499969482422,239.6499938964844,233.0800018310547,234.8999938964844,7781995
2025-10-01,239.3977508544922,240.1699981689453,242.8000030517578,238.5,239.0,7001353
2025-10-03,244.23216247558597,245.0200042724609,246.2899932861328,240.0,240.5,9487956
2025-10-06,244.52122497558597,245.30999755859372,246.75,243.17999267578125,244.6999969482422,5947078
2025-10-07,244.0726623535156,244.8600006103516,246.2700042724609,242.47999572753903,245.6000061035156,6648973
2025-10-08,238.27137756347656,239.0399932861328,245.55999755859372,237.72999572753903,244.8500061035156,4226459
2025-10-09,238.27137756347656,239.0399932861328,240.8999938964844,237.7899932861328,239.5,4334247
2025-10-10,238.86944580078125,239.63999938964844,242.3800048828125,238.91000366210935,239.0500030517578,6959120
2025-10-13,234.10482788085935,234.8600006103516,239.1999969482422,234.0800018310547,237.3999938964844,6337675
2025-10-14,231.69261169433597,232.44000244140625,236.0,230.3999938964844,235.0500030517578,4680465
2025-10-15,235.04180908203125,235.8000030517578,237.8999938964844,232.0,232.0,5422265
2025-10-16,235.41061401367188,236.1699981689453,237.4600067138672,233.8999938964844,236.8000030517578,4104632
2025-10-17,231.8720245361328,232.6199951171875,237.58999633789065,231.4499969482422,235.6000061035156,3238488
2025-10-20,233.00836181640625,233.75999450683597,235.6999969482422,233.0500030517578,233.4900054931641,3655987
2025-10-21,233.84567260742188,234.6000061035156,235.67999267578125,233.8500061035156,234.0,712531
2025-10-23,233.53665161132807,234.2899932861328,238.63999938964844,233.75,235.3000030517578,4072749
2025-10-24,230.1974334716797,230.94000244140625,236.7899932861328,229.5399932861328,235.2700042724609,5297389
2025-10-27,234.24436950683597,235.0,236.94000244140625,231.57000732421875,232.0,7375341
2025-10-28,236.57684326171875,237.33999633789065,238.5,234.22000122070312,235.0,9973722
2025-10-29,244.60096740722656,245.38999938964844,246.6999969482422,237.0,238.44000244140625,14046107
2025-10-30,260.4498596191406,261.2900085449219,262.3699951171875,245.1199951171875,254.0,75432122
2025-10-31,264.6363220214844,265.489990234375,266.489990234375,260.6600036621094,261.2900085449219,23280006
2025-11-03,264.0980834960937,264.95001220703125,268.3999938964844,262.8500061035156,265.0,11181498
2025-11-04,266.39068603515625,267.25,268.3999938964844,263.45001220703125,263.5,9063915
2025-11-06,259.2138061523437,260.04998779296875,266.8999938964844,259.5,266.70001220703125,5823324
2025-11-07,263.0016174316406,263.8500061035156,265.79998779296875,255.3000030517578,258.0,10052522
2025-11-10,272.4710693359375,273.3500061035156,274.79998779296875,264.20001220703125,264.95001220703125,18151146
2025-11-11,284.8810119628906,285.79998779296875,287.75,271.70001220703125,274.0,37222053
2025-11-12,286.1269836425781,287.04998779296875,290.8999938964844,282.75,285.5,15184051
2025-11-13,280.5948486328125,281.5,289.5,280.20001220703125,286.0,16076468
2025-11-14,280.6945495605469,281.6000061035156,284.5,279.79998779296875,281.5,11786151
2025-11-17,284.5820007324219,285.5,286.8500061035156,280.6000061035156,281.6000061035156,7910619
2025-11-18,288.17041015625,289.1000061035156,290.20001220703125,282.8999938964844,284.95001220703125,11332882
2025-11-19,288.2701110839844,289.20001220703125,292.3999938964844,286.75,290.3999938964844,14533784
2025-11-20,284.3327941894531,285.25,290.79998779296875,284.45001220703125,289.5,8839796
2025-11-21,281.5916442871094,282.5,285.25,281.29998779296875,285.0,6158231
2025-11-24,277.0064392089844,277.8999938964844,284.6000061035156,275.75,282.20001220703125,9586847
2025-11-25,281.9903564453125,282.8999938964844,285.3500061035156,276.70001220703125,277.0,7350075
2025-11-26,288.7684936523437,289.70001220703125,290.25,282.1499938964844,282.79998779296875,11134915
2025-11-27,289.914794921875,290.8500061035156,295.25,288.8999938964844,289.70001220703125,10234788
2025-11-28,289.914794921875,290.8500061035156,293.1499938964844,290.1000061035156,290.25,7279931
2025-12-01,290.0643005371094,291.0,295.25,290.25,291.1000061035156,9651733
2025-12-02,284.5820007324219,285.5,291.6000061035156,284.79998779296875,290.8999938964844,6242631
2025-12-03,277.6543273925781,278.54998779296875,287.70001220703125,276.04998779296875,286.0,6343542
2025-12-04,274.86334228515625,275.75,279.54998779296875,274.3999938964844,279.0,8033107
2025-12-05,276.8569030761719,277.75,279.5,273.1000061035156,275.8500061035156,4629680
2025-12-08,268.83282470703125,269.70001220703125,279.20001220703125,267.70001220703125,277.70001220703125,5178235
2025-12-09,276.1093139648437,277.0,280.54998779296875,268.8999938964844,269.3999938964844,9945144
2025-12-10,274.1157531738281,275.0,280.75,274.20001220703125,276.95001220703125,3543157
2025-12-11,275.6109313964844,276.5,279.1499938964844,273.79998779296875,275.0,3695549
2025-12-12,284.2331237792969,285.1499938964844,287.5,276.8500061035156,276.8500061035156,12084724
2025-12-15,281.6913146972656,282.6000061035156,286.45001220703125,281.54998779296875,285.1499938964844,4114513
2025-12-16,278.4517822265625,279.3500061035156,281.79998779296875,275.79998779296875,281.5,5220449
2025-12-17,276.95660400390625,277.8500061035156,280.6499938964844,275.6499938964844,278.5,3130658
2025-12-18,274.16558837890625,275.04998779296875,277.70001220703125,271.45001220703125,277.20001220703125,4139636
2025-12-19,274.86334228515625,275.75,277.8999938964844,272.5,275.04998779296875,7050742
2025-12-22,280.9437255859375,281.8500061035156,282.45001220703125,275.79998779296875,276.0,4874650
2025-12-23,280.9935607910156,281.8999938964844,284.3500061035156,280.6000061035156,282.20001220703125,5087115
2025-12-24,277.30548095703125,278.20001220703125,285.5,277.75,281.8999938964844,5866008
2025-12-26,280.5948486328125,281.5,285.6000061035156,277.04998779296875,278.0,6390786
2025-12-29,278.5015869140625,279.3999938964844,284.5,278.5,282.5,3963435
2025-12-30,281.8906555175781,282.79998779296875,283.75,276.29998779296875,279.70001220703125,5022408
2025-12-31,286.5257263183594,287.45001220703125,291.20001220703125,282.25,283.79998779296875,10765553
2026-01-01,290.51287841796875,291.45001220703125,293.29998779296875,288.1000061035156,288.5,7927074
2026-01-02,298.5369873046875,299.5,300.8500061035156,291.54998779296875,292.70001220703125,13871683
2026-01-05,299.085205078125,300.04998779296875,303.3999938964844,296.0,300.79998779296875,9119661
2026-01-06,295.99517822265625,296.95001220703125,302.70001220703125,294.70001220703125,300.70001220703125,6926709
2026-01-07,302.5739440917969,303.54998779296875,305.8999938964844,296.5,296.95001220703125,12724071
2026-01-08,270.876220703125,271.75,303.8999938964844,261.5,303.8999938964844,48951103
2026-01-09,273.3681640625,274.25,285.5,271.6499938964844,279.0,62968609
2026-01-12,267.03857421875,267.8999938964844,272.5,258.25,272.5,36431979
2026-01-13,264.6961364746094,265.54998779296875,269.75,262.45001220703125,269.1499938964844,10914720
2026-01-14,266.5900573730469,267.45001220703125,272.3500061035156,263.5,265.95001220703125,9508874
2026-01-15,266.5900573730469,267.45001220703125,267.45001220703125,267.45001220703125,267.45001220703125,0
2026-01-16,264.546630859375,265.3999938964844,269.3999938964844,263.8500061035156,269.20001220703125,5568981
2026-01-19,262.2540283203125,263.1000061035156,269.1499938964844,256.5,265.3999938964844,25303568
2026-01-20,249.3456573486328,250.1499938964844,262.5,248.75,262.5,24904986
2026-01-21,251.53858947753903,252.3500061035156,257.8500061035156,247.8999938964844,249.9499969482422,14481811
2026-01-22,250.7411651611328,251.5500030517578,256.95001220703125,250.3000030517578,254.8000030517578,6157502
2026-01-23,241.7202606201172,242.5,255.5500030517578,241.6499938964844,255.5500030517578,6847147
2026-01-27,246.90353393554688,247.6999969482422,248.8000030517578,240.5,243.5,9603734
2026-01-28,258.8150939941406,259.6499938964844,260.8999938964844,246.8500061035156,250.0500030517578,8340263
2026-01-29,259.6623840332031,260.5,261.75,256.5,260.79998779296875,7777528
2026-01-30,261.8553161621094,262.70001220703125,263.6499938964844,256.8500061035156,259.79998779296875,6252061
2026-02-02,257.41961669921875,258.25,259.1000061035156,249.5,253.5,5287190
2026-02-03,267.03857421875,267.8999938964844,271.6000061035156,261.3500061035156,266.3999938964844,8088230
2026-02-04,271.8231506347656,272.70001220703125,274.0,264.6000061035156,268.95001220703125,8243278
2026-02-05,268.0353698730469,268.8999938964844,272.8999938964844,267.6000061035156,272.29998779296875,3631556
2026-02-06,265.7427673339844,266.6000061035156,269.1499938964844,263.1000061035156,268.20001220703125,3549301
2026-02-09,273.7668762207031,274.6499938964844,275.54998779296875,267.6000061035156,267.6000061035156,5685381
2026-02-10,275.21221923828125,276.1000061035156,277.0,271.0,275.3999938964844,5379904
2026-02-11,259.8118896484375,260.6499938964844,263.25,258.6000061035156,261.8999938964844,85237867
2026-02-12,259.7620544433594,260.6000061035156,265.79998779296875,259.0,259.0,69540657
2026-02-13,254.9276580810547,255.75,262.20001220703125,254.6999969482422,257.0,27784730
2026-02-16,261.65594482421875,262.5,263.3500061035156,253.0,256.0,29358420
2026-02-17,261.9549865722656,262.79998779296875,265.1499938964844,261.0,262.1000061035156,10432190
2026-02-18,260.75885009765625,261.6000061035156,265.8999938964844,258.0,265.8999938964844,12611325
2026-02-19,252.9839324951172,253.8000030517578,259.29998779296875,252.0,259.0,10932988
2026-02-20,256.47265625,257.29998779296875,259.6499938964844,250.6999969482422,253.0,9855329
2026-02-23,257.41961669921875,258.25,260.79998779296875,255.25,258.04998779296875,11160170
2026-02-24,260.95819091796875,261.79998779296875,262.5,255.0,257.0,10678349
2026-02-25,261.10772705078125,261.95001220703125,265.1000061035156,260.0,262.3999938964844,8855564
2026-02-26,263.9984130859375,264.8500061035156,265.5,259.75,263.0,6496828
2026-02-27,264.0980834960937,264.95001220703125,267.8999938964844,262.79998779296875,264.5,8367571
2026-03-02,261.3070678710937,262.1499938964844,266.3999938964844,256.04998779296875,256.04998779296875,12870609
2026-03-04,247.10289001464844,247.8999938964844,258.95001220703125,247.1999969482422,258.0,16208648
2026-03-05,256.4228210449219,257.25,258.79998779296875,249.3000030517578,249.75,10224873
2026-03-06,258.11737060546875,258.95001220703125,264.45001220703125,255.75,256.54998779296875,10342609
2026-03-09,254.57876586914065,255.3999938964844,256.3500061035156,247.6000061035156,253.0500030517578,7235564
2026-03-10,257.8183288574219,258.6499938964844,262.0,252.6000061035156,259.0,6171454
2026-03-11,254.9276580810547,255.75,262.79998779296875,255.0,258.95001220703125,6282466
2026-03-12,266.9887390136719,267.8500061035156,270.3500061035156,251.8500061035156,253.8999938964844,16227938
2026-03-13,257.6688232421875,258.5,270.29998779296875,256.6000061035156,265.8500061035156,11238122
2026-03-16,252.6848907470703,253.5,260.79998779296875,248.8999938964844,257.04998779296875,7970526
2026-03-17,255.52572631835935,256.3500061035156,257.1499938964844,250.0,255.5,7083919
2026-03-18,259.3135070800781,260.1499938964844,261.5,256.3500061035156,257.5,4198413
2026-03-19,250.9405212402344,251.75,256.79998779296875,250.0500030517578,256.0,4709558
2026-03-20,261.2073974609375,262.04998779296875,266.20001220703125,253.25,254.0500030517578,19056140
2026-03-23,252.0369873046875,252.8500061035156,260.25,249.25,260.20001220703125,11692333
2026-03-24,257.3697814941406,258.20001220703125,260.0,252.3000030517578,258.0,7393540
2026-03-25,261.2073974609375,262.04998779296875,266.79998779296875,259.3500061035156,259.95001220703125,6801129
2026-03-27,254.03054809570312,254.8500061035156,261.45001220703125,254.4499969482422,260.29998779296875,6984305
2026-03-30,244.7106170654297,245.5,254.8500061035156,244.0,250.3500061035156,12308911
2026-04-01,251.0302276611328,251.83999633789065,257.3500061035156,250.5,254.5,14241715
2026-04-02,247.31222534179688,248.1100006103516,249.3000030517578,240.9199981689453,248.9499969482422,7987056
2026-04-06,244.85015869140625,245.63999938964844,250.8000030517578,239.1699981689453,249.41000366210935,13853601
2026-04-07,252.77459716796875,253.58999633789065,254.38999938964844,242.25999450683597,245.58999633789065,14913436
2026-04-08,264.8456726074219,265.70001220703125,267.79998779296875,261.0799865722656,261.20001220703125,17510017
2026-04-09,276.3086853027344,277.20001220703125,281.0,263.760009765625,266.5,31642983
2026-04-10,283.7945251464844,284.7099914550781,286.17999267578125,278.989990234375,279.0,15013291
2026-04-13,286.8446960449219,287.7699890136719,293.0,276.489990234375,279.0,42151898
2026-04-15,291.5594787597656,292.5,297.3900146484375,291.0199890136719,291.0199890136719,12730693
2026-04-16,308.2655944824219,309.260009765625,312.29998779296875,293.04998779296875,294.3699951171875,28292886
2026-04-17,315.7713928222656,316.7900085449219,317.79998779296875,307.3800048828125,311.0,25068627
2026-04-20,324.5829772949219,325.6300048828125,333.7900085449219,317.6000061035156,318.5299987792969,49865330
2026-04-21,331.5404968261719,332.6099853515625,333.7900085449219,322.510009765625,327.010009765625,20292270
2026-04-22,332.5672302246094,333.6400146484375,336.79998779296875,329.70001220703125,331.989990234375,15926893
2026-04-23,336.51446533203125,337.6000061035156,341.25,330.6499938964844,333.0,16570930
2026-04-24,336.3051452636719,337.3900146484375,340.489990234375,333.0199890136719,339.0,15907329
2026-04-27,347.4591369628906,348.5799865722656,354.0,339.0,339.42999267578125,20484360
2026-04-28,353.5694580078125,354.7099914550781,356.0,347.2799987792969,349.69000244140625,14893265
2026-04-29,343.39227294921875,344.5,358.1000061035156,342.510009765625,356.79998779296875,14716414
2026-04-30,351.27685546875,352.4100036621094,354.8999938964844,342.0400085449219,344.3999938964844,17432476
2026-05-01,351.27685546875,352.4100036621094,352.4100036621094,352.4100036621094,352.4100036621094,0
2026-05-04,375.8376159667969,377.0499877929688,399.0,353.70001220703125,355.0,104983361
2026-05-05,373.744384765625,374.9500122070313,388.3999938964844,371.2999877929688,379.8999938964844,33273604
2026-05-06,384.7090148925781,385.9500122070313,387.5,368.3999938964844,378.0,20995123
2026-05-07,405.1430969238281,406.4500122070313,408.3500061035156,383.4500122070313,385.5,37208886
2026-05-08,403.2990417480469,404.6000061035156,408.8999938964844,400.1000061035156,406.1000061035156,17888566
2026-05-11,400.0594787597656,401.3500061035156,406.6000061035156,393.0499877929688,400.0,18431673
2026-05-12,390.4903564453125,391.75,407.2000122070313,390.5499877929688,397.1000061035156,17519753
2026-05-13,402.5514526367188,403.8500061035156,407.75,392.5,392.5,21915995
2026-05-14,411.821533203125,413.1499938964844,417.8999938964844,402.0499877929688,407.2000122070313,22299813
2026-05-15,397.019287109375,398.2999877929688,415.6499938964844,397.0,414.7999877929688,15856773
2026-05-18,393.9790954589844,395.25,396.2999877929688,386.1000061035156,395.6000061035156,10710854
2026-05-19,399.810302734375,401.1000061035156,404.3999938964844,391.1000061035156,397.0,11644140
2026-05-20,407.0868225097656,408.3999938964844,410.0,396.0,397.0,10932205
2026-05-21,406.8376159667969,408.1499938964844,414.7000122070313,406.2999877929688,412.0,8203336
2026-05-22,407.236328125,408.5499877929688,413.5499877929688,407.1000061035156,408.5,7879542
2026-05-25,418.0514526367188,419.3999938964844,420.9500122070313,409.9500122070313,412.0,11083538
2026-05-26,416.40673828125,417.75,420.3999938964844,415.25,419.5,9434405
2026-05-27,420.9919738769531,422.3500061035156,424.7000122070313,416.5,417.2000122070313,10651428
2026-05-28,420.9919738769531,422.3500061035156,422.3500061035156,422.3500061035156,422.3500061035156,0
2026-05-29,415.4099731445313,416.75,424.8999938964844,413.0499877929688,424.0499877929688,18794737
2026-06-01,403.4983825683594,404.7999877929688,417.7999877929688,403.1000061035156,417.0,9218173
2026-06-02,409.4292602539063,410.75,413.0,399.2999877929688,400.0,8510633
2026-06-03,404.9935607910156,406.2999877929688,412.6499938964844,397.2999877929688,410.75,10000048
2026-06-04,387.9485778808594,389.2000122070313,411.0,384.5,410.3999938964844,22452304
2026-06-05,385.705810546875,386.9500122070313,400.3500061035156,382.6000061035156,390.0,17437792
2026-06-08,385.057861328125,386.2999877929688,389.8999938964844,378.0,378.0,9622172
2026-06-09,395.27490234375,396.5499877929688,397.3999938964844,385.0499877929688,388.25,9498965
2026-06-10,376.0867919921875,377.2999877929688,397.2000122070313,375.75,397.0,11028183
2026-06-11,369.4581909179688,370.6499938964844,379.5,367.6000061035156,376.5499877929688,11173287
2026-06-12,377.53216552734375,378.75,380.1499938964844,369.7000122070313,379.6000061035156,9280094
2026-06-15,381.6189880371094,382.8500061035156,391.25,381.0499877929688,384.0,7802473
2026-06-16,382.9646301269531,384.2000122070313,387.6499938964844,381.75,383.8999938964844,6165659
2026-06-17,390.9887390136719,392.25,394.0499877929688,381.8999938964844,384.2000122070313,7880789
2026-06-18,404.5948486328125,405.8999938964844,409.4500122070313,391.3500061035156,392.7999877929688,15191954
2026-06-19,413.0177001953125,414.3500061035156,423.7000122070313,403.8500061035156,405.8999938964844,22020572
2026-06-22,410.1768493652344,411.5,420.7000122070313,408.2999877929688,417.2999877929688,10136520
2026-06-23,398.5643005371094,399.8500061035156,414.75,397.7000122070313,413.8500061035156,9746360
2026-06-24,401.6044921875,402.8999938964844,408.0,398.7999877929688,401.1000061035156,9391640
2026-06-25,401.4051513671875,402.7000122070313,408.2999877929688,401.1000061035156,404.7000122070313,8630710
2026-06-26,401.4051513671875,402.7000122070313,402.7000122070313,402.7000122070313,402.7000122070313,0
2026-06-29,412.4196166992188,413.75,416.3999938964844,393.8500061035156,402.7000122070313,45313478
2026-06-30,412.76849365234375,414.1000061035156,420.0,411.75,414.5499877929688,18542296
2026-07-01,412.6189880371094,413.9500122070313,422.3999938964844,411.7999877929688,416.1000061035156,10048287
2026-07-02,400.6575622558594,401.9500122070313,415.0499877929688,399.7999877929688,414.9500122070313,11966341
2026-07-03,382.3665771484375,383.6000061035156,403.2000122070313,383.0,402.0,29608874
2026-07-06,386.2540283203125,387.5,394.0,384.0,384.0,12997839
2026-07-07,375.2395629882813,376.4500122070313,389.7000122070313,375.0,389.7000122070313,18569613
2026-07-08,376.585205078125,377.7999877929688,387.5,371.7999877929688,374.0,13150600
2026-07-09,380.37298583984375,381.6000061035156,387.0,379.2999877929688,380.0,9102802
2026-07-10,393.9790954589844,395.25,395.7999877929688,385.6000061035156,388.8999938964844,11887326
2026-07-13,407.7845764160156,409.1000061035156,412.0,389.6000061035156,392.75,14286194
2026-07-14,402.6012878417969,403.8999938964844,409.0,401.0,408.1499938964844,12494044
2026-07-15,416.6061096191406,417.9500122070313,424.0,402.5,405.2000122070313,19808847
2026-07-16,434.0,435.3999938964844,441.0,407.0499877929688,424.2000122070313,55731908
2026-07-17,422.0,422.0,446.5,420.2999877929688,445.0,48217882
2026-07-20,417.5,417.5,427.25,414.3999938964844,422.3999938964844,12038780
2026-07-21,413.2999877929688,413.2999877929688,417.9500122070313,411.2000122070313,417.5,8374361
2026-07-22,416.4500122070313,416.4500122070313,421.0,412.3500061035156,414.0,11711567
2026-07-23,409.6000061035156,409.6000061035156,417.0,405.6499938964844,415.4500122070313,7519426
2026-07-24,417.2999877929688,417.2999877929688,418.0,402.1499938964844,405.0,8874814
2026-07-27,415.9500122070313,415.9500122070313,422.3999938964844,412.8999938964844,420.0,9042974
2026-07-28,405.75,405.75,415.9500122070313,403.2000122070313,415.9500122070313,6949460
2026-07-29,405.1499938964844,405.1499938964844,408.4500122070313,395.5,408.0,10523689
2026-07-30,403.0,403.0,406.0,399.75,406.0,5875071
2026-07-31,407.0,407.0,412.3500061035156,405.9500122070313,406.0,6869187
2026-08-03,411.1499938964844,411.1499938964844,414.3500061035156,406.4500122070313,409.0,5593016
2026-08-04,411.9500122070313,411.9500122070313,412.8500061035156,406.25,411.1499938964844,4709584
2026-08-05,412.3999938964844,412.3999938964844,414.7999877929688,407.0,411.9500122070313,5588130
2026-08-06,408.1499938964844,408.1499938964844,411.8999938964844,404.9500122070313,410.1000061035156,5362227
2026-08-07,405.2000122070313,405.2000122070313,418.7000122070313,402.2000122070313,406.9500122070313,9754089
2026-08-10,409.0,409.0,409.4500122070313,400.2000122070313,404.75,4506602
2026-08-11,403.0,403.0,413.3999938964844,401.6499938964844,409.8999938964844,5246729
2026-08-12,420.0,420.0,420.2000122070313,403.25,404.5,14607097
2026-08-13,420.0,420.0,420.5,412.0,420.0,14823680
2026-08-14,421.7000122070313,421.7000122070313,430.0,416.5499877929688,419.9500122070313,11362612
2026-08-17,435.9500122070313,435.9500122070313,435.9500122070313,421.7999877929688,424.0,15351093
2026-08-18,425.0,425.0,434.1499938964844,423.5,434.0,7418846
2026-08-19,419.7999877929688,419.7999877929688,425.1499938964844,414.2999877929688,425.0,5840962
2026-08-20,413.5,413.5,423.75,412.3999938964844,422.8999938964844,4572719
2026-08-21,413.0,413.0,416.6499938964844,409.1000061035156,416.0499877929688,3639529
2026-08-24,411.3999938964844,411.3999938964844,413.7999877929688,409.2000122070313,412.5,4441028
2026-08-25,410.9500122070313,410.9500122070313,413.0,408.1499938964844,410.7999877929688,2535609
