Date,Adj Close,Close,High,Low,Open,Volume
2015-01-01,56.39249801635742,109.03333282470705,109.58333587646484,107.03333282470705,108.1500015258789,2893002
2015-01-02,55.54773712158203,107.4000015258789,109.31666564941406,107.0749969482422,108.48332977294922,6142290
2015-01-05,55.65550231933594,107.60832977294922,108.24166870117188,106.88333129882812,107.5,6566232
2015-01-06,55.09518432617188,106.5250015258789,109.21666717529295,105.0,108.73332977294922,13121010
2015-01-07,55.59516143798828,107.49166870117188,108.2249984741211,106.16666412353516,106.16666412353516,7856364
2015-01-08,58.40960311889648,112.93333435058594,113.6500015258789,108.16666412353516,108.16666412353516,16840194
2015-01-09,58.56046295166016,113.2249984741211,114.66666412353516,112.08333587646484,114.0,10079154
2015-01-12,58.30616760253906,112.73332977294922,114.16666412353516,112.0500030517578,114.16666412353516,3867444
2015-01-13,57.71569442749024,111.59166717529295,115.16666412353516,110.58333587646484,113.4000015258789,5972538
2015-01-14,56.17700958251953,108.61666870117188,112.65833282470705,108.1500015258789,112.65833282470705,7112274
2015-01-15,57.14676284790039,110.49166870117188,111.36666870117188,108.2249984741211,109.18333435058594,11808276
2015-01-16,56.83212661743164,109.88333129882812,112.1500015258789,109.26666259765624,110.54166412353516,7147248
2015-01-19,55.61670684814453,107.53333282470705,110.1750030517578,107.11666870117188,109.875,6617304
2015-01-20,55.82789611816406,107.94166564941406,109.0,107.20833587646484,107.70833587646484,4653270
2015-01-21,56.3882064819336,109.0250015258789,109.55833435058594,107.26666259765624,108.0,5534538
2015-01-22,56.63818740844727,109.50833129882812,110.0,107.49166870117188,109.16666412353516,4936338
2015-01-23,58.1639404296875,112.45833587646484,113.7249984741211,109.59166717529295,110.56666564941406,8706078
2015-01-27,59.65520477294922,115.34166717529295,115.80833435058594,110.13333129882812,113.1500015258789,11605284
2015-01-28,60.87926864624024,117.70833587646484,118.26666259765624,114.16666412353516,114.80833435058594,11438976
2015-01-29,63.25841522216797,122.30833435058594,122.95833587646484,117.9250030517578,118.54166412353516,19402494
2015-01-30,64.5514144897461,124.80833435058594,127.20833587646484,121.83333587646484,122.91666412353516,14754744
2015-02-02,64.5341567993164,124.7750015258789,127.88333129882812,122.55833435058594,124.33333587646484,10153596
2015-02-03,62.70240783691406,121.23332977294922,126.06666564941406,120.7249984741211,124.83333587646484,9786834
2015-02-04,62.15071105957031,120.16666412353516,122.66666412353516,119.375,120.83333587646484,10960314
2015-02-05,64.65052032470703,125.0,128.8000030517578,120.5,120.78333282470705,18653808
2015-02-06,63.00843048095703,121.8249969482422,124.83333587646484,121.13333129882812,122.66666412353516,9303972
2015-02-09,61.35768127441406,118.63333129882812,121.0,117.75833129882812,120.16666412353516,8207352
2015-02-10,60.19395065307617,116.38333129882812,119.26666259765624,114.83333587646484,117.5,14683530
2015-02-11,61.45249938964844,118.81666564941406,119.38333129882812,115.74166870117188,117.06666564941406,4827102
2015-02-12,60.84477996826172,117.64166259765624,120.33333587646484,116.84166717529295,119.59166717529295,4276554
2015-02-13,62.48689651489258,120.81666564941406,122.28333282470705,115.5,117.63333129882812,22005114
2015-02-16,62.568790435791016,120.9749984741211,126.20833587646484,120.16666412353516,121.98332977294922,11987340
2015-02-18,62.89635467529297,121.60832977294922,122.5,120.16666412353516,121.25,4127406
2015-02-19,63.97817993164063,123.6999969482422,124.58333587646484,121.96666717529295,122.33333587646484,7744434
2015-02-20,63.94369125366211,123.63333129882812,124.3000030517578,123.0,123.58333587646484,4395330
2015-02-23,63.75836181640625,123.2750015258789,125.66666412353516,122.4250030517578,124.16666412353516,4430634
2015-02-24,65.27981567382812,126.21666717529295,126.64166259765624,123.6500015258789,123.83333587646484,7384584
2015-02-25,64.81002807617188,125.30833435058594,128.6750030517578,124.5,126.33333587646484,9594054
2015-02-26,64.28852081298828,124.3000030517578,126.4499969482422,123.60832977294922,125.30833435058594,8611818
2015-02-27,64.1548843383789,124.04166412353516,124.9749984741211,121.71666717529295,124.83333587646484,5141580
2015-03-02,67.19347381591797,129.9166717529297,131.0,126.3499984741211,126.6500015258789,18558558
2015-03-03,67.30553436279297,130.13333129882812,131.0833282470703,128.03334045410156,129.9166717529297,9442494
2015-03-04,66.41767120361328,128.4166717529297,131.63333129882812,127.29166412353516,130.5833282470703,10777344
2015-03-05,66.92193603515625,129.39166259765625,130.14999389648438,128.0,128.3333282470703,7745406
2015-03-09,65.85734558105469,127.33333587646484,130.13333129882812,125.73332977294922,129.1750030517578,10691736
2015-03-10,65.87459564208984,127.36666870117188,129.60000610351562,126.94166564941406,128.13333129882812,8797860
2015-03-11,64.72381591796875,125.14166259765624,128.63333129882812,124.5250015258789,127.36666870117188,3598278
2015-03-12,64.6074447631836,124.91666412353516,126.4250030517578,124.65833282470705,125.39166259765624,3971940
2015-03-13,63.04722213745117,121.9000015258789,125.81666564941406,121.1750030517578,125.6500015258789,5221908
2015-03-16,63.499759674072266,122.7750015258789,124.16666412353516,122.21666717529295,123.33333587646484,2856366
2015-03-17,64.70657348632812,125.10832977294922,126.0,123.2750015258789,123.83333587646484,6329616
2015-03-18,66.58573150634766,128.74166870117188,130.3333282470703,124.16666412353516,124.9000015258789,8524572
2015-03-19,64.94363403320312,125.56666564941406,129.98333740234375,124.84166717529295,129.5,4517646
2015-03-20,62.672245025634766,121.1750030517578,125.56666564941406,120.46666717529295,125.56666564941406,5789646
2015-03-23,61.66800308227539,119.23332977294922,122.66666412353516,118.8499984741211,121.33333587646484,4267110
2015-03-24,63.85749053955078,123.46666717529295,124.08333587646484,119.60832977294922,120.0,12425196
2015-03-25,64.5384750366211,124.78333282470705,126.00833129882812,121.99166870117188,123.33333587646484,8616528
2015-03-26,65.71082305908203,127.0500030517578,129.02499389648438,123.33333587646484,123.81666564941406,16437222
2015-03-27,64.61605834960938,124.93333435058594,128.4583282470703,123.75,125.83333587646484,10540140
2015-03-30,66.314208984375,128.21665954589844,129.15834045410156,125.18333435058594,125.5,7203846
2015-03-31,69.89153289794922,135.13333129882812,135.98333740234375,128.21665954589844,128.3333282470703,15727752
2015-04-01,69.32262420654297,134.03334045410156,136.3333282470703,132.75,135.15834045410156,6395814
2015-04-06,69.14159393310547,133.68333435058594,135.9583282470703,133.3333282470703,134.5,5115972
2015-04-07,68.58992767333984,132.61666870117188,134.3333282470703,131.8333282470703,134.3333282470703,5338818
2015-04-08,70.6544189453125,136.60833740234375,138.6666717529297,131.7916717529297,132.1999969482422,13900224
2015-04-09,69.98206329345703,135.30833435058594,139.1666717529297,134.8333282470703,138.0,6251700
2015-04-10,70.68890380859375,136.6750030517578,138.26666259765625,134.63333129882812,135.8000030517578,8098518
2015-04-13,70.54666900634766,136.39999389648438,138.14999389648438,135.3333282470703,136.27499389648438,5826048
2015-04-15,69.1674575805664,133.73333740234375,137.26666259765625,132.64999389648438,135.69166564941406,7068102
2015-04-16,69.03815460205078,133.48333740234375,134.46665954589844,131.9166717529297,133.5,8001768
2015-04-17,68.7752456665039,132.97500610351562,135.8000030517578,132.27499389648438,133.3333282470703,6567684
2015-04-20,69.26228332519531,133.9166717529297,135.47500610351562,132.5,134.1666717529297,7801080
2015-04-21,68.88731384277344,133.19166564941406,136.43333435058594,132.43333435058594,134.6666717529297,9105102
2015-04-22,69.39588928222656,134.1750030517578,135.9250030517578,133.6666717529297,133.93333435058594,11554200
2015-04-23,69.18040466308594,133.75833129882812,135.77499389648438,133.1666717529297,135.3333282470703,5109906
2015-04-24,67.27965545654297,130.0833282470703,134.125,129.14166259765625,134.125,4140084
2015-04-27,63.12479782104492,122.0500030517578,130.3333282470703,120.06666564941406,130.23333740234375,7453998
2015-04-28,65.95647430419922,127.5250015258789,129.1666717529297,122.33333587646484,122.83333587646484,10898772
2015-04-29,65.16343688964844,125.99166870117188,127.5,124.54166412353516,127.23332977294922,6079548
2015-04-30,65.92200469970703,127.45833587646484,130.52499389648438,125.25833129882812,126.00833129882812,12239616
2015-05-04,67.55549621582031,130.61666870117188,132.06666564941406,127.33333587646484,129.1666717529297,6247296
2015-05-05,67.00381469726562,129.5500030517578,131.19166564941406,128.0,130.8333282470703,5669406
2015-05-06,64.4953842163086,124.6999969482422,128.5,123.11666870117188,128.38333129882812,9049056
2015-05-07,62.92221832275391,121.65833282470705,126.08333587646484,120.05833435058594,123.375,7835052
2015-05-08,64.48246002197266,124.6750030517578,126.39166259765624,122.88333129882812,124.1500015258789,6661260
2015-05-11,64.71949768066406,125.13333129882812,125.66666412353516,124.16666412353516,125.46666717529295,4596036
2015-05-12,62.57310104370117,120.98332977294922,125.33333587646484,120.5,125.25,6562188
2015-05-13,63.4307975769043,122.64166259765624,123.04166412353516,117.26666259765624,121.6500015258789,5709978
2015-05-14,65.22808837890625,126.11666870117188,126.60832977294922,121.66666412353516,122.91666412353516,8644740
2015-05-15,66.1202621459961,127.84166717529295,128.31666564941406,126.33333587646484,126.63333129882812,5713560
2015-05-18,68.33992767333984,132.13333129882812,132.5,128.71665954589844,129.9499969482422,9579510
2015-05-19,67.60722351074219,130.71665954589844,132.7083282470703,129.43333435058594,131.64999389648438,4082520
2015-05-20,67.83565521240234,131.15834045410156,132.6666717529297,130.61666870117188,131.6666717529297,3304956
2015-05-21,66.9736557006836,129.49166870117188,131.5,128.93333435058594,131.5,3487548
2015-05-22,67.434814453125,130.38333129882812,130.8333282470703,128.38333129882812,129.1666717529297,3380910
2015-05-25,68.25372314453125,131.96665954589844,134.3333282470703,130.5,130.6666717529297,5917968
2015-05-26,67.3874282836914,130.2916717529297,132.8000030517578,129.1666717529297,132.18333435058594,3009906
2015-05-27,68.69335174560547,132.81666564941406,133.64166259765625,129.28334045410156,130.48333740234375,5004018
2015-05-28,70.48633575439453,136.28334045410156,137.30833435058594,132.5833282470703,133.26666259765625,17573184
2015-05-29,73.2835464477539,141.69166564941406,142.5,137.68333435058594,137.68333435058594,14055870
2015-06-01,74.19725036621094,143.4583282470703,145.23333740234375,139.86666870117188,141.85000610351562,7888962
2015-06-02,72.9904556274414,141.125,144.8249969482422,140.68333435058594,143.7916717529297,6693198
2015-06-03,72.33964538574219,139.86666870117188,141.81666564941406,138.78334045410156,141.1999969482422,6242430
2015-06-04,74.71015930175781,144.4499969482422,144.89166259765625,139.75,140.80833435058594,9076686
2015-06-05,73.76197052001953,142.61666870117188,146.05833435058594,142.3333282470703,144.5,6505038
2015-06-08,72.67152404785156,140.50833129882812,143.31666564941406,139.99166870117188,142.75,5678730
2015-06-09,73.2188949584961,141.56666564941406,142.35000610351562,139.48333740234375,139.6666717529297,6719184
2015-06-10,72.74479675292969,140.64999389648438,142.56666564941406,140.31666564941406,141.35000610351562,6214632
2015-06-11,72.61548614501953,140.39999389648438,143.6666717529297,139.75,141.5833282470703,7230666
2015-06-12,72.193115234375,139.5833282470703,142.375,138.375,140.39999389648438,6596406
2015-06-15,71.84830474853516,138.9166717529297,140.97500610351562,138.5500030517578,139.6666717529297,4985322
2015-06-16,70.72769927978516,136.75,141.63333129882812,134.75,139.0,13739532
2015-06-17,69.86136627197266,135.0749969482422,136.96665954589844,133.8333282470703,136.6666717529297,8158962
2015-06-18,71.87413787841797,138.96665954589844,139.53334045410156,135.85000610351562,136.4166717529297,8334918
2015-06-19,72.03363800048828,139.27499389648438,141.15834045410156,138.0749969482422,139.8333282470703,10627728
2015-06-22,72.93873596191406,141.02499389648438,141.86666870117188,139.85000610351562,140.48333740234375,8893092
2015-06-23,74.20588684082031,143.47500610351562,144.1666717529297,141.02499389648438,142.0,7067238
2015-06-24,73.1326904296875,141.39999389648438,144.8249969482422,140.8333282470703,143.6666717529297,8124672
2015-06-25,73.99039459228516,143.05833435058594,144.44166564941406,141.38333129882812,141.39999389648438,8971212
2015-06-26,74.309326171875,143.6750030517578,145.5,142.6750030517578,142.99166870117188,6327366
2015-06-29,75.15409088134766,145.30833435058594,146.97500610351562,142.1666717529297,142.31666564941406,10065324
2015-06-30,75.80059814453125,146.55833435058594,147.3249969482422,145.4166717529297,146.75,12221166
2015-07-01,76.54193115234375,147.99166870117188,149.35833740234375,146.8333282470703,147.5,10567200
2015-07-02,77.58065032958984,150.0,151.2916717529297,148.75,148.75,11362380
2015-07-03,77.82633972167969,150.47500610351562,152.46665954589844,149.4250030517578,150.6666717529297,9642438
2015-07-06,80.23993682861328,155.14166259765625,155.9166717529297,150.5,150.5,14890800
2015-07-07,80.36925506591797,155.39166259765625,157.2083282470703,154.53334045410156,156.3333282470703,10308678
2015-07-08,78.9684829711914,152.68333435058594,158.77499389648438,151.48333740234375,155.375,21047976
2015-07-09,74.70584869384766,144.44166564941406,152.7916717529297,143.875,152.09165954589844,22729302
2015-07-10,76.00748443603516,146.9583282470703,147.65834045410156,143.89166259765625,144.1666717529297,13542372
2015-07-13,78.38230895996094,151.5500030517578,152.31666564941406,146.6666717529297,147.50833129882812,11457930
2015-07-14,79.90376281738281,154.49166870117188,155.46665954589844,151.625,152.44166564941406,12379488
2015-07-15,79.10209655761719,152.94166564941406,154.8333282470703,152.01666259765625,154.8333282470703,6911448
2015-07-16,80.85626983642578,156.3333282470703,156.8333282470703,153.8333282470703,153.8333282470703,9387990
2015-07-17,80.9985122680664,156.60833740234375,158.43333435058594,155.84165954589844,157.0,6695742
2015-07-20,83.04576873779297,160.56666564941406,161.38333129882812,157.11666870117188,158.06666564941406,12488844
2015-07-21,82.08032989501953,158.6999969482422,161.5833282470703,158.31666564941406,160.8333282470703,6307188
2015-07-22,83.79138946533203,162.00833129882812,163.0,158.10833740234375,158.5,6997932
2015-07-23,83.64054870605469,161.71665954589844,164.5,160.875,162.4166717529297,8923296
2015-07-24,83.23110961914062,160.9250030517578,164.0416717529297,159.5,162.5,9778230
2015-07-27,82.27427673339844,159.0749969482422,162.3333282470703,158.51666259765625,160.75,6139320
2015-07-28,81.45536804199219,157.49166870117188,160.8333282470703,157.02499389648438,159.5,8393730
2015-07-29,81.8303451538086,158.21665954589844,159.9166717529297,156.26666259765625,158.1666717529297,6921432
2015-07-30,81.64932250976562,157.86666870117188,159.2083282470703,157.19166564941406,158.9166717529297,9763290
2015-07-31,79.88652801513672,154.4583282470703,158.625,152.99166870117188,158.3333282470703,7913964
2015-08-03,78.3392333984375,151.46665954589844,156.7916717529297,150.75,155.6666717529297,10713894
2015-08-04,80.47269439697266,155.59165954589844,156.15834045410156,152.375,153.0,13755924
2015-08-05,80.2183837890625,155.10000610351562,158.5,154.61666870117188,156.63333129882812,7028724
2015-08-06,80.90798950195312,156.43333435058594,157.9499969482422,155.3333282470703,155.8000030517578,8748198
2015-08-07,82.36479187011719,159.25,160.5,154.625,157.0833282470703,11210442
2015-08-10,81.6062240600586,157.78334045410156,163.25833129882812,156.84165954589844,160.0,9969234
2015-08-11,79.75721740722656,154.2083282470703,158.31666564941406,152.375,158.28334045410156,8983368
2015-08-12,74.99462890625,145.0,155.1666717529297,144.0833282470703,154.8000030517578,15764058
2015-08-13,76.3091812133789,147.5416717529297,148.9583282470703,142.96665954589844,145.73333740234375,12599136
2015-08-14,75.3178939819336,145.625,151.28334045410156,145.01666259765625,148.3333282470703,14301696
2015-08-17,74.57655334472656,144.19166564941406,148.0,143.34165954589844,146.5,9525816
2015-08-18,77.27462768554688,149.40834045410156,150.3333282470703,144.25,145.61666870117188,11988600
2015-08-19,76.46866607666016,147.85000610351562,152.64999389648438,147.3333282470703,150.49166870117188,9754836
2015-08-20,77.75735473632812,150.34165954589844,153.14999389648438,147.5,149.8249969482422,16790154
2015-08-21,76.68846893310547,148.27499389648438,149.1666717529297,144.64166259765625,147.6666717529297,12428550
2015-08-24,70.56391143798828,136.43333435058594,145.3333282470703,133.81666564941406,143.6666717529297,14335530
2015-08-25,74.36968231201172,143.7916717529297,144.89999389648438,136.19166564941406,138.375,15342618
2015-08-26,72.2060317993164,139.60833740234375,146.13333129882812,138.6666717529297,144.1666717529297,11131890
2015-08-27,75.8738784790039,146.6999969482422,147.4166717529297,141.35833740234375,143.3333282470703,10730940
2015-08-28,76.16138458251953,143.49166870117188,144.625,140.9583282470703,144.46665954589844,12107526
2015-08-31,78.12966918945312,147.1999969482422,147.8333282470703,141.9166717529297,143.89166259765625,15147240
2015-09-01,76.37367248535156,143.89166259765625,146.4499969482422,141.875,145.1999969482422,6153930
2015-09-02,75.11309051513672,141.51666259765625,145.98333740234375,140.93333435058594,145.81666564941406,10897218
2015-09-03,74.12676239013672,139.65834045410156,143.49166870117188,138.71665954589844,142.3333282470703,7986282
2015-09-04,75.24579620361328,141.76666259765625,142.46665954589844,136.6666717529297,140.0,8178066
2015-09-07,73.44116973876953,138.36666870117188,143.18333435058594,137.26666259765625,140.89166259765625,5877948
2015-09-08,72.6494369506836,136.875,139.8333282470703,135.26666259765625,139.1750030517578,6657216
2015-09-09,72.56096649169922,136.7083282470703,140.8333282470703,136.28334045410156,139.0,9907272
2015-09-10,74.28156280517578,139.9499969482422,140.5,136.3333282470703,136.6666717529297,15361362
2015-09-11,75.24136352539062,141.75833129882812,142.96665954589844,140.49166870117188,140.8333282470703,6733848
2015-09-14,77.88195037841797,146.73333740234375,147.65834045410156,142.89166259765625,143.2916717529297,9196044
2015-09-15,77.81118774414062,146.60000610351562,148.73333740234375,145.1666717529297,147.46665954589844,6176136
2015-09-16,76.28522491455078,143.72500610351562,147.9166717529297,142.1750030517578,146.9166717529297,8430468
2015-09-18,76.92214965820312,144.9250030517578,147.9166717529297,143.94166564941406,145.8333282470703,7152396
2015-09-21,77.0725326538086,145.2083282470703,146.89999389648438,144.0500030517578,144.68333435058594,5070582
2015-09-22,76.201171875,143.56666564941406,146.81666564941406,142.35000610351562,146.1666717529297,5933388
2015-09-23,77.55907440185547,146.125,147.4250030517578,142.75833129882812,143.5,3956502
2015-09-24,77.92619323730469,146.81666564941406,148.71665954589844,146.25833129882812,147.5833282470703,5856360
2015-09-28,78.15618896484375,147.25,149.8249969482422,146.03334045410156,146.81666564941406,5234808
2015-09-29,74.99810028076172,141.3000030517578,146.6666717529297,140.53334045410156,146.6666717529297,9199632
2015-09-30,75.25465393066406,141.78334045410156,143.3333282470703,140.94166564941406,141.68333435058594,9221190
2015-10-01,75.64386749267578,142.51666259765625,144.0749969482422,140.8333282470703,142.875,7917072
2015-10-05,76.1392593383789,143.4499969482422,144.60833740234375,141.68333435058594,143.3333282470703,6550182
2015-10-06,77.46176147460938,145.94166564941406,147.3333282470703,143.23333740234375,143.98333740234375,8022018
2015-10-07,76.39137268066406,143.9250030517578,146.85000610351562,142.5,145.8333282470703,9349692
2015-10-08,75.63060760498047,142.49166870117188,144.4583282470703,141.14166259765625,144.3333282470703,6175332
2015-10-09,75.06002044677734,141.4166717529297,143.8333282470703,139.5416717529297,143.1666717529297,6165072
2015-10-12,75.10867309570312,141.50833129882812,142.1666717529297,139.85833740234375,141.6666717529297,4355766
2015-10-13,76.386962890625,143.9166717529297,144.97500610351562,142.68333435058594,142.88333129882812,8031192
2015-10-14,76.28079223632812,143.71665954589844,145.1666717529297,143.375,144.81666564941406,4512738
2015-10-15,79.00541687011719,148.85000610351562,149.68333435058594,144.375,144.8333282470703,9365970
2015-10-16,80.61100769042969,151.875,152.4499969482422,149.73333740234375,150.31666564941406,10406160
2015-10-19,81.25236511230469,153.0833282470703,153.88333129882812,151.0,151.0,6140070
2015-10-20,80.7171859741211,152.0749969482422,154.26666259765625,151.6666717529297,152.6666717529297,5368296
2015-10-21,79.66889190673828,150.10000610351562,152.375,149.5,152.0,4277856
2015-10-23,80.51812744140625,151.6999969482422,152.96665954589844,150.86666870117188,150.86666870117188,4399380
2015-10-26,79.94755554199219,150.625,153.05833435058594,150.3333282470703,151.68333435058594,5264628
2015-10-27,80.91178894042969,152.44166564941406,152.8333282470703,149.3333282470703,150.0,11420244
2015-10-28,80.44735717773438,151.56666564941406,153.56666564941406,150.23333740234375,153.1666717529297,6413472
2015-10-29,77.76696014404297,146.51666259765625,151.5,145.85833740234375,151.1666717529297,12440094
2015-10-30,77.05925750732422,145.18333435058594,148.25,144.25833129882812,146.64999389648438,10099650
2015-11-02,77.12117767333984,145.3000030517578,146.49166870117188,143.59165954589844,145.5,6053736
2015-11-03,77.55465698242188,146.11666870117188,147.3333282470703,144.40834045410156,146.1666717529297,4376820
2015-11-04,78.37734985351562,147.6666717529297,148.52499389648438,145.89166259765625,146.4166717529297,3822780
2015-11-05,78.64273834228516,148.1666717529297,149.14166259765625,146.86666870117188,147.8333282470703,4922694
2015-11-06,79.27080535888672,149.35000610351562,149.9166717529297,147.99166870117188,148.61666870117188,4208082
2015-11-09,79.87236022949219,150.48333740234375,151.8000030517578,146.4166717529297,147.96665954589844,12706644
2015-11-10,77.56790924072266,146.14166259765625,151.875,145.3333282470703,150.01666259765625,7105122
2015-11-13,80.15101623535156,151.00833129882812,151.25833129882812,148.18333435058594,149.8333282470703,6901326
2015-11-16,79.49639129638672,149.77499389648438,152.06666564941406,149.4166717529297,151.3333282470703,7344072
2015-11-17,77.51483917236328,146.0416717529297,150.625,145.34165954589844,149.8333282470703,7002486
2015-11-18,78.2004165649414,147.3333282470703,148.03334045410156,145.5,146.0,3192474
2015-11-19,80.27045440673828,151.23333740234375,151.6666717529297,147.5833282470703,148.3333282470703,6606444
2015-11-20,81.04005432128906,152.68333435058594,154.00833129882812,150.0500030517578,150.81666564941406,5102562
2015-11-23,80.12005615234375,150.9499969482422,153.64999389648438,150.68333435058594,152.51666259765625,5525520
2015-11-24,80.27045440673828,151.23333740234375,152.5500030517578,149.3333282470703,150.88333129882812,5177028
2015-11-26,80.05368041992188,150.8249969482422,152.5416717529297,150.1750030517578,151.28334045410156,4895076
2015-11-27,79.73523712158203,150.22500610351562,151.64999389648438,148.4250030517578,151.4499969482422,3201420
2015-11-30,79.77062225341797,150.2916717529297,152.96665954589844,149.63333129882812,150.375,8882058
2015-12-01,82.50850677490234,155.4499969482422,155.64999389648438,150.36666870117188,150.36666870117188,9238092
2015-12-02,82.45985412597656,155.35833740234375,157.81666564941406,154.4166717529297,155.8333282470703,8326290
2015-12-03,81.380615234375,153.3249969482422,156.0,152.85000610351562,155.8333282470703,5015892
2015-12-04,80.19081115722656,151.0833282470703,153.23333740234375,150.6666717529297,152.3333282470703,3626358
2015-12-07,80.56678771972656,151.7916717529297,153.8333282470703,151.3249969482422,152.8333282470703,5565606
2015-12-08,80.67736053466797,152.0,154.3000030517578,151.50833129882812,153.0,8616162
2015-12-09,78.04562377929688,147.0416717529297,152.60000610351562,146.1666717529297,152.0,6665106
2015-12-10,79.98294830322266,150.69166564941406,151.25,144.5416717529297,146.81666564941406,5594490
2015-12-11,78.98774719238281,148.81666564941406,151.90834045410156,147.6666717529297,150.85833740234375,5120418
2015-12-14,78.73561096191406,148.34165954589844,150.3333282470703,147.22500610351562,149.15834045410156,3884490
2015-12-15,78.70022583007812,148.27499389648438,149.3249969482422,146.93333435058594,148.6666717529297,2252190
2015-12-16,79.92984771728516,150.59165954589844,152.8333282470703,149.99166870117188,150.0,4870278
2015-12-17,79.96525573730469,150.65834045410156,152.68333435058594,149.9250030517578,152.14166259765625,5187336
2015-12-18,79.68215942382812,150.125,152.5,149.6666717529297,150.8333282470703,4418478
2015-12-21,79.3946533203125,149.5833282470703,151.64999389648438,148.68333435058594,150.89999389648438,3409950
2015-12-22,79.85466766357422,150.4499969482422,151.3333282470703,149.6750030517578,150.0416717529297,3324306
2015-12-23,79.68657684326172,150.13333129882812,151.31666564941406,149.71665954589844,150.8333282470703,5128014
2015-12-24,79.97852325439453,150.68333435058594,151.4166717529297,150.125,150.1750030517578,3247686
2015-12-28,79.9077377319336,150.5500030517578,151.3333282470703,150.14999389648438,150.64166259765625,2211558
2015-12-29,79.84581756591797,150.43333435058594,152.64999389648438,150.03334045410156,151.51666259765625,4788678
2015-12-30,78.88158416748047,148.61666870117188,151.2083282470703,148.10833740234375,150.43333435058594,3117588
2015-12-31,78.93465423583984,148.71665954589844,150.26666259765625,147.40834045410156,148.68333435058594,18646938
2016-01-01,79.26638793945312,149.34165954589844,150.39999389648438,148.5,148.8333282470703,1657350
2016-01-04,78.85945892333984,148.5749969482422,149.4166717529297,145.8333282470703,148.14999389648438,3606078
2016-01-05,79.85025787353516,150.44166564941406,151.3000030517578,146.71665954589844,148.81666564941406,5962272
2016-01-06,80.70391082763672,152.0500030517578,153.25,149.3333282470703,151.23333740234375,9086724
2016-01-07,78.22254180908203,147.375,153.25,146.64166259765625,152.64166259765625,5033250
2016-01-08,79.92984771728516,150.59165954589844,151.25,148.39999389648438,148.6666717529297,4050576
2016-01-11,78.55868530273438,148.00833129882812,150.4166717529297,147.56666564941406,150.4166717529297,4601892
2016-01-12,78.74445343017578,148.35833740234375,149.88333129882812,147.05833435058594,148.00833129882812,7515132
2016-01-13,79.25311279296875,149.31666564941406,150.4166717529297,144.6666717529297,149.48333740234375,9316644
2016-01-14,80.44735717773438,151.56666564941406,153.3000030517578,146.4166717529297,146.8333282470703,6475314
2016-01-15,82.4952621459961,155.4250030517578,157.8333282470703,151.60833740234375,151.8000030517578,17947962
2016-01-18,79.31504821777344,149.43333435058594,156.5416717529297,148.25833129882812,155.09165954589844,8199276
2016-01-19,79.24427795410156,149.3000030517578,151.0416717529297,147.0,149.6666717529297,5754630
2016-01-20,78.33311462402344,147.5833282470703,150.3000030517578,145.9166717529297,148.8333282470703,12644868
2016-01-21,77.45291900634766,145.9250030517578,149.78334045410156,144.25,148.6666717529297,6498924
2016-01-22,78.13407135009766,147.2083282470703,148.0500030517578,145.28334045410156,146.5,4724358
2016-01-25,77.66081237792969,146.31666564941406,147.77499389648438,144.6750030517578,147.25833129882812,5743554
2016-01-27,77.01502990722656,145.10000610351562,148.0833282470703,144.80833435058594,146.46665954589844,10432572
2016-01-28,76.86465454101562,144.81666564941406,146.25,143.5,145.25,13622442
2016-01-29,79.00984954833984,148.85833740234375,151.0833282470703,144.28334045410156,144.81666564941406,9394056
2016-02-01,77.85983276367188,146.69166564941406,148.875,145.28334045410156,148.5,5548908
2016-02-02,76.30291748046875,141.71665954589844,145.71665954589844,140.93333435058594,145.5,5678850
2016-02-03,74.44088745117188,138.25833129882812,142.89999389648438,137.5833282470703,140.94166564941406,8508744
2016-02-04,74.6383056640625,138.625,142.0,137.36666870117188,139.1666717529297,10128570
2016-02-05,75.64784240722656,140.5,141.0833282470703,137.76666259765625,139.46665954589844,4834668
2016-02-08,74.050537109375,137.53334045410156,142.18333435058594,137.23333740234375,140.5,3625992
2016-02-09,74.02361297607422,137.48333740234375,139.9166717529297,136.11666870117188,136.98333740234375,10934466
2016-02-10,75.15877532958984,139.59165954589844,140.31666564941406,135.49166870117188,138.125,4740144
2016-02-11,73.38200378417969,136.2916717529297,139.59165954589844,135.34165954589844,139.13333129882812,6531510
2016-02-12,69.34834289550781,128.8000030517578,137.11666870117188,127.0500030517578,136.9499969482422,14008980
2016-02-15,69.97200012207031,129.9583282470703,134.76666259765625,129.44166564941406,133.28334045410156,9162588
2016-02-16,67.39208221435547,125.16666412353516,130.61666870117188,121.9749984741211,130.61666870117188,12028806
2016-02-17,70.07967376708984,130.15834045410156,130.9166717529297,125.83333587646484,126.5,12109608
2016-02-18,70.86936950683594,131.625,133.2916717529297,130.14999389648438,131.84165954589844,12523590
2016-02-19,68.72465515136719,127.64166259765624,131.6666717529297,126.91666412353516,131.6666717529297,10177932
2016-02-22,68.1458740234375,126.56666564941406,128.3249969482422,124.90833282470705,127.5,8374212
2016-02-23,66.05052947998047,122.6750030517578,126.99166870117188,121.85832977294922,126.68333435058594,7897014
2016-02-24,68.99835968017578,128.14999389648438,128.78334045410156,123.1750030517578,123.58333587646484,13869816
2016-02-25,68.57212829589844,127.35832977294922,128.2916717529297,124.25833129882812,128.0749969482422,12691176
2016-02-26,68.62146759033203,127.4499969482422,129.5,125.0,129.5,7388796
2016-02-29,69.02976989746094,128.2083282470703,131.3333282470703,123.33333587646484,126.84166717529295,58759392
2016-03-01,71.22383117675781,132.28334045410156,133.30833435058594,128.1666717529297,128.2083282470703,5870094
2016-03-02,70.58670806884766,131.10000610351562,135.8333282470703,130.5,133.1666717529297,6927816
2016-03-03,71.20413970947266,131.65834045410156,132.14166259765625,128.5500030517578,131.23333740234375,7814532
2016-03-04,73.4801254272461,135.86666870117188,136.31666564941406,131.14999389648438,132.14999389648438,10276464
2016-03-08,73.99391174316406,136.81666564941406,139.14166259765625,134.5833282470703,136.63333129882812,9000768
2016-03-09,72.05144500732422,133.22500610351562,137.0,132.76666259765625,135.5833282470703,11601114
2016-03-10,71.58271789550781,132.35833740234375,134.8000030517578,131.38333129882812,134.8000030517578,9329226
2016-03-11,72.43901824951172,133.94166564941406,135.8249969482422,132.5,133.0,8007786
2016-03-14,72.53817749023438,134.125,135.49166870117188,132.8333282470703,134.5,6063630
2016-03-15,73.0925064086914,135.14999389648438,136.64999389648438,134.25833129882812,134.3333282470703,6480744
2016-03-16,73.7685546875,136.39999389648438,137.2083282470703,135.85000610351562,136.9499969482422,9897174
2016-03-17,77.95545196533203,144.14166259765625,144.89999389648438,137.5,137.94166564941406,24451710
2016-03-18,77.23885345458984,142.81666564941406,143.97500610351562,142.0500030517578,143.3333282470703,10210908
2016-03-21,78.42417907714844,145.00833129882812,146.64999389648438,143.39166259765625,144.125,10117392
2016-03-22,78.48275756835938,145.11666870117188,147.96665954589844,143.4250030517578,144.25,8979450
2016-03-23,78.28445434570312,144.75,146.6666717529297,144.03334045410156,145.81666564941406,6985866
2016-03-28,78.74414825439453,145.60000610351562,147.86666870117188,143.9250030517578,145.25,10564908
2016-03-29,78.78020477294922,145.6666717529297,148.22500610351562,144.9499969482422,146.25833129882812,9620322
2016-03-30,81.22744750976562,150.19166564941406,151.25,145.34165954589844,146.39166259765625,14510682
2016-03-31,81.51139068603516,150.71665954589844,153.64999389648438,149.8249969482422,150.64999389648438,16855632
2016-04-01,79.97453308105469,147.875,150.0,147.53334045410156,150.0,5694990
2016-04-04,79.95197296142578,147.8333282470703,149.56666564941406,146.76666259765625,149.1666717529297,5617644
2016-04-05,80.25846099853516,148.39999389648438,151.64999389648438,147.3333282470703,149.8333282470703,9844548
2016-04-06,80.23592376708984,148.35833740234375,149.6666717529297,146.4250030517578,149.5,10679808
2016-04-07,79.7762222290039,147.50833129882812,150.63333129882812,147.23333740234375,149.64166259765625,9557472
2016-04-08,81.09223175048828,149.94166564941406,150.25,146.6999969482422,147.8333282470703,3622740
2016-04-11,82.67414093017578,152.86666870117188,153.30833435058594,148.85000610351562,148.85000610351562,6454800
2016-04-12,83.00316619873047,153.47500610351562,156.63333129882812,152.99166870117188,154.76666259765625,9046572
2016-04-13,83.43582153320312,154.27499389648438,155.5,152.6666717529297,154.1666717529297,6253500
2016-04-18,87.42437744140625,161.64999389648438,163.28334045410156,154.1666717529297,154.1666717529297,12232620
2016-04-20,86.01374053955078,159.0416717529297,161.61666870117188,158.50833129882812,161.34165954589844,7911024
2016-04-21,87.50101470947266,161.7916717529297,164.15834045410156,159.0416717529297,159.0416717529297,6417180
2016-04-22,87.06385040283203,160.98333740234375,162.99166870117188,160.0500030517578,160.3333282470703,3955446
2016-04-25,88.18155670166016,163.0500030517578,163.6666717529297,159.7916717529297,160.01666259765625,3926892
2016-04-26,87.9561996459961,162.63333129882812,163.97500610351562,161.8000030517578,162.01666259765625,5958750
2016-04-27,88.5466079711914,163.72500610351562,165.7916717529297,161.8333282470703,161.8333282470703,4711896
2016-04-28,86.77991485595703,160.4583282470703,164.875,159.73333740234375,163.6666717529297,7211784
2016-04-29,88.15450286865234,163.0,163.5833282470703,160.0,160.0,3448788
2016-05-02,87.39283752441406,161.59165954589844,164.53334045410156,161.0,163.6666717529297,2469942
2016-05-03,85.98220825195312,158.98333740234375,162.6666717529297,158.53334045410156,162.48333740234375,5230200
2016-05-04,85.36476135253906,157.84165954589844,160.3333282470703,157.21665954589844,157.875,4202982
2016-05-05,84.62110900878906,156.46665954589844,158.53334045410156,154.85833740234375,158.1666717529297,4213530
2016-05-06,84.65717315673828,156.53334045410156,157.5,154.61666870117188,155.5,7279452
2016-05-09,84.45887756347656,156.1666717529297,158.3333282470703,155.43333435058594,157.1666717529297,5622882
2016-05-10,83.58903503417969,154.55833435058594,157.14999389648438,154.18333435058594,156.86666870117188,6334680
2016-05-11,82.88597106933594,153.25833129882812,154.59165954589844,151.4166717529297,153.09165954589844,6297276
2016-05-12,83.50792694091797,154.40834045410156,155.55833435058594,152.85000610351562,152.85000610351562,4013010
2016-05-13,83.6296157836914,154.63333129882812,155.8333282470703,153.24166870117188,154.0416717529297,3274212
2016-05-16,83.16990661621094,153.78334045410156,155.14999389648438,152.59165954589844,154.6666717529297,4096440
2016-05-17,85.20702362060547,157.5500030517578,158.09165954589844,155.0,155.02499389648438,6148596
2016-05-18,84.10733032226562,155.51666259765625,159.68333435058594,155.0749969482422,157.01666259765625,8779230
2016-05-19,85.02223205566406,157.2083282470703,158.25,155.1666717529297,155.3000030517578,6125832
2016-05-20,82.97160339355469,153.4166717529297,157.875,153.0,157.38333129882812,4772916
2016-05-23,83.09778594970703,153.64999389648438,155.35000610351562,151.8333282470703,154.46665954589844,4392420
2016-05-24,80.75871276855469,149.3249969482422,154.19166564941406,148.43333435058594,152.6666717529297,6197946
2016-05-25,82.69218444824219,152.89999389648438,156.78334045410156,146.85833740234375,150.75,4737294
2016-05-26,83.53946685791016,154.46665954589844,155.1666717529297,151.18333435058594,153.5,7243644
2016-05-27,91.21916961669922,168.6666717529297,170.78334045410156,157.90834045410156,158.5,35309520
2016-05-30,90.08795928955078,166.5749969482422,170.65834045410156,165.60000610351562,170.0,7861158
2016-05-31,88.37984466552734,163.4166717529297,167.99166870117188,162.3249969482422,166.5749969482422,13993596
2016-06-01,88.97476959228516,164.51666259765625,166.0,163.68333435058594,165.8333282470703,6444396
2016-06-02,90.4169464111328,167.18333435058594,167.75,163.11666870117188,164.4499969482422,8659596
2016-06-03,91.26424407958984,168.75,172.3249969482422,167.30833435058594,168.6666717529297,11162388
2016-06-06,90.96688842773438,165.7083282470703,168.21665954589844,165.0,167.73333740234375,7691856
2016-06-07,89.32003021240234,162.7083282470703,167.0416717529297,162.23333740234375,167.0,7041228
2016-06-08,89.67686462402344,163.35833740234375,164.23333740234375,161.52499389648438,162.0416717529297,6137646
2016-06-09,91.25968170166016,166.24166870117188,167.63333129882812,164.5,165.0500030517578,7902216
2016-06-10,90.28984832763672,164.47500610351562,167.39166259765625,164.09165954589844,166.5,5078658
2016-06-13,92.2844009399414,168.10833740234375,168.8249969482422,163.3333282470703,163.7083282470703,7468200
2016-06-14,90.68327331542967,165.19166564941406,169.5,164.69166564941406,169.3333282470703,6453570
2016-06-15,92.49942016601562,168.5,168.96665954589844,165.875,165.875,5033340
2016-06-16,92.54515075683594,168.5833282470703,170.0,166.76666259765625,169.03334045410156,6597216
2016-06-17,91.94587707519533,167.49166870117188,169.9583282470703,166.8333282470703,169.4583282470703,5262264
2016-06-20,91.93213653564452,167.46665954589844,168.75,165.6750030517578,166.65834045410156,3727578
2016-06-21,92.2752456665039,168.09165954589844,168.6999969482422,166.51666259765625,167.46665954589844,4405194
2016-06-22,92.3484344482422,168.22500610351562,168.9250030517578,167.2083282470703,168.0,4655760
2016-06-23,93.67508697509766,170.64166259765625,171.75,167.1666717529297,168.5,4479852
2016-06-24,92.72357177734376,168.90834045410156,170.73333740234375,166.01666259765625,168.6666717529297,6516624
2016-06-27,94.98802185058594,173.03334045410156,174.48333740234375,169.4250030517578,170.0,8603070
2016-06-28,96.22317504882812,175.28334045410156,175.68333435058594,173.36666870117188,173.63333129882812,7127814
2016-06-29,96.46562957763672,175.72500610351562,176.76666259765625,173.88333129882812,175.81666564941406,4994928
2016-06-30,98.0942153930664,178.69166564941406,179.6666717529297,175.18333435058594,177.0,14095068
2016-07-01,99.9057846069336,181.99166870117188,183.71665954589844,177.8333282470703,179.1666717529297,6395178
2016-07-04,101.20497131347656,184.35833740234372,185.0,182.5,182.5,10156236
2016-07-05,100.45471954345705,182.99166870117188,186.3000030517578,182.0666656494141,184.5833282470703,11752260
2016-07-07,101.93231964111328,185.68333435058597,186.8333282470703,181.5833282470703,183.1916656494141,15105402
2016-07-08,101.98725128173828,185.7833404541016,187.3166656494141,184.0749969482422,186.8500061035156,17025198
2016-07-11,103.68900299072266,188.88333129882807,191.6666717529297,186.68333435058597,187.8166656494141,18865734
2016-07-12,102.52245330810548,186.75833129882807,192.6666717529297,185.51666259765625,188.6999969482422,22119798
2016-07-13,99.83715057373048,181.86666870117188,187.6666717529297,181.1999969482422,186.63333129882807,11222685
2016-07-14,101.2644500732422,184.46665954589844,185.48333740234372,182.0833282470703,182.0833282470703,4710903
2016-07-15,101.511474609375,184.9166717529297,185.96665954589844,182.3333282470703,184.6666717529297,7296570
2016-07-18,101.76763916015624,185.38333129882807,187.5833282470703,183.86666870117188,185.3333282470703,5087847
2016-07-19,104.6954116821289,190.71665954589844,191.3333282470703,184.68333435058597,185.1999969482422,8744865
2016-07-20,105.1254425048828,191.5,194.3333282470703,190.0,190.0,6950838
2016-07-21,105.44564819335938,192.0833282470703,196.86666870117188,191.1000061035156,194.0666656494141,8300904
2016-07-22,106.71739959716795,194.3999938964844,194.98333740234372,189.51666259765625,192.5666656494141,5877606
2016-07-25,108.60215759277344,197.8333282470703,200.61666870117188,195.13333129882807,195.6666717529297,9220002
2016-07-26,107.65979766845705,196.11666870117188,200.2833404541016,195.1666717529297,198.1666717529297,6438093
2016-07-27,107.687255859375,196.1666717529297,198.7833404541016,194.1499938964844,196.21665954589844,6539757
2016-07-28,106.82722473144533,194.6000061035156,197.63333129882807,191.68333435058597,196.48333740234372,12794370
2016-07-29,108.4466323852539,197.5500030517578,199.0,194.1999969482422,195.86666870117188,5296830
2016-08-01,108.80348205566406,198.1999969482422,201.1666717529297,196.75,198.98333740234372,6665085
2016-08-02,106.01293182373048,193.11666870117188,199.8999938964844,192.38333129882807,198.8500061035156,8036001
2016-08-03,104.8326644897461,190.96665954589844,194.3500061035156,189.25,193.3333282470703,8537019
2016-08-04,104.17391204833984,189.76666259765625,192.6999969482422,186.0,191.4166717529297,7452468
2016-08-05,107.33039855957033,195.51666259765625,195.93333435058597,191.18333435058597,191.93333435058597,8297040
2016-08-08,111.02672576904295,202.25,205.8999938964844,196.3333282470703,197.6999969482422,24490668
2016-08-09,108.99560546875,198.5500030517578,204.5833282470703,197.46665954589844,202.98333740234372,14751804
2016-08-10,106.78146362304688,194.51666259765625,201.5,192.8000030517578,199.18333435058597,12475206
2016-08-11,109.21516418457033,198.9499969482422,200.0,193.6666717529297,196.3333282470703,12648321
2016-08-12,106.12269592285156,193.3166656494141,198.1666717529297,191.6499938964844,196.3999938964844,9017328
2016-08-16,109.1328125,198.8000030517578,200.8333282470703,192.73333740234372,193.3333282470703,9808143
2016-08-17,107.47681427001952,195.7833404541016,199.6000061035156,194.51666259765625,198.6666717529297,5871177
2016-08-18,107.4310531616211,195.6999969482422,198.96665954589844,195.0,196.0333404541016,7606128
2016-08-19,108.54729461669922,197.73333740234372,198.36666870117188,193.76666259765625,196.3333282470703,7811124
2016-08-22,109.3341293334961,199.1666717529297,201.8000030517578,197.9166717529297,198.3333282470703,9868461
2016-08-23,105.418212890625,192.0333404541016,200.6999969482422,190.5,200.3333282470703,11280069
2016-08-24,106.45207977294922,193.9166717529297,195.3000030517578,191.68333435058597,193.3333282470703,10981716
2016-08-25,109.47135162353516,199.4166717529297,200.0,193.6999969482422,195.6666717529297,16940337
2016-08-26,109.01388549804688,198.5833282470703,200.6499938964844,197.6999969482422,199.3000030517578,9223407
2016-08-29,109.57201385498048,199.6000061035156,200.6000061035156,197.96665954589844,198.98333740234372,7354326
2016-08-30,111.3012237548828,202.75,203.7833404541016,200.5,200.93333435058597,8935185
2016-08-31,110.267333984375,200.86666870117188,203.3166656494141,199.1999969482422,203.0,29762541
2016-09-01,107.3761749267578,195.6000061035156,202.3166656494141,194.5,200.1000061035156,11173824
2016-09-02,107.3669891357422,195.5833282470703,197.0,193.76666259765625,196.6666717529297,7794672
2016-09-06,109.53539276123048,199.5333404541016,199.96665954589844,196.25,197.5,6827253
2016-09-07,107.92512512207033,196.6000061035156,199.98333740234372,195.68333435058597,199.96665954589844,4939659
2016-09-08,107.44937133789062,195.73333740234372,197.68333435058597,194.8166656494141,196.6666717529297,6330264
2016-09-09,107.69640350341795,196.18333435058597,198.3333282470703,195.01666259765625,195.6999969482422,5477118
2016-09-12,103.5517349243164,188.63333129882807,195.1999969482422,187.6999969482422,193.4499969482422,8236623
2016-09-14,105.28101348876952,191.7833404541016,192.8333282470703,188.8000030517578,190.5333404541016,7191990
2016-09-15,103.9635009765625,189.38333129882807,193.26666259765625,188.46665954589844,193.26666259765625,5802084
2016-09-16,105.75675964355467,192.6499938964844,193.96665954589844,189.6999969482422,191.6666717529297,34517982
2016-09-19,107.08340454101562,195.0666656494141,195.86666870117188,193.2833404541016,193.6666717529297,6450138
2016-09-20,107.18402099609376,195.25,196.6499938964844,194.26666259765625,195.6666717529297,6279582
2016-09-21,107.3761749267578,195.6000061035156,198.46665954589844,193.38333129882807,196.6666717529297,5321154
2016-09-22,109.57201385498048,199.6000061035156,200.1666717529297,196.23333740234372,197.6666717529297,7755264
2016-09-23,110.6424789428711,201.5500030517578,202.71665954589844,200.1999969482422,200.43333435058597,6251616
2016-09-26,113.8996353149414,207.48333740234372,208.3000030517578,198.43333435058597,201.6666717529297,9488160
2016-09-27,111.7586669921875,203.5833282470703,209.5333404541016,202.8000030517578,209.3999938964844,8364234
2016-09-28,112.77426147460938,205.43333435058597,206.5833282470703,203.1499938964844,204.0,4161453
2016-09-29,111.64889526367188,203.38333129882807,207.61666870117188,200.13333129882807,205.23333740234372,13435797
2016-09-30,112.0972137451172,204.1999969482422,206.23333740234372,201.3333282470703,201.6666717529297,5275098
2016-10-03,114.86942291259766,209.25,210.1666717529297,205.0,205.3333282470703,5511669
2016-10-04,116.6444091796875,212.48333740234372,213.0,209.3500061035156,209.4166717529297,4858818
2016-10-05,118.922607421875,216.63333129882807,217.3500061035156,209.0,212.5666656494141,5038164
2016-10-06,122.72868347167967,223.5666656494141,227.86666870117188,217.3333282470703,217.8999938964844,10077342
2016-10-07,121.42033386230467,221.18333435058597,226.63333129882807,218.6666717529297,224.96665954589844,5750160
2016-10-10,120.36814880371094,219.26666259765625,222.3000030517578,217.76666259765625,221.3333282470703,4705734
2016-10-13,120.24007415771484,219.0333404541016,223.48333740234372,215.3000030517578,217.6666717529297,9780993
2016-10-14,122.0242156982422,222.2833404541016,224.13333129882807,219.6666717529297,220.3166656494141,5224341
2016-10-17,120.60603332519533,219.6999969482422,224.8999938964844,218.6999969482422,224.6000061035156,6081093
2016-10-18,120.176025390625,218.9166717529297,221.1999969482422,215.3333282470703,220.3333282470703,5267634
2016-10-19,120.88053894042967,220.1999969482422,223.23333740234372,218.6000061035156,219.3500061035156,5475876
2016-10-20,121.16417694091795,220.71665954589844,221.6666717529297,218.01666259765625,220.3333282470703,4646502
2016-10-21,122.28036499023438,222.75,223.8333282470703,220.5666656494141,221.6666717529297,3965844
2016-10-24,125.56497192382812,228.73333740234372,229.3166656494141,222.3500061035156,223.1666717529297,5641779
2016-10-25,125.42771911621094,228.48333740234372,229.1666717529297,224.43333435058597,227.0333404541016,5356071
2016-10-26,123.70764923095705,225.3500061035156,228.8166656494141,223.63333129882807,227.8000030517578,5726604
2016-10-27,123.80833435058594,225.5333404541016,226.75,221.71665954589844,223.0,6855798
2016-10-28,122.42676544189452,223.01666259765625,225.5,222.11666870117188,224.3333282470703,5632266
2016-11-01,123.7259521484375,225.38333129882807,226.61666870117188,222.38333129882807,223.68333435058597,4520814
2016-11-02,120.7981948852539,220.0500030517578,223.3333282470703,218.3333282470703,223.3333282470703,4199952
2016-11-03,117.85210418701172,214.68333435058597,221.3333282470703,213.6000061035156,221.23333740234372,5728524
2016-11-04,117.75146484375,214.5,216.46665954589844,210.6666717529297,214.3333282470703,5656077
2016-11-07,120.7890396118164,220.0333404541016,222.1666717529297,215.5333404541016,216.0,4872915
2016-11-08,120.87139129638672,220.18333435058597,222.63333129882807,218.11666870117188,219.0,4135614
2016-11-09,120.76156616210938,219.98333740234372,223.0,208.86666870117188,211.6666717529297,5701092
2016-11-10,121.60333251953124,221.51666259765625,224.3166656494141,219.5,219.5,6838788
2016-11-11,118.86769104003906,216.5333404541016,220.1666717529297,214.98333740234372,216.6666717529297,8564676
2016-11-15,117.76976776123048,214.5333404541016,218.26666259765625,207.18333435058597,215.43333435058597,19785117
2016-11-16,116.04054260253906,211.38333129882807,220.3500061035156,209.71665954589844,216.6666717529297,10973214
2016-11-17,116.2875747680664,211.8333282470703,214.6000061035156,207.0500030517578,211.6666717529297,13619667
2016-11-18,117.57764434814452,214.18333435058597,215.5833282470703,211.3333282470703,212.0500030517578,10984683
2016-11-21,115.98565673828124,211.2833404541016,215.8333282470703,210.01666259765625,215.5666656494141,9408087
2016-11-22,117.27570343017578,213.63333129882807,214.86666870117188,211.3333282470703,211.5,8587329
2016-11-23,115.99481964111328,211.3000030517578,214.3333282470703,208.13333129882807,213.3333282470703,9209448
2016-11-24,116.76334381103516,212.6999969482422,214.63333129882807,208.8500061035156,209.36666870117188,8038728
2016-11-25,117.0012435913086,213.13333129882807,215.76666259765625,211.73333740234372,213.6666717529297,4451607
2016-11-28,119.17874908447266,217.1000061035156,221.25,213.3500061035156,213.6666717529297,12447963
2016-11-29,117.80638122558594,214.6000061035156,219.21665954589844,214.0,217.6666717529297,7684374
2016-11-30,117.83380126953124,214.6499938964844,217.0,211.86666870117188,215.1666717529297,76838898
2016-12-01,115.0798797607422,209.63333129882807,213.3333282470703,206.18333435058597,212.26666259765625,9648663
2016-12-02,111.28289031982422,202.71665954589844,208.23333740234372,201.8166656494141,206.6666717529297,14752566
2016-12-05,110.56011962890624,201.3999938964844,205.6499938964844,199.38333129882807,201.63333129882807,8166354
2016-12-06,112.1612548828125,204.3166656494141,205.3166656494141,201.6999969482422,202.6666717529297,6772569
2016-12-07,115.6745834350586,210.71665954589844,211.3333282470703,205.13333129882807,205.3333282470703,8027163
2016-12-08,116.75420379638672,212.68333435058597,213.9499969482422,210.73333740234372,213.6666717529297,5348127
2016-12-09,116.1320571899414,211.5500030517578,212.6666717529297,208.43333435058597,212.6000061035156,6470070
2016-12-12,111.95997619628906,203.9499969482422,210.6000061035156,203.3333282470703,209.3000030517578,6398667
2016-12-13,115.03412628173828,209.5500030517578,210.3333282470703,203.1666717529297,204.0333404541016,4686300
2016-12-14,113.56109619140624,206.86666870117188,211.0,206.0500030517578,208.96665954589844,4862082
2016-12-15,112.65531158447266,205.21665954589844,210.26666259765625,202.8000030517578,206.63333129882807,8331282
2016-12-16,111.82273864746094,203.6999969482422,205.5833282470703,201.3333282470703,203.3333282470703,6771279
2016-12-19,111.95997619628906,203.9499969482422,207.6666717529297,203.36666870117188,206.3000030517578,5986500
2016-12-20,111.99656677246094,204.01666259765625,206.01666259765625,203.0500030517578,204.8000030517578,5768442
2016-12-21,112.31678771972656,204.6000061035156,205.4499969482422,200.8000030517578,203.86666870117188,6451359
2016-12-22,111.7586669921875,203.5833282470703,205.21665954589844,201.96665954589844,204.93333435058597,2523849
2016-12-23,111.78612518310548,203.63333129882807,205.4166717529297,202.4166717529297,203.25,2547054
2016-12-26,110.20328521728516,200.75,203.68333435058597,200.13333129882807,203.6666717529297,2446068
2016-12-27,112.63705444335938,205.18333435058597,205.6499938964844,200.3999938964844,201.0,3327189
2016-12-28,112.56381225585938,205.0500030517578,206.5,203.4499969482422,205.3333282470703,7007838
2016-12-29,117.0469970703125,213.21665954589844,215.0,204.68333435058597,205.1666717529297,14972490
2016-12-30,116.2875747680664,211.8333282470703,212.8166656494141,210.0,211.8500061035156,4676346
2017-01-02,117.20250701904295,213.5,214.9166717529297,212.46665954589844,213.3333282470703,3380304
2017-01-03,119.04151153564452,216.8500061035156,219.3333282470703,212.1999969482422,214.6666717529297,9472155
2017-01-04,119.93815612792967,218.48333740234372,220.3000030517578,213.9499969482422,216.6000061035156,8356224
2017-01-05,123.09467315673828,224.23333740234372,224.8166656494141,217.6666717529297,218.1666717529297,7441497
2017-01-06,121.6582260131836,221.61666870117188,227.0,220.51666259765625,223.6666717529297,4953354
2017-01-09,119.50814056396484,217.6999969482422,222.5500030517578,217.0,221.4166717529297,3520716
2017-01-10,120.82564544677734,220.1000061035156,225.3333282470703,219.43333435058597,219.9166717529297,5889747
2017-01-11,120.93544006347656,220.3000030517578,222.0,218.23333740234372,220.6666717529297,5018715
2017-01-12,120.64264678955078,219.76666259765625,222.8999938964844,219.0500030517578,220.6666717529297,3147279
2017-01-13,120.3407211303711,219.21665954589844,221.63333129882807,217.0,221.63333129882807,3556449
2017-01-16,122.25291442871094,222.6999969482422,223.6999969482422,218.5333404541016,220.88333129882807,3933180
2017-01-17,121.67652893066406,221.6499938964844,224.1499938964844,220.68333435058597,223.3166656494141,2637174
2017-01-18,119.93815612792967,218.48333740234372,221.38333129882807,216.76666259765625,221.36666870117188,6318378
2017-01-19,123.31423950195312,224.63333129882807,225.5666656494141,218.0333404541016,219.0333404541016,5453529
2017-01-20,121.63993072509766,221.5833282470703,225.3333282470703,220.6666717529297,224.0,4089552
2017-01-23,123.89065551757812,225.68333435058597,227.3333282470703,220.5,220.6666717529297,5101446
2017-01-24,124.86964416503906,227.46665954589844,229.3999938964844,224.5666656494141,225.6666717529297,5566491
2017-01-25,130.13963317871094,237.0666656494141,239.43333435058597,225.88333129882807,228.6666717529297,10893219
2017-01-27,128.95936584472656,234.9166717529297,242.26666259765625,230.43333435058597,237.6666717529297,5733753
2017-01-30,128.94107055664062,234.88333129882807,236.0,231.5666656494141,235.46665954589844,2928624
2017-01-31,124.73239135742188,227.21665954589844,235.1666717529297,225.68333435058597,235.1666717529297,6823653
2017-02-01,126.7635498046875,230.9166717529297,232.3999938964844,224.3999938964844,227.3500061035156,5528706
2017-02-02,128.43783569335938,233.96665954589844,237.6666717529297,231.46665954589844,231.6666717529297,4782462
2017-02-03,127.8340072631836,232.86666870117188,233.93333435058597,229.6000061035156,233.6666717529297,4896420
2017-02-06,129.06918334960938,235.11666870117188,237.1000061035156,233.0,234.46665954589844,3632685
2017-02-07,131.13687133789062,238.88333129882807,240.98333740234372,234.68333435058597,235.8999938964844,6836934
2017-02-08,131.84141540527344,240.1666717529297,242.3333282470703,238.0333404541016,239.5666656494141,7005252
2017-02-09,133.0033416748047,242.2833404541016,243.0,240.3500061035156,241.6666717529297,5934867
2017-02-10,130.93560791015625,238.51666259765625,244.3333282470703,237.3333282470703,244.3333282470703,7534047
2017-02-13,130.75262451171875,238.18333435058597,239.63333129882807,236.68333435058597,238.3333282470703,2897595
2017-02-14,126.63544464111328,230.68333435058597,238.93333435058597,228.93333435058597,238.8999938964844,5446899
2017-02-15,123.46063995361328,224.8999938964844,233.26666259765625,222.6666717529297,230.6666717529297,9680544
2017-02-16,122.49082946777344,223.13333129882807,225.71665954589844,220.6666717529297,223.51666259765625,10280532
2017-02-17,124.24747467041016,226.3333282470703,227.8166656494141,221.68333435058597,223.5333404541016,5836983
2017-02-20,128.13595581054688,233.4166717529297,234.0,226.68333435058597,227.5,5841243
2017-02-21,128.81298828125,234.6499938964844,239.0,233.6999969482422,235.0,4876872
2017-02-22,130.7069091796875,238.1000061035156,239.3333282470703,234.5333404541016,235.0,7402581
2017-02-23,131.31988525390625,239.21665954589844,240.5500030517578,235.5500030517578,238.3333282470703,9037395
2017-02-27,129.49917602539062,235.8999938964844,241.6000061035156,233.63333129882807,238.0,6559227
2017-02-28,126.08386993408205,223.3500061035156,231.63333129882807,222.6666717529297,230.0,15042585
2017-03-01,124.08924865722656,219.8166656494141,225.63333129882807,217.8000030517578,225.0,10965873
2017-03-02,119.51669311523438,211.71665954589844,221.8000030517578,210.2833404541016,220.6499938964844,17818512
2017-03-03,119.0745086669922,210.93333435058597,211.8000030517578,205.0833282470703,211.3000030517578,23674239
2017-03-06,119.96835327148438,212.51666259765625,214.46665954589844,210.8000030517578,212.43333435058597,9895818
2017-03-07,121.53958892822266,215.3000030517578,216.23333740234372,212.93333435058597,213.6666717529297,6908280
2017-03-08,120.24117279052734,213.0,216.7833404541016,210.0333404541016,215.1666717529297,6447222
2017-03-09,118.92396545410156,210.6666717529297,214.8000030517578,210.1499938964844,214.71665954589844,6311064
2017-03-10,117.29629516601562,207.7833404541016,212.3166656494141,206.6999969482422,211.96665954589844,7306419
2017-03-14,119.80838775634766,212.23333740234372,213.6666717529297,209.6666717529297,212.0,9366018
2017-03-15,119.77074432373048,212.1666717529297,214.61666870117188,210.9499969482422,211.75,4512816
2017-03-16,121.88768768310548,215.9166717529297,216.46665954589844,212.3500061035156,213.0,5624442
2017-03-17,120.82451629638672,214.0333404541016,216.6666717529297,212.68333435058597,216.6666717529297,6703974
2017-03-20,121.10675048828124,214.5333404541016,216.0,211.7833404541016,213.3333282470703,3582735
2017-03-21,120.7868423461914,213.96665954589844,216.3333282470703,211.26666259765625,214.0,5581119
2017-03-22,121.37018585205078,215.0,216.1666717529297,209.3500061035156,212.21665954589844,5892471
2017-03-23,123.26129913330078,218.3500061035156,220.0,216.0333404541016,218.3333282470703,11486508
2017-03-24,124.53594970703124,216.5666656494141,217.3333282470703,215.0333404541016,216.6666717529297,5505504
2017-03-27,123.28047943115234,214.38333129882807,217.96665954589844,213.6499938964844,216.6000061035156,5589924
2017-03-28,123.81719207763672,215.3166656494141,216.13333129882807,213.3333282470703,213.8333282470703,3425301
2017-03-29,123.2708740234375,214.36666870117188,216.8333282470703,213.68333435058597,215.8333282470703,4163748
2017-03-30,122.80126953125,213.5500030517578,215.5,212.8166656494141,214.36666870117188,9312888
2017-03-31,124.56475830078124,216.61666870117188,219.3333282470703,214.01666259765625,214.6666717529297,7375137
2017-04-03,122.36998748779295,212.8000030517578,216.51666259765625,212.1999969482422,216.3333282470703,3026667
2017-04-05,122.24539184570312,212.5833282470703,214.43333435058597,210.3999938964844,214.3999938964844,10093317
2017-04-06,123.86508178710938,215.3999938964844,215.86666870117188,210.8333282470703,212.6000061035156,5526771
2017-04-07,129.45263671875,225.11666870117188,226.5,214.18333435058597,214.3333282470703,15781053
2017-04-10,134.23512268066406,233.43333435058597,234.9499969482422,226.6666717529297,226.6666717529297,15483084
2017-04-11,136.17111206054688,236.8000030517578,237.86666870117188,233.3999938964844,234.63333129882807,10697775
2017-04-12,137.4937286376953,239.1000061035156,240.5500030517578,232.75,237.8000030517578,6569679
2017-04-13,140.13893127441406,243.6999969482422,247.3166656494141,237.01666259765625,240.2833404541016,9633930
2017-04-17,138.7300567626953,241.25,246.0,239.5500030517578,243.0,4634016
2017-04-18,138.8163299560547,241.3999938964844,245.51666259765625,240.71665954589844,241.8333282470703,5230545
2017-04-19,138.56712341308594,240.96665954589844,243.8999938964844,237.23333740234372,241.13333129882807,5492082
2017-04-20,138.2604522705078,240.43333435058597,243.2833404541016,240.0,241.75,3699786
2017-04-21,137.20619201660156,238.6000061035156,242.4499969482422,237.73333740234372,241.48333740234372,3636798
2017-04-24,137.02407836914062,238.2833404541016,240.0,235.3500061035156,238.73333740234372,4247748
2017-04-25,141.72032165527344,246.4499969482422,247.26666259765625,239.0,239.0,7337697
2017-04-26,140.26353454589844,243.9166717529297,248.3000030517578,240.8333282470703,247.3000030517578,3972912
2017-04-27,141.07815551757812,245.3333282470703,246.1499938964844,241.25,243.93333435058597,3351435
2017-04-28,137.86752319335938,239.75,246.5666656494141,238.9166717529297,246.3333282470703,4010133
2017-05-02,141.816162109375,246.61666870117188,247.6666717529297,240.4166717529297,242.3333282470703,6627813
2017-05-03,141.1165008544922,245.3999938964844,251.18333435058597,242.8333282470703,248.0,7422234
2017-05-04,140.2156219482422,243.8333282470703,247.0,239.93333435058597,247.0,5293185
2017-05-05,138.9217529296875,241.5833282470703,248.3333282470703,240.0,245.0,7678389
2017-05-08,137.16783142089844,238.5333404541016,243.1999969482422,236.6999969482422,242.0,5539539
2017-05-09,138.27957153320312,240.46665954589844,241.0,236.7833404541016,239.1666717529297,3841134
2017-05-10,139.59263610839844,242.75,243.3333282470703,240.1499938964844,242.6000061035156,4519719
2017-05-11,140.05267333984375,243.5500030517578,245.13333129882807,241.6666717529297,244.0833282470703,4014561
2017-05-12,140.5319061279297,244.38333129882807,245.3166656494141,241.6666717529297,243.5333404541016,3019362
2017-05-15,139.5159454345703,242.61666870117188,245.3333282470703,241.0,244.88333129882807,2519025
2017-05-16,140.56063842773438,244.43333435058597,245.0,241.0,242.3333282470703,2614563
2017-05-17,139.43927001953125,242.48333740234372,244.6666717529297,241.1666717529297,244.3000030517578,3423087
2017-05-18,137.03370666503906,238.3000030517578,242.5,237.0,240.73333740234372,3143223
2017-05-19,134.64723205566406,234.1499938964844,240.8166656494141,233.3333282470703,238.4166717529297,3208638
2017-05-22,133.334228515625,231.86666870117188,233.6666717529297,228.8500061035156,233.6666717529297,4520811
2017-05-23,134.09136962890625,233.18333435058597,235.3333282470703,229.46665954589844,231.3999938964844,5377980
2017-05-24,136.45863342285156,237.3000030517578,238.8999938964844,230.4166717529297,234.3333282470703,7050066
2017-05-25,139.3242950439453,242.2833404541016,244.3333282470703,235.6666717529297,238.23333740234372,10675392
2017-05-26,143.69461059570312,249.88333129882807,251.3166656494141,234.3333282470703,240.6999969482422,11422914
2017-05-29,144.69139099121094,251.61666870117188,256.4166564941406,249.0,251.3333282470703,12864804
2017-05-30,141.6053009033203,246.25,248.3166656494141,241.8999938964844,247.9166717529297,7421124
2017-05-31,142.35287475585938,247.5500030517578,249.38333129882807,246.0,246.73333740234372,6592494
2017-06-01,141.65322875976562,246.3333282470703,248.93333435058597,242.98333740234372,246.46665954589844,4509996
2017-06-02,138.9313507080078,241.6000061035156,246.6666717529297,240.9499969482422,246.26666259765625,3975357
2017-06-05,139.650146484375,242.8500061035156,245.86666870117188,241.21665954589844,241.6666717529297,4039431
2017-06-06,139.0750732421875,241.8500061035156,245.3333282470703,241.21665954589844,243.6666717529297,4600956
2017-06-07,137.4937286376953,239.1000061035156,242.46665954589844,237.0,242.3333282470703,8595087
2017-06-08,135.67979431152344,235.61666870117188,242.8333282470703,235.0666656494141,241.61666870117188,6691548
2017-06-09,135.08470153808594,234.5833282470703,237.11666870117188,231.8333282470703,236.3999938964844,5840328
2017-06-12,134.69125366210938,233.8999938964844,235.5666656494141,233.0,234.96665954589844,5218104
2017-06-13,134.1729736328125,233.0,236.21665954589844,232.4499969482422,235.5666656494141,2471295
2017-06-14,132.829345703125,230.6666717529297,233.3999938964844,229.8000030517578,233.0,5689032
2017-06-15,128.68321228027344,223.46665954589844,231.6666717529297,221.1666717529297,230.6666717529297,13449645
2017-06-16,129.33587646484375,224.6000061035156,227.88333129882807,223.5,225.6999969482422,14039070
2017-06-19,128.0594024658203,222.38333129882807,226.23333740234372,222.0,225.6666717529297,6110037
2017-06-20,127.59870147705078,221.5833282470703,223.9499969482422,220.73333740234372,222.68333435058597,6585135
2017-06-21,125.61202239990234,218.13333129882807,222.3333282470703,217.0500030517578,222.3333282470703,8037780
2017-06-22,123.19344329833984,213.93333435058597,218.1999969482422,212.3333282470703,217.3999938964844,10208172
2017-06-23,121.07239532470705,210.25,215.3500061035156,209.5333404541016,215.0,5273571
2017-06-27,117.48291778564452,204.01666259765625,209.6666717529297,199.6666717529297,209.6666717529297,28287252
2017-06-28,118.37550354003906,205.5666656494141,208.1999969482422,202.88333129882807,203.3333282470703,10596600
2017-06-29,120.17024230957033,208.68333435058597,211.1000061035156,205.6666717529297,205.8333282470703,15832566
2017-06-30,122.73275756835938,213.13333129882807,213.76666259765625,207.4499969482422,208.01666259765625,12922401
2017-07-03,124.64264678955078,216.4499969482422,217.11666870117188,213.36666870117188,213.36666870117188,10764759
2017-07-04,126.14952087402344,219.0666656494141,221.6666717529297,215.3166656494141,215.8999938964844,22330908
2017-07-05,127.09000396728516,220.6999969482422,221.25,218.7833404541016,219.3333282470703,5161158
2017-07-06,126.69652557373048,220.01666259765625,221.3333282470703,219.1666717529297,221.3000030517578,7229721
2017-07-07,127.44513702392578,221.3166656494141,223.25,219.6999969482422,220.3333282470703,10959354
2017-07-10,127.57948303222656,221.5500030517578,223.61666870117188,220.6999969482422,222.6666717529297,1460856
2017-07-11,130.19961547851562,226.1000061035156,226.93333435058597,221.4166717529297,222.96665954589844,11229114
2017-07-12,131.23611450195312,227.8999938964844,229.0,226.0833282470703,228.0,9404598
2017-07-13,132.02793884277344,229.2749938964844,232.875,227.1999969482422,229.0,7751906
2017-07-14,132.6758270263672,230.3999938964844,232.1999969482422,228.0500030517578,231.4499969482422,5322378
2017-07-17,134.59048461914062,233.7250061035156,234.5,230.0,230.5,4081512
2017-07-18,134.9215850830078,234.3000030517578,237.5,232.1750030517578,233.7250061035156,5595054
2017-07-19,135.281494140625,234.9250030517578,236.4750061035156,232.8000030517578,235.0,5090296
2017-07-20,134.51852416992188,233.6000061035156,235.75,231.7250061035156,234.4250030517578,3599056
2017-07-21,134.5040740966797,233.5749969482422,234.4499969482422,230.6999969482422,233.6000061035156,4011048
2017-07-24,134.23056030273438,233.1000061035156,236.375,232.4499969482422,233.0500030517578,5182362
2017-07-25,134.43209838867188,233.4499969482422,234.3000030517578,231.875,233.125,8360884
2017-07-26,135.72776794433594,235.6999969482422,236.2749938964844,233.25,233.25,6456672
2017-07-27,137.3977508544922,238.6000061035156,240.0,235.5249938964844,235.6999969482422,7113370
2017-07-28,136.9370880126953,237.8000030517578,240.25,234.6999969482422,237.0,7454950
2017-07-31,135.65577697753906,235.5749969482422,239.0500030517578,234.3249969482422,236.2749938964844,6001224
2017-08-01,139.81629943847656,242.8000030517578,243.4750061035156,236.0,236.0500030517578,6984958
2017-08-02,140.0178680419922,243.1499938964844,244.75,242.3500061035156,242.8000030517578,7148256
2017-08-03,141.0831756591797,245.0,249.3500061035156,242.5500030517578,244.6499938964844,12424750
2017-08-04,149.11630249023438,258.95001220703125,262.75,245.5,245.6999969482422,10812720
2017-08-07,151.93792724609375,263.8500061035156,264.5,257.2749938964844,260.0,9363506
2017-08-08,145.41644287109375,252.5249938964844,264.2749938964844,251.375,263.8500061035156,8597082
2017-08-09,142.79632568359375,247.9750061035156,256.1000061035156,246.5,250.75,6241150
2017-08-10,138.63580322265625,240.75,247.5,235.8000030517578,246.9499969482422,9696100
2017-08-11,139.44198608398438,242.1499938964844,245.9750061035156,236.0249938964844,237.5749969482422,8423938
2017-08-14,137.72885131835938,239.1750030517578,241.75,232.6499938964844,241.75,9685338
2017-08-16,139.3412322998047,241.9750061035156,244.1000061035156,237.0,239.9250030517578,6404160
2017-08-17,142.1484832763672,246.8500061035156,252.1499938964844,240.0749969482422,242.5,9280626
2017-08-18,144.91256713867188,251.6499938964844,255.8000030517578,244.0,246.5,11946308
2017-08-21,143.31459045410156,248.875,257.8999938964844,247.5500030517578,253.1499938964844,8719356
2017-08-22,146.9424285888672,255.1750030517578,256.5,246.75,246.75,9180118
2017-08-23,146.75531005859375,254.8500061035156,257.4750061035156,253.0500030517578,257.4750061035156,6142666
2017-08-24,146.32339477539062,254.1000061035156,257.25,252.125,255.1750030517578,5855832
2017-08-28,146.2658233642578,254.0,254.9250030517578,250.25,254.1499938964844,6220854
2017-08-29,145.14292907714844,252.0500030517578,259.2250061035156,250.7250061035156,254.0,7745342
2017-08-30,149.99444580078125,260.4750061035156,262.1499938964844,254.0,255.4499969482422,8234412
2017-08-31,152.31222534179688,264.5,267.2250061035156,258.45001220703125,260.25,11927368
2017-09-01,154.73081970214844,268.70001220703125,269.92498779296875,262.54998779296875,266.0,7310390
2017-09-04,152.9313201904297,265.57501220703125,273.04998779296875,263.75,268.70001220703125,8962268
2017-09-05,155.26348876953125,269.625,270.75,263.75,265.04998779296875,4018344
2017-09-06,154.01101684570312,267.45001220703125,268.6499938964844,264.875,268.6499938964844,3691782
2017-09-07,150.90139770507812,262.04998779296875,269.375,260.9750061035156,269.0,6529362
2017-09-08,147.8061981201172,256.67498779296875,263.8500061035156,255.6000061035156,262.5,6425078
2017-09-11,147.489501953125,256.125,261.8999938964844,255.25,259.5,6053096
2017-09-12,153.7086944580078,266.92498779296875,267.57501220703125,256.2749938964844,257.95001220703125,7914244
2017-09-13,144.02001953125,250.1000061035156,270.20001220703125,244.5,268.0,17962048
2017-09-14,144.10638427734375,250.25,262.45001220703125,243.5249938964844,260.0,31656128
2017-09-15,143.17063903808594,248.625,251.5,245.625,250.0,10685170
2017-09-18,143.3721923828125,248.9750061035156,253.3999938964844,246.6750030517578,252.0,5703140
2017-09-19,145.9490966796875,253.4499969482422,254.1000061035156,246.8249969482422,249.4499969482422,7939846
2017-09-20,142.3212432861328,247.1499938964844,253.5,246.25,253.5,12619394
2017-09-21,142.85394287109375,248.0749969482422,250.0,245.375,247.5,10910736
2017-09-22,141.6590576171875,246.0,248.625,241.5500030517578,247.0249938964844,9620876
2017-09-25,140.26258850097656,243.5749969482422,246.25,239.125,243.8500061035156,7274742
2017-09-26,135.1087188720703,234.625,242.7749938964844,230.0249938964844,241.5,18420112
2017-09-27,134.05783081054688,232.8000030517578,238.25,231.3249969482422,236.0,11097560
2017-09-28,133.2659912109375,231.4250030517578,232.6999969482422,224.6999969482422,231.6499938964844,13692558
2017-09-29,135.698974609375,235.6499938964844,238.0,231.0500030517578,233.0,12056308
2017-10-03,137.87283325195312,239.4250030517578,240.8500061035156,233.5,238.5,6540366
2017-10-04,139.9746551513672,243.0749969482422,246.6999969482422,238.1750030517578,246.625,9858378
2017-10-05,138.23272705078125,240.0500030517578,242.375,237.6000061035156,241.0500030517578,5856194
2017-10-06,140.968017578125,244.8000030517578,246.3999938964844,239.0749969482422,240.0,4993610
2017-10-09,138.56382751464844,240.625,246.0249938964844,239.8000030517578,243.0,6073230
2017-10-10,138.8661651611328,241.1499938964844,242.125,238.0500030517578,241.0,6351158
2017-10-11,140.89602661132812,244.6750030517578,248.0,239.6499938964844,240.5249938964844,12012196
2017-10-12,141.54383850097656,245.8000030517578,247.125,243.25,245.125,4643356
2017-10-13,140.70889282226562,244.3500061035156,247.0,242.0,246.1999969482422,6494000
2017-10-16,143.50172424316406,249.1999969482422,250.5,244.5,245.0,8298660
2017-10-17,147.63345336914062,256.375,257.25,247.0249938964844,249.0,8898506
2017-10-18,147.87820434570312,256.79998779296875,259.7250061035156,254.0,256.875,5375658
2017-10-19,146.3090057373047,254.0749969482422,258.2250061035156,252.3999938964844,258.2250061035156,412600
2017-10-23,147.21597290039062,255.6499938964844,259.79998779296875,254.0500030517578,254.9750061035156,4281146
2017-10-24,146.74087524414062,254.8249969482422,258.17498779296875,252.6499938964844,256.75,4140328
2017-10-25,146.78408813476562,254.8999938964844,257.5,252.5,257.5,6380212
2017-10-26,154.45729064941406,268.2250061035156,269.92498779296875,254.7250061035156,255.0,14973218
2017-10-27,152.00991821289062,263.9750061035156,274.375,261.67498779296875,270.7250061035156,18156626
2017-10-30,154.39968872070312,268.125,275.7749938964844,262.29998779296875,263.25,6843452
2017-10-31,155.94007873535156,270.79998779296875,272.17498779296875,263.5,267.7749938964844,6390978
2017-11-01,155.4218292236328,269.8999938964844,272.45001220703125,267.0249938964844,271.0,4928758
2017-11-02,156.3000030517578,271.42498779296875,273.29998779296875,267.75,272.45001220703125,4972752
2017-11-03,153.4927215576172,266.54998779296875,271.75,265.6000061035156,270.1000061035156,4452146
2017-11-06,150.93020629882812,262.1000061035156,266.625,260.5,266.6000061035156,6772472
2017-11-07,150.12403869628906,260.70001220703125,262.5249938964844,254.1999969482422,262.5,8327804
2017-11-08,149.77850341796875,260.1000061035156,263.57501220703125,255.6000061035156,262.4750061035156,4610162
2017-11-09,150.33995056152344,261.07501220703125,263.0,257.5,260.32501220703125,4520122
2017-11-10,147.4462890625,256.04998779296875,258.1499938964844,254.0249938964844,258.0,5373388
2017-11-13,144.1351776123047,250.3000030517578,258.8999938964844,246.6750030517578,258.6000061035156,8779378
2017-11-14,141.96136474609375,246.5249938964844,250.0,243.7250061035156,247.875,6297226
2017-11-15,145.31568908691406,252.3500061035156,254.3999938964844,247.5,247.5,8235204
2017-11-16,143.77528381347656,249.6750030517578,254.875,246.3999938964844,253.5,5210196
2017-11-17,145.11410522460938,252.0,253.5,247.7250061035156,252.3000030517578,5960372
2017-11-20,145.2436981201172,252.2250061035156,253.8999938964844,248.25,251.2749938964844,3580888
2017-11-21,147.2735595703125,255.75,257.25,249.625,253.0,8089018
2017-11-22,146.17942810058594,253.8500061035156,257.20001220703125,251.8000030517578,257.1499938964844,4000474
2017-11-23,145.44522094726562,252.5749969482422,256.5,250.625,253.5,6902686
2017-11-24,147.12960815429688,255.5,255.9250030517578,251.4750061035156,251.5,3523990
2017-11-27,146.3953857421875,254.2250061035156,255.2749938964844,250.75,253.5,5464612
2017-11-28,146.150634765625,253.8000030517578,254.3999938964844,250.1499938964844,252.5,8132930
2017-11-29,146.20823669433594,253.8999938964844,258.25,251.5249938964844,253.6999969482422,5519554
2017-11-30,145.0709228515625,251.9250030517578,256.82501220703125,250.6499938964844,252.8999938964844,12166956
2017-12-01,142.92587280273438,248.1999969482422,253.8249969482422,246.8249969482422,252.3999938964844,3303010
2017-12-04,142.8683319091797,248.1000061035156,250.0,245.2250061035156,248.5,3124760
2017-12-05,144.22158813476562,250.4499969482422,252.5,247.5249938964844,247.75,4796400
2017-12-06,141.35670471191406,245.4750061035156,251.4499969482422,244.6750030517578,250.5749969482422,5856060
2017-12-07,143.70327758789062,249.5500030517578,250.0,245.5,245.5,2700558
2017-12-08,148.12294006347656,257.2250061035156,257.95001220703125,249.2250061035156,249.25,5633376
2017-12-11,148.05099487304688,257.1000061035156,260.82501220703125,256.1000061035156,259.92498779296875,5134186
2017-12-12,143.6601104736328,249.4750061035156,258.95001220703125,248.5500030517578,258.5,3953284
2017-12-13,145.77633666992188,253.1499938964844,256.25,247.5249938964844,250.0,6012970
2017-12-14,147.8638153076172,256.7749938964844,257.8500061035156,252.7250061035156,254.9750061035156,7816630
2017-12-15,150.59909057617188,261.5249938964844,262.5,258.1000061035156,262.0,7770128
2017-12-18,151.56362915039062,263.20001220703125,264.92498779296875,252.6750030517578,261.20001220703125,9972622
2017-12-19,153.47837829589844,266.5249938964844,266.9750061035156,263.0249938964844,264.5,7799112
2017-12-20,153.19039916992188,266.0249938964844,267.45001220703125,263.4750061035156,267.0,5450164
2017-12-21,154.06857299804688,267.54998779296875,270.25,264.125,265.5,5495720
2017-12-22,154.08299255371094,267.57501220703125,268.29998779296875,264.6499938964844,266.54998779296875,3773180
2017-12-26,155.16268920898438,269.45001220703125,271.25,265.3999938964844,267.45001220703125,4046770
2017-12-27,153.57911682128906,266.70001220703125,270.6000061035156,265.625,267.4750061035156,3567206
2017-12-28,151.5060577392578,263.1000061035156,268.95001220703125,261.04998779296875,265.82501220703125,9984850
2017-12-29,149.05870056152344,258.8500061035156,264.875,257.70001220703125,261.625,3208434
2018-01-01,146.43858337402344,254.3000030517578,261.5,253.6000061035156,259.0,3880586
2018-01-02,143.9048309326172,249.8999938964844,256.4750061035156,248.6000061035156,255.6499938964844,5073166
2018-01-03,142.49400329589844,247.4499969482422,252.4499969482422,246.6999969482422,250.0749969482422,7741628
2018-01-04,141.5150604248047,245.75,247.75,245.25,247.5,5440616
2018-01-05,140.42095947265625,243.8500061035156,247.0,241.8500061035156,245.5,5878478
2018-01-08,143.15623474121094,248.6000061035156,250.75,245.0,245.0,9981252
2018-01-09,142.8395233154297,248.0500030517578,250.375,245.625,249.5,7307420
2018-01-10,142.3212432861328,247.1499938964844,249.1000061035156,246.75,247.2749938964844,6242816
2018-01-11,141.77420043945312,246.1999969482422,247.5,244.375,247.5,5917284
2018-01-12,141.0543975830078,244.9499969482422,246.5,243.8249969482422,245.25,5617420
2018-01-15,140.27699279785156,243.6000061035156,246.9499969482422,242.8999938964844,245.1000061035156,8156456
2018-01-16,138.0455780029297,239.7250061035156,244.0749969482422,237.7250061035156,244.0,9323778
2018-01-17,138.16075134277344,239.9250030517578,242.0,237.375,239.5,6795488
2018-01-18,135.3966827392578,235.125,241.375,234.0,240.0500030517578,7342492
2018-01-19,137.42654418945312,238.6499938964844,239.25,232.6999969482422,235.9499969482422,7816330
2018-01-22,135.07994079589844,234.5749969482422,240.0249938964844,232.625,240.0,4336230
2018-01-23,138.53504943847656,240.5749969482422,241.5,234.5,236.4499969482422,7558880
2018-01-24,138.347900390625,240.25,241.25,236.5749969482422,240.5,5081584
2018-01-25,138.39105224609375,240.3249969482422,243.25,236.8000030517578,243.0,8033530
2018-01-29,135.26708984375,234.8999938964844,240.2749938964844,234.125,240.25,5294232
2018-01-30,139.81629943847656,242.8000030517578,246.3000030517578,234.4750061035156,234.6000061035156,13185108
2018-01-31,141.74539184570312,246.1499938964844,246.8000030517578,241.6750030517578,243.0,12222654
2018-02-01,141.1839599609375,245.1750030517578,246.9499969482422,240.7250061035156,245.5500030517578,7298886
2018-02-02,137.38333129882812,238.5749969482422,246.3000030517578,236.1750030517578,241.5249938964844,5980182
2018-02-05,137.03782653808594,237.9750061035156,244.375,233.0249938964844,235.0,6870184
2018-02-06,134.51852416992188,233.6000061035156,238.9499969482422,232.5,232.5,6296186
2018-02-07,137.12420654296875,238.125,240.8000030517578,234.3249969482422,236.5249938964844,7262940
2018-02-08,137.68568420410156,239.1000061035156,247.0,238.3999938964844,241.6999969482422,12077668
2018-02-09,136.87948608398438,237.6999969482422,239.9499969482422,234.3500061035156,238.0,5724900
2018-02-12,134.61924743652344,233.7749938964844,240.8999938964844,231.25,240.5,9138866
2018-02-14,132.47422790527344,230.0500030517578,234.9499969482422,229.5500030517578,234.5,8902568
2018-02-15,136.7786865234375,237.5249938964844,238.3249969482422,230.5,230.5,9447478
2018-02-16,134.0865936279297,232.8500061035156,238.875,232.5,238.5,4826418
2018-02-19,131.53846740722656,228.4250030517578,234.125,226.6999969482422,234.0,3685810
2018-02-20,130.44432067871094,226.5249938964844,229.8000030517578,225.9250030517578,228.6000061035156,4500020
2018-02-21,128.8607635498047,223.7749938964844,229.0749969482422,220.0500030517578,229.0749969482422,18326086
2018-02-22,127.04769134521484,213.7250061035156,217.9250030517578,212.7250061035156,215.6000061035156,17814722
2018-02-23,127.7759017944336,214.9499969482422,216.5,211.3500061035156,214.5249938964844,6836098
2018-02-26,128.69732666015625,216.5,221.5,215.5500030517578,217.0,11794172
2018-02-27,126.89910125732422,213.4750061035156,218.1750030517578,212.2250061035156,217.75,13629606
2018-02-28,127.6718521118164,214.7749938964844,215.4250030517578,212.0749969482422,212.5,12142648
2018-03-01,131.3425750732422,220.9499969482422,221.9499969482422,215.1000061035156,216.0,12444394
2018-03-05,129.08367919921875,217.1499938964844,220.875,216.5,220.7749938964844,5686010
2018-03-06,132.32339477539062,222.6000061035156,227.5,217.75,220.5,15708338
2018-03-07,131.7883758544922,221.6999969482422,224.3249969482422,219.3500061035156,222.5500030517578,6948874
2018-03-08,131.43173217773438,221.1000061035156,223.4750061035156,215.8000030517578,223.0,7891378
2018-03-09,130.5995330810547,219.6999969482422,222.4499969482422,219.0,221.6000061035156,7425564
2018-03-12,132.78407287597656,223.375,224.0,218.9750061035156,220.0,5083992
2018-03-13,138.6988067626953,233.3249969482422,234.1999969482422,222.7749938964844,223.5,8341074
2018-03-14,137.5545196533203,231.3999938964844,232.2250061035156,228.7250061035156,232.0,5703778
2018-03-15,137.33157348632812,231.0249938964844,232.75,228.0500030517578,231.0,3657142
2018-03-16,133.02186584472656,223.7749938964844,229.25,221.5,228.25,12294654
2018-03-19,128.0285186767578,215.375,223.0,214.5,223.0,9910680
2018-03-20,126.28981018066406,212.4499969482422,219.3999938964844,211.25,214.5,5625596
2018-03-21,127.99881744384766,215.3249969482422,217.25,212.375,213.3500061035156,5800674
2018-03-22,123.25812530517578,207.3500061035156,216.25,206.8000030517578,216.25,9497264
2018-03-23,122.88663482666016,206.7250061035156,208.7749938964844,203.125,204.9499969482422,7327480
2018-03-26,124.69963836669922,209.7749938964844,211.3999938964844,201.25,206.25,7459884
2018-03-27,125.05632019042967,210.375,213.0,207.5749969482422,211.3999938964844,9496436
2018-03-28,127.04769134521484,213.7250061035156,215.0,207.8249969482422,209.5,11726684
2018-04-02,125.84395599365234,211.6999969482422,216.75,211.125,214.4250030517578,4584294
2018-04-03,126.69104766845705,213.125,214.8999938964844,211.8500061035156,211.8500061035156,7140288
2018-04-04,123.3324203491211,207.4750061035156,214.5,206.8999938964844,214.5,4902828
2018-04-05,125.56160736083984,211.2250061035156,211.8000030517578,208.2749938964844,208.8249969482422,3673050
2018-04-06,128.9796600341797,216.9750061035156,217.6000061035156,211.5,211.5,7060242
2018-04-09,133.8541259765625,225.1750030517578,226.9250030517578,217.5,218.9499969482422,12496028
2018-04-10,134.09188842773438,225.5749969482422,227.25,219.6000061035156,227.0,10069126
2018-04-11,124.03092956542967,208.6499938964844,225.5,207.5500030517578,223.4750061035156,36976826
2018-04-12,124.4321517944336,209.3249969482422,211.625,201.2250061035156,207.0,38695926
2018-04-13,120.49394989013672,202.6999969482422,210.9750061035156,201.75,210.5,17621388
2018-04-16,121.32618713378906,204.1000061035156,205.4250030517578,200.0249938964844,202.5,11015550
2018-04-17,122.05435180664062,205.3249969482422,206.1999969482422,201.7250061035156,205.0,12778496
2018-04-18,120.43451690673828,202.6000061035156,204.5,201.2749938964844,203.6000061035156,10324696
2018-04-19,111.9190673828125,188.2749938964844,198.9250030517578,187.6750030517578,198.0,31872834
2018-04-20,110.38839721679688,185.6999969482422,190.9499969482422,184.9250030517578,185.9250030517578,23408106
2018-04-23,113.34577178955078,190.6750030517578,192.6000061035156,186.8000030517578,188.0,17368914
2018-04-24,114.04422760009766,191.8500061035156,194.2250061035156,188.0,188.0500030517578,12783140
2018-04-25,114.66838836669922,192.8999938964844,195.4750061035156,191.0749969482422,192.6499938964844,13352822
2018-04-26,114.5792465209961,192.75,194.1499938964844,188.6000061035156,194.1499938964844,7893284
2018-04-27,115.96131896972656,195.0749969482422,197.375,191.6000061035156,193.9250030517578,8893008
2018-04-30,115.1291046142578,193.6750030517578,198.2250061035156,192.0500030517578,197.5,7924314
2018-05-02,113.22686767578124,190.4750061035156,195.625,190.0,195.3000030517578,4594832
2018-05-03,112.26092529296876,188.8500061035156,190.2749938964844,187.0,190.1000061035156,5778062
2018-05-04,113.0039520263672,190.1000061035156,191.7749938964844,186.0500030517578,187.5,7335112
2018-05-07,114.66838836669922,192.8999938964844,194.1499938964844,187.0,187.75,7618908
2018-05-08,116.68948364257812,196.3000030517578,197.6999969482422,190.5,190.5,11944494
2018-05-09,114.56436157226562,192.7250061035156,193.75,188.7250061035156,190.625,21715226
2018-05-10,115.97618865966795,195.1000061035156,195.6750030517578,190.4250030517578,192.9499969482422,8393668
2018-05-11,118.68089294433594,199.6499938964844,200.25,194.625,194.625,9051198
2018-05-14,120.13729858398438,202.1000061035156,205.1999969482422,199.7250061035156,201.0,8090792
2018-05-15,120.6128158569336,202.8999938964844,206.5,199.7749938964844,201.0,10351852
2018-05-16,118.39855194091795,199.1750030517578,202.8999938964844,198.0500030517578,202.8999938964844,9717354
2018-05-17,116.09506225585938,195.3000030517578,197.5,192.5749969482422,197.5,12898592
2018-05-18,114.83187866210938,193.1750030517578,196.375,191.3500061035156,194.5,13183142
2018-05-21,117.06104278564452,196.9250030517578,197.3500061035156,192.75,194.0,8663050
2018-05-22,118.17562866210938,198.8000030517578,200.2250061035156,194.1999969482422,197.75,11578438
2018-05-23,111.14635467529295,186.9750061035156,197.25,185.0249938964844,196.8999938964844,19965306
2018-05-24,110.37353515625,185.6750030517578,188.4250030517578,179.77499389648438,188.0,17467898
2018-05-25,113.10796356201172,190.2749938964844,191.5,183.625,185.5,16436392
2018-05-28,119.48340606689452,201.0,202.6750030517578,196.5,197.5,14322672
2018-05-29,120.47909545898438,202.6750030517578,205.3249969482422,200.1499938964844,201.0500030517578,9805644
2018-05-30,118.96328735351562,200.125,204.5,197.9750061035156,203.75,12205548
2018-05-31,120.06298065185548,201.9750061035156,203.8500061035156,196.4750061035156,200.125,17614886
2018-06-01,121.63827514648438,204.625,205.75,201.7749938964844,202.5,10370104
2018-06-04,121.41535186767578,204.25,208.5249938964844,196.5249938964844,205.5500030517578,15724670
2018-06-05,120.47909545898438,202.6750030517578,205.2250061035156,201.5249938964844,204.9499969482422,7023232
2018-06-06,121.86116027832033,205.0,206.0,202.5500030517578,204.0,5862606
2018-06-07,123.6593780517578,208.0249938964844,208.9250030517578,205.1000061035156,205.5,6087188
2018-06-08,121.81661224365234,204.9250030517578,206.3999938964844,202.4499969482422,206.0500030517578,6484074
2018-06-11,123.1689682006836,207.1999969482422,209.0,204.3000030517578,205.0,12667834
2018-06-12,123.37702178955078,207.5500030517578,210.25,207.3500061035156,209.0,6865952
2018-06-13,124.80368041992188,209.9499969482422,210.7250061035156,206.8000030517578,208.75,10363704
2018-06-14,123.74855041503906,208.1750030517578,209.9499969482422,206.8500061035156,209.9499969482422,7497040
2018-06-15,122.52993774414062,206.125,208.3000030517578,204.6499938964844,208.25,12401856
2018-06-18,125.7547836303711,211.5500030517578,214.5749969482422,207.875,209.75,12946848
2018-06-19,122.93116760253906,206.8000030517578,210.0,204.2250061035156,209.4250030517578,8598042
2018-06-20,122.06922912597656,205.3500061035156,209.0,202.5249938964844,207.5,6025038
2018-06-21,125.41297149658205,210.9750061035156,213.1999969482422,203.625,207.4499969482422,8592666
2018-06-22,126.72077178955078,213.1750030517578,214.5,210.1000061035156,211.5,14595152
2018-06-25,122.4556121826172,206.0,212.5,204.6499938964844,212.0,10733728
2018-06-26,123.42159271240234,207.625,208.875,203.75,203.8249969482422,8421460
2018-06-27,113.77672576904295,191.3999938964844,204.3500061035156,189.1999969482422,204.0,17001328
2018-06-28,109.06575775146484,183.4750061035156,192.6000061035156,181.75,186.0,26701926
2018-06-29,110.95311737060548,186.6499938964844,189.4499969482422,180.9250030517578,185.0,13846402
2018-07-02,109.73448944091795,184.6000061035156,189.0,183.625,187.5,9069732
2018-07-03,111.13145446777344,186.9499969482422,188.375,182.0500030517578,183.875,7993666
2018-07-04,109.333251953125,183.9250030517578,187.7250061035156,182.3249969482422,186.5,6720446
2018-07-05,110.43299102783205,185.7749938964844,187.75,184.5500030517578,185.8500061035156,8423950
2018-07-06,111.32463073730467,187.2749938964844,190.6999969482422,186.2749938964844,187.5,13842516
2018-07-09,111.84477996826172,188.1499938964844,189.3000030517578,185.5500030517578,188.0,4580944
2018-07-10,111.5326690673828,187.625,188.875,186.7749938964844,188.1999969482422,3375712
2018-07-11,108.93201446533205,183.25,189.5,181.875,187.9499969482422,8323782
2018-07-12,112.1568603515625,188.6750030517578,193.0,188.0249938964844,193.0,12074942
2018-07-13,114.92101287841795,193.3249969482422,194.5,187.6499938964844,190.5500030517578,11727122
2018-07-16,113.59839630126952,191.1000061035156,196.0,189.9499969482422,192.5,7070272
2018-07-17,116.70436096191406,196.3249969482422,197.75,192.3000030517578,194.9750061035156,14043960
2018-07-18,119.58741760253906,201.1750030517578,202.4250030517578,196.9499969482422,198.0,13400542
2018-07-19,118.38365936279295,199.1499938964844,201.4750061035156,195.7250061035156,199.9499969482422,5890524
2018-07-20,115.57493591308594,194.4250030517578,197.5,192.0749969482422,197.0500030517578,8501230
2018-07-23,115.82758331298828,194.8500061035156,200.25,192.3000030517578,195.75,7558568
2018-07-24,117.982421875,198.4750061035156,198.9750061035156,194.8249969482422,196.3500061035156,5659434
2018-07-25,117.59601593017578,197.8249969482422,199.6499938964844,194.2749938964844,195.6750030517578,5498132
2018-07-26,115.58977508544922,194.4499969482422,198.1499938964844,193.8500061035156,195.375,11744230
2018-07-27,118.0567398071289,198.6000061035156,199.5,192.0249938964844,195.0,6981856
2018-07-30,117.62574768066406,197.875,203.75,196.3500061035156,199.5,8310826
2018-07-31,115.84241485595705,194.875,196.4499969482422,192.8249969482422,195.5500030517578,7792336
2018-08-01,117.70005798339844,198.0,199.9499969482422,196.6000061035156,197.5,8792976
2018-08-02,119.42396545410156,200.8999938964844,202.0,198.75,200.6999969482422,8384800
2018-08-03,119.17131042480467,200.4750061035156,202.5,198.0,199.0,5823858
2018-08-06,119.1861801147461,200.5,202.0,199.7250061035156,200.0,3482306
2018-08-07,117.1353530883789,197.0500030517578,201.1499938964844,196.3000030517578,200.5,3810902
2018-08-08,115.11421966552734,193.6499938964844,198.9250030517578,191.5749969482422,197.5,8469624
2018-08-09,115.6046371459961,194.4750061035156,198.75,192.9499969482422,198.75,10836354
2018-08-10,119.36451721191406,200.8000030517578,202.0,193.8000030517578,195.7250061035156,11106596
2018-08-13,112.85533905029295,189.8500061035156,200.1999969482422,188.25,200.1999969482422,8766994
2018-08-14,111.94879150390624,188.3249969482422,191.7250061035156,187.875,191.25,8609654
2018-08-16,112.4391860961914,189.1499938964844,192.0,187.625,190.0,7820138
2018-08-17,112.23114776611328,188.8000030517578,190.5,187.5500030517578,190.5,5434214
2018-08-20,111.74077606201172,187.9750061035156,191.125,187.2250061035156,189.0500030517578,6797042
2018-08-21,109.60076904296876,184.375,189.25,184.0500030517578,189.25,11132910
2018-08-23,106.33130645751952,178.875,184.8249969482422,178.5,184.6499938964844,14180494
2018-08-24,106.0935516357422,178.47500610351562,181.0,176.75,179.125,9731858
2018-08-27,107.46075439453124,180.7749938964844,181.1750030517578,178.5,179.25,6347096
2018-08-28,106.56906127929688,179.27499389648438,182.4499969482422,178.5749969482422,180.7749938964844,7747378
2018-08-29,107.5053482055664,180.8500061035156,181.6499938964844,178.5,179.25,6736818
2018-08-30,107.99577331542967,181.6750030517578,182.25,178.9250030517578,179.9499969482422,8130098
2018-08-31,109.73836517333984,181.0500030517578,183.1499938964844,178.0,178.0,12008646
2018-09-03,109.13223266601562,180.0500030517578,182.75,179.3000030517578,182.75,4359234
2018-09-04,106.46530151367188,175.64999389648438,179.9250030517578,175.0,179.25,7254520
2018-09-05,105.79855346679688,174.5500030517578,177.875,172.75,174.75,7872604
2018-09-06,107.16234588623048,176.8000030517578,177.47500610351562,174.8249969482422,175.5749969482422,7535324
2018-09-07,108.17760467529295,178.47500610351562,179.75,176.52499389648438,177.6999969482422,6979302
2018-09-10,104.28327941894533,172.0500030517578,178.52499389648438,171.75,178.5,9668840
2018-09-11,102.44972229003906,169.02499389648438,174.5,168.5500030517578,172.89999389648438,9776294
2018-09-12,101.26780700683594,167.0749969482422,168.35000610351562,162.125,168.35000610351562,12442422
2018-09-14,107.43508911132812,177.25,178.3000030517578,170.0,170.0749969482422,18661472
2018-09-17,110.31417846679688,182.0,183.625,174.0500030517578,176.52499389648438,17953744
2018-09-18,107.61693572998048,177.5500030517578,184.625,176.10000610351562,182.5,12373420
2018-09-19,110.63237762451172,182.5249938964844,183.3000030517578,176.8249969482422,178.75,9421832
2018-09-21,114.10243225097656,188.25,189.4750061035156,180.8249969482422,185.0749969482422,16295730
2018-09-24,111.34457397460938,183.6999969482422,191.7250061035156,182.7749938964844,187.625,13131362
2018-09-25,110.37480926513672,182.1000061035156,182.7250061035156,177.5500030517578,179.0,7893402
2018-09-26,111.72340393066406,184.3249969482422,185.3999938964844,180.6750030517578,185.3999938964844,6304634
2018-09-27,112.7992706298828,186.1000061035156,187.375,182.6499938964844,183.9750061035156,6862024
2018-09-28,113.3902359008789,187.0749969482422,188.6999969482422,182.8249969482422,186.6499938964844,7629776
2018-10-01,111.63248443603516,184.1750030517578,186.375,180.125,186.0,6316314
2018-10-03,114.51155853271484,188.9250030517578,190.8999938964844,179.6750030517578,181.4499969482422,9743764
2018-10-04,100.35861206054688,165.5749969482422,191.8999938964844,151.9250030517578,186.0,19841194
2018-10-05,80.40206146240234,132.64999389648438,149.02499389648438,119.2750015258789,149.02499389648438,111440754
2018-10-08,80.28083038330078,132.4499969482422,139.97500610351562,128.52499389648438,136.5,51461200
2018-10-09,77.94725799560547,128.60000610351562,134.0500030517578,127.5999984741211,133.5,24359252
2018-10-10,80.43236541748047,132.6999969482422,136.77499389648438,128.0,129.4499969482422,18048794
2018-10-11,84.29638671875,139.0749969482422,142.25,129.60000610351562,131.0,43975840
2018-10-12,87.55429077148438,144.4499969482422,147.85000610351562,140.0500030517578,144.5,22536196
2018-10-15,89.81210327148438,148.1750030517578,150.35000610351562,138.75,145.4499969482422,18292836
2018-10-16,91.55470275878906,151.0500030517578,152.75,145.85000610351562,148.25,15744782
2018-10-17,86.41781616210938,142.5749969482422,152.22500610351562,141.60000610351562,151.5,13039636
2018-10-19,85.93291473388672,141.77499389648438,145.9499969482422,140.1999969482422,145.0500030517578,22938928
2018-10-22,82.17496490478516,135.5749969482422,143.47500610351562,135.0500030517578,142.72500610351562,9585342
2018-10-23,81.69007110595703,134.77499389648438,136.85000610351562,130.25,134.0,17512914
2018-10-24,85.32678985595703,140.77499389648438,143.0,137.22500610351562,139.47500610351562,27791198
2018-10-25,83.94786834716797,138.5,141.14999389648438,137.10000610351562,139.27499389648438,18119966
2018-10-26,83.4023666381836,137.60000610351562,140.25,133.25,138.625,14583372
2018-10-29,84.05393981933594,138.6750030517578,140.5,135.25,138.9499969482422,9988492
2018-10-30,80.72026824951172,133.1750030517578,136.85000610351562,132.02499389648438,135.52499389648438,20999664
2018-10-31,83.37205505371094,137.5500030517578,138.22500610351562,132.0500030517578,133.1750030517578,11628440
2018-11-01,85.90261840820312,141.72500610351562,143.5,137.5500030517578,139.10000610351562,15030068
2018-11-02,91.63045501708984,151.1750030517578,154.0,146.10000610351562,147.5,34265322
2018-11-05,88.43315887451172,145.89999389648438,151.22500610351562,145.0,151.0,7889190
2018-11-06,86.40266418457031,142.5500030517578,147.1999969482422,142.0,145.8249969482422,6516560
2018-11-07,87.50882720947266,144.375,144.97500610351562,143.1999969482422,144.0,1059084
2018-11-09,89.963623046875,148.4250030517578,148.9499969482422,145.14999389648438,146.9499969482422,13115928
2018-11-12,88.25133514404297,145.60000610351562,150.5749969482422,145.02499389648438,147.25,12029462
2018-11-13,91.87291717529295,151.5749969482422,152.3000030517578,147.60000610351562,147.60000610351562,15427542
2018-11-14,95.75210571289062,157.97500610351562,164.6999969482422,156.4250030517578,156.5,29661262
2018-11-15,97.54014587402344,160.9250030517578,161.72500610351562,154.25,157.75,11734218
2018-11-16,97.60076904296876,161.02499389648438,162.625,157.9499969482422,159.8000030517578,9942196
2018-11-19,97.87353515625,161.47500610351562,162.27499389648438,158.4499969482422,160.375,5482956
2018-11-20,97.85836791992188,161.4499969482422,164.97500610351562,160.5500030517578,162.60000610351562,8885146
2018-11-21,98.9796905517578,163.3000030517578,171.4250030517578,162.64999389648438,168.5,15524294
2018-11-22,97.00980377197266,160.0500030517578,164.0,158.77499389648438,163.39999389648438,7144756
2018-11-26,99.20700073242188,163.6750030517578,166.4499969482422,161.72500610351562,165.0500030517578,14290304
2018-11-27,101.67693328857422,167.75,168.25,161.0749969482422,162.77499389648438,10291628
2018-11-28,97.0249481201172,160.0749969482422,167.64999389648438,159.3000030517578,167.35000610351562,10244930
2018-11-29,99.5555191040039,164.25,166.0,162.60000610351562,163.6750030517578,17783444
2018-11-30,98.31295013427734,162.1999969482422,165.89999389648438,160.1999969482422,164.5500030517578,18242294
2018-12-03,98.17658233642578,161.97500610351562,163.47500610351562,158.8249969482422,161.0,9158842
2018-12-04,101.13143920898438,166.85000610351562,167.4499969482422,160.25,161.0,10470422
2018-12-05,99.84342193603516,164.72500610351562,169.1750030517578,164.02499389648438,166.0749969482422,9539930
2018-12-06,98.46446990966795,162.4499969482422,165.77499389648438,161.5,164.0,7213812
2018-12-07,98.6160125732422,162.6999969482422,165.47500610351562,160.72500610351562,164.1999969482422,10294418
2018-12-10,100.08587646484376,165.125,166.25,158.60000610351562,159.0,11618054
2018-12-11,99.02515411376952,163.375,165.0,160.8000030517578,163.0,10861812
2018-12-12,99.82827758789062,164.6999969482422,165.125,162.1999969482422,163.35000610351562,6257126
2018-12-13,101.4951171875,167.4499969482422,168.64999389648438,164.875,164.875,5970876
2018-12-14,104.64694213867188,172.64999389648438,174.6999969482422,165.375,167.3249969482422,7198212
2018-12-17,106.17740631103516,175.1750030517578,175.97500610351562,170.72500610351562,172.5,7454414
2018-12-18,107.05626678466795,176.625,178.8000030517578,174.35000610351562,176.5500030517578,8987630
2018-12-19,109.63226318359376,180.875,181.5,177.5500030517578,179.1999969482422,7350428
2018-12-20,112.46590423583984,185.5500030517578,185.9499969482422,178.0500030517578,178.5,7217516
2018-12-21,113.54176330566406,187.3249969482422,188.0500030517578,184.0500030517578,187.3500061035156,10465642
2018-12-24,110.6020965576172,182.4750061035156,188.25,181.8999938964844,187.0500030517578,6491252
2018-12-26,111.0263900756836,183.1750030517578,185.6499938964844,179.10000610351562,184.3999938964844,12955862
2018-12-27,110.49602508544922,182.3000030517578,184.375,177.4499969482422,180.5,14625538
2018-12-28,109.677734375,180.9499969482422,184.8999938964844,180.10000610351562,180.8999938964844,9355426
2018-12-31,109.93536376953124,181.375,182.3999938964844,179.39999389648438,180.9499969482422,6782002
2019-01-01,111.2839584350586,183.6000061035156,184.6499938964844,180.0,180.5249938964844,3105422
2019-01-02,108.48067474365234,178.97500610351562,183.0,173.375,183.0,19725590
2019-01-03,106.82897186279295,176.25,177.39999389648438,174.0749969482422,176.0,9972260
2019-01-04,108.9352569580078,179.72500610351562,180.8500061035156,175.75,175.89999389648438,7717220
2019-01-07,107.75328826904295,177.77499389648438,181.3999938964844,177.0,180.0,5790820
2019-01-08,106.66229248046876,175.97500610351562,177.9499969482422,175.02499389648438,177.5500030517578,4342090
2019-01-09,103.05587005615234,170.02499389648438,175.75,169.0,175.5,9131732
2019-01-10,101.70726013183594,167.8000030517578,169.375,166.5,168.4499969482422,9773604
2019-01-11,102.22242736816406,168.64999389648438,169.85000610351562,167.27499389648438,168.0,4669620
2019-01-14,101.51024627685548,167.47500610351562,169.9250030517578,165.77499389648438,169.4499969482422,7516622
2019-01-15,103.55592346191406,170.85000610351562,171.6750030517578,168.10000610351562,168.4499969482422,6913912
2019-01-16,105.23790740966795,173.625,174.5,171.1750030517578,172.6999969482422,9562002
2019-01-17,107.64723205566406,177.60000610351562,178.5,173.02499389648438,173.5500030517578,7898996
2019-01-18,107.34420776367188,177.10000610351562,178.85000610351562,175.64999389648438,176.9499969482422,5008314
2019-01-21,106.5410614013672,175.77499389648438,177.85000610351562,174.14999389648438,175.5500030517578,3885636
2019-01-22,107.2229461669922,176.89999389648438,178.8000030517578,175.52499389648438,175.75,4687940
2019-01-23,108.23819732666016,178.5749969482422,179.3249969482422,177.1999969482422,177.25,3973026
2019-01-24,107.2684097290039,176.97500610351562,180.125,176.125,178.5749969482422,3294118
2019-01-25,108.3291244506836,178.72500610351562,180.1750030517578,177.5,177.5,3868832
2019-01-28,105.67735290527344,174.35000610351562,178.9499969482422,173.10000610351562,178.5,2902748
2019-01-29,104.52569580078124,172.4499969482422,176.72500610351562,170.35000610351562,174.0500030517578,6198614
2019-01-30,103.85897827148438,171.35000610351562,172.39999389648438,168.25,172.25,5565262
2019-01-31,104.6923828125,172.72500610351562,175.5,169.0500030517578,170.375,15638906
2019-02-01,103.34378051757812,170.5,174.35000610351562,169.1999969482422,173.60000610351562,5444740
2019-02-04,102.60125732421876,169.27499389648438,170.97500610351562,168.02499389648438,170.0,4309536
2019-02-05,102.41944885253906,168.97500610351562,170.14999389648438,168.3000030517578,169.25,2584132
2019-02-06,102.82855987548828,169.64999389648438,170.6999969482422,168.35000610351562,168.97500610351562,4190822
2019-02-07,102.85887908935548,169.6999969482422,171.02499389648438,168.9499969482422,169.875,3048046
2019-02-08,102.25274658203124,168.6999969482422,173.39999389648438,167.52499389648438,170.14999389648438,6682742
2019-02-11,101.10112762451172,166.8000030517578,168.75,164.0,166.5,6629896
2019-02-12,102.82855987548828,169.64999389648438,171.75,167.0,167.0,6080496
2019-02-14,95.66118621826172,157.8249969482422,164.10000610351562,156.02499389648438,163.0500030517578,21289140
2019-02-15,99.3585205078125,163.9250030517578,164.5,159.0,159.0,13414256
2019-02-18,99.32820129394533,163.875,165.0500030517578,161.27499389648438,161.27499389648438,7905264
2019-02-19,101.60116577148438,167.625,169.39999389648438,162.77499389648438,163.0,7666336
2019-02-20,103.37409210205078,170.5500030517578,172.375,168.0500030517578,169.0,12565482
2019-02-21,105.00251007080078,167.64999389648438,168.8249969482422,163.125,164.0,9353768
2019-02-22,107.78965759277344,172.10000610351562,173.5,167.85000610351562,168.5,9709800
2019-02-25,105.23736572265624,168.02499389648438,172.625,167.125,172.5,14031192
2019-02-26,105.42528533935548,168.3249969482422,168.97500610351562,164.625,168.02499389648438,9058794
2019-02-27,103.56197357177734,165.35000610351562,170.8000030517578,164.9250030517578,169.0,9000098
2019-02-28,105.70710754394533,168.77499389648438,170.0,165.0,167.0,17938838
2019-03-01,108.36897277832033,173.02499389648438,173.77499389648438,168.5749969482422,169.125,5744496
2019-03-05,113.52043914794922,181.25,182.7250061035156,172.72500610351562,173.02499389648438,12761902
2019-03-06,116.71468353271484,186.3500061035156,186.8999938964844,181.6750030517578,182.3999938964844,12197224
2019-03-07,116.0883560180664,185.3500061035156,188.4750061035156,184.5,186.7749938964844,11389848
2019-03-08,115.03927612304688,183.6750030517578,185.6999969482422,182.3249969482422,185.4499969482422,5625148
2019-03-11,121.20853424072266,193.5249938964844,194.25,184.3999938964844,184.7250061035156,18973830
2019-03-12,122.19497680664062,195.1000061035156,197.1999969482422,192.1499938964844,194.1999969482422,12191846
2019-03-13,121.83484649658205,194.5249938964844,196.25,191.2749938964844,195.0,9568180
2019-03-14,122.22628021240234,195.1499938964844,195.6750030517578,191.3249969482422,194.4750061035156,4095730
2019-03-15,124.10523223876952,198.1499938964844,199.1499938964844,194.6999969482422,195.5,17258182
2019-03-18,127.00198364257812,202.7749938964844,204.4499969482422,199.0,199.0,14786442
2019-03-19,127.70660400390624,203.8999938964844,204.9499969482422,201.2749938964844,204.0,8445352
2019-03-20,121.86617279052734,194.5749969482422,203.75,193.25,203.6000061035156,10572670
2019-03-22,118.67192840576172,189.4750061035156,197.3500061035156,188.2250061035156,194.75,11837696
2019-03-25,120.1594467163086,191.8500061035156,192.625,187.5249938964844,189.375,8329530
2019-03-26,120.22205352783205,191.9499969482422,194.1999969482422,188.25,192.125,8515642
2019-03-27,118.67192840576172,189.4750061035156,193.0,188.6499938964844,192.2250061035156,6621912
2019-03-28,120.8327407836914,192.9250030517578,194.5249938964844,189.1750030517578,189.7749938964844,11169948
2019-04-01,122.72735595703124,195.9499969482422,199.75,195.25,199.0,5260852
2019-04-02,119.1573257446289,190.25,195.6750030517578,189.0249938964844,193.9499969482422,10816790
2019-04-03,113.73967742919922,181.6000061035156,191.0,181.0749969482422,191.0,16579908
2019-04-04,110.95254516601562,177.14999389648438,181.5,176.75,181.5,20399592
2019-04-05,112.14254760742188,179.0500030517578,179.75,176.8000030517578,176.8000030517578,9088048
2019-04-08,109.91912078857422,175.5,177.4250030517578,174.5,177.4250030517578,7918214
2019-04-09,111.5788803100586,178.14999389648438,178.6999969482422,172.52499389648438,173.25,9893784
2019-04-10,112.03295135498048,178.875,180.0,176.5500030517578,178.0,8233760
2019-04-11,113.2699203491211,180.8500061035156,182.0,178.0,179.25,12602810
2019-04-12,113.0976791381836,180.5749969482422,183.8999938964844,179.0749969482422,181.9499969482422,10236092
2019-04-15,112.23649597167967,179.1999969482422,181.5,178.35000610351562,180.9499969482422,4478062
2019-04-16,111.95465087890624,178.75,180.9750061035156,177.625,180.0500030517578,8531892
2019-04-18,113.6457061767578,181.4499969482422,182.5,176.89999389648438,179.0,9575132
2019-04-22,106.50566864013672,170.0500030517578,177.1999969482422,169.5,176.89999389648438,13842844
2019-04-23,105.33132934570312,168.1750030517578,171.1750030517578,166.72500610351562,169.0,16697164
2019-04-24,109.29277801513672,174.5,174.9499969482422,170.0500030517578,170.0500030517578,13873428
2019-04-25,112.18954467773438,179.125,179.72500610351562,173.8000030517578,174.47500610351562,19560314
2019-04-26,116.19796752929688,185.5249938964844,186.1499938964844,178.89999389648438,178.89999389648438,18568212
2019-04-30,118.95378112792967,189.9250030517578,191.8999938964844,184.7749938964844,186.6750030517578,19629858
2019-05-02,118.51537322998048,189.2250061035156,191.4499969482422,188.0,190.0500030517578,7697948
2019-05-03,119.23563385009766,190.375,193.25,189.2749938964844,192.4750061035156,10739028
2019-05-06,122.24195098876952,195.1750030517578,196.0,190.0500030517578,190.25,18541980
2019-05-07,118.64060974121094,189.4250030517578,194.2250061035156,186.0500030517578,194.2250061035156,14994644
2019-05-08,118.93810272216795,189.8999938964844,191.6999969482422,186.5500030517578,189.0249938964844,7602616
2019-05-09,115.25848388671876,184.0249938964844,189.8000030517578,183.2749938964844,189.8000030517578,9027084
2019-05-10,113.661376953125,181.4750061035156,183.75,179.89999389648438,183.5249938964844,8232720
2019-05-13,111.20308685302734,177.5500030517578,183.9750061035156,176.4250030517578,181.0,7620290
2019-05-14,112.29914093017578,179.3000030517578,180.3999938964844,174.0,177.0500030517578,9998950
2019-05-15,112.59662628173828,179.77499389648438,184.125,178.4250030517578,179.5,12644948
2019-05-16,117.607177734375,187.7749938964844,189.4250030517578,175.75,178.0,13210048
2019-05-17,117.8107452392578,188.1000061035156,189.4250030517578,183.2749938964844,186.0,12851786
2019-05-20,122.696044921875,195.8999938964844,198.3249969482422,191.75,195.0,10395734
2019-05-21,117.2627182006836,187.2250061035156,198.6750030517578,184.1499938964844,197.75,16756886
2019-05-22,120.33169555664062,192.125,194.4499969482422,188.0,189.0,15525660
2019-05-23,120.3630142211914,192.1750030517578,205.7250061035156,191.0,194.9499969482422,25917602
2019-05-24,123.83908081054688,197.7250061035156,199.4499969482422,193.3999938964844,197.5,19806268
2019-05-27,125.89028930664062,201.0,201.9250030517578,194.4250030517578,196.5,10222742
2019-05-28,125.87459564208984,200.9750061035156,204.6750030517578,198.5500030517578,201.0,39821192
2019-05-29,124.99776458740234,199.5749969482422,201.4750061035156,196.7749938964844,201.0,8503056
2019-05-30,127.65961456298828,203.8249969482422,204.8500061035156,200.0249938964844,200.5,14101926
2019-05-31,128.19200134277344,204.6750030517578,210.8500061035156,203.1000061035156,207.0749969482422,27635592
2019-06-03,130.6189727783203,208.5500030517578,209.9499969482422,205.5749969482422,208.75,14043966
2019-06-04,127.87881469726562,204.1750030517578,207.9499969482422,203.375,207.6999969482422,7454624
2019-06-06,124.34012603759766,198.5249938964844,207.1000061035156,197.75,207.0,15270900
2019-06-07,126.20344543457033,201.5,202.3249969482422,194.8000030517578,197.0,11055246
2019-06-10,122.02273559570312,194.8249969482422,200.875,193.1499938964844,199.625,10884088
2019-06-11,121.19286346435548,193.5,196.75,189.5749969482422,194.2749938964844,12654378
2019-06-12,119.31392669677734,190.5,195.25,189.7250061035156,194.0,10407070
2019-06-13,121.7565689086914,194.3999938964844,195.25,191.5,192.4499969482422,13827442
2019-06-14,121.03628540039062,193.25,195.3000030517578,192.0749969482422,193.125,6075586
2019-06-17,118.42142486572266,189.0749969482422,192.75,188.1000061035156,192.5749969482422,7936522
2019-06-18,120.7387924194336,192.7749938964844,193.4499969482422,188.1499938964844,189.4750061035156,6221722
2019-06-19,118.79720306396484,189.6750030517578,193.375,188.0500030517578,192.8249969482422,8241572
2019-06-20,120.6291732788086,192.6000061035156,193.2250061035156,188.5,189.0500030517578,8612672
2019-06-21,119.0007553100586,190.0,193.6750030517578,188.5,188.5,10787948
2019-06-24,119.26695251464844,190.4250030517578,191.3249969482422,186.5500030517578,189.5,6543204
2019-06-25,123.10315704345705,196.5500030517578,197.3000030517578,189.5,189.5,12409938
2019-06-26,122.5707778930664,195.6999969482422,196.8000030517578,193.0500030517578,193.75,6532534
2019-06-27,122.82130432128906,196.1000061035156,199.0,193.3000030517578,194.0,14063226
2019-06-28,122.89958953857422,196.2250061035156,198.3000030517578,195.25,195.3249969482422,6986386
2019-07-01,117.8107452392578,188.1000061035156,196.4250030517578,187.25,195.5,10267468
2019-07-02,118.5310287475586,189.25,191.0,188.375,189.7749938964844,10836020
2019-07-03,119.3765640258789,190.6000061035156,192.6999969482422,189.4750061035156,191.5,10199616
2019-07-04,119.0007553100586,190.0,192.0,189.2250061035156,192.0,4168848
2019-07-05,115.88479614257812,185.0249938964844,190.2250061035156,180.375,190.125,17903966
2019-07-08,113.00375366210938,180.4250030517578,183.8000030517578,178.0749969482422,183.4250030517578,7431476
2019-07-09,112.76886749267578,180.0500030517578,183.9250030517578,179.3000030517578,181.0,7555928
2019-07-10,109.48070526123048,174.8000030517578,181.6999969482422,173.0,180.0749969482422,7914012
2019-07-11,109.7781982421875,175.27499389648438,177.75,173.5,174.4499969482422,12277678
2019-07-12,108.27501678466795,172.875,177.39999389648438,172.5,176.375,9083694
2019-07-15,108.79173278808594,173.6999969482422,174.14999389648438,171.35000610351562,173.10000610351562,6301116
2019-07-16,110.9995346069336,177.22500610351562,178.14999389648438,174.3000030517578,174.5,10593218
2019-07-17,110.4828109741211,176.39999389648438,179.5,175.1999969482422,179.5,9661402
2019-07-18,109.37106323242188,174.625,177.6750030517578,173.9250030517578,177.0,9032900
2019-07-19,109.91912078857422,175.5,176.6999969482422,173.35000610351562,175.64999389648438,7205646
2019-07-22,110.70201873779295,176.75,177.4499969482422,170.10000610351562,174.6999969482422,7729488
2019-07-23,112.44004821777344,179.52499389648438,180.0,175.8000030517578,176.75,7010734
2019-07-24,109.32411193847656,174.5500030517578,179.10000610351562,172.35000610351562,179.0500030517578,8405494
2019-07-25,106.56830596923828,170.14999389648438,175.75,169.6999969482422,175.5,7031300
2019-07-26,107.66437530517578,171.89999389648438,172.75,167.5,169.6999969482422,9319712
2019-07-29,107.16332244873048,171.10000610351562,173.60000610351562,169.375,171.5,4835106
2019-07-30,105.0651397705078,167.75,171.75,167.1750030517578,171.75,4263936
2019-07-31,108.19673919677734,172.75,173.3249969482422,164.10000610351562,165.75,8266802
2019-08-01,107.6173858642578,171.8249969482422,173.0749969482422,169.60000610351562,172.5,6126716
2019-08-02,107.24160766601562,171.22500610351562,173.47500610351562,168.72500610351562,172.5,7131364
2019-08-05,106.16121673583984,169.5,172.6999969482422,165.77499389648438,170.0,5443194
2019-08-06,108.13412475585938,172.64999389648438,173.75,168.3000030517578,169.97500610351562,6630268
2019-08-07,103.6872329711914,165.5500030517578,173.47500610351562,164.625,173.47500610351562,7087110
2019-08-08,107.57042694091795,171.75,172.52499389648438,165.14999389648438,166.60000610351562,8306696
2019-08-09,108.49424743652344,173.22500610351562,175.4499969482422,170.5,171.75,7708548
2019-08-13,107.44518280029295,171.5500030517578,178.9250030517578,171.0,173.0,11053004
2019-08-14,110.9995346069336,177.22500610351562,178.39999389648438,170.5,170.5,6025432
2019-08-16,109.98171997070312,175.60000610351562,177.9499969482422,173.1750030517578,177.75,5180670
2019-08-19,108.6664581298828,173.5,177.0500030517578,173.0,176.0,3454752
2019-08-20,107.17897033691406,171.125,174.4499969482422,169.5500030517578,174.4499969482422,4697534
2019-08-21,105.11074829101562,163.89999389648438,169.72500610351562,163.1750030517578,167.875,8004410
2019-08-22,100.36504364013672,156.5,164.9250030517578,154.77499389648438,164.0,11576938
2019-08-23,105.6077651977539,164.6750030517578,165.39999389648438,154.1750030517578,156.0500030517578,9339236
2019-08-26,107.54771423339844,167.6999969482422,168.35000610351562,160.5500030517578,165.5500030517578,7892084
2019-08-27,109.76023864746094,171.14999389648438,173.0,167.125,168.5,8821812
2019-08-28,112.40565490722656,175.27499389648438,176.25,168.75,171.0,10035400
2019-08-29,113.5279312133789,177.02499389648438,178.6999969482422,173.25,175.39999389648438,9832932
2019-08-30,113.91275024414062,177.625,178.39999389648438,172.5749969482422,176.875,8897562
2019-09-03,114.21737670898438,178.10000610351562,181.6000061035156,171.14999389648438,177.5,15730198
2019-09-04,116.57415771484376,181.7749938964844,183.1999969482422,174.5,176.75,14584568
2019-09-05,122.10548400878906,190.3999938964844,192.5,180.5249938964844,181.5,29854604
2019-09-06,121.52828216552734,189.5,191.1750030517578,186.75,188.5,14843534
2019-09-09,122.49024963378906,191.0,192.0,187.3249969482422,188.0,7140042
2019-09-11,123.80493927001952,193.0500030517578,193.9499969482422,189.25,190.0,9387752
2019-09-12,123.1956787109375,192.1000061035156,197.1750030517578,190.8249969482422,193.5249938964844,11277332
2019-09-13,131.00364685058594,204.2749938964844,206.0,188.6999969482422,192.75,25553156
2019-09-16,121.84893035888672,190.0,195.7250061035156,189.25,194.0,49680268
2019-09-17,118.24156188964844,184.375,189.9499969482422,183.8249969482422,189.9499969482422,30489784
2019-09-18,122.52230072021484,191.0500030517578,194.375,184.5249938964844,189.8500061035156,48256504
2019-09-19,121.80084228515624,189.9250030517578,193.25,187.8249969482422,191.5249938964844,25760746
2019-09-20,129.49656677246094,201.9250030517578,227.8999938964844,186.2250061035156,188.7749938964844,57665806
2019-09-23,144.56736755371094,225.4250030517578,231.5,206.0249938964844,206.5,62012634
2019-09-24,147.91818237304688,230.6499938964844,237.375,221.0,227.0,62666152
2019-09-25,149.16876220703125,232.6000061035156,236.6999969482422,224.2250061035156,229.0,66318294
2019-09-26,153.93048095703125,240.0249938964844,241.0249938964844,231.6499938964844,232.6000061035156,41339080
2019-09-27,150.6437530517578,234.8999938964844,240.8999938964844,232.75,237.5,21898254
2019-09-30,150.73995971679688,235.0500030517578,239.75,233.0249938964844,236.375,26279222
2019-10-01,158.3715362548828,246.9499969482422,255.7749938964844,239.375,249.0,68201818
2019-10-03,170.4602508544922,265.79998779296875,269.95001220703125,247.1999969482422,248.1000061035156,51969202
2019-10-04,165.313720703125,257.7749938964844,272.5,255.8000030517578,272.5,55031842
2019-10-07,157.3293914794922,245.3249969482422,253.7250061035156,237.7250061035156,251.0249938964844,54898474
2019-10-09,158.0348663330078,246.4250030517578,247.875,240.8249969482422,245.0,21716066
2019-10-10,157.08895874023438,244.9499969482422,247.0,242.0500030517578,245.0,9259080
2019-10-11,156.47967529296875,244.0,246.2749938964844,239.3000030517578,244.0749969482422,14742088
2019-10-14,155.8223419189453,242.9750061035156,249.5,241.6000061035156,245.2749938964844,23112252
2019-10-15,157.2172088623047,245.1499938964844,247.25,243.9750061035156,244.9750061035156,11684324
2019-10-16,164.30369567871094,256.20001220703125,260.0,250.6499938964844,252.4499969482422,40761516
2019-10-17,164.59226989746094,256.6499938964844,257.6499938964844,252.0500030517578,256.20001220703125,16703674
2019-10-18,166.83685302734375,260.1499938964844,267.45001220703125,253.375,255.0,28373482
2019-10-22,171.2618865966797,267.04998779296875,269.29998779296875,261.17498779296875,266.0,27148144
2019-10-23,169.01727294921875,263.54998779296875,268.3999938964844,262.29998779296875,265.75,10594102
2019-10-24,164.51206970214844,256.5249938964844,262.95001220703125,250.3249969482422,262.95001220703125,28158152
2019-10-25,168.07138061523438,262.07501220703125,266.6000061035156,254.875,258.375,26762366
2019-10-27,168.92111206054688,263.3999938964844,264.5,260.5,264.45001220703125,2076306
2019-10-29,167.67054748535156,261.45001220703125,267.0,259.0,267.0,16633944
2019-10-30,168.37599182128906,262.54998779296875,267.29998779296875,259.2250061035156,263.5,15046050
2019-10-31,168.85696411132812,263.29998779296875,265.42498779296875,260.2749938964844,263.5,14271838
2019-11-01,166.54827880859375,259.70001220703125,262.8999938964844,258.0,260.0249938964844,10122286
2019-11-04,167.4460906982422,261.1000061035156,263.7250061035156,257.1499938964844,260.0,9362690
2019-11-05,165.93902587890625,258.75,261.1000061035156,256.70001220703125,259.5,6563058
2019-11-06,167.99122619628906,261.95001220703125,262.625,258.04998779296875,259.0,7611862
2019-11-07,164.56019592285156,256.6000061035156,263.2749938964844,255.1499938964844,262.1499938964844,8203706
2019-11-08,161.20933532714844,251.375,257.8500061035156,250.25,257.5,19724600
2019-11-11,165.97109985351562,258.79998779296875,259.75,249.5,253.3249969482422,17530142
2019-11-13,163.56617736816406,255.0500030517578,261.5,253.6999969482422,257.0,14465586
2019-11-14,165.02516174316406,257.32501220703125,260.0249938964844,251.8999938964844,253.5,10832162
2019-11-15,162.42782592773438,253.2749938964844,256.9750061035156,252.0,256.9750061035156,8330994
2019-11-18,167.30178833007812,260.875,264.0,258.625,260.0,34144672
2019-11-19,166.40396118164062,259.4750061035156,260.95001220703125,256.75,260.32501220703125,7099862
2019-11-20,174.62876892089844,272.29998779296875,274.0,261.0249938964844,264.45001220703125,37688996
2019-11-21,164.84877014160156,257.04998779296875,274.5,255.5,274.5,44625320
2019-11-22,163.34173583984375,254.6999969482422,257.7250061035156,252.75,256.8999938964844,23624890
2019-11-25,162.70040893554688,253.6999969482422,257.3999938964844,251.6499938964844,254.0,15397928
2019-11-26,159.2533416748047,248.3249969482422,255.1999969482422,247.1999969482422,254.5,24838188
2019-11-27,162.2194061279297,252.9499969482422,254.625,244.0,246.5,24415850
2019-11-28,163.53408813476562,255.0,257.125,251.0500030517578,253.25,15665952
2019-11-29,164.03111267089844,255.7749938964844,259.2250061035156,252.6000061035156,255.5,15058900
2019-12-02,160.34359741210938,250.0249938964844,254.75,249.375,254.0249938964844,8820042
2019-12-03,158.56394958496094,247.25,251.1999969482422,246.6499938964844,251.0,7580674
2019-12-04,160.7123565673828,250.6000061035156,252.125,246.1000061035156,247.0,8570876
2019-12-05,157.71420288085938,245.9250030517578,249.9499969482422,245.1499938964844,247.5,6266430
2019-12-06,156.64004516601562,244.25,248.25,241.75,245.5,9387226
2019-12-09,160.21533203125,249.8249969482422,250.8999938964844,242.7749938964844,243.7250061035156,10948226
2019-12-10,155.9345703125,243.1499938964844,251.8500061035156,242.1000061035156,247.9499969482422,14342168
2019-12-11,154.76419067382812,241.3249969482422,245.9250030517578,238.1000061035156,242.5,13760958
2019-12-12,157.68215942382812,245.875,249.1499938964844,243.0,243.375,12828956
2019-12-13,159.28541564941406,248.375,250.3999938964844,243.1000061035156,246.25,15259514
2019-12-16,157.76231384277344,246.0,249.6999969482422,245.5500030517578,247.5,6012620
2019-12-17,159.0609588623047,248.0249938964844,251.75,245.5500030517578,246.0,12287138
2019-12-18,156.88052368164062,244.625,249.125,244.0500030517578,248.25,9314170
2019-12-19,157.10496520996094,244.9750061035156,246.25,242.7749938964844,244.5,9325412
2019-12-20,156.41555786132812,243.8999938964844,246.1999969482422,243.25,244.9750061035156,7468454
2019-12-23,158.0829620361328,246.5,249.7250061035156,244.0,244.0,14857646
2019-12-24,153.2090301513672,238.8999938964844,247.2250061035156,235.8249969482422,246.0,14856636
2019-12-26,153.01661682128906,238.6000061035156,242.2749938964844,237.125,238.0,20743272
2019-12-27,157.42562866210938,245.4750061035156,246.0500030517578,238.5,239.75,16908756
2019-12-30,158.09901428222656,246.5249938964844,247.3999938964844,240.8249969482422,245.4750061035156,16373046
2019-12-31,157.61802673339844,245.7749938964844,248.0,243.1750030517578,246.0,11589904
2020-01-01,157.6500701904297,245.8249969482422,246.9499969482422,244.25,246.0,4766592
2020-01-02,156.33538818359375,243.7749938964844,245.8500061035156,243.2250061035156,245.6000061035156,6424966
2020-01-03,155.0367431640625,241.75,243.375,236.4250030517578,241.9499969482422,22655540
2020-01-06,150.4353485107422,234.5749969482422,240.0,232.5749969482422,237.5,15332634
2020-01-07,147.822021484375,230.5,237.375,229.9250030517578,233.9499969482422,23454588
2020-01-08,147.4692840576172,229.9499969482422,232.1999969482422,224.2749938964844,225.0,24743076
2020-01-09,150.88426208496094,235.2749938964844,237.1999969482422,232.7250061035156,236.0749969482422,12999312
2020-01-10,150.7880859375,235.125,237.3500061035156,233.1999969482422,236.8999938964844,8708498
2020-01-13,150.94839477539062,235.375,238.125,234.5,235.5,7338838
2020-01-14,151.78208923339844,236.6750030517578,239.375,236.0500030517578,236.9499969482422,7216716
2020-01-15,150.0505828857422,233.9750061035156,236.4750061035156,231.6000061035156,236.25,9956518
2020-01-16,148.07852172851562,230.8999938964844,234.75,230.0749969482422,234.0,6370550
2020-01-17,145.54531860351562,226.9499969482422,232.625,226.0,231.0,11132598
2020-01-20,146.5874786376953,228.5749969482422,233.3500061035156,225.8000030517578,227.4750061035156,11681302
2020-01-21,148.7358856201172,231.9250030517578,233.25,227.5249938964844,228.8000030517578,8398840
2020-01-22,146.04237365722656,227.7250061035156,233.2250061035156,227.0500030517578,232.6000061035156,7460864
2020-01-23,150.38723754882812,234.5,235.8999938964844,228.5,229.75,11131352
2020-01-24,149.45736694335938,233.0500030517578,236.6000061035156,232.3500061035156,234.625,7871260
2020-01-27,149.98643493652344,233.875,235.8999938964844,231.5,233.25,8828966
2020-01-28,154.21908569335938,240.4750061035156,241.125,233.8000030517578,234.5500030517578,15217662
2020-01-29,153.6098175048828,239.5249938964844,243.4499969482422,238.3249969482422,241.9750061035156,14264654
2020-01-30,150.5956573486328,234.8249969482422,242.25,232.5749969482422,240.0249938964844,10891876
2020-01-31,146.52334594726562,228.4750061035156,236.3000030517578,228.0249938964844,235.0,13892950
2020-02-03,147.59751892089844,230.1499938964844,231.75,221.2250061035156,223.125,18802900
2020-02-04,153.43348693847656,239.25,240.5500030517578,231.0,232.5,15683820
2020-02-05,160.87269592285156,250.8500061035156,253.9750061035156,239.0,240.0,30234094
2020-02-06,158.7403106689453,247.5249938964844,255.0,246.1000061035156,251.6499938964844,22467954
2020-02-07,157.56991577148438,245.6999969482422,247.8000030517578,243.0,247.3999938964844,9022030
2020-02-10,155.66201782226562,242.7250061035156,247.7749938964844,241.6750030517578,246.0,8848392
2020-02-11,154.235107421875,240.5,246.9750061035156,240.0249938964844,245.3999938964844,7943310
2020-02-12,152.2310333251953,237.375,242.8500061035156,236.9499969482422,241.5,7549204
2020-02-13,150.38723754882812,234.5,239.25,234.0,238.8500061035156,8083000
2020-02-14,152.776123046875,238.2250061035156,242.25,234.9499969482422,235.5,23043576
2020-02-17,148.03042602539062,230.8249969482422,239.2250061035156,230.0,239.2250061035156,9025984
2020-02-18,150.94839477539062,235.375,236.25,228.0,230.875,11940592
2020-02-19,152.487548828125,237.7749938964844,240.5,234.75,236.75,10786834
2020-02-20,151.26902770996094,235.875,240.0,235.2749938964844,237.4250030517578,8752120
2020-02-24,148.9923858642578,232.3249969482422,237.8500061035156,231.5,235.5,12382886
2020-02-25,146.45921325683594,228.375,235.2749938964844,227.4499969482422,234.8999938964844,11044046
2020-02-26,143.9099884033203,224.3999938964844,229.7749938964844,221.6000061035156,228.8000030517578,14491090
2020-02-27,142.38690185546875,222.0249938964844,224.8249969482422,219.25,223.4250030517578,12178324
2020-02-28,136.7113037109375,213.1750030517578,219.4499969482422,210.25,219.4499969482422,12199026
2020-03-02,132.2221221923828,206.1750030517578,220.9250030517578,203.25,216.0,15624380
2020-03-03,136.27841186523438,212.5,213.5749969482422,206.75,207.5500030517578,11415592
2020-03-04,134.25831604003906,209.3500061035156,214.3500061035156,202.6999969482422,211.0500030517578,15457514
2020-03-05,134.16209411621094,209.1999969482422,214.5749969482422,208.5249938964844,209.3249969482422,11450828
2020-03-06,129.25607299804688,201.5500030517578,204.9250030517578,199.0,200.1000061035156,15762914
2020-03-09,135.90966796875,211.9250030517578,227.1999969482422,202.8999938964844,206.9499969482422,79590744
2020-03-11,129.6729278564453,202.1999969482422,211.6750030517578,200.5249938964844,211.6750030517578,29496116
2020-03-12,110.40154266357422,172.14999389648438,196.2749938964844,165.27499389648438,195.6499938964844,35196480
2020-03-13,120.58234405517578,188.0249938964844,198.3500061035156,137.72500610351562,168.89999389648438,50824080
2020-03-16,116.92687225341795,182.3249969482422,193.625,174.85000610351562,175.0,33314334
2020-03-17,114.53800201416016,178.60000610351562,192.8249969482422,177.0,182.5,19649626
2020-03-18,106.63385009765624,166.27499389648438,183.0249938964844,164.10000610351562,181.9750061035156,20417518
2020-03-19,96.27669525146484,150.125,160.0,142.6999969482422,155.5,27434876
2020-03-20,101.92022705078124,158.9250030517578,161.5,149.3000030517578,152.5,20390122
2020-03-23,91.09745025634766,134.6750030517578,149.0,131.14999389648438,142.5,18697444
2020-03-24,88.8990707397461,131.4250030517578,141.5,126.0,138.85000610351562,19533962
2020-03-25,92.58557891845705,136.875,138.47500610351562,126.3000030517578,126.3000030517578,14919242
2020-03-26,95.47727966308594,141.14999389648438,143.1999969482422,134.25,137.5,12626898
2020-03-27,94.27662658691406,139.375,152.0,137.10000610351562,145.0,12155778
2020-03-30,92.92378997802734,137.375,144.75,134.5,134.5,13666176
2020-03-31,107.1794204711914,158.4499969482422,164.85000610351562,140.0,142.0,33090992
2020-04-01,102.46137237548828,151.47500610351562,157.9499969482422,146.75,156.0,25195590
2020-04-03,107.26397705078124,158.5749969482422,163.0,143.5749969482422,150.5,28641760
2020-04-07,118.74627685546876,175.5500030517578,179.64999389648438,159.75,163.5,21185186
2020-04-08,115.77001190185548,171.14999389648438,182.1000061035156,170.125,175.0,18356498
2020-04-09,116.64935302734376,172.4499969482422,178.3249969482422,169.625,172.5749969482422,15853988
2020-04-13,118.4080581665039,175.0500030517578,177.27499389648438,168.10000610351562,172.5,9908612
2020-04-15,119.67636108398438,176.9250030517578,185.1750030517578,175.5500030517578,177.25,12598234
2020-04-16,120.20057678222656,177.6999969482422,182.5,174.77499389648438,177.25,11831216
2020-04-17,121.7901840209961,180.0500030517578,183.0,177.10000610351562,183.0,8840986
2020-04-20,124.59733581542967,184.1999969482422,186.4499969482422,180.6000061035156,181.0749969482422,12420738
2020-04-21,120.1498794555664,177.625,184.7250061035156,176.5500030517578,183.375,10283406
2020-04-22,120.6402587890625,178.35000610351562,180.0,168.5749969482422,178.60000610351562,14252248
2020-04-23,120.11607360839844,177.5749969482422,181.4499969482422,176.25,178.4250030517578,8341956
2020-04-24,118.5264663696289,175.22500610351562,178.3249969482422,173.5,176.0,6912420
2020-04-27,120.20057678222656,177.6999969482422,182.8000030517578,176.14999389648438,176.60000610351562,9902396
2020-04-28,121.45198059082033,179.5500030517578,187.4250030517578,177.10000610351562,179.89999389648438,22200402
2020-04-29,122.0100326538086,180.375,182.5,177.52499389648438,180.0,11648158
2020-04-30,125.13848114013672,185.0,186.6999969482422,179.0,182.125,16016718
2020-05-04,117.66400909423828,173.9499969482422,181.0,170.77499389648438,181.0,14509120
2020-05-05,117.3765106201172,173.52499389648438,182.1000061035156,172.625,177.0,26356086
2020-05-06,116.27734375,171.89999389648438,173.22500610351562,156.1750030517578,160.625,41361302
2020-05-07,111.45780181884766,164.77499389648438,171.0,164.10000610351562,171.0,17100430
2020-05-08,109.83438873291016,162.375,168.14999389648438,160.60000610351562,166.5,16997368
2020-05-11,106.46917724609376,157.39999389648438,165.1750030517578,155.64999389648438,163.0,21372716
2020-05-12,105.6912841796875,156.25,159.89999389648438,154.3000030517578,155.25,16622240
2020-05-13,107.06103515625,158.27499389648438,162.1999969482422,156.375,162.0,15241920
2020-05-14,104.74430847167967,154.85000610351562,158.1750030517578,153.625,156.72500610351562,9664168
2020-05-15,107.6191177368164,159.10000610351562,162.1750030517578,155.5500030517578,156.5,27767190
2020-05-18,99.45126342773438,147.02499389648438,160.75,145.9250030517578,160.27499389648438,20378694
2020-05-19,99.19762420654295,146.64999389648438,152.1999969482422,145.89999389648438,150.75,12045836
2020-05-20,104.47370910644533,154.4499969482422,155.6999969482422,146.02499389648438,147.0,17342228
2020-05-21,105.92803192138672,156.60000610351562,158.0,150.8000030517578,155.0,14931316
2020-05-22,106.60447692871094,157.60000610351562,162.0,153.625,155.5,17078040
2020-05-26,105.91112518310548,156.5749969482422,160.4499969482422,156.02499389648438,157.5,12212502
2020-05-27,111.42398834228516,164.72500610351562,165.6999969482422,156.375,158.39999389648438,18130652
2020-05-28,110.40934753417967,163.22500610351562,167.1750030517578,160.14999389648438,166.9499969482422,18552604
2020-05-29,115.93910217285156,171.39999389648438,173.5749969482422,163.0,164.0,26722320
2020-06-01,117.1228485107422,173.14999389648438,178.35000610351562,170.0500030517578,172.14999389648438,20423126
2020-06-02,115.53327178955078,170.8000030517578,174.0,168.64999389648438,174.0,12639442
2020-06-03,118.05294799804688,174.52499389648438,176.97500610351562,169.60000610351562,172.0,20167782
2020-06-04,120.82630920410156,178.625,179.6999969482422,169.5,171.0,32779676
2020-06-05,125.0031967163086,184.8000030517578,186.25,176.10000610351562,178.3249969482422,21970108
2020-06-08,133.2894287109375,197.0500030517578,199.25,188.3000030517578,189.8000030517578,29583292
2020-06-09,129.02792358398438,190.75,201.0249938964844,189.7250061035156,200.0,19643304
2020-06-10,128.16546630859375,189.4750061035156,192.1750030517578,186.4750061035156,192.1750030517578,14983264
2020-06-11,125.15538024902344,185.0249938964844,193.25,184.0,189.0,16965850
2020-06-12,126.45752716064452,186.9499969482422,188.4499969482422,177.625,177.625,15636964
2020-06-15,122.09456634521484,180.5,186.9750061035156,178.25,186.9499969482422,13054104
2020-06-16,121.67181396484376,179.875,186.0749969482422,178.3249969482422,184.8999938964844,11469976
2020-06-17,123.31216430664062,182.3000030517578,183.25,178.375,179.875,10041494
2020-06-18,125.22303771972656,185.125,188.2250061035156,179.875,182.0500030517578,12301976
2020-06-19,128.70663452148438,190.2749938964844,192.25,185.5,186.0,13271548
2020-06-22,130.2624053955078,192.5749969482422,194.6999969482422,189.8249969482422,191.5,20792714
2020-06-23,132.5791473388672,196.0,196.4499969482422,191.125,193.0,8346306
2020-06-24,128.0301971435547,189.2749938964844,197.1999969482422,187.5,196.0,8117432
2020-06-25,125.22303771972656,185.125,192.1499938964844,183.6499938964844,189.0,13394304
2020-06-26,133.13719177246094,196.8249969482422,198.4750061035156,186.5,188.1999969482422,24376122
2020-06-29,129.6536407470703,191.6750030517578,197.8000030517578,189.1750030517578,196.4499969482422,12024496
2020-06-30,126.49131774902344,187.0,194.625,186.1000061035156,193.4499969482422,9018244
2020-07-01,128.57135009765625,190.0749969482422,191.6999969482422,187.0500030517578,188.5,10365588
2020-07-02,129.70436096191406,191.75,195.6750030517578,189.375,191.4750061035156,13185606
2020-07-03,130.34695434570312,192.6999969482422,195.2749938964844,191.6499938964844,193.5,6962106
2020-07-06,131.97036743164062,195.1000061035156,198.375,192.6999969482422,194.0,9926808
2020-07-07,128.46987915039062,189.9250030517578,195.625,188.8999938964844,195.125,9853948
2020-07-08,127.89492797851562,189.0749969482422,193.7250061035156,188.0749969482422,191.1999969482422,8446692
2020-07-09,127.42140197753906,188.375,190.8999938964844,186.5500030517578,190.75,5702054
2020-07-10,127.28614807128906,188.1750030517578,190.25,185.1750030517578,188.9250030517578,11766114
2020-07-13,128.5037078857422,189.9750061035156,192.1000061035156,187.7250061035156,189.0,10277456
2020-07-14,126.40679168701172,186.875,192.9499969482422,186.0500030517578,189.75,9482614
2020-07-15,125.0031967163086,184.8000030517578,191.1750030517578,184.1000061035156,188.9250030517578,9807552
2020-07-16,133.2218017578125,196.9499969482422,198.125,180.1499938964844,186.375,26616036
2020-07-17,150.09854125976562,221.8999938964844,223.6999969482422,196.0,202.25,107684344
2020-07-20,147.900146484375,218.6499938964844,224.0,217.5500030517578,220.5,28745778
2020-07-21,156.99807739257812,232.1000061035156,240.5,217.6999969482422,218.5,98290940
2020-07-22,152.39840698242188,225.3000030517578,232.4750061035156,223.8500061035156,232.3999938964844,25364622
2020-07-23,154.74896240234375,228.7749938964844,238.6999969482422,221.5249938964844,223.0,72915804
2020-07-24,151.65432739257812,224.1999969482422,231.75,222.6499938964844,226.0,22294340
2020-07-27,154.79969787597656,228.8500061035156,233.3000030517578,222.0,227.0,40099526
2020-07-28,156.0848846435547,230.75,236.8500061035156,228.5,230.5500030517578,30188154
2020-07-29,153.4806671142578,226.8999938964844,233.8249969482422,223.3999938964844,232.0,20079062
2020-07-30,141.74468994140625,209.5500030517578,219.9499969482422,208.0749969482422,217.875,49057034
2020-07-31,139.95217895507812,206.8999938964844,214.0,205.4499969482422,210.5500030517578,22379048
2020-08-03,141.30503845214844,208.8999938964844,214.125,204.0749969482422,207.0,28463794
2020-08-04,138.1765594482422,204.2749938964844,211.5,195.5,209.0249938964844,51231218
2020-08-05,138.8191680908203,205.2250061035156,207.4750061035156,202.5500030517578,204.9499969482422,22069412
2020-08-06,138.5147705078125,204.7749938964844,211.75,203.125,206.0,25134282
2020-08-07,141.9645538330078,209.875,210.6999969482422,205.5249938964844,206.25,18237588
2020-08-10,140.4087677001953,207.5749969482422,212.1999969482422,206.75,210.5,16504844
2020-08-11,145.17758178710938,214.625,216.5,207.8000030517578,208.5,25534582
2020-08-12,142.6578826904297,210.8999938964844,217.0500030517578,210.2250061035156,215.0,18101040
2020-08-13,142.43804931640625,210.5749969482422,213.1000061035156,208.25,210.0,11681234
2020-08-14,139.76617431640625,206.625,213.0,204.3249969482422,213.0,28445040
2020-08-17,137.95672607421875,203.9499969482422,209.3999938964844,201.5500030517578,209.3999938964844,22849152
2020-08-18,136.062744140625,201.1499938964844,205.6750030517578,200.5,205.0,27093554
2020-08-19,136.53622436523438,201.8500061035156,205.4750061035156,198.8249969482422,202.4499969482422,33242206
2020-08-20,139.49559020996094,206.2250061035156,209.9250030517578,200.0500030517578,201.8500061035156,36899472
2020-08-21,138.7008056640625,205.0500030517578,209.5,204.125,209.5,17126912
2020-08-24,138.5824432373047,204.875,208.1499938964844,204.3000030517578,206.6999969482422,13081806
2020-08-25,139.64779663085938,206.4499969482422,209.75,204.1750030517578,205.0,25017896
2020-08-26,138.7008056640625,205.0500030517578,207.8999938964844,204.5,207.0,10814154
2020-08-27,139.66470336914062,206.4750061035156,209.2250061035156,204.75,205.8000030517578,15646796
2020-08-28,140.3749542236328,207.5249938964844,211.0,206.75,207.25,17487384
2020-08-31,137.9229278564453,203.8999938964844,213.1999969482422,201.6000061035156,208.75,37997902
2020-09-01,137.7368927001953,203.625,205.875,200.25,203.9750061035156,12040094
2020-09-02,140.00291442871094,206.9750061035156,207.75,203.1999969482422,204.375,10307040
2020-09-03,139.81687927246094,206.6999969482422,209.3000030517578,205.1499938964844,208.0,8794738
2020-09-04,136.4178466796875,201.6750030517578,205.5,200.3000030517578,204.5,9733000
2020-09-07,135.35247802734375,200.1000061035156,205.5,198.1000061035156,205.5,16616944
2020-09-08,139.37722778320312,206.0500030517578,209.9750061035156,199.75,200.25,37280122
2020-09-09,137.2972412109375,202.9750061035156,204.75,199.5,203.0,13471164
2020-09-10,145.5326690673828,215.1499938964844,216.75,202.75,204.25,50834954
2020-09-11,145.00843811035156,214.375,218.0,211.1750030517578,215.5,25168858
2020-09-14,141.08518981933594,208.5749969482422,214.75,207.0749969482422,212.9499969482422,12050202
2020-09-15,140.1551055908203,207.1999969482422,212.75,206.2250061035156,208.75,16667382
2020-09-16,139.69851684570312,206.5249938964844,210.25,205.6999969482422,207.5,10001736
2020-09-17,140.56094360351562,207.8000030517578,209.5,205.7749938964844,206.5,13708168
2020-09-18,139.3603057861328,206.0249938964844,211.4499969482422,204.8000030517578,210.0,19110716
2020-09-21,135.77525329589844,200.7250061035156,207.8500061035156,199.5249938964844,206.75,11706332
2020-09-22,132.62989807128906,196.0749969482422,201.8999938964844,191.1000061035156,201.5249938964844,15913160
2020-09-23,131.10792541503906,193.8249969482422,198.6000061035156,190.625,198.4499969482422,11588706
2020-09-24,127.59052276611328,188.625,193.0749969482422,187.6750030517578,189.1000061035156,9254902
2020-09-25,127.08321380615234,187.875,190.75,182.6499938964844,189.5,26544582
2020-09-28,130.2624053955078,192.5749969482422,195.2749938964844,187.8500061035156,188.5,14260844
2020-09-29,130.73590087890625,193.2749938964844,197.0,189.0749969482422,197.0,17532748
2020-09-30,119.40577697753906,176.52499389648438,197.25,174.39999389648438,193.75,87189586
2020-10-01,119.49032592773438,176.64999389648438,180.7749938964844,173.75,179.0,32424524
2020-10-05,119.77780151367188,177.0749969482422,179.22500610351562,175.5,176.64999389648438,13176802
2020-10-06,119.0675811767578,176.02499389648438,180.1999969482422,175.10000610351562,178.35000610351562,13773544
2020-10-07,115.75310516357422,171.125,176.85000610351562,170.5,176.5,20549154
2020-10-08,115.00904846191406,170.02499389648438,172.5,168.8000030517578,172.4499969482422,19178934
2020-10-09,116.68317413330078,172.5,175.10000610351562,169.8000030517578,170.25,26861436
2020-10-12,115.53327178955078,170.8000030517578,174.89999389648438,170.22500610351562,173.5,9593558
2020-10-13,114.6877212524414,169.5500030517578,171.85000610351562,169.0,171.1999969482422,10558800
2020-10-14,112.59082794189452,166.4499969482422,169.4499969482422,164.25,168.875,16178274
2020-10-15,110.47698974609376,163.3249969482422,169.35000610351562,162.5,167.0,10821450
2020-10-16,114.97522735595705,169.97500610351562,171.6999969482422,163.75,164.4499969482422,26906266
2020-10-19,117.24121856689452,173.3249969482422,173.89999389648438,170.52499389648438,172.0,14750554
2020-10-20,116.12513732910156,171.6750030517578,174.875,170.8249969482422,172.97500610351562,10486228
2020-10-21,118.22203826904295,174.77499389648438,181.5249938964844,172.5500030517578,180.25,34108526
2020-10-22,118.15442657470705,174.6750030517578,175.39999389648438,172.0,174.35000610351562,11658856
2020-10-23,118.89847564697266,175.77499389648438,177.6750030517578,174.75,174.9499969482422,10095206
2020-10-26,117.0552215576172,173.0500030517578,176.85000610351562,171.27499389648438,175.77499389648438,10164184
2020-10-27,117.91764068603516,174.3249969482422,174.9499969482422,171.02499389648438,173.0,8717246
2020-10-28,116.83539581298828,172.72500610351562,174.8000030517578,171.22500610351562,174.125,7743220
2020-10-29,115.60091400146484,170.89999389648438,173.75,169.10000610351562,172.0,14722436
2020-10-30,119.8792953491211,177.22500610351562,179.72500610351562,171.75,172.4250030517578,33648648
2020-11-02,117.15667724609376,173.1999969482422,177.3249969482422,172.375,176.89999389648438,8690720
2020-11-03,118.6617202758789,175.4250030517578,178.25,174.25,174.25,13322292
2020-11-04,117.98528289794922,174.4250030517578,176.47500610351562,172.10000610351562,175.25,8101954
2020-11-05,123.88710021972656,183.1499938964844,184.375,175.35000610351562,177.35000610351562,27315846
2020-11-06,122.5849838256836,181.2250061035156,185.0249938964844,180.6499938964844,184.0,11623324
2020-11-09,127.01556396484376,187.7749938964844,190.0,182.75,184.125,23414854
2020-11-10,129.4675750732422,191.3999938964844,192.4750061035156,186.0749969482422,188.0,16074814
2020-11-11,133.25559997558594,197.0,199.1999969482422,190.8000030517578,191.3999938964844,22991936
2020-11-12,133.47543334960938,197.3249969482422,197.9499969482422,193.5500030517578,197.5,13222638
2020-11-13,133.25559997558594,197.0,200.1999969482422,191.6000061035156,195.8999938964844,19115708
2020-11-14,139.630859375,206.4250030517578,207.4750061035156,197.625,198.7749938964844,16811038
2020-11-17,133.47543334960938,197.3249969482422,207.5,196.0500030517578,207.5,44296492
2020-11-18,129.55215454101562,191.5249938964844,197.2250061035156,188.6750030517578,197.2250061035156,42174930
2020-11-19,129.77200317382812,191.8500061035156,197.75,191.0249938964844,191.5249938964844,33181436
2020-11-20,129.63671875,191.6499938964844,194.9499969482422,189.2749938964844,193.8500061035156,18928924
2020-11-23,133.40777587890625,197.2250061035156,197.7749938964844,191.5,193.0,18370378
2020-11-24,131.81817626953125,194.875,199.75,194.1750030517578,199.0,14237058
2020-11-25,129.21392822265625,191.0249938964844,196.6999969482422,190.6000061035156,195.5,14976356
2020-11-26,127.84417724609376,189.0,192.3999938964844,187.5249938964844,191.8500061035156,16774012
2020-11-27,126.1531219482422,186.5,191.9499969482422,185.5,190.1999969482422,27707056
2020-12-01,128.2838592529297,189.6499938964844,190.7250061035156,185.5,187.4499969482422,9807172
2020-12-02,130.04257202148438,192.25,195.0,188.9250030517578,190.6499938964844,19302512
2020-12-03,133.2218017578125,196.9499969482422,198.8999938964844,191.3249969482422,193.5,37347498
2020-12-04,132.68060302734375,196.1499938964844,199.3999938964844,194.3999938964844,198.1499938964844,14825638
2020-12-07,133.59381103515625,197.5,202.5,195.7250061035156,196.0749969482422,20185302
2020-12-08,132.054931640625,195.2250061035156,199.5,194.5249938964844,199.5,11461924
2020-12-09,133.64453125,197.5749969482422,199.3999938964844,195.5,196.0749969482422,16825160
2020-12-10,135.048095703125,199.6499938964844,200.75,193.5500030517578,197.5500030517578,14788112
2020-12-11,134.4054718017578,198.6999969482422,203.6999969482422,196.0,200.5,29170228
2020-12-14,137.1280975341797,202.7250061035156,203.0,199.3000030517578,200.75,22254470
2020-12-15,134.8113555908203,199.3000030517578,204.625,198.5500030517578,204.1499938964844,17578662
2020-12-16,135.14955139160156,199.8000030517578,202.9750061035156,199.1499938964844,201.3999938964844,14206982
2020-12-17,133.7290802001953,197.6999969482422,201.2749938964844,197.1499938964844,201.25,12233988
2020-12-18,133.20486450195312,196.9250030517578,199.5,194.625,199.0,13147766
2020-12-21,124.24224090576172,183.6750030517578,196.5,178.8249969482422,196.5,25446600
2020-12-22,125.9840316772461,186.25,187.3000030517578,178.5,183.6750030517578,20183368
2020-12-23,126.62660217285156,187.1999969482422,188.6000061035156,184.6999969482422,186.5,11965506
2020-12-24,127.69197845458984,188.7749938964844,190.625,187.7749938964844,188.1999969482422,12131772
2020-12-28,129.45068359375,191.375,192.25,189.25,190.0,9806128
2020-12-29,129.02792358398438,190.75,192.8000030517578,188.8249969482422,192.25,8034014
2020-12-30,129.48451232910156,191.4250030517578,192.1000061035156,189.3999938964844,191.0,6183434
2020-12-31,128.8926544189453,190.5500030517578,192.2749938964844,189.7749938964844,191.0,8594440
2021-01-01,129.1801300048828,190.9750061035156,192.0,190.1999969482422,190.5500030517578,5723498
2021-01-04,133.71218872070312,197.6750030517578,198.4499969482422,192.25,192.4499969482422,16477784
2021-01-05,132.5791473388672,196.0,197.375,194.5,197.3500061035156,9064136
2021-01-06,130.98956298828125,193.6499938964844,198.4750061035156,191.2749938964844,196.3000030517578,16144720
2021-01-07,132.6467742919922,196.1000061035156,197.5,193.8000030517578,195.5,13121606
2021-01-08,135.33558654785156,200.0749969482422,203.0,197.125,197.5,24755912
2021-01-11,135.87673950195312,200.875,202.375,197.6750030517578,202.0,13668006
2021-01-12,136.14727783203125,201.2749938964844,204.5,198.7250061035156,200.75,16662142
2021-01-13,139.30958557128906,205.9499969482422,212.5,202.3249969482422,203.0,42362294
2021-01-14,144.3151092529297,213.3500061035156,215.0,205.5,206.0,25200192
2021-01-15,140.22276306152344,207.3000030517578,214.75,205.6499938964844,214.6999969482422,17655902
2021-01-18,138.5147705078125,204.7749938964844,208.4499969482422,201.0,207.0,16787164
2021-01-19,139.8338165283203,206.7250061035156,209.0,204.125,206.5,11094214
2021-01-20,139.96910095214844,206.9250030517578,208.4499969482422,204.625,207.5,9874786
2021-01-21,138.0919952392578,204.1499938964844,211.5,202.5500030517578,207.5,17536476
2021-01-22,133.9488983154297,198.0249938964844,206.4750061035156,197.4750061035156,204.5,15404838
2021-01-25,130.98956298828125,193.6499938964844,201.4250030517578,192.3500061035156,200.0,12060426
2021-01-27,128.72354125976562,190.3000030517578,195.125,189.875,192.7749938964844,12066876
2021-01-28,129.9748992919922,192.1499938964844,194.8500061035156,188.125,188.5,16311766
2021-01-29,129.7381591796875,191.8000030517578,198.2749938964844,190.6750030517578,194.9499969482422,16517910
2021-02-01,132.9173583984375,196.5,198.9499969482422,190.3000030517578,194.0,27876736
2021-02-02,137.99053955078125,204.0,205.5,196.625,198.375,17753676
2021-02-03,140.32421875,207.4499969482422,208.5,201.1750030517578,202.5,17018506
2021-02-04,141.55868530273438,209.2749938964844,211.25,205.2749938964844,206.8000030517578,15198682
2021-02-05,140.35804748535156,207.5,211.1499938964844,206.5500030517578,210.25,7722568
2021-02-08,142.06600952148438,210.0249938964844,212.1999969482422,208.0,210.0,12645654
2021-02-09,141.82923889160156,209.6750030517578,219.0249938964844,208.3249969482422,215.5,45154044
2021-02-10,140.6285858154297,207.8999938964844,212.4750061035156,204.5249938964844,211.1000061035156,19160592
2021-02-11,142.7086181640625,210.9750061035156,211.4250030517578,207.1499938964844,207.5,11459318
2021-02-12,141.40647888183594,209.0500030517578,212.9250030517578,207.3000030517578,211.5,10941890
2021-02-15,141.7108612060547,209.5,212.4499969482422,208.5,211.3999938964844,11037552
2021-02-16,141.3557586669922,208.9750061035156,211.3000030517578,208.1000061035156,208.8999938964844,10795324
2021-02-17,144.7845916748047,205.8500061035156,206.9499969482422,200.7749938964844,202.25,17178862
2021-02-18,151.99395751953125,216.1000061035156,217.1750030517578,205.3500061035156,207.6750030517578,41510988
2021-02-19,151.22024536132812,215.0,222.3999938964844,211.75,218.5,48892610
2021-02-22,148.6002655029297,211.2749938964844,217.625,209.0,214.6499938964844,19380682
2021-02-23,153.0665283203125,217.625,221.3500061035156,212.8999938964844,214.0,28795656
2021-02-24,154.2798309326172,219.3500061035156,222.5,218.0500030517578,220.0,11981366
2021-02-25,162.31558227539062,230.7749938964844,233.8999938964844,220.9250030517578,220.9750061035156,37621658
2021-02-26,158.20098876953125,224.9250030517578,233.1750030517578,220.125,227.4750061035156,36883078
2021-03-01,160.10003662109375,227.625,231.9250030517578,225.0500030517578,228.0,12185500
2021-03-02,164.93556213378906,234.5,241.1999969482422,231.0,237.25,53200666
2021-03-03,164.00364685058594,233.1750030517578,240.0,231.1499938964844,240.0,17675284
2021-03-04,163.1420440673828,231.9499969482422,236.3249969482422,229.625,231.0,12556622
2021-03-05,162.4034881591797,230.8999938964844,237.2250061035156,229.0500030517578,231.5,17793026
2021-03-08,164.12672424316406,233.3500061035156,236.4750061035156,230.8999938964844,231.0,11349538
2021-03-09,156.81187438964844,222.9499969482422,227.0,218.6750030517578,223.1000061035156,399581906
2021-03-10,156.6711883544922,222.75,225.9499969482422,221.0249938964844,225.5,23491604
2021-03-12,160.90887451171875,228.7749938964844,232.0,225.5,228.5,52792772
2021-03-15,161.9639129638672,230.2749938964844,232.5,225.6499938964844,232.2250061035156,33839076
2021-03-16,159.60769653320312,226.9250030517578,232.8000030517578,226.0249938964844,232.2749938964844,30782874
2021-03-17,151.94117736816406,216.0249938964844,223.3500061035156,215.0500030517578,221.0,57699598
2021-03-18,150.1300506591797,213.4499969482422,219.25,211.8999938964844,217.5,26361962
2021-03-19,152.2576904296875,216.4750061035156,219.1999969482422,209.6000061035156,213.0,26622950
2021-03-22,154.5084228515625,219.6750030517578,221.0,217.1750030517578,219.125,27343862
2021-03-23,153.50616455078125,218.25,221.1000061035156,217.5500030517578,220.9499969482422,17089478
2021-03-24,151.2026824951172,214.9750061035156,218.25,214.3249969482422,217.4750061035156,10317086
2021-03-25,149.0677947998047,209.4750061035156,213.6000061035156,207.5500030517578,213.2250061035156,20898974
2021-03-26,150.935791015625,212.1000061035156,215.8999938964844,210.6999969482422,212.9499969482422,19204862
2021-03-30,153.28416442871094,215.3999938964844,216.9499969482422,210.75,214.4499969482422,17153798
2021-03-31,152.27011108398438,213.9750061035156,215.5749969482422,212.75,215.25,10018670
2021-04-01,155.6325225830078,218.6999969482422,219.9750061035156,214.0249938964844,215.3000030517578,9156394
2021-04-05,152.30567932128906,214.0249938964844,218.5,210.5500030517578,217.0500030517578,11510442
2021-04-06,152.32350158691406,214.0500030517578,216.8500061035156,212.1499938964844,215.0,9190874
2021-04-07,152.35906982421875,214.1000061035156,215.75,213.75,214.5,7430944
2021-04-08,153.19520568847656,215.2749938964844,218.0,214.6499938964844,214.7749938964844,6708234
2021-04-09,151.43394470214844,212.8000030517578,216.125,212.25,215.0,8179184
2021-04-12,143.73060607910156,201.9750061035156,209.6999969482422,201.0,208.9750061035156,12368094
2021-04-13,145.66976928710938,204.6999969482422,206.25,201.1000061035156,202.5,8064312
2021-04-15,144.05084228515625,202.4250030517578,208.1999969482422,201.6499938964844,204.5,14440358
2021-04-16,147.23533630371094,206.8999938964844,211.4750061035156,202.1499938964844,202.5,22292626
2021-04-19,145.43850708007812,204.375,206.1999969482422,200.0,202.5,11256462
2021-04-20,145.20721435546875,204.0500030517578,207.2250061035156,203.0500030517578,205.9499969482422,7026888
2021-04-22,148.8542938232422,209.1750030517578,210.6499938964844,201.75,202.5,15611348
2021-04-23,150.526611328125,211.5249938964844,212.4750061035156,208.0,208.6499938964844,47680532
2021-04-26,149.0500030517578,209.4499969482422,214.1750030517578,208.7749938964844,213.0,12888196
2021-04-27,149.56593322753906,210.1750030517578,211.5500030517578,208.2749938964844,208.75,10816330
2021-04-28,148.5518341064453,208.75,212.1750030517578,207.4499969482422,211.0,19805066
2021-04-29,149.28128051757812,209.7749938964844,211.5,208.5,211.0,13265608
2021-04-30,150.08184814453125,210.8999938964844,218.75,207.3249969482422,208.75,33702940
2021-05-03,148.0181427001953,208.0,214.5249938964844,207.6999969482422,209.5,16118782
2021-05-04,149.95733642578125,210.7250061035156,214.7250061035156,209.25,210.4499969482422,19987878
2021-05-05,151.14930725097656,212.3999938964844,215.8000030517578,210.5,211.0249938964844,13778662
2021-05-06,154.4227752685547,217.0,217.5,212.0749969482422,214.0,12787288
2021-05-07,157.67845153808594,221.5749969482422,223.5,214.0,217.5249938964844,24054728
2021-05-10,161.43228149414062,226.8500061035156,227.5,222.5,224.5,19405820
2021-05-11,164.4744873046875,231.125,232.0,223.4499969482422,224.8000030517578,21695878
2021-05-12,159.84890747070312,224.625,234.0,223.25,232.0,15235594
2021-05-14,157.35821533203125,221.125,226.75,219.5500030517578,226.75,9799430
2021-05-17,157.85638427734375,221.8249969482422,223.2749938964844,219.0500030517578,222.5,6063462
2021-05-18,159.5642547607422,224.2250061035156,226.1999969482422,221.3500061035156,223.6000061035156,9934246
2021-05-19,158.85263061523438,223.2250061035156,227.1499938964844,221.125,225.0,16215214
2021-05-20,161.82366943359375,227.3999938964844,228.9250030517578,220.75,224.0,18799814
2021-05-21,164.04751586914062,230.5249938964844,234.0,229.5249938964844,231.5,23987738
2021-05-24,168.24610900878906,236.4250030517578,237.2749938964844,230.3000030517578,233.4750061035156,22941220
2021-05-25,168.79762268066406,237.1999969482422,239.5,234.5,238.3999938964844,21199352
2021-05-26,168.0148162841797,236.1000061035156,240.3500061035156,234.25,239.3249969482422,25944614
2021-05-27,166.467041015625,233.9250030517578,244.0,233.0,242.5,102988808
2021-05-28,167.76576232910156,235.75,239.9499969482422,234.25,237.5,29313704
2021-05-31,167.9436798095703,236.0,236.7250061035156,234.1499938964844,236.7250061035156,13495562
2021-06-01,167.53448486328125,235.4250030517578,238.3500061035156,235.0500030517578,236.6999969482422,8869530
2021-06-02,168.88653564453125,237.3249969482422,237.7250061035156,234.5,235.0,12676710
2021-06-03,168.6197052001953,236.9499969482422,239.1999969482422,236.5500030517578,237.25,12184524
2021-06-04,170.16748046875,239.125,241.3999938964844,237.0249938964844,237.3999938964844,17759466
2021-06-07,171.28829956054688,240.6999969482422,242.6999969482422,239.375,240.3999938964844,12523390
2021-06-08,173.44100952148438,243.7250061035156,244.8500061035156,238.125,241.8999938964844,15198964
2021-06-09,172.5870361328125,242.5249938964844,246.9499969482422,240.75,246.0,18980362
2021-06-10,172.05328369140625,241.7749938964844,243.75,241.375,243.125,7388634
2021-06-11,172.0710906982422,241.8000030517578,244.75,240.8500061035156,242.8500061035156,7438508
2021-06-14,172.10667419433594,241.8500061035156,242.5,238.0,241.9750061035156,7237652
2021-06-15,171.46620178222656,240.9499969482422,243.625,240.3999938964844,242.5,6507360
2021-06-16,171.23495483398438,240.625,242.4499969482422,239.5249938964844,241.7250061035156,7994924
2021-06-17,169.6871337890625,238.4499969482422,241.4499969482422,238.1499938964844,238.9750061035156,6651076
2021-06-18,168.06820678710938,236.1750030517578,240.0500030517578,233.375,240.0,10583776
2021-06-21,169.02890014648438,237.5249938964844,237.8999938964844,234.25,235.8500061035156,5397088
2021-06-22,168.53076171875,236.8249969482422,239.375,236.3999938964844,238.75,5553420
2021-06-23,167.0897216796875,234.8000030517578,237.5,234.5749969482422,237.0,4927558
2021-06-24,165.8443603515625,233.0500030517578,235.25,232.5500030517578,234.75,8462210
2021-06-25,167.2498016357422,235.0249938964844,236.0500030517578,233.1000061035156,234.1999969482422,5904240
2021-06-28,166.21798706054688,233.5749969482422,236.0,233.2749938964844,235.5,4334320
2021-06-29,165.8977508544922,233.125,234.75,232.5,234.5,5921594
2021-06-30,166.5559844970703,234.0500030517578,235.3249969482422,233.0,233.5,5924634
2021-07-01,164.65240478515625,231.375,234.4499969482422,231.0,234.0500030517578,5757026
2021-07-02,164.65240478515625,231.375,232.8000030517578,230.5249938964844,231.5,4769492
2021-07-05,163.5671844482422,229.8500061035156,233.75,229.25,232.4750061035156,11190174
2021-07-06,162.9800567626953,229.0249938964844,231.5,228.8000030517578,230.0,7749392
2021-07-07,163.85182189941406,230.25,230.6999969482422,226.2250061035156,229.0249938964844,6000580
2021-07-08,163.033447265625,229.1000061035156,232.6999969482422,228.2749938964844,230.0749969482422,6426778
2021-07-09,162.57089233398438,228.4499969482422,229.25,226.6499938964844,228.0500030517578,7058662
2021-07-12,160.4716033935547,225.5,229.6499938964844,225.0249938964844,228.8000030517578,7393710
2021-07-13,160.20472717285156,225.125,227.5,224.875,226.375,7409874
2021-07-14,159.65321350097656,224.3500061035156,226.5500030517578,224.1000061035156,225.5,4936524
2021-07-15,159.06614685058594,223.5249938964844,225.375,222.5249938964844,224.6499938964844,6617550
2021-07-16,159.40414428710938,224.0,225.5249938964844,222.8999938964844,224.5249938964844,6726604
2021-07-19,161.5034637451172,226.9499969482422,229.5,222.6000061035156,223.0,14737948
2021-07-20,161.46786499023438,226.8999938964844,229.0,224.5,228.3999938964844,7689016
2021-07-22,163.99415588378906,230.4499969482422,231.9750061035156,226.5,227.4750061035156,13532496
2021-07-23,164.1542510986328,230.6750030517578,232.8999938964844,229.6499938964844,232.3999938964844,6954808
2021-07-26,162.2506561279297,228.0,231.2749938964844,227.5500030517578,230.9499969482422,5177476
2021-07-27,161.28994750976562,226.6499938964844,230.1999969482422,226.125,228.0,4635256
2021-07-28,161.3433380126953,226.7250061035156,227.75,225.1499938964844,226.8000030517578,4411220
2021-07-29,159.79556274414062,224.5500030517578,227.0749969482422,224.25,226.0,5979220
2021-07-30,158.5146026611328,222.75,227.1000061035156,222.4499969482422,224.6000061035156,13531870
2021-08-02,162.89109802246094,228.8999938964844,229.9499969482422,223.25,224.0249938964844,9965680
2021-08-03,164.8836669921875,231.6999969482422,232.4750061035156,228.25,230.3500061035156,7855132
2021-08-04,162.6598358154297,228.5749969482422,232.5,228.0500030517578,231.5,5192276
2021-08-05,161.36109924316406,226.75,229.3000030517578,225.5749969482422,228.0500030517578,7099910
2021-08-06,162.1083221435547,227.8000030517578,231.5,227.0,227.0,8118604
2021-08-09,161.0052947998047,226.25,229.5,225.3500061035156,228.75,4555246
2021-08-10,158.22998046875,222.3500061035156,227.4499969482422,221.375,227.25,7098198
2021-08-11,160.11578369140625,225.0,225.7749938964844,220.2749938964844,223.0,10635072
2021-08-12,159.45751953125,224.0749969482422,227.6999969482422,221.0500030517578,226.0,12567714
2021-08-13,161.85926818847656,227.4499969482422,229.4250030517578,224.1499938964844,225.0,14232032
2021-08-16,165.09715270996094,232.0,233.8000030517578,227.5249938964844,229.25,17964436
2021-08-17,165.45298767089844,232.5,234.875,230.5,232.9250030517578,14363500
2021-08-18,164.91928100585938,231.75,233.4750061035156,230.5249938964844,233.4750061035156,7947234
2021-08-20,161.96600341796875,227.6000061035156,232.75,226.5,230.8999938964844,12114818
2021-08-23,160.7206573486328,225.8500061035156,229.8249969482422,224.0500030517578,229.3500061035156,7925892
2021-08-24,162.3929901123047,228.1999969482422,229.625,226.4250030517578,226.5,7248688
2021-08-25,163.92298889160156,230.3500061035156,232.1999969482422,228.625,229.0,9704266
2021-08-26,166.0756378173828,233.375,235.6999969482422,229.3000030517578,230.3000030517578,14847298
2021-08-27,167.69459533691406,235.6499938964844,236.8500061035156,233.0749969482422,234.5249938964844,12536762
2021-08-30,168.1393585205078,236.2749938964844,237.4499969482422,235.8000030517578,237.4499969482422,9029840
2021-08-31,167.8191375732422,235.8249969482422,237.9250030517578,234.1750030517578,236.5,18002472
2021-09-01,169.7227020263672,238.5,239.6999969482422,236.1000061035156,236.625,10439002
2021-09-02,170.718994140625,239.8999938964844,240.7749938964844,238.5,239.0,8362628
2021-09-03,174.81085205078125,245.6499938964844,247.0,240.1000061035156,241.5,16372070
2021-09-06,174.6329345703125,245.3999938964844,248.25,245.0,247.9750061035156,13979558
2021-09-07,171.4840087890625,240.9750061035156,246.75,240.5,245.3500061035156,13420280
2021-09-08,174.18820190429688,244.7749938964844,246.5,240.9499969482422,242.0,13609662
2021-09-09,174.7574920654297,245.5749969482422,246.0,243.875,244.9499969482422,9084984
2021-09-13,177.2303924560547,249.0500030517578,249.625,245.75,247.0,21460684
2021-09-14,175.45130920410156,246.5500030517578,251.5,245.25,250.5,24182782
2021-09-15,174.33050537109375,244.9750061035156,247.4750061035156,244.0500030517578,247.0,22748506
2021-09-16,177.19598388671875,219.5249938964844,221.0249938964844,217.7749938964844,218.75,34750954
2021-09-17,176.06593322753906,218.125,221.0,216.0500030517578,220.5,24016408
2021-09-20,169.66903686523438,210.1999969482422,216.8249969482422,209.4750061035156,215.5249938964844,14744276
2021-09-21,167.00534057617188,206.8999938964844,211.9499969482422,206.3999938964844,209.9499969482422,22963476
2021-09-22,169.56813049316406,210.0749969482422,210.75,207.25,207.25,9640070
2021-09-23,169.48741149902344,209.9750061035156,212.1499938964844,208.5749969482422,211.5749969482422,11769116
2021-09-24,167.40895080566406,207.3999938964844,211.625,206.0249938964844,210.5,12674828
2021-09-27,169.74977111816406,210.3000030517578,211.25,208.2749938964844,209.2250061035156,9778866
2021-09-28,173.38206481933594,214.8000030517578,215.125,211.5,212.1499938964844,18266942
2021-09-29,176.3282470703125,218.4499969482422,219.0,213.0,214.75,15251714
2021-09-30,174.43138122558594,216.1000061035156,220.1999969482422,215.5,219.8999938964844,8934732
2021-10-01,174.77444458007812,216.5249938964844,218.8000030517578,214.5,215.9499969482422,5489980
2021-10-04,175.90447998046875,217.9250030517578,219.0,216.75,217.0,5362228
2021-10-05,179.1332244873047,221.9250030517578,222.75,217.8500061035156,217.9250030517578,18020292
2021-10-06,180.48524475097656,223.6000061035156,225.9750061035156,222.5749969482422,223.5,16248822
2021-10-07,181.2924346923828,224.6000061035156,226.0,224.0,225.75,7445114
2021-10-08,181.39334106445312,224.7250061035156,226.0,222.3000030517578,225.75,6019304
2021-10-11,183.3910675048828,227.1999969482422,227.5749969482422,224.75,225.0,11833332
2021-10-12,183.73411560058597,227.625,228.6000061035156,225.5500030517578,227.1750030517578,10923204
2021-10-13,185.1063537597656,229.3249969482422,230.1999969482422,226.6499938964844,228.5,14072722
2021-10-14,185.36866760253903,229.6499938964844,231.1000061035156,229.0,230.0,7894780
2021-10-18,186.66018676757807,231.25,235.0,230.5249938964844,235.0,8784646
2021-10-19,182.8462371826172,226.5249938964844,232.5,224.9750061035156,231.9499969482422,10805314
2021-10-20,178.02334594726562,220.5500030517578,226.4499969482422,218.1750030517578,226.0,13086926
2021-10-21,182.0390625,225.5249938964844,227.0,221.5249938964844,222.625,19775152
2021-10-22,180.5054168701172,223.625,226.5,221.25,225.5,7829992
2021-10-25,174.2296142578125,215.8500061035156,224.1999969482422,214.9250030517578,223.5,14550354
2021-10-26,173.96726989746094,215.5249938964844,218.4750061035156,214.0249938964844,215.5,9945226
2021-10-27,172.61524963378906,213.8500061035156,217.25,213.5,216.7250061035156,6737796
2021-10-28,169.83047485351562,210.3999938964844,215.5,209.5249938964844,214.5,7242482
2021-10-29,168.579345703125,208.8500061035156,212.5,206.8000030517578,209.5,12075018
2021-11-01,170.1735382080078,210.8249969482422,214.0,209.9499969482422,214.0,11652400
2021-11-02,167.95379638671875,208.0749969482422,211.9499969482422,207.8000030517578,211.5,8099346
2021-11-03,167.4492950439453,207.4499969482422,210.7749938964844,207.1000061035156,209.0,10516486
2021-11-04,169.40672302246094,209.875,210.125,209.0500030517578,209.9250030517578,1975024
2021-11-08,174.24978637695312,215.875,216.375,210.7250061035156,212.0,11870418
2021-11-09,173.74530029296875,215.25,216.375,213.5,216.3500061035156,5867180
2021-11-10,174.0479736328125,215.625,217.0,215.0749969482422,216.0,6565108
2021-11-11,173.66006469726562,212.6499938964844,213.625,211.0249938964844,212.9750061035156,6633538
2021-11-12,174.64004516601562,213.8500061035156,215.0,213.1750030517578,214.0,4288924
2021-11-15,174.08880615234375,213.1750030517578,215.0249938964844,212.3249969482422,213.9499969482422,3839888
2021-11-16,171.4551239013672,209.9499969482422,213.2749938964844,209.0749969482422,213.0,5533442
2021-11-17,168.96434020996094,206.8999938964844,210.375,206.1000061035156,210.25,7538798
2021-11-18,165.49359130859375,202.6499938964844,207.8249969482422,202.5,206.75,9990796
2021-11-22,161.53286743164062,197.8000030517578,203.9499969482422,196.5500030517578,203.0,10565788
2021-11-23,162.34951782226562,198.8000030517578,200.6499938964844,197.0249938964844,197.5,6765412
2021-11-24,164.69737243652344,201.6750030517578,204.6499938964844,199.3999938964844,200.5500030517578,8482816
2021-11-25,163.37033081054688,200.0500030517578,202.1999969482422,199.0,202.0,6323818
2021-11-26,153.87677001953125,188.4250030517578,198.6000061035156,187.5,198.5749969482422,20046662
2021-11-29,150.03854370117188,183.7250061035156,190.0,183.5,189.5,15037552
2021-11-30,151.07977294921875,185.0,189.75,184.0,185.0,18393470
2021-12-01,150.5693817138672,184.375,187.9750061035156,182.8999938964844,186.375,13057566
2021-12-02,154.6934356689453,189.4250030517578,189.9750061035156,184.5249938964844,185.0,12449776
2021-12-03,157.57211303710938,192.9499969482422,194.1999969482422,190.6499938964844,191.25,17313246
2021-12-06,156.57171630859375,191.7250061035156,194.6999969482422,190.5,193.6750030517578,8919812
2021-12-07,158.3479461669922,193.8999938964844,194.375,192.625,192.9499969482422,7275406
2021-12-08,159.7158203125,195.5749969482422,196.125,194.5749969482422,194.75,7187328
2021-12-09,160.7774658203125,196.875,200.75,196.1499938964844,197.125,12970082
2021-12-10,162.08409118652344,198.4750061035156,198.9499969482422,195.5,196.75,4565918
2021-12-13,160.20579528808594,196.1750030517578,200.25,195.5249938964844,199.4750061035156,5199416
2021-12-14,159.9199676513672,195.8249969482422,196.4750061035156,194.5500030517578,196.4750061035156,6582798
2021-12-15,156.91880798339844,192.1499938964844,196.1999969482422,191.5500030517578,195.5,11115184
2021-12-16,159.6750030517578,195.5249938964844,196.0,192.2250061035156,193.25,7909366
2021-12-17,157.08213806152344,192.3500061035156,197.2749938964844,191.0500030517578,196.5,16049722
2021-12-20,146.99655151367188,180.0,190.4250030517578,179.5,190.4250030517578,22510560
2021-12-21,148.7115020751953,182.1000061035156,182.9499969482422,178.6999969482422,182.1999969482422,12855558
2021-12-22,152.08018493652344,186.2250061035156,186.8999938964844,182.6000061035156,183.0,10045244
2021-12-23,154.0809326171875,188.6750030517578,189.125,186.0,187.3999938964844,10693866
2021-12-24,151.9576416015625,186.0749969482422,189.6000061035156,185.1499938964844,189.6000061035156,6287570
2021-12-27,152.87640380859375,187.1999969482422,187.5749969482422,183.75,185.4750061035156,4632660
2021-12-28,155.3263397216797,190.1999969482422,190.6999969482422,187.5,187.8999938964844,6449486
2021-12-29,155.61216735839844,190.5500030517578,191.4250030517578,188.5749969482422,190.5,8260658
2021-12-30,154.3259735107422,188.9750061035156,192.6499938964844,188.0,192.0,12171414
2021-12-31,157.3883819580078,192.7250061035156,193.6999969482422,188.25,188.25,7780656
2022-01-03,157.65377807617188,193.0500030517578,193.5,192.0,192.0,6468384
2022-01-04,157.5925750732422,192.9750061035156,196.875,192.375,194.0,11799296
2022-01-05,161.1653594970703,197.3500061035156,198.25,191.7250061035156,192.4750061035156,13483996
2022-01-06,161.61453247070312,197.8999938964844,198.3249969482422,195.3000030517578,198.0,8237148
2022-01-07,161.7778778076172,198.1000061035156,201.4499969482422,197.5,199.0,11914426
2022-01-10,162.32908630371094,198.7749938964844,199.8500061035156,197.8000030517578,199.5,4179728
2022-01-11,159.7158203125,195.5749969482422,199.3999938964844,195.0749969482422,199.3999938964844,6854016
2022-01-12,158.71543884277344,194.3500061035156,197.9750061035156,193.2749938964844,197.25,9246820
2022-01-13,161.08370971679688,197.25,198.7749938964844,193.625,195.1000061035156,8491424
2022-01-14,162.69659423828125,199.2250061035156,199.9750061035156,196.25,197.5,6915504
2022-01-17,163.55406188964844,200.2749938964844,202.1999969482422,199.3000030517578,200.5,9671610
2022-01-18,162.55368041992188,199.0500030517578,203.4499969482422,198.1750030517578,200.8999938964844,13220496
2022-01-19,161.0224609375,197.1750030517578,200.75,196.5,198.0,10347976
2022-01-20,160.49163818359375,196.5249938964844,198.7749938964844,195.1000061035156,197.5,6495234
2022-01-21,155.85716247558594,190.8500061035156,198.0249938964844,190.0,196.8999938964844,10310538
2022-01-24,152.34559631347656,186.5500030517578,191.9250030517578,185.0500030517578,190.6999969482422,10668074
2022-01-25,156.2042236328125,191.2749938964844,191.8999938964844,184.0,186.0500030517578,9905300
2022-01-27,156.06134033203125,191.1000061035156,192.625,187.5,192.5,11474790
2022-01-28,156.18380737304688,191.25,196.75,190.6750030517578,192.4750061035156,8089918
2022-01-31,162.1249237060547,198.5249938964844,199.8999938964844,193.9750061035156,195.0,13928184
2022-02-01,154.6934356689453,189.4250030517578,197.5,188.0,197.5,25515398
2022-02-02,156.02047729492188,191.0500030517578,192.8000030517578,189.6750030517578,192.5,11701576
2022-02-03,153.95843505859375,188.5249938964844,192.4499969482422,188.25,192.0,10658294
2022-02-04,153.38677978515625,187.8249969482422,190.0,187.0249938964844,188.5749969482422,8957710
2022-02-07,152.08018493652344,186.2250061035156,189.1999969482422,185.0500030517578,189.0,8189026
2022-02-08,154.1013641357422,188.6999969482422,189.25,185.3249969482422,187.1999969482422,6909612
2022-02-09,153.36639404296875,187.8000030517578,191.0,187.3500061035156,190.0,9292356
2022-02-10,152.97323608398438,184.8249969482422,186.75,184.25,186.3500061035156,12283058
2022-02-11,152.93186950683594,184.7749938964844,187.25,182.5,184.8249969482422,11262552
2022-02-14,149.68328857421875,180.8500061035156,182.9250030517578,180.2749938964844,182.5,10196386
2022-02-15,152.66287231445312,184.4499969482422,184.875,178.3000030517578,181.0249938964844,11049572
2022-02-16,154.81478881835938,187.0500030517578,189.1999969482422,185.1499938964844,185.5,10889816
2022-02-17,154.3595733642578,186.5,188.625,185.5,187.9750061035156,5224320
2022-02-18,154.42166137695312,186.5749969482422,187.9750061035156,185.7250061035156,185.7250061035156,4420434
2022-02-21,152.60081481933594,184.375,186.5,182.5249938964844,186.5,6207542
2022-02-22,147.03475952148438,177.64999389648438,182.2250061035156,174.64999389648438,180.0,14106162
2022-02-23,147.77964782714844,178.5500030517578,180.3999938964844,178.10000610351562,179.25,5636142
2022-02-24,137.82696533203125,166.52499389648438,176.0,165.5500030517578,174.5,14094970
2022-02-25,139.19261169433594,168.1750030517578,170.75,166.0749969482422,170.0,11679020
2022-02-28,144.75865173339844,174.89999389648438,175.64999389648438,166.0,167.6750030517578,19146282
2022-03-02,141.57217407226562,171.0500030517578,178.35000610351562,169.89999389648438,173.25,15469204
2022-03-03,143.35162353515625,173.1999969482422,177.0,171.6750030517578,173.6999969482422,12825706
2022-03-04,144.1586151123047,174.1750030517578,175.75,171.5,173.97500610351562,15557860
2022-03-07,139.87542724609375,169.0,173.5,165.89999389648438,173.5,19936000
2022-03-08,141.365234375,170.8000030517578,171.5,166.35000610351562,168.89999389648438,12880560
2022-03-09,141.79977416992188,171.3249969482422,173.8249969482422,168.85000610351562,172.25,13563906
2022-03-10,144.42759704589844,174.5,177.0,172.75,176.0,18109208
2022-03-11,149.80743408203125,181.0,181.8500061035156,175.125,175.5,16557604
2022-03-14,148.83493041992188,179.8249969482422,180.5,176.1750030517578,179.89999389648438,16449824
2022-03-15,144.965576171875,175.14999389648438,180.75,174.0500030517578,180.5249938964844,12130866
2022-03-16,147.44857788085938,178.14999389648438,178.85000610351562,175.0749969482422,176.75,9444984
2022-03-17,150.71786499023438,182.1000061035156,183.1000061035156,178.9250030517578,179.8000030517578,22827672
2022-03-21,147.82102966308594,178.60000610351562,183.6499938964844,178.14999389648438,180.0,12369650
2022-03-22,152.45594787597656,184.1999969482422,184.8500061035156,178.35000610351562,179.4250030517578,14934378
2022-03-23,151.7110595703125,183.3000030517578,185.8000030517578,182.5,185.4499969482422,12475458
2022-03-24,150.05572509765625,181.3000030517578,183.8999938964844,180.3999938964844,183.0,9696758
2022-03-25,149.10391235351562,180.1499938964844,182.2749938964844,179.0500030517578,181.0,7259104
2022-03-28,148.85560607910156,179.85000610351562,181.4250030517578,178.14999389648438,180.0,11624382
2022-03-29,148.3383331298828,179.22500610351562,181.1999969482422,178.97500610351562,181.0,11417328
2022-03-30,149.0004425048828,180.02499389648438,181.1999969482422,179.60000610351562,180.25,8247132
2022-03-31,148.7107696533203,179.6750030517578,182.25,179.39999389648438,180.5,11007364
2022-04-01,154.93894958496094,187.1999969482422,187.5,180.7749938964844,180.7749938964844,12772330
2022-04-04,157.33920288085938,190.1000061035156,190.625,186.1000061035156,187.1999969482422,14714720
2022-04-05,157.25640869140625,190.0,191.0,188.2749938964844,190.5,6622344
2022-04-06,159.65664672851562,192.8999938964844,193.2250061035156,188.7250061035156,189.5,11686350
2022-04-07,157.5874481201172,190.3999938964844,193.6499938964844,189.75,192.4250030517578,6693770
2022-04-08,159.1393280029297,192.2749938964844,193.3999938964844,190.5500030517578,191.3999938964844,8380548
2022-04-11,160.7119140625,194.1750030517578,195.0749969482422,192.3999938964844,192.5749969482422,4778320
2022-04-12,157.5047149658203,190.3000030517578,193.8000030517578,188.625,193.4750061035156,4891948
2022-04-13,156.84259033203125,189.5,191.9750061035156,188.8500061035156,190.0,6523924
2022-04-18,153.84228515625,185.875,189.5,185.5249938964844,189.5,5585346
2022-04-19,155.53900146484375,187.9250030517578,191.9250030517578,186.5,186.9499969482422,11592654
2022-04-20,161.37405395507812,194.9750061035156,196.1499938964844,188.1750030517578,189.8999938964844,17136378
2022-04-21,164.5812530517578,198.8500061035156,199.3999938964844,195.0,197.5,15955692
2022-04-22,162.80177307128906,196.6999969482422,198.625,195.75,197.5,8821478
2022-04-25,152.9939422607422,184.8500061035156,192.9750061035156,184.3999938964844,192.5,20815928
2022-04-26,154.2975311279297,186.4250030517578,187.6999969482422,184.5749969482422,186.6999969482422,6278956
2022-04-27,151.66966247558594,183.25,185.8000030517578,182.1499938964844,184.0,6163612
2022-04-28,152.84909057617188,184.6750030517578,185.8500061035156,182.5749969482422,185.8500061035156,6573278
2022-04-29,150.05572509765625,181.3000030517578,186.3500061035156,180.5749969482422,185.0,6718850
2022-05-02,151.64898681640625,183.2250061035156,183.9750061035156,178.8249969482422,180.0500030517578,6400476
2022-05-04,150.40750122070312,181.7250061035156,185.6999969482422,179.75,183.2250061035156,5737094
2022-05-05,149.39358520507812,180.5,184.375,180.0500030517578,183.0249938964844,3695092
2022-05-06,147.86241149902344,178.64999389648438,179.89999389648438,176.5,178.5,4697742
2022-05-09,146.2484588623047,176.6999969482422,179.14999389648438,174.89999389648438,177.85000610351562,5048780
2022-05-10,146.26914978027344,176.72500610351562,179.0,175.6999969482422,176.75,5909904
2022-05-11,143.64134216308594,173.5500030517578,179.72500610351562,172.375,177.5,7774130
2022-05-12,140.6824188232422,169.97500610351562,173.22500610351562,168.10000610351562,172.5,7716626
2022-05-13,139.44093322753906,168.47500610351562,172.64999389648438,168.0,170.6999969482422,4515592
2022-05-16,139.08917236328125,168.0500030517578,169.8249969482422,166.85000610351562,169.5749969482422,3884304
2022-05-17,141.71697998046875,171.22500610351562,171.47500610351562,167.0749969482422,168.0,9596420
2022-05-18,137.35107421875,165.9499969482422,173.60000610351562,165.5,168.22500610351562,15314616
2022-05-19,135.17845153808594,163.3249969482422,164.97500610351562,162.0,164.89999389648438,10187938
2022-05-20,137.72349548339844,166.39999389648438,167.4250030517578,164.0,166.0,6393394
2022-05-23,137.43382263183594,166.0500030517578,168.0749969482422,163.5,166.39999389648438,8792862
2022-05-24,136.60618591308594,165.0500030517578,167.27499389648438,164.25,166.0500030517578,5891438
2022-05-25,134.97154235839844,163.0749969482422,166.75,162.5749969482422,166.1999969482422,8163646
2022-05-26,134.22662353515625,162.1750030517578,162.75,156.10000610351562,162.5,16061314
2022-05-27,133.3989715576172,161.1750030517578,164.5,159.10000610351562,162.3000030517578,9751704
2022-05-30,136.21302795410156,164.5749969482422,165.39999389648438,161.0,162.25,7101016
2022-05-31,134.99220275878906,163.10000610351562,165.35000610351562,162.5,165.0,20841502
2022-06-01,134.9094696044922,163.0,165.9250030517578,162.0500030517578,164.0,13381064
2022-06-02,136.29579162597656,164.6750030517578,167.125,161.27499389648438,163.5,16113808
2022-06-03,135.79916381835938,164.0749969482422,166.0,163.5500030517578,165.3000030517578,9938986
2022-06-06,132.15745544433594,159.6750030517578,163.9499969482422,159.14999389648438,163.75,9345428
2022-06-07,132.52992248535156,160.125,161.3000030517578,158.5,158.77499389648438,7910152
2022-06-08,134.04039001464844,161.9499969482422,162.4499969482422,159.60000610351562,160.5,5381610
2022-06-09,137.7442169189453,166.4250030517578,167.27499389648438,159.75,161.5,13918892
2022-06-10,136.97860717773438,165.5,166.10000610351562,163.3000030517578,165.375,5453434
2022-06-13,131.57809448242188,158.97500610351562,163.9499969482422,158.64999389648438,163.9499969482422,7503680
2022-06-14,130.06759643554688,157.14999389648438,160.375,155.8249969482422,158.64999389648438,10098392
2022-06-15,129.94345092773438,157.0,158.4250030517578,154.0,158.4250030517578,9987308
2022-06-16,128.97096252441406,155.8249969482422,159.89999389648438,155.14999389648438,159.0,8720718
2022-06-17,124.5636215209961,150.5,155.75,149.875,154.5,13905510
2022-06-20,122.51515197753906,148.02499389648438,152.25,147.0,152.0,7456818
2022-06-21,124.64639282226562,150.60000610351562,151.22500610351562,146.6750030517578,148.3249969482422,5603658
2022-06-22,126.59141540527344,152.9499969482422,153.6999969482422,148.375,151.5749969482422,13204868
2022-06-23,127.41905975341795,153.9499969482422,155.25,151.77499389648438,154.22500610351562,8697024
2022-06-24,127.27424621582033,153.77499389648438,155.22500610351562,152.6999969482422,154.10000610351562,6549900
2022-06-27,130.3572998046875,157.5,157.8249969482422,154.1750030517578,155.0,5569614
2022-06-28,131.8470916748047,159.3000030517578,159.75,156.0,156.0,6481036
2022-06-29,130.9366455078125,158.1999969482422,159.9250030517578,156.8000030517578,156.8000030517578,4503176
2022-06-30,127.62599182128906,154.1999969482422,158.875,153.5749969482422,158.0,9158568
2022-07-01,131.74363708496094,159.1750030517578,159.625,152.85000610351562,154.25,8833390
2022-07-04,130.91595458984375,158.1750030517578,159.22500610351562,156.3249969482422,158.0500030517578,4431040
2022-07-05,129.57101440429688,156.5500030517578,160.6750030517578,156.0749969482422,158.89999389648438,6138608
2022-07-06,132.9644317626953,160.64999389648438,161.0,157.75,158.3000030517578,8353864
2022-07-07,136.3164825439453,164.6999969482422,165.0,161.5500030517578,162.4499969482422,9279814
2022-07-08,134.61978149414062,162.64999389648438,166.125,162.25,165.0,5034654
2022-07-11,130.72975158691406,157.9499969482422,163.1750030517578,157.75,163.1750030517578,11830842
2022-07-12,127.72945404052734,154.3249969482422,157.75,154.02499389648438,157.5,10690702
2022-07-13,128.49502563476562,155.25,157.6999969482422,154.75,156.0,9645842
2022-07-14,126.69486236572266,153.0749969482422,156.35000610351562,152.0749969482422,155.5,11835382
2022-07-15,129.1571807861328,156.0500030517578,156.5749969482422,153.0500030517578,154.0,10024354
2022-07-18,130.6883544921875,157.89999389648438,158.125,154.8249969482422,156.75,7029760
2022-07-19,130.99871826171875,158.27499389648438,158.89999389648438,156.25,157.4499969482422,5009030
2022-07-20,131.22633361816406,158.5500030517578,160.4250030517578,158.125,159.6999969482422,6723570
2022-07-21,133.54379272460938,161.35000610351562,162.0,158.0,158.97500610351562,7298344
2022-07-22,132.55059814453125,160.14999389648438,162.6999969482422,159.27499389648438,162.60000610351562,6293178
2022-07-25,131.24703979492188,158.5749969482422,160.4499969482422,157.77499389648438,160.14999389648438,6529228
2022-07-26,131.78504943847656,159.22500610351562,159.5749969482422,157.0749969482422,158.4250030517578,4397264
2022-07-27,134.33009338378906,162.3000030517578,162.52499389648438,158.77499389648438,159.0,6514864
2022-07-28,134.93014526367188,163.02499389648438,164.4499969482422,160.9250030517578,160.9250030517578,6933530
2022-07-29,136.68893432617188,165.14999389648438,165.5749969482422,162.60000610351562,163.52499389648438,9605766
2022-08-01,138.28219604492188,167.0749969482422,167.60000610351562,163.89999389648438,165.5,6221584
2022-08-02,138.69602966308594,167.5749969482422,170.75,166.14999389648438,167.75,7663472
2022-08-03,138.17872619628906,166.9499969482422,168.6750030517578,165.14999389648438,167.5749969482422,4079330
2022-08-04,138.1994171142578,166.97500610351562,168.875,164.85000610351562,168.4499969482422,5023836
2022-08-05,139.21327209472656,168.1999969482422,168.625,166.10000610351562,167.5,5115246
2022-08-08,134.7646026611328,162.8249969482422,165.0,160.10000610351562,164.75,18945812
2022-08-10,135.8612518310547,164.14999389648438,165.125,163.0,163.64999389648438,5743378
2022-08-11,135.88197326660156,164.1750030517578,165.8000030517578,163.60000610351562,164.97500610351562,3377190
2022-08-12,138.17872619628906,166.9499969482422,167.22500610351562,163.89999389648438,164.1750030517578,5285940
2022-08-16,143.1447296142578,172.9499969482422,173.625,166.52499389648438,167.22500610351562,10721280
2022-08-17,146.14498901367188,176.5749969482422,177.625,173.5,173.8000030517578,14146800
2022-08-18,143.62062072753906,173.52499389648438,176.77499389648438,172.72500610351562,176.77499389648438,7118970
2022-08-19,142.44149780273438,169.125,171.625,168.5,171.22500610351562,7463376
2022-08-22,140.50440979003906,166.8249969482422,168.72500610351562,165.89999389648438,168.5749969482422,4227956
2022-08-23,140.52548217773438,166.85000610351562,167.47500610351562,165.3000030517578,165.47500610351562,3118316
2022-08-24,138.77781677246094,164.77499389648438,167.10000610351562,164.02499389648438,166.5,5188148
2022-08-25,138.88308715820312,164.89999389648438,167.5,164.14999389648438,165.0,6420988
2022-08-26,138.5883331298828,164.5500030517578,166.9499969482422,164.14999389648438,166.9499969482422,4127464
2022-08-29,137.36708068847656,163.10000610351562,163.85000610351562,161.52499389648438,162.5,3250026
2022-08-30,138.39881896972656,164.3249969482422,164.9499969482422,163.10000610351562,163.125,6339262
2022-09-01,139.53582763671875,165.6750030517578,166.5,162.10000610351562,162.75,6741662
2022-09-02,135.577392578125,160.97500610351562,167.0500030517578,160.25,166.25,9679250
2022-09-05,136.75648498535156,162.375,162.5500030517578,160.625,161.0,4784578
2022-09-06,136.54592895507812,162.125,163.22500610351562,160.52499389648438,163.0,5099528
2022-09-07,137.6408233642578,163.4250030517578,164.0,160.9250030517578,161.6750030517578,5529460
2022-09-08,143.11529541015625,169.9250030517578,170.4250030517578,164.8249969482422,165.0,17335416
2022-09-09,142.5467987060547,169.25,170.77499389648438,168.02499389648438,170.75,6934262
2022-09-12,144.2733612060547,171.3000030517578,172.5,169.10000610351562,169.25,5406378
2022-09-13,143.62062072753906,170.52499389648438,172.8000030517578,170.02499389648438,171.52499389648438,10351084
2022-09-14,141.5571746826172,168.0749969482422,170.39999389648438,167.6750030517578,167.85000610351562,6863114
2022-09-15,139.556884765625,165.6999969482422,169.5,165.1750030517578,168.375,4993238
2022-09-16,135.3036346435547,160.64999389648438,165.8000030517578,160.0749969482422,165.6999969482422,11937446
2022-09-19,135.13519287109375,160.4499969482422,162.35000610351562,159.52499389648438,161.47500610351562,5473706
2022-09-20,135.97740173339844,161.4499969482422,163.4499969482422,160.9250030517578,161.27499389648438,5591400
2022-09-21,134.77725219726562,160.02499389648438,162.0,159.14999389648438,161.75,4507332
2022-09-22,133.00857543945312,157.9250030517578,159.97500610351562,156.60000610351562,159.5,5353540
2022-09-23,131.36622619628906,155.97500610351562,158.39999389648438,155.5,157.75,5516760
2022-09-26,128.39736938476562,152.4499969482422,157.97500610351562,151.4499969482422,156.0,10934478
2022-09-27,130.8187713623047,155.3249969482422,156.0,152.64999389648438,153.5,6266672
2022-09-28,128.86061096191406,153.0,155.0,152.60000610351562,155.0,4451088
2022-09-29,127.70252990722656,151.625,154.375,151.25,153.77499389648438,6532502
2022-09-30,128.35528564453125,152.39999389648438,154.4499969482422,150.4250030517578,151.8000030517578,11182546
2022-10-03,130.0397186279297,154.39999389648438,155.625,152.39999389648438,153.1750030517578,7084402
2022-10-04,131.15567016601562,155.72500610351562,157.10000610351562,155.125,155.5,4266520
2022-10-06,131.45045471191406,156.0749969482422,157.39999389648438,154.6999969482422,156.52499389648438,6973606
2022-10-07,129.45016479492188,153.6999969482422,155.4499969482422,153.10000610351562,155.10000610351562,6436838
2022-10-10,128.29208374023438,152.3249969482422,153.3000030517578,151.0500030517578,153.0,4731232
2022-10-11,126.22865295410156,149.875,153.10000610351562,149.5749969482422,153.10000610351562,5305338
2022-10-12,127.38672637939452,151.25,154.625,149.6750030517578,150.52499389648438,14791710
2022-10-13,126.46026611328124,150.14999389648438,152.625,149.75,152.02499389648438,6058154
2022-10-14,125.42853546142578,148.9250030517578,152.5,148.5500030517578,151.5,5155460
2022-10-17,124.88109588623048,148.27499389648438,149.6750030517578,145.77499389648438,148.9499969482422,5344642
2022-10-18,124.54419708251952,147.875,149.14999389648438,147.02499389648438,149.02499389648438,6574926
2022-10-19,123.02819061279295,146.0749969482422,149.47500610351562,145.875,148.5749969482422,6029504
2022-10-20,125.11272430419922,148.5500030517578,149.5,144.02499389648438,146.0500030517578,10261122
2022-10-21,125.63909149169922,149.1750030517578,150.3249969482422,148.6750030517578,149.3000030517578,4378164
2022-10-24,126.64978790283205,150.375,150.875,149.77499389648438,150.0,785990
2022-10-25,127.42881774902344,151.3000030517578,152.5,148.6750030517578,150.85000610351562,5684662
2022-10-27,128.6921844482422,152.8000030517578,153.3000030517578,151.27499389648438,151.3000030517578,6769606
2022-10-28,127.72359466552734,151.64999389648438,154.25,151.0500030517578,153.25,4980844
2022-10-31,127.87100219726562,151.8249969482422,153.0,150.6999969482422,152.4250030517578,8168120
2022-11-01,128.165771484375,152.1750030517578,152.89999389648438,151.10000610351562,151.8249969482422,6729148
2022-11-02,128.5237274169922,152.60000610351562,152.9499969482422,151.75,152.25,4907332
2022-11-03,128.4816131591797,152.5500030517578,153.85000610351562,151.75,152.60000610351562,4588148
2022-11-04,126.90243530273438,150.6750030517578,152.77499389648438,149.39999389648438,152.77499389648438,7678230
2022-11-07,130.43980407714844,154.875,155.0749969482422,151.0,151.25,7732442
2022-11-09,129.2185516357422,153.4250030517578,155.9250030517578,152.97500610351562,155.5500030517578,5580594
2022-11-10,128.6500701904297,152.75,153.97500610351562,152.10000610351562,153.0,2795742
2022-11-11,130.0818328857422,154.4499969482422,155.27499389648438,152.72500610351562,153.52499389648438,4580064
2022-11-14,129.55543518066406,153.8249969482422,155.0,153.52499389648438,154.75,2600014
2022-11-15,130.0818328857422,154.4499969482422,154.8000030517578,152.85000610351562,153.89999389648438,4035358
2022-11-16,129.0501251220703,153.22500610351562,154.85000610351562,152.89999389648438,154.4499969482422,2926810
2022-11-17,128.5237274169922,152.60000610351562,153.89999389648438,152.27499389648438,153.5,3816246
2022-11-18,128.0604705810547,152.0500030517578,153.375,151.1999969482422,153.375,4065720
2022-11-21,130.67141723632812,155.14999389648438,155.47500610351562,152.14999389648438,152.8249969482422,7671706
2022-11-22,129.2185516357422,153.4250030517578,155.6750030517578,152.875,155.125,7471030
2022-11-23,130.6082305908203,155.0749969482422,155.375,153.0500030517578,153.0500030517578,5713460
2022-11-24,135.17730712890625,160.5,161.0,155.27499389648438,155.72500610351562,16914922
2022-11-25,136.630126953125,162.22500610351562,163.125,158.1999969482422,160.5,8593556
2022-11-28,143.49429321289062,170.375,170.9499969482422,163.5,163.5,26418498
2022-11-29,142.7783966064453,169.52499389648438,171.1750030517578,168.10000610351562,170.75,10055668
2022-11-30,143.6627197265625,170.5749969482422,171.875,167.89999389648438,169.52499389648438,10029732
2022-12-01,142.5889129638672,169.3000030517578,171.875,168.52499389648438,171.0,4289334
2022-12-02,143.6416778564453,170.5500030517578,171.6750030517578,169.14999389648438,169.75,5595618
2022-12-05,142.5046844482422,169.1999969482422,170.89999389648438,168.75,170.4499969482422,4976546
2022-12-06,138.35670471191406,164.27499389648438,170.5500030517578,164.0500030517578,169.9499969482422,10051146
2022-12-07,140.79916381835938,167.1750030517578,168.5,165.25,165.375,14328596
2022-12-08,141.38873291015625,167.875,168.64999389648438,166.27499389648438,168.375,5220452
2022-12-09,142.52574157714844,169.22500610351562,170.0,167.4250030517578,170.0,10392346
2022-12-12,146.96847534179688,174.5,174.9250030517578,167.3000030517578,168.97500610351562,13477930
2022-12-13,145.768310546875,173.0749969482422,174.5,172.5500030517578,174.5,7750970
2022-12-14,146.86322021484375,174.375,175.39999389648438,172.85000610351562,173.35000610351562,9635850
2022-12-15,147.03163146972656,174.5749969482422,175.72500610351562,173.0,174.375,5908812
2022-12-16,143.9154052734375,170.875,175.5,170.39999389648438,174.5749969482422,9481326
2022-12-19,143.72589111328125,170.64999389648438,171.97500610351562,167.85000610351562,171.22500610351562,5444230
2022-12-20,143.28375244140625,170.125,171.0500030517578,167.125,170.8249969482422,5614312
2022-12-21,140.69387817382812,167.0500030517578,171.47500610351562,166.0500030517578,170.5,5170900
2022-12-22,138.08299255371094,163.9499969482422,167.9499969482422,162.35000610351562,167.0,6135896
2022-12-23,136.90386962890625,162.5500030517578,164.4499969482422,161.0749969482422,162.5,5802076
2022-12-26,136.90386962890625,162.5500030517578,164.1999969482422,161.0749969482422,161.5,3377562
2022-12-27,137.2828826904297,163.0,164.14999389648438,161.35000610351562,162.6999969482422,2819074
2022-12-28,136.48277282714844,162.0500030517578,163.3000030517578,161.0749969482422,163.0,9481554
2022-12-29,137.7882080078125,163.60000610351562,164.0,160.0749969482422,162.0500030517578,6195112
2022-12-30,139.17787170410156,165.25,166.5,163.77499389648438,164.0,4199128
2023-01-02,140.588623046875,166.9250030517578,167.35000610351562,163.77499389648438,165.02499389648438,4405586
2023-01-03,141.85194396972656,168.4250030517578,169.0,165.8000030517578,166.9250030517578,5264652
2023-01-04,141.62033081054688,168.14999389648438,170.39999389648438,167.0749969482422,169.27499389648438,5848474
2023-01-05,144.16807556152344,171.1750030517578,171.47500610351562,167.8000030517578,168.5,7428290
2023-01-06,145.15768432617188,172.35000610351562,173.27499389648438,170.125,171.0,7364410
2023-01-09,146.02096557617188,173.375,174.6750030517578,172.5500030517578,173.9250030517578,4519436
2023-01-10,146.27362060546875,173.6750030517578,174.5,171.60000610351562,174.0,4762962
2023-01-11,148.4423828125,176.25,179.0,172.9250030517578,174.4250030517578,14348024
2023-01-12,145.30506896972656,172.52499389648438,176.97500610351562,171.6999969482422,176.97500610351562,5863672
2023-01-13,147.43170166015625,175.0500030517578,175.5749969482422,171.02499389648438,172.6999969482422,5433700
2023-01-16,146.9474334716797,174.47500610351562,176.1999969482422,172.0500030517578,176.0,5698298
2023-01-17,146.71580505371094,174.1999969482422,175.6750030517578,172.72500610351562,175.35000610351562,3477566
2023-01-18,145.72616577148438,173.02499389648438,174.64999389648438,171.4499969482422,174.39999389648438,4099580
2023-01-19,147.24217224121094,174.8249969482422,174.9499969482422,172.0,172.97500610351562,3279112
2023-01-20,145.8525390625,173.1750030517578,175.5,172.77499389648438,174.60000610351562,3993550
2023-01-23,147.22113037109375,174.8000030517578,175.0,172.97500610351562,173.5,3362750
2023-01-24,146.9474334716797,174.47500610351562,176.22500610351562,173.9250030517578,175.0,4752342
2023-01-25,146.02096557617188,173.375,175.25,172.85000610351562,174.35000610351562,3866394
2023-01-27,141.72560119628906,168.27499389648438,174.77499389648438,165.75,173.4499969482422,5251902
2023-01-30,141.11500549316406,167.5500030517578,169.625,166.14999389648438,168.4499969482422,6395210
2023-01-31,144.5470733642578,171.625,175.75,170.625,171.47500610351562,17988324
2023-02-01,140.94656372070312,167.35000610351562,172.35000610351562,165.0,171.625,8358226
2023-02-02,139.89378356933594,166.10000610351562,168.0,164.75,167.25,9029328
2023-02-03,137.57766723632812,163.35000610351562,166.375,161.10000610351562,165.97500610351562,5653818
2023-02-06,140.54649353027344,166.875,167.3249969482422,162.02499389648438,162.02499389648438,6611800
2023-02-07,139.8727264404297,166.0749969482422,168.10000610351562,165.77499389648438,167.0,3480708
2023-02-08,140.73602294921875,167.10000610351562,167.89999389648438,164.52499389648438,165.89999389648438,2499180
2023-02-09,140.52548217773438,166.85000610351562,168.85000610351562,165.6750030517578,166.0500030517578,4275406
2023-02-10,140.65176391601562,167.0,167.89999389648438,165.77499389648438,167.0500030517578,2551682
2023-02-13,141.03079223632812,167.4499969482422,168.85000610351562,166.02499389648438,167.0,3587566
2023-02-14,139.4515838623047,165.5749969482422,167.375,165.25,166.5,2385346
2023-02-15,139.4515838623047,165.5749969482422,166.3249969482422,164.25,165.5749969482422,3529300
2023-02-16,137.15652465820312,162.85000610351562,166.5749969482422,161.89999389648438,165.5749969482422,7507670
2023-02-17,139.6832275390625,165.85000610351562,166.5,162.77499389648438,162.85000610351562,6702378
2023-02-20,137.34603881835938,163.0749969482422,166.72500610351562,162.97500610351562,166.4250030517578,3546252
2023-02-21,136.1248016357422,161.625,164.27499389648438,161.0749969482422,163.47500610351562,2962498
2023-02-22,134.94570922851562,160.22500610351562,161.5,158.10000610351562,161.25,8178548
2023-02-23,134.98780822753906,160.27499389648438,161.8249969482422,159.0,161.0,5490782
2023-02-24,133.72447204589844,158.77499389648438,161.0749969482422,158.3000030517578,160.39999389648438,3794754
2023-02-27,134.94570922851562,160.22500610351562,160.5749969482422,157.3249969482422,159.10000610351562,3962002
2023-02-28,133.64024353027344,158.6750030517578,160.8249969482422,157.02499389648438,158.5749969482422,7852658
2023-03-01,133.02963256835938,157.9499969482422,160.5,157.77499389648438,158.39999389648438,6991434
2023-03-02,135.19834899902344,160.52499389648438,160.9250030517578,157.25,158.35000610351562,6768720
2023-03-03,135.3457489013672,160.6999969482422,161.9499969482422,160.125,161.35000610351562,4226202
2023-03-06,136.67225646972656,162.27499389648438,163.25,160.5749969482422,161.1999969482422,3629924
2023-03-08,137.32498168945312,163.0500030517578,163.72500610351562,161.39999389648438,161.97500610351562,4785062
2023-03-09,136.79859924316406,162.4250030517578,163.4499969482422,161.77499389648438,163.0500030517578,3895532
2023-03-10,137.30392456054688,163.02499389648438,163.9499969482422,160.27499389648438,162.5,3517038
2023-03-13,135.85108947753906,161.3000030517578,163.3000030517578,160.625,163.0,3910894
2023-03-14,137.36708068847656,163.10000610351562,164.4499969482422,160.9250030517578,162.10000610351562,5894652
2023-03-15,139.09365844726562,165.14999389648438,166.6999969482422,163.6750030517578,164.5,5511946
2023-03-16,147.76856994628906,175.4499969482422,176.375,167.0749969482422,167.5,36574630
2023-03-17,147.97914123535156,175.6999969482422,177.47500610351562,172.72500610351562,175.5,23389012
2023-03-20,151.4533233642578,179.8249969482422,180.5,175.25,177.4250030517578,18492346
2023-03-21,150.9901123046875,179.27499389648438,180.8000030517578,177.875,180.10000610351562,10250562
2023-03-22,148.1475830078125,175.89999389648438,179.5,175.375,179.14999389648438,11934054
2023-03-23,146.6947479248047,174.1750030517578,175.8249969482422,173.75,175.0,5146176
2023-03-24,145.4524688720703,172.6999969482422,174.875,172.0,173.9499969482422,5875488
2023-03-27,145.2208709716797,172.4250030517578,173.4499969482422,171.35000610351562,172.0500030517578,4245926
2023-03-28,143.11529541015625,169.9250030517578,171.4499969482422,167.6750030517578,171.0,6854316
2023-03-29,143.11529541015625,169.9250030517578,171.1999969482422,168.14999389648438,170.0,5971840
2023-03-31,144.98922729492188,172.14999389648438,173.1999969482422,170.47500610351562,172.4499969482422,10137510
2023-04-03,138.94625854492188,164.97500610351562,169.0,164.5749969482422,169.0,18864744
2023-04-05,138.14613342285156,164.02499389648438,166.4499969482422,163.5,165.9499969482422,8249158
2023-04-06,139.80955505371094,166.0,166.75,164.52499389648438,164.64999389648438,4767830
2023-04-10,141.4097900390625,167.89999389648438,168.39999389648438,165.8000030517578,166.0,4930618
2023-04-11,142.79946899414062,169.5500030517578,169.75,167.5749969482422,168.0749969482422,2729894
2023-04-12,142.0414581298828,168.64999389648438,169.625,167.5500030517578,169.5500030517578,4260174
2023-04-13,139.91481018066406,166.125,169.4499969482422,165.3249969482422,169.4499969482422,8347294
2023-04-17,141.36767578125,167.85000610351562,168.0,165.14999389648438,166.125,2905562
2023-04-18,140.98866271972656,167.39999389648438,169.02499389648438,166.39999389648438,167.85000610351562,5806422
2023-04-19,144.02069091796875,171.0,171.64999389648438,166.85000610351562,167.47500610351562,9852864
2023-04-20,144.73658752441406,171.85000610351562,172.5,170.6750030517578,171.97500610351562,4865018
2023-04-21,145.78936767578125,173.10000610351562,174.4499969482422,171.3000030517578,171.89999389648438,6552688
2023-04-24,146.21047973632812,173.60000610351562,173.89999389648438,171.375,173.10000610351562,4245824
2023-04-25,146.33680725097656,173.75,174.27499389648438,172.625,172.625,3084392
2023-04-26,146.96847534179688,174.5,174.75,172.5500030517578,173.39999389648438,2639794
2023-04-27,149.76885986328125,177.8249969482422,178.25,174.4250030517578,175.0,7271052
2023-04-28,150.59007263183594,178.8000030517578,179.14999389648438,176.22500610351562,178.0,6742936
2023-05-02,152.06393432617188,180.5500030517578,182.4499969482422,179.0,179.14999389648438,6425960
2023-05-03,151.93759155273438,180.3999938964844,183.8999938964844,179.9250030517578,181.625,8712958
2023-05-04,155.11700439453125,184.1750030517578,184.5749969482422,180.5749969482422,181.8999938964844,8282286
2023-05-05,153.8957977294922,182.7250061035156,184.8249969482422,182.0249938964844,183.5500030517578,3300230
2023-05-08,154.84327697753906,183.8500061035156,184.3500061035156,181.2250061035156,182.7250061035156,2400728
2023-05-09,154.56954956054688,183.5249938964844,185.0,182.3500061035156,182.9250030517578,4179678
2023-05-10,156.7172393798828,186.0749969482422,186.5,182.6999969482422,184.0,5561956
2023-05-11,156.88568115234375,186.2749938964844,187.4499969482422,185.75,186.5749969482422,3387368
2023-05-12,152.40084838867188,180.9499969482422,185.9499969482422,179.5,185.9499969482422,7791814
2023-05-15,150.33738708496094,178.5,181.9250030517578,178.1750030517578,181.0,4809530
2023-05-16,152.56927490234375,181.1499938964844,183.1499938964844,178.5,179.125,7572742
2023-05-17,153.60098266601562,182.375,184.75,181.9750061035156,183.375,7759756
2023-05-18,151.8955078125,180.3500061035156,183.0,180.0500030517578,183.0,3426890
2023-05-19,151.72703552246094,180.1499938964844,181.25,178.8000030517578,180.0500030517578,2315526
2023-05-22,152.2744903564453,180.8000030517578,181.375,179.27499389648438,180.9750061035156,3206888
2023-05-23,154.3800811767578,183.3000030517578,185.5,182.5,183.5,11943178
2023-05-24,152.9904022216797,181.6499938964844,184.5500030517578,180.9250030517578,183.2749938964844,3750960
2023-05-25,152.9904022216797,181.6499938964844,182.1000061035156,180.1750030517578,181.5,3352570
2023-05-26,153.4114990234375,182.1499938964844,183.5,181.5500030517578,182.5,2185592
2023-05-29,152.31661987304688,180.8500061035156,183.6499938964844,180.5,182.1499938964844,2341038
2023-05-30,151.76918029785156,180.1999969482422,182.0,180.0,181.5,2722688
2023-05-31,153.07461547851562,181.75,183.2250061035156,180.10000610351562,180.1999969482422,23214480
2023-06-01,153.51675415039062,182.2749938964844,184.4499969482422,182.0500030517578,182.6499938964844,3537282
2023-06-02,151.62176513671875,180.02499389648438,183.3999938964844,179.5500030517578,182.3000030517578,6932474
2023-06-05,150.253173828125,178.39999389648438,181.0,177.5,180.0500030517578,5858136
2023-06-06,149.97943115234375,178.0749969482422,179.5,177.3000030517578,178.52499389648438,4213074
2023-06-07,155.01173400878906,184.0500030517578,184.75,178.375,178.5,12830856
2023-06-08,152.06393432617188,180.5500030517578,183.8000030517578,180.1499938964844,183.8000030517578,7164382
2023-06-09,151.36911010742188,179.72500610351562,182.0,179.39999389648438,180.5500030517578,3085970
2023-06-12,156.50669860839844,185.8249969482422,186.25,180.10000610351562,180.25,9434298
2023-06-13,157.32786560058594,186.8000030517578,188.4499969482422,186.1999969482422,187.25,7974634
2023-06-14,157.30679321289062,186.7749938964844,189.25,185.4499969482422,186.75,6714368
2023-06-15,159.5597686767578,189.4499969482422,190.2250061035156,186.5,187.5500030517578,12210880
2023-06-16,158.6754150390625,188.3999938964844,189.3500061035156,187.1999969482422,188.5,4278588
2023-06-19,157.8121337890625,187.375,189.3500061035156,187.0749969482422,188.5,3034770
2023-06-20,156.8435821533203,186.2250061035156,187.5249938964844,185.75,187.5,2415876
2023-06-21,156.99095153808594,186.3999938964844,187.375,185.6750030517578,186.2250061035156,2680298
2023-06-22,157.24363708496094,186.6999969482422,189.3500061035156,185.5749969482422,185.6999969482422,4024128
2023-06-23,151.43228149414062,179.8000030517578,185.5,179.14999389648438,185.1000061035156,10934896
2023-06-26,150.8848419189453,179.14999389648438,181.4250030517578,177.8249969482422,180.9250030517578,5281280
2023-06-27,151.7481231689453,180.1750030517578,181.8500061035156,179.0,180.5,6784532
2023-06-28,153.87472534179688,182.6999969482422,183.3999938964844,179.60000610351562,180.2749938964844,7166772
2023-06-30,153.57994079589844,182.3500061035156,184.3999938964844,180.625,182.9250030517578,8391660
2023-07-03,158.0437469482422,187.6499938964844,189.9750061035156,181.6999969482422,182.6000061035156,12429962
2023-07-04,158.61224365234375,188.3249969482422,189.1750030517578,186.5749969482422,187.6499938964844,5390328
2023-07-05,162.78128051757812,193.2749938964844,193.5500030517578,187.5,188.3249969482422,12565366
2023-07-06,165.623779296875,196.6499938964844,198.5749969482422,192.5,193.2749938964844,13080534
2023-07-07,164.928955078125,195.8249969482422,198.9499969482422,194.6499938964844,196.5,6527978
2023-07-10,162.6338653564453,193.1000061035156,196.5749969482422,192.0500030517578,196.0,7264538
2023-07-11,164.61312866210938,195.4499969482422,195.875,192.6999969482422,194.0,6249314
2023-07-12,162.6338653564453,193.1000061035156,196.375,192.5249938964844,195.25,3379704
2023-07-13,159.83346557617188,189.7749938964844,193.8249969482422,189.3249969482422,193.3500061035156,4556112
2023-07-14,159.83346557617188,189.7749938964844,190.875,187.8000030517578,190.0,6358916
2023-07-17,160.7599334716797,190.875,191.8999938964844,189.5,190.0,3944706
2023-07-18,159.58082580566406,189.4750061035156,193.8500061035156,189.1999969482422,191.9750061035156,4545860
2023-07-19,161.93902587890625,192.2749938964844,192.75,189.2749938964844,190.0,4894862
2023-07-20,163.37083435058594,193.9750061035156,194.5500030517578,191.625,192.9750061035156,5790108
2023-07-21,164.50784301757812,195.3249969482422,196.5,193.0,193.9750061035156,4677570
2023-07-24,164.0446014404297,194.7749938964844,195.9499969482422,193.8249969482422,195.1999969482422,2997768
2023-07-25,162.7180938720703,193.1999969482422,195.4499969482422,192.1499938964844,193.8999938964844,4256186
2023-07-26,163.05499267578125,193.6000061035156,197.5,191.875,193.9499969482422,12787834
2023-07-27,159.7071533203125,189.625,195.8249969482422,181.5749969482422,195.0,16459384
2023-07-28,157.2646942138672,186.7250061035156,189.8999938964844,186.0500030517578,189.8999938964844,7259444
2023-07-31,158.97018432617188,188.75,189.2250061035156,185.8249969482422,186.8500061035156,10035348
2023-08-01,158.97018432617188,188.75,189.8999938964844,187.125,188.75,9122844
2023-08-02,155.432861328125,184.5500030517578,189.3500061035156,183.75,188.8999938964844,9528240
2023-08-03,154.96963500976562,184.0,185.875,182.1499938964844,184.7250061035156,6404888
2023-08-04,151.76918029785156,180.1999969482422,185.4250030517578,180.02499389648438,184.0749969482422,6557502
2023-08-07,151.87445068359375,180.3249969482422,181.7250061035156,179.0500030517578,181.5,4002256
2023-08-08,150.69532775878906,178.9250030517578,181.9250030517578,178.1999969482422,181.25,6307980
2023-08-09,151.7481231689453,180.1750030517578,180.8500061035156,179.02499389648438,180.0,6443716
2023-08-10,152.71665954589844,181.3249969482422,182.5,179.77499389648438,180.9250030517578,8137376
2023-08-11,152.24827575683594,178.77499389648438,180.75,178.4499969482422,179.64999389648438,5578802
2023-08-14,151.8224639892578,178.27499389648438,179.4499969482422,175.64999389648438,179.0,5111068
2023-08-16,152.39730834960938,178.9499969482422,180.75,177.0749969482422,178.375,3864088
2023-08-17,151.9927978515625,178.47500610351562,180.1499938964844,177.1750030517578,179.5,4778606
2023-08-18,150.26824951171875,176.4499969482422,179.1750030517578,176.02499389648438,178.47500610351562,4777304
2023-08-21,149.90631103515625,176.02499389648438,177.4499969482422,175.3249969482422,176.4499969482422,5180764
2023-08-22,147.71339416503906,173.4499969482422,177.35000610351562,173.25,176.0500030517578,8015338
2023-08-23,146.81918334960938,172.39999389648438,174.72500610351562,172.125,174.5749969482422,6414210
2023-08-24,149.565673828125,175.625,176.4250030517578,173.0749969482422,173.72500610351562,8741756
2023-08-25,149.13986206054688,175.125,177.0749969482422,174.5,175.64999389648438,5113762
2023-08-28,151.2902069091797,177.64999389648438,178.9499969482422,176.14999389648438,177.625,10985570
2023-08-29,151.92892456054688,178.39999389648438,179.3000030517578,177.39999389648438,178.0,6253738
2023-08-30,149.86373901367188,175.97500610351562,177.39999389648438,175.10000610351562,176.60000610351562,9709432
2023-08-31,145.00950622558594,170.27499389648438,176.0,169.5500030517578,175.5,13575650
2023-09-01,146.56373596191406,172.10000610351562,172.4499969482422,170.27499389648438,170.52499389648438,9980752
2023-09-04,146.77662658691406,172.35000610351562,174.375,171.39999389648438,172.3249969482422,6898572
2023-09-05,149.1185760498047,175.10000610351562,176.3000030517578,172.625,172.9499969482422,8363178
2023-09-06,150.37472534179688,176.5749969482422,176.9250030517578,174.02499389648438,174.97500610351562,6751054
2023-09-07,150.9921417236328,177.3000030517578,178.125,176.5749969482422,177.0,7249346
2023-09-08,154.12185668945312,180.9750061035156,182.25,177.02499389648438,177.375,10344130
2023-09-11,154.88829040527344,181.875,184.375,180.3500061035156,182.6000061035156,10452850
2023-09-12,148.3521270751953,174.1999969482422,182.75,173.52499389648438,182.5,18168222
2023-09-13,151.41795349121094,177.8000030517578,178.0749969482422,173.60000610351562,175.3000030517578,9713718
2023-09-14,152.75924682617188,179.375,181.125,178.0500030517578,179.0,10116738
2023-09-15,149.99147033691406,176.125,179.27499389648438,175.625,178.97500610351562,12383408
2023-09-18,153.4405517578125,180.1750030517578,180.5500030517578,175.3249969482422,176.125,10007488
2023-09-20,150.1192169189453,176.27499389648438,178.39999389648438,175.60000610351562,177.0,18292152
2023-09-21,151.2689208984375,177.625,179.25,175.89999389648438,176.5,9879542
2023-09-22,149.86373901367188,175.97500610351562,178.75,175.6750030517578,177.75,3982102
2023-09-25,149.84243774414062,175.9499969482422,176.75,174.02499389648438,176.6999969482422,4959752
2023-09-26,149.7360076904297,175.8249969482422,177.4250030517578,175.4499969482422,175.9499969482422,3788360
2023-09-27,148.60760498046875,174.5,176.60000610351562,173.3000030517578,175.8249969482422,5969046
2023-09-28,146.45729064941406,171.97500610351562,175.0,171.0,173.52499389648438,9701978
2023-09-29,147.58566284179688,173.3000030517578,174.0749969482422,172.5,172.875,2669870
2023-10-03,145.3501434326172,170.6750030517578,174.60000610351562,170.4250030517578,174.25,10514554
2023-10-04,145.3501434326172,170.6750030517578,172.47500610351562,169.77499389648438,170.6750030517578,6049760
2023-10-05,146.67018127441406,172.22500610351562,173.875,171.39999389648438,172.75,7115506
2023-10-06,147.84115600585938,173.60000610351562,174.5,172.0,172.5,3717076
2023-10-09,144.7753143310547,170.0,170.8249969482422,168.0749969482422,170.5,8740080
2023-10-10,144.9456329345703,170.1999969482422,171.3000030517578,169.60000610351562,170.02499389648438,3572978
2023-10-11,145.86111450195312,171.27499389648438,172.64999389648438,170.75,171.10000610351562,4799512
2023-10-12,148.4798583984375,174.35000610351562,175.1750030517578,172.02499389648438,172.4499969482422,7703802
2023-10-13,148.05404663085938,173.85000610351562,175.3000030517578,173.52499389648438,173.5500030517578,3981804
2023-10-16,147.86244201660156,173.625,174.22500610351562,171.0,172.5,3262470
2023-10-17,151.03472900390625,177.35000610351562,178.85000610351562,173.35000610351562,174.4499969482422,10443728
2023-10-18,149.1185760498047,175.10000610351562,178.25,174.4250030517578,177.5,9162228
2023-10-19,150.60891723632812,176.85000610351562,177.27499389648438,174.5749969482422,174.75,5743188
2023-10-20,147.50050354003906,173.1999969482422,176.39999389648438,172.27499389648438,175.3000030517578,4400690
2023-10-23,145.96759033203125,171.39999389648438,173.64999389648438,170.8249969482422,172.77499389648438,7813800
2023-10-25,144.7540283203125,169.97500610351562,173.25,169.25,171.27499389648438,5429774
2023-10-26,142.64627075195312,167.5,169.47500610351562,165.72500610351562,168.8000030517578,7743878
2023-10-27,142.62496948242188,167.47500610351562,169.125,167.0,167.5,2996088
2023-10-30,147.71339416503906,173.4499969482422,174.4499969482422,168.5500030517578,169.0,21873188
2023-10-31,148.71405029296875,174.625,176.97500610351562,172.3249969482422,174.1750030517578,10673186
2023-11-01,151.9714813232422,178.4499969482422,179.375,175.27499389648438,175.27499389648438,13929780
2023-11-02,153.52569580078125,180.2749938964844,181.0,178.625,180.4750061035156,10130432
2023-11-03,153.9302215576172,180.75,181.8500061035156,180.10000610351562,180.5749969482422,5627900
2023-11-06,155.95281982421875,183.125,184.5749969482422,180.6750030517578,181.3999938964844,9072020
2023-11-07,158.7418670654297,186.3999938964844,186.8249969482422,183.1000061035156,183.3999938964844,10702176
2023-11-08,163.5961151123047,192.1000061035156,193.9499969482422,187.0249938964844,187.7250061035156,24020912
2023-11-09,163.31932067871094,191.7749938964844,195.3249969482422,191.3999938964844,192.5500030517578,12843896
2023-11-10,163.53221130371094,192.0249938964844,193.0500030517578,190.25,190.8999938964844,4932486
2023-11-13,164.83094787597656,193.5500030517578,194.3500061035156,191.75,191.75,4838906
2023-11-15,167.15162658691406,196.2749938964844,196.6999969482422,193.5749969482422,194.0,11266250
2023-11-16,169.74905395507812,199.3249969482422,200.6499938964844,196.5,197.0,15416172
2023-11-17,166.17225646972656,195.125,203.5500030517578,194.625,200.0,16380696
2023-11-20,166.9174041748047,196.0,196.6999969482422,193.7250061035156,195.3249969482422,4506882
2023-11-21,165.2141876220703,194.0,196.6000061035156,193.3000030517578,196.0,4477214
2023-11-22,171.2180938720703,201.0500030517578,201.3999938964844,195.5500030517578,196.0,25730664
2023-11-23,175.1355438232422,205.6499938964844,206.75,200.3249969482422,201.7749938964844,16239092
2023-11-24,174.8374786376953,205.3000030517578,206.5,203.5,206.5,10975546
2023-11-28,180.7562255859375,212.25,212.9499969482422,206.5500030517578,207.0249938964844,23186856
2023-11-29,182.52333068847656,214.3249969482422,217.2250061035156,209.3500061035156,213.0,25208812
2023-11-30,185.5253143310547,217.8500061035156,219.375,214.5249938964844,217.25,32721308
2023-12-01,186.5046539306641,219.0,221.1999969482422,216.6999969482422,220.0,19278842
2023-12-04,196.51119995117188,230.75,232.3999938964844,222.0,222.5,41482794
2023-12-05,201.06735229492188,236.1000061035156,238.2250061035156,232.5,235.0249938964844,38376064
2023-12-06,201.34413146972656,236.4250030517578,241.25,234.1499938964844,240.5,27408826
2023-12-07,202.1318817138672,237.3500061035156,239.5,235.75,238.5,23850564
2023-12-08,200.32220458984372,235.2250061035156,238.7250061035156,232.8999938964844,238.4499969482422,18940478
2023-12-11,198.2144470214844,232.75,237.4250030517578,228.2749938964844,237.4250030517578,27693108
2023-12-12,199.5745086669922,223.7749938964844,225.7250061035156,222.75,222.75,19940320
2023-12-13,199.55221557617188,223.75,227.1750030517578,222.9750061035156,224.75,26664018
2023-12-14,198.7495574951172,222.8500061035156,224.9750061035156,221.0249938964844,224.9750061035156,12555568
2023-12-15,200.2211151123047,224.5,226.7250061035156,221.1000061035156,222.5,22079148
2023-12-18,199.4407196044922,223.625,225.125,222.0500030517578,224.5,16831064
2023-12-19,200.55555725097656,224.875,225.75,222.5249938964844,223.625,12644672
2023-12-20,195.9625244140625,219.7250061035156,227.6750030517578,219.1750030517578,226.6999969482422,17347978
2023-12-21,200.4663543701172,224.7749938964844,225.2250061035156,216.2250061035156,217.4499969482422,18554414
2023-12-22,199.17318725585935,223.3249969482422,226.6750030517578,222.5249938964844,224.8500061035156,11559264
2023-12-26,201.38052368164065,225.8000030517578,228.25,222.25,224.0,22976450
2023-12-27,202.76290893554688,227.3500061035156,228.1999969482422,224.1499938964844,226.9750061035156,12398088
2023-12-28,207.7126617431641,232.8999938964844,235.4250030517578,227.375,228.0,45183336
2023-12-29,200.95689392089844,225.3249969482422,229.0,224.3249969482422,227.25,17088440
2024-01-01,201.5811767578125,226.0249938964844,229.6999969482422,225.3500061035156,229.6999969482422,7006288
2024-01-02,203.45407104492188,228.125,229.6999969482422,224.0500030517578,226.0249938964844,9458818
2024-01-03,205.59451293945312,230.5249938964844,232.6499938964844,227.5249938964844,229.9750061035156,15058884
2024-01-04,201.84873962402344,226.3249969482422,228.75,225.5,228.3999938964844,17904916
2024-01-05,202.04942321777344,226.5500030517578,229.8249969482422,225.625,227.9499969482422,8080468
2024-01-08,202.8966827392578,227.5,232.1499938964844,225.7250061035156,228.4750061035156,18232610
2024-01-09,205.10400390625,229.9750061035156,231.875,227.8249969482422,230.0,12301290
2024-01-10,201.22445678710935,225.625,228.0749969482422,222.5500030517578,227.6000061035156,15261992
2024-01-11,204.54661560058597,229.3500061035156,230.6000061035156,226.6000061035156,226.9499969482422,15751252
2024-01-12,204.34593200683597,229.125,230.5500030517578,227.5500030517578,229.5,11990812
2024-01-15,205.10400390625,229.9750061035156,231.75,227.8249969482422,230.0,10408382
2024-01-16,210.85646057128903,236.4250030517578,239.8999938964844,230.25,230.5,42369500
2024-01-17,210.32135009765625,235.8249969482422,238.5749969482422,233.0749969482422,236.0,22429284
2024-01-18,211.01254272460935,236.6000061035156,240.4499969482422,230.5,233.5,19802302
2024-01-19,214.4684600830078,240.4750061035156,242.5,237.0249938964844,238.0,12973856
2024-01-23,206.4863739013672,231.5249938964844,244.25,230.0500030517578,244.25,18419550
2024-01-24,212.77395629882807,238.5749969482422,239.25,231.6499938964844,232.5,15161312
2024-01-25,211.54763793945312,237.1999969482422,244.1750030517578,235.5,238.6000061035156,21346674
2024-01-29,219.6858062744141,246.3249969482422,250.6999969482422,234.6999969482422,237.0,27869484
2024-01-30,224.83628845214844,252.1000061035156,258.92498779296875,246.5749969482422,248.4250030517578,44271876
2024-01-31,224.0113067626953,251.1750030517578,256.2749938964844,249.2749938964844,252.9750061035156,20707736
2024-02-01,226.73146057128903,254.2250061035156,257.6499938964844,249.5500030517578,252.2749938964844,14008198
2024-02-02,248.98318481445312,279.17498779296875,286.20001220703125,258.0,258.67498779296875,77556082
2024-02-05,256.29638671875,287.375,294.3999938964844,278.5249938964844,283.0,45025890
2024-02-06,271.7031555175781,304.6499938964844,307.3500061035156,285.3500061035156,289.9750061035156,45260656
2024-02-07,268.4701843261719,301.0249938964844,310.0,299.6499938964844,308.3999938964844,28791718
2024-02-08,276.6975402832031,310.25,317.67498779296875,303.20001220703125,304.0,37522588
2024-02-09,273.93280029296875,307.1499938964844,311.8500061035156,296.1499938964844,311.5,29524266
2024-02-12,263.2974548339844,295.2250061035156,309.29998779296875,291.875,307.3999938964844,17042236
2024-02-13,260.5550231933594,292.1499938964844,298.2749938964844,290.17498779296875,295.9750061035156,12659942
2024-02-14,278.1022033691406,311.82501220703125,314.67498779296875,291.0,291.0,47987362
2024-02-15,291.07867431640625,326.375,328.4750061035156,311.54998779296875,315.0,51245018
2024-02-16,291.9036560058594,327.29998779296875,343.9750061035156,325.95001220703125,333.0,55744810
2024-02-19,290.989501953125,326.2749938964844,333.3500061035156,325.42498779296875,329.95001220703125,24997270
2024-02-20,293.24139404296875,328.79998779296875,332.0,318.625,326.2749938964844,20913510
2024-02-21,282.36083984375,316.6000061035156,333.92498779296875,315.0,331.79998779296875,17722264
2024-02-22,279.1055603027344,312.95001220703125,315.42498779296875,305.42498779296875,314.5,27653580
2024-02-23,275.5604248046875,308.9750061035156,314.75,307.625,311.0249938964844,12564690
2024-02-26,279.6629333496094,313.57501220703125,316.79998779296875,302.04998779296875,308.5,23264196
2024-02-27,278.7265319824219,312.5249938964844,316.3500061035156,308.1499938964844,313.54998779296875,14881202
2024-02-28,271.7031555175781,304.6499938964844,312.7749938964844,303.04998779296875,312.42498779296875,12645922
2024-02-29,269.2728271484375,301.92498779296875,305.8999938964844,297.2250061035156,304.5,20515464
2024-03-01,277.9461364746094,311.6499938964844,313.625,304.5,305.5,15763236
2024-03-04,285.5937805175781,320.2250061035156,321.625,310.42498779296875,312.6000061035156,14804172
2024-03-05,287.6673583984375,322.54998779296875,324.75,316.04998779296875,320.5249938964844,12317936
2024-03-06,284.6573181152344,319.17498779296875,326.5,312.625,321.5,18258188
2024-03-07,278.5704345703125,312.3500061035156,320.57501220703125,311.0,318.5,11968574
2024-03-11,279.3285522460937,313.20001220703125,319.3500061035156,306.0249938964844,308.5,15353008
2024-03-12,278.9049072265625,312.7250061035156,317.67498779296875,308.32501220703125,313.5,14074364
2024-03-13,266.552734375,298.875,314.0,297.1000061035156,314.0,14910184
2024-03-14,271.4578857421875,304.375,307.0,296.20001220703125,298.875,19372474
2024-03-15,261.51373291015625,293.2250061035156,300.0,279.5,294.125,57039318
2024-03-18,259.66314697265625,291.1499938964844,296.3999938964844,290.1499938964844,293.2250061035156,10980494
2024-03-19,248.69337463378903,278.8500061035156,290.42498779296875,278.20001220703125,290.0,21665634
2024-03-20,252.68438720703125,283.32501220703125,286.20001220703125,280.1499938964844,280.5,17528566
2024-03-21,262.11572265625,293.8999938964844,294.8500061035156,286.2749938964844,287.0,16625332
2024-03-22,264.34539794921875,296.3999938964844,302.2250061035156,292.2749938964844,294.5,21445540
2024-03-26,267.4891662597656,299.92498779296875,301.8999938964844,292.67498779296875,293.20001220703125,13567050
2024-03-27,265.4156188964844,297.6000061035156,305.875,296.6499938964844,302.5,10893576
2024-03-28,268.62628173828125,301.20001220703125,305.625,298.79998779296875,300.45001220703125,12168632
2024-04-01,267.86822509765625,300.3500061035156,304.4750061035156,299.07501220703125,301.5,6260114
2024-04-02,274.6016845703125,307.8999938964844,310.1499938964844,300.0,302.5,18944588
2024-04-03,272.4389953613281,305.4750061035156,309.67498779296875,304.3999938964844,306.5,12456516
2024-04-04,266.88720703125,299.25,308.04998779296875,297.7250061035156,307.0,15187270
2024-04-05,263.2974548339844,295.2250061035156,297.1499938964844,290.125,296.7749938964844,17546990
2024-04-08,263.96630859375,295.9750061035156,301.79998779296875,295.29998779296875,297.9750061035156,11628512
2024-04-09,261.2015991210937,292.875,298.6000061035156,291.75,298.6000061035156,9089852
2024-04-10,269.6742248535156,302.375,304.3500061035156,292.5,294.6499938964844,22286674
2024-04-12,268.0911560058594,300.6000061035156,306.42498779296875,299.5,302.375,13419366
2024-04-15,262.8961486816406,294.7749938964844,299.8999938964844,287.20001220703125,295.1000061035156,16619074
2024-04-16,264.1224060058594,296.1499938964844,300.0,289.2749938964844,292.5,11546770
2024-04-18,262.9184265136719,294.79998779296875,308.79998779296875,292.7749938964844,302.25,25834400
2024-04-19,261.2238464355469,292.8999938964844,294.95001220703125,282.1000061035156,289.0,20996084
2024-04-22,269.094482421875,301.7250061035156,304.3999938964844,296.5,297.42498779296875,17525618
2024-04-23,264.4345397949219,296.5,304.75,295.875,304.1499938964844,11440602
2024-04-24,264.5906066894531,296.67498779296875,299.42498779296875,296.0,299.0,9778936
2024-04-25,269.0722351074219,301.70001220703125,302.8999938964844,294.0249938964844,296.67498779296875,14346756
2024-04-26,271.7700500488281,304.7250061035156,307.3500061035156,299.54998779296875,301.1499938964844,9905056
2024-04-29,275.9394836425781,309.3999938964844,312.25,303.6000061035156,307.4750061035156,15908852
2024-04-30,270.8336181640625,303.67498779296875,312.2749938964844,301.70001220703125,312.0,12520696
2024-05-02,283.0074462890625,317.32501220703125,318.5249938964844,307.25,309.0,31766132
2024-05-03,280.8669128417969,314.92498779296875,320.8500061035156,312.54998779296875,320.0,8997336
2024-05-06,272.12677001953125,305.125,317.6000061035156,303.07501220703125,317.5,9472036
2024-05-07,269.4735107421875,302.1499938964844,314.2250061035156,301.0,311.25,19902238
2024-05-08,276.6083679199219,310.1499938964844,312.1499938964844,301.7250061035156,304.0,13939168
2024-05-09,264.0555419921875,296.07501220703125,312.5,295.0249938964844,312.5,19938848
2024-05-10,275.87255859375,309.32501220703125,310.9750061035156,300.7749938964844,307.5,44164342
2024-05-13,270.6329650878906,303.45001220703125,312.4750061035156,295.8999938964844,312.4750061035156,22898652
2024-05-14,270.2093505859375,302.9750061035156,308.8500061035156,301.07501220703125,306.20001220703125,12813314
2024-05-15,278.7265319824219,312.5249938964844,314.0,303.5249938964844,304.5,18835012
2024-05-16,275.91717529296875,309.375,316.67498779296875,305.5249938964844,316.0,26886936
2024-05-17,280.17578125,314.1499938964844,314.75,309.17498779296875,309.8500061035156,10203386
2024-05-21,287.1768493652344,322.0,324.5,312.5,315.0,21247760
2024-05-22,285.6161193847656,320.25,325.3500061035156,315.5249938964844,324.95001220703125,14673810
2024-05-23,288.7152709960937,323.7250061035156,327.04998779296875,320.29998779296875,322.5,14982550
2024-05-24,291.6806640625,327.04998779296875,331.67498779296875,320.79998779296875,323.5,16208524
2024-05-27,292.5502624511719,328.0249938964844,330.875,323.25,328.3999938964844,12493582
2024-05-28,288.2916259765625,323.25,329.5,321.29998779296875,328.9750061035156,8950082
2024-05-29,282.5168762207031,316.7749938964844,321.4750061035156,316.20001220703125,320.0,10753416
2024-05-30,279.0386657714844,312.875,318.3999938964844,311.75,317.0249938964844,9645688
2024-05-31,279.9527587890625,313.8999938964844,317.20001220703125,308.79998779296875,315.0,18484104
2024-06-03,297.0541076660156,333.07501220703125,343.5,325.8500061035156,332.5,33828234
2024-06-04,258.72674560546875,290.1000061035156,335.0,283.3500061035156,335.0,45748526
2024-06-05,259.1280212402344,290.54998779296875,301.0249938964844,267.1000061035156,301.0249938964844,47388174
2024-06-06,260.48809814453125,292.07501220703125,303.7250061035156,290.125,295.5249938964844,37934232
2024-06-07,267.4668884277344,299.8999938964844,301.0,290.6000061035156,292.5,21620630
2024-06-10,268.7154541015625,301.29998779296875,304.92498779296875,300.125,302.6499938964844,14828594
2024-06-11,270.7667236328125,303.6000061035156,306.3500061035156,296.79998779296875,303.1499938964844,27027544
2024-06-12,273.5091247558594,306.67498779296875,311.92498779296875,306.2250061035156,310.75,23479388
2024-06-13,276.1847229003906,309.67498779296875,310.75,306.75,309.5,12050324
2024-06-14,279.44000244140625,313.32501220703125,314.6499938964844,309.125,311.1499938964844,14628644
2024-06-18,281.335205078125,315.45001220703125,317.5,313.20001220703125,317.5,15884950
2024-06-19,274.6016845703125,307.8999938964844,317.1000061035156,307.5,317.1000061035156,19648006
2024-06-20,279.2616271972656,313.125,314.3999938964844,306.3999938964844,310.0,18076646
2024-06-21,274.33416748046875,307.6000061035156,319.0,305.1000061035156,318.0,30004484
2024-06-24,272.2382507324219,305.25,309.70001220703125,303.29998779296875,309.70001220703125,7557297
2024-06-25,264.25616455078125,296.29998779296875,306.45001220703125,294.79998779296875,305.25,15630568
2024-06-26,266.12908935546875,298.3999938964844,300.8500061035156,296.25,298.0,7973173
2024-06-27,271.88153076171875,304.8500061035156,307.0,296.04998779296875,298.79998779296875,12487595
2024-06-28,271.0788879394531,303.95001220703125,306.6000061035156,301.54998779296875,305.8500061035156,9077880
2024-07-01,271.61395263671875,304.54998779296875,306.8500061035156,303.29998779296875,305.70001220703125,4793023
2024-07-02,271.4801940917969,304.3999938964844,308.25,302.20001220703125,304.0,5553786
2024-07-03,273.4422912597656,306.6000061035156,307.45001220703125,303.0,305.5,4355165
2024-07-04,270.23162841796875,303.0,308.5,301.95001220703125,306.6000061035156,6607472
2024-07-05,273.48687744140625,306.6499938964844,307.20001220703125,302.0,303.0,7684768
2024-07-08,267.110107421875,299.5,307.95001220703125,298.79998779296875,304.6000061035156,11488688
2024-07-09,267.73443603515625,300.20001220703125,302.1499938964844,296.3999938964844,301.25,18094862
2024-07-10,267.86822509765625,300.3500061035156,301.79998779296875,293.3999938964844,300.79998779296875,12134270
2024-07-11,273.4422912597656,306.6000061035156,308.0,299.6000061035156,302.0,19246022
2024-07-12,271.61395263671875,304.54998779296875,310.95001220703125,303.75,309.70001220703125,10426157
2024-07-15,274.4678955078125,307.75,309.0,304.1499938964844,306.0,8687357
2024-07-16,281.7810974121094,315.95001220703125,319.25,308.0,308.0,28132502
2024-07-18,283.7431945800781,318.1499938964844,319.0,312.70001220703125,318.5,19588548
2024-07-19,270.9450988769531,303.79998779296875,318.1499938964844,301.79998779296875,318.1499938964844,19823046
2024-07-22,274.9138488769531,308.25,317.1499938964844,300.1000061035156,304.54998779296875,27102699
2024-07-23,272.9071655273437,306.0,312.29998779296875,296.1000061035156,311.45001220703125,24287234
2024-07-24,280.8892822265625,314.95001220703125,315.8500061035156,304.8500061035156,306.3999938964844,16934157
2024-07-25,290.8780212402344,326.1499938964844,327.1499938964844,310.79998779296875,312.95001220703125,30554549
2024-07-26,293.24139404296875,328.79998779296875,329.3999938964844,323.3999938964844,327.95001220703125,21839106
2024-07-29,301.3572692871094,337.8999938964844,338.95001220703125,331.04998779296875,333.3999938964844,20234464
2024-07-30,310.5433959960937,348.20001220703125,359.04998779296875,337.29998779296875,338.54998779296875,45785745
2024-07-31,312.1933288574219,350.04998779296875,354.1000061035156,346.1499938964844,352.0,17224023
2024-08-01,311.3460693359375,349.1000061035156,351.8999938964844,344.6000061035156,351.0,16959971
2024-08-02,309.5623474121094,347.1000061035156,350.95001220703125,340.04998779296875,346.8999938964844,15120989
2024-08-05,304.7463684082031,341.70001220703125,346.95001220703125,334.3999938964844,342.0,23868328
2024-08-06,298.5033569335937,334.70001220703125,349.6499938964844,333.3999938964844,343.0,13702018
2024-08-07,306.48541259765625,343.6499938964844,347.75,337.3999938964844,341.20001220703125,14250381
2024-08-08,301.71405029296875,338.29998779296875,343.95001220703125,332.79998779296875,343.95001220703125,15378854
2024-08-09,306.8683776855469,333.3999938964844,336.70001220703125,329.79998779296875,333.1499938964844,11351617
2024-08-12,306.8683776855469,333.3999938964844,336.79998779296875,330.20001220703125,331.79998779296875,12253716
2024-08-13,296.0994873046875,321.70001220703125,332.75,321.0,331.95001220703125,9757429
2024-08-14,299.182861328125,325.04998779296875,327.45001220703125,320.6499938964844,321.70001220703125,8457477
2024-08-16,306.0400390625,332.5,333.79998779296875,326.04998779296875,326.04998779296875,8214443
2024-08-19,316.4407653808594,343.79998779296875,345.54998779296875,336.3500061035156,337.79998779296875,17875728
2024-08-20,321.5951538085937,349.3999938964844,354.1000061035156,347.3999938964844,348.95001220703125,22888866
2024-08-21,323.2518920898437,351.20001220703125,355.6000061035156,348.1499938964844,349.3500061035156,14795459
2024-08-22,322.23944091796875,350.1000061035156,355.1000061035156,348.54998779296875,354.6000061035156,10244576
2024-08-23,324.1723327636719,352.20001220703125,358.0,349.54998779296875,349.79998779296875,15872017
2024-08-26,323.2059020996094,351.1499938964844,355.8999938964844,349.0,355.45001220703125,6672007
2024-08-27,321.2729797363281,349.04998779296875,350.75,343.5,348.0,9683173
2024-08-28,320.444580078125,348.1499938964844,355.75,346.6499938964844,348.5,7295981
2024-08-29,328.0841369628906,356.45001220703125,357.54998779296875,347.1499938964844,349.79998779296875,13054801
2024-08-30,329.1885986328125,357.6499938964844,365.5,354.75,359.95001220703125,20312502
2024-09-02,329.9249572753906,358.45001220703125,367.2000122070313,357.5,361.0,14344785
2024-09-03,327.1176452636719,355.3999938964844,359.70001220703125,353.5,359.5,9289259
2024-09-04,328.8204650878906,357.25,363.9500122070313,354.6499938964844,355.3999938964844,19416507
2024-09-05,331.99591064453125,360.7000122070313,364.3500061035156,355.75,359.5,15927510
2024-09-06,324.12628173828125,352.1499938964844,365.25,351.04998779296875,362.3500061035156,19044553
2024-09-09,320.1224670410156,347.79998779296875,353.54998779296875,347.1000061035156,352.1000061035156,9200270
2024-09-10,318.4197082519531,345.95001220703125,351.5,344.6499938964844,349.0,8137710
2024-09-11,313.1733093261719,340.25,352.79998779296875,338.54998779296875,349.95001220703125,12194591
2024-09-12,316.9010009765625,344.29998779296875,346.20001220703125,340.3999938964844,343.45001220703125,15970391
2024-09-13,315.06011962890625,342.29998779296875,349.75,341.6499938964844,346.0,11006109
2024-09-16,313.5414428710937,340.6499938964844,344.8999938964844,340.0,344.8999938964844,4850244
2024-09-17,311.47052001953125,338.3999938964844,340.8500061035156,335.04998779296875,339.95001220703125,7237522
2024-09-18,309.3535461425781,336.1000061035156,339.8999938964844,334.45001220703125,339.0,4111826
2024-09-19,298.6306457519531,324.45001220703125,337.95001220703125,322.95001220703125,337.95001220703125,12549677
2024-09-20,304.8434753417969,331.20001220703125,333.1000061035156,324.45001220703125,326.45001220703125,14642546
2024-09-23,311.1943664550781,338.1000061035156,339.5,331.29998779296875,333.0,6110287
2024-09-24,312.16082763671875,339.1499938964844,343.20001220703125,336.70001220703125,338.54998779296875,7068491
2024-09-25,312.7590637207031,339.79998779296875,341.79998779296875,335.1499938964844,341.0,6087353
2024-09-26,317.6373291015625,345.1000061035156,346.95001220703125,335.1499938964844,340.0,9517367
2024-09-27,338.0707092285156,367.2999877929688,370.5,346.3500061035156,347.0,40756678
2024-09-30,340.5097961425781,369.9500122070313,376.0,360.1499938964844,367.1499938964844,23860696
2024-10-01,338.9450988769531,368.25,373.3500061035156,364.1499938964844,370.0,9440793
2024-10-03,321.08892822265625,348.8500061035156,361.6000061035156,347.0,353.75,20754875
2024-10-04,313.1733093261719,340.25,347.95001220703125,334.3500061035156,342.5,18185208
2024-10-07,308.3410949707031,335.0,343.29998779296875,332.79998779296875,342.0,7847806
2024-10-08,311.10235595703125,338.0,339.45001220703125,328.25,331.5,9565667
2024-10-09,311.8846740722656,338.8500061035156,350.0,337.75,345.0,13523561
2024-10-10,308.7552795410156,335.45001220703125,343.29998779296875,334.54998779296875,342.0,5706365
2024-10-11,310.7801818847656,337.6499938964844,339.3999938964844,334.0,335.45001220703125,4046559
2024-10-14,313.6335144042969,340.75,344.6000061035156,337.25,340.0,7967181
2024-10-15,320.99688720703125,348.75,351.5,343.8999938964844,344.20001220703125,17183945
2024-10-16,322.8377380371094,350.75,355.8999938964844,348.04998779296875,352.0,17073700
2024-10-17,315.4283447265625,342.70001220703125,350.6000061035156,341.8500061035156,349.1499938964844,11023063
2024-10-18,315.2442321777344,342.5,343.8999938964844,334.29998779296875,342.70001220703125,7328694
2024-10-21,305.2576599121094,331.6499938964844,345.5,330.20001220703125,342.54998779296875,8609636
2024-10-22,297.2039489746094,322.8999938964844,332.54998779296875,322.0,332.0,6372285
2024-10-23,297.342041015625,323.04998779296875,325.8500061035156,316.54998779296875,322.0,6639274
2024-10-24,295.869384765625,321.45001220703125,325.3999938964844,320.0,323.0,5706821
2024-10-25,281.9249572753906,306.29998779296875,323.6000061035156,303.1000061035156,323.45001220703125,11583887
2024-10-28,285.69873046875,310.3999938964844,315.5,305.29998779296875,307.29998779296875,13299872
2024-10-29,286.6651611328125,311.45001220703125,312.95001220703125,302.25,312.0,8437903
2024-10-30,286.527099609375,311.29998779296875,314.8999938964844,307.3500061035156,309.0,6248318
2024-10-31,286.0208740234375,310.75,316.20001220703125,307.79998779296875,310.5,11375689
2024-11-01,288.091796875,313.0,313.8500061035156,311.79998779296875,311.95001220703125,710149
2024-11-04,279.3017883300781,303.45001220703125,313.5,298.1000061035156,313.0,14063318
2024-11-05,283.4437255859375,307.95001220703125,309.04998779296875,300.20001220703125,301.0,9542018
2024-11-06,291.7734680175781,317.0,319.0,307.25,311.79998779296875,10787602
2024-11-07,289.93267822265625,315.0,317.70001220703125,311.1000061035156,316.3500061035156,7387875
2024-11-08,285.7447509765625,310.45001220703125,315.1000061035156,306.79998779296875,315.0,9304376
2024-11-11,287.6776428222656,312.54998779296875,314.0,304.04998779296875,308.0,5277147
2024-11-12,285.1464538574219,309.79998779296875,318.54998779296875,309.04998779296875,314.1000061035156,7192998
2024-11-13,281.51080322265625,305.8500061035156,309.0,302.0,307.95001220703125,7306795
2024-11-14,274.4696044921875,298.20001220703125,306.0,296.3999938964844,305.79998779296875,11061057
2024-11-18,266.185791015625,289.20001220703125,299.6499938964844,288.29998779296875,298.1499938964844,7940666
2024-11-19,264.6210632324219,287.5,297.8999938964844,286.5,292.6499938964844,9912544
2024-11-21,259.9269104003906,282.3999938964844,287.45001220703125,279.3500061035156,287.45001220703125,8273120
2024-11-22,263.1023864746094,285.8500061035156,287.0,281.04998779296875,282.6000061035156,6539977
2024-11-25,272.9508972167969,296.54998779296875,304.3999938964844,292.0,292.04998779296875,16903527
2024-11-26,270.4657897949219,293.8500061035156,301.0,293.3500061035156,297.95001220703125,5160007
2024-11-27,270.0975952148437,293.45001220703125,297.0,291.04998779296875,296.95001220703125,5995425
2024-11-28,267.7965393066406,290.95001220703125,298.75,289.5,294.45001220703125,13130411
2024-11-29,268.8550109863281,292.1000061035156,294.25,289.3999938964844,292.3999938964844,8125467
2024-12-02,270.7418518066406,294.1499938964844,295.8999938964844,290.5,292.6499938964844,5193026
2024-12-03,270.8338928222656,294.25,297.79998779296875,292.04998779296875,297.5,9198285
2024-12-04,270.2816772460937,293.6499938964844,299.54998779296875,292.8500061035156,294.20001220703125,9840659
2024-12-05,273.36505126953125,297.0,298.25,291.29998779296875,295.1000061035156,9287638
2024-12-06,276.4485168457031,300.3500061035156,303.8999938964844,296.3999938964844,297.8999938964844,9586531
2024-12-09,279.3017883300781,303.45001220703125,304.20001220703125,299.1000061035156,300.95001220703125,11637358
2024-12-10,279.34783935546875,303.5,306.70001220703125,300.8500061035156,302.29998779296875,8649367
2024-12-11,282.9834899902344,307.45001220703125,308.95001220703125,302.1000061035156,303.45001220703125,10867782
2024-12-12,278.105224609375,302.1499938964844,307.45001220703125,301.29998779296875,307.04998779296875,7454904
2024-12-13,277.6910705566406,301.70001220703125,305.1499938964844,296.0,302.0,7726611
2024-12-16,274.2394714355469,297.95001220703125,301.70001220703125,295.79998779296875,300.95001220703125,8696443
2024-12-17,269.6833801269531,293.0,299.8500061035156,292.1000061035156,299.8500061035156,8415828
2024-12-18,265.3573913574219,288.29998779296875,293.0,287.6499938964844,291.75,6535229
2024-12-19,271.1100158691406,294.54998779296875,295.8500061035156,282.04998779296875,282.04998779296875,11822064
2024-12-20,266.0477294921875,289.04998779296875,299.20001220703125,287.0,293.54998779296875,9979749
2024-12-23,266.0937805175781,289.1000061035156,294.8999938964844,288.0,292.0,6819725
2024-12-24,268.76300048828125,292.0,295.45001220703125,287.3500061035156,289.95001220703125,7937629
2024-12-26,272.0765075683594,295.6000061035156,299.29998779296875,292.54998779296875,294.8500061035156,11310555
2024-12-27,270.1895751953125,293.54998779296875,297.3999938964844,292.5,295.04998779296875,3708404
2024-12-30,269.95953369140625,293.29998779296875,295.25,289.75,293.54998779296875,8236910
2024-12-31,269.1771545410156,292.45001220703125,294.3999938964844,290.79998779296875,291.45001220703125,4161509
2025-01-01,271.80035400390625,295.29998779296875,295.8999938964844,290.29998779296875,292.29998779296875,3545200
2025-01-02,273.2730407714844,296.8999938964844,297.70001220703125,291.79998779296875,295.29998779296875,6846413
2025-01-03,272.81280517578125,296.3999938964844,299.1499938964844,294.3500061035156,296.0,4806469
2025-01-06,262.1819763183594,284.8500061035156,297.25,284.1000061035156,296.3999938964844,7361716
2025-01-07,260.2950744628906,282.79998779296875,290.5,280.70001220703125,287.1000061035156,8306436
2025-01-08,263.9767761230469,286.79998779296875,287.8999938964844,280.5,282.79998779296875,6037032
2025-01-09,257.7179260253906,280.0,287.8500061035156,279.04998779296875,287.0,6215902
2025-01-10,255.55491638183597,277.6499938964844,283.5,275.6000061035156,280.5,9073218
2025-01-13,244.18772888183597,265.29998779296875,274.70001220703125,264.25,271.25,10488655
2025-01-14,248.69781494140625,270.20001220703125,271.5,266.0,267.1000061035156,6710730
2025-01-15,245.7524261474609,267.0,275.8999938964844,265.25,273.8999938964844,13448052
2025-01-16,245.660400390625,266.8999938964844,268.95001220703125,263.5,267.3500061035156,13754046
2025-01-17,251.82720947265625,273.6000061035156,275.20001220703125,267.25,268.79998779296875,9300647
2025-01-20,255.2327880859375,277.29998779296875,278.3999938964844,268.79998779296875,275.0,9623368
2025-01-21,257.90203857421875,280.20001220703125,287.0,278.1499938964844,278.54998779296875,15304149
2025-01-22,255.5089111328125,277.6000061035156,283.54998779296875,274.04998779296875,282.0,6301894
2025-01-23,249.6642303466797,271.25,285.0,270.29998779296875,283.0,18806324
2025-01-24,242.80709838867188,263.79998779296875,279.3999938964844,263.0,274.0,18480516
2025-01-27,240.5060272216797,261.29998779296875,263.70001220703125,258.3500061035156,263.70001220703125,10083126
2025-01-28,237.51466369628903,258.04998779296875,263.8999938964844,254.3000030517578,262.25,13321189
2025-01-29,241.22218322753903,257.0,257.95001220703125,251.5,256.95001220703125,9435973
2025-01-30,241.3629608154297,257.1499938964844,260.8999938964844,256.5,259.8999938964844,9410974
2025-01-31,245.0704498291016,261.1000061035156,262.0,254.25,257.8999938964844,8790578
2025-02-01,239.95504760742188,255.6499938964844,262.04998779296875,248.0,261.75,11464565
2025-02-03,234.22955322265625,249.5500030517578,251.8000030517578,242.1999969482422,250.9499969482422,21517136
2025-02-04,240.2366485595703,255.9499969482422,256.6499938964844,250.1999969482422,250.6499938964844,7000612
2025-02-05,245.21124267578125,261.25,265.6499938964844,260.25,260.25,10088345
2025-02-06,246.4314422607422,262.54998779296875,267.20001220703125,261.6499938964844,263.0,14058587
2025-02-07,248.07400512695312,264.29998779296875,264.8999938964844,260.04998779296875,262.1000061035156,6557480
2025-02-10,243.94415283203125,259.8999938964844,265.79998779296875,257.5,264.54998779296875,8052376
2025-02-11,239.4857482910156,255.1499938964844,259.75,253.75,259.5,6819100
2025-02-12,239.9081268310547,255.6000061035156,256.79998779296875,249.0500030517578,255.1499938964844,6568833
2025-02-13,240.0489196777344,255.75,260.1000061035156,255.0,256.20001220703125,5514711
2025-02-14,235.5905303955078,251.0,258.6000061035156,247.4499969482422,256.3999938964844,5205573
2025-02-17,236.8107147216797,252.3000030517578,253.5500030517578,246.3500061035156,251.0,5899597
2025-02-18,237.23309326171875,252.75,253.5500030517578,246.8500061035156,252.25,5534272
2025-02-19,239.9081268310547,255.6000061035156,256.45001220703125,249.5500030517578,251.0,6887175
2025-02-20,242.72393798828125,258.6000061035156,259.6499938964844,253.1999969482422,254.0,8155780
2025-02-21,235.87210083007807,251.3000030517578,259.3999938964844,250.6499938964844,258.0,9845416
2025-02-24,235.5905303955078,251.0,253.5,248.75,251.25,6773845
2025-02-25,233.19708251953125,248.4499969482422,252.8999938964844,247.6999969482422,251.8999938964844,4172676
2025-02-27,229.72422790527344,244.75,249.3999938964844,242.1000061035156,248.4499969482422,7376510
2025-02-28,222.7316131591797,237.3000030517578,244.0500030517578,236.1499938964844,244.0500030517578,14066882
2025-03-03,227.52789306640625,242.41000366210935,243.63999938964844,234.00999450683597,239.0,6864635
2025-03-04,234.5768280029297,249.9199981689453,250.94000244140625,236.1000061035156,241.0,7201075
2025-03-05,240.1333923339844,255.83999633789065,256.92999267578125,249.8999938964844,249.8999938964844,7802519
2025-03-06,248.76858520507807,265.0400085449219,265.95001220703125,259.0,260.0,12828381
2025-03-07,245.22067260742188,261.260009765625,265.7900085449219,260.0,264.9599914550781,7057204
2025-03-10,241.15646362304688,256.92999267578125,265.9599914550781,256.0599975585937,261.260009765625,8487911
2025-03-11,248.3368225097656,264.5799865722656,264.9700012207031,254.3500061035156,255.9900054931641,12306539
2025-03-12,249.97000122070312,266.32000732421875,272.0,263.3999938964844,266.5,10648004
2025-03-13,248.17724609375,264.4100036621094,266.6700134277344,262.010009765625,266.32000732421875,4545159
2025-03-17,245.37083435058597,261.4200134277344,263.69000244140625,258.3099975585937,261.1099853515625,6482574
2025-03-18,245.37083435058597,261.4200134277344,261.4200134277344,261.4200134277344,261.4200134277344,0
2025-03-19,248.9750823974609,265.260009765625,266.489990234375,263.010009765625,263.510009765625,4955027
2025-03-20,255.42330932617188,272.1300048828125,272.92999267578125,264.75,266.6000061035156,10789615
2025-03-21,262.49102783203125,279.6600036621094,285.8500061035156,271.0599975585937,272.20001220703125,26173451
2025-03-24,263.2231140136719,280.44000244140625,285.29998779296875,280.0,282.0,11376607
2025-03-25,261.9747619628906,279.1099853515625,283.9599914550781,277.17999267578125,280.57000732421875,12143699
2025-03-26,256.2492980957031,273.010009765625,283.3299865722656,272.1300048828125,278.0,9475308
2025-03-27,259.11199951171875,276.0599975585937,279.8500061035156,272.17999267578125,273.3900146484375,107524873
2025-03-28,261.3741149902344,278.4700012207031,284.3299865722656,276.29998779296875,276.989990234375,12687883
2025-04-01,267.12774658203125,284.6000061035156,287.0,275.0,275.0,20780255
2025-04-02,269.1926574707031,286.79998779296875,288.04998779296875,277.70001220703125,283.04998779296875,12058406
2025-04-03,269.1926574707031,286.79998779296875,291.3999938964844,283.0,283.0,6663148
2025-04-04,262.2939147949219,279.45001220703125,295.70001220703125,277.04998779296875,292.1499938964844,18852567
2025-04-07,256.8969421386719,273.70001220703125,279.1000061035156,262.0,262.0,15010047
2025-04-08,268.3479309082031,285.8999938964844,287.5,275.1000061035156,279.5,18994276
2025-04-09,270.2721252441406,287.95001220703125,290.6499938964844,279.6000061035156,288.70001220703125,14519066
2025-04-11,275.1997985839844,293.20001220703125,296.45001220703125,286.5,296.45001220703125,14955235
2025-04-15,276.3261108398437,294.3999938964844,296.79998779296875,291.1000061035156,296.79998779296875,8516322
2025-04-16,280.4090576171875,298.75,300.54998779296875,292.54998779296875,294.0,9064723
2025-04-17,280.0335998535156,298.3500061035156,301.75,295.45001220703125,298.0,7510897
2025-04-21,285.3836364746094,304.04998779296875,305.54998779296875,298.0,299.8500061035156,6455955
2025-04-22,287.3078308105469,306.1000061035156,308.5,302.6499938964844,305.0,7096150
2025-04-23,282.00469970703125,300.45001220703125,306.6499938964844,298.29998779296875,306.1000061035156,7400827
2025-04-24,283.45953369140625,302.0,305.5,300.29998779296875,302.95001220703125,5773985
2025-04-25,277.5462951660156,295.70001220703125,304.95001220703125,293.29998779296875,302.3500061035156,7773037
2025-04-28,290.9683837890625,310.0,310.95001220703125,293.1000061035156,293.1000061035156,14414879
2025-04-29,292.56402587890625,311.70001220703125,315.6000061035156,309.79998779296875,311.54998779296875,9522966
2025-04-30,291.01531982421875,310.04998779296875,322.45001220703125,309.0,319.0,21424437
2025-05-02,292.2824401855469,311.3999938964844,317.5,309.8999938964844,310.54998779296875,6850147
2025-05-05,301.3399963378906,321.04998779296875,325.8500061035156,316.0,317.0,16037327
2025-05-06,292.329345703125,311.45001220703125,322.20001220703125,310.54998779296875,321.1000061035156,5444873
2025-05-07,297.4447631835937,316.8999938964844,317.5,307.0,307.0,7970668
2025-05-08,289.04425048828125,307.95001220703125,320.20001220703125,305.70001220703125,315.5,5918739
2025-05-09,288.0117492675781,306.8500061035156,307.3500061035156,301.3500061035156,302.54998779296875,4955934
2025-05-12,290.0766906738281,309.04998779296875,315.95001220703125,307.1499938964844,315.0,6844271
2025-05-13,288.0586853027344,306.8999938964844,310.6000061035156,304.5,309.04998779296875,7241358
2025-05-14,293.3149108886719,312.5,313.54998779296875,308.3999938964844,308.70001220703125,7733320
2025-05-15,297.53863525390625,317.0,320.20001220703125,313.5,314.0,7055032
2025-05-16,300.4483337402344,320.1000061035156,321.0,315.79998779296875,316.0,6861786
2025-05-19,297.72637939453125,317.20001220703125,319.54998779296875,316.1499938964844,318.54998779296875,2956007
2025-05-20,293.6903076171875,312.8999938964844,319.6499938964844,311.75,317.0,5016433
2025-05-21,296.459228515625,315.8500061035156,316.75,309.3500061035156,312.29998779296875,5232094
2025-05-22,293.8311462402344,313.04998779296875,318.8999938964844,308.70001220703125,314.8999938964844,4876801
2025-05-23,299.3219909667969,318.8999938964844,320.0,312.0,312.0,4257721
2025-05-26,303.12335205078125,322.95001220703125,323.95001220703125,319.0,319.0,5050848
2025-05-27,297.53863525390625,317.0,322.8999938964844,315.5,322.8999938964844,4716473
2025-05-28,301.9501037597656,321.70001220703125,322.6000061035156,313.75,317.0,7112876
2025-05-29,299.556640625,319.1499938964844,322.54998779296875,317.6000061035156,321.20001220703125,4000772
2025-05-30,298.8526611328125,318.3999938964844,322.3999938964844,317.0,317.54998779296875,9148638
2025-06-02,297.1632080078125,316.6000061035156,319.5,315.6499938964844,318.3999938964844,3086437
2025-06-03,290.7337341308594,309.75,320.95001220703125,309.0,315.04998779296875,7853488
2025-06-04,292.4232177734375,311.54998779296875,312.6499938964844,308.6000061035156,309.75,5925942
2025-06-05,290.7806396484375,309.79998779296875,315.3999938964844,308.25,311.1000061035156,5900170
2025-06-06,297.2570495605469,316.70001220703125,317.8500061035156,309.0,309.0,5825337
2025-06-09,300.7298889160156,320.3999938964844,321.45001220703125,315.0,317.79998779296875,3787426
2025-06-10,300.4483337402344,320.1000061035156,324.70001220703125,319.3999938964844,321.20001220703125,6489933
2025-06-11,313.35418701171875,333.8500061035156,334.5,320.29998779296875,320.29998779296875,21739121
2025-06-12,299.0873413085937,318.6499938964844,331.0,317.75,330.5,13568848
2025-06-13,293.1271667480469,312.29998779296875,314.3999938964844,299.29998779296875,305.0,13958229
2025-06-16,296.9754638671875,316.3999938964844,316.8500061035156,308.5,309.95001220703125,6893567
2025-06-17,293.5964660644531,312.79998779296875,320.45001220703125,311.70001220703125,314.0,7219608
2025-06-18,296.459228515625,315.8500061035156,316.8500061035156,309.70001220703125,312.0,10011198
2025-06-19,294.2065734863281,313.45001220703125,317.0,310.1000061035156,317.0,5399948
2025-06-20,294.2535400390625,313.5,315.8999938964844,310.0,310.8999938964844,8522458
2025-06-23,294.2065734863281,313.45001220703125,315.5,308.20001220703125,310.0,6848410
2025-06-24,299.6505126953125,319.25,327.79998779296875,317.0,325.5,11172373
2025-06-25,299.9790344238281,319.6000061035156,323.0,316.6000061035156,322.5,6658747
2025-06-26,309.5058898925781,329.75,331.0,318.8500061035156,318.8500061035156,15528180
2025-06-27,312.5563659667969,333.0,334.20001220703125,327.3999938964844,330.0,9911738
2025-06-30,311.5708312988281,331.95001220703125,337.70001220703125,330.3500061035156,334.0,5840638
2025-07-01,311.6647033691406,332.04998779296875,335.5,330.8999938964844,331.54998779296875,3921773
2025-07-02,311.4300231933594,331.79998779296875,334.95001220703125,328.79998779296875,333.70001220703125,3799017
2025-07-03,311.1484375,331.5,335.54998779296875,330.54998779296875,333.0,5049883
2025-07-04,324.94598388671875,346.20001220703125,347.70001220703125,331.8999938964844,334.0,13743465
2025-07-07,328.98199462890625,350.5,351.54998779296875,343.45001220703125,345.79998779296875,8603937
2025-07-08,333.7688903808594,355.6000061035156,358.6499938964844,348.70001220703125,350.0,12905482
2025-07-09,327.1047668457031,348.5,356.3500061035156,347.6499938964844,355.6000061035156,8039090
2025-07-10,329.40435791015625,350.95001220703125,352.8500061035156,348.04998779296875,351.79998779296875,6580919
2025-07-11,323.67889404296875,344.8500061035156,352.6499938964844,343.29998779296875,351.79998779296875,4803470
2025-07-14,323.2564697265625,344.3999938964844,348.20001220703125,342.8500061035156,345.8500061035156,5372218
2025-07-15,326.682373046875,348.04998779296875,350.5,346.1499938964844,347.6499938964844,6270256
2025-07-16,326.49468994140625,347.8500061035156,351.70001220703125,347.3999938964844,350.04998779296875,8426412
2025-07-17,325.46221923828125,346.75,349.8999938964844,344.25,349.6000061035156,4026086
2025-07-18,322.4117431640625,343.5,351.45001220703125,342.1000061035156,347.5,5631392
2025-07-21,321.5670166015625,342.6000061035156,344.70001220703125,339.45001220703125,343.5,5051058
2025-07-22,319.45513916015625,340.3500061035156,344.3500061035156,339.95001220703125,342.6000061035156,4447293
2025-07-23,323.3034362792969,344.45001220703125,345.0,336.79998779296875,341.8500061035156,5089227
2025-07-24,320.440673828125,341.3999938964844,344.8999938964844,339.70001220703125,344.45001220703125,3270996
2025-07-25,312.46246337890625,332.8999938964844,341.3999938964844,331.04998779296875,340.1000061035156,3514659
2025-07-28,312.9317932128906,333.3999938964844,338.3500061035156,331.0,332.3500061035156,5630809
2025-07-29,314.3866577148437,334.95001220703125,337.29998779296875,333.20001220703125,336.0,7809814
2025-07-30,316.3576965332031,337.04998779296875,343.54998779296875,330.0,334.0,11366010
2025-07-31,313.7376708984375,329.29998779296875,331.25,323.1000061035156,330.0,6867024
2025-08-01,302.82879638671875,317.8500061035156,329.29998779296875,316.54998779296875,329.0,4105518
2025-08-04,302.82879638671875,317.8500061035156,320.75,314.8999938964844,320.1499938964844,3536322
2025-08-05,300.2087707519531,315.1000061035156,318.0,309.54998779296875,317.0,6730701
2025-08-06,300.8280639648437,315.75,318.1499938964844,314.3999938964844,315.5,3601019
2025-08-07,295.6832275390625,310.3500061035156,314.04998779296875,307.1499938964844,313.29998779296875,5018154
2025-08-08,304.3531799316406,319.45001220703125,321.25,308.6000061035156,310.5,10028343
2025-08-11,305.78228759765625,320.95001220703125,330.0,317.20001220703125,322.25,7957794
2025-08-12,308.40234375,323.70001220703125,326.5,320.70001220703125,321.0,4392686
2025-08-13,307.259033203125,322.5,326.29998779296875,321.04998779296875,325.0,2707971
2025-08-14,303.0193176269531,318.04998779296875,331.3999938964844,317.1499938964844,327.0,10549386
2025-08-18,299.1607360839844,314.0,321.04998779296875,312.45001220703125,321.0,8091527
2025-08-19,306.2586669921875,321.45001220703125,322.20001220703125,312.70001220703125,315.20001220703125,4343312
2025-08-20,304.8295593261719,319.95001220703125,322.5,319.0,320.0,3670375
2025-08-21,304.8295593261719,319.95001220703125,323.79998779296875,318.75,321.04998779296875,3790333
2025-08-22,301.4949645996094,316.45001220703125,320.3500061035156,314.70001220703125,320.20001220703125,3007303
2025-08-25,300.87567138671875,315.79998779296875,318.95001220703125,314.5,318.95001220703125,2841339
2025-08-26,297.3505249023437,312.1000061035156,318.29998779296875,311.04998779296875,317.29998779296875,10819770
2025-08-28,296.0166931152344,310.70001220703125,315.6000061035156,310.0,315.6000061035156,8888325
2025-08-29,293.6348571777344,308.20001220703125,312.29998779296875,307.0,310.70001220703125,4334416
2025-09-01,299.8752746582031,314.75,315.54998779296875,306.79998779296875,308.5,3672180
2025-09-02,300.0658569335937,314.95001220703125,317.29998779296875,312.75,315.8999938964844,3405312
2025-09-03,299.9705810546875,314.8500061035156,320.5,314.04998779296875,314.95001220703125,6616690
2025-09-04,298.1127014160156,312.8999938964844,319.8500061035156,312.5,319.8500061035156,5225640
2025-09-05,297.73162841796875,312.5,316.45001220703125,311.5,313.0,6159420
2025-09-08,301.4949645996094,316.45001220703125,318.1499938964844,313.54998779296875,313.8999938964844,2002604
2025-09-09,299.1131286621094,313.95001220703125,320.1499938964844,313.54998779296875,317.79998779296875,6476251
2025-09-10,302.924072265625,317.95001220703125,318.25,314.75,315.5,5214899
2025-09-11,304.877197265625,320.0,326.6000061035156,317.5,318.20001220703125,7529271
2025-09-12,302.9717102050781,318.0,323.20001220703125,317.04998779296875,321.04998779296875,4705998
2025-09-15,302.7335205078125,317.75,320.70001220703125,315.70001220703125,318.29998779296875,4653626
2025-09-16,303.2098999023437,318.25,321.1000061035156,316.5,319.3500061035156,5381837
2025-09-17,308.2593994140625,323.54998779296875,324.75,319.25,319.8500061035156,7035565
2025-09-18,310.3078308105469,325.70001220703125,326.1499938964844,321.0,324.8999938964844,5615664
2025-09-19,313.975830078125,329.54998779296875,334.0,324.79998779296875,325.6000061035156,10022009
2025-09-22,310.02197265625,325.3999938964844,332.29998779296875,322.45001220703125,329.0,4768219
2025-09-23,314.78570556640625,330.3999938964844,335.20001220703125,326.8500061035156,328.70001220703125,7992615
2025-09-24,314.7380676269531,330.3500061035156,332.3999938964844,327.0,330.45001220703125,5489995
2025-09-25,314.07110595703125,329.6499938964844,332.5,327.0,329.1000061035156,5798602
2025-09-26,309.0216064453125,324.3500061035156,330.0,322.95001220703125,329.79998779296875,5692665
2025-09-29,322.121826171875,338.1000061035156,339.0,325.5,326.6499938964844,12616059
2025-09-30,323.5985412597656,339.6499938964844,342.29998779296875,337.1499938964844,339.75,6762730
2025-10-01,323.6462097167969,339.70001220703125,347.70001220703125,338.6000061035156,341.0,9814406
2025-10-03,325.40875244140625,341.54998779296875,344.8999938964844,337.6000061035156,344.0,5833883
2025-10-06,327.36187744140625,343.6000061035156,345.5,338.54998779296875,342.0,5914399
2025-10-07,325.7422180175781,341.8999938964844,346.25,341.04998779296875,343.6000061035156,5934834
2025-10-08,328.7909851074219,345.1000061035156,350.0,339.5,341.25,7955678
2025-10-09,327.74298095703125,344.0,351.0,343.1000061035156,347.25,7028656
2025-10-10,322.6934509277344,338.70001220703125,347.29998779296875,337.20001220703125,345.5,5737637
2025-10-13,321.9789123535156,337.95001220703125,342.0,335.1499938964844,340.5,6785828
2025-10-14,316.73883056640625,332.45001220703125,340.29998779296875,330.6499938964844,338.1499938964844,4343927
2025-10-15,321.9312438964844,337.8999938964844,340.75,332.04998779296875,334.95001220703125,16271995
2025-10-16,320.0257568359375,335.8999938964844,338.95001220703125,333.54998779296875,338.95001220703125,6279302
2025-10-17,319.9781188964844,335.8500061035156,338.29998779296875,332.70001220703125,336.1000061035156,7824777
2025-10-20,321.74072265625,337.70001220703125,340.04998779296875,335.5,336.25,6134873
2025-10-21,323.0268859863281,339.04998779296875,340.25,337.70001220703125,339.3999938964844,404063
2025-10-23,315.64312744140625,331.29998779296875,340.1499938964844,330.04998779296875,340.0,8457356
2025-10-24,314.8333435058594,330.45001220703125,334.3999938964844,327.20001220703125,330.1499938964844,8260920
2025-10-27,326.7902526855469,343.0,343.5,331.25,332.70001220703125,11767585
2025-10-28,324.55126953125,340.6499938964844,345.5,339.6000061035156,344.0,6156249
2025-10-29,331.6492004394531,348.1000061035156,349.0,340.8500061035156,341.8999938964844,9756868
2025-10-30,340.70025634765625,357.6000061035156,359.79998779296875,345.29998779296875,350.0,14807100
2025-10-31,339.93804931640625,356.79998779296875,360.5499877929688,355.1000061035156,358.0,7532962
2025-11-03,349.9418334960937,367.2999877929688,369.5,356.25,361.9500122070313,20107281
2025-11-04,355.3248596191406,372.9500122070313,373.9500122070313,368.1499938964844,369.8500061035156,12649509
2025-11-06,350.5611267089844,367.9500122070313,380.0,367.25,380.0,11803637
2025-11-07,357.0773010253906,367.1499938964844,367.8500061035156,359.75,360.0,11711108
2025-11-10,355.1321716308594,365.1499938964844,369.7999877929688,363.6499938964844,366.2999877929688,6934285
2025-11-11,363.88525390625,374.1499938964844,374.8500061035156,360.04998779296875,365.0,10689646
2025-11-12,365.1495971679688,375.4500122070313,379.1000061035156,373.6000061035156,375.2000122070313,9316462
2025-11-13,364.663330078125,374.9500122070313,378.75,372.1000061035156,377.1000061035156,9719258
2025-11-14,360.9675598144531,371.1499938964844,379.75,369.4500122070313,374.0,6848609
2025-11-17,363.9825134277344,374.25,381.5499877929688,372.0,372.6000061035156,9063998
2025-11-18,361.64837646484375,371.8500061035156,376.8999938964844,370.6499938964844,375.8500061035156,7729409
2025-11-19,355.6184387207031,365.6499938964844,372.8999938964844,364.8500061035156,371.8500061035156,7056032
2025-11-20,355.034912109375,365.0499877929688,368.7999877929688,363.2999877929688,367.0,9025414
2025-11-21,354.5486145019531,364.5499877929688,367.8500061035156,363.3999938964844,365.0499877929688,7177944
2025-11-24,349.7830505371094,359.6499938964844,367.25,357.79998779296875,364.5499877929688,13807356
2025-11-25,346.0873107910156,355.8500061035156,358.95001220703125,353.70001220703125,358.95001220703125,4113590
2025-11-26,357.5635681152344,367.6499938964844,368.0,356.1000061035156,356.79998779296875,7651793
2025-11-27,354.69451904296875,364.7000122070313,368.9500122070313,361.5,368.9500122070313,5180488
2025-11-28,349.2481689453125,359.1000061035156,367.0,358.6000061035156,365.7999877929688,3459790
2025-12-01,344.2880859375,354.0,361.5,352.3999938964844,361.5,4470807
2025-12-02,348.9077453613281,358.75,361.1499938964844,354.25,355.75,9468149
2025-12-03,348.5673522949219,358.3999938964844,361.0,355.79998779296875,359.0,6169622
2025-12-04,346.23321533203125,356.0,361.6000061035156,353.5,360.0,5798181
2025-12-05,350.41522216796875,360.2999877929688,361.6000061035156,353.29998779296875,356.0,3479044
2025-12-08,347.7406616210937,357.54998779296875,363.0,355.1499938964844,363.0,6762135
2025-12-09,345.30926513671875,355.04998779296875,358.75,352.95001220703125,357.54998779296875,5612269
2025-12-10,345.4065246582031,355.1499938964844,359.95001220703125,352.75,355.04998779296875,8521964
2025-12-11,341.6621398925781,351.29998779296875,356.3500061035156,349.1000061035156,355.1499938964844,4491115
2025-12-12,355.034912109375,365.0499877929688,366.6499938964844,352.5,352.5,6101145
2025-12-15,356.9314270019531,367.0,369.4500122070313,361.1000061035156,365.1000061035156,6128925
2025-12-16,358.04986572265625,368.1499938964844,369.0499877929688,361.7000122070313,366.75,4332510
2025-12-17,358.244384765625,368.3500061035156,372.8500061035156,366.0,370.0,6872112
2025-12-18,353.3815612792969,363.3500061035156,369.2000122070313,361.5,368.0,3880069
2025-12-19,355.9102478027344,365.9500122070313,367.4500122070313,362.1000061035156,363.9500122070313,6515994
2025-12-22,359.7518615722656,369.8999938964844,370.7000122070313,364.5499877929688,365.9500122070313,3949754
2025-12-23,359.84912109375,370.0,373.5,368.5499877929688,369.8999938964844,3379297
2025-12-24,355.8616027832031,365.8999938964844,371.4500122070313,364.7999877929688,369.8999938964844,2339154
2025-12-26,355.9588623046875,366.0,368.2000122070313,361.7000122070313,365.4500122070313,2997958
2025-12-29,361.40521240234375,371.6000061035156,372.0,364.7999877929688,366.0,4666863
2025-12-30,359.3628234863281,369.5,376.1499938964844,368.2000122070313,371.7999877929688,8567519
2025-12-31,373.4650268554688,384.0,386.0,369.0,369.5,12051156
2026-01-01,371.0335998535156,381.5,388.1499938964844,379.1499938964844,386.3999938964844,6554899
2026-01-02,370.9849853515625,381.4500122070313,385.6000061035156,377.8999938964844,382.0,3614573
2026-01-05,367.5323791503906,377.8999938964844,385.4500122070313,374.3999938964844,380.0,5243413
2026-01-06,360.6271667480469,370.7999877929688,377.7999877929688,364.0,377.75,6881934
2026-01-07,358.0985107421875,368.2000122070313,373.3999938964844,366.5,371.5499877929688,6613161
2026-01-08,344.8229675292969,354.54998779296875,366.5499877929688,352.20001220703125,366.2000122070313,7714421
2026-01-09,344.4339599609375,354.1499938964844,359.6499938964844,352.20001220703125,353.0,5252007
2026-01-12,348.9077453613281,358.75,359.1000061035156,349.54998779296875,353.6000061035156,4474234
2026-01-13,345.35791015625,355.1000061035156,360.1499938964844,352.04998779296875,360.0,3681627
2026-01-14,347.1084899902344,356.8999938964844,358.5,351.1499938964844,354.5,7777436
2026-01-15,347.1084899902344,356.8999938964844,356.8999938964844,356.8999938964844,356.8999938964844,0
2026-01-16,353.2356872558594,363.2000122070313,367.75,358.0,358.0,6243090
2026-01-19,351.33917236328125,361.25,367.0,358.95001220703125,364.0,4545354
2026-01-20,345.4551696777344,355.20001220703125,361.0,353.0,361.0,6408732
2026-01-21,342.2943115234375,351.95001220703125,358.75,345.5,354.0,6076732
2026-01-22,344.4339599609375,354.1499938964844,361.2000122070313,353.79998779296875,355.0,4615713
2026-01-23,339.5711364746094,349.1499938964844,361.8999938964844,348.20001220703125,356.0,5338663
2026-01-27,347.59478759765625,357.3999938964844,359.8999938964844,350.54998779296875,358.0,11887552
2026-01-28,352.40899658203125,362.3500061035156,365.8999938964844,357.3999938964844,360.5,12428097
2026-01-29,356.8828125,366.9500122070313,367.8999938964844,357.25,362.3500061035156,14186586
2026-01-30,354.5,364.5,368.0,359.5,366.7000122070313,12639803
2026-02-02,366.7000122070313,366.7000122070313,367.6000061035156,351.0,353.0,12038292
2026-02-03,373.4500122070313,373.4500122070313,374.7000122070313,358.29998779296875,372.0,12411365
2026-02-04,382.4500122070313,382.4500122070313,383.2000122070313,370.3500061035156,373.0,8138573
2026-02-05,382.0499877929688,382.0499877929688,391.6499938964844,378.3500061035156,386.0,8446290
2026-02-06,386.3500061035156,386.3500061035156,386.8999938964844,381.3500061035156,382.5,7988984
2026-02-09,388.2999877929688,388.2999877929688,389.5,382.8999938964844,386.5,5171617
2026-02-10,386.3500061035156,386.3500061035156,388.0,381.8999938964844,386.0,3114005
2026-02-11,387.6000061035156,387.6000061035156,390.8999938964844,386.0,388.0,5156493
2026-02-12,377.7000122070313,377.7000122070313,389.5,373.5499877929688,387.0499877929688,6352805
2026-02-13,374.1000061035156,374.1000061035156,378.3999938964844,372.9500122070313,377.4500122070313,2696607
2026-02-16,374.3500061035156,374.3500061035156,375.2999877929688,369.0499877929688,372.6499938964844,1709180
2026-02-17,374.9500122070313,374.9500122070313,375.7999877929688,366.5499877929688,374.3500061035156,2646518
2026-02-18,380.8999938964844,380.8999938964844,381.3999938964844,375.75,377.0,2527223
2026-02-19,367.6499938964844,367.6499938964844,378.8500061035156,365.0,377.4500122070313,5506935
2026-02-20,366.2999877929688,366.2999877929688,367.8999938964844,362.2999877929688,364.8500061035156,6928709
2026-02-23,372.1000061035156,372.1000061035156,376.7000122070313,366.6499938964844,370.0,7760029
2026-02-24,374.4500122070313,374.4500122070313,376.0,369.0,370.0,7718539
2026-02-25,381.0499877929688,381.0499877929688,381.8999938964844,374.0,376.1000061035156,7003584
2026-02-26,386.0,386.0,387.0,378.5499877929688,380.0,4800186
2026-02-27,385.3999938964844,385.3999938964844,389.8999938964844,382.5,386.6499938964844,9020770
2026-03-02,374.7999877929688,374.7999877929688,376.9500122070313,367.1000061035156,368.0,14939455
2026-03-04,356.3999938964844,356.3999938964844,367.8500061035156,352.70001220703125,365.0,13534628
2026-03-05,360.3500061035156,360.3500061035156,362.5,351.1000061035156,356.6499938964844,12170764
2026-03-06,352.75,352.75,362.0499877929688,351.20001220703125,362.0499877929688,10536915
2026-03-09,331.1499938964844,331.1499938964844,341.45001220703125,322.79998779296875,341.3500061035156,34756111
2026-03-10,325.8999938964844,325.8999938964844,342.20001220703125,324.3500061035156,336.5,15916729
2026-03-11,325.04998779296875,325.04998779296875,328.8999938964844,322.75,326.0,13909498
2026-03-12,326.3500061035156,326.3500061035156,330.3500061035156,314.0,318.70001220703125,11176171
2026-03-13,319.29998779296875,319.29998779296875,325.3500061035156,318.1499938964844,323.6499938964844,7556076
2026-03-16,304.95001220703125,304.95001220703125,318.45001220703125,301.1000061035156,314.8999938964844,18589204
2026-03-17,300.04998779296875,300.04998779296875,305.8999938964844,298.1499938964844,305.29998779296875,16467622
2026-03-18,303.70001220703125,303.70001220703125,307.45001220703125,299.6000061035156,300.79998779296875,9223774
2026-03-19,286.0,286.0,298.0,284.3999938964844,298.0,15494502
2026-03-20,287.79998779296875,287.79998779296875,295.8500061035156,286.95001220703125,288.5,16601274
2026-03-23,271.29998779296875,271.29998779296875,281.0,270.0,280.04998779296875,14357554
2026-03-24,282.25,282.25,283.0,270.70001220703125,280.0,19542984
2026-03-25,284.54998779296875,284.54998779296875,289.75,281.79998779296875,288.20001220703125,18451485
2026-03-27,282.70001220703125,282.70001220703125,298.5,280.79998779296875,290.0,29524543
2026-03-30,281.0,281.0,285.25,273.1000061035156,274.95001220703125,14757987
2026-04-01,281.25,281.25,292.0,280.1000061035156,292.0,16919233
2026-04-02,278.1499938964844,278.1499938964844,281.1499938964844,266.6000061035156,275.29998779296875,13404373
2026-04-06,278.70001220703125,278.70001220703125,279.95001220703125,272.1499938964844,277.75,11923889
2026-04-07,277.45001220703125,277.45001220703125,278.25,271.0,273.20001220703125,14410706
2026-04-08,298.1000061035156,298.1000061035156,301.5,292.1499938964844,293.5,26646510
2026-04-09,297.3500061035156,297.3500061035156,299.70001220703125,293.0,296.0,17580272
2026-04-10,299.3500061035156,299.3500061035156,303.20001220703125,296.20001220703125,297.3999938964844,13853270
2026-04-13,292.95001220703125,292.95001220703125,294.0,284.25,284.25,13454302
2026-04-15,310.45001220703125,310.45001220703125,311.45001220703125,299.0,300.6000061035156,26146547
2026-04-16,307.95001220703125,307.95001220703125,314.8999938964844,307.25,314.8999938964844,14067180
2026-04-17,312.1000061035156,312.1000061035156,313.70001220703125,306.25,308.79998779296875,10758881
2026-04-20,316.04998779296875,316.04998779296875,319.0,307.0,312.1000061035156,14504057
2026-04-21,318.04998779296875,318.04998779296875,320.1000061035156,315.1000061035156,316.04998779296875,9935289
2026-04-22,314.3999938964844,314.3999938964844,317.0,313.0,317.0,7456858
2026-04-23,309.79998779296875,309.79998779296875,313.75,308.3999938964844,312.0,8518111
2026-04-24,308.1000061035156,308.1000061035156,310.75,300.1499938964844,309.0,10531252
2026-04-27,312.6499938964844,312.6499938964844,315.1000061035156,306.70001220703125,308.29998779296875,5296412
2026-04-28,307.75,307.75,313.1000061035156,305.1499938964844,308.70001220703125,14434171
2026-04-29,303.8999938964844,303.8999938964844,310.8999938964844,303.1499938964844,308.3999938964844,16918034
2026-04-30,300.45001220703125,300.45001220703125,302.3500061035156,295.54998779296875,300.04998779296875,13025294
2026-05-01,300.45001220703125,300.45001220703125,300.45001220703125,300.45001220703125,300.45001220703125,0
2026-05-04,301.70001220703125,301.70001220703125,305.8999938964844,300.1000061035156,302.5,9009471
2026-05-05,298.5,298.5,300.45001220703125,293.29998779296875,300.25,12433693
2026-05-06,314.04998779296875,314.04998779296875,316.6000061035156,301.8500061035156,304.70001220703125,16983058
2026-05-07,307.6000061035156,307.6000061035156,316.95001220703125,305.1000061035156,315.70001220703125,17998452
2026-05-08,302.75,302.75,306.3500061035156,301.3999938964844,306.0,11782486
2026-05-11,294.45001220703125,294.45001220703125,299.3999938964844,293.75,298.75,10388130
2026-05-12,287.8500061035156,287.8500061035156,293.70001220703125,286.0,286.0,10652991
2026-05-13,297.1000061035156,297.1000061035156,299.0,288.54998779296875,288.54998779296875,12403055
2026-05-14,295.0,295.0,301.1000061035156,291.1499938964844,301.1000061035156,11845204
2026-05-15,284.45001220703125,284.45001220703125,294.6499938964844,283.5,293.0,14828416
2026-05-18,280.79998779296875,280.79998779296875,282.5,276.6000061035156,282.0,8613476
2026-05-19,286.45001220703125,286.45001220703125,289.79998779296875,282.0,282.0,6955573
2026-05-20,293.75,293.75,294.75,280.04998779296875,281.8500061035156,10290169
2026-05-21,296.3999938964844,296.3999938964844,298.5,294.75,295.0,10786772
2026-05-22,295.6000061035156,295.6000061035156,297.70001220703125,291.6000061035156,297.0,5366953
2026-05-25,308.25,308.25,309.0,304.04998779296875,305.0,14530864
2026-05-26,304.6000061035156,304.6000061035156,308.29998779296875,302.1000061035156,308.25,8611871
2026-05-27,307.1499938964844,307.1499938964844,308.45001220703125,302.1499938964844,305.5,5948761
2026-05-28,307.1499938964844,307.1499938964844,307.1499938964844,307.1499938964844,307.1499938964844,0
2026-05-29,298.1000061035156,298.1000061035156,312.0,290.0,310.6000061035156,26387806
2026-06-01,296.8500061035156,296.8500061035156,300.3500061035156,295.6499938964844,298.75,7741307
2026-06-02,294.3999938964844,294.3999938964844,297.45001220703125,291.0,294.0,8495475
2026-06-03,292.1000061035156,292.1000061035156,294.25,290.1499938964844,294.0,6711789
2026-06-04,295.1499938964844,295.1499938964844,296.20001220703125,290.1000061035156,290.1000061035156,8514225
2026-06-05,295.0,295.0,295.8999938964844,291.75,295.0,5528678
2026-06-08,285.1499938964844,285.1499938964844,292.3999938964844,283.8999938964844,291.3999938964844,5454197
2026-06-09,289.1000061035156,289.1000061035156,290.1499938964844,285.25,288.75,5025923
2026-06-10,288.0,288.0,290.20001220703125,286.29998779296875,289.0,6874985
2026-06-11,286.3500061035156,286.3500061035156,287.3999938964844,280.25,285.0,12991146
2026-06-12,302.3500061035156,302.3500061035156,303.79998779296875,292.54998779296875,293.1000061035156,11278769
2026-06-15,310.6000061035156,310.6000061035156,316.75,308.75,315.0,15261091
2026-06-16,312.1000061035156,312.1000061035156,314.0,309.5,314.0,8875346
2026-06-17,317.95001220703125,317.95001220703125,319.5,315.29998779296875,316.0,14716072
2026-06-18,316.29998779296875,316.29998779296875,321.6000061035156,314.3999938964844,319.0,7174272
2026-06-19,306.6000061035156,306.6000061035156,315.0,305.1000061035156,315.0,11322845
2026-06-22,308.6000061035156,308.6000061035156,311.79998779296875,306.79998779296875,311.75,5440551
2026-06-23,308.54998779296875,308.54998779296875,313.3500061035156,307.5,309.04998779296875,6611723
2026-06-24,315.70001220703125,315.70001220703125,316.79998779296875,308.20001220703125,308.8500061035156,7690718
2026-06-25,309.75,309.75,320.8500061035156,309.0,319.95001220703125,9118712
2026-06-26,309.75,309.75,309.75,309.75,309.75,0
2026-06-29,300.79998779296875,300.79998779296875,309.0,299.75,308.70001220703125,11893768
2026-06-30,303.54998779296875,303.54998779296875,304.45001220703125,299.8999938964844,301.20001220703125,4259519
2026-07-01,304.20001220703125,304.20001220703125,306.5,301.1499938964844,305.20001220703125,4919350
2026-07-02,310.45001220703125,310.45001220703125,314.5,304.79998779296875,305.0,7323630
2026-07-03,308.1499938964844,308.1499938964844,313.6000061035156,306.70001220703125,313.6000061035156,3035350
2026-07-06,308.1499938964844,308.1499938964844,310.8999938964844,306.04998779296875,308.1499938964844,2818204
2026-07-07,313.95001220703125,313.95001220703125,315.8500061035156,307.75,309.5,6889552
2026-07-08,303.54998779296875,303.54998779296875,307.8500061035156,299.3999938964844,306.95001220703125,15951234
2026-07-09,308.20001220703125,308.20001220703125,309.1000061035156,299.75,303.54998779296875,5543009
2026-07-10,309.75,309.75,313.75,309.1000061035156,312.0,3799709
2026-07-13,307.54998779296875,307.54998779296875,309.1499938964844,302.1499938964844,304.79998779296875,5543349
2026-07-14,305.3500061035156,305.3500061035156,307.20001220703125,302.04998779296875,302.95001220703125,9995741
2026-07-15,309.6000061035156,309.6000061035156,311.1499938964844,306.0,306.0,9056446
2026-07-16,312.0,312.0,318.25,310.29998779296875,312.04998779296875,7899255
2026-07-17,315.54998779296875,315.54998779296875,316.0,310.3999938964844,311.6000061035156,5658733
2026-07-20,317.6000061035156,317.6000061035156,320.25,309.0,311.0,11702075
2026-07-21,319.3500061035156,319.3500061035156,321.8999938964844,317.0,317.6000061035156,6264859
2026-07-22,314.0,314.0,321.70001220703125,308.1000061035156,317.5,9784696
2026-07-23,309.8500061035156,309.8500061035156,317.0,305.1000061035156,305.3999938964844,11432842
2026-07-24,310.1499938964844,310.1499938964844,311.79998779296875,305.5,306.8999938964844,5796307
2026-07-27,316.25,316.25,318.54998779296875,313.20001220703125,315.20001220703125,5954256
2026-07-28,320.04998779296875,320.04998779296875,321.29998779296875,315.75,317.5,5455392
2026-07-29,317.3999938964844,317.3999938964844,320.04998779296875,315.79998779296875,320.0,5132678
2026-07-30,315.79998779296875,315.79998779296875,318.3500061035156,312.8500061035156,315.3999938964844,6601344
2026-07-31,319.75,319.75,320.3999938964844,314.3999938964844,316.04998779296875,5111067
2026-08-03,329.95001220703125,329.95001220703125,329.95001220703125,322.0,324.75,5844038
2026-08-04,324.0,324.0,328.54998779296875,320.6499938964844,328.54998779296875,5331584
2026-08-05,326.25,326.25,328.1499938964844,324.45001220703125,327.5,2974415
2026-08-06,323.70001220703125,323.70001220703125,327.0,322.70001220703125,326.5,3694266
2026-08-07,321.0,321.0,323.54998779296875,317.1000061035156,320.8999938964844,5431740
2026-08-10,318.5,318.5,320.95001220703125,316.25,320.20001220703125,3056257
2026-08-11,317.79998779296875,317.79998779296875,318.95001220703125,314.8999938964844,316.95001220703125,2733485
2026-08-12,317.0,317.0,318.5,311.5,317.0,6726295
2026-08-13,315.0,315.0,316.6499938964844,310.6499938964844,316.6499938964844,4751186
2026-08-14,319.45001220703125,319.45001220703125,319.45001220703125,314.04998779296875,314.8500061035156,8035947
2026-08-17,316.6499938964844,316.6499938964844,319.75,314.1499938964844,319.0,4738730
2026-08-18,310.29998779296875,310.29998779296875,317.1499938964844,310.29998779296875,315.29998779296875,5279469
2026-08-19,307.0,307.0,311.8500061035156,304.70001220703125,310.29998779296875,4757433
2026-08-20,308.70001220703125,308.70001220703125,311.0,304.79998779296875,307.5,5132147
2026-08-21,311.0,311.0,314.20001220703125,307.20001220703125,308.70001220703125,4998491
2026-08-25,315.0,315.0,315.20001220703125,311.1000061035156,312.04998779296875,4605195
