Date,Adj Close,Close,High,Low,Open,Volume
2015-01-01,763.3944702148438,812.0,814.7000122070312,798.4000244140625,803.4000244140625,819116
2015-01-02,767.0610961914062,815.9000244140625,823.3499755859375,812.0,816.0,640249
2015-01-05,770.069580078125,819.0999755859375,821.7999877929688,812.0499877929688,818.0,336910
2015-01-06,750.6085205078125,798.4000244140625,816.0,792.3499755859375,816.0,485801
2015-01-07,744.5447998046875,791.9500122070312,805.5,786.5499877929688,800.0999755859375,737973
2015-01-08,750.8906860351562,798.7000122070312,804.5,788.4500122070312,800.0,623621
2015-01-09,753.9931030273438,802.0,810.7999877929688,791.5499877929688,804.0,544145
2015-01-12,779.7999877929688,829.4500122070312,839.2000122070312,797.0,804.9500122070312,896776
2015-01-13,776.0864868164062,825.5,849.1500244140625,820.0499877929688,845.0,3264664
2015-01-14,767.7662353515625,816.6500244140625,832.9000244140625,811.0999755859375,831.7000122070312,1238612
2015-01-15,780.6461791992188,830.3499755859375,849.0,825.0,840.5,1493767
2015-01-16,782.056396484375,831.8499755859375,837.8499755859375,813.2999877929688,831.7000122070312,1160723
2015-01-19,779.51806640625,829.1500244140625,837.7999877929688,827.0,835.0,612731
2015-01-20,790.1416015625,840.4500122070312,844.5,822.5999755859375,830.0,1318766
2015-01-21,792.1158447265625,842.5499877929688,859.5,839.4500122070312,845.0,1462665
2015-01-22,795.5944213867188,846.25,851.7999877929688,837.5999755859375,838.5,553285
2015-01-23,806.0300903320312,857.3499755859375,863.9500122070312,851.0,853.0,1179588
2015-01-27,811.57666015625,863.25,870.0,851.4000244140625,857.0,840924
2015-01-28,816.7476196289062,868.75,880.0,858.2000122070312,859.9500122070312,925540
2015-01-29,823.610595703125,876.0499877929688,878.9500122070312,862.9500122070312,863.5,687051
2015-01-30,818.1107788085938,870.2000122070312,884.7999877929688,866.25,877.0,888368
2015-02-02,822.2003784179688,874.5499877929688,877.8499755859375,856.0999755859375,865.0999755859375,666544
2015-02-03,809.79052734375,861.3499755859375,889.7999877929688,857.25,876.5999755859375,1013403
2015-02-04,811.623779296875,863.2999877929688,872.2999877929688,851.25,864.5999755859375,907333
2015-02-05,813.5980224609375,865.4000244140625,883.3499755859375,851.0,861.9000244140625,704581
2015-02-06,794.7012939453125,845.2999877929688,868.2999877929688,840.5,863.7999877929688,465226
2015-02-09,775.7575073242188,825.1500244140625,838.75,820.5,838.75,573650
2015-02-10,790.4706420898438,840.7999877929688,851.9500122070312,815.7000122070312,815.7000122070312,1050019
2015-02-11,804.2906494140625,855.5,863.2000122070312,844.0,844.0,787344
2015-02-12,817.875732421875,869.9500122070312,874.9500122070312,846.5999755859375,857.9000244140625,507508
2015-02-13,822.9524536132812,875.3499755859375,877.6500244140625,863.9500122070312,872.9000244140625,700753
2015-02-16,811.247802734375,862.9000244140625,879.2999877929688,855.0,872.5,420397
2015-02-18,813.0809326171875,864.8499755859375,869.8499755859375,852.5999755859375,861.7999877929688,503192
2015-02-19,806.1710815429688,857.5,870.5,842.4500122070312,868.0,621565
2015-02-20,824.3157348632812,876.7999877929688,881.4000244140625,850.6500244140625,857.0999755859375,1207981
2015-02-23,815.6194458007812,867.5499877929688,878.5,857.9000244140625,876.0,596633
2015-02-24,812.4229736328125,864.1500244140625,867.0,854.7000122070312,865.5,505014
2015-02-25,807.1581420898438,858.5499877929688,873.2000122070312,855.0,865.0,617078
2015-02-26,794.7012939453125,845.2999877929688,860.0,839.0499877929688,856.2000122070312,1152143
2015-02-27,812.751953125,864.5,867.7999877929688,837.5499877929688,844.9500122070312,1063550
2015-03-02,887.9632568359375,944.5,949.9000244140624,914.0,925.0,1263167
2015-03-03,882.4164428710938,938.5999755859376,945.0,926.0,945.0,617171
2015-03-04,853.8361206054688,908.2000122070312,962.5499877929688,903.0999755859376,959.9000244140624,996972
2015-03-05,858.5368041992188,913.2000122070312,917.8499755859376,893.1500244140625,909.7999877929688,739059
2015-03-09,841.6143188476562,895.2000122070312,910.0,890.5,908.0,1121892
2015-03-10,843.071533203125,896.75,913.5499877929688,888.5499877929688,898.0,949910
2015-03-11,836.9136962890625,890.2000122070312,905.0,885.0999755859375,898.0999755859375,661190
2015-03-12,838.4177856445312,891.7999877929688,902.5,888.7999877929688,893.0,678466
2015-03-13,822.8114624023438,875.2000122070312,897.2999877929688,865.25,895.0,789147
2015-03-16,824.73876953125,877.25,888.7999877929688,866.25,875.25,637728
2015-03-17,849.0885009765625,903.1500244140624,908.7999877929688,880.7999877929688,882.0999755859375,578263
2015-03-18,849.1354370117188,903.2000122070312,920.9000244140624,896.0,907.4000244140624,1120286
2015-03-19,828.4052124023438,881.1500244140625,919.0,875.0,919.0,1142631
2015-03-20,833.2940063476562,886.3499755859375,894.9000244140625,874.25,888.0,751604
2015-03-23,835.17431640625,888.3499755859375,894.0,881.5499877929688,888.0,955973
2015-03-24,831.8837890625,884.8499755859375,896.4500122070312,878.5999755859375,885.0,704010
2015-03-25,818.9097900390625,871.0499877929688,889.8499755859375,864.25,887.5,715430
2015-03-26,808.8502807617188,860.3499755859375,878.9000244140625,853.0499877929688,864.5,2107203
2015-03-27,828.0292358398438,880.75,887.5,850.9000244140625,861.0,1088061
2015-03-30,834.7982177734375,887.9500122070312,890.0,876.0999755859375,886.0499877929688,411951
2015-03-31,832.9650268554688,886.0,894.0999755859375,877.5,891.0,583298
2015-04-01,869.865478515625,925.25,928.6500244140624,880.5,884.0999755859375,954252
2015-04-06,860.1820678710938,914.9500122070312,927.0,911.3499755859376,926.0,573759
2015-04-07,852.6610107421875,906.9500122070312,920.5,900.2000122070312,915.0499877929688,738125
2015-04-08,847.9603271484375,901.9500122070312,915.1500244140624,900.0499877929688,915.1500244140624,456811
2015-04-09,887.3992309570312,943.9000244140624,947.8499755859376,901.0,908.0,1086130
2015-04-10,888.6683959960938,945.25,951.4500122070312,935.5999755859376,948.4000244140624,761095
2015-04-13,892.8988647460938,949.75,954.9000244140624,940.5,948.0,847695
2015-04-15,889.8905639648438,946.5499877929688,967.0,938.25,953.8499755859376,862700
2015-04-16,878.5148315429688,934.4500122070312,959.0,927.9500122070312,955.0,3431738
2015-04-17,823.5635986328125,876.0,936.0,873.1500244140625,936.0,2706290
2015-04-20,793.244140625,843.75,881.25,830.0,874.7000122070312,1937207
2015-04-21,787.650146484375,837.7999877929688,860.0,833.2999877929688,849.0,1671993
2015-04-22,795.5944213867188,846.25,852.0,820.0,840.0,1350387
2015-04-23,807.3461303710938,858.75,869.9000244140625,850.1500244140625,854.7999877929688,1373721
2015-04-24,780.8341674804688,830.5499877929688,863.4000244140625,824.2000122070312,863.4000244140625,1042505
2015-04-27,773.7830810546875,823.0499877929688,834.0,810.5499877929688,834.0,1087851
2015-04-28,778.1548461914062,827.7000122070312,835.2999877929688,806.0999755859375,818.1500244140625,1528666
2015-04-29,783.2315063476562,833.0999755859375,842.0,818.0499877929688,828.7999877929688,1119768
2015-04-30,774.48828125,823.7999877929688,835.4000244140625,820.0499877929688,830.0999755859375,1960263
2015-05-04,791.3167114257812,841.7000122070312,849.5,827.2000122070312,828.0,868300
2015-05-05,786.4750366210938,836.5499877929688,845.9500122070312,831.5999755859375,839.8499755859375,672307
2015-05-06,754.8864135742188,802.9500122070312,839.0,799.0,837.0,985312
2015-05-07,747.60009765625,795.2000122070312,800.0,786.0,796.7000122070312,1753181
2015-05-08,761.9373168945312,810.4500122070312,815.7000122070312,800.0,803.0499877929688,1407570
2015-05-11,770.5866088867188,819.6500244140625,823.0,806.0,816.4000244140625,1423467
2015-05-12,752.347900390625,800.25,822.9000244140625,794.2000122070312,822.9000244140625,1358401
2015-05-13,768.2833251953125,817.2000122070312,819.4000244140625,795.1500244140625,805.0999755859375,1074443
2015-05-14,767.7662353515625,816.6500244140625,820.0,800.2999877929688,817.2000122070312,680132
2015-05-15,783.4664916992188,833.3499755859375,841.2999877929688,818.0,819.9500122070312,1234559
2015-05-18,795.6884155273438,846.3499755859375,852.2999877929688,827.5499877929688,829.75,995778
2015-05-19,795.0772705078125,845.7000122070312,858.7000122070312,842.2000122070312,846.0,816702
2015-05-20,800.5771484375,851.5499877929688,856.0,847.25,848.9500122070312,750251
2015-05-21,797.427734375,848.2000122070312,855.7999877929688,838.0499877929688,855.7999877929688,503688
2015-05-22,801.564208984375,852.5999755859375,861.6500244140625,848.25,850.7000122070312,760999
2015-05-25,802.9745483398438,854.0999755859375,862.75,846.9500122070312,851.7999877929688,516256
2015-05-26,801.8933715820312,852.9500122070312,859.7999877929688,841.2999877929688,853.0,552759
2015-05-27,808.8033447265625,860.2999877929688,865.0,844.5999755859375,848.9500122070312,307557
2015-05-28,804.1027221679688,855.2999877929688,869.0999755859375,850.0999755859375,863.9000244140625,1570880
2015-05-29,821.6362915039062,873.9500122070312,880.0,853.1500244140625,854.9000244140625,739227
2015-06-01,830.09765625,882.9500122070312,885.0,870.0,870.0,641892
2015-06-02,796.4406127929688,847.1500244140625,884.0499877929688,842.5,883.0,885470
2015-06-03,792.162841796875,842.5999755859375,850.9000244140625,834.0,845.0,505601
2015-06-04,795.9705200195312,846.6500244140625,852.75,837.25,847.7999877929688,454498
2015-06-05,784.500732421875,834.4500122070312,847.7999877929688,830.0,840.0,979963
2015-06-08,763.112548828125,811.7000122070312,828.4000244140625,809.0,828.0,1318893
2015-06-09,760.76220703125,809.2000122070312,818.4000244140625,790.0,807.7999877929688,1076855
2015-06-10,770.53955078125,819.5999755859375,830.7000122070312,811.0,811.0,997303
2015-06-11,747.5062255859375,795.0999755859375,826.0,793.0,825.0,1251145
2015-06-12,762.2664184570312,810.7999877929688,814.0,784.0,790.0,1006880
2015-06-15,746.9890747070312,794.5499877929688,810.0,792.4500122070312,810.0,626249
2015-06-16,772.3729248046875,821.5499877929688,825.25,787.0,795.0499877929688,854175
2015-06-17,769.223388671875,818.2000122070312,828.0,811.5,827.0,1319469
2015-06-18,776.1334838867188,825.5499877929688,831.0,812.9500122070312,820.0,721061
2015-06-19,784.73583984375,834.7000122070312,837.2999877929688,823.75,826.5,497932
2015-06-22,789.0134887695312,839.25,865.5,832.9500122070312,833.7999877929688,1357595
2015-06-23,783.7015991210938,833.5999755859375,847.5,829.2000122070312,842.7000122070312,1202887
2015-06-24,793.9490966796875,844.5,854.5,834.25,834.25,905000
2015-06-25,815.2433471679688,867.1500244140625,885.4500122070312,841.75,844.5,1929219
2015-06-26,817.358642578125,869.4000244140625,884.7000122070312,851.0,864.4000244140625,1457184
2015-06-29,808.1453247070312,859.5999755859375,864.0,841.0999755859375,859.5,696937
2015-06-30,820.4610595703125,872.7000122070312,874.7999877929688,855.0,860.9500122070312,738228
2015-07-01,823.1405029296875,875.5499877929688,886.0,862.0,872.5999755859375,832607
2015-07-02,817.6878051757812,869.75,883.4000244140625,868.0,883.4000244140625,688412
2015-07-03,840.0159912109375,893.5,900.5499877929688,858.0,858.0,1092421
2015-07-06,845.4688110351562,899.2999877929688,901.25,877.0,883.7999877929688,940588
2015-07-07,845.1398315429688,898.9500122070312,912.0,895.0,896.0,698569
2015-07-08,838.98193359375,892.4000244140625,896.0,873.9000244140625,881.9500122070312,719187
2015-07-09,839.5459594726562,893.0,897.4000244140625,875.25,891.8499755859375,1043039
2015-07-10,841.3792114257812,894.9500122070312,904.0,887.0,897.9000244140625,528685
2015-07-13,868.6434326171875,923.9500122070312,927.7000122070312,895.0499877929688,904.2000122070312,3460092
2015-07-14,868.7372436523438,924.0499877929688,933.7999877929688,919.3499755859376,933.0,1362690
2015-07-15,871.6517333984375,927.1500244140624,932.0,918.0,921.3499755859376,728864
2015-07-16,876.4935913085938,932.2999877929688,937.2000122070312,924.0,930.0,1581760
2015-07-17,879.8310546875,935.8499755859376,938.75,925.0999755859376,933.2999877929688,941362
2015-07-20,890.7366333007812,947.4500122070312,950.0,930.4000244140624,936.0,757943
2015-07-21,882.181396484375,938.3499755859376,951.25,932.7999877929688,947.0,378818
2015-07-22,899.6209716796875,956.9000244140624,960.0,933.0,937.0499877929688,668776
2015-07-23,892.9459838867188,949.7999877929688,964.9000244140624,945.0,954.0999755859376,714586
2015-07-24,898.6338500976562,955.8499755859376,966.5,945.4500122070312,949.0,1061478
2015-07-27,882.13427734375,938.2999877929688,953.0,929.0999755859376,949.7999877929688,568643
2015-07-28,892.9929809570312,949.8499755859376,952.25,930.75,941.0499877929688,1002593
2015-07-29,896.5184936523438,953.5999755859376,959.0,944.5499877929688,949.0,900217
2015-07-30,915.4154052734376,973.7000122070312,982.6500244140624,956.4000244140624,959.0,1155545
2015-07-31,919.1759643554688,977.7000122070312,989.2999877929688,970.1500244140624,975.0,994608
2015-08-03,915.5563354492188,973.8499755859376,986.0,966.5999755859376,978.0,826349
2015-08-04,895.29638671875,952.2999877929688,973.0,940.0499877929688,973.0,1183219
2015-08-05,895.6253051757812,952.6500244140624,962.5,948.5999755859376,958.0,496812
2015-08-06,894.6381225585938,951.5999755859376,958.2999877929688,946.3499755859376,952.7000122070312,516457
2015-08-07,894.0245971679688,946.9500122070312,959.5999755859376,942.0,949.9000244140624,452556
2015-08-10,891.6170654296875,944.4000244140624,958.0,936.6500244140624,946.5,547548
2015-08-11,897.5650024414062,950.7000122070312,952.9500122070312,939.5499877929688,945.0999755859376,535103
2015-08-12,863.3410034179688,914.4500122070312,953.75,906.25,946.9000244140624,458811
2015-08-13,873.5845947265625,925.2999877929688,933.7999877929688,910.0,911.8499755859376,590548
2015-08-14,905.401123046875,959.0,963.5,928.25,935.0,935467
2015-08-17,898.5562744140625,951.75,964.7000122070312,944.5999755859376,959.9500122070312,595833
2015-08-18,914.0869140625,968.2000122070312,971.5,950.2999877929688,954.0,594739
2015-08-19,903.9376831054688,957.4500122070312,969.9000244140624,954.1500244140624,965.75,593595
2015-08-20,880.0045166015625,932.0999755859376,961.5,918.0499877929688,948.0,591055
2015-08-21,854.6552124023438,905.25,924.9500122070312,893.2999877929688,915.0,1314813
2015-08-24,817.22119140625,865.5999755859375,880.0,850.0999755859375,880.0,1626974
2015-08-25,828.975341796875,878.0499877929688,884.0,865.5999755859375,875.0,1189117
2015-08-26,805.7974853515625,853.5,876.9000244140625,848.4500122070312,876.9000244140625,1089934
2015-08-27,810.5180053710938,858.5,871.0,853.6500244140625,864.0,1888490
2015-08-28,800.2744140625,847.6500244140625,881.0,830.25,870.0,1779090
2015-08-31,810.0932006835938,858.0499877929688,865.0,838.0,841.0,810239
2015-09-01,785.0271606445312,831.5,852.9500122070312,814.7000122070312,852.9500122070312,965840
2015-09-02,778.7015380859375,824.7999877929688,838.9500122070312,809.25,836.0,1244494
2015-09-03,801.9265747070312,849.4000244140625,855.0,820.0,830.0,916326
2015-09-04,793.8073120117188,840.7999877929688,843.0499877929688,817.0,842.5,943412
2015-09-07,774.358642578125,820.2000122070312,859.5999755859375,812.6500244140625,850.0,1228245
2015-09-08,793.3825073242188,840.3499755859375,846.9000244140625,816.3499755859375,821.5,2536360
2015-09-09,809.9988403320312,857.9500122070312,870.7000122070312,841.0999755859375,853.0,2014128
2015-09-10,818.4486083984375,866.9000244140625,875.0,835.5499877929688,845.5,1364608
2015-09-11,820.1480102539062,868.7000122070312,885.9000244140625,862.1500244140625,874.5,1412833
2015-09-14,827.2759399414062,876.25,880.0,868.0,868.0,1144929
2015-09-15,829.5419311523438,878.6500244140625,886.9000244140625,871.0999755859375,875.9000244140625,1937337
2015-09-16,848.8489990234375,899.0999755859375,907.5,884.75,886.0,1151193
2015-09-18,867.3062744140625,918.6500244140624,930.5,905.0,905.2999877929688,2094161
2015-09-21,862.4441528320312,913.5,924.9000244140624,905.0,905.0,683274
2015-09-22,838.4163818359375,888.0499877929688,921.0,875.5,919.0,808319
2015-09-23,854.9384155273438,905.5499877929688,907.9000244140624,873.0,875.0,955777
2015-09-24,875.0951538085938,926.9000244140624,932.0999755859376,896.3499755859375,908.0,2909599
2015-09-28,869.4304809570312,920.9000244140624,937.5999755859376,916.1500244140624,927.0,1690643
2015-09-29,888.7374877929688,941.3499755859376,958.0,901.2999877929688,912.7999877929688,3261855
2015-09-30,889.7760620117188,942.4500122070312,958.0999755859376,939.5499877929688,956.8499755859376,2038714
2015-10-01,904.0792846679688,957.5999755859376,963.25,941.75,950.0,1251550
2015-10-05,906.06201171875,959.7000122070312,969.9000244140624,952.4500122070312,966.0,1399766
2015-10-06,898.9811401367188,952.2000122070312,964.0,946.75,964.0,1149797
2015-10-07,895.34619140625,948.3499755859376,954.6500244140624,941.2000122070312,952.75,1390453
2015-10-08,891.9948120117188,944.7999877929688,953.5999755859376,936.2000122070312,951.0,1367019
2015-10-09,887.5101318359375,940.0499877929688,957.2000122070312,934.25,954.7999877929688,3827106
2015-10-12,891.8059692382812,944.5999755859376,958.0,940.0,944.0,1028185
2015-10-13,893.0803833007812,945.9500122070312,949.6500244140624,936.5,948.0,819594
2015-10-14,896.8097534179688,949.9000244140624,962.0,945.9500122070312,947.0,1071537
2015-10-15,904.2681274414062,957.7999877929688,966.0,952.0999755859376,953.9000244140624,1103270
2015-10-16,910.5465087890624,964.4500122070312,966.0,950.0499877929688,958.0,744451
2015-10-19,908.2805786132812,962.0499877929688,973.3499755859376,959.0999755859376,964.5,811801
2015-10-20,903.2296142578124,956.7000122070312,970.0999755859376,953.0999755859376,960.5,702126
2015-10-21,903.9376831054688,957.4500122070312,967.75,951.9000244140624,958.0,737124
2015-10-23,906.1563110351562,959.7999877929688,966.25,957.1500244140624,963.0,329508
2015-10-26,904.40966796875,957.9500122070312,964.9000244140624,956.0,964.0,774154
2015-10-27,900.6804809570312,954.0,959.6500244140624,951.0,955.2000122070312,529820
2015-10-28,872.5460205078125,924.2000122070312,963.5,918.9500122070312,949.0,1653036
2015-10-29,863.3880615234375,914.5,923.7999877929688,908.5,920.0499877929688,1155093
2015-10-30,860.93359375,911.9000244140624,922.25,902.3499755859376,914.0,905083
2015-11-02,862.5858154296875,913.6500244140624,916.8499755859376,904.2000122070312,911.9000244140624,777036
2015-11-03,860.8863525390625,911.8499755859376,921.0,908.5,914.9500122070312,1077484
2015-11-04,862.6328735351562,913.7000122070312,919.4000244140624,909.25,915.3499755859376,539364
2015-11-05,856.7322998046875,907.4500122070312,912.7999877929688,901.25,911.0,1329817
2015-11-06,869.4777221679688,920.9500122070312,924.0,908.5999755859376,911.0,1027490
2015-11-09,871.7908325195312,923.4000244140624,925.5999755859376,900.0,903.0,1281696
2015-11-10,843.7979125976562,893.75,917.9000244140624,891.0,914.0,1005017
2015-11-13,842.3817749023438,892.25,895.75,880.0,888.9000244140625,780686
2015-11-16,861.4055786132812,912.4000244140624,917.5499877929688,889.4000244140625,889.4000244140625,641386
2015-11-17,855.599365234375,906.25,916.3499755859376,901.0,915.2999877929688,370477
2015-11-18,850.6900024414062,901.0499877929688,913.0,897.4000244140625,905.0,720317
2015-11-19,863.057861328125,914.1500244140624,917.3499755859376,900.6500244140625,909.0,654116
2015-11-20,870.327392578125,921.8499755859376,931.5,910.0,914.1500244140624,1277692
2015-11-23,868.297607421875,919.7000122070312,929.9500122070312,918.0499877929688,923.0,561734
2015-11-24,868.1559448242188,919.5499877929688,928.0,912.0499877929688,918.75,758435
2015-11-26,864.3795166015625,915.5499877929688,924.0999755859376,913.5,922.9000244140624,1010152
2015-11-27,871.7435302734375,923.3499755859376,926.5,910.5999755859376,921.0,1152436
2015-11-30,882.978515625,935.25,939.0,922.2999877929688,925.4000244140624,1180438
2015-12-01,889.96484375,942.6500244140624,945.0,933.5,940.0,856641
2015-12-02,889.917724609375,942.5999755859376,945.0,935.2000122070312,944.5,795995
2015-12-03,893.78857421875,946.7000122070312,949.5,933.0,939.6500244140624,766241
2015-12-04,890.2481079101562,942.9500122070312,944.9500122070312,934.8499755859376,940.0999755859376,1331500
2015-12-07,899.5003662109375,952.75,954.4000244140624,941.0,943.0,884329
2015-12-08,891.42822265625,944.2000122070312,957.3499755859376,941.5,948.9000244140624,768665
2015-12-09,875.991943359375,927.8499755859376,949.0,924.2999877929688,943.0,620237
2015-12-10,878.1163330078125,930.0999755859376,932.4500122070312,919.4500122070312,928.0999755859376,978676
2015-12-11,864.946044921875,916.1500244140624,937.5999755859376,907.0999755859376,928.0,1189304
2015-12-14,863.2466430664062,914.3499755859376,922.0,903.75,911.7000122070312,1665452
2015-12-15,866.834228515625,918.1500244140624,923.9000244140624,906.2000122070312,915.0,1122718
2015-12-16,880.6182250976562,932.75,941.4000244140624,919.0499877929688,921.2999877929688,822684
2015-12-17,896.0072631835938,949.0499877929688,951.7999877929688,929.4000244140624,938.0,799986
2015-12-18,882.7897338867188,935.0499877929688,948.5,929.7999877929688,945.7000122070312,1605306
2015-12-21,897.5177612304688,950.6500244140624,952.75,933.8499755859376,936.0,497381
2015-12-22,882.4591064453125,934.7000122070312,950.0,930.2999877929688,950.0,491307
2015-12-23,887.1326293945312,939.6500244140624,944.5999755859376,936.1500244140624,936.1500244140624,460487
2015-12-24,892.5612182617188,945.4000244140624,949.4500122070312,933.7999877929688,943.2999877929688,528850
2015-12-28,904.0792846679688,957.5999755859376,959.5,944.5,946.5,918653
2015-12-29,905.1651000976562,958.75,962.0,952.0,955.0,748840
2015-12-30,914.4172973632812,968.5499877929688,969.9000244140624,960.0,962.0,647879
2015-12-31,914.7949829101562,968.9500122070312,971.9500122070312,963.25,969.0,1943876
2016-01-01,909.9801025390624,963.8499755859376,972.2999877929688,961.3499755859376,968.0,500233
2016-01-04,881.9871215820312,934.2000122070312,961.8499755859376,931.9500122070312,961.7999877929688,1210344
2016-01-05,882.978515625,935.25,946.3499755859376,932.2000122070312,940.7999877929688,780609
2016-01-06,891.1921997070312,943.9500122070312,951.7999877929688,926.5,936.1500244140624,1030625
2016-01-07,873.7734375,925.5,937.0499877929688,920.75,934.0999755859376,1976106
2016-01-08,894.1190185546875,947.0499877929688,948.7000122070312,932.0,934.5499877929688,744102
2016-01-11,884.3946533203125,936.75,942.2000122070312,928.0,939.9500122070312,1193326
2016-01-12,862.2080688476562,913.25,941.7999877929688,905.0999755859376,940.0,4267340
2016-01-13,884.064208984375,936.4000244140624,944.75,913.7999877929688,913.8499755859376,3876447
2016-01-14,865.7484741210938,917.0,929.9000244140624,913.0,921.0,1625707
2016-01-15,870.044189453125,921.5499877929688,932.0999755859376,915.5999755859376,919.7999877929688,1139012
2016-01-18,848.8489990234375,899.0999755859375,929.9500122070312,893.9500122070312,916.5499877929688,1123421
2016-01-19,846.3470458984375,896.4500122070312,905.5,888.0,897.25,1086798
2016-01-20,824.8213500976562,873.6500244140625,960.0,866.7999877929688,884.4500122070312,1179428
2016-01-21,824.5853271484375,873.4000244140625,896.25,868.2999877929688,880.0,1192113
2016-01-22,847.8103637695312,898.0,905.4000244140624,880.7999877929688,887.9000244140625,1018517
2016-01-25,856.4962158203125,907.2000122070312,910.9000244140624,899.5999755859375,905.0,666497
2016-01-27,857.4874877929688,908.25,918.0,880.0499877929688,907.8499755859376,1054242
2016-01-28,856.4490356445312,907.1500244140624,917.7000122070312,900.0,907.0,1679264
2016-01-29,876.8890380859375,928.7999877929688,935.0,900.0,906.5,1369077
2016-02-01,875.2839965820312,927.0999755859376,939.5999755859376,924.0,928.75,916513
2016-02-02,857.4874877929688,908.25,932.0,903.7999877929688,927.0,688338
2016-02-03,855.0327758789062,905.6500244140624,915.2000122070312,891.0,895.0,773012
2016-02-04,862.160888671875,913.2000122070312,918.25,903.5499877929688,912.0,812359
2016-02-05,860.8863525390625,911.8499755859376,917.4000244140624,909.0,913.9500122070312,1654488
2016-02-08,833.6016235351562,882.9500122070312,910.6500244140624,878.5499877929688,910.5999755859376,1754784
2016-02-09,819.817626953125,868.3499755859375,878.5,859.4500122070312,873.0,2083698
2016-02-10,788.4259033203125,835.0999755859375,867.0,827.75,866.0,2329955
2016-02-11,765.8145751953125,811.1500244140625,833.2000122070312,799.0,830.0,5158251
2016-02-12,766.5698852539062,811.9500122070312,831.8499755859375,800.0,815.0,3788481
2016-02-15,777.6630859375,823.7000122070312,832.0,817.25,825.0,2167942
2016-02-16,788.1427001953125,834.7999877929688,838.9500122070312,819.5,831.9500122070312,2242516
2016-02-17,785.0743408203125,831.5499877929688,835.4000244140625,813.4000244140625,830.0,1141968
2016-02-18,800.3216552734375,847.7000122070312,850.3499755859375,833.5999755859375,837.2999877929688,1064050
2016-02-19,794.46826171875,841.5,848.7000122070312,835.0999755859375,843.0999755859375,1035996
2016-02-22,797.3949584960938,844.5999755859375,855.4500122070312,840.2000122070312,845.0,613082
2016-02-23,792.7216796875,839.6500244140625,845.5499877929688,830.75,842.0,1908481
2016-02-24,775.9636840820312,821.9000244140625,838.0,818.9000244140625,835.6500244140625,1034245
2016-02-25,762.6045532226562,807.75,823.9500122070312,804.75,822.0,1480299
2016-02-26,770.723876953125,816.3499755859375,822.5,813.2000122070312,815.0,1045114
2016-02-29,783.6109619140625,830.0,839.4500122070312,802.0,817.5,3045853
2016-03-01,812.689453125,860.7999877929688,867.5999755859375,834.0,837.0,1330369
2016-03-02,833.27099609375,882.5999755859375,896.5,871.0,874.9000244140625,2349698
2016-03-03,845.686279296875,895.75,898.0999755859375,884.25,885.0,1973901
2016-03-04,864.7100219726562,915.9000244140624,921.2999877929688,880.9500122070312,898.7999877929688,1327247
2016-03-08,869.5722045898438,921.0499877929688,927.5499877929688,904.0,916.0,1879422
2016-03-09,882.22314453125,934.4500122070312,937.4500122070312,912.25,913.0,1631962
2016-03-10,875.4256591796875,927.25,935.25,919.0,934.0,1128913
2016-03-11,874.9063720703125,926.7000122070312,933.1500244140624,918.0499877929688,921.0499877929688,1436095
2016-03-14,869.6192016601562,921.0999755859376,932.0,918.0999755859376,929.0,1238350
2016-03-15,867.0701904296875,918.4000244140624,931.9500122070312,916.7999877929688,921.9000244140624,1027959
2016-03-16,864.4739990234375,915.6500244140624,927.0,909.2999877929688,921.7999877929688,1558572
2016-03-17,861.5472412109375,912.5499877929688,928.0,901.3499755859376,926.5,2374275
2016-03-18,877.0778198242188,929.0,934.75,903.25,911.5499877929688,1678210
2016-03-21,880.0989379882812,932.2000122070312,936.5,922.7999877929688,930.0,1120071
2016-03-22,876.1336669921875,928.0,937.0,922.7000122070312,932.4000244140624,1462833
2016-03-23,876.180908203125,928.0499877929688,934.5,925.0,929.0,1426779
2016-03-28,863.6715087890625,914.7999877929688,939.0,911.6500244140624,927.0,4743485
2016-03-29,876.180908203125,928.0499877929688,930.5,912.7999877929688,917.9000244140624,1120607
2016-03-30,893.78857421875,946.7000122070312,948.7999877929688,935.5,939.0,1817471
2016-03-31,913.5203857421876,967.5999755859376,970.0,936.5999755859376,946.2000122070312,2973760
2016-04-01,907.572509765625,961.2999877929688,969.0,950.75,966.6500244140624,933728
2016-04-04,907.572509765625,961.2999877929688,970.0,956.0,961.2999877929688,1501960
2016-04-05,898.13134765625,951.2999877929688,964.0,946.4000244140624,959.7999877929688,1278350
2016-04-06,902.0023803710938,955.4000244140624,959.0999755859376,947.0499877929688,951.2000122070312,1055612
2016-04-07,887.0853881835938,939.5999755859376,958.9500122070312,937.5,955.0,865013
2016-04-08,884.6307373046875,937.0,946.7999877929688,935.0,940.0,1035958
2016-04-11,907.1005249023438,960.7999877929688,962.0,936.5,939.0,921823
2016-04-12,914.7949829101562,968.9500122070312,970.7999877929688,957.5499877929688,961.0,1045525
2016-04-13,931.2697143554688,986.4000244140624,994.4500122070312,974.0,975.0,2933470
2016-04-18,933.0634765625,988.2999877929688,993.6500244140624,977.2000122070312,986.4000244140624,1475787
2016-04-20,928.8622436523438,983.8499755859376,988.9500122070312,973.5499877929688,988.0,1424974
2016-04-21,917.7689208984376,972.0999755859376,993.7999877929688,964.5,993.0,3279337
2016-04-22,926.6434326171876,981.5,989.0,970.7999877929688,974.7000122070312,1648861
2016-04-25,927.446044921875,982.3499755859376,987.0,974.1500244140624,982.4000244140624,904348
2016-04-26,964.3135375976562,1021.4000244140624,1025.0,975.0,982.0,3199405
2016-04-27,981.8739013671876,1040.0,1042.0,1020.0,1021.9000244140624,3437073
2016-04-28,977.1535034179688,1035.0,1048.5999755859375,1029.0,1039.699951171875,1892339
2016-04-29,990.2293701171876,1048.8499755859375,1053.5,1027.1500244140625,1032.0999755859375,922119
2016-05-02,986.6416625976562,1045.050048828125,1055.0,1040.4000244140625,1043.0,1190614
2016-05-03,979.7969970703124,1037.800048828125,1057.25,1032.550048828125,1045.0,993373
2016-05-04,983.76220703125,1042.0,1046.949951171875,1029.0999755859375,1037.0,1490442
2016-05-05,979.5609130859376,1037.550048828125,1044.300048828125,1026.25,1042.0,1012279
2016-05-06,983.9509887695312,1042.199951171875,1044.300048828125,1025.25,1037.8499755859375,858079
2016-05-09,995.941162109375,1054.9000244140625,1059.199951171875,1038.9000244140625,1042.0,2193370
2016-05-10,995.7522583007812,1054.699951171875,1055.0,1047.25,1055.0,1037333
2016-05-11,994.85546875,1053.75,1059.800048828125,1036.0999755859375,1036.0999755859375,1502284
2016-05-12,1006.51513671875,1066.0999755859375,1071.4000244140625,1046.25,1052.5,1085566
2016-05-13,1005.6654052734376,1065.199951171875,1069.0,1055.0,1060.0,1078609
2016-05-16,1020.3936157226562,1080.800048828125,1085.0,1058.050048828125,1063.0,806795
2016-05-17,1023.8394165039062,1084.449951171875,1099.800048828125,1077.0,1083.0,1890354
2016-05-18,1022.470458984375,1083.0,1086.0,1066.3499755859375,1080.0,692837
2016-05-19,1012.1797485351562,1072.0999755859375,1081.0999755859375,1064.949951171875,1078.0,778327
2016-05-20,1010.6221313476562,1070.449951171875,1076.4000244140625,1059.0,1069.0,687097
2016-05-23,997.262939453125,1056.300048828125,1079.949951171875,1050.300048828125,1072.3499755859375,1038361
2016-05-24,985.3200073242188,1043.6500244140625,1056.4000244140625,1039.1500244140625,1056.4000244140625,1287874
2016-05-25,1034.8858642578125,1096.1500244140625,1098.9000244140625,1055.25,1055.25,1011656
2016-05-26,1042.2025146484375,1103.9000244140625,1109.0,1088.0,1095.050048828125,1356124
2016-05-27,1042.391357421875,1104.0999755859375,1111.8499755859375,1099.1500244140625,1101.25,1377065
2016-05-30,1038.8038330078125,1100.300048828125,1113.550048828125,1096.9000244140625,1106.199951171875,927569
2016-05-31,1041.2110595703125,1102.8499755859375,1107.050048828125,1095.0,1101.0999755859375,1043245
2016-06-01,1042.0609130859375,1103.75,1107.800048828125,1096.550048828125,1103.0,692901
2016-06-02,1059.102294921875,1121.800048828125,1124.9000244140625,1099.1500244140625,1105.0,1139626
2016-06-03,1061.1319580078125,1123.949951171875,1132.5,1119.0999755859375,1130.0,771905
2016-06-06,1059.0546875,1121.75,1130.0,1115.550048828125,1124.949951171875,453741
2016-06-07,1047.8671875,1109.9000244140625,1128.949951171875,1104.449951171875,1126.5,886165
2016-06-08,1051.3603515625,1113.5999755859375,1119.5999755859375,1093.199951171875,1113.0,644739
2016-06-09,1059.291015625,1122.0,1125.0,1103.3499755859375,1114.8499755859375,862716
2016-06-10,1047.8671875,1109.9000244140625,1126.25,1108.1500244140625,1114.0999755859375,1033099
2016-06-13,1046.4981689453125,1108.449951171875,1119.9000244140625,1100.0,1100.0,986935
2016-06-14,1054.3343505859375,1116.75,1119.9000244140625,1099.550048828125,1103.3499755859375,615029
2016-06-15,1060.7542724609375,1123.550048828125,1125.5999755859375,1110.0,1119.050048828125,894254
2016-06-16,1038.7564697265625,1100.25,1118.9000244140625,1086.25,1118.9000244140625,938648
2016-06-17,1037.765380859375,1099.199951171875,1107.699951171875,1085.5,1107.0,1499517
2016-06-20,1041.8721923828125,1103.550048828125,1113.0,1088.5,1089.8499755859375,655632
2016-06-21,1029.6929931640625,1090.6500244140625,1103.6500244140625,1088.5,1103.0,789073
2016-06-22,1029.92919921875,1090.9000244140625,1097.0,1085.699951171875,1090.6500244140625,1351762
2016-06-23,1045.9505615234375,1103.300048828125,1111.0,1086.6500244140625,1088.8499755859375,1304906
2016-06-24,1038.8406982421875,1095.800048828125,1100.0,1045.75,1052.0999755859375,1757436
2016-06-27,1023.6723022460938,1079.800048828125,1100.0,1074.4000244140625,1091.800048828125,651019
2016-06-28,1028.3173828125,1084.699951171875,1090.6500244140625,1076.699951171875,1080.0,705465
2016-06-29,1044.0548095703125,1101.300048828125,1108.9000244140625,1079.5,1090.0,933583
2016-06-30,1053.8193359375,1111.5999755859375,1117.75,1101.0,1110.0,1401180
2016-07-01,1064.9583740234375,1123.3499755859375,1128.5,1118.050048828125,1125.0,936058
2016-07-04,1050.027099609375,1107.5999755859375,1126.0,1104.5,1124.0,466972
2016-07-05,1049.5531005859375,1107.0999755859375,1113.5,1096.25,1100.0,607228
2016-07-07,1047.941650390625,1105.4000244140625,1116.300048828125,1095.5,1115.0,1663235
2016-07-08,1068.13427734375,1126.699951171875,1130.5,1106.0999755859375,1110.0,1766200
2016-07-11,1066.0013427734375,1124.449951171875,1147.0,1115.5,1146.0,5154128
2016-07-12,1066.7122802734375,1125.199951171875,1140.5,1123.050048828125,1139.949951171875,1973211
2016-07-13,1046.9935302734375,1104.4000244140625,1129.699951171875,1100.5,1123.699951171875,1907181
2016-07-14,1056.1893310546875,1114.0999755859375,1124.0,1102.25,1107.0,790791
2016-07-15,1068.2291259765625,1126.800048828125,1135.8499755859375,1113.0999755859375,1114.699951171875,1430265
2016-07-18,1072.1160888671875,1130.9000244140625,1144.6500244140625,1127.050048828125,1128.050048828125,1161641
2016-07-19,1049.6005859375,1107.1500244140625,1134.0,1104.199951171875,1134.0,1961764
2016-07-20,1060.3607177734375,1118.5,1122.0,1101.0,1103.9000244140625,1567746
2016-07-21,1077.567138671875,1136.6500244140625,1143.9000244140625,1111.300048828125,1120.0999755859375,1213828
2016-07-22,1079.65283203125,1138.8499755859375,1145.0,1131.050048828125,1131.5,968326
2016-07-25,1096.2430419921875,1156.3499755859375,1164.449951171875,1132.8499755859375,1135.0,1187107
2016-07-26,1096.337890625,1156.449951171875,1167.6500244140625,1149.550048828125,1156.300048828125,1625281
2016-07-27,1117.05224609375,1178.300048828125,1181.699951171875,1156.5999755859375,1158.0,1811615
2016-07-28,1107.572021484375,1168.300048828125,1192.0,1164.3499755859375,1179.699951171875,1288868
2016-07-29,1114.5399169921875,1175.6500244140625,1184.949951171875,1168.3499755859375,1177.800048828125,810320
2016-08-01,1138.145751953125,1200.550048828125,1205.0,1173.0,1173.0,1229356
2016-08-02,1130.8934326171875,1192.9000244140625,1211.9000244140625,1189.4000244140625,1200.0999755859375,687438
2016-08-03,1117.14697265625,1178.4000244140625,1193.199951171875,1174.0,1183.0999755859375,938416
2016-08-04,1105.676025390625,1166.300048828125,1187.0,1157.5,1183.4000244140625,974932
2016-08-05,1123.0247802734375,1184.5999755859375,1188.3499755859375,1173.699951171875,1174.9000244140625,792799
2016-08-08,1130.4193115234375,1192.4000244140625,1206.800048828125,1188.0,1190.3499755859375,684522
2016-08-09,1124.5889892578125,1186.25,1196.800048828125,1181.550048828125,1194.800048828125,1083733
2016-08-10,1097.9022216796875,1158.0999755859375,1190.0,1153.0,1190.0,835032
2016-08-11,1103.9222412109375,1164.449951171875,1168.0,1145.449951171875,1159.0,1279605
2016-08-12,1112.7861328125,1173.800048828125,1180.0,1161.4000244140625,1175.199951171875,801836
2016-08-16,1098.13916015625,1158.3499755859375,1182.0,1153.6500244140625,1171.0,1259489
2016-08-17,1093.5888671875,1153.550048828125,1161.800048828125,1149.0,1159.550048828125,834678
2016-08-18,1132.5048828125,1194.5999755859375,1197.0,1157.050048828125,1158.199951171875,1343587
2016-08-19,1126.39013671875,1188.1500244140625,1203.75,1184.550048828125,1199.9000244140625,603632
2016-08-22,1125.0631103515625,1186.75,1203.300048828125,1184.0,1192.0,545457
2016-08-23,1127.3857421875,1189.199951171875,1195.0,1179.1500244140625,1184.699951171875,382690
2016-08-24,1121.270751953125,1182.75,1192.75,1179.0,1187.800048828125,336179
2016-08-25,1120.607421875,1182.050048828125,1198.949951171875,1178.1500244140625,1183.5,855844
2016-08-26,1103.06884765625,1163.550048828125,1185.0,1159.3499755859375,1182.050048828125,926062
2016-08-29,1095.484619140625,1155.550048828125,1167.1500244140625,1148.0999755859375,1161.199951171875,455774
2016-08-30,1099.79833984375,1160.0999755859375,1170.0,1157.3499755859375,1160.0,1611563
2016-08-31,1124.541748046875,1186.199951171875,1199.5999755859375,1160.199951171875,1168.0,2488483
2016-09-01,1122.6453857421875,1184.199951171875,1196.6500244140625,1180.6500244140625,1191.75,656421
2016-09-02,1130.1824951171875,1192.1500244140625,1194.5,1181.550048828125,1184.699951171875,641723
2016-09-06,1163.17333984375,1226.949951171875,1233.0,1196.3499755859375,1196.3499755859375,1525293
2016-09-07,1153.7880859375,1217.050048828125,1256.050048828125,1213.449951171875,1238.9000244140625,1397324
2016-09-08,1156.2054443359375,1219.5999755859375,1224.949951171875,1201.0,1219.800048828125,857870
2016-09-09,1154.3568115234375,1217.6500244140625,1223.800048828125,1200.0,1218.0,731533
2016-09-12,1133.6424560546875,1195.800048828125,1203.050048828125,1185.0999755859375,1198.0,1029013
2016-09-14,1127.859619140625,1189.699951171875,1200.800048828125,1182.0,1185.0,1892851
2016-09-15,1119.7540283203125,1181.1500244140625,1194.800048828125,1176.0,1193.699951171875,1007709
2016-09-16,1108.85205078125,1169.6500244140625,1196.0999755859375,1161.9000244140625,1187.5,2514415
2016-09-19,1142.4591064453125,1205.0999755859375,1207.0,1165.0999755859375,1173.199951171875,1267795
2016-09-20,1122.7403564453125,1184.300048828125,1207.050048828125,1182.0999755859375,1205.4000244140625,948837
2016-09-21,1123.40380859375,1185.0,1192.5,1182.0,1185.4000244140625,1050601
2016-09-22,1156.2054443359375,1219.5999755859375,1226.0,1198.0,1198.0,1207430
2016-09-23,1157.3431396484375,1220.800048828125,1230.699951171875,1209.199951171875,1220.0,1080432
2016-09-26,1139.1883544921875,1201.6500244140625,1214.300048828125,1196.199951171875,1209.0,835969
2016-09-27,1145.777099609375,1208.5999755859375,1214.8499755859375,1193.0,1201.9000244140625,933054
2016-09-28,1158.5281982421875,1222.050048828125,1225.25,1200.0999755859375,1206.9000244140625,802709
2016-09-29,1135.5860595703125,1197.8499755859375,1231.9000244140625,1190.199951171875,1226.0,1750323
2016-09-30,1133.78466796875,1195.949951171875,1206.9000244140625,1181.550048828125,1190.0,752725
2016-10-03,1168.814208984375,1232.9000244140625,1240.0,1193.9000244140625,1201.0,1151991
2016-10-04,1160.661376953125,1224.300048828125,1237.0,1215.050048828125,1234.9000244140625,1229639
2016-10-05,1152.6978759765625,1215.9000244140625,1233.0,1209.800048828125,1229.0999755859375,278544
2016-10-06,1158.623046875,1222.1500244140625,1234.699951171875,1205.550048828125,1215.0,570718
2016-10-07,1157.390380859375,1220.8499755859375,1228.0,1208.1500244140625,1223.0,488607
2016-10-10,1157.580078125,1221.050048828125,1232.050048828125,1216.25,1232.0,506484
2016-10-13,1153.124267578125,1216.3499755859375,1245.5999755859375,1209.5,1238.3499755859375,2865576
2016-10-14,1155.3048095703125,1218.6500244140625,1227.6500244140625,1205.6500244140625,1224.0,1309888
2016-10-17,1146.156494140625,1209.0,1221.0,1200.0,1221.0,794646
2016-10-18,1147.8154296875,1210.75,1219.3499755859375,1205.0,1213.0,1291073
2016-10-19,1148.3369140625,1211.300048828125,1217.0,1202.0,1216.699951171875,520312
2016-10-20,1144.071044921875,1206.800048828125,1220.75,1202.050048828125,1210.199951171875,1014093
2016-10-21,1160.661376953125,1224.300048828125,1226.300048828125,1202.0999755859375,1210.0,1005741
2016-10-24,1153.124267578125,1216.3499755859375,1224.050048828125,1212.4000244140625,1221.0,653636
2016-10-25,1146.44091796875,1209.300048828125,1219.800048828125,1204.8499755859375,1216.0,1022585
2016-10-26,1139.4254150390625,1201.9000244140625,1217.0,1198.3499755859375,1202.25,501178
2016-10-27,1117.76318359375,1179.050048828125,1200.449951171875,1171.0999755859375,1197.699951171875,1173549
2016-10-28,1137.434814453125,1199.800048828125,1202.0,1172.0,1178.0,788007
2016-11-01,1151.133544921875,1214.25,1221.0,1186.25,1197.0,1707549
2016-11-02,1165.54345703125,1229.449951171875,1236.449951171875,1200.0,1204.25,2223984
2016-11-03,1166.9180908203125,1230.9000244140625,1234.0,1217.0,1217.0,530638
2016-11-04,1155.825927734375,1219.199951171875,1234.0,1206.75,1234.0,795944
2016-11-07,1152.5081787109375,1215.699951171875,1228.9000244140625,1209.6500244140625,1225.75,578154
2016-11-08,1148.0523681640625,1211.0,1217.9000244140625,1203.0,1217.9000244140625,698079
2016-11-09,1136.8658447265625,1199.199951171875,1207.550048828125,1150.0,1155.0,2434361
2016-11-10,1151.03857421875,1214.1500244140625,1228.75,1203.1500244140625,1209.699951171875,1440450
2016-11-11,1130.3719482421875,1192.3499755859375,1229.1500244140625,1188.050048828125,1210.0,1474968
2016-11-15,1036.2808837890625,1093.0999755859375,1199.949951171875,1080.0,1198.9000244140625,3708003
2016-11-16,1038.224365234375,1095.1500244140625,1116.3499755859375,1076.0,1100.0999755859375,2615803
2016-11-17,1043.1541748046875,1100.3499755859375,1112.4000244140625,1090.0,1096.699951171875,2056516
2016-11-18,1044.386474609375,1101.6500244140625,1130.0,1097.050048828125,1106.300048828125,1120978
2016-11-21,1004.048095703125,1059.0999755859375,1108.0,1045.949951171875,1108.0,1829643
2016-11-22,1015.8510131835938,1071.550048828125,1076.75,1057.25,1071.75,1431659
2016-11-23,1009.5940551757812,1064.949951171875,1078.050048828125,1060.0,1078.0,890424
2016-11-24,990.1123046875,1044.4000244140625,1067.9000244140625,1036.699951171875,1061.199951171875,2066988
2016-11-25,1017.5574340820312,1073.3499755859375,1081.9000244140625,1044.9000244140625,1044.9000244140625,1085823
2016-11-28,995.7529907226562,1050.3499755859375,1073.699951171875,1046.0999755859375,1063.0,1181510
2016-11-29,1004.8539428710938,1059.949951171875,1069.800048828125,1042.5,1050.0,1316715
2016-11-30,1030.166259765625,1086.6500244140625,1096.5999755859375,1057.6500244140625,1064.0,1847669
2016-12-01,1024.5252685546875,1080.699951171875,1089.0,1071.5999755859375,1084.0,1099195
2016-12-02,1001.5831909179688,1056.5,1076.9000244140625,1052.0999755859375,1076.9000244140625,1630301
2016-12-05,1027.4169921875,1083.75,1088.699951171875,1052.300048828125,1055.5,871979
2016-12-06,1026.42138671875,1082.699951171875,1091.949951171875,1073.050048828125,1090.0,525242
2016-12-07,1020.2120361328124,1076.1500244140625,1088.449951171875,1057.550048828125,1086.0,998392
2016-12-08,1041.2105712890625,1098.300048828125,1106.5999755859375,1081.0,1081.9000244140625,1091448
2016-12-09,1055.004150390625,1112.8499755859375,1116.949951171875,1092.3499755859375,1105.0,1068419
2016-12-12,1028.886474609375,1085.300048828125,1108.800048828125,1082.949951171875,1108.800048828125,412094
2016-12-13,1033.1524658203125,1089.800048828125,1094.0,1076.0,1081.25,784710
2016-12-14,1016.1355590820312,1071.8499755859375,1088.949951171875,1068.5999755859375,1088.949951171875,791234
2016-12-15,1024.8572998046875,1081.050048828125,1092.9000244140625,1057.050048828125,1060.0,1327125
2016-12-16,1026.42138671875,1082.699951171875,1094.1500244140625,1069.199951171875,1082.0999755859375,2265499
2016-12-19,1028.50732421875,1084.9000244140625,1094.25,1074.0999755859375,1081.0,769000
2016-12-20,1016.1829223632812,1071.9000244140625,1088.9000244140625,1067.25,1086.8499755859375,1103786
2016-12-21,1029.786865234375,1086.25,1099.949951171875,1063.050048828125,1075.0,1544748
2016-12-22,1005.6597900390624,1060.800048828125,1080.5999755859375,1049.25,1079.0,899704
2016-12-23,1006.7974243164062,1062.0,1069.4000244140625,1037.0,1051.050048828125,838333
2016-12-26,1005.37548828125,1060.5,1064.5,1048.800048828125,1061.0,705664
2016-12-27,1008.0770874023438,1063.3499755859375,1067.199951171875,1051.0999755859375,1060.0,1193147
2016-12-28,1025.8526611328125,1082.0999755859375,1097.9000244140625,1060.199951171875,1067.800048828125,1267710
2016-12-29,1048.1787109375,1105.6500244140625,1109.0,1074.25,1076.0999755859375,1340234
2016-12-30,1050.3116455078125,1107.9000244140625,1115.949951171875,1097.5,1102.5,909854
2017-01-02,1030.924560546875,1087.449951171875,1114.6500244140625,1082.3499755859375,1109.949951171875,512397
2017-01-03,1043.3909912109375,1100.5999755859375,1113.9000244140625,1082.050048828125,1088.0,957645
2017-01-04,1042.9644775390625,1100.1500244140625,1107.4000244140625,1093.0,1094.0,795470
2017-01-05,1068.940185546875,1127.550048828125,1129.8499755859375,1104.050048828125,1107.0,2264164
2017-01-06,1084.5826416015625,1144.050048828125,1155.0,1130.300048828125,1132.0,1139667
2017-01-09,1098.9925537109375,1159.25,1163.449951171875,1138.0999755859375,1146.0999755859375,713170
2017-01-10,1100.3668212890625,1160.699951171875,1171.0999755859375,1142.050048828125,1170.0,2779939
2017-01-11,1169.66748046875,1233.800048828125,1239.1500244140625,1185.0,1185.0,5867928
2017-01-12,1156.48974609375,1219.9000244140625,1235.0,1208.3499755859375,1234.0999755859375,1447717
2017-01-13,1152.460693359375,1215.6500244140625,1236.5,1203.0,1223.800048828125,1059113
2017-01-16,1154.2144775390625,1217.5,1225.4000244140625,1202.0,1211.9000244140625,793088
2017-01-17,1150.9913330078125,1214.0999755859375,1222.5999755859375,1207.8499755859375,1220.0,935711
2017-01-18,1163.979248046875,1227.800048828125,1233.0,1212.6500244140625,1212.6500244140625,1190967
2017-01-19,1156.9163818359375,1220.3499755859375,1230.050048828125,1211.0,1228.0999755859375,962484
2017-01-20,1156.82177734375,1220.25,1240.699951171875,1209.0,1219.9000244140625,1007939
2017-01-23,1167.249755859375,1231.25,1235.0,1212.0,1212.300048828125,1971140
2017-01-24,1186.49462890625,1251.550048828125,1256.949951171875,1234.1500244140625,1235.0,1981467
2017-01-25,1199.624755859375,1265.4000244140625,1269.0,1251.449951171875,1259.949951171875,1643736
2017-01-27,1188.201171875,1253.3499755859375,1269.0,1250.800048828125,1265.800048828125,1004052
2017-01-30,1175.2606201171875,1239.699951171875,1256.699951171875,1233.050048828125,1251.0,764826
2017-01-31,1186.96875,1252.050048828125,1254.9000244140625,1236.550048828125,1244.050048828125,1283594
2017-02-01,1239.7734375,1307.75,1315.5,1246.0,1261.0,2248341
2017-02-02,1217.2576904296875,1284.0,1305.9000244140625,1272.199951171875,1305.0,1664084
2017-02-03,1235.459716796875,1303.199951171875,1314.699951171875,1272.0,1278.0,1485304
2017-02-06,1248.590087890625,1317.050048828125,1335.5,1307.25,1310.0,1129942
2017-02-07,1255.4156494140625,1324.25,1329.949951171875,1303.0999755859375,1320.0,1535174
2017-02-08,1250.67578125,1319.25,1330.0,1300.0999755859375,1325.699951171875,841206
2017-02-09,1236.21826171875,1304.0,1322.949951171875,1296.75,1318.0,907386
2017-02-10,1253.7567138671875,1322.5,1327.0,1311.199951171875,1311.199951171875,962807
2017-02-13,1270.0152587890625,1339.6500244140625,1341.300048828125,1318.550048828125,1328.199951171875,1283959
2017-02-14,1261.24609375,1330.4000244140625,1342.8499755859375,1323.0999755859375,1342.8499755859375,728131
2017-02-15,1248.021240234375,1316.449951171875,1331.5,1313.0999755859375,1329.0,606906
2017-02-16,1250.912841796875,1319.5,1330.199951171875,1309.0,1316.449951171875,754405
2017-02-17,1268.4984130859375,1338.050048828125,1365.8499755859375,1327.3499755859375,1335.0,1855056
2017-02-20,1266.981689453125,1336.449951171875,1342.3499755859375,1327.25,1336.0,344125
2017-02-21,1262.00439453125,1331.199951171875,1347.4000244140625,1325.0,1339.699951171875,1661851
2017-02-22,1257.596435546875,1326.550048828125,1339.699951171875,1321.949951171875,1334.0,1723289
2017-02-23,1271.05810546875,1340.75,1348.0,1329.050048828125,1332.4000244140625,2590362
2017-02-27,1250.7232666015625,1319.300048828125,1347.9000244140625,1317.550048828125,1340.0,1919392
2017-02-28,1244.371337890625,1312.5999755859375,1324.0,1309.050048828125,1324.0,704053
2017-03-01,1257.2642822265625,1326.199951171875,1334.8499755859375,1315.050048828125,1320.5,807113
2017-03-02,1238.5408935546875,1306.449951171875,1335.0,1303.6500244140625,1335.0,633250
2017-03-03,1231.6678466796875,1299.199951171875,1308.0,1287.550048828125,1307.699951171875,700768
2017-03-06,1251.102294921875,1319.699951171875,1328.949951171875,1303.8499755859375,1306.800048828125,625628
2017-03-07,1261.5780029296875,1330.75,1336.3499755859375,1310.550048828125,1315.0999755859375,1288272
2017-03-08,1258.3546142578125,1327.3499755859375,1343.0,1323.25,1332.0,1492895
2017-03-09,1257.359130859375,1326.300048828125,1337.9000244140625,1322.9000244140625,1330.0,1446736
2017-03-10,1266.3179931640625,1335.75,1341.0,1323.300048828125,1337.0,1614891
2017-03-14,1283.8089599609375,1354.199951171875,1375.0,1345.300048828125,1359.0,930423
2017-03-15,1278.2630615234375,1348.3499755859375,1363.5,1345.550048828125,1363.5,1142957
2017-03-16,1304.997314453125,1376.550048828125,1383.0,1353.25,1359.4000244140625,1144936
2017-03-17,1311.633544921875,1383.550048828125,1395.9000244140625,1368.550048828125,1380.5,1757368
2017-03-20,1307.8885498046875,1379.5999755859375,1391.0999755859375,1373.699951171875,1384.9000244140625,951223
2017-03-21,1317.985107421875,1390.25,1396.0,1375.800048828125,1381.0,906658
2017-03-22,1305.04443359375,1376.5999755859375,1384.449951171875,1369.5,1378.3499755859375,1449840
2017-03-23,1311.9652099609375,1383.9000244140625,1389.8499755859375,1372.0,1379.0999755859375,1541378
2017-03-24,1317.321533203125,1389.550048828125,1404.5999755859375,1380.0,1385.0,1602574
2017-03-27,1329.2191162109375,1402.0999755859375,1413.949951171875,1382.0,1383.199951171875,1263226
2017-03-28,1331.2574462890625,1404.25,1418.8499755859375,1401.0,1418.8499755859375,1115494
2017-03-29,1325.61669921875,1398.300048828125,1429.9000244140625,1384.25,1402.0999755859375,1609722
2017-03-30,1348.369140625,1422.300048828125,1429.4000244140625,1401.0,1401.0,1430611
2017-03-31,1351.0711669921875,1425.1500244140625,1431.0,1401.5999755859375,1420.0,1086863
2017-04-03,1330.4989013671875,1403.449951171875,1427.949951171875,1400.4000244140625,1425.75,783296
2017-04-05,1328.12890625,1400.949951171875,1408.0,1393.050048828125,1408.0,1461758
2017-04-06,1347.7529296875,1421.6500244140625,1426.0,1396.699951171875,1399.0,782824
2017-04-07,1338.794189453125,1412.199951171875,1426.25,1403.5999755859375,1421.0,562553
2017-04-10,1351.260498046875,1425.3499755859375,1431.0,1409.050048828125,1412.5,725902
2017-04-11,1350.454833984375,1424.5,1438.199951171875,1418.5,1429.949951171875,797974
2017-04-12,1363.01611328125,1437.75,1439.949951171875,1415.0,1425.0,418338
2017-04-13,1362.96875,1437.699951171875,1444.3499755859375,1428.0999755859375,1435.0,582737
2017-04-17,1360.6461181640625,1435.25,1442.25,1425.0,1438.0,534509
2017-04-18,1357.3280029296875,1431.75,1444.949951171875,1428.550048828125,1432.4000244140625,2004482
2017-04-19,1347.70556640625,1421.5999755859375,1443.75,1411.550048828125,1440.0,3107388
2017-04-20,1353.3935546875,1427.5999755859375,1443.1500244140625,1400.050048828125,1415.0,2637171
2017-04-21,1360.40869140625,1435.0,1444.449951171875,1430.050048828125,1437.0,1735248
2017-04-24,1359.0343017578125,1433.550048828125,1443.300048828125,1431.449951171875,1439.0,666961
2017-04-25,1377.6629638671875,1453.199951171875,1460.0,1434.0,1437.0,1439089
2017-04-26,1388.5179443359375,1464.6500244140625,1470.0,1454.4000244140625,1461.0,1186077
2017-04-27,1394.2060546875,1470.6500244140625,1483.449951171875,1458.6500244140625,1462.0,1135148
2017-04-28,1369.841796875,1444.949951171875,1480.5999755859375,1440.800048828125,1470.699951171875,614095
2017-05-02,1370.6474609375,1445.800048828125,1455.0,1440.1500244140625,1454.0,955073
2017-05-03,1363.6796875,1438.449951171875,1451.449951171875,1429.0,1449.9000244140625,635349
2017-05-04,1346.425537109375,1420.25,1446.0,1410.0999755859375,1446.0,1452308
2017-05-05,1334.85986328125,1408.050048828125,1429.949951171875,1403.699951171875,1429.949951171875,1878351
2017-05-08,1350.78662109375,1424.8499755859375,1434.800048828125,1401.800048828125,1406.5,1600519
2017-05-09,1347.0419921875,1420.9000244140625,1432.0,1415.550048828125,1432.0,781989
2017-05-10,1357.469970703125,1431.9000244140625,1435.0,1419.300048828125,1425.4000244140625,420102
2017-05-11,1352.161376953125,1426.300048828125,1438.0,1420.0,1438.0,839412
2017-05-12,1338.3675537109375,1411.75,1424.800048828125,1404.5,1424.800048828125,602647
2017-05-15,1342.586181640625,1416.199951171875,1422.5999755859375,1403.4000244140625,1414.199951171875,949033
2017-05-16,1362.2576904296875,1436.949951171875,1440.0,1410.449951171875,1417.75,744209
2017-05-17,1351.3553466796875,1425.449951171875,1448.300048828125,1420.0,1438.0,579645
2017-05-18,1333.4852294921875,1406.5999755859375,1422.0,1388.0,1422.0,640858
2017-05-19,1317.0372314453125,1389.25,1413.25,1383.0,1405.0,1247834
2017-05-22,1317.08447265625,1389.300048828125,1404.0,1375.199951171875,1390.3499755859375,936813
2017-05-23,1321.492919921875,1393.949951171875,1398.9000244140625,1378.5,1389.300048828125,791125
2017-05-24,1340.12158203125,1413.5999755859375,1422.949951171875,1392.0,1403.949951171875,1007226
2017-05-25,1385.6263427734375,1461.5999755859375,1472.0,1418.050048828125,1420.0,1464760
2017-05-26,1400.8895263671875,1477.699951171875,1484.800048828125,1452.800048828125,1458.0,766520
2017-05-29,1413.2137451171875,1490.699951171875,1504.699951171875,1473.449951171875,1479.0,655977
2017-05-30,1397.23974609375,1473.8499755859375,1494.0,1471.0,1484.0,594316
2017-05-31,1403.733642578125,1480.699951171875,1487.449951171875,1472.0999755859375,1474.9000244140625,536696
2017-06-01,1408.378662109375,1485.5999755859375,1500.0,1470.300048828125,1470.300048828125,560468
2017-06-02,1435.8240966796875,1514.550048828125,1519.949951171875,1483.0999755859375,1494.0999755859375,638560
2017-06-05,1427.0074462890625,1505.25,1519.25,1502.5999755859375,1518.9000244140625,447987
2017-06-06,1432.458740234375,1511.0,1523.0,1495.5,1509.699951171875,456242
2017-06-07,1438.09912109375,1516.949951171875,1520.9000244140625,1502.0,1512.699951171875,392417
2017-06-08,1444.8775634765625,1524.0999755859375,1536.699951171875,1517.050048828125,1520.9000244140625,1261815
2017-06-09,1447.484619140625,1526.8499755859375,1538.0,1512.949951171875,1520.0,724205
2017-06-12,1427.5289306640625,1505.800048828125,1524.25,1502.0999755859375,1520.0,325151
2017-06-13,1414.5882568359375,1492.1500244140625,1513.800048828125,1487.199951171875,1513.800048828125,671410
2017-06-14,1422.1251220703125,1500.0999755859375,1505.5999755859375,1485.1500244140625,1497.0,1032366
2017-06-15,1413.498046875,1491.0,1501.25,1487.449951171875,1497.800048828125,424499
2017-06-16,1420.98779296875,1498.9000244140625,1513.0,1487.050048828125,1492.9000244140625,1375090
2017-06-19,1432.7904052734375,1511.3499755859375,1521.5,1499.5,1503.0999755859375,692751
2017-06-20,1436.203125,1514.949951171875,1521.449951171875,1503.550048828125,1512.0999755859375,472248
2017-06-21,1416.6739501953125,1494.3499755859375,1512.0,1489.050048828125,1508.300048828125,859762
2017-06-22,1413.1663818359375,1490.6500244140625,1506.449951171875,1487.300048828125,1497.8499755859375,905839
2017-06-23,1413.8775634765625,1491.4000244140625,1503.0,1485.300048828125,1493.699951171875,596334
2017-06-27,1412.6923828125,1490.1500244140625,1502.0,1485.0,1495.0,1285379
2017-06-28,1413.1663818359375,1490.6500244140625,1499.0,1463.1500244140625,1486.050048828125,972763
2017-06-29,1402.6434326171875,1479.550048828125,1509.800048828125,1474.1500244140625,1495.050048828125,806219
2017-06-30,1402.074462890625,1478.949951171875,1483.5,1462.300048828125,1468.6500244140625,806197
2017-07-03,1413.45068359375,1490.949951171875,1495.5999755859375,1472.75,1482.9000244140625,1167857
2017-07-04,1419.944580078125,1497.800048828125,1501.0,1477.050048828125,1477.050048828125,812900
2017-07-05,1437.5306396484375,1516.3499755859375,1519.8499755859375,1499.0,1505.0,498116
2017-07-06,1440.564208984375,1519.550048828125,1523.5,1506.1500244140625,1523.5,803617
2017-07-07,1446.9632568359375,1526.300048828125,1529.9000244140625,1511.550048828125,1514.5,840805
2017-07-10,1479.2432861328125,1560.3499755859375,1564.949951171875,1526.5,1538.9000244140625,240968
2017-07-11,1479.574951171875,1560.699951171875,1571.0,1550.6500244140625,1565.0,2874052
2017-07-12,1495.0279541015625,1577.0,1581.199951171875,1562.0,1572.5999755859375,1550156
2017-07-13,1497.777099609375,1579.9000244140625,1585.0,1561.300048828125,1581.0,712568
2017-07-14,1492.65771484375,1574.5,1582.9000244140625,1568.6500244140625,1582.0,971789
2017-07-17,1498.867431640625,1581.050048828125,1584.75,1560.0,1576.0,762299
2017-07-18,1494.1568603515625,1570.0999755859375,1581.9000244140625,1564.5,1575.550048828125,789508
2017-07-19,1498.3917236328125,1574.550048828125,1584.0,1569.5999755859375,1576.0,704416
2017-07-20,1484.54541015625,1560.0,1580.949951171875,1554.8499755859375,1579.0,747783
2017-07-21,1490.8736572265625,1566.6500244140625,1568.9000244140625,1551.1500244140625,1560.0,665760
2017-07-24,1479.311279296875,1554.5,1565.6500244140625,1549.5,1565.6500244140625,980822
2017-07-25,1467.8917236328125,1542.5,1556.9000244140625,1539.0999755859375,1554.0,1159201
2017-07-26,1503.7684326171875,1580.199951171875,1585.0,1536.6500244140625,1543.800048828125,1175988
2017-07-27,1528.986572265625,1606.699951171875,1625.9000244140625,1585.0,1587.0,1980176
2017-07-28,1549.5894775390625,1628.3499755859375,1637.3499755859375,1594.050048828125,1596.5,923109
2017-07-31,1566.147705078125,1645.75,1650.800048828125,1616.5,1634.300048828125,1287974
2017-08-01,1585.1328125,1665.699951171875,1674.0,1637.75,1654.5999755859375,1150244
2017-08-02,1578.5189208984375,1658.75,1668.449951171875,1648.5,1665.5,509282
2017-08-03,1565.6243896484375,1645.199951171875,1660.0,1638.050048828125,1655.0,462668
2017-08-04,1584.1810302734375,1664.699951171875,1670.9000244140625,1635.25,1635.25,557065
2017-08-07,1570.6680908203125,1650.5,1674.550048828125,1647.699951171875,1670.0,386830
2017-08-08,1559.3912353515625,1638.6500244140625,1660.949951171875,1632.050048828125,1654.0,717420
2017-08-09,1558.058837890625,1637.25,1645.0,1631.75,1638.0,530640
2017-08-10,1550.588623046875,1629.4000244140625,1638.5999755859375,1609.0,1630.0,709628
2017-08-11,1546.7342529296875,1625.3499755859375,1633.5,1599.0,1609.0,1142387
2017-08-14,1546.1158447265625,1624.699951171875,1640.5,1612.300048828125,1628.5,900057
2017-08-16,1567.527587890625,1647.199951171875,1654.0,1603.4000244140625,1628.0,952709
2017-08-17,1549.7320556640625,1628.5,1650.0,1617.4000244140625,1650.0,619082
2017-08-18,1542.6424560546875,1621.050048828125,1625.0,1594.300048828125,1625.0,620278
2017-08-21,1537.931884765625,1616.0999755859375,1641.5,1611.699951171875,1620.0,484815
2017-08-22,1547.6387939453125,1626.300048828125,1640.949951171875,1611.0,1619.5,694864
2017-08-23,1580.56494140625,1660.9000244140625,1664.949951171875,1628.0,1628.0,1091055
2017-08-24,1587.0360107421875,1667.699951171875,1684.0,1655.699951171875,1662.0999755859375,1400606
2017-08-28,1580.23193359375,1660.550048828125,1670.0,1653.6500244140625,1667.0,745075
2017-08-29,1563.816162109375,1643.300048828125,1659.300048828125,1638.0999755859375,1645.0,514823
2017-08-30,1575.711669921875,1655.800048828125,1665.800048828125,1647.050048828125,1651.0,379651
2017-08-31,1576.61572265625,1656.75,1668.4000244140625,1648.0,1662.5,1845805
2017-09-01,1610.398681640625,1692.25,1695.800048828125,1654.0,1661.0,616709
2017-09-04,1588.7012939453125,1669.449951171875,1689.550048828125,1658.5,1682.5,423495
2017-09-05,1603.261474609375,1684.75,1688.5999755859375,1665.0,1670.699951171875,530479
2017-09-06,1603.3092041015625,1684.800048828125,1693.800048828125,1673.1500244140625,1676.0,1155788
2017-09-07,1621.4852294921875,1703.9000244140625,1715.1500244140625,1687.6500244140625,1690.0,854744
2017-09-08,1613.8721923828125,1695.9000244140625,1713.0,1688.0999755859375,1712.9000244140625,741404
2017-09-11,1704.6102294921875,1791.25,1804.0,1700.75,1711.0,3433596
2017-09-12,1657.647216796875,1741.9000244140625,1803.75,1737.0,1803.75,2108188
2017-09-13,1660.3592529296875,1744.75,1765.0,1736.4000244140625,1745.75,1217425
2017-09-14,1645.133056640625,1728.75,1749.0,1719.0999755859375,1749.0,989267
2017-09-15,1617.1551513671875,1699.3499755859375,1727.800048828125,1691.1500244140625,1725.0,2777536
2017-09-18,1661.1680908203125,1745.5999755859375,1752.9000244140625,1706.0999755859375,1706.0999755859375,1469531
2017-09-19,1661.97705078125,1746.449951171875,1758.0,1741.199951171875,1749.699951171875,858627
2017-09-20,1642.896728515625,1726.4000244140625,1756.5,1722.6500244140625,1745.0,1195102
2017-09-21,1646.46533203125,1730.1500244140625,1735.0,1711.3499755859375,1729.0,883253
2017-09-22,1625.0062255859375,1707.5999755859375,1721.1500244140625,1694.0,1720.0,1247158
2017-09-25,1619.3916015625,1701.699951171875,1713.699951171875,1675.199951171875,1695.25,1728603
2017-09-26,1611.4930419921875,1693.4000244140625,1706.5,1682.050048828125,1693.0999755859375,616105
2017-09-27,1587.2740478515625,1667.949951171875,1704.5999755859375,1662.550048828125,1699.0,1037854
2017-09-28,1599.4549560546875,1680.75,1695.0,1641.199951171875,1662.9000244140625,2385207
2017-09-29,1600.834716796875,1682.199951171875,1695.5,1669.0,1681.0,1007099
2017-10-03,1611.064697265625,1692.949951171875,1701.5,1667.9000244140625,1693.0,1236296
2017-10-04,1615.5848388671875,1697.699951171875,1713.6500244140625,1682.699951171875,1695.0,671976
2017-10-05,1607.1156005859375,1688.800048828125,1706.0,1683.0,1694.949951171875,628607
2017-10-06,1601.1201171875,1682.5,1697.6500244140625,1677.0,1691.949951171875,709562
2017-10-09,1617.2978515625,1699.5,1713.949951171875,1674.0,1682.5,842338
2017-10-10,1641.70751953125,1725.1500244140625,1729.300048828125,1708.3499755859375,1708.800048828125,846533
2017-10-11,1634.1893310546875,1717.25,1741.8499755859375,1707.050048828125,1728.199951171875,1073174
2017-10-12,1658.694091796875,1743.0,1750.0,1699.300048828125,1730.949951171875,2435199
2017-10-13,1665.6883544921875,1750.3499755859375,1758.0,1740.550048828125,1752.0,1974411
2017-10-16,1632.9998779296875,1716.0,1746.449951171875,1697.699951171875,1740.0,2888889
2017-10-17,1625.101318359375,1707.699951171875,1735.0,1700.3499755859375,1721.0,1641325
2017-10-18,1625.67236328125,1708.300048828125,1721.0,1705.0,1716.9000244140625,979869
2017-10-19,1609.06640625,1690.8499755859375,1713.8499755859375,1680.0999755859375,1713.0,129154
2017-10-23,1613.491455078125,1695.5,1707.25,1681.9000244140625,1691.0,1745367
2017-10-24,1584.3714599609375,1664.9000244140625,1700.949951171875,1654.800048828125,1694.5,1531714
2017-10-25,1515.3782958984375,1592.4000244140625,1669.9000244140625,1580.5,1669.9000244140625,3573873
2017-10-26,1539.359375,1617.5999755859375,1624.0,1572.4000244140625,1608.949951171875,2084712
2017-10-27,1548.6378173828125,1627.3499755859375,1646.9000244140625,1616.5999755859375,1627.949951171875,1531589
2017-10-30,1542.3570556640625,1620.75,1641.8499755859375,1618.0999755859375,1635.0,1549643
2017-10-31,1548.447509765625,1627.1500244140625,1642.0,1618.800048828125,1624.0,1539175
2017-11-01,1563.1024169921875,1642.550048828125,1645.5,1625.199951171875,1641.0,1051035
2017-11-02,1548.780517578125,1627.5,1649.75,1624.25,1644.5,1016358
2017-11-03,1593.507080078125,1674.5,1679.1500244140625,1626.5999755859375,1635.5,1960324
2017-11-06,1568.2890625,1648.0,1666.199951171875,1644.800048828125,1653.199951171875,1032097
2017-11-07,1574.2841796875,1654.300048828125,1673.949951171875,1642.5,1653.0,1135418
2017-11-08,1593.412109375,1674.4000244140625,1689.9000244140625,1654.5999755859375,1667.0,2240615
2017-11-09,1586.1319580078125,1666.75,1681.75,1652.800048828125,1677.699951171875,1278030
2017-11-10,1579.9940185546875,1660.300048828125,1673.300048828125,1650.6500244140625,1665.0,1515793
2017-11-13,1578.9471435546875,1659.199951171875,1672.5,1647.300048828125,1665.0,716930
2017-11-14,1558.4869384765625,1637.699951171875,1663.199951171875,1619.050048828125,1659.199951171875,1448013
2017-11-15,1520.0887451171875,1597.3499755859375,1640.75,1593.050048828125,1632.25,1725981
2017-11-16,1526.3218994140625,1603.9000244140625,1617.0999755859375,1592.5,1599.0,903458
2017-11-17,1552.9676513671875,1631.9000244140625,1636.5999755859375,1615.699951171875,1632.050048828125,578398
2017-11-20,1569.5260009765625,1649.300048828125,1659.0,1629.8499755859375,1635.25,3072448
2017-11-21,1568.8597412109375,1648.5999755859375,1664.800048828125,1643.0,1658.0,1109357
2017-11-22,1548.6378173828125,1627.3499755859375,1663.800048828125,1621.0,1656.9000244140625,751919
2017-11-23,1563.8638916015625,1643.3499755859375,1654.949951171875,1627.5,1627.5,887882
2017-11-24,1595.2200927734375,1676.300048828125,1682.8499755859375,1644.0,1646.0,1091064
2017-11-27,1580.279296875,1660.5999755859375,1671.699951171875,1648.75,1671.699951171875,746259
2017-11-28,1597.07568359375,1678.25,1692.0,1661.0,1661.199951171875,1333326
2017-11-29,1591.2708740234375,1672.1500244140625,1689.949951171875,1666.0,1679.0,1121016
2017-11-30,1581.5640869140625,1661.949951171875,1680.0,1654.0,1662.0,1743816
2017-12-01,1580.7552490234375,1661.0999755859375,1681.4000244140625,1651.75,1660.8499755859375,901780
2017-12-04,1570.2872314453125,1650.0999755859375,1674.75,1648.199951171875,1665.0,863386
2017-12-05,1584.847412109375,1665.4000244140625,1673.6500244140625,1646.0999755859375,1651.25,1217660
2017-12-06,1573.713134765625,1653.699951171875,1674.0,1650.0,1664.0,789146
2017-12-07,1572.4283447265625,1652.3499755859375,1664.0,1649.550048828125,1663.800048828125,825254
2017-12-08,1590.22412109375,1671.050048828125,1685.800048828125,1655.0,1659.0,1131333
2017-12-11,1589.3199462890625,1670.0999755859375,1697.300048828125,1663.1500244140625,1678.0,841915
2017-12-12,1570.43017578125,1650.25,1674.0,1646.1500244140625,1673.9000244140625,1677983
2017-12-13,1567.718017578125,1647.4000244140625,1659.8499755859375,1639.5999755859375,1648.0,1539500
2017-12-14,1570.525390625,1650.3499755859375,1654.800048828125,1632.0,1648.0,1909251
2017-12-15,1595.933837890625,1677.050048828125,1684.9000244140625,1647.5,1665.0,3543562
2017-12-18,1597.4090576171875,1678.5999755859375,1694.9000244140625,1630.199951171875,1667.0,1133385
2017-12-19,1589.2723388671875,1670.050048828125,1684.4000244140625,1665.0,1681.0,880090
2017-12-20,1580.56494140625,1660.9000244140625,1680.9000244140625,1655.0999755859375,1677.0,1297298
2017-12-21,1576.09228515625,1656.199951171875,1666.800048828125,1649.1500244140625,1657.5,610601
2017-12-22,1571.9527587890625,1651.8499755859375,1661.75,1646.800048828125,1652.0,832376
2017-12-26,1583.705322265625,1664.199951171875,1668.4000244140625,1646.9000244140625,1651.800048828125,772183
2017-12-27,1571.2391357421875,1651.0999755859375,1669.9000244140625,1648.8499755859375,1667.5,624678
2017-12-28,1570.6204833984375,1650.449951171875,1657.9000244140625,1646.6500244140625,1649.0,940604
2017-12-29,1569.1455078125,1648.9000244140625,1661.9000244140625,1645.0999755859375,1652.0,702219
2018-01-01,1545.30712890625,1623.8499755859375,1655.949951171875,1618.0999755859375,1652.0,771099
2018-01-02,1564.4346923828125,1643.949951171875,1647.0,1626.0999755859375,1626.300048828125,1392045
2018-01-03,1551.3974609375,1630.25,1650.0,1624.0,1649.0,1120860
2018-01-04,1566.956787109375,1646.5999755859375,1652.5,1631.0,1638.0,747232
2018-01-05,1616.0609130859375,1698.199951171875,1703.0,1643.5,1645.0,1134406
2018-01-08,1636.7113037109375,1719.9000244140625,1724.0,1700.0999755859375,1711.0,1489032
2018-01-09,1641.6123046875,1725.050048828125,1729.949951171875,1706.75,1725.0,576106
2018-01-10,1650.224365234375,1734.0999755859375,1742.550048828125,1711.1500244140625,1724.949951171875,1223879
2018-01-11,1618.059326171875,1700.300048828125,1752.0,1685.0,1740.0,4145545
2018-01-12,1622.7698974609375,1705.25,1720.449951171875,1688.0,1710.0,2057925
2018-01-15,1601.0250244140625,1682.4000244140625,1710.300048828125,1675.0,1707.0999755859375,997313
2018-01-16,1584.0858154296875,1664.5999755859375,1692.0,1660.0,1691.75,829183
2018-01-17,1577.281982421875,1657.449951171875,1678.75,1645.4000244140625,1664.0999755859375,600044
2018-01-18,1598.836181640625,1680.0999755859375,1707.0,1667.0,1679.0,2327815
2018-01-19,1602.5477294921875,1684.0,1692.25,1670.800048828125,1683.0,497099
2018-01-22,1601.7862548828125,1683.199951171875,1695.800048828125,1676.5999755859375,1684.0,820236
2018-01-23,1639.994384765625,1723.3499755859375,1730.0,1680.0,1690.0,1763797
2018-01-24,1634.237060546875,1717.300048828125,1738.800048828125,1705.0,1725.0,968956
2018-01-25,1646.5130615234375,1730.199951171875,1735.3499755859375,1703.699951171875,1723.0,2169317
2018-01-29,1658.2181396484375,1742.5,1751.050048828125,1724.0,1730.199951171875,1232573
2018-01-30,1652.080078125,1736.050048828125,1746.8499755859375,1721.25,1745.0,653937
2018-01-31,1668.3052978515625,1753.0999755859375,1761.0,1725.0999755859375,1735.0,1237098
2018-02-01,1708.6068115234375,1795.449951171875,1817.800048828125,1733.8499755859375,1754.0,3720115
2018-02-02,1676.1087646484375,1761.300048828125,1779.5,1734.199951171875,1774.9000244140625,2192706
2018-02-05,1630.1448974609375,1713.0,1739.050048828125,1683.050048828125,1721.0,1600927
2018-02-06,1601.453125,1682.8499755859375,1701.9000244140625,1644.5,1650.550048828125,1846944
2018-02-07,1581.3740234375,1661.75,1717.1500244140625,1658.5999755859375,1704.0,1423804
2018-02-08,1590.03369140625,1670.8499755859375,1684.949951171875,1662.300048828125,1680.0,801569
2018-02-09,1570.049560546875,1649.8499755859375,1659.550048828125,1635.5999755859375,1650.0,1206481
2018-02-12,1606.163818359375,1687.800048828125,1700.0,1645.199951171875,1649.8499755859375,864259
2018-02-14,1612.4923095703125,1694.449951171875,1709.5,1679.300048828125,1702.0,884974
2018-02-15,1604.59375,1686.1500244140625,1703.6500244140625,1669.0,1696.0,872147
2018-02-16,1578.66162109375,1658.9000244140625,1696.75,1650.0,1694.0,1088167
2018-02-19,1551.587646484375,1630.449951171875,1657.800048828125,1616.0,1657.800048828125,1151645
2018-02-20,1544.212646484375,1622.699951171875,1649.050048828125,1618.300048828125,1632.050048828125,859058
2018-02-21,1517.1387939453125,1594.25,1636.0,1590.0,1636.0,1425276
2018-02-22,1544.973876953125,1623.5,1631.0,1586.199951171875,1593.0,2073919
2018-02-23,1564.006591796875,1643.5,1647.8499755859375,1619.0,1623.5,616552
2018-02-26,1609.49462890625,1691.300048828125,1700.0,1648.0,1648.0,1023854
2018-02-27,1603.689453125,1685.199951171875,1703.9000244140625,1678.6500244140625,1700.1500244140625,529068
2018-02-28,1599.4549560546875,1680.75,1688.5999755859375,1661.050048828125,1673.9000244140625,913679
2018-03-01,1618.1068115234375,1700.3499755859375,1708.949951171875,1673.5,1674.75,760617
2018-03-05,1607.4959716796875,1689.199951171875,1697.75,1676.6500244140625,1688.0,789108
2018-03-06,1627.5758056640625,1710.300048828125,1732.0,1700.050048828125,1705.0,1674469
2018-03-07,1621.8182373046875,1704.25,1713.949951171875,1686.199951171875,1701.0,1138136
2018-03-08,1612.20654296875,1694.1500244140625,1718.25,1682.449951171875,1711.9000244140625,1112679
2018-03-09,1615.4423828125,1697.550048828125,1708.199951171875,1685.0,1702.0,1281268
2018-03-12,1651.3663330078125,1735.300048828125,1738.800048828125,1705.0,1705.0,858788
2018-03-13,1645.8468017578125,1729.5,1751.0,1715.800048828125,1734.9000244140625,797998
2018-03-14,1649.5106201171875,1733.3499755859375,1736.550048828125,1710.6500244140625,1724.0,685008
2018-03-15,1657.5042724609375,1741.75,1750.0,1724.0,1733.0,604484
2018-03-16,1641.279052734375,1724.699951171875,1753.3499755859375,1720.0,1741.0,2412430
2018-03-19,1635.66455078125,1718.800048828125,1732.949951171875,1713.050048828125,1731.0,1392321
2018-03-20,1633.6185302734375,1716.6500244140625,1738.0,1702.0999755859375,1711.0999755859375,779431
2018-03-21,1647.7025146484375,1731.449951171875,1743.800048828125,1716.6500244140625,1716.6500244140625,1456002
2018-03-22,1668.3052978515625,1753.0999755859375,1762.9000244140625,1735.0999755859375,1737.800048828125,1549193
2018-03-23,1664.879638671875,1749.5,1756.800048828125,1725.0,1731.0,1854651
2018-03-26,1674.6339111328125,1759.75,1773.0999755859375,1748.199951171875,1751.699951171875,1796664
2018-03-27,1701.70751953125,1788.199951171875,1796.0,1758.800048828125,1772.0,852040
2018-03-28,1709.843994140625,1796.75,1807.0,1772.1500244140625,1772.1500244140625,2380088
2018-04-02,1717.3143310546875,1804.5999755859373,1809.9000244140625,1787.5,1801.5999755859373,663945
2018-04-03,1741.2005615234375,1829.699951171875,1841.199951171875,1795.0,1795.0,1152587
2018-04-04,1712.3182373046875,1799.3499755859375,1839.449951171875,1792.5999755859375,1830.0,732382
2018-04-05,1748.0997314453125,1836.949951171875,1841.5999755859373,1812.0,1832.699951171875,613812
2018-04-06,1735.9189453125,1824.1500244140625,1838.949951171875,1814.0,1837.9000244140625,498517
2018-04-09,1770.1300048828125,1860.0999755859373,1869.199951171875,1826.199951171875,1829.9000244140625,1148635
2018-04-10,1758.56787109375,1847.949951171875,1870.0,1845.0,1865.0,610933
2018-04-11,1765.9903564453125,1855.75,1860.0999755859373,1838.050048828125,1850.0,470440
2018-04-12,1767.9412841796875,1857.800048828125,1864.5,1846.25,1852.0,403510
2018-04-13,1771.2718505859375,1861.300048828125,1871.9000244140625,1842.8499755859373,1857.0,408479
2018-04-16,1774.4598388671875,1864.6500244140625,1872.75,1852.6500244140625,1858.800048828125,636242
2018-04-17,1776.553466796875,1866.8499755859373,1878.3499755859373,1855.6500244140625,1864.6500244140625,405779
2018-04-18,1754.427978515625,1843.5999755859373,1873.199951171875,1836.0,1871.0,576214
2018-04-19,1744.293212890625,1832.949951171875,1868.949951171875,1802.3499755859373,1853.0,2259972
2018-04-20,1725.1654052734375,1812.8499755859373,1844.0,1801.0999755859375,1844.0,1819822
2018-04-23,1783.73828125,1874.4000244140625,1885.4000244140625,1808.800048828125,1814.4000244140625,1620444
2018-04-24,1786.59326171875,1877.4000244140625,1887.9000244140625,1855.5999755859373,1878.9000244140625,1109545
2018-04-25,1758.3773193359375,1847.75,1877.5999755859373,1845.300048828125,1874.0,809675
2018-04-26,1790.8756103515625,1881.9000244140625,1900.0,1844.0,1850.0,2077102
2018-04-27,1793.540283203125,1884.699951171875,1896.4000244140625,1864.0,1882.949951171875,567026
2018-04-30,1806.1968994140625,1898.0,1903.199951171875,1880.0,1881.0,466913
2018-05-02,1777.933349609375,1868.300048828125,1899.449951171875,1861.699951171875,1895.0,1320018
2018-05-03,1787.3070068359375,1878.1500244140625,1884.0,1851.0999755859373,1863.0,1200445
2018-05-04,1799.67822265625,1891.1500244140625,1898.0,1870.300048828125,1878.5,752654
2018-05-07,1798.3935546875,1889.800048828125,1900.050048828125,1881.0,1893.5,2126759
2018-05-08,1779.17041015625,1869.5999755859373,1893.0,1843.0,1892.0999755859373,1401495
2018-05-09,1788.2110595703125,1879.0999755859373,1890.0,1860.25,1869.5999755859373,1375815
2018-05-10,1794.15869140625,1885.3499755859373,1910.949951171875,1855.0,1879.0999755859373,2716101
2018-05-11,1802.6282958984373,1894.25,1897.9000244140625,1873.5999755859373,1890.050048828125,542317
2018-05-14,1822.374755859375,1915.0,1918.3499755859373,1886.0,1886.0,497437
2018-05-15,1824.230224609375,1916.949951171875,1951.5,1905.0999755859373,1919.0,1198159
2018-05-16,1832.4617919921875,1925.5999755859373,1939.199951171875,1900.0,1911.5999755859373,506000
2018-05-17,1821.7559814453125,1914.3499755859373,1934.25,1905.5999755859373,1920.0,503632
2018-05-18,1836.6490478515625,1930.0,1945.0,1906.0,1915.0,952766
2018-05-21,1831.84326171875,1924.949951171875,1947.0,1912.449951171875,1935.9000244140625,845801
2018-05-22,1811.85888671875,1903.949951171875,1931.300048828125,1895.0,1924.699951171875,545822
2018-05-23,1763.991943359375,1853.6500244140625,1898.699951171875,1848.5999755859373,1895.0,1220570
2018-05-24,1780.21728515625,1870.699951171875,1878.800048828125,1836.0,1853.6500244140625,864810
2018-05-25,1822.326904296875,1914.949951171875,1919.25,1858.699951171875,1874.0,674128
2018-05-28,1821.8509521484373,1914.449951171875,1925.0,1894.949951171875,1919.0,811547
2018-05-29,1786.498046875,1877.300048828125,1917.050048828125,1870.0,1908.0999755859373,855287
2018-05-30,1793.682861328125,1884.8499755859373,1892.199951171875,1858.199951171875,1868.699951171875,848282
2018-05-31,1860.8680419921875,1955.449951171875,1995.0,1868.75,1884.0,3896725
2018-06-01,1822.75537109375,1915.4000244140625,1948.0,1905.0,1948.0,1082637
2018-06-04,1810.1934814453125,1902.199951171875,1963.0,1892.0,1931.949951171875,964088
2018-06-05,1807.529296875,1899.4000244140625,1916.550048828125,1892.9000244140625,1897.0,708586
2018-06-06,1826.9423828125,1919.800048828125,1928.5,1881.3499755859373,1903.0,508953
2018-06-07,1808.5283203125,1900.449951171875,1941.75,1895.0999755859373,1926.0,754249
2018-06-08,1797.3466796875,1888.699951171875,1898.949951171875,1880.0,1895.0,1889091
2018-06-11,1812.66796875,1904.800048828125,1929.1500244140625,1895.300048828125,1898.9000244140625,794575
2018-06-12,1860.2017822265625,1954.75,1958.449951171875,1908.0,1910.0,1275739
2018-06-13,1858.4822998046875,1945.449951171875,1968.800048828125,1937.550048828125,1958.0,1169830
2018-06-14,1875.6300048828125,1963.4000244140625,1971.0999755859373,1934.0,1940.0,917199
2018-06-15,1879.4033203125,1967.3499755859373,1978.4000244140625,1947.1500244140625,1963.0,2274265
2018-06-18,1879.9764404296875,1967.949951171875,1989.0,1961.0,1962.0999755859373,792509
2018-06-19,1845.1558837890625,1931.5,1962.449951171875,1916.75,1962.0,905231
2018-06-20,1879.4512939453125,1967.4000244140625,1975.0,1927.5,1939.0,489671
2018-06-21,1872.859619140625,1960.5,1975.75,1946.050048828125,1969.300048828125,779490
2018-06-22,1865.9337158203125,1953.25,1963.75,1927.4000244140625,1960.5,956565
2018-06-25,1881.8870849609373,1969.949951171875,1976.9000244140625,1946.5,1951.0,566785
2018-06-26,1894.640380859375,1983.300048828125,1993.9000244140625,1956.8499755859373,1961.0999755859373,662063
2018-06-27,1881.218505859375,1969.25,1995.0,1959.0999755859373,1989.0,555455
2018-06-28,1879.6422119140625,1967.5999755859373,1990.0,1948.25,1969.0,1393387
2018-06-29,1845.82470703125,1932.199951171875,1979.0,1929.550048828125,1970.0,1324639
2018-07-02,1861.6827392578125,1948.800048828125,1957.050048828125,1928.5,1938.0,708738
2018-07-03,1863.784423828125,1951.0,1955.800048828125,1935.0,1944.0,926035
2018-07-04,1887.953369140625,1976.300048828125,1985.75,1945.300048828125,1954.0,1514361
2018-07-05,1876.633056640625,1964.449951171875,1991.0,1960.0999755859373,1980.199951171875,490611
2018-07-06,1871.8089599609373,1959.4000244140625,1971.449951171875,1952.300048828125,1961.449951171875,590699
2018-07-09,1870.7579345703125,1958.300048828125,1970.0,1944.199951171875,1968.699951171875,853596
2018-07-10,1848.594970703125,1935.0999755859373,1970.0,1924.0,1970.0,3301425
2018-07-11,1829.20263671875,1914.800048828125,1946.5999755859373,1903.0999755859373,1943.0,1739970
2018-07-12,1851.5086669921875,1938.1500244140625,1953.0,1923.199951171875,1923.199951171875,844316
2018-07-13,1837.75244140625,1923.75,1948.800048828125,1918.3499755859373,1936.5,954344
2018-07-16,1836.7972412109373,1922.75,1950.5,1918.5,1929.949951171875,659528
2018-07-17,1819.8408203125,1905.0,1927.550048828125,1892.0,1924.0999755859373,1131560
2018-07-18,1815.09326171875,1892.550048828125,1923.6500244140625,1886.0,1910.0,773027
2018-07-19,1810.9691162109373,1888.25,1905.9000244140625,1881.0,1894.8499755859373,593314
2018-07-20,1824.68408203125,1902.550048828125,1913.949951171875,1877.5,1888.0,817518
2018-07-23,1860.7451171875,1940.1500244140625,1942.4000244140625,1903.0,1906.25,1072520
2018-07-24,1867.6983642578125,1947.4000244140625,1954.800048828125,1940.0,1950.0,573920
2018-07-25,1884.6260986328125,1965.050048828125,1970.5999755859373,1940.0,1949.949951171875,1065275
2018-07-26,1880.1182861328125,1960.3499755859373,1988.0,1947.8499755859373,1965.0,2959597
2018-07-27,1900.45068359375,1981.550048828125,1988.800048828125,1955.800048828125,1969.0,858768
2018-07-30,1889.565185546875,1970.199951171875,1989.550048828125,1965.0,1978.0,1792695
2018-07-31,1913.4942626953125,1995.1500244140625,2001.75,1963.25,1970.0999755859373,460626
2018-08-01,1919.440185546875,2001.3499755859373,2021.0,1992.699951171875,2005.0,884802
2018-08-02,1940.252197265625,2023.050048828125,2032.25,1995.550048828125,1999.0,1278375
2018-08-03,1933.346923828125,2015.8499755859373,2038.0,2003.449951171875,2033.0999755859373,1234257
2018-08-06,1917.9537353515625,1999.800048828125,2025.699951171875,1993.25,2022.9000244140625,749860
2018-08-07,1912.678955078125,1994.300048828125,2009.199951171875,1980.050048828125,2004.800048828125,531559
2018-08-08,1918.76904296875,2000.6500244140625,2014.75,1984.0999755859373,1996.0,886494
2018-08-09,1903.8077392578125,1985.050048828125,2011.0,1971.5999755859373,2008.0,593894
2018-08-10,1898.4847412109373,1979.5,1998.0,1962.25,1981.0,648603
2018-08-13,1912.2952880859373,1993.9000244140625,1996.0,1963.0,1970.0,930525
2018-08-14,1915.84375,1997.5999755859373,2000.0,1979.199951171875,1993.9000244140625,322251
2018-08-16,1902.9923095703125,1984.199951171875,1994.9000244140625,1974.1500244140625,1987.550048828125,812823
2018-08-17,1908.9384765625,1990.4000244140625,1995.0,1982.0999755859373,1991.0,462694
2018-08-20,1909.4659423828125,1990.949951171875,2000.0,1986.8499755859373,1992.0,671269
2018-08-21,1895.0799560546875,1975.949951171875,1995.0,1967.300048828125,1995.0,688170
2018-08-23,1877.0972900390625,1957.199951171875,1975.9000244140625,1952.050048828125,1975.9000244140625,1012394
2018-08-24,1849.2364501953125,1928.1500244140625,1958.75,1921.550048828125,1958.75,939358
2018-08-27,1871.486572265625,1951.3499755859373,1963.800048828125,1930.0,1932.550048828125,1305157
2018-08-28,1854.51123046875,1933.6500244140625,1968.6500244140625,1930.0999755859373,1960.199951171875,686872
2018-08-29,1827.561279296875,1905.550048828125,1939.300048828125,1900.0999755859373,1935.0,1139011
2018-08-30,1798.8848876953125,1875.6500244140625,1907.449951171875,1867.0,1900.0999755859373,2124825
2018-08-31,1828.5682373046875,1906.5999755859373,1915.800048828125,1862.0,1871.0,1952492
2018-09-03,1819.361083984375,1897.0,1918.8499755859373,1884.699951171875,1906.0,937981
2018-09-04,1779.655517578125,1855.5999755859373,1898.800048828125,1843.0,1895.0,1290572
2018-09-05,1778.9361572265625,1854.8499755859373,1864.699951171875,1825.0,1855.800048828125,804386
2018-09-06,1803.0567626953125,1880.0,1885.0,1851.0,1870.0,1003340
2018-09-07,1799.0765380859375,1875.8499755859373,1885.949951171875,1865.9000244140625,1872.0999755859373,763150
2018-09-10,1754.2880859375,1829.1500244140625,1872.0,1818.199951171875,1872.0,1157745
2018-09-11,1751.74658203125,1826.5,1854.949951171875,1819.5,1834.0999755859373,1430413
2018-09-12,1753.520751953125,1828.3499755859373,1837.050048828125,1804.800048828125,1825.0,1149898
2018-09-14,1796.1514892578125,1872.800048828125,1881.800048828125,1836.0,1845.0,1512590
2018-09-17,1800.2276611328125,1877.050048828125,1880.9000244140625,1849.0,1857.800048828125,1009490
2018-09-18,1785.9375,1862.1500244140625,1889.300048828125,1856.050048828125,1867.25,823718
2018-09-19,1730.790771484375,1804.6500244140625,1875.4000244140625,1799.25,1866.5999755859373,1471601
2018-09-21,1690.3177490234375,1762.449951171875,1834.0999755859373,1731.0,1820.0,4403405
2018-09-24,1605.6796875,1674.199951171875,1774.300048828125,1658.8499755859375,1769.0,4685534
2018-09-25,1627.3067626953125,1696.75,1717.550048828125,1649.0,1675.0999755859375,4503074
2018-09-26,1632.1502685546875,1701.800048828125,1712.5,1679.5,1705.0,2914677
2018-09-27,1613.160400390625,1682.0,1714.8499755859375,1676.300048828125,1705.0,2809983
2018-09-28,1620.881103515625,1690.050048828125,1720.0,1668.3499755859375,1693.0999755859375,1801534
2018-10-01,1575.4210205078125,1642.6500244140625,1669.9000244140625,1615.6500244140625,1660.0,5213931
2018-10-03,1571.6326904296875,1638.699951171875,1659.199951171875,1606.0,1639.800048828125,5112718
2018-10-04,1524.4462890625,1589.5,1627.199951171875,1551.3499755859375,1614.800048828125,3065332
2018-10-05,1541.5655517578125,1607.3499755859375,1638.449951171875,1572.0,1572.0,4352946
2018-10-08,1534.5166015625,1600.0,1629.4000244140625,1582.0999755859375,1606.0,2426418
2018-10-09,1542.0931396484375,1607.9000244140625,1619.050048828125,1590.0999755859375,1608.0,1065187
2018-10-10,1570.9132080078125,1637.949951171875,1666.8499755859375,1604.199951171875,1612.0,2264070
2018-10-11,1527.3714599609375,1592.550048828125,1610.0,1581.4000244140625,1610.0,2131052
2018-10-12,1585.0596923828125,1652.699951171875,1659.5,1606.0,1611.9000244140625,2169080
2018-10-15,1560.3634033203125,1626.949951171875,1667.699951171875,1588.550048828125,1667.699951171875,4301735
2018-10-16,1554.2254638671875,1620.550048828125,1695.949951171875,1615.0,1639.0,7490737
2018-10-17,1538.2568359375,1603.9000244140625,1652.550048828125,1600.0,1636.25,3532784
2018-10-19,1512.169921875,1576.699951171875,1613.1500244140625,1570.0,1590.0,4071551
2018-10-22,1390.128173828125,1449.449951171875,1600.4000244140625,1421.5,1590.0,6528861
2018-10-23,1412.8580322265625,1473.1500244140625,1498.0,1425.0,1435.0,7242862
2018-10-24,1459.08544921875,1521.3499755859375,1528.699951171875,1480.050048828125,1490.0,2177827
2018-10-25,1430.073486328125,1491.0999755859375,1522.9000244140625,1475.5999755859375,1502.0999755859375,4971095
2018-10-26,1386.6275634765625,1445.800048828125,1498.0,1438.0999755859375,1496.5,2263193
2018-10-29,1354.9779052734375,1412.800048828125,1445.0,1375.0,1445.0,4620039
2018-10-30,1308.4632568359375,1364.300048828125,1410.0,1349.5999755859375,1410.0,5974755
2018-10-31,1366.774658203125,1425.0999755859375,1436.199951171875,1333.1500244140625,1355.0,6474213
2018-11-01,1404.0345458984375,1463.949951171875,1492.949951171875,1398.0,1402.0,5635786
2018-11-02,1478.6986083984375,1541.800048828125,1554.9000244140625,1475.0,1485.0,5732745
2018-11-05,1425.6136474609375,1486.449951171875,1535.0,1480.199951171875,1535.0,2926342
2018-11-06,1415.06396484375,1475.449951171875,1511.5999755859375,1442.6500244140625,1490.0,2830304
2018-11-07,1423.168212890625,1483.9000244140625,1501.1500244140625,1475.0,1486.0,140435
2018-11-09,1433.718017578125,1494.9000244140625,1520.300048828125,1476.0,1477.0999755859375,1913755
2018-11-12,1431.895751953125,1493.0,1519.0,1478.199951171875,1501.9000244140625,1434191
2018-11-13,1424.7506103515625,1485.550048828125,1496.300048828125,1463.550048828125,1485.0999755859375,1678410
2018-11-14,1451.6048583984375,1513.550048828125,1529.0,1492.5,1498.0,1888029
2018-11-15,1450.2620849609375,1512.1500244140625,1533.25,1498.0,1515.0,1362884
2018-11-16,1439.664306640625,1501.0999755859375,1526.0,1486.75,1519.0,1222318
2018-11-19,1475.005859375,1537.949951171875,1541.300048828125,1484.3499755859375,1503.0,2054251
2018-11-20,1494.0914306640625,1557.8499755859375,1569.9000244140625,1528.3499755859375,1535.0,2718989
2018-11-21,1483.39794921875,1546.699951171875,1568.949951171875,1538.4000244140625,1558.5,984774
2018-11-22,1466.2783203125,1528.8499755859375,1563.949951171875,1522.0,1548.0,1038896
2018-11-26,1498.791015625,1562.75,1567.699951171875,1532.050048828125,1538.0,1365620
2018-11-27,1523.53515625,1588.550048828125,1593.8499755859375,1548.800048828125,1553.699951171875,1707401
2018-11-28,1547.3201904296875,1613.3499755859375,1620.0,1592.199951171875,1596.0,2408350
2018-11-29,1592.58837890625,1660.550048828125,1670.949951171875,1619.0,1629.0,2975979
2018-11-30,1565.0150146484375,1631.800048828125,1674.449951171875,1623.0,1664.5,1391187
2018-12-03,1588.5123291015625,1656.300048828125,1661.8499755859375,1636.300048828125,1648.5,1509308
2018-12-04,1568.803466796875,1635.75,1658.9000244140625,1631.800048828125,1653.0,1311350
2018-12-05,1537.9691162109375,1603.5999755859375,1630.0,1591.800048828125,1630.0,1669427
2018-12-06,1505.216796875,1569.449951171875,1594.300048828125,1560.0,1594.199951171875,1605950
2018-12-07,1502.6754150390625,1566.800048828125,1580.0,1531.050048828125,1572.0,1502809
2018-12-10,1490.83056640625,1554.449951171875,1573.0,1537.050048828125,1540.0,1485061
2018-12-11,1489.248291015625,1552.800048828125,1564.75,1475.0,1476.75,2294146
2018-12-12,1517.4449462890625,1582.199951171875,1589.699951171875,1555.0,1565.0,1279021
2018-12-13,1544.2030029296875,1610.0999755859375,1628.0,1576.949951171875,1591.5,1283289
2018-12-14,1538.2088623046875,1603.8499755859375,1613.5,1590.050048828125,1610.0,692049
2018-12-17,1566.50146484375,1633.3499755859375,1639.5,1605.0,1612.9000244140625,791402
2018-12-18,1572.4478759765625,1639.550048828125,1644.3499755859375,1609.0,1627.9000244140625,983139
2018-12-19,1546.6488037109375,1612.6500244140625,1652.699951171875,1609.4000244140625,1641.0,1390871
2018-12-20,1546.8404541015625,1612.8499755859375,1621.75,1593.300048828125,1606.0999755859375,1156454
2018-12-21,1511.1632080078125,1575.6500244140625,1625.949951171875,1572.199951171875,1612.8499755859375,1119348
2018-12-24,1498.4073486328125,1562.3499755859375,1591.5,1555.949951171875,1578.0,757749
2018-12-26,1492.7489013671875,1556.449951171875,1564.949951171875,1520.300048828125,1559.699951171875,1712424
2018-12-27,1499.9898681640625,1564.0,1593.449951171875,1559.699951171875,1577.0,1880388
2018-12-28,1518.451904296875,1583.25,1600.5,1571.0,1578.8499755859375,1333919
2018-12-31,1533.84521484375,1599.300048828125,1604.0,1585.5999755859375,1591.300048828125,933039
2019-01-01,1530.2965087890625,1595.5999755859375,1605.0,1560.550048828125,1600.0,4043870
2019-01-02,1512.07421875,1576.5999755859375,1598.0,1568.25,1587.5999755859375,1164974
2019-01-03,1496.24951171875,1560.0999755859375,1580.0,1555.6500244140625,1573.0,958038
2019-01-04,1484.83642578125,1548.199951171875,1571.0,1540.199951171875,1560.800048828125,1868151
2019-01-07,1495.3382568359375,1559.1500244140625,1610.0,1550.5,1561.0,3991996
2019-01-08,1513.1771240234375,1577.75,1588.0,1551.0,1563.1500244140625,1479592
2019-01-09,1536.19482421875,1601.75,1610.0,1548.0,1580.0,6447772
2019-01-10,1501.8121337890625,1565.9000244140625,1607.8499755859375,1554.0,1607.8499755859375,4377060
2019-01-11,1453.13916015625,1515.1500244140625,1574.0,1508.300048828125,1570.0,3180775
2019-01-14,1423.31201171875,1484.050048828125,1509.0,1471.0,1509.0,3615252
2019-01-15,1434.0057373046875,1495.199951171875,1504.4000244140625,1486.0,1491.0,1725819
2019-01-16,1464.216552734375,1526.699951171875,1532.0,1495.949951171875,1496.0,2188162
2019-01-17,1460.667724609375,1523.0,1536.0,1510.0,1526.699951171875,1467807
2019-01-18,1454.8175048828125,1516.9000244140625,1532.4000244140625,1513.0,1523.0999755859375,1589082
2019-01-21,1445.898193359375,1507.5999755859375,1517.9000244140625,1497.0,1511.300048828125,1606142
2019-01-22,1440.1436767578125,1501.5999755859375,1506.199951171875,1475.0,1502.0,2666389
2019-01-23,1433.81396484375,1495.0,1509.0,1486.199951171875,1497.1500244140625,1441440
2019-01-24,1429.3062744140625,1490.300048828125,1500.0,1478.5,1492.199951171875,1088512
2019-01-25,1424.127197265625,1484.9000244140625,1512.4000244140625,1478.25,1496.300048828125,1738412
2019-01-28,1384.61328125,1443.699951171875,1492.949951171875,1437.4000244140625,1472.199951171875,2246761
2019-01-29,1402.0205078125,1461.8499755859375,1466.0,1430.25,1446.0,1388542
2019-01-30,1415.687255859375,1476.0999755859375,1490.0,1458.0,1465.9000244140625,3193022
2019-01-31,1443.93212890625,1505.550048828125,1520.5,1473.0999755859375,1480.0,2469714
2019-02-01,1453.13916015625,1515.1500244140625,1535.4000244140625,1496.9000244140625,1507.9000244140625,1547424
2019-02-04,1443.0689697265625,1504.6500244140625,1511.449951171875,1469.3499755859375,1508.0999755859375,2054061
2019-02-05,1478.650390625,1541.75,1557.1500244140625,1498.050048828125,1504.8499755859375,1710784
2019-02-06,1463.593017578125,1526.050048828125,1543.75,1507.0,1543.75,1541770
2019-02-07,1452.947265625,1514.949951171875,1529.9000244140625,1507.0,1525.0,1602553
2019-02-08,1437.697998046875,1499.050048828125,1529.5,1490.9000244140625,1512.9000244140625,2194466
2019-02-11,1449.1590576171875,1511.0,1518.0,1482.0,1502.9000244140625,1387113
2019-02-12,1435.9239501953125,1497.199951171875,1522.75,1486.25,1512.0999755859375,1136862
2019-02-14,1455.392822265625,1517.5,1530.800048828125,1476.050048828125,1491.9000244140625,1756930
2019-02-15,1447.720458984375,1509.5,1521.949951171875,1498.699951171875,1515.550048828125,1169312
2019-02-18,1454.9134521484375,1517.0,1524.9000244140625,1500.0,1509.5,1040787
2019-02-19,1419.9072265625,1480.5,1520.9000244140625,1471.0999755859375,1512.0,1352025
2019-02-20,1420.195068359375,1480.800048828125,1493.5999755859375,1474.0999755859375,1480.0,1688403
2019-02-21,1411.3236083984375,1471.550048828125,1494.4000244140625,1455.0,1479.449951171875,2297058
2019-02-22,1402.9317626953125,1462.800048828125,1486.949951171875,1458.0999755859375,1474.0,1314113
2019-02-25,1430.169189453125,1491.199951171875,1495.0,1461.050048828125,1465.050048828125,1055629
2019-02-26,1417.60546875,1478.0999755859375,1488.8499755859375,1461.800048828125,1480.0,850891
2019-02-27,1416.2626953125,1476.699951171875,1493.949951171875,1458.199951171875,1482.050048828125,1553126
2019-02-28,1413.5294189453125,1473.8499755859375,1489.0,1470.5,1487.75,2400890
2019-03-01,1452.1322021484375,1514.0999755859375,1519.5,1474.949951171875,1481.699951171875,2243654
2019-03-05,1478.5064697265625,1541.5999755859375,1547.0,1510.0,1510.0,1768341
2019-03-06,1472.0328369140625,1534.8499755859375,1541.0,1522.25,1537.5,1694922
2019-03-07,1468.5802001953125,1531.25,1544.949951171875,1520.1500244140625,1534.9000244140625,2128646
2019-03-08,1455.87255859375,1518.0,1531.5999755859375,1507.949951171875,1529.0,966595
2019-03-11,1452.611572265625,1514.5999755859375,1525.0,1502.4000244140625,1520.9000244140625,2472505
2019-03-12,1504.833251953125,1569.050048828125,1585.0,1510.75,1526.0,7399042
2019-03-13,1569.37890625,1636.3499755859375,1640.0,1567.9000244140625,1574.9000244140625,7407679
2019-03-14,1613.8316650390625,1682.699951171875,1701.0,1635.0,1649.0,6598388
2019-03-15,1633.5406494140625,1703.25,1718.0,1685.0999755859375,1686.0,3884063
2019-03-18,1645.5772705078125,1715.800048828125,1734.449951171875,1702.5999755859375,1708.0,2427808
2019-03-19,1654.592529296875,1725.199951171875,1735.0,1718.199951171875,1730.0,1738526
2019-03-20,1643.275390625,1713.4000244140625,1730.0,1708.0,1729.0,1592600
2019-03-22,1629.0810546875,1698.5999755859375,1731.550048828125,1694.300048828125,1715.0,2081172
2019-03-25,1614.6470947265625,1683.550048828125,1699.949951171875,1675.0,1682.0999755859375,1689972
2019-03-26,1644.4742431640625,1714.6500244140625,1720.0,1668.5999755859375,1681.0,2216791
2019-03-27,1730.4071044921875,1804.25,1813.449951171875,1720.0999755859375,1730.0,5562677
2019-03-28,1746.5673828125,1821.0999755859373,1834.4000244140625,1777.1500244140625,1812.5,4070284
2019-04-01,1671.7119140625,1743.050048828125,1799.0,1739.050048828125,1797.0,2594605
2019-04-02,1701.9227294921875,1774.550048828125,1780.0,1730.800048828125,1754.6500244140625,2760486
2019-04-03,1701.0115966796875,1773.5999755859375,1818.0,1761.949951171875,1784.0,2494990
2019-04-04,1665.09423828125,1736.1500244140625,1782.75,1723.25,1773.5999755859375,2164515
2019-04-05,1695.5926513671875,1767.949951171875,1774.8499755859375,1745.1500244140625,1748.0,1183378
2019-04-08,1679.33642578125,1751.0,1798.5999755859375,1746.050048828125,1768.9000244140625,1816648
2019-04-09,1694.7774658203125,1767.0999755859375,1772.4000244140625,1730.25,1758.0,1675803
2019-04-10,1675.931640625,1747.449951171875,1778.949951171875,1742.199951171875,1766.050048828125,1891510
2019-04-11,1669.4100341796875,1740.6500244140625,1752.9000244140625,1727.800048828125,1748.9000244140625,965883
2019-04-12,1665.7177734375,1736.800048828125,1744.449951171875,1726.0999755859375,1743.5,1029735
2019-04-15,1677.3223876953125,1748.9000244140625,1764.9000244140625,1732.800048828125,1743.5,973597
2019-04-16,1740.8609619140625,1815.1500244140625,1820.0,1753.0,1753.9000244140625,2593532
2019-04-18,1692.0921630859375,1764.300048828125,1823.75,1752.300048828125,1816.0,1857583
2019-04-22,1621.7919921875,1691.0,1760.0,1682.949951171875,1759.0,2184388
2019-04-23,1583.764892578125,1651.3499755859375,1716.0,1645.0,1691.0,2161145
2019-04-24,1629.704345703125,1699.25,1705.0,1661.0999755859375,1667.0,3467827
2019-04-25,1614.5509033203125,1683.449951171875,1724.0,1673.0,1716.0,3070975
2019-04-26,1629.32080078125,1698.8499755859375,1703.25,1661.5,1684.0,1639196
2019-04-30,1540.7503662109375,1606.5,1679.9000244140625,1575.199951171875,1679.9000244140625,5059803
2019-05-02,1497.4005126953125,1561.300048828125,1617.5999755859375,1551.5,1601.1500244140625,4071588
2019-05-03,1492.8927001953125,1556.5999755859375,1579.0,1546.800048828125,1565.0,2042908
2019-05-06,1465.702880859375,1528.25,1543.300048828125,1521.5999755859375,1543.300048828125,2018992
2019-05-07,1453.7626953125,1515.800048828125,1542.0,1495.5,1539.800048828125,3333379
2019-05-08,1427.819580078125,1488.75,1525.949951171875,1482.0999755859375,1515.800048828125,2652472
2019-05-09,1416.118896484375,1476.550048828125,1489.0,1468.8499755859375,1486.0,3040828
2019-05-10,1380.968994140625,1439.9000244140625,1492.5,1430.0,1478.550048828125,2304082
2019-05-13,1336.276123046875,1393.300048828125,1446.0,1387.25,1434.0,2608583
2019-05-14,1374.0635986328125,1432.699951171875,1442.0,1386.5,1393.300048828125,5582146
2019-05-15,1322.5615234375,1379.0,1452.0,1373.0,1436.0,3321014
2019-05-16,1302.612548828125,1358.199951171875,1382.0,1348.0999755859375,1382.0,4571270
2019-05-17,1317.33447265625,1373.550048828125,1392.0,1365.0,1368.0,3070835
2019-05-20,1433.478271484375,1494.6500244140625,1505.6500244140625,1400.0,1400.0,4545248
2019-05-21,1388.4976806640625,1447.75,1514.0,1443.0,1499.9000244140625,3331988
2019-05-22,1456.735595703125,1518.9000244140625,1536.8499755859375,1382.300048828125,1446.949951171875,18578611
2019-05-23,1533.3177490234375,1598.75,1640.0,1543.1500244140625,1547.0,12378857
2019-05-24,1581.4151611328125,1648.9000244140625,1658.0,1594.0,1608.699951171875,6065381
2019-05-27,1546.7926025390625,1612.800048828125,1647.9000244140625,1607.0,1647.9000244140625,2426340
2019-05-28,1553.3621826171875,1619.6500244140625,1632.0,1596.699951171875,1615.0,2044030
2019-05-29,1542.8125,1608.6500244140625,1629.3499755859375,1602.050048828125,1617.0,1628713
2019-05-30,1521.95263671875,1586.9000244140625,1621.5999755859375,1580.550048828125,1608.5999755859375,4997347
2019-05-31,1539.6473388671875,1605.3499755859375,1610.949951171875,1555.050048828125,1599.0,3138032
2019-06-03,1594.6025390625,1662.6500244140625,1667.0,1589.699951171875,1600.0999755859375,3064055
2019-06-04,1570.9613037109375,1638.0,1672.949951171875,1630.0,1663.0,2614383
2019-06-06,1460.3323974609375,1522.6500244140625,1634.699951171875,1510.0,1634.699951171875,6402947
2019-06-07,1488.672607421875,1552.199951171875,1560.0,1482.050048828125,1530.0,6289576
2019-06-10,1488.145263671875,1551.6500244140625,1585.0999755859375,1536.1500244140625,1564.0,3211040
2019-06-11,1525.501220703125,1590.5999755859375,1595.300048828125,1563.0,1564.0,3468327
2019-06-12,1505.600341796875,1569.8499755859375,1602.5999755859375,1561.199951171875,1597.0,3504083
2019-06-13,1427.9154052734375,1488.8499755859375,1525.0,1440.0,1520.0,10175722
2019-06-14,1368.4051513671875,1426.800048828125,1495.0,1411.25,1493.0,10500760
2019-06-17,1342.3663330078125,1399.6500244140625,1449.9000244140625,1396.199951171875,1427.5,7360154
2019-06-18,1351.33349609375,1409.0,1444.8499755859375,1400.0999755859375,1410.5,6611201
2019-06-19,1324.8153076171875,1381.3499755859375,1439.0,1370.0999755859375,1424.800048828125,5716245
2019-06-20,1376.844970703125,1435.5999755859375,1441.0999755859375,1348.0,1380.0,7571159
2019-06-21,1389.36083984375,1448.6500244140625,1465.0,1419.1500244140625,1445.0,4913512
2019-06-24,1401.7327880859375,1461.550048828125,1485.0,1449.050048828125,1483.0,4102227
2019-06-25,1390.31982421875,1449.6500244140625,1460.5,1441.550048828125,1455.050048828125,2445906
2019-06-26,1376.0777587890625,1434.800048828125,1452.5999755859375,1427.25,1450.0,2478755
2019-06-27,1390.8472900390625,1450.199951171875,1464.300048828125,1435.199951171875,1439.0,4007859
2019-06-28,1352.77197265625,1410.5,1458.0,1400.0,1458.0,4108364
2019-07-01,1374.9267578125,1433.5999755859375,1442.1500244140625,1416.3499755859375,1427.9000244140625,3446607
2019-07-02,1358.5745849609375,1416.550048828125,1452.0,1410.0999755859375,1447.0,3100554
2019-07-03,1410.4124755859375,1470.5999755859375,1479.5,1423.4000244140625,1430.0,5366734
2019-07-04,1431.9915771484375,1493.0999755859375,1513.5,1466.300048828125,1473.0,4799912
2019-07-05,1469.8270263671875,1532.550048828125,1540.0,1484.4000244140625,1498.699951171875,5145552
2019-07-08,1416.0709228515625,1476.5,1544.949951171875,1470.8499755859375,1515.25,3857205
2019-07-09,1431.032470703125,1492.0999755859375,1509.3499755859375,1457.0999755859375,1476.5,3733488
2019-07-10,1426.3809814453125,1487.25,1520.75,1468.5999755859375,1501.0,3222571
2019-07-11,1478.1708984375,1541.25,1556.0,1495.0,1504.0,4337246
2019-07-12,1447.720458984375,1509.5,1562.5,1493.6500244140625,1550.0,10637123
2019-07-15,1414.728271484375,1475.0999755859375,1530.0,1468.0,1529.949951171875,5656516
2019-07-16,1412.906005859375,1473.199951171875,1485.0,1460.050048828125,1485.0,3863867
2019-07-17,1439.8079833984375,1501.25,1508.550048828125,1457.0,1482.800048828125,5290039
2019-07-18,1411.2276611328125,1471.449951171875,1503.0,1468.3499755859375,1496.050048828125,2404071
2019-07-19,1363.9454345703125,1422.1500244140625,1488.699951171875,1407.199951171875,1480.0,4698852
2019-07-22,1360.348876953125,1418.4000244140625,1428.800048828125,1382.0,1418.949951171875,4578591
2019-07-23,1358.7664794921875,1416.75,1432.800048828125,1404.4000244140625,1425.699951171875,2946083
2019-07-24,1306.2572021484375,1362.0,1426.3499755859375,1353.3499755859375,1407.199951171875,4148585
2019-07-25,1334.693603515625,1391.6500244140625,1419.3499755859375,1367.0,1368.0,6816446
2019-07-26,1357.567626953125,1415.5,1422.0,1386.550048828125,1400.5,3106622
2019-07-29,1373.6800537109375,1432.300048828125,1436.0,1402.0999755859375,1410.0,3185949
2019-07-30,1282.568115234375,1337.300048828125,1447.5999755859375,1317.6500244140625,1436.050048828125,8804120
2019-07-31,1355.0260009765625,1412.8499755859375,1419.699951171875,1312.0,1317.6500244140625,7730088
2019-08-01,1341.4072265625,1398.6500244140625,1435.0,1365.0,1390.0999755859375,9532030
2019-08-02,1326.3017578125,1382.9000244140625,1412.5,1366.449951171875,1396.0,4625690
2019-08-05,1331.3848876953125,1388.199951171875,1404.699951171875,1350.0,1365.0,6796784
2019-08-06,1359.1019287109375,1417.0999755859375,1430.0,1377.75,1388.199951171875,3140739
2019-08-07,1367.9735107421875,1426.3499755859375,1462.050048828125,1415.449951171875,1417.0,6078493
2019-08-08,1363.345703125,1414.050048828125,1430.0,1372.949951171875,1430.0,5079904
2019-08-09,1362.718994140625,1413.4000244140625,1435.0,1405.300048828125,1435.0,4666041
2019-08-13,1324.201416015625,1373.449951171875,1417.1500244140625,1352.199951171875,1415.0,3477027
2019-08-14,1350.6190185546875,1400.8499755859375,1408.800048828125,1377.0999755859375,1389.0,2823062
2019-08-16,1387.49755859375,1439.0999755859375,1445.0,1375.0,1380.0,3127077
2019-08-19,1390.7755126953125,1442.5,1457.9000244140625,1430.550048828125,1442.0,2484182
2019-08-20,1354.4754638671875,1404.8499755859375,1451.949951171875,1388.0999755859375,1451.0,3395591
2019-08-21,1318.1754150390625,1367.199951171875,1412.8499755859375,1357.8499755859375,1412.5,2929477
2019-08-22,1287.7568359375,1335.6500244140625,1365.949951171875,1330.050048828125,1365.949951171875,4436240
2019-08-23,1263.5087890625,1310.5,1343.6500244140625,1280.0999755859375,1339.5999755859375,7921907
2019-08-26,1300.14599609375,1348.5,1354.9000244140625,1267.25,1346.050048828125,7080111
2019-08-27,1336.397705078125,1386.0999755859375,1401.699951171875,1355.25,1360.0,4755041
2019-08-28,1316.8739013671875,1365.8499755859375,1406.5,1353.699951171875,1379.0,8031108
2019-08-29,1302.1226806640625,1350.550048828125,1381.0,1338.0,1357.0,4555489
2019-08-30,1345.7017822265625,1395.75,1401.6500244140625,1330.1500244140625,1359.050048828125,5254735
2019-09-03,1295.7591552734375,1343.949951171875,1387.949951171875,1335.5999755859375,1380.0,6169187
2019-09-04,1270.3541259765625,1317.5999755859375,1343.949951171875,1296.550048828125,1339.0,6069299
2019-09-05,1261.19482421875,1308.0999755859375,1335.0,1303.449951171875,1327.0,3820454
2019-09-06,1283.3699951171875,1331.0999755859375,1340.0,1311.300048828125,1321.0999755859375,2744448
2019-09-09,1287.1302490234375,1335.0,1340.949951171875,1308.0,1330.0,3024923
2019-09-11,1322.947998046875,1372.1500244140625,1380.0,1340.0,1340.5999755859375,2958610
2019-09-12,1340.3990478515625,1390.25,1412.0,1375.4000244140625,1379.0,3847286
2019-09-13,1348.4495849609375,1398.5999755859375,1406.699951171875,1371.0,1389.0,3506741
2019-09-16,1326.6116943359375,1375.949951171875,1395.0,1365.0,1380.050048828125,2406553
2019-09-17,1284.816162109375,1332.5999755859375,1384.9000244140625,1325.25,1376.0,3418892
2019-09-18,1282.6951904296875,1330.4000244140625,1349.0,1321.800048828125,1340.0,3466276
2019-09-19,1236.2716064453125,1282.25,1333.300048828125,1278.1500244140625,1332.9000244140625,4668596
2019-09-20,1368.696533203125,1419.5999755859375,1454.4000244140625,1271.5,1289.0,12418793
2019-09-23,1457.349609375,1511.550048828125,1548.1500244140625,1462.0,1462.0,8634884
2019-09-24,1461.92919921875,1516.300048828125,1527.0,1496.3499755859375,1505.0,5167834
2019-09-25,1449.973876953125,1503.9000244140625,1521.050048828125,1492.550048828125,1509.0,5158518
2019-09-26,1492.492431640625,1548.0,1554.75,1507.0,1507.0,7017228
2019-09-27,1427.7021484375,1480.800048828125,1545.0,1470.8499755859375,1539.5999755859375,4445539
2019-09-30,1333.9393310546875,1383.550048828125,1475.800048828125,1346.1500244140625,1475.800048828125,9439585
2019-10-01,1251.505126953125,1298.050048828125,1410.199951171875,1188.050048828125,1397.0,13839863
2019-10-03,1210.48095703125,1255.5,1309.449951171875,1220.0,1295.0,13455663
2019-10-04,1219.929443359375,1265.300048828125,1292.949951171875,1255.25,1280.0,7423301
2019-10-07,1196.5489501953125,1241.050048828125,1276.0,1215.0,1275.0,5212929
2019-10-09,1261.7249755859375,1308.6500244140625,1319.0,1235.5999755859375,1241.0,6865376
2019-10-10,1184.4490966796875,1228.5,1321.0,1220.0,1310.0,13975918
2019-10-11,1179.339111328125,1223.199951171875,1253.949951171875,1191.3499755859375,1235.949951171875,12987781
2019-10-14,1205.756591796875,1250.5999755859375,1264.9000244140625,1227.9000244140625,1240.0,4786662
2019-10-15,1226.6302490234375,1272.25,1277.550048828125,1236.0,1256.949951171875,4669980
2019-10-16,1228.7994384765625,1274.5,1285.0,1265.0,1274.949951171875,4118174
2019-10-17,1292.04736328125,1340.0999755859375,1345.0,1270.0,1276.0,5237964
2019-10-18,1294.505859375,1342.6500244140625,1361.699951171875,1317.0999755859375,1332.0,5604223
2019-10-22,1292.9150390625,1341.0,1357.8499755859375,1320.0,1340.0,3577455
2019-10-23,1284.816162109375,1332.5999755859375,1347.949951171875,1309.6500244140625,1339.0,3003881
2019-10-24,1236.99462890625,1283.0,1347.8499755859375,1272.0,1340.199951171875,6833303
2019-10-25,1226.4375,1272.050048828125,1288.0,1260.0999755859375,1288.0,4141541
2019-10-27,1230.8724365234375,1276.6500244140625,1284.0,1273.550048828125,1282.0,303098
2019-10-29,1268.1365966796875,1315.300048828125,1326.0,1264.1500244140625,1275.0,4248732
2019-10-30,1250.6854248046875,1297.199951171875,1323.949951171875,1282.4000244140625,1315.0,3333740
2019-10-31,1266.1116943359375,1313.199951171875,1344.0,1290.0,1303.949951171875,7559742
2019-11-01,1330.3719482421875,1379.8499755859375,1385.8499755859375,1316.199951171875,1328.0,7803620
2019-11-04,1303.8099365234375,1352.300048828125,1393.9000244140625,1350.0,1374.949951171875,3641707
2019-11-05,1272.7642822265625,1320.0999755859375,1360.300048828125,1315.0,1354.0,2656825
2019-11-06,1294.8431396484375,1343.0,1353.5999755859375,1310.0,1321.25,3214840
2019-11-07,1332.3485107421875,1381.9000244140625,1397.8499755859375,1350.0,1350.0,5563949
2019-11-08,1371.781982421875,1422.800048828125,1453.949951171875,1355.550048828125,1367.050048828125,8506906
2019-11-11,1393.2340087890625,1445.050048828125,1454.9000244140625,1407.4000244140625,1416.0,3521409
2019-11-13,1363.4901123046875,1414.199951171875,1462.449951171875,1408.550048828125,1445.0,4578522
2019-11-14,1325.792236328125,1375.0999755859375,1399.699951171875,1353.199951171875,1399.699951171875,5279888
2019-11-15,1310.26953125,1359.0,1388.199951171875,1345.699951171875,1377.0999755859375,4476838
2019-11-18,1325.117431640625,1374.4000244140625,1379.9000244140625,1359.5,1361.4000244140625,2034198
2019-11-19,1342.8095703125,1392.75,1409.0,1374.550048828125,1382.0,4880427
2019-11-20,1416.6146240234375,1469.300048828125,1478.75,1402.0,1402.0,7334715
2019-11-21,1394.294677734375,1446.1500244140625,1502.050048828125,1437.5999755859375,1480.0999755859375,6229283
2019-11-22,1394.294677734375,1446.1500244140625,1460.800048828125,1437.0,1449.949951171875,2062280
2019-11-25,1443.176513671875,1496.8499755859375,1499.1500244140625,1446.1500244140625,1446.1500244140625,3029183
2019-11-26,1461.5435791015625,1515.9000244140625,1521.5,1480.5,1495.0,6748616
2019-11-27,1471.6187744140625,1526.3499755859375,1537.4000244140625,1508.0,1519.0,4156766
2019-11-28,1512.0162353515625,1568.25,1575.800048828125,1520.0,1526.0,5080043
2019-11-29,1512.8359375,1569.0999755859375,1581.5999755859375,1552.050048828125,1556.0,5852032
2019-12-02,1519.488525390625,1576.0,1596.550048828125,1561.199951171875,1592.0,3906554
2019-12-03,1489.310791015625,1544.699951171875,1580.0,1532.9000244140625,1579.199951171875,3594869
2019-12-04,1488.9251708984375,1544.300048828125,1554.0,1523.0,1538.4000244140625,3417501
2019-12-05,1455.614013671875,1509.75,1548.9000244140625,1506.9000244140625,1544.300048828125,3222397
2019-12-06,1413.2880859375,1465.8499755859375,1518.6500244140625,1456.0,1517.0,2990724
2019-12-09,1398.0064697265625,1450.0,1484.8499755859375,1445.3499755859375,1457.0,2831428
2019-12-10,1360.9833984375,1411.5999755859375,1461.5,1408.5999755859375,1460.0,2751068
2019-12-11,1369.708984375,1420.6500244140625,1432.0,1396.1500244140625,1418.699951171875,3263070
2019-12-12,1392.366455078125,1444.1500244140625,1451.0,1421.199951171875,1424.25,2490582
2019-12-13,1432.13720703125,1485.4000244140625,1493.949951171875,1449.75,1449.75,3512530
2019-12-16,1439.8504638671875,1493.4000244140625,1507.0,1483.25,1504.5,2909431
2019-12-17,1439.2236328125,1492.75,1508.5,1486.199951171875,1500.0999755859375,2861481
2019-12-18,1446.9849853515625,1500.800048828125,1504.0,1490.0,1501.0,2573443
2019-12-19,1436.475830078125,1489.9000244140625,1505.800048828125,1478.199951171875,1493.0,2656772
2019-12-20,1434.595703125,1487.949951171875,1508.5,1482.5,1490.5,2875305
2019-12-23,1442.6463623046875,1496.300048828125,1501.5,1479.3499755859375,1488.0,1584336
2019-12-24,1467.2801513671875,1521.8499755859375,1532.0,1495.0,1495.0,4488835
2019-12-26,1461.0616455078125,1515.4000244140625,1529.5999755859375,1504.6500244140625,1517.0999755859375,2265163
2019-12-27,1470.220947265625,1524.9000244140625,1540.0,1512.0999755859375,1524.699951171875,1755565
2019-12-30,1476.48779296875,1531.4000244140625,1552.5,1518.050048828125,1524.9000244140625,2526529
2019-12-31,1455.8551025390625,1510.0,1534.800048828125,1505.0,1531.4000244140625,1979911
2020-01-01,1431.0767822265625,1484.300048828125,1523.949951171875,1480.800048828125,1512.0,2135253
2020-01-02,1474.1739501953125,1529.0,1534.300048828125,1486.0999755859375,1491.75,2365906
2020-01-03,1474.0291748046875,1528.8499755859375,1538.0,1512.0999755859375,1524.0,2622870
2020-01-06,1416.7109375,1469.4000244140625,1517.75,1465.449951171875,1515.050048828125,3151046
2020-01-07,1409.23876953125,1461.6500244140625,1508.0,1442.199951171875,1488.449951171875,3572603
2020-01-08,1406.29833984375,1458.5999755859375,1481.5999755859375,1439.050048828125,1441.0,3363919
2020-01-09,1453.58935546875,1507.6500244140625,1515.949951171875,1483.199951171875,1490.0,3496433
2020-01-10,1437.77734375,1491.25,1521.6500244140625,1484.199951171875,1510.8499755859375,3189536
2020-01-13,1484.4420166015625,1539.6500244140625,1547.0,1487.3499755859375,1499.800048828125,3732412
2020-01-14,1428.521728515625,1481.6500244140625,1585.0,1470.25,1546.0,15123110
2020-01-15,1350.2816162109375,1400.5,1463.4000244140625,1391.3499755859375,1463.4000244140625,13995235
2020-01-16,1336.7353515625,1386.449951171875,1415.0,1377.0999755859375,1405.0,10544088
2020-01-17,1303.76171875,1352.25,1377.0,1317.050048828125,1350.0,10020063
2020-01-20,1284.189453125,1331.949951171875,1367.9000244140625,1323.0,1367.9000244140625,6047237
2020-01-21,1288.4317626953125,1336.3499755859375,1350.0,1320.0,1332.0,4501887
2020-01-22,1279.8026123046875,1327.4000244140625,1348.0,1323.0,1346.3499755859375,3038713
2020-01-23,1284.044921875,1331.800048828125,1339.800048828125,1320.0999755859375,1330.0,4358219
2020-01-24,1268.9078369140625,1316.0999755859375,1345.0,1307.6500244140625,1334.0,4563516
2020-01-27,1225.6177978515625,1271.199951171875,1312.0,1265.0,1311.5,6019701
2020-01-28,1209.7579345703125,1254.75,1284.9000244140625,1240.25,1281.0,6103759
2020-01-29,1213.13232421875,1258.25,1276.699951171875,1251.0,1268.9000244140625,3977924
2020-01-30,1187.3414306640625,1231.5,1254.0,1221.550048828125,1252.0,5301706
2020-01-31,1213.7108154296875,1258.8499755859375,1271.5999755859375,1242.0999755859375,1245.0,8391172
2020-02-03,1217.8082275390625,1263.0999755859375,1268.449951171875,1216.050048828125,1222.0,7697534
2020-02-04,1227.0159912109375,1272.6500244140625,1284.0,1256.25,1273.0,4632688
2020-02-05,1227.1605224609375,1272.800048828125,1288.6500244140625,1265.199951171875,1280.0,4360609
2020-02-06,1286.4071044921875,1334.25,1339.4000244140625,1262.4000244140625,1280.0,7628363
2020-02-07,1252.228271484375,1298.800048828125,1346.050048828125,1294.75,1345.0,3850541
2020-02-10,1229.2333984375,1274.949951171875,1304.0,1268.5,1304.0,3955195
2020-02-11,1246.298583984375,1292.6500244140625,1309.9000244140625,1285.050048828125,1290.0,3456066
2020-02-12,1231.5955810546875,1277.4000244140625,1302.9000244140625,1251.699951171875,1260.0,8957173
2020-02-13,1186.6181640625,1230.75,1281.75,1225.25,1281.75,6508945
2020-02-14,1133.83154296875,1176.0,1241.0999755859375,1171.199951171875,1233.9000244140625,11532869
2020-02-17,1130.890869140625,1172.949951171875,1209.0,1164.5,1176.0,9900428
2020-02-18,1099.7972412109375,1140.699951171875,1172.699951171875,1108.449951171875,1172.699951171875,11207411
2020-02-19,1101.1954345703125,1142.1500244140625,1168.0,1116.0,1155.0,14324736
2020-02-20,1139.8092041015625,1182.199951171875,1203.8499755859375,1145.050048828125,1145.050048828125,15703698
2020-02-24,1128.2877197265625,1170.25,1189.5,1146.550048828125,1170.0,7179792
2020-02-25,1112.475830078125,1153.8499755859375,1182.800048828125,1138.800048828125,1181.0,6114855
2020-02-26,1094.3016357421875,1135.0,1150.0,1125.199951171875,1145.0,5870515
2020-02-27,1075.5491943359375,1115.550048828125,1139.4000244140625,1101.0,1139.0,6835782
2020-02-28,1064.4615478515625,1104.050048828125,1118.0,1085.050048828125,1100.0,10233947
2020-03-02,1040.5506591796875,1079.25,1136.949951171875,1070.050048828125,1130.0,5724823
2020-03-03,1068.318115234375,1108.050048828125,1117.949951171875,1073.0,1085.0,5233056
2020-03-04,1027.7275390625,1065.949951171875,1114.449951171875,1051.0,1114.449951171875,6863681
2020-03-05,1036.453125,1075.0,1094.949951171875,1063.0,1075.0,6815347
2020-03-06,978.4117431640624,1014.7999877929688,1030.949951171875,913.7999877929688,998.0,16835425
2020-03-09,870.717041015625,903.0999755859376,969.9500122070312,887.0499877929688,950.0,14498980
2020-03-11,822.9437866210938,853.5499877929688,929.0,845.0,889.9000244140625,12305857
2020-03-12,756.5143432617188,784.6500244140625,831.9500122070312,770.0,775.2000122070312,16135734
2020-03-13,774.929443359375,803.75,834.7000122070312,551.0999755859375,724.0,21139779
2020-03-16,640.335205078125,664.1500244140625,758.7000122070312,655.0,747.0,16613929
2020-03-17,582.4866943359375,604.1500244140625,707.4500122070312,585.4000244140625,670.0,19508083
2020-03-18,444.2768249511719,460.7999877929688,638.8499755859375,374.7999877929688,629.0,74866076
2020-03-19,428.12744140625,444.0499877929688,472.0,391.75,414.75,29186013
2020-03-20,424.5601196289063,440.3500061035156,478.8999938964844,405.25,444.0499877929688,28086017
2020-03-23,324.3857727050781,336.45001220703125,405.0,330.1000061035156,396.3500061035156,9515210
2020-03-24,301.14990234375,312.3500061035156,360.0,235.5500030517578,355.04998779296875,37275347
2020-03-25,290.49609375,301.29998779296875,324.0,281.1499938964844,292.0,40292991
2020-03-26,420.2697143554688,435.8999938964844,451.9500122070313,311.6499938964844,316.3500061035156,42326717
2020-03-27,396.3589477539063,411.1000061035156,538.5499877929688,392.3500061035156,479.4500122070313,43890479
2020-03-30,398.5765075683594,413.3999938964844,427.7000122070313,370.0,370.0,29380383
2020-03-31,338.7032165527344,351.29998779296875,399.0,330.75,398.0,38989984
2020-04-01,329.9777526855469,342.25,390.0,320.0,386.3999938964844,33427621
2020-04-03,301.9694519042969,313.20001220703125,350.0,310.20001220703125,350.0,23013838
2020-04-07,370.0860900878906,383.8500061035156,391.5,344.5,344.5,45710645
2020-04-08,384.8374938964844,399.1499938964844,441.3999938964844,362.0,382.0,56093585
2020-04-09,381.2219543457031,395.3999938964844,425.0,384.0,425.0,32940091
2020-04-13,395.6840515136719,410.3999938964844,421.7999877929688,371.25,388.0,31201235
2020-04-15,408.892822265625,424.1000061035156,445.0,414.0499877929688,425.0,28311987
2020-04-16,419.78759765625,435.3999938964844,442.0,413.25,424.1000061035156,23556832
2020-04-17,457.4373779296875,474.4500122070313,478.8999938964844,442.6000061035156,472.0,26188305
2020-04-20,440.3238830566406,456.7000122070313,481.0,453.0,479.5,16950369
2020-04-21,386.47650146484375,400.8500061035156,432.9500122070313,396.0,430.0,29550439
2020-04-22,400.9868469238281,415.8999938964844,420.5,384.6000061035156,397.0,28908719
2020-04-23,395.250244140625,409.9500122070313,427.5,407.0,420.0,18750968
2020-04-24,369.1701049804688,382.8999938964844,399.8999938964844,380.0,392.25,19653294
2020-04-27,392.7915954589844,407.3999938964844,410.8500061035156,387.0,394.2000122070313,26819351
2020-04-28,451.2669067382813,468.0499877929688,484.3999938964844,430.0,445.0,60610249
2020-04-29,454.20751953125,471.1000061035156,489.0,443.0,453.5,47307868
2020-04-30,451.36328125,468.1499938964844,491.8500061035156,461.6000061035156,486.25,26654890
2020-05-04,407.8804626464844,423.0499877929688,444.0499877929688,416.0,444.0,17565171
2020-05-05,403.68646240234375,418.7000122070313,438.8999938964844,415.9500122070313,433.0,18470026
2020-05-06,410.24261474609375,425.5,429.3500061035156,408.5,420.0,17184968
2020-05-07,438.0581359863281,454.3500061035156,461.5,415.5,420.0,26784490
2020-05-08,424.5601196289063,440.3500061035156,477.7000122070313,435.4500122070313,463.0,29096376
2020-05-11,417.859375,433.3999938964844,458.75,428.7999877929688,450.0,18434346
2020-05-12,430.2003784179688,446.2000122070313,450.0,425.0,429.7999877929688,26126553
2020-05-13,432.5142822265625,448.6000061035156,480.0,444.5,475.0,20820446
2020-05-14,412.6529541015625,428.0,442.0,425.0,439.0,16520436
2020-05-15,403.68646240234375,418.7000122070313,431.0,417.1000061035156,430.3999938964844,14848712
2020-05-18,363.24066162109375,376.75,418.7000122070313,374.0499877929688,418.5,25374856
2020-05-19,354.6116027832031,367.7999877929688,387.0,361.0,385.1000061035156,28794743
2020-05-20,344.4880676269531,357.29998779296875,370.8500061035156,350.79998779296875,364.0,29736164
2020-05-21,334.3646240234375,346.79998779296875,364.0,343.20001220703125,362.2999877929688,25554090
2020-05-22,326.2175598144531,338.3500061035156,353.70001220703125,330.0,342.0,27953815
2020-05-26,335.71441650390625,348.20001220703125,353.95001220703125,342.0,344.8999938964844,19932807
2020-05-27,355.7203674316406,368.9500122070313,375.4500122070313,347.6499938964844,350.8999938964844,34413192
2020-05-28,372.978515625,386.8500061035156,405.7999877929688,371.6000061035156,375.0,47047469
2020-05-29,379.5346984863281,393.6499938964844,400.0,373.5,376.0,33013516
2020-06-01,395.3948364257813,410.1000061035156,416.7999877929688,401.0499877929688,402.2999877929688,22990598
2020-06-02,419.11273193359375,434.7000122070313,438.8999938964844,404.25,414.0,28744172
2020-06-03,416.8470153808594,432.3500061035156,452.25,426.1000061035156,445.0,27908796
2020-06-04,400.1672973632813,415.0499877929688,434.8500061035156,405.0,424.8500061035156,25795376
2020-06-05,407.2055358886719,422.3500061035156,427.2999877929688,411.2000122070313,417.2000122070313,26349793
2020-06-08,435.40673828125,451.6000061035156,463.7000122070313,444.0,455.0,42805660
2020-06-09,447.26568603515625,463.8999938964844,478.0,452.3500061035156,459.9500122070313,40690351
2020-06-10,481.68560791015625,499.6000061035156,510.25,463.1499938964844,464.0,42547635
2020-06-11,504.3912048339844,523.1500244140625,548.5,505.1000061035156,510.25,78669422
2020-06-12,509.5010986328125,528.4500122070312,534.7000122070312,483.2999877929688,490.0,57429819
2020-06-15,472.9600524902344,490.5499877929688,525.0,483.5,525.0,45035607
2020-06-16,464.52386474609375,481.7999877929688,515.0,456.2999877929688,510.0,50389388
2020-06-17,473.53857421875,491.1499938964844,502.0,468.0,472.6000061035156,40940232
2020-06-18,481.2999267578125,499.2000122070313,502.9500122070313,482.1499938964844,489.5,25255403
2020-06-19,466.3074645996094,483.6499938964844,510.5,472.1499938964844,503.0,41823242
2020-06-22,472.3333435058594,489.8999938964844,502.0499877929688,485.8500061035156,490.0499877929688,27934720
2020-06-23,501.7397766113281,520.4000244140625,524.0,497.2000122070313,499.0,45717057
2020-06-24,464.4274597167969,481.7000122070313,530.4500122070312,476.1000061035156,530.0,43255370
2020-06-25,458.1122741699219,475.1499938964844,490.9500122070313,461.0,480.0,37360999
2020-06-26,474.8883666992188,492.5499877929688,501.0,481.0499877929688,483.0,33898936
2020-06-29,462.788330078125,480.0,487.0,472.5,482.0,19597701
2020-06-30,457.77484130859375,474.7999877929688,494.0,472.0,489.0,17436951
2020-07-01,474.7919616699219,492.4500122070313,494.6000061035156,475.1499938964844,480.5,20509324
2020-07-02,477.05767822265625,494.7999877929688,508.0,493.0,498.0,22971526
2020-07-03,469.7301940917969,487.2000122070313,500.0,484.3500061035156,499.8500061035156,15633495
2020-07-06,478.1182556152344,495.8999938964844,509.0,493.5499877929688,498.0,24848329
2020-07-07,507.42816162109375,526.2999877929688,530.0,492.4500122070313,497.0,42696302
2020-07-08,532.7850952148438,552.5999755859375,577.5,532.0,534.0,81334991
2020-07-09,536.593505859375,556.5499877929688,569.9500122070312,550.2999877929688,557.9500122070312,26574065
2020-07-10,519.913818359375,539.25,554.4500122070312,532.4000244140625,552.2999877929688,26964951
2020-07-13,520.299560546875,539.6500244140625,555.0,534.5,549.7000122070312,16507937
2020-07-14,492.4839477539063,510.7999877929688,535.0,505.0499877929688,535.0,22219927
2020-07-15,485.4939270019531,503.5499877929688,527.7999877929688,500.0,517.8499755859375,21841548
2020-07-16,500.0042724609375,518.5999755859375,522.0,490.25,508.0,21502321
2020-07-17,502.1254577636719,520.7999877929688,526.5,512.0,522.2999877929688,14445406
2020-07-20,509.7903137207031,528.75,541.6500244140625,521.6500244140625,524.9500122070312,19937276
2020-07-21,504.7284851074219,523.5,539.75,520.7000122070312,535.7000122070312,13311222
2020-07-22,495.1353454589844,513.5499877929688,528.5499877929688,508.0,528.0,15202237
2020-07-23,495.4728393554688,513.9000244140625,521.0,510.1000061035156,515.5,11300182
2020-07-24,503.52337646484375,522.25,536.7000122070312,500.0,505.7999877929688,31277822
2020-07-27,488.4827575683594,506.6499938964844,523.8499755859375,505.0,522.5499877929688,12280255
2020-07-28,508.0548095703125,526.9500122070312,529.0,511.3999938964844,512.0,16991267
2020-07-29,530.7604370117188,550.5,564.75,532.25,534.0,37044099
2020-07-30,501.20941162109375,519.8499755859375,545.9500122070312,515.5,545.0,13848662
2020-07-31,504.9696044921875,523.75,528.5,515.75,525.2000122070312,11161107
2020-08-03,485.0118713378906,503.0499877929688,521.9500122070312,501.0,521.9500122070312,13508456
2020-08-04,474.93658447265625,492.6000061035156,508.0,483.25,508.0,21481518
2020-08-05,475.0811767578125,492.75,506.0,490.1499938964844,499.2000122070313,15082924
2020-08-06,477.1540832519531,494.8999938964844,501.9500122070313,485.75,497.7999877929688,16624606
2020-08-07,490.7485046386719,509.0,513.3499755859375,492.0,496.0,16540870
2020-08-10,491.0859680175781,509.3500061035156,517.5499877929688,506.5499877929688,512.0,9409531
2020-08-11,503.2823791503906,522.0,524.9000244140625,509.3500061035156,511.0,11701319
2020-08-12,501.9808349609375,520.6500244140625,530.4500122070312,512.3499755859375,518.5,12644367
2020-08-13,500.1488952636719,518.75,527.5499877929688,516.3499755859375,524.0,8109014
2020-08-14,489.0130615234375,507.2000122070313,523.5,500.1499938964844,520.0,9318623
2020-08-17,494.7496948242188,513.1500244140625,514.7999877929688,502.5,510.0,7173558
2020-08-18,502.8966674804688,521.5999755859375,524.75,506.5,512.4500122070312,10993530
2020-08-19,503.427001953125,522.1500244140625,530.0,519.1500244140625,523.0,10895768
2020-08-20,494.9907836914063,513.4000244140625,520.5499877929688,511.1000061035156,515.5999755859375,7658596
2020-08-21,495.1353454589844,513.5499877929688,521.4000244140625,512.5,520.0,6411009
2020-08-24,510.1759643554688,529.1500244140625,535.4500122070312,516.0,518.0,14887687
2020-08-25,517.2623901367188,536.5,546.4000244140625,530.2000122070312,535.0,18377629
2020-08-26,547.2954711914062,567.6500244140625,572.2000122070312,538.4500122070312,541.4500122070312,26850404
2020-08-27,584.1256103515625,605.8499755859375,619.75,572.0,572.4000244140625,48561125
2020-08-28,641.7814331054688,665.6500244140625,689.0,595.5,600.0,55986681
2020-08-31,607.6026000976562,630.2000122070312,712.0,620.75,705.0,57316603
2020-09-01,604.9512329101562,627.4500122070312,662.5,588.7000122070312,638.0999755859375,47295290
2020-09-02,617.5814208984375,640.5499877929688,651.0999755859375,614.0999755859375,632.0,19765424
2020-09-03,609.1934204101562,631.8499755859375,648.25,625.0,644.0,14985734
2020-09-04,594.056396484375,616.1500244140625,642.0,603.5499877929688,611.0499877929688,21613014
2020-09-07,586.87353515625,608.7000122070312,624.9500122070312,597.5499877929688,621.5,13889593
2020-09-08,578.87109375,600.4000244140625,612.9000244140625,599.0,609.0,13303702
2020-09-09,582.9205322265625,604.5999755859375,609.7000122070312,588.6500244140625,590.0,17123149
2020-09-10,598.2021484375,620.4500122070312,627.7999877929688,610.0,614.0,15925284
2020-09-11,588.4642944335938,610.3499755859375,622.4000244140625,603.25,618.0,11346718
2020-09-14,587.5001831054688,609.3499755859375,620.0,603.8499755859375,617.0999755859375,9287409
2020-09-15,610.6878051757812,633.4000244140625,639.0,601.2000122070312,609.3499755859375,13446734
2020-09-16,599.3592529296875,621.6500244140625,641.0,613.6500244140625,641.0,17940987
2020-09-17,595.2133178710938,617.3499755859375,624.7999877929688,610.2000122070312,614.75,9390779
2020-09-18,591.212158203125,613.2000122070312,624.6500244140625,600.0,622.9500122070312,10335095
2020-09-21,540.4982299804688,560.5999755859375,617.4000244140625,553.8499755859375,612.9000244140625,15649376
2020-09-22,524.4934692382812,544.0,578.0,537.0,564.0,26363293
2020-09-23,509.1153564453125,528.0499877929688,553.8499755859375,519.0999755859375,551.0,20046261
2020-09-24,472.6708068847656,490.25,519.0,485.0,517.1500244140625,20946967
2020-09-25,496.38873291015625,514.8499755859375,521.2999877929688,491.2000122070313,499.8999938964844,19311510
2020-09-28,535.1954345703125,555.0999755859375,563.2999877929688,516.1500244140625,522.9000244140625,24396893
2020-09-29,517.0213623046875,536.25,561.8499755859375,528.9500122070312,559.0,21321940
2020-09-30,508.48876953125,527.4000244140625,539.7000122070312,520.25,536.25,18784941
2020-10-01,570.9651489257812,592.2000122070312,597.0499877929688,537.0,540.0,49858446
2020-10-05,579.9799194335938,601.5499877929688,630.7000122070312,592.0,593.2000122070312,43964114
2020-10-06,600.4678955078125,622.7999877929688,628.3499755859375,606.2000122070312,615.9500122070312,25112823
2020-10-07,596.900634765625,619.0999755859375,625.7999877929688,606.0999755859375,620.9500122070312,19071775
2020-10-08,595.5508422851562,617.7000122070312,638.5,614.0499877929688,620.0,20977726
2020-10-09,600.7089233398438,623.0499877929688,633.0,615.0,618.0499877929688,18622149
2020-10-12,592.4173583984375,614.4500122070312,632.0,610.5,628.2000122070312,11751051
2020-10-13,586.3914184570312,608.2000122070312,620.75,602.4500122070312,611.5999755859375,11579298
2020-10-14,600.3233642578125,622.6500244140625,626.4500122070312,597.5,600.0,14624404
2020-10-15,576.5571899414062,598.0,632.5,593.3499755859375,622.6500244140625,14728367
2020-10-16,586.4878540039062,608.2999877929688,613.9000244140625,601.4000244140625,604.7999877929688,11569890
2020-10-19,604.6137084960938,627.0999755859375,630.6500244140625,606.2000122070312,607.5499877929688,14576825
2020-10-20,602.830078125,625.25,628.9000244140625,616.5999755859375,622.0,9607553
2020-10-21,605.5778198242188,628.0999755859375,647.7999877929688,599.5499877929688,631.0,26626983
2020-10-22,586.9217529296875,608.75,630.8499755859375,605.6500244140625,621.0,15976059
2020-10-23,586.34326171875,608.1500244140625,617.7000122070312,604.3499755859375,617.0,12435551
2020-10-26,594.5384521484375,616.6500244140625,633.2999877929688,613.5499877929688,617.0,17438151
2020-10-27,591.9833984375,614.0,623.4000244140625,595.0999755859375,616.5999755859375,15012129
2020-10-28,571.591796875,592.8499755859375,615.9500122070312,586.0999755859375,614.5,14933120
2020-10-29,567.5906372070312,588.7000122070312,599.7999877929688,571.0,585.0,16511146
2020-10-30,564.6982421875,585.7000122070312,602.0,576.5,592.0,16811219
2020-11-02,605.8189086914062,628.3499755859375,635.0,590.0,590.0,33145934
2020-11-03,623.4144897460938,646.5999755859375,650.0,631.5499877929688,631.5499877929688,19566145
2020-11-04,653.7368774414062,678.0499877929688,681.0,648.0,649.5999755859375,33533745
2020-11-05,688.7833862304688,714.4000244140625,727.0,678.2999877929688,694.9500122070312,23471764
2020-11-06,712.163818359375,738.6500244140625,747.0,707.0,714.75,29896664
2020-11-09,747.644287109375,775.4500122070312,780.5,735.0499877929688,746.0499877929688,28036644
2020-11-10,805.2517700195312,835.2000122070312,870.0,783.0,784.0,59758713
2020-11-11,759.6961059570312,787.9500122070312,839.0499877929688,752.5,839.0,51561819
2020-11-12,741.618408203125,769.2000122070312,802.8499755859375,761.7999877929688,790.0,28387177
2020-11-13,740.9916381835938,768.5499877929688,774.7000122070312,741.75,760.0499877929688,25472191
2020-11-14,742.8236083984375,770.4500122070312,785.0,757.4500122070312,776.5999755859375,3253864
2020-11-17,756.0323486328125,784.1500244140625,793.75,772.25,777.9000244140625,14873173
2020-11-18,798.5991821289062,828.2999877929688,834.0,775.0,780.0,25491255
2020-11-19,788.6685791015625,818.0,845.9000244140625,804.2000122070312,816.0,29797661
2020-11-20,781.9195556640625,811.0,829.9000244140625,788.7999877929688,818.0999755859375,25424060
2020-11-23,819.280029296875,849.75,880.9000244140625,832.5,836.0,39219488
2020-11-24,823.0884399414062,853.7000122070312,860.9500122070312,836.2999877929688,852.0,19828772
2020-11-25,824.3899536132812,855.0499877929688,874.9000244140625,845.25,863.5999755859375,24215222
2020-11-26,820.0513305664062,850.5499877929688,860.7999877929688,835.0,857.0,16934720
2020-11-27,826.8967895507812,857.6500244140625,862.4500122070312,848.5499877929688,856.0,10212987
2020-12-01,863.3895874023438,895.5,900.0,858.0999755859375,863.0,14690547
2020-12-02,865.125,897.2999877929688,905.75,881.2999877929688,902.0,14965085
2020-12-03,864.1126708984375,896.25,907.9000244140624,890.5,900.0999755859375,9724314
2020-12-04,880.8887939453125,913.6500244140624,920.0,889.7999877929688,902.5,12658012
2020-12-07,901.6178588867188,935.1500244140624,953.5,913.2000122070312,915.0,15479752
2020-12-08,883.8294067382812,916.7000122070312,938.75,907.0999755859376,937.0499877929688,13141739
2020-12-09,895.2062377929688,928.5,938.5,918.7000122070312,930.0,7937423
2020-12-10,883.009765625,915.8499755859376,927.0,905.0,917.9500122070312,9145597
2020-12-11,890.6265258789062,923.75,933.3499755859376,915.0999755859376,916.75,8417189
2020-12-14,888.2161865234375,921.25,935.0,918.0499877929688,927.0,5936096
2020-12-15,893.5189819335938,926.75,931.4000244140624,908.4500122070312,923.0,7646858
2020-12-16,888.7465209960938,921.7999877929688,937.75,915.0,932.0,6068477
2020-12-17,902.2445068359376,935.7999877929688,948.0,914.0,914.0,14078222
2020-12-18,872.7417602539062,905.2000122070312,937.5,887.5499877929688,935.7999877929688,14605713
2020-12-21,812.4828491210938,842.7000122070312,906.0,814.7000122070312,905.2000122070312,18106992
2020-12-22,810.5546264648438,840.7000122070312,857.5,813.6500244140625,842.7000122070312,21961153
2020-12-23,824.67919921875,855.3499755859375,861.9500122070312,832.75,841.9500122070312,12353093
2020-12-24,822.220703125,852.7999877929688,870.0,849.0999755859375,862.0,10293688
2020-12-28,835.8633422851562,866.9500122070312,871.0,853.0,855.0,5449095
2020-12-29,880.1656494140625,912.9000244140624,917.6500244140624,873.5,875.0,20727636
2020-12-30,866.812255859375,899.0499877929688,922.7000122070312,888.0,919.0499877929688,11462263
2020-12-31,862.8592529296875,894.9500122070312,906.9000244140624,890.0499877929688,904.0,6435333
2021-01-01,867.872802734375,900.1500244140625,904.0,893.0499877929688,895.0,4632855
2021-01-04,865.6553344726562,897.8499755859375,914.0,887.4500122070312,910.0,6991890
2021-01-05,888.6018676757812,921.6500244140624,927.3499755859376,883.0,891.7000122070312,11907501
2021-01-06,889.2767333984375,922.3499755859376,936.75,909.4000244140624,924.9500122070312,9768197
2021-01-07,917.9117431640624,952.0499877929688,961.6500244140624,931.0999755859376,935.0,12154311
2021-01-08,906.10107421875,939.7999877929688,976.0,932.0999755859376,965.0,10838196
2021-01-11,895.7847290039062,929.0999755859376,950.9500122070312,926.2000122070312,942.9000244140624,8419415
2021-01-12,894.38671875,927.6500244140624,941.5,906.5499877929688,920.0,8805330
2021-01-13,908.9452514648438,942.75,953.5,926.1500244140624,932.7999877929688,9473962
2021-01-14,934.928955078125,969.7000122070312,980.7000122070312,951.25,953.0,14887258
2021-01-15,931.2652587890624,965.9000244140624,983.0,953.4500122070312,974.0,9195430
2021-01-18,899.35205078125,932.7999877929688,960.0,924.0,959.0,10668611
2021-01-19,906.1974487304688,939.9000244140624,952.0,936.25,942.0499877929688,6309233
2021-01-20,913.7178344726562,947.7000122070312,953.8499755859376,928.25,936.9000244140624,7004445
2021-01-21,892.6513061523438,925.8499755859376,967.0,918.25,959.4000244140624,8216362
2021-01-22,861.2684326171875,893.2999877929688,934.0,890.0,930.0,11366492
2021-01-25,818.70166015625,849.1500244140625,912.3499755859376,839.2000122070312,906.0,11829328
2021-01-27,790.741455078125,820.1500244140625,860.7999877929688,806.0,848.0,15810173
2021-01-28,773.8206787109375,802.5999755859375,828.8499755859375,789.0,801.2999877929688,13789865
2021-01-29,815.7609252929688,846.0999755859375,860.8499755859375,815.6500244140625,817.0999755859375,19305853
2021-02-01,935.796630859375,970.5999755859376,981.4000244140624,856.0,859.0,38067807
2021-02-02,940.6656494140624,975.6500244140624,999.0,949.2999877929688,982.4000244140624,20556081
2021-02-03,1010.95166015625,1048.550048828125,1080.800048828125,972.2000122070312,980.0,34995822
2021-02-04,995.1395263671876,1032.1500244140625,1042.0,1016.0,1034.9000244140625,13666242
2021-02-05,988.3424682617188,1025.0999755859375,1085.0,1016.2999877929688,1045.0,19524257
2021-02-08,997.9837646484376,1035.0999755859375,1055.0,1028.0,1036.050048828125,7162284
2021-02-09,989.0173950195312,1025.800048828125,1051.5999755859375,1020.0,1044.0,7984133
2021-02-10,986.1248779296876,1022.7999877929688,1038.449951171875,1003.5999755859376,1035.0,7815034
2021-02-11,985.2571411132812,1021.9000244140624,1036.0,1015.2999877929688,1025.0,5760021
2021-02-12,990.5599975585938,1027.4000244140625,1059.5,1012.0,1023.7999877929688,13959383
2021-02-15,1019.6770629882812,1057.5999755859375,1063.0,1037.699951171875,1044.9000244140625,9121286
2021-02-16,1020.3036499023438,1058.25,1096.5,1041.0999755859375,1068.0,13883441
2021-02-17,996.15185546875,1033.199951171875,1085.0,1026.199951171875,1080.0,13855321
2021-02-18,1008.5413208007812,1046.050048828125,1055.4000244140625,1033.4000244140625,1045.0,8911120
2021-02-19,1027.6795654296875,1065.9000244140625,1074.550048828125,1027.800048828125,1035.0,14557527
2021-02-22,986.2213134765624,1022.9000244140624,1067.0999755859375,1018.0,1064.949951171875,9412265
2021-02-23,1010.7105712890624,1048.300048828125,1053.949951171875,1018.0,1033.1500244140625,7160332
2021-02-24,1031.6324462890625,1070.0,1076.0,1041.25,1047.300048828125,6833820
2021-02-25,1069.95703125,1109.75,1119.5,1079.0,1080.0,12716781
2021-02-26,1024.8350830078125,1062.949951171875,1082.9000244140625,1051.25,1070.0,12247085
2021-03-01,1029.65576171875,1067.949951171875,1096.5999755859375,1063.1500244140625,1075.0,6358886
2021-03-02,1034.8623046875,1073.3499755859375,1086.300048828125,1060.0,1075.0,4917345
2021-03-03,1060.315673828125,1099.75,1104.0,1077.1500244140625,1080.0,5695638
2021-03-04,1052.79541015625,1091.949951171875,1116.0,1072.5999755859375,1078.0,6128220
2021-03-05,1002.6116943359376,1039.9000244140625,1084.0,1025.449951171875,1084.0,13926140
2021-03-08,981.738037109375,1018.25,1055.449951171875,1014.5,1054.0,10522267
2021-03-09,988.05322265625,1024.800048828125,1035.5999755859375,1005.0,1025.5999755859375,9915907
2021-03-10,1002.5635986328124,1039.8499755859375,1060.0,1033.050048828125,1043.1500244140625,8832614
2021-03-12,985.9803466796876,1022.6500244140624,1056.4000244140625,1015.6500244140624,1052.0,5735382
2021-03-15,1001.4064331054688,1038.6500244140625,1043.5999755859375,988.2000122070312,1027.800048828125,8019663
2021-03-16,997.5982666015624,1034.699951171875,1049.9000244140625,1028.0,1045.0,5161126
2021-03-17,972.7715454101562,1008.9500122070312,1039.0,1002.5999755859376,1032.0,4712570
2021-03-18,966.8419799804688,1002.7999877929688,1030.699951171875,988.0,1025.0,5797610
2021-03-19,975.6158447265624,1011.9000244140624,1018.7999877929688,981.0999755859376,990.0,6838935
2021-03-22,933.4345703125,968.1500244140624,1011.8499755859376,961.0499877929688,1006.0,12692489
2021-03-23,954.5491333007812,990.0499877929688,994.4000244140624,970.0,977.0,7530882
2021-03-24,924.3233642578124,958.7000122070312,985.0,955.0,980.0499877929688,5028085
2021-03-25,923.4556274414062,957.7999877929688,970.0,928.8499755859376,958.7000122070312,7614686
2021-03-26,918.5867919921876,952.75,976.5,950.0,973.7999877929688,4891178
2021-03-30,926.589111328125,961.0499877929688,978.4000244140624,955.0,966.0,5831461
2021-03-31,920.225830078125,954.4500122070312,969.0,950.0,961.0499877929688,4453746
2021-04-01,957.6826782226562,993.2999877929688,997.0,959.0999755859376,964.0,7932671
2021-04-05,903.7388916015624,937.3499755859376,988.9500122070312,918.5499877929688,985.0,11223431
2021-04-06,894.0011596679688,927.25,954.2000122070312,921.5,947.7999877929688,6925347
2021-04-07,911.6448364257812,945.5499877929688,952.4500122070312,921.1500244140624,931.0,5714921
2021-04-08,901.3767700195312,934.9000244140624,957.9500122070312,932.0,949.0,3946239
2021-04-09,890.5302124023438,923.6500244140624,939.7000122070312,917.4500122070312,935.0,4980026
2021-04-12,814.1219482421875,844.4000244140625,890.0,841.0,884.0,10674765
2021-04-13,845.9386596679688,877.4000244140625,881.0,844.5,850.0,6778840
2021-04-15,827.5716552734375,858.3499755859375,883.7999877929688,841.25,867.5,6862663
2021-04-16,832.0067138671875,862.9500122070312,869.9500122070312,853.0499877929688,864.0999755859375,5338683
2021-04-19,802.1665649414062,832.0,836.5499877929688,811.0,829.9500122070312,8550122
2021-04-20,814.7003784179688,845.0,864.7999877929688,840.0499877929688,845.0,8240669
2021-04-22,805.7338256835938,835.7000122070312,839.9500122070312,815.0,831.0,9717099
2021-04-23,819.5210571289062,850.0,859.9500122070312,822.7999877929688,830.0,7695324
2021-04-26,828.7286376953125,859.5499877929688,870.9500122070312,851.4500122070312,857.0,4894557
2021-04-27,850.8075561523438,882.4500122070312,886.0,859.0,859.5499877929688,5202133
2021-04-28,893.6636352539062,926.9000244140624,931.0,888.0,890.0,9935828
2021-04-29,905.7636108398438,939.4500122070312,958.8499755859376,917.0999755859376,936.8499755859376,12187280
2021-04-30,901.4249877929688,934.9500122070312,948.5,915.0999755859376,928.0,7301455
2021-05-03,880.8405151367188,913.5999755859376,967.7000122070312,899.0,929.0,16854199
2021-05-04,877.5142822265625,910.1500244140624,934.5,906.0,930.0,7499852
2021-05-05,897.7612915039062,931.1500244140624,934.75,909.2999877929688,923.0,5975741
2021-05-06,891.7835693359375,924.9500122070312,938.6500244140624,920.0,937.4500122070312,3705397
2021-05-07,892.98876953125,926.2000122070312,951.7999877929688,925.0,932.5499877929688,5419712
2021-05-10,911.5003051757812,945.4000244140624,949.9500122070312,931.1500244140624,939.0,5087341
2021-05-11,914.8265380859376,948.8499755859376,957.0,922.9000244140624,923.9500122070312,5732298
2021-05-12,883.7811889648438,916.6500244140624,950.5499877929688,914.0,942.0,5074561
2021-05-14,858.9063110351562,890.8499755859375,923.0,888.0999755859375,923.0,6169600
2021-05-17,922.154052734375,956.4500122070312,959.9000244140624,897.0999755859375,897.0999755859375,10987165
2021-05-18,939.6050415039062,974.5499877929688,986.9500122070312,967.0,967.0,8715366
2021-05-19,932.3257446289062,967.0,978.5999755859376,961.2000122070312,965.0,4787294
2021-05-20,940.52099609375,975.5,987.9000244140624,963.0,963.0,5835440
2021-05-21,979.5687255859376,1016.0,1020.0,981.7999877929688,985.0,12591860
2021-05-24,968.72216796875,1004.75,1022.75,997.0499877929688,1018.9000244140624,5385688
2021-05-25,958.26123046875,993.9000244140624,1012.75,982.4000244140624,1012.0,4583345
2021-05-26,962.6480102539062,998.4500122070312,1007.9500122070312,987.0,998.8499755859376,2972854
2021-05-27,970.7467651367188,1006.8499755859376,1013.2999877929688,987.0,995.2999877929688,4427518
2021-05-28,982.798583984375,1019.3499755859376,1025.5,1003.0,1014.5,5388785
2021-05-31,976.6763305664062,1013.0,1020.4000244140624,1004.0,1015.0,2643491
2021-06-01,973.8320922851562,1010.0499877929688,1031.3499755859375,1006.0,1016.0,3766919
2021-06-02,991.138427734375,1028.0,1030.0,1003.5,1008.9000244140624,4177378
2021-06-03,969.6862182617188,1005.75,1037.25,964.0499877929688,1031.0,14752885
2021-06-04,973.1090087890624,1009.2999877929688,1023.4000244140624,1004.0,1012.2000122070312,4323154
2021-06-07,988.4387817382812,1025.199951171875,1032.6500244140625,1009.5,1018.0,3823401
2021-06-08,983.5700073242188,1020.1500244140624,1028.0,1005.5999755859376,1025.0,3141410
2021-06-09,967.565185546875,1003.5499877929688,1035.699951171875,997.25,1019.0,4767864
2021-06-10,987.6193237304688,1024.3499755859375,1028.5999755859375,1006.0,1012.0,2984339
2021-06-11,978.700927734375,1015.0999755859376,1032.0,1012.0999755859376,1028.0,2679470
2021-06-14,987.5711669921876,1024.300048828125,1028.0,993.75,1012.0,3982216
2021-06-15,997.3571166992188,1034.449951171875,1050.0,1025.0,1025.0,6026006
2021-06-16,977.3512573242188,1013.7000122070312,1038.699951171875,1010.3499755859376,1030.0,3325800
2021-06-17,948.7643432617188,984.0499877929688,1021.7999877929688,968.0,1002.0,6126591
2021-06-18,959.7073974609376,995.4000244140624,999.7999877929688,960.0,993.9000244140624,4895262
2021-06-21,971.4216918945312,1007.5499877929688,1010.0,968.0499877929688,977.0,3160990
2021-06-22,964.2388305664062,1000.0999755859376,1021.7000122070312,996.0499877929688,1015.9000244140624,4141759
2021-06-23,963.7086181640624,999.5499877929688,1017.7999877929688,996.5,1009.0,3975716
2021-06-24,964.7692260742188,1000.6500244140624,1008.0,996.2000122070312,1004.0,2285845
2021-06-25,976.5798950195312,1012.9000244140624,1020.0,986.6500244140624,997.0,3499315
2021-06-28,972.7233276367188,1008.9000244140624,1021.5999755859376,1001.0,1019.0,2819763
2021-06-29,981.6416015625,1018.1500244140624,1022.0,1000.0,1009.0,4543628
2021-06-30,979.9061889648438,1016.3499755859376,1027.550048828125,1012.1500244140624,1021.5,2628556
2021-07-01,971.5662841796876,1007.7000122070312,1016.9500122070312,1000.0,1011.0,3070067
2021-07-02,973.4464721679688,1009.6500244140624,1014.1500244140624,1005.1500244140624,1008.0,1501210
2021-07-05,983.95556640625,1020.5499877929688,1026.5,1012.0,1012.0,1993126
2021-07-06,994.0792236328124,1031.050048828125,1035.0,1015.0,1018.7000122070312,3019919
2021-07-07,1007.4324340820312,1044.9000244140625,1047.0,1013.0,1024.550048828125,3781022
2021-07-08,1007.9627075195312,1045.449951171875,1061.0,1036.199951171875,1042.8499755859375,4139752
2021-07-09,1002.659912109375,1039.949951171875,1048.5999755859375,1026.199951171875,1040.0,3625932
2021-07-12,1011.6747436523438,1049.300048828125,1057.6500244140625,1041.050048828125,1045.4000244140625,2010018
2021-07-13,1018.0380249023438,1055.9000244140625,1059.949951171875,1044.0,1055.0,2096758
2021-07-14,1014.8563232421876,1052.5999755859375,1060.5,1048.5,1050.0,1566799
2021-07-15,1017.2667236328124,1055.0999755859375,1067.4000244140625,1050.0,1054.0,2748272
2021-07-16,1006.85400390625,1044.300048828125,1058.949951171875,1042.0,1054.0,1218164
2021-07-19,979.424072265625,1015.8499755859376,1034.699951171875,1005.5499877929688,1024.0,2644846
2021-07-20,946.35400390625,981.5499877929688,1019.0,980.0,1017.0,3752725
2021-07-22,956.573974609375,992.1500244140624,1005.75,988.0,999.9000244140624,2181872
2021-07-23,953.826171875,989.2999877929688,1000.0,977.0,996.0,3449852
2021-07-26,946.1129760742188,981.2999877929688,996.6500244140624,978.2999877929688,989.2999877929688,2335433
2021-07-27,940.8101806640624,975.7999877929688,994.0,963.0499877929688,989.0,3311920
2021-07-28,957.1524047851562,992.75,1009.7999877929688,979.0,992.0,8820340
2021-07-29,956.4775390625,992.0499877929688,1003.4500122070312,987.0,997.9500122070312,3459503
2021-07-30,945.8237915039062,981.0,1000.0,980.0,989.0,3115750
2021-08-02,952.5726928710938,988.0,997.1500244140624,985.4500122070312,991.7999877929688,2149603
2021-08-03,985.40185546875,1022.0499877929688,1025.0,986.6500244140624,987.0,4450926
2021-08-04,983.95556640625,1020.5499877929688,1048.0,1016.9000244140624,1029.0,5055711
2021-08-05,961.9249267578124,997.7000122070312,1012.4500122070312,986.0,1011.4500122070312,3955681
2021-08-06,992.5846557617188,1029.5,1034.0,998.2000122070312,1005.0,7609448
2021-08-09,1005.4078369140624,1042.800048828125,1047.0,1028.050048828125,1031.0,4274598
2021-08-10,996.53759765625,1033.5999755859375,1055.0,1031.4000244140625,1037.0,3469468
2021-08-11,1003.8651733398438,1041.199951171875,1045.3499755859375,1020.0,1033.5999755859375,2155833
2021-08-12,998.2249145507812,1035.3499755859375,1047.1500244140625,1027.25,1046.449951171875,2453701
2021-08-13,987.426513671875,1024.1500244140625,1043.75,1021.5999755859376,1035.3499755859375,2348979
2021-08-16,982.461181640625,1019.0,1029.9000244140625,1016.0999755859376,1024.949951171875,1132546
2021-08-17,969.0904541015624,1000.2000122070312,1015.0,993.2999877929688,1013.5,3082005
2021-08-18,958.8685302734376,989.6500244140624,1005.7999877929688,987.0,1003.0,2344486
2021-08-20,948.9857177734376,979.4500122070312,990.9500122070312,970.6500244140624,985.0,3465186
2021-08-23,957.8511962890624,988.5999755859376,998.9000244140624,964.0999755859376,988.0999755859376,2914978
2021-08-24,973.7894897460938,1005.0499877929688,1009.0,987.0,990.2000122070312,2510063
2021-08-25,974.2739868164062,1005.5499877929688,1013.9000244140624,998.2000122070312,1009.9000244140624,2105187
2021-08-26,970.3499755859376,1001.5,1012.6500244140624,998.0999755859376,1000.0,1971408
2021-08-27,959.4014282226562,990.2000122070312,1000.8499755859376,987.0,997.0,2368969
2021-08-30,973.8380126953124,1005.0999755859376,1012.0,991.2999877929688,995.2999877929688,2868604
2021-08-31,961.5330200195312,992.4000244140624,1009.7999877929688,990.0,1009.0,3138652
2021-09-01,967.6854858398438,998.75,1025.0,993.0,994.0,3854558
2021-09-02,978.6824340820312,1010.0999755859376,1012.5,995.2000122070312,1002.7000122070312,2136382
2021-09-03,972.5299682617188,1003.75,1028.6500244140625,996.5499877929688,1010.0,5363972
2021-09-06,961.0969848632812,991.9500122070312,1008.2999877929688,991.0,1006.0,3349749
2021-09-07,970.1077270507812,1001.25,1012.0,984.1500244140624,992.0499877929688,5483796
2021-09-08,968.5089721679688,999.5999755859376,1021.7999877929688,992.4000244140624,1013.2000122070312,6385224
2021-09-09,968.4121704101562,999.5,1006.9000244140624,993.5,1000.0,3193603
2021-09-13,965.3117065429688,996.2999877929688,1004.0,992.6500244140624,1004.0,2386618
2021-09-14,1004.3582763671876,1036.5999755859375,1039.0,997.5999755859376,999.0,7838383
2021-09-15,1021.16845703125,1053.949951171875,1062.0,1027.5,1036.0,6071710
2021-09-16,1095.7735595703125,1130.949951171875,1186.5,1071.0,1071.0,27230283
2021-09-17,1094.853271484375,1130.0,1146.550048828125,1112.3499755859375,1137.5,5784278
2021-09-20,1056.048828125,1089.949951171875,1132.4000244140625,1084.5999755859375,1115.0,2954179
2021-09-21,1102.1683349609375,1137.550048828125,1143.1500244140625,1085.0,1091.0,6332732
2021-09-22,1105.8985595703125,1141.4000244140625,1157.8499755859375,1128.199951171875,1145.0,5587136
2021-09-23,1132.7855224609375,1169.1500244140625,1175.0,1147.0,1150.0,4879235
2021-09-24,1126.875244140625,1163.050048828125,1189.3499755859375,1141.25,1172.199951171875,4615559
2021-09-27,1114.9093017578125,1150.699951171875,1177.949951171875,1144.9000244140625,1172.0,3083520
2021-09-28,1099.4554443359375,1134.75,1160.0,1119.0,1160.0,3684708
2021-09-29,1088.2646484375,1123.199951171875,1136.9000244140625,1114.0999755859375,1127.0999755859375,5574048
2021-09-30,1077.316162109375,1111.9000244140625,1134.9000244140625,1107.0,1125.0,3180267
2021-10-01,1069.71044921875,1104.050048828125,1112.0,1091.300048828125,1104.0,1940798
2021-10-04,1084.970458984375,1119.800048828125,1125.0,1106.0,1107.5,1817348
2021-10-05,1132.2525634765625,1168.5999755859375,1177.0999755859375,1108.6500244140625,1116.800048828125,5270013
2021-10-06,1096.6456298828125,1131.8499755859375,1179.1500244140625,1126.699951171875,1178.449951171875,3329243
2021-10-07,1130.4117431640625,1166.699951171875,1186.1500244140625,1140.050048828125,1143.0,4002618
2021-10-08,1137.8721923828125,1174.4000244140625,1180.0,1158.4000244140625,1179.4000244140625,2344868
2021-10-11,1136.758056640625,1173.25,1194.449951171875,1170.0,1172.6500244140625,2535840
2021-10-12,1145.138916015625,1181.9000244140625,1196.0,1160.050048828125,1165.0,2354120
2021-10-13,1147.6580810546875,1184.5,1191.949951171875,1175.25,1188.0999755859375,1235622
2021-10-14,1172.3648681640625,1210.0,1215.0,1161.800048828125,1190.0,3315820
2021-10-18,1181.666259765625,1219.5999755859375,1229.6500244140625,1196.050048828125,1221.0,4512591
2021-10-19,1156.862548828125,1194.0,1240.0,1185.5999755859375,1222.0,3879525
2021-10-20,1164.322998046875,1201.699951171875,1213.9000244140625,1172.449951171875,1190.0,2850772
2021-10-21,1147.56103515625,1184.4000244140625,1210.949951171875,1165.199951171875,1205.0,2408608
2021-10-22,1159.18798828125,1196.4000244140625,1204.699951171875,1176.800048828125,1192.050048828125,2618946
2021-10-25,1141.117919921875,1177.75,1211.0,1156.699951171875,1205.949951171875,3612312
2021-10-26,1118.978759765625,1154.9000244140625,1193.0,1137.699951171875,1180.0,3413917
2021-10-27,1107.012939453125,1142.550048828125,1163.8499755859375,1122.0,1156.0,4329232
2021-10-28,1139.42236328125,1176.0,1242.0,1169.25,1172.0,17223159
2021-10-29,1104.7359619140625,1140.199951171875,1182.0,1123.5999755859375,1166.949951171875,5112475
2021-11-01,1190.8707275390625,1229.0999755859375,1235.0,1146.050048828125,1158.0,10563295
2021-11-02,1174.835693359375,1212.550048828125,1240.0999755859375,1207.0,1220.0,3730392
2021-11-03,1141.3116455078125,1177.949951171875,1220.0,1174.25,1215.0,2922214
2021-11-04,1152.114990234375,1189.0999755859375,1195.0,1185.0,1195.0,278458
2021-11-08,1028.144775390625,1061.1500244140625,1130.0,1041.5999755859375,1130.0,29099645
2021-11-09,1035.0238037109375,1068.25,1084.9000244140625,1062.5,1081.0,7752739
2021-11-10,1000.094970703125,1032.199951171875,1066.800048828125,1027.800048828125,1066.800048828125,6796906
2021-11-11,1001.1609497070312,1033.300048828125,1038.0,1020.5,1032.199951171875,4527396
2021-11-12,1004.7942504882812,1037.050048828125,1043.5,1028.550048828125,1040.0,3479296
2021-11-15,1009.1057739257812,1041.5,1051.0,1032.550048828125,1042.0,3105993
2021-11-16,989.1465454101562,1020.9000244140624,1046.0,1018.25,1042.0,2685826
2021-11-17,1001.8392333984376,1034.0,1042.0,1014.0,1017.9000244140624,3042496
2021-11-18,977.0838623046876,1008.4500122070312,1042.0,1002.2999877929688,1031.800048828125,3244457
2021-11-22,975.58203125,1006.9000244140624,1025.9000244140625,988.5499877929688,1024.0,6198324
2021-11-23,950.8267211914062,981.3499755859376,1010.0,974.0,995.0,8136685
2021-11-24,940.21728515625,970.4000244140624,993.6500244140624,966.0,989.0,6646771
2021-11-25,929.4625244140624,959.2999877929688,970.0,951.3499755859376,968.0,5711537
2021-11-26,873.7509765625,901.7999877929688,956.9500122070312,898.0,951.0,6746021
2021-11-29,867.5984497070312,895.4500122070312,938.0,888.8499755859375,926.9000244140624,11905868
2021-11-30,855.5357055664062,883.0,927.5,875.7000122070312,902.0,6964145
2021-12-01,904.6103515625,933.6500244140624,938.75,890.1500244140625,891.0,14626216
2021-12-02,916.14013671875,945.5499877929688,950.0,925.6500244140624,935.0,5703967
2021-12-03,921.5660400390624,951.1500244140624,957.8499755859376,938.5,944.9500122070312,4928235
2021-12-06,887.1702270507812,915.6500244140624,952.0,914.0,952.0,4617346
2021-12-07,897.8280639648438,926.6500244140624,936.5,920.7999877929688,922.9000244140624,3434735
2021-12-08,915.89794921875,945.2999877929688,949.0,932.5,936.0,3774244
2021-12-09,916.9638061523438,946.4000244140624,950.5,938.2000122070312,947.0,3111606
2021-12-10,915.3651123046876,944.75,968.0,938.0,960.0,6605152
2021-12-13,909.35791015625,938.5499877929688,955.5999755859376,934.2000122070312,954.2999877929688,2681792
2021-12-14,916.6246337890624,946.0499877929688,949.1500244140624,924.2000122070312,932.0,2725729
2021-12-15,909.35791015625,938.5499877929688,950.8499755859376,937.0,944.9500122070312,2266938
2021-12-16,899.4266967773438,928.2999877929688,949.3499755859376,921.1500244140624,945.0,2457432
2021-12-17,855.5357055664062,883.0,929.0,880.25,926.0,4786306
2021-12-20,819.7833862304688,846.0999755859375,874.0,830.7999877929688,874.0,4700733
2021-12-21,830.5381469726562,857.2000122070312,867.9500122070312,848.3499755859375,855.0499877929688,3568436
2021-12-22,844.6356201171875,871.75,885.0,861.0,861.4500122070312,3619713
2021-12-23,844.0057983398438,871.0999755859375,884.0,869.0,879.9000244140625,2642247
2021-12-24,834.3653564453125,861.1500244140625,878.7999877929688,846.7999877929688,878.0,3462247
2021-12-27,828.6488647460938,855.25,861.7999877929688,811.5,843.0,12325932
2021-12-28,826.1297607421875,852.6500244140625,865.75,845.0999755859375,864.0,4660498
2021-12-29,842.9400634765625,870.0,874.9000244140625,854.0,854.0499877929688,6067054
2021-12-30,857.861083984375,885.4000244140625,893.4500122070312,860.0,864.0,12354342
2021-12-31,860.5255737304688,888.1500244140625,892.9000244140625,878.4000244140625,881.5,3606043
2022-01-03,883.9243774414062,912.2999877929688,915.5,876.7000122070312,888.2000122070312,5594214
2022-01-04,876.2701416015625,904.4000244140624,917.9500122070312,896.0999755859375,915.0,4102750
2022-01-05,875.8341064453125,903.9500122070312,911.9000244140624,892.25,905.0,5448165
2022-01-06,893.031982421875,921.7000122070312,924.0,885.0499877929688,895.25,5209239
2022-01-07,893.5648803710938,922.25,938.4500122070312,916.0999755859376,926.5,4207773
2022-01-10,892.20849609375,920.8499755859376,929.8499755859376,918.0,926.9000244140624,2569322
2022-01-11,889.398681640625,917.9500122070312,935.0499877929688,914.0,927.0,3383081
2022-01-12,912.2645874023438,941.5499877929688,946.5999755859376,920.0999755859376,928.0,5506622
2022-01-13,898.2639770507812,927.0999755859376,950.0,926.0,948.0,2109207
2022-01-14,891.433349609375,920.0499877929688,926.6500244140624,913.25,919.0999755859376,2557488
2022-01-17,891.8692626953125,920.5,931.9000244140624,912.25,919.0,3048497
2022-01-18,871.6679077148438,899.6500244140625,927.3499755859376,895.3499755859375,920.5,3088062
2022-01-19,865.4669189453125,893.25,903.7999877929688,884.1500244140625,897.0,3628266
2022-01-20,849.9160766601562,877.2000122070312,898.4500122070312,872.0,895.0,3565267
2022-01-21,827.5345458984375,854.0999755859375,872.9500122070312,845.0999755859375,869.9000244140625,4042974
2022-01-24,824.7732543945312,851.25,869.2999877929688,831.5499877929688,859.0,4657809
2022-01-25,856.746826171875,884.25,886.9000244140625,842.0,842.3499755859375,5165597
2022-01-27,860.47705078125,888.0999755859375,893.5999755859375,861.0999755859375,874.2000122070312,4323258
2022-01-28,875.446533203125,903.5499877929688,925.75,895.0,897.0,5520247
2022-01-31,844.9746704101562,872.0999755859375,927.4500122070312,866.6500244140625,927.4500122070312,10148990
2022-02-01,893.61328125,922.2999877929688,927.0,879.0,879.0,11628936
2022-02-02,945.0133056640624,975.3499755859376,981.7999877929688,930.0999755859376,930.0999755859376,14380553
2022-02-03,928.5420532226562,958.3499755859376,979.7000122070312,954.4500122070312,967.3499755859376,5623611
2022-02-04,926.3135986328124,956.0499877929688,974.9500122070312,945.0,958.0,5000045
2022-02-07,904.0289916992188,933.0499877929688,959.4000244140624,928.1500244140624,952.0499877929688,2587054
2022-02-08,908.5343627929688,937.7000122070312,940.75,913.0,938.0,3160992
2022-02-09,937.068359375,967.1500244140624,971.4000244140624,940.4000244140624,942.2999877929688,4101202
2022-02-10,942.1065673828124,972.3499755859376,977.75,960.25,966.0,4037566
2022-02-11,951.8440551757812,982.4000244140624,990.0,954.5499877929688,955.0,7171664
2022-02-14,912.3130493164062,941.5999755859376,964.7999877929688,937.2000122070312,959.2000122070312,3652419
2022-02-15,939.5391235351562,969.7000122070312,972.0,923.25,943.0,3985559
2022-02-16,938.279541015625,968.4000244140624,987.5499877929688,961.9500122070312,966.0999755859376,3683264
2022-02-17,926.0714111328124,955.7999877929688,980.0,951.0999755859376,980.0,3152042
2022-02-18,925.6353759765624,955.3499755859376,966.0,948.5999755859376,950.0,2417043
2022-02-21,922.8256225585938,952.4500122070312,972.0,949.0,952.0,3535914
2022-02-22,909.8907470703124,939.0999755859376,949.8499755859376,923.0,925.0,2866135
2022-02-23,921.1300659179688,950.7000122070312,960.7999877929688,943.1500244140624,944.0,3507003
2022-02-24,848.414306640625,875.6500244140625,934.2999877929688,868.8499755859375,919.5,7305449
2022-02-25,898.2156372070312,927.0499877929688,929.7999877929688,895.0,898.7000122070312,4821342
2022-02-28,892.0631103515625,920.7000122070312,924.7999877929688,903.0,916.0,3299912
2022-03-02,878.159423828125,906.3499755859376,912.6500244140624,887.5499877929688,907.0,4507940
2022-03-03,883.8759155273438,912.25,926.0,906.5,918.0,3731807
2022-03-04,873.8478393554688,901.9000244140624,922.9000244140624,891.0,896.0,3623960
2022-03-07,808.4473266601562,834.4000244140625,896.9500122070312,825.5,878.0,6323502
2022-03-08,814.5513916015625,840.7000122070312,847.7999877929688,816.0,831.0999755859375,6163433
2022-03-09,848.12353515625,875.3499755859375,880.0,838.25,863.0,6967640
2022-03-10,876.1731567382812,904.2999877929688,928.0,890.7000122070312,909.7999877929688,6312569
2022-03-11,873.7025756835938,901.75,915.5,892.9500122070312,900.0,3451877
2022-03-14,879.3705444335938,907.5999755859376,914.0,892.2999877929688,899.0,3718477
2022-03-15,868.76123046875,896.6500244140625,922.0,887.25,916.9000244140624,4390735
2022-03-16,899.7658081054688,928.6500244140624,936.0,911.5499877929688,912.0,5705364
2022-03-17,903.4476318359376,932.4500122070312,949.5,929.5499877929688,943.9500122070312,4492246
2022-03-21,884.9901733398438,913.4000244140624,938.0,911.0,938.0,2363059
2022-03-22,898.8453979492188,927.7000122070312,932.0,903.5999755859376,916.0,2764481
2022-03-23,902.3818359375,931.3499755859376,944.4500122070312,928.0999755859376,933.0,2433056
2022-03-24,896.0355834960938,924.7999877929688,937.9500122070312,915.2000122070312,922.0,2923793
2022-03-25,897.4404907226562,926.25,933.2999877929688,916.0499877929688,930.0,1984601
2022-03-28,906.063720703125,935.1500244140624,942.9000244140624,920.25,923.0499877929688,2654339
2022-03-29,900.2503051757812,929.1500244140624,944.5,921.4000244140624,939.9500122070312,3351562
2022-03-30,897.4888916015625,926.2999877929688,945.0,922.9500122070312,939.3499755859376,4849869
2022-03-31,906.305908203125,935.4000244140624,938.4500122070312,924.0,930.0,2311242
2022-04-01,938.4732666015624,968.5999755859376,970.9500122070312,929.1500244140624,929.4500122070312,5222165
2022-04-04,956.4948120117188,987.2000122070312,994.7999877929688,958.0499877929688,975.0,5033678
2022-04-05,942.9786376953124,973.25,994.0,968.0,994.0,3827808
2022-04-06,938.1826171875,968.2999877929688,978.75,961.0,967.0,2406015
2022-04-07,942.3488159179688,972.5999755859376,986.9000244140624,960.0,960.5,3182285
2022-04-08,954.9444580078124,985.5999755859376,990.0,968.25,971.0,2659878
2022-04-11,949.9547119140624,980.4500122070312,998.9000244140624,976.7999877929688,983.5999755859376,2413145
2022-04-12,954.4600830078124,985.0999755859376,987.6500244140624,966.0,977.0,1963842
2022-04-13,952.81298828125,983.4000244140624,996.25,982.0,992.0,2060127
2022-04-18,947.0479736328124,977.4500122070312,983.0,966.0999755859376,972.0,1575552
2022-04-19,933.822509765625,963.7999877929688,988.9500122070312,951.0,979.9000244140624,1747142
2022-04-20,942.3003540039062,972.5499877929688,982.75,952.5,965.5499877929688,2421543
2022-04-21,958.4810180664062,989.25,992.7000122070312,976.0999755859376,976.0999755859376,1957820
2022-04-22,929.9954223632812,959.8499755859376,988.0,957.0999755859376,980.0,1942893
2022-04-25,917.1090087890624,946.5499877929688,958.4500122070312,931.0,945.0,2096910
2022-04-26,949.9547119140624,980.4500122070312,983.3499755859376,958.0999755859376,962.0,2673266
2022-04-27,944.1897583007812,974.5,979.7999877929688,967.1500244140624,970.0999755859376,1476543
2022-04-28,957.6089477539062,988.3499755859376,992.4500122070312,972.0,978.0,2003774
2022-04-29,948.11376953125,978.5499877929688,1009.5,975.2000122070312,990.0,3476442
2022-05-02,986.4336547851562,1018.0999755859376,1026.0,966.4500122070312,972.0,8962019
2022-05-04,947.87158203125,978.2999877929688,1029.0,971.0,1025.5,4565643
2022-05-05,907.6622924804688,936.7999877929688,995.0,932.0,995.0,4679266
2022-05-06,886.9279174804688,915.4000244140624,934.2999877929688,902.5,919.0,3713381
2022-05-09,862.02734375,889.7000122070312,912.7999877929688,881.0,912.7999877929688,3283626
2022-05-10,882.4225463867188,910.75,920.0,888.0,888.0,3972560
2022-05-11,894.6306762695312,923.3499755859376,928.0,891.2999877929688,910.9000244140624,4209334
2022-05-12,842.8432006835938,869.9000244140625,916.5,856.0,916.0,4776857
2022-05-13,845.2169799804688,872.3499755859375,894.1500244140625,868.75,886.0,2932319
2022-05-16,858.3455200195312,885.9000244140625,898.7999877929688,865.5499877929688,876.7000122070312,1971123
2022-05-17,875.7371826171875,903.8499755859376,905.0,888.0999755859375,890.0,2038983
2022-05-18,875.0589599609375,903.1500244140624,917.9500122070312,899.0499877929688,907.0,2665522
2022-05-19,839.306640625,866.25,890.8499755859375,860.0999755859375,888.0,2656251
2022-05-20,868.6157836914062,896.5,900.0,881.2000122070312,888.0,2286465
2022-05-23,874.3323364257812,902.4000244140624,922.0,898.9500122070312,900.0,2577890
2022-05-24,870.020751953125,897.9500122070312,917.0,895.2999877929688,905.4000244140624,2149695
2022-05-25,865.563720703125,893.3499755859375,923.5,889.5499877929688,907.7999877929688,3664893
2022-05-26,869.6815795898438,897.5999755859375,906.7999877929688,877.4500122070312,902.5999755859376,3909078
2022-05-27,896.6168823242188,925.4000244140624,927.0,905.2000122070312,908.3499755859376,2509528
2022-05-30,907.0810546875,936.2000122070312,946.4500122070312,932.0999755859376,936.0,2036338
2022-05-31,901.8973999023438,930.8499755859376,939.9500122070312,926.0,926.0,1249259
2022-06-01,899.4751586914062,928.3499755859376,938.3499755859376,918.7000122070312,930.8499755859376,1144864
2022-06-02,913.6210327148438,942.9500122070312,945.0,921.0,921.0,1735855
2022-06-03,895.5510864257812,924.2999877929688,953.7999877929688,922.0,950.0,1398174
2022-06-06,899.8627319335938,928.75,933.9500122070312,918.5,920.0,1417254
2022-06-07,894.9697875976562,923.7000122070312,929.9500122070312,916.5,924.25,929573
2022-06-08,885.2808837890625,913.7000122070312,938.0,906.5499877929688,929.0,1905868
2022-06-09,891.675537109375,920.2999877929688,923.5,906.3499755859376,908.0,1031195
2022-06-10,884.7964477539062,913.2000122070312,925.0,903.25,912.5,882217
2022-06-13,838.5316162109375,865.4500122070312,900.3499755859375,860.0999755859375,895.0,3353078
2022-06-14,817.9425048828125,844.2000122070312,869.9500122070312,840.2999877929688,864.0,3770890
2022-06-15,817.0704956054688,843.2999877929688,857.0,828.0,852.0,3911673
2022-06-16,784.4186401367188,809.5999755859375,859.4000244140625,805.1500244140625,854.0,3141825
2022-06-17,781.802734375,806.9000244140625,821.8499755859375,796.75,810.0,2624540
2022-06-20,759.6633911132812,784.0499877929688,814.5999755859375,769.5,814.5999755859375,3103978
2022-06-21,774.0029907226562,798.8499755859375,809.4000244140625,783.4500122070312,796.0499877929688,3425596
2022-06-22,753.4624633789062,777.6500244140625,801.8499755859375,767.7000122070312,799.6500244140625,3066728
2022-06-23,760.5353393554688,784.9500122070312,794.2999877929688,763.2000122070312,781.0,3888446
2022-06-24,781.4151000976562,806.5,815.8499755859375,792.5,793.9500122070312,4706175
2022-06-27,797.8863525390625,823.5,829.7000122070312,817.6500244140625,819.2000122070312,2569316
2022-06-28,791.200927734375,816.5999755859375,823.5,812.0,819.0,1280737
2022-06-29,783.6436157226562,808.7999877929688,817.3499755859375,788.2000122070312,805.0,3774208
2022-06-30,769.6429443359375,794.3499755859375,816.7000122070312,790.25,811.7999877929688,2686640
2022-07-01,782.0933837890625,807.2000122070312,810.0,783.0,793.0,2796110
2022-07-04,806.1220092773438,832.0,840.0,811.2000122070312,812.7999877929688,4711395
2022-07-05,798.4193115234375,824.0499877929688,839.0,821.0499877929688,833.0,1836183
2022-07-06,810.5304565429688,836.5499877929688,840.0,825.0499877929688,829.7999877929688,1660551
2022-07-07,834.219970703125,861.0,863.4000244140625,840.25,841.0,3868679
2022-07-08,822.2056884765625,848.5999755859375,867.5,846.2000122070312,867.0,1342616
2022-07-11,831.6524047851562,858.3499755859375,860.0,843.0499877929688,845.0,1503503
2022-07-12,820.7039184570312,847.0499877929688,861.1500244140625,845.0,850.0,1221366
2022-07-13,793.5747680664062,819.0499877929688,856.1500244140625,789.5,856.1500244140625,10850036
2022-07-14,795.3672485351562,820.9000244140625,829.7999877929688,813.7000122070312,823.0999755859375,2463571
2022-07-15,789.6991577148438,815.0499877929688,829.0,811.2000122070312,824.1500244140625,1365475
2022-07-18,824.5794067382812,851.0499877929688,853.2000122070312,823.2000122070312,826.0,2536142
2022-07-19,841.0990600585938,868.0999755859375,871.7999877929688,840.0,841.0,2608372
2022-07-20,851.9508056640625,879.2999877929688,897.4500122070312,872.7999877929688,886.0,3995680
2022-07-21,918.61083984375,948.0999755859376,962.0,892.5999755859375,903.0,23581540
2022-07-22,913.1366577148438,942.4500122070312,956.0,938.6500244140624,950.0499877929688,4842122
2022-07-25,932.126953125,962.0499877929688,966.5,939.5499877929688,940.0,6043152
2022-07-26,931.69091796875,961.5999755859376,969.9000244140624,951.8499755859376,959.0,2983144
2022-07-27,949.324951171875,979.7999877929688,983.75,955.25,960.7000122070312,3405140
2022-07-28,986.0460815429688,1017.7000122070312,1020.0,989.0999755859376,994.4500122070312,7001490
2022-07-29,1011.0436401367188,1043.5,1049.949951171875,1018.75,1022.2000122070312,5862550
2022-08-01,1007.7977905273438,1040.1500244140625,1047.9000244140625,1024.550048828125,1040.0,4299697
2022-08-02,1034.054931640625,1067.25,1071.9000244140625,1032.050048828125,1033.0,5074834
2022-08-03,1025.3834228515625,1058.300048828125,1070.0,1051.550048828125,1063.550048828125,2753893
2022-08-04,1017.5352172851562,1050.199951171875,1072.8499755859375,1043.800048828125,1061.0999755859375,2142720
2022-08-05,1004.0675659179688,1036.300048828125,1057.75,1033.550048828125,1055.5,2382020
2022-08-08,1017.5352172851562,1050.199951171875,1057.699951171875,1033.699951171875,1036.300048828125,2057991
2022-08-10,1030.0340576171875,1063.0999755859375,1067.5,1043.050048828125,1045.4000244140625,2727232
2022-08-11,1054.06103515625,1079.199951171875,1086.0,1069.0,1070.6500244140625,3998702
2022-08-12,1055.2818603515625,1080.449951171875,1088.050048828125,1075.550048828125,1077.1500244140625,2463516
2022-08-16,1059.1885986328125,1084.449951171875,1096.9000244140625,1075.0999755859375,1085.0,3083931
2022-08-17,1063.241943359375,1088.5999755859375,1095.0,1082.0,1083.0,1768441
2022-08-18,1079.357666015625,1105.0999755859375,1107.449951171875,1081.550048828125,1082.5,2407824
2022-08-19,1038.5313720703125,1063.300048828125,1104.949951171875,1060.0,1104.949951171875,3660413
2022-08-22,1032.5733642578125,1057.199951171875,1067.300048828125,1045.5,1055.0,2662510
2022-08-23,1046.100830078125,1071.050048828125,1078.9000244140625,1034.0999755859375,1035.0,3030759
2022-08-24,1076.232177734375,1101.9000244140625,1105.0,1077.0,1077.0,3685015
2022-08-25,1064.560546875,1089.949951171875,1119.75,1082.699951171875,1109.0,3775014
2022-08-26,1044.8310546875,1069.75,1101.699951171875,1064.6500244140625,1098.0,3662548
2022-08-29,1034.52685546875,1059.199951171875,1062.9000244140625,1041.0,1050.0,1642550
2022-08-30,1081.65283203125,1107.449951171875,1109.800048828125,1070.0,1071.800048828125,3200407
2022-09-01,1085.5108642578125,1111.4000244140625,1121.0,1095.0,1097.6500244140625,3487969
2022-09-02,1075.10888671875,1100.75,1119.5,1095.0,1116.949951171875,2428618
2022-09-05,1082.1900634765625,1108.0,1112.449951171875,1096.550048828125,1099.5,2419887
2022-09-06,1082.9715576171875,1108.800048828125,1118.75,1097.5999755859375,1115.0,2516672
2022-09-07,1064.560546875,1089.949951171875,1100.0,1086.0,1095.0,3165749
2022-09-08,1082.483154296875,1108.300048828125,1115.0,1097.4000244140625,1103.0,2995969
2022-09-09,1110.6610107421875,1137.1500244140625,1149.550048828125,1116.550048828125,1119.0,4751837
2022-09-12,1110.3680419921875,1136.8499755859375,1145.0,1128.0,1144.300048828125,1918731
2022-09-13,1136.6903076171875,1163.800048828125,1165.550048828125,1136.800048828125,1145.0,3571187
2022-09-14,1187.43017578125,1215.75,1225.0,1142.300048828125,1148.5999755859375,9043198
2022-09-15,1167.99365234375,1195.8499755859375,1220.0,1185.050048828125,1219.0,4063705
2022-09-16,1198.7598876953125,1227.3499755859375,1251.050048828125,1185.0,1195.8499755859375,16270762
2022-09-19,1197.1971435546875,1225.75,1256.0,1218.0,1226.0,6074889
2022-09-20,1234.65380859375,1264.0999755859375,1275.800048828125,1240.0,1241.25,5704241
2022-09-21,1195.7320556640625,1224.25,1265.0,1221.800048828125,1260.0,6121456
2022-09-22,1188.2115478515625,1216.550048828125,1238.5,1205.0,1219.0,5463724
2022-09-23,1155.7847900390625,1183.3499755859375,1213.949951171875,1176.050048828125,1210.0,4197496
2022-09-26,1122.821044921875,1149.5999755859375,1180.0,1135.699951171875,1170.0,5082576
2022-09-27,1137.9599609375,1165.0999755859375,1178.0,1140.5999755859375,1166.449951171875,4493527
2022-09-28,1114.32373046875,1140.9000244140625,1160.0,1133.0,1155.199951171875,4898528
2022-09-29,1115.642333984375,1142.25,1174.800048828125,1137.300048828125,1160.0,4998273
2022-09-30,1157.591796875,1185.199951171875,1192.300048828125,1128.800048828125,1141.0,4392250
2022-10-03,1129.3160400390625,1156.25,1185.9000244140625,1153.050048828125,1178.0,3397982
2022-10-04,1190.8486328125,1219.25,1222.0,1176.1500244140625,1184.9000244140625,4446589
2022-10-06,1172.9261474609375,1200.9000244140625,1234.949951171875,1197.300048828125,1225.0,2773277
2022-10-07,1185.1348876953125,1213.4000244140625,1217.8499755859375,1182.5,1201.0,3338767
2022-10-10,1182.1070556640625,1210.300048828125,1216.9000244140625,1183.25,1193.0999755859375,2547644
2022-10-11,1137.4715576171875,1164.5999755859375,1215.949951171875,1162.0,1215.0,21664338
2022-10-12,1161.3521728515625,1189.050048828125,1192.0999755859375,1156.0999755859375,1175.050048828125,3412460
2022-10-13,1156.663818359375,1184.25,1196.75,1167.0,1189.050048828125,1982808
2022-10-14,1154.07568359375,1181.5999755859375,1216.3499755859375,1179.199951171875,1201.25,2918993
2022-10-17,1171.7052001953125,1199.6500244140625,1203.800048828125,1164.0,1178.0,3419791
2022-10-18,1194.7554931640625,1223.25,1228.6500244140625,1203.0999755859375,1207.0,3451130
2022-10-19,1190.0184326171875,1218.4000244140625,1231.699951171875,1210.0,1227.9000244140625,3896969
2022-10-20,1132.929931640625,1159.949951171875,1214.0,1150.0999755859375,1214.0,11242103
2022-10-21,1115.642333984375,1142.25,1169.0,1139.0999755859375,1166.0,5309754
2022-10-24,1119.1583251953125,1145.8499755859375,1160.0,1143.0,1160.0,674170
2022-10-25,1110.9539794921875,1137.449951171875,1153.050048828125,1121.800048828125,1145.8499755859375,3514202
2022-10-27,1115.886474609375,1142.5,1153.5999755859375,1135.199951171875,1150.0,2590606
2022-10-28,1120.2816162109375,1147.0,1161.0,1137.5,1145.0,2778938
2022-10-31,1116.0328369140625,1142.6500244140625,1159.5999755859375,1138.949951171875,1155.0,2048520
2022-11-01,1124.3349609375,1151.1500244140625,1159.9000244140625,1145.0,1146.5,2664189
2022-11-02,1111.6865234375,1138.199951171875,1157.699951171875,1135.0,1146.0,1947283
2022-11-03,1121.25830078125,1148.0,1150.949951171875,1125.25,1133.449951171875,1742221
2022-11-04,1125.8487548828125,1152.699951171875,1158.0,1142.0999755859375,1153.75,1571565
2022-11-07,1117.4979248046875,1144.1500244140625,1158.0,1139.25,1158.0,2601148
2022-11-09,1122.2349853515625,1149.0,1172.9000244140625,1144.0,1156.0,3456108
2022-11-10,1101.08935546875,1127.3499755859375,1157.800048828125,1118.0,1143.0,2072769
2022-11-11,1113.4447021484375,1140.0,1161.449951171875,1130.5999755859375,1140.0,2198448
2022-11-14,1126.093017578125,1152.949951171875,1160.0,1134.1500244140625,1145.699951171875,2007506
2022-11-15,1125.9952392578125,1152.8499755859375,1167.75,1147.1500244140625,1157.8499755859375,1802234
2022-11-16,1117.44921875,1144.0999755859375,1158.0,1136.0,1151.0,2331206
2022-11-17,1119.793212890625,1146.5,1152.75,1137.550048828125,1141.449951171875,1721557
2022-11-18,1102.359130859375,1128.6500244140625,1151.3499755859375,1122.0,1151.3499755859375,2082130
2022-11-21,1112.468017578125,1139.0,1142.050048828125,1117.0,1119.550048828125,2602264
2022-11-22,1142.1597900390625,1169.4000244140625,1173.25,1138.5,1143.0,3927395
2022-11-23,1146.9945068359375,1174.3499755859375,1183.0,1161.0,1176.0,3265438
2022-11-24,1148.16650390625,1175.550048828125,1186.949951171875,1167.5999755859375,1180.0,3496170
2022-11-25,1159.4473876953125,1187.0999755859375,1193.800048828125,1176.050048828125,1180.0,4715695
2022-11-28,1169.947021484375,1197.8499755859375,1205.449951171875,1178.699951171875,1180.0,2846018
2022-11-29,1153.098876953125,1180.5999755859375,1199.8499755859375,1178.449951171875,1192.0,1875146
2022-11-30,1140.5970458984375,1167.800048828125,1183.699951171875,1163.0,1180.0,2421938
2022-12-01,1146.5550537109375,1173.9000244140625,1180.949951171875,1162.0999755859375,1175.0,2693170
2022-12-02,1151.2431640625,1178.699951171875,1185.75,1167.050048828125,1169.6500244140625,2299901
2022-12-05,1167.65185546875,1195.5,1198.0,1179.8499755859375,1182.0,3842074
2022-12-06,1156.5174560546875,1184.0999755859375,1208.0,1179.0,1198.949951171875,3130375
2022-12-07,1137.5205078125,1164.6500244140625,1189.0,1161.449951171875,1184.0,2752097
2022-12-08,1163.1102294921875,1190.8499755859375,1194.300048828125,1163.050048828125,1165.0,3666432
2022-12-09,1174.48876953125,1202.5,1216.0,1189.25,1195.5,6171282
2022-12-12,1178.6397705078125,1206.75,1219.9000244140625,1195.25,1201.300048828125,2790292
2022-12-13,1206.1829833984375,1234.949951171875,1240.949951171875,1209.5,1212.800048828125,4161518
2022-12-14,1223.9588623046875,1253.1500244140625,1257.0,1233.0,1241.75,3913725
2022-12-15,1210.724609375,1239.5999755859375,1273.550048828125,1235.0,1252.75,3097282
2022-12-16,1200.90869140625,1229.550048828125,1248.800048828125,1208.199951171875,1235.0,1944616
2022-12-19,1195.0484619140625,1223.550048828125,1241.699951171875,1212.0999755859375,1233.949951171875,1382378
2022-12-20,1200.0296630859375,1228.6500244140625,1234.3499755859375,1209.949951171875,1215.0,1245359
2022-12-21,1173.80517578125,1201.800048828125,1238.1500244140625,1190.949951171875,1236.0,1495106
2022-12-22,1152.6593017578125,1180.1500244140625,1208.800048828125,1170.199951171875,1207.8499755859375,2126536
2022-12-23,1121.11181640625,1147.8499755859375,1179.699951171875,1143.0,1160.050048828125,2621761
2022-12-26,1167.8470458984375,1195.699951171875,1208.0,1141.0,1150.0,2100374
2022-12-27,1174.3421630859375,1202.3499755859375,1209.949951171875,1185.0,1201.6500244140625,1462244
2022-12-28,1185.867431640625,1214.1500244140625,1227.0,1194.0,1198.0,2834356
2022-12-29,1202.471435546875,1231.1500244140625,1234.9000244140625,1201.800048828125,1206.0,3134405
2022-12-30,1191.6788330078125,1220.0999755859375,1238.0,1211.5,1238.0,1767556
2023-01-02,1197.783203125,1226.3499755859375,1231.0999755859375,1211.75,1220.0999755859375,2587946
2023-01-03,1212.0430908203125,1240.949951171875,1249.8499755859375,1222.300048828125,1226.550048828125,2195814
2023-01-04,1194.60888671875,1223.0999755859375,1273.4000244140625,1206.0999755859375,1258.0,8001367
2023-01-05,1187.52783203125,1215.8499755859375,1232.5,1203.800048828125,1229.25,2364186
2023-01-06,1154.36865234375,1181.9000244140625,1217.699951171875,1176.0999755859375,1214.0,3029739
2023-01-09,1190.2625732421875,1218.6500244140625,1223.5999755859375,1188.050048828125,1190.1500244140625,2836421
2023-01-10,1198.955322265625,1227.550048828125,1231.1500244140625,1205.0,1215.0,2442613
2023-01-11,1184.9884033203125,1213.25,1238.199951171875,1207.4000244140625,1232.4000244140625,2675249
2023-01-12,1180.9837646484375,1209.1500244140625,1224.75,1197.300048828125,1214.0,1862790
2023-01-13,1205.645751953125,1234.4000244140625,1237.300048828125,1210.0999755859375,1213.0,2184432
2023-01-16,1210.3828125,1239.25,1250.0,1232.5999755859375,1240.0,2398823
2023-01-17,1201.68994140625,1230.3499755859375,1240.0,1212.699951171875,1240.0,1803413
2023-01-18,1194.51123046875,1223.0,1238.0,1218.0,1232.0,1865108
2023-01-19,1172.584228515625,1200.550048828125,1245.0,1183.25,1215.0,9691261
2023-01-20,1174.43994140625,1202.449951171875,1228.0,1198.5,1208.5999755859375,4144033
2023-01-23,1176.637451171875,1204.699951171875,1220.1500244140625,1200.5,1212.699951171875,1848813
2023-01-24,1184.0606689453125,1212.300048828125,1219.800048828125,1198.3499755859375,1206.300048828125,2472106
2023-01-25,1129.2183837890625,1156.1500244140625,1211.0,1151.3499755859375,1210.0,3420414
2023-01-27,1090.3944091796875,1116.4000244140625,1168.6500244140625,1106.0,1163.050048828125,4781085
2023-01-30,1063.6815185546875,1089.050048828125,1124.800048828125,1055.0,1110.0,7991091
2023-01-31,1057.7235107421875,1082.949951171875,1098.8499755859375,1068.3499755859375,1097.050048828125,6080048
2023-02-01,1017.5809326171876,1041.8499755859375,1119.0,990.0,1094.0,7563064
2023-02-02,1050.837890625,1075.9000244140625,1081.0,1028.4000244140625,1034.9000244140625,4494575
2023-02-03,1077.8438720703125,1103.550048828125,1131.0,1079.0,1110.0,9207051
2023-02-06,1102.8475341796875,1129.1500244140625,1135.0,1100.449951171875,1109.0,2865938
2023-02-07,1116.277099609375,1142.9000244140625,1148.1500244140625,1122.5,1134.0,3603258
2023-02-08,1118.6700439453125,1145.3499755859375,1151.25,1136.0,1144.0,1675932
2023-02-09,1136.6903076171875,1163.800048828125,1168.199951171875,1138.300048828125,1150.1500244140625,2284751
2023-02-10,1134.15087890625,1161.199951171875,1167.0,1147.0999755859375,1160.0,2126093
2023-02-13,1130.390625,1157.3499755859375,1170.0,1148.5999755859375,1165.0,2112106
2023-02-14,1129.902099609375,1156.8499755859375,1162.0,1137.0,1160.699951171875,2433798
2023-02-15,1122.821044921875,1149.5999755859375,1160.449951171875,1145.0,1155.0,2050158
2023-02-16,1121.60009765625,1148.3499755859375,1156.0999755859375,1143.699951171875,1155.3499755859375,1918858
2023-02-17,1088.73388671875,1114.699951171875,1143.9000244140625,1109.0,1142.0,3146155
2023-02-20,1083.4598388671875,1109.300048828125,1122.800048828125,1103.800048828125,1117.25,1613608
2023-02-21,1076.0855712890625,1101.75,1112.1500244140625,1096.0,1110.0,1767689
2023-02-22,1067.2952880859375,1092.75,1096.949951171875,1079.199951171875,1096.75,1983022
2023-02-23,1050.544677734375,1075.5999755859375,1097.550048828125,1066.6500244140625,1092.699951171875,3193602
2023-02-24,1054.0120849609375,1079.1500244140625,1089.6500244140625,1069.5999755859375,1080.050048828125,1862986
2023-02-27,1056.746826171875,1081.949951171875,1089.8499755859375,1067.050048828125,1079.949951171875,2047252
2023-02-28,1052.595947265625,1077.699951171875,1089.9000244140625,1068.050048828125,1082.5,1360243
2023-03-01,1074.81591796875,1100.449951171875,1106.550048828125,1070.0999755859375,1077.050048828125,4006038
2023-03-02,1076.3787841796875,1102.050048828125,1110.5,1093.4000244140625,1099.949951171875,3831094
2023-03-03,1100.1614990234375,1126.4000244140625,1133.199951171875,1104.75,1109.0,3365349
2023-03-06,1094.4964599609375,1120.5999755859375,1140.0,1116.6500244140625,1132.0,3623590
2023-03-08,1146.8968505859375,1174.25,1179.0,1105.550048828125,1109.6500244140625,7227479
2023-03-09,1142.5506591796875,1169.800048828125,1182.6500244140625,1162.300048828125,1174.25,3086720
2023-03-10,1118.1329345703125,1144.800048828125,1162.25,1138.0,1155.0999755859375,3255900
2023-03-13,1035.4058837890625,1060.0999755859375,1119.5,1055.0,1119.0,12242080
2023-03-14,1039.215087890625,1064.0,1082.4000244140625,1052.199951171875,1060.0999755859375,5410127
2023-03-15,1020.022705078125,1044.3499755859375,1086.550048828125,1040.0,1079.800048828125,4117107
2023-03-16,994.0911865234376,1017.7999877929688,1041.949951171875,1001.9000244140624,1040.0,9261210
2023-03-17,996.7283325195312,1020.5,1038.5999755859375,1006.25,1038.0,5324960
2023-03-20,978.9522705078124,1002.2999877929688,1020.0,990.2000122070312,1020.0,5439347
2023-03-21,999.0235595703124,1022.8499755859376,1029.949951171875,996.0,1007.3499755859376,6200518
2023-03-22,1007.1301879882812,1031.1500244140625,1044.0,1024.1500244140625,1028.0,2992139
2023-03-23,994.5307006835938,1018.25,1046.199951171875,1014.25,1028.1500244140625,3703523
2023-03-24,986.0333862304688,1009.5499877929688,1024.949951171875,1004.6500244140624,1019.0,2709449
2023-03-27,989.2564697265624,1012.8499755859376,1020.9500122070312,1004.0,1014.0,2116764
2023-03-28,1012.0137939453124,1036.1500244140625,1038.4000244140625,1007.2000122070312,1017.7000122070312,4396283
2023-03-29,1032.475830078125,1057.0999755859375,1063.949951171875,1025.0,1031.0,5803091
2023-03-31,1043.072998046875,1067.949951171875,1076.0,1060.4000244140625,1063.0,3097113
2023-04-03,1053.62158203125,1078.75,1081.1500244140625,1064.0,1073.0,1534155
2023-04-05,1042.3404541015625,1067.199951171875,1089.199951171875,1060.0999755859375,1089.0,2979782
2023-04-06,1056.7957763671875,1082.0,1093.449951171875,1064.25,1067.199951171875,3458673
2023-04-10,1044.3916015625,1069.300048828125,1083.0,1063.0,1082.0,1602094
2023-04-11,1049.1773681640625,1074.199951171875,1078.0999755859375,1055.050048828125,1077.4000244140625,1932390
2023-04-12,1049.7147216796875,1074.75,1077.0999755859375,1057.550048828125,1073.5,3005913
2023-04-13,1083.4598388671875,1109.300048828125,1114.5,1007.9500122070312,1073.0,6082307
2023-04-17,1098.1593017578125,1124.3499755859375,1136.699951171875,1105.0,1107.4000244140625,5360050
2023-04-18,1120.1839599609375,1146.9000244140625,1149.5,1127.050048828125,1130.0,4455007
2023-04-19,1094.30126953125,1120.4000244140625,1145.9000244140625,1118.550048828125,1143.0,2207739
2023-04-20,1099.966064453125,1126.199951171875,1131.550048828125,1112.4000244140625,1118.949951171875,2530597
2023-04-21,1090.345703125,1116.3499755859375,1135.75,1108.3499755859375,1126.199951171875,1894300
2023-04-24,1076.329833984375,1102.0,1141.0,1092.0,1130.75,7711772
2023-04-25,1095.6197509765625,1121.75,1127.5999755859375,1113.0999755859375,1119.949951171875,5268567
2023-04-26,1111.2958984375,1137.800048828125,1139.800048828125,1115.1500244140625,1117.75,2688362
2023-04-27,1118.083984375,1144.75,1148.449951171875,1130.0,1140.0,2990958
2023-04-28,1125.9466552734375,1152.800048828125,1157.550048828125,1135.0,1148.75,2239678
2023-05-02,1124.0908203125,1150.9000244140625,1161.8499755859375,1150.0,1158.949951171875,2000569
2023-05-03,1119.4515380859375,1146.1500244140625,1159.9000244140625,1140.300048828125,1142.5,1816420
2023-05-04,1108.1705322265625,1134.5999755859375,1151.0,1129.0,1146.1500244140625,2752160
2023-05-05,1048.2984619140625,1073.300048828125,1154.949951171875,1065.3499755859375,1131.0,8504838
2023-05-08,1100.112548828125,1126.3499755859375,1134.6500244140625,1087.0,1087.0,6764292
2023-05-09,1114.0306396484375,1140.5999755859375,1149.9000244140625,1131.0999755859375,1135.0,4181498
2023-05-10,1145.236572265625,1172.550048828125,1175.800048828125,1150.0,1155.0,6466598
2023-05-11,1159.789306640625,1187.449951171875,1200.0,1169.25,1175.0,6086958
2023-05-12,1180.49560546875,1208.6500244140625,1214.0,1176.050048828125,1192.5,3983609
2023-05-15,1191.1417236328125,1219.550048828125,1222.6500244140625,1196.0,1208.5999755859375,3323300
2023-05-16,1191.874267578125,1220.300048828125,1226.0999755859375,1208.6500244140625,1219.550048828125,2888698
2023-05-17,1207.35498046875,1236.1500244140625,1248.0,1214.0,1217.050048828125,4661849
2023-05-18,1210.0408935546875,1238.9000244140625,1248.0,1230.699951171875,1248.0,2489971
2023-05-19,1218.9288330078125,1248.0,1251.0,1221.5999755859375,1243.0,2366675
2023-05-22,1217.1220703125,1246.1500244140625,1251.0,1232.5,1247.0,2106351
2023-05-23,1230.8447265625,1260.199951171875,1266.9000244140625,1245.0,1246.0,2142459
2023-05-24,1242.125732421875,1271.75,1275.9000244140625,1247.6500244140625,1255.0,2782379
2023-05-25,1233.9703369140625,1263.4000244140625,1271.9000244140625,1249.699951171875,1268.949951171875,2589092
2023-05-26,1238.5118408203125,1268.050048828125,1272.449951171875,1255.9000244140625,1256.449951171875,1981580
2023-05-29,1255.01806640625,1284.949951171875,1295.0,1272.0,1272.199951171875,2985334
2023-05-30,1263.124755859375,1293.25,1296.1500244140625,1276.4000244140625,1284.949951171875,1818000
2023-05-31,1256.6297607421875,1286.5999755859375,1297.4000244140625,1277.25,1289.0,2764078
2023-06-01,1260.0970458984375,1290.1500244140625,1298.0,1251.5,1280.0,3244947
2023-06-02,1271.995361328125,1288.199951171875,1292.949951171875,1271.0,1282.4000244140625,1912458
2023-06-05,1285.4244384765625,1301.800048828125,1306.449951171875,1282.6500244140625,1295.0,3040374
2023-06-06,1289.571533203125,1306.0,1315.9000244140625,1300.0,1302.0,2902701
2023-06-07,1294.7060546875,1311.199951171875,1312.75,1303.199951171875,1309.949951171875,2679118
2023-06-08,1287.4486083984375,1303.8499755859375,1323.9000244140625,1300.0,1316.449951171875,3215312
2023-06-09,1314.306396484375,1331.050048828125,1336.4000244140625,1298.4000244140625,1299.0,4233651
2023-06-12,1315.6888427734375,1332.449951171875,1336.949951171875,1318.5999755859375,1336.949951171875,1904622
2023-06-13,1319.4410400390625,1336.25,1342.9000244140625,1332.3499755859375,1336.0,3756073
2023-06-14,1306.6046142578125,1323.25,1336.25,1318.199951171875,1335.050048828125,2858453
2023-06-15,1280.783447265625,1297.0999755859375,1319.949951171875,1288.5,1315.0,5952095
2023-06-16,1297.4708251953125,1314.0,1318.5999755859375,1294.550048828125,1297.0999755859375,3508045
2023-06-19,1285.0294189453125,1301.4000244140625,1317.25,1290.5999755859375,1310.0,2679485
2023-06-20,1282.067138671875,1298.4000244140625,1315.4000244140625,1285.199951171875,1295.0,2102065
2023-06-21,1270.41552734375,1286.5999755859375,1307.5,1284.4000244140625,1297.75,1490552
2023-06-22,1256.6903076171875,1272.699951171875,1289.050048828125,1269.050048828125,1286.5999755859375,3185099
2023-06-23,1292.237548828125,1308.699951171875,1318.0,1262.0,1272.699951171875,4636121
2023-06-26,1298.5076904296875,1315.050048828125,1326.5999755859375,1305.9000244140625,1314.800048828125,2236596
2023-06-27,1299.3963623046875,1315.949951171875,1320.949951171875,1297.3499755859375,1318.75,2638788
2023-06-28,1317.268798828125,1334.050048828125,1346.949951171875,1316.25,1325.0,5550351
2023-06-30,1357.3580322265625,1374.6500244140625,1382.25,1337.050048828125,1341.9000244140625,4590286
2023-07-03,1362.9862060546875,1380.3499755859375,1387.0,1367.5999755859375,1379.949951171875,2890340
2023-07-04,1350.1497802734375,1367.3499755859375,1394.0,1363.300048828125,1389.0,2262047
2023-07-05,1381.94482421875,1399.550048828125,1413.0999755859375,1371.3499755859375,1371.3499755859375,5288351
2023-07-06,1372.71240234375,1390.199951171875,1396.699951171875,1373.4000244140625,1395.25,3337234
2023-07-07,1340.0286865234375,1357.0999755859375,1393.949951171875,1353.0,1384.550048828125,2922616
2023-07-10,1349.80419921875,1367.0,1372.4000244140625,1345.1500244140625,1361.25,1941110
2023-07-11,1363.57861328125,1380.949951171875,1383.6500244140625,1370.0,1372.0,2110648
2023-07-12,1354.1981201171875,1371.449951171875,1384.800048828125,1351.0,1371.949951171875,4921224
2023-07-13,1358.9873046875,1376.300048828125,1391.5,1366.4000244140625,1384.0,5174896
2023-07-14,1359.678466796875,1377.0,1383.949951171875,1367.0,1376.199951171875,3885754
2023-07-17,1373.0086669921875,1390.5,1404.75,1369.5999755859375,1380.0,4003275
2023-07-18,1372.76171875,1390.25,1409.199951171875,1382.5,1398.0,4106331
2023-07-19,1401.6932373046875,1419.550048828125,1443.4000244140625,1410.0,1430.0,8850582
2023-07-20,1407.2227783203125,1425.1500244140625,1433.5,1418.199951171875,1426.0,4491531
2023-07-21,1389.6466064453125,1407.3499755859375,1430.3499755859375,1400.5999755859375,1422.050048828125,2138540
2023-07-24,1417.6400146484375,1435.699951171875,1439.4000244140625,1405.300048828125,1408.5,2738185
2023-07-25,1397.6446533203125,1415.449951171875,1446.0,1411.4000244140625,1437.0,2982900
2023-07-26,1409.7406005859375,1427.699951171875,1429.9000244140625,1411.199951171875,1421.449951171875,1537232
2023-07-27,1397.7928466796875,1415.5999755859375,1433.199951171875,1405.1500244140625,1433.199951171875,3362598
2023-07-28,1384.314453125,1401.949951171875,1421.949951171875,1397.5999755859375,1415.199951171875,1565680
2023-07-31,1399.915771484375,1417.75,1419.9000244140625,1396.0,1409.3499755859375,1721385
2023-08-01,1377.0570068359375,1394.5999755859375,1423.199951171875,1389.3499755859375,1420.75,1578914
2023-08-02,1363.8748779296875,1381.25,1394.1500244140625,1369.0999755859375,1390.0,1913777
2023-08-03,1347.3355712890625,1364.5,1380.5999755859375,1354.050048828125,1376.25,3631489
2023-08-04,1391.8682861328125,1409.5999755859375,1414.9000244140625,1366.300048828125,1370.050048828125,4063355
2023-08-07,1397.447265625,1415.25,1417.6500244140625,1399.3499755859375,1410.0,2792582
2023-08-08,1386.2894287109375,1403.949951171875,1420.949951171875,1402.300048828125,1415.25,1846797
2023-08-09,1390.7327880859375,1408.449951171875,1410.449951171875,1392.0,1405.0,1218020
2023-08-10,1412.2091064453125,1430.199951171875,1434.0,1400.0999755859375,1402.449951171875,3730443
2023-08-11,1379.6737060546875,1397.25,1431.75,1392.75,1431.75,3074690
2023-08-14,1371.4287109375,1388.9000244140625,1397.5,1379.050048828125,1395.0,1783022
2023-08-16,1363.3319091796875,1380.699951171875,1388.050048828125,1367.0,1384.0,2051360
2023-08-17,1357.012451171875,1374.300048828125,1391.25,1370.0,1381.1500244140625,3329471
2023-08-18,1354.445068359375,1371.699951171875,1377.0,1360.8499755859375,1369.0,1720129
2023-08-21,1380.216796875,1397.800048828125,1400.0,1366.199951171875,1375.0,1763990
2023-08-22,1383.524658203125,1401.1500244140625,1404.5999755859375,1394.0999755859375,1403.0,1224910
2023-08-23,1383.3765869140625,1401.0,1408.0,1392.1500244140625,1401.1500244140625,1681561
2023-08-24,1407.2227783203125,1425.1500244140625,1435.0,1402.25,1408.25,3559546
2023-08-25,1383.524658203125,1401.1500244140625,1421.449951171875,1389.050048828125,1417.949951171875,1862535
2023-08-28,1391.72021484375,1409.449951171875,1411.25,1393.800048828125,1400.0,1072295
2023-08-29,1382.5372314453125,1400.1500244140625,1413.699951171875,1392.449951171875,1409.449951171875,1831565
2023-08-30,1374.9339599609375,1392.449951171875,1410.9000244140625,1386.8499755859375,1405.1500244140625,1500390
2023-08-31,1360.8140869140625,1378.1500244140625,1401.9000244140625,1363.25,1392.449951171875,4106180
2023-09-01,1398.73095703125,1416.550048828125,1423.5999755859375,1376.199951171875,1382.0,2792033
2023-09-04,1403.9149169921875,1421.800048828125,1427.5,1415.0,1423.8499755859375,998692
2023-09-05,1405.84033203125,1423.75,1429.800048828125,1416.3499755859375,1425.0,1469938
2023-09-06,1390.930419921875,1408.6500244140625,1421.75,1396.449951171875,1421.75,4046484
2023-09-07,1421.490966796875,1439.5999755859375,1443.199951171875,1398.0,1408.6500244140625,2278316
2023-09-08,1430.6246337890625,1448.8499755859375,1459.949951171875,1434.0999755859375,1445.0,2862657
2023-09-11,1431.95751953125,1450.199951171875,1452.0,1431.75,1449.050048828125,2220230
2023-09-12,1411.1724853515625,1429.1500244140625,1453.9000244140625,1425.0999755859375,1450.0999755859375,1943026
2023-09-13,1436.7467041015625,1455.050048828125,1459.6500244140625,1416.050048828125,1429.9000244140625,4302942
2023-09-14,1439.9063720703125,1458.25,1467.8499755859375,1450.449951171875,1459.949951171875,2407947
2023-09-15,1431.7601318359375,1450.0,1464.4000244140625,1446.449951171875,1464.4000244140625,1647901
2023-09-18,1438.5733642578125,1456.9000244140625,1462.75,1445.1500244140625,1454.0,1504046
2023-09-20,1422.3302001953125,1440.449951171875,1475.6500244140625,1422.300048828125,1441.0,5683215
2023-09-21,1393.5469970703125,1411.300048828125,1443.6500244140625,1406.3499755859375,1431.0,2514377
2023-09-22,1434.6236572265625,1452.9000244140625,1463.5,1413.0,1416.0,4397398
2023-09-25,1424.601318359375,1442.75,1454.550048828125,1434.0999755859375,1451.5,2013653
2023-09-26,1405.1492919921875,1423.050048828125,1443.949951171875,1411.6500244140625,1440.0,2870137
2023-09-27,1418.3804931640625,1436.449951171875,1439.0,1418.300048828125,1425.0,3697690
2023-09-28,1395.2255859375,1413.0,1445.3499755859375,1409.449951171875,1437.0,5876746
2023-09-29,1410.876220703125,1428.8499755859375,1439.949951171875,1399.300048828125,1415.050048828125,2593595
2023-10-03,1417.34375,1435.4000244140625,1438.4000244140625,1420.0,1432.0,1442499
2023-10-04,1383.6728515625,1401.300048828125,1428.5,1386.199951171875,1424.8499755859375,3978667
2023-10-05,1384.2158203125,1401.8499755859375,1415.4000244140625,1394.300048828125,1408.699951171875,1647175
2023-10-06,1416.7513427734375,1434.800048828125,1438.0,1401.0999755859375,1404.949951171875,2167139
2023-10-09,1410.580078125,1428.550048828125,1445.0,1410.0,1420.0999755859375,1613546
2023-10-10,1402.6806640625,1420.550048828125,1436.3499755859375,1412.050048828125,1434.0,1874201
2023-10-11,1403.3223876953125,1421.199951171875,1431.9000244140625,1414.550048828125,1430.949951171875,1855211
2023-10-12,1406.3341064453125,1424.25,1444.0,1421.0,1433.300048828125,2069952
2023-10-13,1445.2877197265625,1463.699951171875,1466.300048828125,1420.0,1421.199951171875,4480890
2023-10-16,1428.2054443359375,1446.4000244140625,1462.8499755859375,1444.449951171875,1462.8499755859375,1913782
2023-10-17,1417.936279296875,1436.0,1458.449951171875,1425.550048828125,1454.9000244140625,1373704
2023-10-18,1402.483154296875,1420.3499755859375,1444.0,1415.5999755859375,1437.0,3067244
2023-10-19,1432.105712890625,1450.3499755859375,1464.699951171875,1423.050048828125,1451.5,13948984
2023-10-20,1450.619873046875,1469.0999755859375,1471.800048828125,1443.0999755859375,1448.0,5135316
2023-10-23,1416.94873046875,1435.0,1469.75,1430.050048828125,1469.0,3319090
2023-10-25,1394.9293212890625,1412.699951171875,1446.949951171875,1410.050048828125,1444.949951171875,4045910
2023-10-26,1396.8548583984375,1414.6500244140625,1429.300048828125,1393.6500244140625,1412.6500244140625,4194418
2023-10-27,1423.169677734375,1441.300048828125,1444.5,1412.699951171875,1420.0,2424655
2023-10-30,1436.3516845703125,1454.6500244140625,1460.9000244140625,1428.0,1440.0,2255111
2023-10-31,1423.169677734375,1441.300048828125,1460.0,1436.550048828125,1456.0,1454345
2023-11-01,1414.5789794921875,1432.5999755859375,1445.5999755859375,1427.1500244140625,1443.9000244140625,2658439
2023-11-02,1442.8192138671875,1461.199951171875,1479.949951171875,1439.0999755859375,1447.0,4524652
2023-11-03,1432.0069580078125,1450.25,1475.0,1448.0,1471.0,3052041
2023-11-06,1451.75537109375,1470.25,1471.9000244140625,1456.0,1463.0,2090640
2023-11-07,1467.702392578125,1486.4000244140625,1490.449951171875,1464.25,1469.550048828125,2830149
2023-11-08,1470.22021484375,1488.949951171875,1495.949951171875,1481.25,1493.949951171875,3210977
2023-11-09,1488.388671875,1507.3499755859375,1516.300048828125,1484.8499755859375,1488.949951171875,3207721
2023-11-10,1479.9462890625,1498.800048828125,1509.449951171875,1493.1500244140625,1499.949951171875,2247500
2023-11-13,1490.6103515625,1509.5999755859375,1516.0,1496.1500244140625,1502.0,2026629
2023-11-15,1475.1573486328125,1493.949951171875,1538.5,1490.25,1538.5,6293703
2023-11-16,1479.7982177734375,1498.6500244140625,1506.5999755859375,1493.0,1500.0,2728834
2023-11-17,1479.6005859375,1498.449951171875,1509.0,1485.550048828125,1490.550048828125,4182376
2023-11-20,1485.870849609375,1504.800048828125,1509.449951171875,1490.699951171875,1498.9000244140625,2125867
2023-11-21,1483.1553955078125,1502.050048828125,1507.449951171875,1494.0999755859375,1505.5,1661103
2023-11-22,1451.903564453125,1470.4000244140625,1505.5,1458.949951171875,1500.0,3914008
2023-11-23,1467.4061279296875,1486.0999755859375,1496.25,1470.449951171875,1475.0,3832098
2023-11-24,1457.630615234375,1476.199951171875,1491.9000244140625,1474.0,1491.449951171875,2813844
2023-11-28,1458.963623046875,1477.550048828125,1486.800048828125,1468.0,1480.0,4305915
2023-11-29,1464.88818359375,1483.550048828125,1489.550048828125,1471.25,1484.0,3477076
2023-11-30,1447.6575927734375,1466.0999755859375,1500.0,1450.050048828125,1500.0,45549217
2023-12-01,1442.671142578125,1461.050048828125,1493.0,1458.1500244140625,1479.0,4063279
2023-12-04,1495.596923828125,1514.6500244140625,1517.550048828125,1473.449951171875,1490.0,4254987
2023-12-05,1487.648193359375,1506.5999755859375,1525.5,1486.5,1519.800048828125,3457904
2023-12-06,1482.7110595703125,1501.5999755859375,1521.3499755859375,1493.3499755859375,1517.0,3405245
2023-12-07,1485.8214111328125,1504.75,1514.949951171875,1496.050048828125,1505.0,1931490
2023-12-08,1489.9686279296875,1508.949951171875,1520.949951171875,1494.050048828125,1510.0,2568088
2023-12-11,1502.706298828125,1521.8499755859375,1537.949951171875,1510.0,1512.800048828125,2194782
2023-12-12,1478.1689453125,1497.0,1528.9000244140625,1489.949951171875,1528.9000244140625,1621785
2023-12-13,1487.9444580078125,1506.9000244140625,1512.6500244140625,1495.0,1502.0,2562565
2023-12-14,1532.180908203125,1551.699951171875,1554.5,1515.5999755859375,1523.0,3427500
2023-12-15,1551.0406494140625,1570.800048828125,1578.0,1547.050048828125,1552.949951171875,3478643
2023-12-18,1536.7723388671875,1556.3499755859375,1570.0,1552.0,1570.0,1352458
2023-12-19,1546.8441162109375,1566.550048828125,1586.050048828125,1542.199951171875,1556.3499755859375,2297704
2023-12-20,1536.574951171875,1556.1500244140625,1581.0,1549.5,1578.0,3218717
2023-12-21,1550.2506103515625,1570.0,1574.0,1527.550048828125,1542.0999755859375,2400593
2023-12-22,1542.69677734375,1562.3499755859375,1591.0999755859375,1557.9000244140625,1574.300048828125,2214206
2023-12-26,1551.0406494140625,1570.800048828125,1582.75,1557.0,1562.949951171875,1129332
2023-12-27,1577.355224609375,1597.449951171875,1600.0,1567.300048828125,1573.1500244140625,1887827
2023-12-28,1590.2906494140625,1610.550048828125,1618.699951171875,1592.0,1600.0,3143161
2023-12-29,1578.83642578125,1598.949951171875,1618.9000244140625,1587.050048828125,1615.0,1779207
2024-01-01,1578.7376708984375,1598.8499755859375,1611.4000244140625,1591.800048828125,1598.949951171875,1341121
2024-01-02,1555.7801513671875,1575.5999755859375,1598.25,1570.0,1594.0999755859375,1227193
2024-01-03,1581.0087890625,1601.1500244140625,1604.949951171875,1558.0,1575.5,2620296
2024-01-04,1627.8126220703125,1648.550048828125,1655.0,1593.0,1593.0,4271262
2024-01-05,1622.52978515625,1643.199951171875,1654.0,1629.0,1654.0,2294140
2024-01-08,1606.63232421875,1627.0999755859375,1650.050048828125,1622.0,1633.0,1791003
2024-01-09,1604.657470703125,1625.0999755859375,1643.9000244140625,1621.0,1631.949951171875,1619091
2024-01-10,1619.518310546875,1640.1500244140625,1642.75,1620.0,1620.0,1629958
2024-01-11,1636.9954833984375,1657.8499755859375,1668.199951171875,1642.550048828125,1643.949951171875,1914421
2024-01-12,1652.9423828125,1674.0,1677.8499755859375,1647.4000244140625,1657.8499755859375,2161848
2024-01-15,1667.6055908203125,1688.8499755859375,1694.5,1668.050048828125,1684.800048828125,2930339
2024-01-16,1646.079833984375,1667.050048828125,1691.75,1663.050048828125,1688.8499755859375,1316138
2024-01-17,1623.2210693359375,1643.9000244140625,1677.050048828125,1631.8499755859375,1650.0,6683398
2024-01-18,1592.611083984375,1612.9000244140625,1639.5999755859375,1595.0999755859375,1634.949951171875,3557256
2024-01-19,1541.4625244140625,1561.0999755859375,1631.75,1550.199951171875,1622.699951171875,10982524
2024-01-23,1423.5645751953125,1441.699951171875,1547.9000244140625,1428.050048828125,1535.0,10097057
2024-01-24,1472.0963134765625,1490.8499755859375,1495.800048828125,1442.0,1459.949951171875,9155544
2024-01-25,1492.980224609375,1512.0,1543.949951171875,1488.5999755859375,1490.0,8118578
2024-01-29,1507.5941162109375,1526.800048828125,1537.75,1515.3499755859375,1523.0,3058020
2024-01-30,1500.7808837890625,1519.9000244140625,1544.449951171875,1510.050048828125,1530.0,1721705
2024-01-31,1514.7529296875,1534.050048828125,1548.0,1507.1500244140625,1519.199951171875,3867886
2024-02-01,1521.7635498046875,1541.1500244140625,1547.550048828125,1523.550048828125,1537.75,2240634
2024-02-02,1514.45654296875,1533.75,1564.8499755859375,1529.550048828125,1551.0,3554450
2024-02-05,1518.455810546875,1537.800048828125,1550.0,1521.800048828125,1532.75,2624023
2024-02-06,1492.3878173828125,1511.4000244140625,1550.449951171875,1504.1500244140625,1550.0,3312270
2024-02-07,1496.2880859375,1515.3499755859375,1522.4000244140625,1492.199951171875,1522.4000244140625,4066189
2024-02-08,1458.716796875,1477.300048828125,1540.949951171875,1470.0,1522.699951171875,2931291
2024-02-09,1467.55419921875,1486.25,1491.4000244140625,1462.6500244140625,1480.25,2388841
2024-02-12,1428.946044921875,1447.1500244140625,1497.0,1442.1500244140625,1488.199951171875,2821957
2024-02-13,1445.4853515625,1463.9000244140625,1476.25,1430.6500244140625,1452.4000244140625,4601482
2024-02-14,1462.8638916015625,1481.5,1494.5,1435.949951171875,1450.050048828125,4208176
2024-02-15,1458.37109375,1476.949951171875,1492.8499755859375,1460.300048828125,1491.0,1906763
2024-02-16,1474.8612060546875,1493.6500244140625,1506.5,1471.0,1485.949951171875,1844045
2024-02-19,1464.9375,1483.5999755859375,1502.800048828125,1477.0,1499.9000244140625,1209609
2024-02-20,1485.2783203125,1504.199951171875,1508.0,1475.050048828125,1489.0,2390096
2024-02-21,1498.1641845703125,1517.25,1526.800048828125,1502.5,1520.0,5259113
2024-02-22,1470.417724609375,1489.1500244140625,1520.0,1463.5,1517.25,4969478
2024-02-23,1461.678955078125,1480.300048828125,1504.9000244140625,1475.050048828125,1498.449951171875,2557861
2024-02-26,1448.0526123046875,1466.5,1486.0,1463.9000244140625,1481.0,2077787
2024-02-27,1474.2685546875,1493.050048828125,1497.3499755859375,1458.5,1466.5,2843312
2024-02-28,1430.9700927734375,1449.199951171875,1503.449951171875,1442.5,1495.0,2661887
2024-02-29,1456.346923828125,1474.9000244140625,1484.0,1440.0,1451.0,4216252
2024-03-01,1507.4459228515625,1526.6500244140625,1528.75,1477.8499755859375,1480.0,3549401
2024-03-04,1512.0374755859375,1531.300048828125,1538.949951171875,1520.3499755859375,1529.949951171875,2985524
2024-03-05,1523.047119140625,1542.449951171875,1547.0,1524.0,1529.6500244140625,2694157
2024-03-06,1534.9951171875,1554.550048828125,1564.75,1536.550048828125,1542.449951171875,5167456
2024-03-07,1544.0792236328125,1563.75,1571.5,1546.050048828125,1556.449951171875,2285176
2024-03-11,1521.6649169921875,1541.050048828125,1568.75,1536.5999755859375,1566.0999755859375,1694488
2024-03-12,1513.7655029296875,1533.050048828125,1555.949951171875,1528.5,1541.050048828125,1918571
2024-03-13,1483.747802734375,1502.6500244140625,1540.5999755859375,1495.0,1535.0,4165036
2024-03-14,1458.173583984375,1476.75,1506.9000244140625,1469.199951171875,1471.550048828125,3652530
2024-03-15,1465.6781005859375,1484.3499755859375,1489.5,1456.699951171875,1474.0,2985042
2024-03-18,1462.0738525390625,1480.699951171875,1491.5999755859375,1466.300048828125,1487.25,2365287
2024-03-19,1416.06005859375,1434.0999755859375,1482.949951171875,1430.8499755859375,1476.050048828125,3180412
2024-03-20,1423.41650390625,1441.550048828125,1464.0,1422.699951171875,1440.0,5480729
2024-03-21,1465.43115234375,1484.0999755859375,1486.9000244140625,1459.0,1460.0,3870591
2024-03-22,1493.0789794921875,1512.0999755859375,1520.3499755859375,1473.0,1477.75,5309042
2024-03-26,1499.595947265625,1518.699951171875,1523.5999755859375,1502.199951171875,1512.0999755859375,9046136
2024-03-27,1514.2591552734375,1533.550048828125,1542.949951171875,1514.449951171875,1519.0,8408702
2024-03-28,1533.4644775390625,1553.0,1564.5,1533.5999755859375,1534.75,3964429
2024-04-01,1522.9979248046875,1542.4000244140625,1572.75,1539.0,1553.0,2159432
2024-04-02,1539.7840576171875,1559.4000244140625,1570.949951171875,1537.0,1542.949951171875,2335256
2024-04-03,1523.24462890625,1542.6500244140625,1556.9000244140625,1538.050048828125,1554.0,3711781
2024-04-04,1525.0220947265625,1544.449951171875,1550.449951171875,1511.199951171875,1548.050048828125,6077155
2024-04-05,1532.8720703125,1552.4000244140625,1556.3499755859375,1528.0999755859375,1552.0,3286862
2024-04-08,1548.621337890625,1568.3499755859375,1576.3499755859375,1550.0,1560.0,2372626
2024-04-09,1535.389892578125,1554.949951171875,1574.9000244140625,1541.0,1574.9000244140625,1176425
2024-04-10,1533.3162841796875,1552.8499755859375,1564.8499755859375,1548.0,1564.8499755859375,2528578
2024-04-12,1536.0811767578125,1555.6500244140625,1562.699951171875,1542.0,1546.0,1749128
2024-04-15,1520.529296875,1539.9000244140625,1557.9000244140625,1530.0,1544.949951171875,1528341
2024-04-16,1472.1949462890625,1490.949951171875,1534.800048828125,1487.949951171875,1530.0,3981325
2024-04-18,1455.853271484375,1474.4000244140625,1508.3499755859375,1468.1500244140625,1502.800048828125,3856849
2024-04-19,1463.406982421875,1482.050048828125,1490.25,1444.4000244140625,1466.0,4311650
2024-04-22,1458.9141845703125,1477.5,1501.0,1469.949951171875,1494.0,2887202
2024-04-23,1455.951904296875,1474.5,1485.800048828125,1471.0999755859375,1482.800048828125,1206443
2024-04-24,1456.10009765625,1474.6500244140625,1483.25,1462.75,1477.0,2964953
2024-04-25,1477.2802734375,1496.0999755859375,1499.5,1470.550048828125,1476.050048828125,3697957
2024-04-26,1428.2054443359375,1446.4000244140625,1519.0,1443.300048828125,1511.5,6135488
2024-04-29,1468.54150390625,1487.25,1491.0,1450.0999755859375,1458.75,5463640
2024-04-30,1496.633544921875,1515.699951171875,1537.0,1489.0,1497.800048828125,6293171
2024-05-02,1486.2657470703125,1505.199951171875,1521.300048828125,1500.050048828125,1508.0,2554549
2024-05-03,1465.0361328125,1483.699951171875,1517.949951171875,1473.050048828125,1517.199951171875,2119368
2024-05-06,1478.6627197265625,1497.5,1510.0,1482.050048828125,1495.699951171875,2600170
2024-05-07,1434.278076171875,1452.550048828125,1502.6500244140625,1448.0,1497.5,1884596
2024-05-08,1424.3544921875,1442.5,1455.0,1431.4000244140625,1455.0,5278612
2024-05-09,1383.82080078125,1401.449951171875,1456.5999755859375,1393.449951171875,1445.5,3272042
2024-05-10,1392.4114990234375,1410.1500244140625,1424.5,1395.550048828125,1402.0,1575172
2024-05-13,1386.8819580078125,1404.550048828125,1417.75,1377.25,1415.3499755859375,3624862
2024-05-14,1403.125,1421.0,1429.3499755859375,1402.800048828125,1407.0,1279355
2024-05-15,1399.2740478515625,1417.0999755859375,1429.8499755859375,1407.4000244140625,1421.0,2516309
2024-05-16,1391.029052734375,1408.75,1425.0,1385.6500244140625,1420.199951171875,5666243
2024-05-17,1394.583740234375,1412.3499755859375,1417.0999755859375,1395.0,1408.0,3673405
2024-05-21,1388.807373046875,1406.5,1420.8499755859375,1400.0,1420.0,3010012
2024-05-22,1387.27685546875,1404.949951171875,1413.1500244140625,1391.8499755859375,1409.0,6739695
2024-05-23,1422.7252197265625,1440.8499755859375,1451.0,1406.5999755859375,1408.550048828125,6444146
2024-05-24,1423.663330078125,1441.800048828125,1448.75,1427.8499755859375,1441.0,2155290
2024-05-27,1446.670166015625,1465.0999755859375,1475.5999755859375,1439.300048828125,1447.8499755859375,3253683
2024-05-28,1440.9925537109375,1459.3499755859375,1478.800048828125,1449.0999755859375,1472.800048828125,2381333
2024-05-29,1441.8812255859375,1460.25,1471.6500244140625,1439.25,1453.0,4383563
2024-05-30,1428.6004638671875,1446.800048828125,1477.699951171875,1439.1500244140625,1458.0,3415942
2024-05-31,1443.4610595703125,1461.8499755859375,1469.9000244140625,1446.550048828125,1456.0,3546505
2024-06-03,1510.45751953125,1529.699951171875,1534.9000244140625,1496.4000244140625,1514.949951171875,8265525
2024-06-04,1373.99609375,1391.5,1521.9000244140625,1363.550048828125,1509.949951171875,7911282
2024-06-05,1482.0692138671875,1500.949951171875,1515.800048828125,1372.3499755859375,1400.5,11014467
2024-06-06,1462.468994140625,1481.0999755859375,1509.800048828125,1470.9000244140625,1500.0,3279775
2024-06-07,1473.33056640625,1492.0999755859375,1498.4000244140625,1463.449951171875,1468.550048828125,3964791
2024-06-10,1467.1591796875,1485.8499755859375,1505.800048828125,1480.0999755859375,1498.5,2416022
2024-06-11,1462.4195556640625,1481.050048828125,1491.0,1475.199951171875,1485.0,1737873
2024-06-12,1465.579345703125,1484.25,1492.25,1473.0,1491.0,5419536
2024-06-13,1488.2899169921875,1507.25,1510.0,1481.199951171875,1496.0,2446832
2024-06-14,1483.4515380859375,1502.3499755859375,1515.9000244140625,1495.949951171875,1510.5,2706742
2024-06-18,1488.931884765625,1507.9000244140625,1516.550048828125,1499.0999755859375,1514.0,2811967
2024-06-19,1508.9764404296875,1528.199951171875,1550.0,1513.25,1516.199951171875,11002582
2024-06-20,1508.6307373046875,1527.8499755859375,1540.75,1513.0,1536.0,3589441
2024-06-21,1507.939697265625,1527.1500244140625,1537.800048828125,1511.25,1523.0,5249389
2024-06-24,1471.6519775390625,1490.4000244140625,1508.9000244140625,1478.199951171875,1507.1500244140625,4609137
2024-06-25,1476.7371826171875,1495.550048828125,1502.1500244140625,1482.199951171875,1494.75,3309896
2024-06-26,1479.0576171875,1497.9000244140625,1521.0,1481.550048828125,1498.0,5605220
2024-06-27,1483.8465576171875,1502.75,1504.949951171875,1485.0,1494.0,5166134
2024-06-28,1462.1318359375,1464.5,1491.0,1460.5,1491.0,6425323
2024-07-01,1454.5440673828125,1456.9000244140625,1469.0,1452.949951171875,1468.949951171875,3166439
2024-07-02,1427.138427734375,1429.449951171875,1460.449951171875,1420.6500244140625,1457.4000244140625,4644571
2024-07-03,1453.1463623046875,1455.5,1458.0,1421.9000244140625,1438.9000244140625,5907225
2024-07-04,1440.5167236328125,1442.8499755859375,1457.8499755859375,1436.199951171875,1455.449951171875,3010077
2024-07-05,1431.9306640625,1434.25,1449.699951171875,1426.0,1437.0,4216309
2024-07-08,1435.724609375,1438.050048828125,1441.699951171875,1422.800048828125,1428.0,2772277
2024-07-09,1431.9306640625,1434.25,1449.5999755859375,1426.0,1441.0,3126274
2024-07-10,1423.64404296875,1425.949951171875,1433.5,1415.050048828125,1433.5,3979121
2024-07-11,1427.43798828125,1429.75,1435.8499755859375,1415.699951171875,1427.949951171875,2416195
2024-07-12,1432.230224609375,1434.550048828125,1450.949951171875,1427.3499755859375,1432.0,3340305
2024-07-15,1441.7149658203125,1444.050048828125,1449.0,1433.0,1438.5,4284427
2024-07-16,1443.5618896484375,1445.9000244140625,1450.0,1435.75,1445.050048828125,2284985
2024-07-18,1454.5440673828125,1456.9000244140625,1460.8499755859375,1438.0,1440.699951171875,3634938
2024-07-19,1430.133544921875,1432.449951171875,1452.0,1429.0,1451.550048828125,2981749
2024-07-22,1421.0982666015625,1423.4000244140625,1429.949951171875,1409.5999755859375,1428.0,2883674
2024-07-23,1410.9146728515625,1413.199951171875,1427.0,1395.6500244140625,1422.5,3054925
2024-07-24,1394.3914794921875,1396.6500244140625,1412.5,1386.4000244140625,1409.800048828125,5553500
2024-07-25,1376.869873046875,1379.0999755859375,1396.550048828125,1374.0,1389.0,3631639
2024-07-26,1401.6297607421875,1403.9000244140625,1409.0,1359.050048828125,1365.0,3607419
2024-07-29,1409.217529296875,1411.5,1444.949951171875,1406.449951171875,1415.0,5955870
2024-07-30,1427.3880615234375,1429.699951171875,1432.699951171875,1407.199951171875,1411.5,2158067
2024-07-31,1425.4912109375,1427.800048828125,1435.0,1414.050048828125,1435.0,3926481
2024-08-01,1417.553955078125,1419.8499755859375,1440.0,1416.800048828125,1432.0,4074181
2024-08-02,1402.0291748046875,1404.300048828125,1413.949951171875,1392.699951171875,1413.949951171875,3268026
2024-08-05,1387.203125,1389.449951171875,1396.199951171875,1369.0,1388.0,3532894
2024-08-06,1378.766845703125,1381.0,1407.300048828125,1376.25,1395.0,2425599
2024-08-07,1342.974853515625,1345.1500244140625,1399.5,1329.199951171875,1391.0,8728852
2024-08-08,1345.121337890625,1347.300048828125,1355.800048828125,1334.0,1347.949951171875,3669342
2024-08-09,1347.6173095703125,1349.800048828125,1367.0,1338.050048828125,1367.0,5082087
2024-08-12,1348.66552734375,1350.8499755859375,1357.5999755859375,1336.6500244140625,1349.800048828125,4436342
2024-08-13,1348.416015625,1350.5999755859375,1371.6500244140625,1343.5,1355.0,3905817
2024-08-14,1335.9361572265625,1338.0999755859375,1356.949951171875,1335.949951171875,1356.949951171875,4868357
2024-08-16,1361.944091796875,1364.1500244140625,1367.9000244140625,1338.550048828125,1347.0999755859375,5456176
2024-08-19,1345.4207763671875,1347.5999755859375,1375.800048828125,1345.550048828125,1370.050048828125,5895105
2024-08-20,1379.06640625,1381.300048828125,1391.6500244140625,1357.199951171875,1363.9000244140625,5507239
2024-08-21,1381.761962890625,1384.0,1387.3499755859375,1366.4000244140625,1380.0,5441231
2024-08-22,1379.6654052734375,1381.9000244140625,1395.949951171875,1379.5999755859375,1384.050048828125,3510879
2024-08-23,1386.3046875,1388.550048828125,1390.300048828125,1373.800048828125,1382.0,2252945
2024-08-26,1382.2611083984375,1384.5,1395.550048828125,1379.800048828125,1395.300048828125,2541300
2024-08-27,1380.9632568359375,1383.199951171875,1387.1500244140625,1377.550048828125,1385.9000244140625,1167406
2024-08-28,1413.4605712890625,1415.75,1421.949951171875,1382.550048828125,1389.050048828125,6532773
2024-08-29,1415.1578369140625,1417.449951171875,1423.050048828125,1405.25,1414.199951171875,3316387
2024-08-30,1422.9453125,1425.25,1430.0,1415.550048828125,1422.1500244140625,2792988
2024-09-02,1446.706787109375,1449.050048828125,1451.25,1425.25,1425.25,4024426
2024-09-03,1434.376708984375,1436.699951171875,1451.9000244140625,1433.9000244140625,1450.0,2351018
2024-09-04,1432.0804443359375,1434.4000244140625,1439.25,1417.0,1417.0,2919356
2024-09-05,1420.59912109375,1422.9000244140625,1444.0,1418.9000244140625,1443.0,3427784
2024-09-06,1407.0709228515625,1409.3499755859375,1438.199951171875,1401.5,1426.449951171875,2608515
2024-09-09,1425.7906494140625,1428.0999755859375,1431.0,1400.0999755859375,1409.3499755859375,1802343
2024-09-10,1433.2286376953125,1435.550048828125,1438.5,1420.5999755859375,1428.9000244140625,2414043
2024-09-11,1418.9017333984375,1421.199951171875,1438.949951171875,1417.800048828125,1435.4000244140625,2622902
2024-09-12,1441.0159912109375,1443.3499755859375,1446.5,1420.1500244140625,1425.1500244140625,2437399
2024-09-13,1461.6826171875,1464.050048828125,1470.949951171875,1442.3499755859375,1450.0,2999055
2024-09-16,1467.822509765625,1470.199951171875,1473.949951171875,1461.0999755859375,1469.949951171875,1495683
2024-09-17,1463.978759765625,1466.3499755859375,1483.5,1462.25,1478.0,1866702
2024-09-18,1477.8563232421875,1480.25,1488.75,1461.1500244140625,1470.0,3966006
2024-09-19,1482.3489990234375,1484.75,1498.0,1474.9000244140625,1494.949951171875,3861906
2024-09-20,1477.806396484375,1480.199951171875,1491.949951171875,1473.199951171875,1488.0,5335400
2024-09-23,1462.7308349609375,1465.0999755859375,1490.8499755859375,1453.050048828125,1490.199951171875,4610747
2024-09-24,1445.9580078125,1448.300048828125,1474.0999755859375,1446.0,1470.0999755859375,3893140
2024-09-25,1437.1722412109375,1439.5,1456.0,1432.25,1450.0,3012173
2024-09-26,1450.350830078125,1452.699951171875,1457.300048828125,1437.300048828125,1445.0,3388674
2024-09-27,1460.334716796875,1462.699951171875,1481.0,1454.0,1457.0,4708951
2024-09-30,1445.2591552734375,1447.5999755859375,1474.800048828125,1437.0,1467.0,2888962
2024-10-01,1407.42041015625,1409.699951171875,1450.300048828125,1404.6500244140625,1450.0,3377999
2024-10-03,1385.505859375,1387.75,1412.699951171875,1382.050048828125,1404.0,2081630
2024-10-04,1380.61376953125,1382.8499755859375,1410.949951171875,1380.8499755859375,1384.050048828125,2178195
2024-10-07,1348.66552734375,1350.8499755859375,1394.050048828125,1338.199951171875,1388.0,3878973
2024-10-08,1357.3515625,1359.550048828125,1371.0,1343.550048828125,1357.8499755859375,2429248
2024-10-09,1339.380615234375,1341.550048828125,1371.5,1335.550048828125,1369.0,5269772
2024-10-10,1354.2066650390625,1356.4000244140625,1362.0,1344.300048828125,1350.0,1673393
2024-10-11,1345.4207763671875,1347.5999755859375,1371.300048828125,1339.0,1360.0999755859375,2755874
2024-10-14,1368.23388671875,1370.449951171875,1371.5,1348.300048828125,1354.5999755859375,1381439
2024-10-15,1358.6993408203125,1360.9000244140625,1374.449951171875,1349.449951171875,1371.0,2775029
2024-10-16,1344.1229248046875,1346.300048828125,1358.3499755859375,1341.0999755859375,1355.0,2126519
2024-10-17,1345.1712646484375,1347.3499755859375,1354.25,1337.0,1348.0,1353852
2024-10-18,1345.0714111328125,1347.25,1354.949951171875,1331.0,1345.0,3676670
2024-10-21,1306.134521484375,1308.25,1353.949951171875,1299.5999755859375,1352.050048828125,5862686
2024-10-22,1272.289306640625,1274.3499755859375,1312.199951171875,1271.25,1309.0999755859375,4183194
2024-10-23,1272.2393798828125,1274.300048828125,1284.9000244140625,1266.5,1274.3499755859375,4860497
2024-10-24,1277.9801025390625,1280.050048828125,1285.949951171875,1258.1500244140625,1276.0,2441333
2024-10-25,1039.9156494140625,1041.5999755859375,1166.75,1025.5,1163.0,56935420
2024-10-28,1053.0943603515625,1054.800048828125,1084.6500244140625,1031.0,1051.4000244140625,11099823
2024-10-29,1036.4713134765625,1038.1500244140625,1058.800048828125,1018.0999755859376,1058.800048828125,7951124
2024-10-30,1054.6917724609375,1056.4000244140625,1069.4000244140625,1030.25,1037.6500244140625,8907271
2024-10-31,1053.8929443359375,1055.5999755859375,1066.9000244140625,1044.0,1054.0,4509824
2024-11-01,1060.7818603515625,1062.5,1069.9000244140625,1058.550048828125,1061.449951171875,441083
2024-11-04,1062.079833984375,1063.800048828125,1070.5,1054.0999755859375,1067.0,5143749
2024-11-05,1088.337158203125,1090.0999755859375,1092.4000244140625,1062.0,1063.699951171875,4840541
2024-11-06,1075.9073486328125,1077.6500244140625,1098.5999755859375,1068.25,1092.300048828125,7153974
2024-11-07,1055.091064453125,1056.800048828125,1086.0,1051.0,1086.0,4901367
2024-11-08,1052.095947265625,1053.800048828125,1061.449951171875,1048.050048828125,1061.449951171875,2107903
2024-11-11,1059.084716796875,1060.800048828125,1067.5,1040.0,1053.0,4918839
2024-11-12,1057.836669921875,1059.550048828125,1065.449951171875,1051.550048828125,1061.300048828125,2186055
2024-11-13,1035.0235595703125,1036.699951171875,1067.800048828125,1032.199951171875,1053.800048828125,4850346
2024-11-14,1015.5051879882812,1017.1500244140624,1045.0,1015.0,1043.0,2612235
2024-11-18,1002.9754638671876,1004.5999755859376,1017.9500122070312,1000.0499877929688,1015.5,5427908
2024-11-19,998.5826416015624,1000.2000122070312,1032.0,998.0999755859376,1010.5,5718490
2024-11-21,979.8629150390624,981.4500122070312,1003.0,966.4000244140624,1000.4000244140624,6606440
2024-11-22,996.5858764648438,998.2000122070312,1002.4500122070312,981.4000244140624,986.0,4026863
2024-11-25,1001.8772583007812,1003.5,1022.0499877929688,997.0499877929688,1020.0,6491357
2024-11-26,1007.9674072265624,1009.5999755859376,1017.7000122070312,998.0999755859376,1011.7000122070312,2390208
2024-11-27,1000.3297729492188,1001.9500122070312,1012.0,994.5,1012.0,4798242
2024-11-28,991.9932250976562,993.5999755859376,1013.4000244140624,991.3499755859376,1005.9500122070312,4822835
2024-11-29,994.2396240234376,995.8499755859376,999.5,987.2999877929688,998.0999755859376,4815934
2024-12-02,989.3475952148438,990.9500122070312,993.1500244140624,979.0,990.0499877929688,4969967
2024-12-03,996.735595703125,998.3499755859376,1011.5,991.4000244140624,993.0,4665094
2024-12-04,997.2347412109376,998.8499755859376,1005.9500122070312,990.5,1005.0,4256690
2024-12-05,996.5858764648438,998.2000122070312,1006.0,990.5499877929688,1006.0,5254145
2024-12-06,988.74853515625,990.3499755859376,1003.0499877929688,986.2999877929688,1000.0,6258019
2024-12-09,981.0110473632812,982.5999755859376,994.0,977.7999877929688,992.7999877929688,3565285
2024-12-10,982.7083129882812,984.2999877929688,988.4000244140624,979.0999755859376,983.0,3843321
2024-12-11,983.2573852539062,984.8499755859376,999.9000244140624,981.25,985.5,4679888
2024-12-12,996.3362426757812,997.9500122070312,1005.5,986.0,986.0,5771673
2024-12-13,985.0545654296876,986.6500244140624,997.6500244140624,965.5499877929688,991.0,5674567
2024-12-16,997.7339477539062,999.3499755859376,1007.9500122070312,985.5499877929688,987.9000244140624,3058066
2024-12-17,974.0723266601562,975.6500244140624,1002.0,972.0,1002.0,3294161
2024-12-18,963.6392211914062,965.2000122070312,979.2999877929688,960.5,976.7999877929688,2958191
2024-12-19,962.8405151367188,964.4000244140624,966.8499755859376,948.0,959.0,3665813
2024-12-20,927.947021484375,929.4500122070312,966.8499755859376,926.4500122070312,960.0,4466131
2024-12-23,944.1707153320312,945.7000122070312,948.7999877929688,930.0499877929688,938.9500122070312,2502370
2024-12-24,933.7875366210938,935.2999877929688,946.0,929.7999877929688,941.0,5603093
2024-12-26,930.4429931640624,931.9500122070312,945.0,928.25,940.0,5262262
2024-12-27,951.8582763671876,953.4000244140624,971.0999755859376,933.0499877929688,933.0499877929688,6300341
2024-12-30,961.9419555664062,963.5,973.5,948.8499755859376,953.2999877929688,8165774
2024-12-31,958.597412109375,960.1500244140624,961.4500122070312,949.0499877929688,958.0,2295670
2025-01-01,967.8324584960938,969.4000244140624,979.2999877929688,953.5,958.5999755859376,4024591
2025-01-02,989.7468872070312,991.3499755859376,998.0,968.7999877929688,975.5,3956740
2025-01-03,996.2863159179688,997.9000244140624,1025.4000244140625,990.6500244140624,993.0,5896120
2025-01-06,968.4813232421876,970.0499877929688,1004.9500122070312,963.2000122070312,1004.9500122070312,3370654
2025-01-07,982.0093994140624,983.5999755859376,994.5499877929688,970.1500244140624,970.1500244140624,3581533
2025-01-08,979.4635620117188,981.0499877929688,986.0,967.0999755859376,985.9000244140624,3781895
2025-01-09,979.3138427734376,980.9000244140624,985.3499755859376,970.4000244140624,981.0499877929688,3134034
2025-01-10,936.0838012695312,937.5999755859376,975.0,933.0499877929688,971.75,5611356
2025-01-13,940.1771850585938,941.7000122070312,973.5,934.5,936.9000244140624,8752532
2025-01-14,960.544189453125,962.0999755859376,979.2999877929688,945.0999755859376,945.0999755859376,5735697
2025-01-15,960.8936767578124,962.4500122070312,983.0,954.6500244140624,971.25,3633812
2025-01-16,973.7727661132812,975.3499755859376,990.6500244140624,967.0,967.0,3948431
2025-01-17,969.3799438476562,970.9500122070312,975.5999755859376,959.0,972.8499755859376,3066978
2025-01-20,969.1303100585938,970.7000122070312,980.4500122070312,948.0999755859376,966.2000122070312,4485164
2025-01-21,958.8969116210938,960.4500122070312,978.5,958.0,971.5499877929688,3369291
2025-01-22,969.3799438476562,970.9500122070312,977.5499877929688,949.1500244140624,964.4500122070312,2639472
2025-01-23,969.3799438476562,970.9500122070312,988.5499877929688,962.5,965.9500122070312,3359986
2025-01-24,949.262451171875,950.7999877929688,973.0,948.25,970.8499755859376,2938649
2025-01-27,924.951904296875,926.4500122070312,947.0,923.7000122070312,947.0,3907787
2025-01-28,932.639404296875,934.1500244140624,948.9500122070312,925.7000122070312,937.3499755859376,5708478
2025-01-29,946.7665405273438,948.2999877929688,953.0,931.9500122070312,935.7000122070312,2571504
2025-01-30,955.5023803710938,957.0499877929688,967.4000244140624,946.0999755859376,948.2999877929688,4509409
2025-01-31,989.59716796875,991.2000122070312,999.2999877929688,953.0999755859376,957.5499877929688,5365839
2025-02-01,1007.7677612304688,1009.4000244140624,1023.0,972.4000244140624,977.0,6054296
2025-02-03,1011.0623779296876,1012.7000122070312,1023.9500122070312,990.0999755859376,994.0,3655089
2025-02-04,1045.4566650390625,1047.1500244140625,1053.9000244140625,1014.7000122070312,1022.4500122070312,9861468
2025-02-05,1059.48388671875,1061.199951171875,1078.699951171875,1052.4000244140625,1052.4000244140625,5000442
2025-02-06,1063.8270263671875,1065.550048828125,1076.75,1058.050048828125,1062.0999755859375,3889634
2025-02-07,1077.35498046875,1079.0999755859375,1086.550048828125,1061.5,1061.5,3975043
2025-02-10,1066.27294921875,1068.0,1082.0,1062.699951171875,1076.0,4457091
2025-02-11,1052.4454345703125,1054.1500244140625,1074.9000244140625,1047.6500244140625,1063.5,4109028
2025-02-12,1037.9688720703125,1039.6500244140625,1063.949951171875,1020.25,1060.449951171875,4798340
2025-02-13,1045.5565185546875,1047.25,1056.949951171875,1025.4000244140625,1039.5,4539780
2025-02-14,1022.7434692382812,1024.4000244140625,1058.0999755859375,1018.2000122070312,1049.5999755859375,4036016
2025-02-17,1046.554931640625,1048.25,1050.949951171875,1013.0999755859376,1024.4000244140625,2795714
2025-02-18,1022.4439086914062,1024.0999755859375,1051.5,1021.3499755859376,1045.0,2620716
2025-02-19,1034.1251220703125,1035.800048828125,1042.050048828125,1015.9000244140624,1024.0999755859375,2464555
2025-02-20,1045.9559326171875,1047.6500244140625,1049.9000244140625,1025.5999755859375,1029.949951171875,1819683
2025-02-21,1042.0621337890625,1043.75,1055.800048828125,1038.949951171875,1041.550048828125,2589619
2025-02-24,1027.48583984375,1029.1500244140625,1038.75,1021.0999755859376,1030.0999755859375,3074297
2025-02-25,1032.5775146484375,1034.25,1041.699951171875,1026.3499755859375,1028.199951171875,3628538
2025-02-27,1045.00732421875,1046.699951171875,1063.300048828125,1040.699951171875,1046.9000244140625,5951737
2025-02-28,988.4989013671876,990.0999755859376,1040.6500244140625,970.0999755859376,1040.0,55666745
2025-03-03,982.4088134765624,984.0,986.2999877929688,947.0,978.9500122070312,6158061
2025-03-04,986.0029296875,987.5999755859376,1003.5999755859376,966.9500122070312,978.0,3271190
2025-03-05,970.2784423828124,971.8499755859376,995.25,970.6500244140624,984.25,3944062
2025-03-06,970.1287231445312,971.7000122070312,984.0999755859376,962.2000122070312,976.0,3928358
2025-03-07,935.2352294921876,936.75,976.5999755859376,932.2999877929688,971.0,7737031
2025-03-10,899.0438232421875,900.5,913.3499755859376,881.0999755859375,895.0,16014401
2025-03-11,654.8892822265625,655.9500122070312,810.4500122070312,649.0,810.4500122070312,101075220
2025-03-12,683.5927734375,684.7000122070312,697.6500244140625,606.0,630.0,108682122
2025-03-13,671.2627563476562,672.3499755859375,706.9000244140625,667.6500244140625,690.0,31592987
2025-03-17,676.3046264648438,677.4000244140625,709.9000244140625,675.0,705.0,22353102
2025-03-18,676.3046264648438,677.4000244140625,677.4000244140625,677.4000244140625,677.4000244140625,0
2025-03-19,691.5798950195312,692.7000122070312,700.7999877929688,682.5499877929688,685.0,11120576
2025-03-20,682.9937133789062,684.0999755859375,701.0,681.0,697.5,8918567
2025-03-21,685.7892456054688,686.9000244140625,693.8499755859375,672.2999877929688,685.0,14265415
2025-03-24,668.367431640625,669.4500122070312,693.75,665.1500244140625,692.0,14649992
2025-03-25,636.0198364257812,637.0499877929688,672.8499755859375,633.5999755859375,670.2000122070312,18615476
2025-03-26,654.2402954101562,655.2999877929688,662.5,637.4000244140625,637.4000244140625,23506399
2025-03-27,672.4608154296875,673.5499877929688,676.75,640.5,655.2999877929688,21589495
2025-03-28,648.7991333007812,649.8499755859375,673.9500122070312,643.5,672.0,8807815
2025-04-01,681.5960083007812,682.7000122070312,689.7999877929688,646.8499755859375,649.0,14019630
2025-04-02,701.3140869140625,702.4500122070312,708.4000244140625,675.0,682.7000122070312,14993840
2025-04-03,708.2528686523438,709.4000244140625,714.7000122070312,693.5,694.9500122070312,6972769
2025-04-04,680.8971557617188,682.0,704.9000244140625,675.6500244140625,701.0,9627949
2025-04-07,674.8070678710938,675.9000244140625,678.6500244140625,637.0,637.0,9382614
2025-04-08,678.5509643554688,679.6500244140625,695.9000244140625,673.0,684.9000244140625,5639989
2025-04-09,677.4526977539062,678.5499877929688,683.2999877929688,670.25,679.6500244140625,4243562
2025-04-11,688.385009765625,689.5,694.0,675.5,684.9500122070312,5019467
2025-04-15,734.7100219726562,735.9000244140625,741.0,693.0499877929688,705.0,12452925
2025-04-16,786.975341796875,788.25,794.4000244140625,733.0,747.0,31252589
2025-04-17,793.4149169921875,794.7000122070312,801.0,777.2999877929688,788.25,13986710
2025-04-21,826.8607788085938,828.2000122070312,841.9000244140625,798.3499755859375,802.0,15639685
2025-04-22,786.2265625,787.5,808.0,775.4000244140625,790.0,25698945
2025-04-23,792.9157104492188,794.2000122070312,805.0,782.0,797.4500122070312,10657940
2025-04-24,818.4243774414062,819.75,837.5,793.2999877929688,795.0,22577201
2025-04-25,821.0202026367188,822.3499755859375,829.0,807.3499755859375,822.0,11724192
2025-04-28,829.2069091796875,830.5499877929688,841.7999877929688,821.0499877929688,828.0,6929801
2025-04-29,835.5966186523438,836.9500122070312,852.0,828.5499877929688,841.9500122070312,8769289
2025-04-30,837.0442504882812,838.4000244140625,843.0999755859375,810.0499877929688,820.0,20241775
2025-05-02,855.0650634765625,856.4500122070312,863.5,833.0999755859375,835.0,7845964
2025-05-05,845.3807373046875,846.75,862.0,840.5499877929688,855.0,7875811
2025-05-06,830.4548950195312,831.7999877929688,851.25,821.9000244140625,846.75,10040705
2025-05-07,832.45166015625,833.7999877929688,842.0,816.0999755859375,827.0,9432595
2025-05-08,825.4630126953125,826.7999877929688,844.25,816.0,835.0,13290700
2025-05-09,816.8768920898438,818.2000122070312,826.4500122070312,805.5,805.5,5074137
2025-05-12,787.2249145507812,788.5,838.0,786.0,835.0,14573162
2025-05-13,768.8546752929688,770.0999755859375,804.0,769.0499877929688,794.0,10848937
2025-05-14,780.0864868164062,781.3499755859375,786.4000244140625,764.5499877929688,775.0,9164606
2025-05-15,779.2378540039062,780.5,782.6500244140625,757.8499755859375,778.0,7350633
2025-05-16,778.9383544921875,780.2000122070312,785.5,750.0,750.0,27168178
2025-05-19,782.7821044921875,784.0499877929688,791.9500122070312,770.2999877929688,779.9000244140625,7193105
2025-05-20,780.9850463867188,782.25,799.7000122070312,780.0499877929688,785.0,6637953
2025-05-21,768.7049560546875,769.9500122070312,786.7000122070312,761.0,783.0,8134620
2025-05-22,783.7305908203125,785.0,796.7000122070312,725.7999877929688,750.0,43477564
2025-05-23,792.1170654296875,793.4000244140625,799.2000122070312,777.2999877929688,781.0999755859375,9260373
2025-05-26,798.80615234375,800.0999755859375,802.0,790.75,793.3499755859375,5381797
2025-05-27,819.3728637695312,820.7000122070312,827.5999755859375,798.0,798.5999755859375,10346628
2025-05-28,803.8480224609375,805.1500244140625,820.7000122070312,802.9000244140625,820.5,5308859
2025-05-29,822.8173217773438,824.1500244140625,827.0,803.0499877929688,805.1500244140625,8791159
2025-05-30,815.6289672851562,816.9500122070312,823.8499755859375,811.0,821.0999755859375,5630146
2025-06-02,811.3858032226562,812.7000122070312,824.7999877929688,809.5499877929688,815.0,4094000
2025-06-03,799.554931640625,800.8499755859375,818.4500122070312,798.1500244140625,818.4500122070312,3241313
2025-06-04,813.0330810546875,814.3499755859375,815.4500122070312,803.0,807.7999877929688,3877545
2025-06-05,801.9011840820312,803.2000122070312,818.5,800.2999877929688,817.0,3366237
2025-06-06,821.5193481445312,822.8499755859375,845.8499755859375,805.0,807.0,10916786
2025-06-09,835.297119140625,836.6500244140625,840.0,821.5,831.25,6894267
2025-06-10,843.6834716796875,845.0499877929688,857.3499755859375,836.0,838.0,10162134
2025-06-11,834.9476318359375,836.2999877929688,851.4000244140625,834.4500122070312,845.25,2359273
2025-06-12,828.5580444335938,829.9000244140625,843.1500244140625,826.0,837.0,2742462
2025-06-13,815.529052734375,816.8499755859375,826.7999877929688,813.0499877929688,819.0,3164561
2025-06-16,819.9219970703125,821.25,824.7999877929688,810.25,817.0499877929688,2286257
2025-06-17,807.841552734375,809.1500244140625,820.9500122070312,806.0499877929688,820.0,2343961
2025-06-18,849.1246948242188,850.5,855.5,815.5499877929688,818.0499877929688,20826809
2025-06-19,836.1456909179688,837.5,849.5999755859375,835.4500122070312,847.0,4363823
2025-06-20,838.8912353515625,840.25,847.75,829.0,835.5,20961217
2025-06-23,838.5418701171875,839.9000244140625,845.0,826.5,835.2000122070312,3191499
2025-06-24,830.6046752929688,831.9500122070312,852.0,823.7999877929688,851.0,5482589
2025-06-25,828.4581298828125,829.7999877929688,838.7999877929688,828.0,834.0,4946637
2025-06-26,834.7479248046875,836.0999755859375,840.5,824.5,834.9000244140625,4451922
2025-06-27,856.3130493164062,857.7000122070312,881.0,831.5,836.0,12647856
2025-06-30,870.689697265625,872.0999755859375,875.75,857.7000122070312,864.75,4353159
2025-07-01,877.6784057617188,879.0999755859375,892.7999877929688,866.0499877929688,870.0999755859375,5729474
2025-07-02,856.2631225585938,857.6500244140625,875.5,847.7000122070312,875.5,10183147
2025-07-03,861.0054321289062,862.4000244140625,866.0,845.5499877929688,849.0,3855070
2025-07-04,854.8653564453125,856.25,863.9000244140625,849.4000244140625,857.0999755859375,2658812
2025-07-07,853.0682983398438,854.4500122070312,866.9500122070312,845.2000122070312,847.0,3295065
2025-07-08,848.9249877929688,850.2999877929688,862.9000244140625,848.4500122070312,855.0,2344400
2025-07-09,839.3904418945312,840.75,854.9000244140625,839.5499877929688,851.75,2406142
2025-07-10,851.4708251953125,852.8499755859375,855.7000122070312,840.9500122070312,845.0,2560806
2025-07-11,857.461181640625,858.8499755859375,867.7000122070312,849.5999755859375,852.0,3849544
2025-07-14,866.197021484375,867.5999755859375,873.5,857.4500122070312,858.7999877929688,3605770
2025-07-15,879.5753784179688,881.0,886.75,869.6500244140625,871.0,3532750
2025-07-16,878.327392578125,879.75,888.9500122070312,876.0,876.0,2863446
2025-07-17,863.7010498046875,865.0999755859375,890.9000244140625,862.75,879.75,4185118
2025-07-18,868.64306640625,870.0499877929688,876.4500122070312,861.25,866.0,2622714
2025-07-21,857.4112548828125,858.7999877929688,870.0499877929688,830.5999755859375,870.0499877929688,6765856
2025-07-22,841.8364868164062,843.2000122070312,884.6500244140625,841.0999755859375,880.0,7686762
2025-07-23,849.773681640625,851.1500244140625,854.0,841.7999877929688,849.0,2623940
2025-07-24,846.5289306640625,847.9000244140625,860.7999877929688,845.0,855.25,2006984
2025-07-25,822.3680419921875,823.7000122070312,848.4000244140625,821.4000244140625,846.4000244140625,2805230
2025-07-28,800.7529907226562,802.0499877929688,828.75,798.0,825.0,5922408
2025-07-29,806.89306640625,808.2000122070312,818.8499755859375,790.0,800.0,16766666
2025-07-30,800.603271484375,801.9000244140625,814.7999877929688,795.5499877929688,811.0,3218643
2025-07-31,797.608154296875,798.9000244140625,806.0,789.0999755859375,795.5999755859375,4480429
2025-08-01,782.4327392578125,783.7000122070312,798.6500244140625,779.7000122070312,792.5,4739250
2025-08-04,802.749755859375,804.0499877929688,805.5999755859375,781.0,783.0,2980888
2025-08-05,817.8253784179688,819.1500244140625,848.7000122070312,810.0499877929688,820.0,18982770
2025-08-06,802.0509033203125,803.3499755859375,822.0,795.4000244140625,822.0,5249912
2025-08-07,806.04443359375,807.3499755859375,810.0,789.0999755859375,801.8499755859375,2553303
2025-08-08,781.1847534179688,782.4500122070312,808.5,779.0,806.5999755859375,2490574
2025-08-11,781.9833984375,783.25,790.0999755859375,777.8499755859375,784.5,1629229
2025-08-12,781.7837524414062,783.0499877929688,791.3499755859375,780.7999877929688,784.0499877929688,1462522
2025-08-13,772.1992797851562,773.4500122070312,787.7999877929688,766.7000122070312,787.0,4114205
2025-08-14,768.5052490234375,769.75,779.7999877929688,765.7000122070312,773.4500122070312,1859573
2025-08-18,787.3746948242188,788.6500244140625,795.9000244140625,777.5,777.5,3029689
2025-08-19,784.2297973632812,785.5,790.7000122070312,780.8499755859375,787.25,2807872
2025-08-20,776.9415893554688,778.2000122070312,790.2000122070312,777.0,786.4500122070312,2332155
2025-08-21,766.208984375,767.4500122070312,781.8499755859375,766.5,781.0,3324022
2025-08-22,758.870849609375,760.0999755859375,772.7000122070312,758.75,767.4500122070312,2483587
2025-08-25,769.6034545898438,770.8499755859375,775.0,761.5,767.9500122070312,2790762
2025-08-26,755.1768798828125,756.4000244140625,773.0,754.1500244140625,770.8499755859375,3306397
2025-08-28,745.3926391601562,746.5999755859375,762.4000244140625,744.8499755859375,756.4000244140625,3085661
2025-08-29,738.30419921875,739.5,750.3499755859375,738.0,743.0,2538543
2025-09-01,751.632568359375,752.8499755859375,754.0,741.5,742.4000244140625,1436082
2025-09-02,749.9852905273438,751.2000122070312,758.75,747.5,753.0,1330606
2025-09-03,766.85791015625,768.0999755859375,769.0,749.2000122070312,750.0,1933362
2025-09-04,753.6293334960938,754.8499755859375,773.4000244140625,752.8499755859375,771.7999877929688,1401421
2025-09-05,755.8258056640625,757.0499877929688,759.5,750.0,756.3499755859375,2873689
2025-09-08,749.5360107421875,750.75,760.5,746.5,759.5,2330647
2025-09-09,744.9434204101562,746.1500244140625,755.0999755859375,745.0999755859375,753.6500244140625,1347461
2025-09-10,750.03515625,751.25,755.8499755859375,746.0999755859375,750.2000122070312,1350420
2025-09-11,747.389404296875,748.5999755859375,754.2999877929688,747.5,751.5,975314
2025-09-12,739.3025512695312,740.5,754.3499755859375,739.25,753.0,1853165
2025-09-15,738.7035522460938,739.9000244140625,744.4000244140625,738.0999755859375,741.0,1499071
2025-09-16,741.0497436523438,742.25,748.9500122070312,734.5999755859375,740.7000122070312,2892657
2025-09-17,737.8549194335938,739.0499877929688,745.9000244140625,737.0499877929688,745.0,2280605
2025-09-18,734.2607421875,735.4500122070312,743.0,732.5,742.4500122070312,2280312
2025-09-19,743.1962890625,744.4000244140625,746.9500122070312,736.1500244140625,738.0,8190278
2025-09-22,733.112548828125,734.2999877929688,748.2999877929688,733.4000244140625,744.4000244140625,1884250
2025-09-23,754.0286865234375,755.25,757.0,729.0499877929688,735.0,4501893
2025-09-24,739.5521240234375,740.75,758.9500122070312,738.9000244140625,755.25,2993982
2025-09-25,739.5521240234375,740.75,745.5999755859375,735.4000244140625,740.9500122070312,3037406
2025-09-26,711.597412109375,712.75,742.6500244140625,710.5999755859375,742.0,5779485
2025-09-29,722.230224609375,723.4000244140625,734.8499755859375,712.5499877929688,717.75,41100690
2025-09-30,734.3605346679688,735.5499877929688,737.7000122070312,722.5499877929688,730.0,3965781
2025-10-01,741.9483032226562,743.1500244140625,745.4500122070312,726.0,732.2000122070312,4127017
2025-10-03,746.19140625,747.4000244140625,758.9500122070312,741.75,743.2000122070312,4112610
2025-10-06,738.1044921875,739.2999877929688,755.5999755859375,734.0999755859375,742.0,5118797
2025-10-07,747.788818359375,749.0,752.4000244140625,740.4500122070312,742.9500122070312,4348518
2025-10-08,739.7518310546875,740.9500122070312,754.0999755859375,739.1500244140625,747.0499877929688,4238626
2025-10-09,747.9385986328125,749.1500244140625,753.2999877929688,743.0,744.0,3506978
2025-10-10,762.1156005859375,763.3499755859375,766.75,747.75,749.5999755859375,5386722
2025-10-13,758.6712036132812,759.9000244140625,767.9500122070312,757.0499877929688,758.0,2906803
2025-10-14,749.1865844726562,750.4000244140625,763.0499877929688,743.2999877929688,758.0,1833516
2025-10-15,738.9031982421875,740.0999755859375,753.0,733.2000122070312,752.3499755859375,2333738
2025-10-16,738.30419921875,739.5,744.8499755859375,735.0,742.9000244140625,3056360
2025-10-17,749.7855834960938,751.0,761.0,734.5,740.0,4770012
2025-10-20,758.5214233398438,759.75,770.6500244140625,726.2999877929688,743.0,9184006
2025-10-21,757.2235717773438,758.4500122070312,762.9000244140625,756.0,761.9500122070312,350896
2025-10-23,758.3716430664062,759.5999755859375,766.0,751.7999877929688,759.0,5363491
2025-10-24,753.8290405273438,755.0499877929688,759.9500122070312,750.8499755859375,759.9500122070312,2001556
2025-10-27,768.8047485351562,770.0499877929688,772.0,753.1500244140625,755.7000122070312,3590863
2025-10-28,798.4567260742188,799.75,801.9500122070312,772.4500122070312,773.9000244140625,8948361
2025-10-29,806.144287109375,807.4500122070312,810.0499877929688,793.7999877929688,804.0,4077629
2025-10-30,799.6548461914062,800.9500122070312,810.0,797.25,807.0,4103276
2025-10-31,793.5147094726562,794.7999877929688,806.5,792.0,800.9500122070312,3511425
2025-11-03,795.6113891601562,796.9000244140625,803.7000122070312,791.1500244140625,794.7999877929688,2640561
2025-11-04,788.9221801757812,790.2000122070312,799.25,785.0999755859375,797.0499877929688,3505823
2025-11-06,784.9286499023438,786.2000122070312,797.5,777.3499755859375,791.0,2640541
2025-11-07,795.9608154296875,797.25,801.9500122070312,779.0999755859375,782.1500244140625,2079256
2025-11-10,798.057373046875,799.3499755859375,807.7999877929688,791.0,791.0,1894738
2025-11-11,824.7640991210938,826.0999755859375,828.2000122070312,792.7999877929688,799.7000122070312,7150449
2025-11-12,863.002197265625,864.4000244140625,873.0,827.0,830.0499877929688,11714519
2025-11-13,862.0537719726562,863.4500122070312,892.3499755859375,859.0499877929688,862.0,9325204
2025-11-14,846.8782958984375,848.25,872.0,845.8499755859375,864.0,4460991
2025-11-17,852.6689453125,854.0499877929688,861.75,838.5,852.0,4019335
2025-11-18,846.5787963867188,847.9500122070312,858.5,845.0499877929688,854.0499877929688,1958051
2025-11-19,838.2423095703125,839.5999755859375,850.2999877929688,836.2999877929688,850.0,2317710
2025-11-20,828.058837890625,829.4000244140625,844.0,827.5,844.0,5136903
2025-11-21,845.1810302734375,846.5499877929688,856.7999877929688,830.5499877929688,832.2000122070312,7304707
2025-11-24,834.6980590820312,836.0499877929688,857.5,832.5499877929688,847.0999755859375,5082933
2025-11-25,838.5418701171875,839.9000244140625,844.9000244140625,829.0499877929688,836.0499877929688,3021941
2025-11-26,849.3243408203125,850.7000122070312,858.7000122070312,841.0,844.9000244140625,2939823
2025-11-27,856.0634765625,857.4500122070312,863.75,846.5499877929688,853.0,3016014
2025-11-28,857.16162109375,858.5499877929688,863.0,851.5,859.6500244140625,2901007
2025-12-01,845.7800903320312,847.1500244140625,862.4000244140625,842.6500244140625,860.0,3019328
2025-12-02,848.9249877929688,850.2999877929688,860.5,845.4000244140625,847.1500244140625,2674933
2025-12-03,845.530517578125,846.9000244140625,856.2999877929688,841.3499755859375,854.0,2063761
2025-12-04,861.6044921875,863.0,873.0,842.9000244140625,846.0,4259999
2025-12-05,868.6929321289062,870.0999755859375,874.4000244140625,856.0999755859375,863.6500244140625,3377823
2025-12-08,840.0394287109375,841.4000244140625,873.5999755859375,834.5,870.0999755859375,2015558
2025-12-09,842.984619140625,844.3499755859375,848.7000122070312,832.1500244140625,841.4500122070312,3015385
2025-12-10,832.5015869140625,833.8499755859375,851.5999755859375,828.1500244140625,847.7999877929688,2623610
2025-12-11,834.1988525390625,835.5499877929688,842.7999877929688,827.5,834.4500122070312,2810755
2025-12-12,844.78173828125,846.1500244140625,851.2000122070312,839.0,840.0499877929688,3492109
2025-12-15,849.8734741210938,851.25,853.5,835.4000244140625,845.9500122070312,2458486
2025-12-16,843.6834716796875,845.0499877929688,856.7999877929688,841.8499755859375,854.0,2811166
2025-12-17,832.5015869140625,833.8499755859375,846.0999755859375,827.7999877929688,838.2000122070312,3107473
2025-12-18,833.5499267578125,834.9000244140625,842.5,826.0,830.7999877929688,1537403
2025-12-19,843.3340454101562,844.7000122070312,847.9000244140625,831.0,834.9000244140625,7000947
2025-12-22,855.01513671875,856.4000244140625,862.7999877929688,840.9000244140625,845.0,2387606
2025-12-23,848.5256958007812,849.9000244140625,859.7000122070312,846.2000122070312,856.4000244140625,1628642
2025-12-24,846.6786499023438,848.0499877929688,858.8499755859375,844.2000122070312,850.0,1947886
2025-12-26,848.4757080078125,849.8499755859375,858.9000244140625,837.0999755859375,841.0499877929688,4257972
2025-12-29,838.2423095703125,839.5999755859375,854.5499877929688,836.5999755859375,849.7999877929688,1907670
2025-12-30,840.1392211914062,841.5,844.0999755859375,833.25,839.5999755859375,4409838
2025-12-31,862.8025512695312,864.2000122070312,869.5999755859375,836.5499877929688,841.5,2887744
2026-01-01,888.760498046875,890.2000122070312,891.5999755859375,863.5,865.4500122070312,4244931
2026-01-02,900.9906616210938,902.4500122070312,909.75,890.25,896.0,6250730
2026-01-05,898.4947509765625,899.9500122070312,910.0,892.5,905.0,2521435
2026-01-06,912.7716064453124,914.25,924.0,886.5,898.0,8308942
2026-01-07,896.3980712890625,897.8499755859375,924.7000122070312,892.8499755859375,914.5,2952528
2026-01-08,882.0214233398438,883.4500122070312,902.75,876.0999755859375,897.0,3567518
2026-01-09,880.8233642578125,882.25,892.0,878.0499877929688,878.0499877929688,2515780
2026-01-12,903.98583984375,905.4500122070312,907.9500122070312,879.0999755859375,880.2000122070312,4015935
2026-01-13,909.0775756835938,910.5499877929688,913.7000122070312,897.5,909.0,3958844
2026-01-14,942.97265625,944.5,948.9000244140624,905.0,913.0,11559313
2026-01-15,942.97265625,944.5,944.5,944.5,944.5,0
2026-01-16,952.3075561523438,953.8499755859376,960.2000122070312,938.0499877929688,945.0,10345071
2026-01-19,948.2640991210938,949.7999877929688,961.9000244140624,941.4500122070312,947.9500122070312,5455304
2026-01-20,903.6863403320312,905.1500244140624,948.0,899.0499877929688,946.0,6701234
2026-01-21,905.68310546875,907.1500244140624,919.1500244140624,891.4500122070312,908.0,3567143
2026-01-22,900.9906616210938,902.4500122070312,916.2000122070312,892.9000244140625,911.0,2338485
2026-01-23,891.0068359375,892.4500122070312,914.5999755859376,888.25,900.0499877929688,5907525
2026-01-27,893.3031005859375,894.75,897.0,851.1500244140625,875.0,8419598
2026-01-28,900.2418823242188,901.7000122070312,903.0,877.6500244140625,898.75,2982683
2026-01-29,896.947265625,898.4000244140625,904.5,890.7000122070312,899.9000244140625,4382116
2026-01-30,894.6509399414062,896.0999755859375,902.75,888.2000122070312,892.0999755859375,2867342
2026-02-02,908.778076171875,910.25,914.5,884.3499755859375,889.0,3762702
2026-02-03,920.908447265625,922.4000244140624,959.5999755859376,916.3499755859376,951.2999877929688,9608114
2026-02-04,919.8101806640624,921.2999877929688,932.0,915.7999877929688,922.0,2883259
2026-02-05,912.92138671875,914.4000244140624,922.1500244140624,902.2999877929688,918.0999755859376,2552518
2026-02-06,902.1387939453124,903.5999755859376,917.0499877929688,895.0,909.0999755859376,2711855
2026-02-09,926.3995361328124,927.9000244140624,936.9500122070312,900.3499755859375,910.0,6863941
2026-02-10,926.0999755859376,927.5999755859376,933.0,920.0,927.9000244140624,2768617
2026-02-11,923.5042114257812,925.0,928.2999877929688,915.0,927.9000244140624,2473671
2026-02-12,921.2079467773438,922.7000122070312,937.0,915.0,928.7000122070312,3082642
2026-02-13,924.552490234375,926.0499877929688,929.9500122070312,903.3499755859376,922.0,2860622
2026-02-16,930.39306640625,931.9000244140624,933.7000122070312,912.1500244140624,930.0,2098887
2026-02-17,942.2738037109376,943.7999877929688,952.2000122070312,928.2000122070312,931.9000244140624,6284594
2026-02-18,943.1224365234376,944.6500244140624,950.0,932.7999877929688,944.0,3474257
2026-02-19,925.8504028320312,927.3499755859376,944.5,923.2000122070312,944.5,2641817
2026-02-20,924.552490234375,926.0499877929688,947.9000244140624,922.6500244140624,934.0,6462199
2026-02-23,918.2626953125,919.75,934.6500244140624,911.9500122070312,926.0499877929688,4217172
2026-02-24,929.8938598632812,931.4000244140624,934.4000244140624,912.0,919.75,3079572
2026-02-25,935.834228515625,937.3499755859376,941.8499755859376,932.0999755859376,934.0,1173030
2026-02-26,963.0401611328124,964.5999755859376,968.8499755859376,936.2999877929688,938.0,8974624
2026-02-27,955.202880859375,956.75,968.0,951.2000122070312,963.0,3745120
2026-03-02,940.9758911132812,942.5,955.9500122070312,933.2000122070312,939.0,1568186
2026-03-04,926.050048828125,927.5499877929688,942.9500122070312,916.7000122070312,930.0,2527046
2026-03-05,935.6845092773438,937.2000122070312,947.5499877929688,926.9500122070312,930.0499877929688,1949212
2026-03-06,916.36572265625,917.8499755859376,942.9000244140624,912.0499877929688,935.0,1153433
2026-03-09,879.7750244140625,881.2000122070312,900.0,870.5499877929688,899.0,3362985
2026-03-10,897.2467651367188,898.7000122070312,904.0499877929688,885.0,892.0,4547967
2026-03-11,875.7316284179688,877.1500244140625,907.5,873.1500244140625,897.2000122070312,2754525
2026-03-12,830.005615234375,831.3499755859375,870.5,828.0,870.0,7514347
2026-03-13,813.0830688476562,814.4000244140625,833.1500244140625,804.7999877929688,827.0,5606889
2026-03-16,823.7158203125,825.0499877929688,830.0,806.2000122070312,814.5499877929688,3107008
2026-03-17,819.5225830078125,820.8499755859375,825.0,808.0,825.0,3713235
2026-03-18,840.7882080078125,842.1500244140625,847.9000244140625,815.5999755859375,819.5999755859375,4695600
2026-03-19,814.97998046875,816.2999877929688,831.25,812.9500122070312,828.2000122070312,5080824
2026-03-20,817.2762451171875,818.5999755859375,837.0,813.0999755859375,822.0,7872290
2026-03-23,777.09130859375,778.3499755859375,809.0,771.9000244140625,806.2999877929688,7448050
2026-03-24,795.9608154296875,797.25,802.1500244140625,771.7000122070312,789.8499755859375,6347812
2026-03-25,817.0765991210938,818.4000244140625,834.2999877929688,802.9500122070312,802.9500122070312,3095936
2026-03-27,791.2683715820312,792.5499877929688,816.2000122070312,785.2999877929688,809.0,6211886
2026-03-30,751.2332153320312,752.4500122070312,784.0,750.5,781.0,7093604
2026-04-01,784.3795776367188,785.6500244140625,793.6500244140625,765.9500122070312,765.9500122070312,4336917
2026-04-02,777.4407958984375,778.7000122070312,784.75,754.0,772.2000122070312,2481604
2026-04-06,784.9286499023438,786.2000122070312,788.2999877929688,756.4000244140625,774.5999755859375,2512596
2026-04-07,783.5308837890625,784.7999877929688,787.7999877929688,770.2999877929688,778.0,1165539
2026-04-08,834.5982055664062,835.9500122070312,840.8499755859375,810.0,812.0,3572416
2026-04-09,813.2327880859375,814.5499877929688,834.9000244140625,812.0,831.8499755859375,2531440
2026-04-10,829.556396484375,830.9000244140625,835.4500122070312,817.7999877929688,818.5,1509168
2026-04-13,817.5758056640625,818.9000244140625,822.2000122070312,800.7000122070312,807.0999755859375,1555260
2026-04-15,838.741455078125,840.0999755859375,850.0,828.1500244140625,832.0,3272348
2026-04-16,846.5289306640625,847.9000244140625,857.25,840.9000244140625,845.5,3785293
2026-04-17,852.5192260742188,853.9000244140625,857.4500122070312,838.5499877929688,849.0,1850548
2026-04-20,850.5723266601562,851.9500122070312,856.0,839.5,853.9000244140625,2453075
2026-04-21,855.01513671875,856.4000244140625,865.8499755859375,854.8499755859375,857.7000122070312,975223
2026-04-22,868.6929321289062,870.0999755859375,873.0,851.0,851.0,2253573
2026-04-23,858.958740234375,860.3499755859375,869.7000122070312,854.1500244140625,861.7000122070312,1561128
2026-04-24,846.5787963867188,847.9500122070312,868.0,839.0,868.0,1453183
2026-04-27,898.6943969726562,900.1500244140625,903.5,865.2000122070312,865.2000122070312,11254307
2026-04-28,884.1179809570312,885.5499877929688,895.7000122070312,882.4500122070312,890.1500244140625,5748485
2026-04-29,912.2723999023438,913.75,925.0,891.0,891.0,3485256
2026-04-30,914.5686645507812,916.0499877929688,920.0,895.25,906.0,3438569
2026-05-01,914.5686645507812,916.0499877929688,916.0499877929688,916.0499877929688,916.0499877929688,0
2026-05-04,912.4221801757812,913.9000244140624,942.4000244140624,911.0999755859376,925.25,1973688
2026-05-05,909.2273559570312,910.7000122070312,918.0999755859376,903.0,911.0999755859376,2006111
2026-05-06,945.2190551757812,946.75,949.75,917.9500122070312,920.4000244140624,2901974
2026-05-07,945.418701171875,946.9500122070312,951.6500244140624,934.0999755859376,948.25,2007411
2026-05-08,949.2125854492188,950.75,957.9000244140624,940.5,946.0,1604266
2026-05-11,920.8085327148438,922.2999877929688,940.9000244140624,918.0999755859376,939.0,1584134
2026-05-12,891.4061889648438,892.8499755859375,922.2999877929688,890.0999755859375,920.0,1374763
2026-05-13,891.0567626953125,892.5,906.7999877929688,890.2999877929688,891.0,1428120
2026-05-14,906.431884765625,907.9000244140624,914.5,886.2000122070312,895.0,1862991
2026-05-15,884.9666748046875,886.4000244140625,910.0,881.9500122070312,910.0,1437283
2026-05-18,890.7073364257812,892.1500244140625,895.9000244140625,870.2000122070312,885.75,1421988
2026-05-19,893.8023071289062,895.25,904.0999755859376,888.7999877929688,898.5,1303728
2026-05-20,895.6992797851562,897.1500244140625,900.7999877929688,881.1500244140625,885.5499877929688,2947978
2026-05-21,898.4947509765625,899.9500122070312,913.9000244140624,892.2999877929688,905.5,2144884
2026-05-22,908.67822265625,910.1500244140624,914.5,902.7000122070312,903.0,1165558
2026-05-25,924.6024169921876,926.0999755859376,933.5,920.1500244140624,920.1500244140624,1193834
2026-05-26,930.7924194335938,932.2999877929688,935.0,921.0,926.2000122070312,2323571
2026-05-27,930.7924194335938,932.2999877929688,939.7999877929688,928.0,930.5,1088920
2026-05-28,930.7924194335938,932.2999877929688,932.2999877929688,932.2999877929688,932.2999877929688,0
2026-05-29,912.8713989257812,914.3499755859376,940.2000122070312,910.3499755859376,930.5999755859376,3160610
2026-06-01,899.6928100585938,901.1500244140624,925.9000244140624,896.7999877929688,917.75,1597794
2026-06-02,911.0244140625,912.5,915.7999877929688,890.4500122070312,893.2999877929688,1756559
2026-06-03,898.4947509765625,899.9500122070312,907.9000244140624,884.0499877929688,907.0999755859376,2302274
2026-06-04,901.7394409179688,903.2000122070312,907.0999755859376,895.5,903.7000122070312,1798199
2026-06-05,903.3368530273438,904.7999877929688,925.7999877929688,896.0999755859375,899.0,1890312
2026-06-08,893.6026000976562,895.0499877929688,903.7000122070312,881.0,881.0,1864831
2026-06-09,921.3077392578124,922.7999877929688,928.0,896.0499877929688,896.0499877929688,1694676
2026-06-10,882.5206298828125,883.9500122070312,923.75,881.8499755859375,922.8499755859376,1993081
2026-06-11,887.5125122070312,888.9500122070312,897.5999755859375,881.75,883.8499755859375,1768283
2026-06-12,915.8665771484376,917.3499755859376,919.7000122070312,889.9500122070312,901.4500122070312,2663666
2026-06-15,931.6909790039062,933.2000122070312,953.5,923.0999755859376,926.0,3037001
2026-06-16,924.5025634765624,926.0,936.0499877929688,922.0,933.0,1602315
2026-06-17,934.6860961914062,936.2000122070312,938.4000244140624,920.2000122070312,926.0,1193109
2026-06-18,937.2319946289062,938.75,941.5,932.25,937.0,1007080
2026-06-19,945.9179077148438,947.4500122070312,950.5499877929688,931.2000122070312,938.5,6521623
2026-06-22,919.5606079101562,921.0499877929688,947.0,913.9000244140624,947.0,3031578
2026-06-23,903.98583984375,905.4500122070312,924.0,902.7999877929688,923.0,1163601
2026-06-24,926.0999755859376,927.5999755859376,933.9000244140624,900.1500244140625,904.0499877929688,1793188
2026-06-25,918.9500122070312,918.9500122070312,936.9000244140624,915.5,933.0,1469160
2026-06-26,918.9500122070312,918.9500122070312,918.9500122070312,918.9500122070312,918.9500122070312,0
2026-06-29,915.4000244140624,915.4000244140624,921.6500244140624,908.0999755859376,918.9500122070312,3346498
2026-06-30,924.2000122070312,924.2000122070312,933.0999755859376,916.4500122070312,916.4500122070312,2515841
2026-07-01,941.5999755859376,941.5999755859376,949.5499877929688,927.0499877929688,927.0499877929688,2290915
2026-07-02,943.5,943.5,944.9000244140624,931.5999755859376,941.5999755859376,1177319
2026-07-03,974.3499755859376,974.3499755859376,978.4000244140624,942.0999755859376,948.0,3819865
2026-07-06,1009.7999877929688,1009.7999877929688,1012.2999877929688,960.0,968.0,4977371
2026-07-07,1022.25,1022.25,1038.0,1004.2999877929688,1009.7000122070312,5804915
2026-07-08,994.6500244140624,994.6500244140624,1031.300048828125,989.7999877929688,1015.9000244140624,3903183
2026-07-09,1015.1500244140624,1015.1500244140624,1022.3499755859376,995.9000244140624,995.9000244140624,1952468
2026-07-10,1015.7999877929688,1015.7999877929688,1031.6500244140625,1013.7000122070312,1019.7000122070312,1084109
2026-07-13,1012.9000244140624,1012.9000244140624,1018.2000122070312,1000.5499877929688,1010.0,862018
2026-07-14,997.3499755859376,997.3499755859376,1009.0,994.0999755859376,1008.9000244140624,767488
2026-07-15,1009.7000122070312,1009.7000122070312,1022.8499755859376,992.0,998.4000244140624,1491258
2026-07-16,1013.5,1013.5,1019.0,1005.5499877929688,1018.0,695548
2026-07-17,1027.199951171875,1027.199951171875,1031.199951171875,1010.0,1013.7999877929688,2257757
2026-07-20,1032.8499755859375,1032.8499755859375,1034.6500244140625,1017.1500244140624,1029.0,1686017
2026-07-21,1063.449951171875,1063.449951171875,1068.800048828125,1031.449951171875,1037.800048828125,5124543
2026-07-22,1069.300048828125,1069.300048828125,1077.8499755859375,1055.6500244140625,1058.0,5069159
2026-07-23,1005.5,1005.5,1042.199951171875,998.1500244140624,1036.5999755859375,7505583
2026-07-24,996.0499877929688,996.0499877929688,1003.4500122070312,984.0499877929688,1000.0,1995292
2026-07-27,1006.6500244140624,1006.6500244140624,1015.5999755859376,1000.0999755859376,1003.0,1979222
2026-07-28,991.9500122070312,991.9500122070312,1006.0,989.2000122070312,1001.0,1643112
2026-07-29,1012.2999877929688,1012.2999877929688,1015.0,993.5499877929688,995.0499877929688,1232625
2026-07-30,1011.4500122070312,1011.4500122070312,1013.5999755859376,999.0,1012.2999877929688,1237239
2026-07-31,1012.4500122070312,1012.4500122070312,1017.9000244140624,996.4000244140624,1011.4500122070312,2922821
2026-08-03,1028.9000244140625,1028.9000244140625,1028.9000244140625,1013.2999877929688,1019.0,887652
2026-08-04,1026.0,1026.0,1028.9000244140625,1014.5999755859376,1028.9000244140625,720413
2026-08-05,1019.0,1019.0,1038.0,1013.0999755859376,1025.0,1367377
2026-08-06,1016.2000122070312,1016.2000122070312,1033.9000244140625,1011.0,1016.0,769423
2026-08-07,1022.0,1022.0,1024.9000244140625,1004.4000244140624,1010.2999877929688,1727371
2026-08-10,1027.300048828125,1027.300048828125,1028.0,1012.0,1022.0,1042293
2026-08-11,1008.9000244140624,1008.9000244140624,1024.0,1005.0,1023.0,1400560
2026-08-12,1017.5,1017.5,1022.7000122070312,1006.5,1009.0,915131
2026-08-13,1024.699951171875,1024.699951171875,1024.699951171875,1009.0,1015.0,674807
2026-08-14,1020.7999877929688,1020.7999877929688,1026.5999755859375,1014.2000122070312,1022.5,1034094
2026-08-17,1010.5999755859376,1010.5999755859376,1020.0,1002.5,1020.0,1108193
2026-08-18,1015.0,1015.0,1019.5,1007.0,1007.0,539358
2026-08-19,1016.7000122070312,1016.7000122070312,1016.7000122070312,1007.5999755859376,1011.9000244140624,433216
2026-08-20,1008.0,1008.0,1014.5,1002.0,1013.0,858064
2026-08-21,1005.5999755859376,1005.5999755859376,1007.7999877929688,997.0,1007.7999877929688,1043385
2026-08-25,1006.7999877929688,1006.7999877929688,1016.7999877929688,1005.7999877929688,1014.9000244140624,487249
