Date,Adj Close,Close,High,Low,Open,Volume
2015-01-01,32.722599029541016,36.524444580078125,36.92888641357422,35.924442291259766,36.44888687133789,9434880
2015-01-02,32.94159698486328,36.76888656616211,37.44222259521485,36.50666427612305,36.66666412353516,14382765
2015-01-05,32.95353698730469,36.782222747802734,37.40888977050781,36.49333190917969,37.106666564941406,8369865
2015-01-06,31.336915969848636,34.97777557373047,36.35555648803711,34.76666641235352,36.35555648803711,8777767
2015-01-07,31.412572860717773,35.06222152709961,35.622222900390625,34.58000183105469,35.106666564941406,7696417
2015-01-08,32.06161117553711,35.78666687011719,36.511112213134766,35.47111129760742,35.668888092041016,15622020
2015-01-09,33.01325988769531,36.8488883972168,37.66666412353516,36.54666519165039,37.11111068725586,16456342
2015-01-12,32.772361755371094,36.58000183105469,36.95111083984375,36.23333358764648,36.95111083984375,6072750
2015-01-13,32.750457763671875,36.5555534362793,37.46666717529297,36.22222137451172,36.804443359375,10134517
2015-01-14,32.4179801940918,36.18444442749024,36.68000030517578,35.8488883972168,36.66222381591797,5391787
2015-01-15,32.634986877441406,36.426666259765625,36.79333114624024,36.22222137451172,36.66666412353516,6382147
2015-01-16,32.967472076416016,36.79777526855469,37.40444564819336,36.0,36.43555450439453,10547550
2015-01-19,32.704673767089844,36.50444412231445,37.02000045776367,36.22444534301758,36.80888748168945,5265472
2015-01-20,32.83805847167969,36.6533317565918,37.33333206176758,36.36000061035156,36.59999847412109,11223472
2015-01-21,32.913719177246094,36.73777770996094,37.20000076293945,36.53333282470703,36.88444519042969,5698552
2015-01-22,33.12276840209961,36.97111129760742,37.47111129760742,36.72444534301758,36.8488883972168,10281420
2015-01-23,32.66883087158203,36.46444320678711,37.33333206176758,36.28444290161133,37.33333206176758,4867807
2015-01-27,32.36024475097656,36.119998931884766,36.68444442749024,36.0,36.68444442749024,3655597
2015-01-28,34.472599029541016,38.47777557373047,38.84444427490234,35.77777862548828,36.08888626098633,32423962
2015-01-29,34.60001754760742,38.619998931884766,39.06666564941406,37.59999847412109,38.5555534362793,23470155
2015-01-30,35.05393981933594,39.12666702270508,39.37333297729492,38.304443359375,38.82222366333008,17025030
2015-02-02,35.52778244018555,39.655555725097656,40.400001525878906,38.53333282470703,38.77111053466797,17490240
2015-02-03,34.96635055541992,39.02888870239258,39.92888641357422,38.78666687011719,39.73333358764648,8462250
2015-02-04,34.11423873901367,38.07777786254883,39.155555725097656,37.84222030639648,39.1533317565918,5282662
2015-02-05,33.401485443115234,37.282222747802734,38.635555267333984,37.08000183105469,38.0,4147042
2015-02-06,32.133270263671875,35.86666488647461,37.364444732666016,35.60444259643555,37.155555725097656,6089782
2015-02-09,28.2430419921875,31.524444580078125,35.5555534362793,30.36000061035156,35.5555534362793,15252750
2015-02-10,28.92791175842285,32.28888702392578,33.87555313110352,31.0755558013916,31.33777618408203,24705247
2015-02-11,29.52120590209961,32.95111083984375,33.86666488647461,32.72888946533203,33.03555679321289,14575950
2015-02-12,29.332077026367188,32.7400016784668,33.28888702392578,32.24888610839844,33.22222137451172,8764110
2015-02-13,29.184741973876957,32.57555389404297,33.54666519165039,32.32222366333008,32.88888931274414,10812645
2015-02-16,28.900047302246094,32.25777816772461,33.2400016784668,32.0444450378418,32.53333282470703,9946125
2015-02-18,29.993051528930664,33.47777557373047,34.21333312988281,32.400001525878906,32.52000045776367,19906695
2015-02-19,32.39011001586914,36.1533317565918,36.78888702392578,33.68888854980469,33.76888656616211,50248170
2015-02-20,31.99193382263184,35.70888900756836,36.60444259643555,35.33333206176758,36.26666641235352,16550955
2015-02-23,33.248191833496094,37.11111068725586,37.68444442749024,35.655555725097656,35.86666488647461,30789315
2015-02-24,33.42140197753906,37.304443359375,38.33333206176758,37.11111068725586,37.18444442749024,19763145
2015-02-25,33.626461029052734,37.53333282470703,37.9555549621582,37.11333465576172,37.540000915527344,10708762
2015-02-26,33.7618522644043,37.68444442749024,38.71110916137695,37.20000076293945,37.5555534362793,17219475
2015-02-27,33.98282623291016,37.93111038208008,38.31111145019531,37.45333480834961,37.9555549621582,7092652
2015-03-02,37.14240646362305,41.4577751159668,41.71110916137695,37.84444427490234,38.74222183227539,41196847
2015-03-03,37.65805816650391,42.03333282470703,42.83555603027344,41.25777816772461,41.77777862548828,39747217
2015-03-04,40.47319793701172,45.17555618286133,48.328887939453125,42.1422233581543,42.53777694702149,100367595
2015-03-05,42.245113372802734,47.1533317565918,47.91555404663086,45.04666519165039,45.42222213745117,33375465
2015-03-09,40.682247161865234,45.40888977050781,47.30666732788086,44.79999923706055,46.88888931274414,16126897
2015-03-10,40.22831344604492,44.9022216796875,47.002220153808594,42.99111175537109,45.82222366333008,20815650
2015-03-11,39.44987106323242,44.03333282470703,45.52888870239258,43.68888854980469,45.282222747802734,11089282
2015-03-12,39.92570114135742,44.56444549560547,45.24444580078125,44.08888626098633,44.17777633666992,9532125
2015-03-13,40.20841217041016,44.880001068115234,46.57777786254883,44.0444450378418,44.75555419921875,21589155
2015-03-16,40.06905364990234,44.72444534301758,45.22222137451172,44.0,44.97777557373047,8058870
2015-03-17,40.71807861328125,45.44888687133789,45.94222259521485,44.5444450378418,45.03555679321289,9503685
2015-03-18,40.13873291015625,44.802223205566406,45.67777633666992,44.54222106933594,45.6422233581543,5119740
2015-03-19,39.7624397277832,44.38222122192383,46.79333114624024,43.43333435058594,45.18666458129883,16067227
2015-03-20,38.267276763916016,42.71333312988281,44.71110916137695,42.13111114501953,44.44444274902344,9276187
2015-03-23,38.17370223999024,42.60888671875,43.66666412353516,42.0,42.97111129760742,5860642
2015-03-24,37.90094757080078,42.304443359375,43.17777633666992,41.56888961791992,42.71110916137695,6900075
2015-03-25,36.50531768798828,40.74666595458984,42.720001220703125,40.488887786865234,42.377777099609375,8192677
2015-03-26,36.69246292114258,40.9555549621582,41.68444442749024,37.77777862548828,40.133331298828125,14107972
2015-03-27,36.34604644775391,40.56888961791992,42.155555725097656,39.60444259643555,41.10888671875,9881145
2015-03-30,38.12990951538086,42.560001373291016,42.84444427490234,40.92888641357422,40.92888641357422,10449517
2015-03-31,38.10601043701172,42.53333282470703,43.5555534362793,42.00666427612305,42.88888931274414,10085692
2015-04-01,38.89043045043945,43.40888977050781,43.804443359375,41.86666488647461,42.27111053466797,10765890
2015-04-06,39.14328002929688,43.69111251831055,43.99555587768555,42.7400016784668,43.71777725219727,9701730
2015-04-07,39.21295547485352,43.76888656616211,44.53333282470703,43.16444396972656,43.88444519042969,11142000
2015-04-08,39.76642990112305,44.38666534423828,45.28444290161133,43.393333435058594,43.81777572631836,14962275
2015-04-09,39.24480819702149,43.804443359375,44.77999877929688,43.5555534362793,44.57777786254883,5494027
2015-04-10,39.36625671386719,43.93999862670898,44.61777877807617,43.522220611572266,43.77777862548828,5406187
2015-04-13,38.47034454345703,42.93999862670898,44.84444427490234,41.1511116027832,43.84444427490234,21800700
2015-04-15,36.63471984863281,40.891109466552734,43.11111068725586,40.66666412353516,42.66666412353516,15618375
2015-04-16,36.0513916015625,40.2400016784668,41.46222305297852,39.22222137451172,40.88666534423828,12412552
2015-04-17,35.62334060668945,39.76222229003906,40.46444320678711,39.391109466552734,40.34222030639648,5294745
2015-04-20,34.681640625,38.71110916137695,39.9555549621582,38.57777786254883,39.86222076416016,4690057
2015-04-21,34.28943634033203,38.27333450317383,40.0444450378418,38.0,38.87555313110352,9042457
2015-04-22,34.18989562988281,38.16222381591797,38.87555313110352,37.17333221435547,38.43999862670898,6100200
2015-04-23,33.82754898071289,37.75777816772461,38.880001068115234,37.648887634277344,38.43999862670898,3829072
2015-04-24,31.2214412689209,34.8488883972168,37.94222259521485,34.44888687133789,37.93999862670898,9427702
2015-04-27,28.90999794006348,32.26888656616211,35.14666748046875,32.0444450378418,35.14666748046875,10322595
2015-04-28,30.415128707885746,33.94888687133789,34.400001525878906,31.11111068725586,32.328887939453125,13868752
2015-04-29,31.74903678894043,35.43777847290039,35.82222366333008,33.522220611572266,33.911109924316406,13111132
2015-04-30,31.20551872253418,34.831111907958984,35.20222091674805,34.22666549682617,34.88666534423828,7673760
2015-05-04,31.786853790283203,35.47999954223633,35.99555587768555,34.893333435058594,34.9466667175293,5858797
2015-05-05,31.45835876464844,35.11333465576172,35.599998474121094,34.695556640625,35.508888244628906,5465047
2015-05-06,29.961196899414062,33.442222595214844,34.9555549621582,33.24444580078125,34.9555549621582,6003697
2015-05-07,28.691001892089844,32.024444580078125,33.42222213745117,31.77777671813965,33.42222213745117,7104352
2015-05-08,30.140382766723636,33.6422233581543,34.51777648925781,32.511112213134766,32.619998931884766,18131062
2015-05-11,30.894939422607425,34.48444366455078,35.20000076293945,33.86666488647461,33.89777755737305,8856382
2015-05-12,29.951250076293945,33.43111038208008,34.56444549560547,33.215553283691406,34.56444549560547,4878270
2015-05-13,30.572406768798828,34.12444305419922,34.52666473388672,33.599998474121094,33.77777862548828,6165900
2015-05-14,30.63412475585937,34.19333267211914,34.74222183227539,33.5555534362793,33.9466667175293,5681700
2015-05-15,30.78742408752441,34.364444732666016,35.05777740478516,34.26666641235352,34.71110916137695,4800870
2015-05-18,31.378740310668945,35.024444580078125,35.551109313964844,34.40444564819336,34.57555389404297,6677505
2015-05-19,32.30847930908203,36.06222152709961,36.880001068115234,35.33777618408203,35.42222213745117,20550577
2015-05-20,32.63698196411133,36.42888641357422,37.10888671875,36.31111145019531,36.36888885498047,10146307
2015-05-21,32.29255294799805,36.0444450378418,36.72222137451172,35.64444351196289,36.62666702270508,5142870
2015-05-22,32.133270263671875,35.86666488647461,36.77777862548828,33.92222213745117,36.31111145019531,30330585
2015-05-25,32.21688461303711,35.959999084472656,36.59555435180664,35.606666564941406,35.93777847290039,10686442
2015-05-26,31.5937442779541,35.264442443847656,36.22222137451172,35.155555725097656,35.95111083984375,5443852
2015-05-27,30.5584659576416,34.10888671875,35.008888244628906,34.0,34.66666412353516,5773297
2015-05-28,31.058183670043945,34.66666412353516,35.279998779296875,34.14666748046875,34.26666641235352,7749427
2015-05-29,30.711769104003903,34.279998779296875,34.88444519042969,34.133331298828125,34.795555114746094,4976212
2015-06-01,30.85710334777832,34.442222595214844,35.24444580078125,34.09333419799805,34.26666641235352,8602335
2015-06-02,30.148351669311523,33.6511116027832,34.648887634277344,33.42222213745117,34.648887634277344,4335097
2015-06-03,28.55163955688477,31.86888885498047,33.6422233581543,31.55555534362793,33.62444305419922,8501220
2015-06-04,28.79452514648437,32.13999938964844,32.71110916137695,31.85555458068848,32.133331298828125,5202090
2015-06-05,28.6929874420166,32.02666473388672,33.42222213745117,31.87111091613769,32.03555679321289,9930780
2015-06-08,28.424211502075195,31.72666549682617,32.50666427612305,31.60444450378418,32.08000183105469,4248360
2015-06-09,28.19924545288086,31.475555419921875,31.91111183166504,31.35555458068848,31.67555427551269,4626495
2015-06-10,29.45550537109375,32.877777099609375,33.31999969482422,31.57111167907715,31.700000762939453,14139450
2015-06-11,29.559032440185547,32.99333190917969,33.975555419921875,32.81111145019531,33.46666717529297,11715660
2015-06-12,29.999021530151367,33.48444366455078,33.68888854980469,32.66222381591797,33.022220611572266,5757705
2015-06-15,30.118480682373047,33.61777877807617,34.133331298828125,33.38222122192383,33.82222366333008,4840267
2015-06-16,30.681907653808597,34.246665954589844,34.400001525878906,33.68888854980469,34.024444580078125,8056755
2015-06-17,30.68787956237793,34.25333404541016,35.06666564941406,33.83333206176758,34.40444564819336,7286580
2015-06-18,30.976560592651367,34.57555389404297,35.06666564941406,34.17777633666992,34.46222305297852,5821470
2015-06-19,31.01240539550781,34.61555480957031,35.279998779296875,34.4022216796875,34.746665954589844,5394487
2015-06-22,31.153751373291016,34.77333450317383,35.20222091674805,34.622222900390625,34.81777572631836,5805967
2015-06-23,31.810747146606445,35.50666427612305,35.88444519042969,34.5555534362793,34.88444519042969,16406572
2015-06-24,32.05363845825195,35.77777862548828,36.43777847290039,35.22444534301758,35.622222900390625,13034452
2015-06-25,35.131587982177734,39.21333312988281,39.77777862548828,36.09999847412109,36.09999847412109,98241435
2015-06-26,36.91743087768555,41.2066650390625,41.52888870239258,39.5555534362793,39.61777877807617,64936440
2015-06-29,35.818458557128906,39.97999954223633,40.65999984741211,38.96444320678711,39.20000076293945,26457660
2015-06-30,36.02949523925781,40.215553283691406,41.19111251831055,40.0,40.33333206176758,14203980
2015-07-01,39.356292724609375,43.92888641357422,44.20000076293945,40.04888916015625,40.16444396972656,67445257
2015-07-02,39.02382278442383,43.55777740478516,45.54888916015625,43.11111068725586,44.24444580078125,46283175
2015-07-03,38.65550231933594,43.14666748046875,44.695556640625,42.86222076416016,43.864444732666016,16094565
2015-07-06,39.10943222045898,43.6533317565918,44.195556640625,42.06888961791992,42.90666580200195,21291030
2015-07-07,39.39014434814453,43.96666717529297,44.78444290161133,43.6533317565918,43.90666580200195,17439210
2015-07-08,38.49623107910156,42.96888732910156,44.44444274902344,42.67333221435547,43.720001220703125,15337620
2015-07-09,38.61767578125,43.10444259643555,43.86888885498047,42.76888656616211,43.11111068725586,10224000
2015-07-10,38.48029708862305,42.95111083984375,43.63999938964844,42.51777648925781,43.58222198486328,6827602
2015-07-13,39.0616455078125,43.59999847412109,43.9555549621582,42.31111145019531,43.328887939453125,10971517
2015-07-14,39.13531494140625,43.682220458984375,44.377777099609375,43.47111129760742,43.9466667175293,11343240
2015-07-15,38.80879592895508,43.31777572631836,43.9022216796875,43.155555725097656,43.86222076416016,5776447
2015-07-16,39.71865081787109,44.33333206176758,44.88888931274414,42.93333435058594,43.33777618408203,24047527
2015-07-17,40.2263298034668,44.900001525878906,45.28888702392578,44.15777587890625,44.71110916137695,19633972
2015-07-20,40.8235969543457,45.56666564941406,45.86666488647461,44.71110916137695,45.33333206176758,13002097
2015-07-21,39.9495849609375,44.59111022949219,46.73333358764648,44.133331298828125,45.76666641235352,19342777
2015-07-22,39.97547912597656,44.619998931884766,45.00666427612305,44.05110931396485,44.53111267089844,7410847
2015-07-23,42.137603759765625,47.03333282470703,47.77333450317383,44.66666412353516,44.66666412353516,29830635
2015-07-24,41.79914093017578,46.655555725097656,48.44444274902344,46.22222137451172,47.7599983215332,20186775
2015-07-27,40.45328140258789,45.1533317565918,46.22222137451172,44.88888931274414,46.17777633666992,7462485
2015-07-28,40.19049072265625,44.86000061035156,45.86888885498047,44.400001525878906,45.59999847412109,6341827
2015-07-29,40.28605651855469,44.96666717529297,45.33111190795898,44.69111251831055,45.01333236694336,4194630
2015-07-30,40.25619125366211,44.93333435058594,45.86666488647461,44.53777694702149,45.364444732666016,6553237
2015-07-31,40.941062927246094,45.6977767944336,46.08888626098633,44.715553283691406,45.1511116027832,10158322
2015-08-03,42.257057189941406,47.16666412353516,47.86666488647461,45.511112213134766,45.86666488647461,16297312
2015-08-04,42.11769104003906,47.011112213134766,47.511112213134766,46.33777618408203,47.21333312988281,8425215
2015-08-05,47.37766647338867,52.88222122192383,53.27777862548828,46.802223205566406,47.1511116027832,59988622
2015-08-06,45.372833251953125,50.64444351196289,53.973331451416016,50.32444381713867,53.24444580078125,26680927
2015-08-07,45.1279525756836,50.37111282348633,51.60444259643555,49.86222076416016,50.74888610839844,12050167
2015-08-10,45.42260360717773,50.70000076293945,52.79999923706055,50.24444580078125,50.57777786254883,16064010
2015-08-11,43.917476654052734,49.02000045776367,51.90888977050781,48.80888748168945,51.06666564941406,9827617
2015-08-12,42.39641189575195,47.32222366333008,48.84444427490234,46.80888748168945,48.7511100769043,7899525
2015-08-13,39.71267318725586,44.32666778564453,48.57777786254883,43.78666687011719,47.72888946533203,18109192
2015-08-14,40.927127838134766,45.682220458984375,46.57777786254883,44.84444427490234,46.22222137451172,14835285
2015-08-17,40.71807861328125,45.44888687133789,46.911109924316406,44.893333435058594,45.8577766418457,9103162
2015-08-18,41.311370849609375,46.11111068725586,46.891109466552734,45.46666717529297,45.76888656616211,7410060
2015-08-19,41.000789642333984,45.764442443847656,46.53333282470703,45.28666687011719,46.2066650390625,5416357
2015-08-20,41.05653762817383,45.82666778564453,46.57777786254883,45.155555725097656,45.62666702270508,8559382
2015-08-21,39.81022262573242,44.43555450439453,45.1977767944336,43.69111251831055,45.1977767944336,7514977
2015-08-24,35.94786834716797,40.12444305419922,42.83111190795898,39.5533332824707,40.47111129760742,11792745
2015-08-25,36.58893585205078,40.84000015258789,41.77777862548828,36.0555534362793,40.97777557373047,15941970
2015-08-26,37.36140823364258,41.70222091674805,42.34222030639648,39.62444305419922,40.88444519042969,8669902
2015-08-27,38.88644790649414,43.40444564819336,46.168888092041016,42.71110916137695,42.87555313110352,22454595
2015-08-28,39.20100784301758,43.75555419921875,45.27999877929688,43.56444549560547,44.29333114624024,10451632
2015-08-31,38.91431427001953,43.43555450439453,44.25333404541016,42.92222213745117,43.75555419921875,5146065
2015-09-01,38.09804153442383,42.524444580078125,44.20222091674805,41.851112365722656,43.106666564941406,6640987
2015-09-02,38.60174560546875,43.08666610717773,43.99111175537109,42.51777648925781,42.851112365722656,9179955
2015-09-03,39.49168395996094,44.08000183105469,45.07555389404297,43.413333892822266,43.58222198486328,14037187
2015-09-04,38.54401016235352,43.022220611572266,44.78888702392578,42.53777694702149,44.13777542114258,9884970
2015-09-07,37.57643508911133,41.94222259521485,43.851112365722656,41.68888854980469,43.11333465576172,6395152
2015-09-08,37.65207290649414,42.02666473388672,42.88666534423828,40.28888702392578,42.57777786254883,11072092
2015-09-09,38.19361114501953,42.63111114501953,43.20444488525391,42.36000061035156,42.96444320678711,5817757
2015-09-10,37.67097854614258,41.80666732788086,42.36222076416016,41.11111068725586,41.86666488647461,6730965
2015-09-11,37.632930755615234,41.764442443847656,42.83555603027344,41.51555633544922,42.26666641235352,6319215
2015-09-14,37.727046966552734,41.86888885498047,42.37555313110352,41.62666702270508,41.973331451416016,3960855
2015-09-15,36.9881706237793,41.04888916015625,42.28888702392578,40.93555450439453,42.06888961791992,4061610
2015-09-16,36.64575958251953,40.668888092041016,42.08666610717773,40.38444519042969,41.45333480834961,7664715
2015-09-18,37.22444534301758,41.31111145019531,42.17777633666992,41.11111068725586,41.911109924316406,8424900
2015-09-21,37.65896987915039,41.79333114624024,42.0,41.15777587890625,41.37333297729492,4988857
2015-09-22,36.99617004394531,41.05777740478516,42.49111175537109,40.68000030517578,42.00444412231445,6603255
2015-09-23,37.2364616394043,41.32444381713867,41.5555534362793,40.36222076416016,40.44444274902344,4035780
2015-09-24,37.52280807495117,41.6422233581543,42.27111053466797,41.15777587890625,41.28888702392578,4422577
2015-09-28,37.80313873291016,41.95333480834961,42.32666778564453,41.60444259643555,41.77555465698242,4629622
2015-09-29,38.34577941894531,42.5555534362793,43.66666412353516,41.022220611572266,41.42222213745117,14748952
2015-09-30,38.42588424682617,42.64444351196289,43.24444580078125,42.36000061035156,42.92888641357422,4298535
2015-10-01,38.30974197387695,42.51555633544922,43.27777862548828,42.32666778564453,42.97777557373047,5144647
2015-10-05,38.99456405639648,43.27555465698242,44.17333221435547,42.74666595458984,42.93333435058594,9367357
2015-10-06,39.3650016784668,43.68666458129883,44.133331298828125,43.28666687011719,43.64444351196289,6136650
2015-10-07,39.12672424316406,43.42222213745117,43.9466667175293,43.27777862548828,43.68888854980469,3938872
2015-10-08,39.27089691162109,43.58222198486328,43.99777603149414,43.155555725097656,43.36000061035156,3256852
2015-10-09,40.57645034790039,45.03111267089844,45.68888854980469,43.61111068725586,43.73333358764648,18541170
2015-10-12,40.42026519775391,44.8577766418457,45.9555549621582,44.44444274902344,45.377777099609375,6743475
2015-10-13,40.56044387817383,45.01333236694336,45.35555648803711,44.60888671875,44.988887786865234,3907372
2015-10-14,40.63252258300781,45.09333419799805,45.77777862548828,44.7599983215332,45.10444259643555,4104742
2015-10-15,40.57444381713867,45.02888870239258,45.71110916137695,44.88888931274414,45.33333206176758,2873970
2015-10-16,40.728633880615234,45.20000076293945,45.94222259521485,44.88888931274414,45.28444290161133,4755847
2015-10-19,40.872802734375,45.36000061035156,45.828887939453125,45.168888092041016,45.63999938964844,3206227
2015-10-20,40.06584167480469,44.46444320678711,45.55110931396485,44.133331298828125,45.38888931274414,4032697
2015-10-21,39.41106414794922,43.73777770996094,44.82444381713867,43.49111175537109,44.46444320678711,3834382
2015-10-23,38.9224739074707,43.195556640625,44.264442443847656,43.11111068725586,44.119998931884766,3063937
2015-10-26,38.33777618408203,42.54666519165039,43.42222213745117,42.30666732788086,43.33333206176758,3313530
2015-10-27,37.72304534912109,41.864444732666016,42.70888900756836,41.648887634277344,42.53333282470703,3600495
2015-10-28,38.301734924316406,42.50666427612305,42.94222259521485,42.02888870239258,42.195556640625,5075167
2015-10-29,37.57887649536133,41.70444488525391,42.44222259521485,41.58444213867188,42.44222259521485,2403270
2015-10-30,37.33256912231445,41.43111038208008,42.17777633666992,41.022220611572266,41.77777862548828,2229660
2015-11-02,37.97334671020508,42.1422233581543,42.42222213745117,41.02666473388672,41.5555534362793,3949200
2015-11-03,37.81315231323242,41.96444320678711,42.44444274902344,41.84444427490234,42.44444274902344,1903882
2015-11-04,37.83517837524414,41.988887786865234,42.93333435058594,41.782222747802734,42.33555603027344,3900982
2015-11-05,37.248477935791016,41.33777618408203,41.99111175537109,41.20000076293945,41.84444427490234,2123077
2015-11-06,36.9281005859375,40.98222351074219,41.73777770996094,40.75555419921875,41.33777618408203,1917562
2015-11-09,35.81877136230469,39.7511100769043,40.33333206176758,39.33333206176758,40.07110977172852,4731210
2015-11-10,35.84480285644531,39.77999877929688,40.66222381591797,39.56444549560547,39.94222259521485,4992232
2015-11-13,35.73667907714844,39.65999984741211,39.99777603149414,39.5555534362793,39.99777603149414,1321627
2015-11-16,36.39146041870117,40.38666534423828,40.93333435058594,39.28888702392578,39.64444351196289,3107070
2015-11-17,36.30535125732422,40.29111099243164,40.79777526855469,40.13777542114258,40.66444396972656,1855890
2015-11-18,36.36943435668945,40.36222076416016,41.68000030517578,40.13777542114258,40.22222137451172,6192157
2015-11-19,37.228458404541016,41.315555572509766,41.64444351196289,40.29111099243164,40.72888946533203,5234400
2015-11-20,37.450721740722656,41.56222152709961,42.400001525878906,40.93777847290039,41.377777099609375,5886090
2015-11-23,37.64495086669922,41.77777862548828,42.35555648803711,41.33111190795898,41.911109924316406,2694465
2015-11-24,39.82154846191406,44.19333267211914,45.09555435180664,41.511112213134766,41.59999847412109,24504997
2015-11-26,40.10187911987305,44.50444412231445,45.46444320678711,44.22666549682617,44.635555267333984,14588302
2015-11-27,39.917667388916016,44.29999923706055,44.74666595458984,43.82666778564453,44.72444534301758,4886190
2015-11-30,40.34217071533203,44.77111053466797,44.93111038208008,44.22444534301758,44.31111145019531,9056407
2015-12-01,40.02579498291016,44.41999816894531,45.19111251831055,44.09111022949219,44.88888931274414,3296677
2015-12-02,39.97373580932617,44.36222076416016,44.911109924316406,44.002220153808594,44.5977783203125,3666757
2015-12-03,39.41706848144531,43.74444580078125,44.61333465576172,43.60444259643555,44.61333465576172,2585700
2015-12-04,38.77431106567383,43.03111267089844,44.05777740478516,42.79999923706055,43.55110931396485,2050087
2015-12-07,38.98054504394531,43.2599983215332,44.30888748168945,43.11111068725586,43.377777099609375,2684295
2015-12-08,37.92528533935547,42.08888626098633,43.53333282470703,41.86666488647461,43.11111068725586,2587410
2015-12-09,36.88204193115234,40.93111038208008,42.75555419921875,40.715553283691406,42.22222137451172,3202537
2015-12-10,37.85921478271485,42.01555633544922,42.31111145019531,40.53333282470703,41.33333206176758,6929527
2015-12-11,37.96533584594727,42.133331298828125,42.70888900756836,41.82222366333008,42.35333251953125,4164637
2015-12-14,38.36580657958984,42.57777786254883,42.74222183227539,41.511112213134766,41.911109924316406,3256155
2015-12-15,39.7915153503418,44.15999984741211,44.351112365722656,43.155555725097656,43.155555725097656,8489790
2015-12-16,39.31694793701172,43.633331298828125,44.96444320678711,43.46666717529297,44.391109466552734,7244865
2015-12-17,40.00777053833008,44.400001525878906,44.48666763305664,43.66222381591797,44.01777648925781,3500077
2015-12-18,39.81354522705078,44.18444442749024,44.82222366333008,43.9555549621582,44.17777633666992,2867355
2015-12-21,39.64534759521485,43.99777603149414,44.62222290039063,43.79999923706055,44.22222137451172,2143215
2015-12-22,40.29812240600586,44.72222137451172,46.060001373291016,44.53555679321289,45.5555534362793,9794835
2015-12-23,39.98974609375,44.380001068115234,45.1511116027832,44.24444580078125,44.94222259521485,3195202
2015-12-24,39.715423583984375,44.07555389404297,44.6533317565918,43.795555114746094,44.53333282470703,1936665
2015-12-28,39.91566467285156,44.29777526855469,44.79999923706055,44.10888671875,44.44444274902344,2357415
2015-12-29,39.73545455932617,44.0977783203125,45.27555465698242,43.877777099609375,44.88888931274414,5834002
2015-12-30,39.45310974121094,43.78444290161133,44.46666717529297,43.61333465576172,44.17333221435547,3270780
2015-12-31,39.63332748413086,43.98444366455078,44.28888702392578,43.86666488647461,43.893333435058594,2499075
2016-01-01,40.21602630615234,44.63111114501953,45.24444580078125,43.64444351196289,44.22222137451172,4441905
2016-01-04,39.61130905151367,43.959999084472656,44.84000015258789,43.77777862548828,44.52888870239258,3362377
2016-01-05,39.477142333984375,43.81111145019531,44.40888977050781,43.60888671875,44.302223205566406,2952472
2016-01-06,40.42627334594727,44.864444732666016,45.18666458129883,43.69111251831055,44.07555389404297,7358040
2016-01-07,39.70741271972656,44.06666564941406,45.72444534301758,43.80666732788086,45.05777740478516,10643287
2016-01-08,39.93368148803711,44.31777572631836,44.83555603027344,44.133331298828125,44.4577751159668,3131932
2016-01-11,39.65535736083984,44.008888244628906,44.53333282470703,43.42222213745117,44.20444488525391,2682742
2016-01-12,40.06584167480469,44.46444320678711,45.01333236694336,43.9555549621582,44.12888717651367,4748085
2016-01-13,39.1067008972168,43.400001525878906,44.84444427490234,41.58000183105469,44.84444427490234,5296995
2016-01-14,39.01458740234375,43.29777526855469,44.54888916015625,41.57777786254883,42.44444274902344,4891432
2016-01-15,37.76309967041016,41.90888977050781,43.73333358764648,41.522220611572266,43.55110931396485,2168527
2016-01-18,36.31736755371094,40.304443359375,41.72666549682617,40.08888626098633,41.72666549682617,2770897
2016-01-19,36.67580032348633,40.70222091674805,41.24444580078125,40.10888671875,40.635555267333984,2092275
2016-01-20,35.214046478271484,39.08000183105469,40.11777877807617,38.488887786865234,40.0,2368102
2016-01-21,35.69462585449219,39.61333465576172,40.15777587890625,39.20000076293945,39.42222213745117,2339257
2016-01-22,36.68379592895508,40.71110916137695,41.11111068725586,40.0,40.17777633666992,2681212
2016-01-25,37.35060119628906,41.45111083984375,41.68888854980469,40.84444427490234,41.106666564941406,1741207
2016-01-27,38.56604766845703,42.79999923706055,43.81777572631836,42.328887939453125,42.57777786254883,6124905
2016-01-28,39.14674377441406,43.44444274902344,43.94222259521485,42.01333236694336,42.79999923706055,3515422
2016-01-29,38.56205368041992,42.795555114746094,43.63777542114258,42.66666412353516,43.635555267333984,2487487
2016-02-01,38.49797821044922,42.72444534301758,43.31111145019531,42.377777099609375,43.13999938964844,2416927
2016-02-02,38.09548568725586,42.27777862548828,43.68000030517578,42.00666427612305,42.71110916137695,4278037
2016-02-03,36.85000228881836,40.89555358886719,41.9555549621582,40.75555419921875,41.877777099609375,2816280
2016-02-04,37.851192474365234,42.00666427612305,42.17555618286133,40.9555549621582,41.377777099609375,3123787
2016-02-05,37.8111572265625,41.96222305297852,42.38666534423828,41.33555603027344,42.38666534423828,3038985
2016-02-08,38.10750198364258,42.29111099243164,43.022220611572266,41.57777786254883,42.08000183105469,2242215
2016-02-09,37.33457946777344,41.43333435058594,42.15999984741211,41.28888702392578,41.5555534362793,1665472
2016-02-10,35.63855743408203,39.55110931396485,42.07110977172852,37.87555313110352,41.43333435058594,11195415
2016-02-11,33.5841064453125,37.27111053466797,39.90444564819336,36.88888931274414,39.377777099609375,5792107
2016-02-12,33.56007385253906,37.24444580078125,37.92222213745117,36.09999847412109,37.426666259765625,3892950
2016-02-15,34.709449768066406,38.52000045776367,38.84222030639648,37.82222366333008,37.86666488647461,2143530
2016-02-16,34.212852478027344,37.96888732910156,39.05777740478516,37.77777862548828,38.79999923706055,2096887
2016-02-17,34.30896759033203,38.07555389404297,38.411109924316406,36.893333435058594,38.01777648925781,2144205
2016-02-18,34.341007232666016,38.11111068725586,38.75555419921875,37.38444519042969,38.61111068725586,2216947
2016-02-19,34.47317123413086,38.25777816772461,38.45333480834961,37.60444259643555,38.09555435180664,1315665
2016-02-22,35.96294021606445,39.911109924316406,40.30666732788086,38.31111145019531,38.50666427612305,7006095
2016-02-23,35.24409103393555,39.11333465576172,40.28666687011719,38.93333435058594,40.155555725097656,3650040
2016-02-24,34.91569900512695,38.74888610839844,39.77777862548828,38.57777786254883,38.66666412353516,3580762
2016-02-25,34.61934280395508,38.41999816894531,39.06222152709961,38.23110961914063,38.88444519042969,1725997
2016-02-26,34.83559799194336,38.65999984741211,39.040000915527344,38.31777572631836,38.83555603027344,1828147
2016-02-29,34.59730911254883,38.39555358886719,39.911109924316406,38.22222137451172,38.70888900756836,6203992
2016-03-01,35.62854766845703,39.540000915527344,39.89777755737305,38.6533317565918,38.6533317565918,3605962
2016-03-02,36.47355270385742,40.47777557373047,40.65999984741211,39.94888687133789,39.95111083984375,3780967
2016-03-03,37.042236328125,41.10888671875,42.17777633666992,40.97777557373047,41.23777770996094,5696392
2016-03-04,36.4775619506836,40.48222351074219,41.328887939453125,40.22888946533203,41.20000076293945,4176720
2016-03-08,36.61371612548828,40.633331298828125,41.26666641235352,39.77777862548828,40.53333282470703,4800645
2016-03-09,37.30254364013672,41.39777755737305,41.83777618408203,40.133331298828125,40.66666412353516,7102552
2016-03-10,37.024208068847656,41.08888626098633,41.68888854980469,40.70222091674805,41.55110931396485,2990182
2016-03-11,37.388648986816406,41.49333190917969,41.911109924316406,41.17777633666992,41.51555633544922,5242702
2016-03-14,37.16837692260742,41.24888610839844,41.90888977050781,41.0555534362793,41.86666488647461,3542062
2016-03-15,36.76189804077149,40.79777526855469,41.46444320678711,40.68888854980469,41.459999084472656,1564852
2016-03-16,38.36781692504883,42.58000183105469,42.97777557373047,40.62222290039063,40.99555587768555,12106620
2016-03-17,37.867225646972656,42.024444580078125,43.09555435180664,41.86222076416016,42.96888732910156,4786717
2016-03-18,38.1335334777832,42.31999969482422,42.77777862548828,41.573333740234375,42.0,3912007
2016-03-21,38.09949493408203,42.282222747802734,42.75555419921875,41.81999969482422,42.0444450378418,3567510
2016-03-22,37.79713439941406,41.9466667175293,42.43999862670898,41.59999847412109,42.43999862670898,3786885
2016-03-23,37.65296173095703,41.78666687011719,42.400001525878906,41.60444259643555,41.95333480834961,2839905
2016-03-28,37.454734802246094,41.56666564941406,42.393333435058594,41.33333206176758,41.911109924316406,2215440
2016-03-29,38.143550872802734,42.33111190795898,43.08444213867188,41.56888961791992,41.76222229003906,7430917
2016-03-30,38.143550872802734,42.33111190795898,42.88444519042969,42.0,42.43111038208008,2966602
2016-03-31,37.76309967041016,41.90888977050781,42.50444412231445,41.4466667175293,42.04888916015625,3038850
2016-04-01,37.96332550048828,42.13111114501953,42.5555534362793,42.0,42.08666610717773,1758937
2016-04-04,38.23164749145508,42.42888641357422,42.75555419921875,41.911109924316406,42.3488883972168,2498242
2016-04-05,37.78311920166016,41.93111038208008,42.94888687133789,41.77999877929688,42.133331298828125,3180442
2016-04-06,38.02540969848633,42.20000076293945,42.36000061035156,41.82222366333008,42.168888092041016,1389712
2016-04-07,37.74307632446289,41.88666534423828,42.264442443847656,41.77777862548828,42.264442443847656,1059952
2016-04-08,38.14555358886719,42.33333206176758,42.83555603027344,42.09111022949219,42.119998931884766,4439295
2016-04-11,39.024600982666016,43.30888748168945,44.0533332824707,42.00444412231445,42.302223205566406,10359945
2016-04-12,39.477142333984375,43.81111145019531,44.42222213745117,43.46666717529297,43.619998931884766,5173627
2016-04-13,39.56324768066406,43.90666580200195,45.11111068725586,43.68888854980469,44.18666458129883,5635800
2016-04-18,40.50036239624024,44.9466667175293,45.11111068725586,43.24444580078125,43.98666763305664,6287197
2016-04-20,40.01178359985352,44.40444564819336,45.24444580078125,44.1511116027832,45.06666564941406,3316275
2016-04-21,40.1379280090332,44.5444450378418,45.06666564941406,44.1977767944336,44.79777526855469,2511427
2016-04-22,40.19198989868164,44.60444259643555,45.0444450378418,44.04888916015625,44.47555541992188,2079360
2016-04-25,40.16196441650391,44.57110977172852,45.67777633666992,44.23333358764648,44.71110916137695,5488740
2016-04-26,40.682579040527344,45.148887634277344,45.41555404663086,44.44444274902344,44.44444274902344,3482415
2016-04-27,40.39824295043945,44.83333206176758,45.488887786865234,44.71110916137695,45.413333892822266,1972080
2016-04-28,39.917667388916016,44.29999923706055,44.97999954223633,44.21110916137695,44.75555419921875,1874205
2016-04-29,40.0197868347168,44.413333892822266,44.88888931274414,43.96888732910156,44.39777755737305,1945035
2016-05-02,39.50116729736328,43.83777618408203,44.61333465576172,43.56888961791992,44.31111145019531,2524342
2016-05-03,40.37821960449219,44.81111145019531,45.6422233581543,44.008888244628906,44.168888092041016,7372800
2016-05-04,39.62131881713867,43.97111129760742,44.93333435058594,43.68444442749024,44.81111145019531,4014742
2016-05-05,39.19880294799805,43.502220153808594,44.25777816772461,43.39777755737305,43.9555549621582,2512350
2016-05-06,38.0093879699707,42.182220458984375,43.4577751159668,41.893333435058594,43.28888702392578,4659367
2016-05-09,38.37984085083008,42.59333419799805,42.77333450317383,42.30888748168945,42.31111145019531,3197340
2016-05-10,39.01258087158203,43.295555114746094,43.46666717529297,42.71110916137695,42.95111083984375,4970452
2016-05-11,39.04262161254883,43.328887939453125,43.72888946533203,42.40888977050781,42.65777587890625,3015562
2016-05-12,39.1807861328125,43.48222351074219,43.9555549621582,43.20444488525391,43.46222305297852,2135362
2016-05-13,39.34698486328125,43.66666412353516,43.95111083984375,42.82222366333008,43.42222213745117,2696962
2016-05-16,39.17076873779297,43.47111129760742,44.57777786254883,42.98222351074219,44.01777648925781,8774775
2016-05-17,39.26889801025391,43.58000183105469,44.29333114624024,43.35555648803711,43.86000061035156,4401360
2016-05-18,39.3950424194336,43.720001220703125,44.16444396972656,43.5555534362793,43.59999847412109,2454277
2016-05-19,39.14875030517578,43.4466667175293,43.86666488647461,43.29111099243164,43.84444427490234,1489365
2016-05-20,38.748268127441406,43.002220153808594,43.64444351196289,42.84444427490234,43.511112213134766,1351327
2016-05-23,38.36381149291992,42.57555389404297,43.41999816894531,42.35555648803711,43.26666641235352,1383322
2016-05-24,37.60891342163086,41.73777770996094,42.63999938964844,41.34000015258789,42.60888671875,1534162
2016-05-25,38.00738143920898,42.18000030517578,42.44444274902344,41.93555450439453,42.13111114501953,1326082
2016-05-26,37.76909637451172,41.91555404663086,42.53333282470703,41.782222747802734,42.35333251953125,2261272
2016-05-27,38.12152099609375,42.30666732788086,43.06666564941406,41.9555549621582,42.0444450378418,3191062
2016-05-30,38.02140426635742,42.195556640625,42.75555419921875,42.0,42.488887786865234,1801215
2016-05-31,37.96332550048828,42.13111114501953,42.46666717529297,41.77777862548828,42.35333251953125,1724220
2016-06-01,38.85639953613281,43.12222290039063,43.83111190795898,42.133331298828125,42.31111145019531,7556602
2016-06-02,39.50716781616211,43.84444427490234,44.44444274902344,43.27777862548828,43.411109924316406,3296358
2016-06-03,39.28691101074219,43.59999847412109,44.09999847412109,43.33333206176758,44.09999847412109,1395585
2016-06-06,38.32576751708984,42.53333282470703,43.36666488647461,41.5555534362793,43.36666488647461,2514753
2016-06-07,38.56604766845703,42.79999923706055,43.0444450378418,42.35555648803711,43.0444450378418,1318734
2016-06-08,37.83517837524414,41.988887786865234,43.33333206176758,41.59999847412109,42.47777557373047,2431530
2016-06-09,37.83517837524414,41.988887786865234,42.400001525878906,41.5555534362793,42.22222137451172,1494828
2016-06-10,37.68500518798828,41.82222366333008,42.44444274902344,41.64444351196289,42.14444351196289,1063215
2016-06-13,37.49478149414063,41.61111068725586,42.0,41.0,41.655555725097656,1122651
2016-06-14,36.92408752441406,40.97777557373047,41.94444274902344,40.66666412353516,41.64444351196289,1848798
2016-06-15,36.81396865844727,40.85555648803711,41.35555648803711,40.66666412353516,41.33333206176758,2318022
2016-06-16,37.14435577392578,41.22222137451172,41.62222290039063,40.22222137451172,40.66666412353516,2223990
2016-06-17,37.06426239013672,41.133331298828125,41.5444450378418,40.66666412353516,41.53333282470703,1647675
2016-06-20,37.26449966430664,41.35555648803711,41.988887786865234,40.64444351196289,40.83333206176758,1797322
2016-06-21,37.11432266235352,41.18888854980469,41.5444450378418,40.72222137451172,41.36666488647461,1485526
2016-06-22,37.38463592529297,41.488887786865234,42.64444351196289,41.11111068725586,42.0,4664857
2016-06-23,37.4747428894043,41.58888626098633,41.86666488647461,41.11111068725586,41.59999847412109,964170
2016-06-24,37.21443939208984,41.29999923706055,41.5444450378418,39.11111068725586,39.33333206176758,2006721
2016-06-27,37.54482650756836,41.66666412353516,42.0,40.92222213745117,40.97777557373047,1234327
2016-06-28,38.54603576660156,42.77777862548828,42.988887786865234,41.77777862548828,41.77777862548828,2730109
2016-06-29,38.29572677612305,42.5,43.21110916137695,41.877777099609375,43.011112213134766,2859799
2016-06-30,38.16557693481445,42.35555648803711,42.911109924316406,42.0,42.75555419921875,1078947
2016-07-01,38.59609222412109,42.83333206176758,43.488887786865234,42.43333435058594,42.44444274902344,2334865
2016-07-04,38.72624969482422,42.97777557373047,43.74444580078125,42.71110916137695,42.88888931274414,2924590
2016-07-05,39.00657272338867,43.28888702392578,43.93333435058594,43.011112213134766,43.33333206176758,2682837
2016-07-07,43.16153717041016,47.900001525878906,49.488887786865234,44.07777786254883,44.08888626098633,28473399
2016-07-08,44.03257751464844,48.86666488647461,49.75555419921875,47.11111068725586,48.0,16998754
2016-07-11,45.97489929199219,51.022220611572266,51.655555725097656,48.88888931274414,49.5555534362793,15255481
2016-07-12,51.64166641235352,57.31111145019531,58.5555534362793,51.09999847412109,51.09999847412109,47387830
2016-07-13,46.00493621826172,51.0555534362793,59.28888702392578,50.16666412353516,57.5555534362793,46824268
2016-07-14,48.277645111083984,53.57777786254883,54.11111068725586,51.133331298828125,51.133331298828125,27782833
2016-07-15,49.138671875,54.53333282470703,55.75555419921875,53.88888931274414,54.84444427490234,12869667
2016-07-18,48.527950286865234,53.85555648803711,55.22222137451172,53.5,54.74444580078125,5063827
2016-07-19,49.35893249511719,54.77777862548828,55.06666564941406,53.022220611572266,54.155555725097656,7590235
2016-07-20,48.40780258178711,53.72222137451172,55.0555534362793,53.35555648803711,55.022220611572266,3693537
2016-07-21,49.87956237792969,55.35555648803711,56.31111145019531,53.59999847412109,54.0,11111697
2016-07-22,50.25000381469727,55.76666641235352,56.26666641235352,54.488887786865234,55.11111068725586,4732456
2016-07-25,49.96967697143555,55.4555549621582,56.31111145019531,54.77777862548828,55.73333358764648,3533800
2016-07-26,49.22878646850586,54.633331298828125,56.133331298828125,54.46666717529297,55.11111068725586,3389341
2016-07-27,49.43903350830078,54.86666488647461,55.76666641235352,54.66666412353516,54.79999923706055,2586568
2016-07-28,49.008522033691406,54.38888931274414,55.28888702392578,54.18888854980469,54.88888931274414,2747479
2016-07-29,49.49911117553711,54.93333435058594,55.400001525878906,54.22222137451172,54.66666412353516,2408859
2016-08-01,48.89839172363281,54.26666641235352,55.31111145019531,53.79999923706055,55.31111145019531,1743448
2016-08-02,49.05857849121094,54.44444274902344,55.5,54.11111068725586,54.24444580078125,2632788
2016-08-03,47.79708099365234,53.0444450378418,54.66666412353516,52.71110916137695,54.35555648803711,1918129
2016-08-04,48.38777923583984,53.70000076293945,55.11111068725586,53.35555648803711,54.79999923706055,3218004
2016-08-05,48.98849487304688,54.36666488647461,54.78888702392578,53.877777099609375,54.11111068725586,2039562
2016-08-08,48.648094177246094,53.988887786865234,54.77777862548828,53.79999923706055,54.53333282470703,1355661
2016-08-09,48.29767990112305,53.59999847412109,54.75555419921875,53.44444274902344,54.0,1569919
2016-08-10,47.47669219970703,52.68888854980469,53.877777099609375,52.022220611572266,53.75555419921875,1886701
2016-08-11,46.64570236206055,51.76666641235352,53.77777862548828,51.38888931274414,52.86666488647461,3120084
2016-08-12,46.18514251708984,51.25555419921875,52.44444274902344,51.12222290039063,51.900001525878906,1814881
2016-08-16,46.52556228637695,51.633331298828125,52.75555419921875,51.26666641235352,51.46666717529297,1713289
2016-08-17,46.26524353027344,51.34444427490234,52.07777786254883,51.133331298828125,51.93333435058594,1152724
2016-08-18,48.44784927368164,53.76666641235352,54.66666412353516,51.5555534362793,51.5555534362793,5974645
2016-08-19,48.47789001464844,53.79999923706055,54.84444427490234,53.0,53.5555534362793,3718066
2016-08-22,48.62808227539063,53.96666717529297,55.18888854980469,53.66666412353516,54.18888854980469,3702568
2016-08-23,48.187538146972656,53.47777557373047,54.25555419921875,52.88888931274414,53.988887786865234,1837530
2016-08-24,48.107452392578125,53.38888931274414,54.33333206176758,53.022220611572266,53.92222213745117,2831319
2016-08-25,48.0874252319336,53.36666488647461,54.11111068725586,52.38888931274414,53.53333282470703,1704249
2016-08-26,48.0573844909668,53.33333206176758,53.877777099609375,53.11111068725586,53.53333282470703,1204771
2016-08-29,47.4066047668457,52.61111068725586,53.36666488647461,52.36666488647461,53.33333206176758,1468363
2016-08-30,47.9873046875,53.25555419921875,53.44444274902344,52.26666641235352,52.26666641235352,1517575
2016-08-31,48.30768585205078,53.61111068725586,54.59999847412109,52.78888702392578,53.35555648803711,4053622
2016-09-01,48.40780258178711,53.72222137451172,54.35555648803711,53.35555648803711,53.655555725097656,1734192
2016-09-02,48.97848892211914,54.35555648803711,55.5444450378418,53.58888626098633,54.0,8460081
2016-09-06,49.56919097900391,55.011112213134766,55.42222213745117,54.77777862548828,55.06666564941406,2714994
2016-09-07,50.45024108886719,55.988887786865234,56.43333435058594,55.5,56.11111068725586,5911186
2016-09-08,51.63101577758789,56.84444427490234,57.22222137451172,56.0,56.0,5096421
2016-09-09,50.90438079833984,56.0444450378418,57.94444274902344,55.68888854980469,57.33333206176758,4943650
2016-09-12,49.45113754272461,54.44444274902344,56.11111068725586,54.17777633666992,54.88888931274414,2535898
2016-09-14,50.18784713745117,55.25555419921875,55.900001525878906,54.86666488647461,54.877777099609375,2817850
2016-09-15,51.19706344604492,56.36666488647461,56.76666641235352,55.59999847412109,56.57777786254883,5636439
2016-09-16,50.25849914550781,55.33333206176758,56.75555419921875,55.09999847412109,56.4555549621582,2153947
2016-09-19,50.864017486572266,56.0,56.22222137451172,53.88888931274414,55.5555534362793,3197389
2016-09-20,51.08605194091797,56.24444580078125,57.27777862548828,55.911109924316406,56.9555549621582,3116956
2016-09-21,51.247520446777344,56.42222213745117,57.76666641235352,56.155555725097656,57.5555534362793,4529164
2016-09-22,51.00530624389648,56.155555725097656,57.08888626098633,55.900001525878906,56.88888931274414,1994035
2016-09-23,51.21723937988281,56.38888931274414,56.59999847412109,55.633331298828125,56.33333206176758,1587649
2016-09-26,51.01539993286133,56.16666412353516,56.82222366333008,55.77777862548828,56.43333435058594,1598944
2016-09-27,51.07595443725586,56.23333358764648,56.53333282470703,55.44444274902344,56.27777862548828,1489207
2016-09-28,52.10533905029297,57.36666488647461,57.61111068725586,56.0444450378418,56.33333206176758,2920567
2016-09-29,50.60161972045898,55.71110916137695,58.31111145019531,54.66666412353516,57.35555648803711,4237605
2016-09-30,50.81355667114258,55.94444274902344,56.5555534362793,54.911109924316406,55.33333206176758,1214262
2016-10-03,52.297096252441406,57.57777786254883,57.77777862548828,56.0,56.66666412353516,2458485
2016-10-04,56.101806640625,61.76666641235352,63.09999847412109,57.44444274902344,57.97777557373047,16071453
2016-10-05,56.687137603759766,62.411109924316406,66.53333282470703,62.0444450378418,62.42222213745117,20674219
2016-10-06,55.04213333129883,60.59999847412109,63.06666564941406,60.33333206176758,62.57777786254883,7791997
2016-10-07,53.30630111694336,58.68888854980469,60.66666412353516,58.44444274902344,60.62222290039063,3750039
2016-10-10,52.85215759277344,58.18888854980469,59.155555725097656,57.82222366333008,58.76666641235352,1711998
2016-10-13,51.98424530029297,57.23333358764648,59.53333282470703,56.26666641235352,57.9555549621582,8067667
2016-10-14,51.80257415771485,57.03333282470703,58.33333206176758,56.83333206176758,57.74444580078125,2288619
2016-10-17,50.50070190429688,55.59999847412109,57.44444274902344,55.377777099609375,56.5555534362793,2718927
2016-10-18,50.99522399902344,56.14444351196289,56.66666412353516,55.78888702392578,56.08888626098633,2399841
2016-10-19,51.12641143798828,56.28888702392578,56.86666488647461,56.11111068725586,56.32222366333008,1758924
2016-10-20,50.65208435058594,55.76666641235352,56.42222213745117,54.46666717529297,55.27777862548828,19293385
2016-10-21,48.68413162231445,53.59999847412109,54.88888931274414,53.38888931274414,53.96666717529297,24459898
2016-10-24,47.7960319519043,52.62222290039063,53.27777862548828,52.5,52.66666412353516,26692465
2016-10-25,48.81532669067383,53.74444580078125,54.08888626098633,52.66666412353516,52.66666412353516,14444158
2016-10-26,48.00796890258789,52.85555648803711,54.20000076293945,52.72222137451172,53.77777862548828,6664207
2016-10-27,48.28044128417969,53.155555725097656,53.5555534362793,52.633331298828125,52.911109924316406,3989938
2016-10-28,48.42173767089844,53.31111145019531,53.71110916137695,53.11111068725586,53.33333206176758,2979796
2016-11-01,48.58320617675781,53.488887786865234,54.44444274902344,53.33333206176758,54.400001525878906,4020903
2016-11-02,48.3510856628418,53.23333358764648,53.53333282470703,52.72222137451172,53.31111145019531,3083584
2016-11-03,47.47307968139648,52.26666641235352,53.31111145019531,52.0,53.31111145019531,3377569
2016-11-04,46.09047317504883,50.74444580078125,52.522220611572266,50.44444274902344,52.32222366333008,3164269
2016-11-07,47.31160736083984,52.08888626098633,53.488887786865234,51.25555419921875,51.25555419921875,5377662
2016-11-08,47.33179473876953,52.11111068725586,52.77777862548828,51.78888702392578,52.77777862548828,1964583
2016-11-09,44.68767929077149,49.20000076293945,51.08888626098633,44.23333358764648,46.22222137451172,9064579
2016-11-10,46.89782333374024,51.633331298828125,52.22222137451172,50.4555549621582,50.83333206176758,5509152
2016-11-11,45.80789566040039,50.43333435058594,51.67777633666992,50.26666641235352,50.84444427490234,3237259
2016-11-15,44.90970230102539,49.44444274902344,50.86666488647461,49.011112213134766,50.66666412353516,2791179
2016-11-16,44.41519165039063,48.900001525878906,50.53333282470703,48.400001525878906,49.86666488647461,3419329
2016-11-17,43.739017486572266,48.155555725097656,49.44444274902344,47.77777862548828,48.64444351196289,2122497
2016-11-18,44.37482452392578,48.85555648803711,49.46666717529297,48.377777099609375,48.66666412353516,2668113
2016-11-21,42.39677429199219,46.67777633666992,49.31111145019531,46.24444580078125,48.94444274902344,5650744
2016-11-22,42.75000381469727,47.06666564941406,47.655555725097656,46.11111068725586,47.377777099609375,6430576
2016-11-23,46.151023864746094,50.81111145019531,51.09999847412109,47.33333206176758,47.71110916137695,8136787
2016-11-24,45.49503326416016,50.08888626098633,51.66666412353516,49.77777862548828,50.5555534362793,7250152
2016-11-25,45.68678665161133,50.29999923706055,51.0555534362793,50.11111068725586,50.522220611572266,2693484
2016-11-28,45.8179817199707,50.44444274902344,51.38888931274414,50.24444580078125,50.44444274902344,3241845
2016-11-29,45.80789566040039,50.43333435058594,50.88888931274414,50.03333282470703,50.88888931274414,3268602
2016-11-30,46.04000854492188,50.68888854980469,51.011112213134766,50.34444427490234,50.655555725097656,2858845
2016-12-01,45.86844253540039,50.5,51.58888626098633,50.33333206176758,50.911109924316406,3327889
2016-12-02,44.8592414855957,49.38888931274414,50.43333435058594,48.78888702392578,50.18888854980469,2322549
2016-12-05,45.717063903808594,50.33333206176758,50.66666412353516,48.94444274902344,49.64444351196289,3041199
2016-12-06,47.22078323364258,51.988887786865234,52.877777099609375,50.06666564941406,50.5555534362793,8940865
2016-12-07,46.91801452636719,51.655555725097656,52.44444274902344,51.022220611572266,52.17777633666992,5337225
2016-12-08,47.45289993286133,52.24444580078125,52.5555534362793,51.78888702392578,51.86666488647461,2628378
2016-12-09,47.109771728515625,51.86666488647461,52.46666717529297,51.57777786254883,52.44444274902344,1724224
2016-12-12,46.373043060302734,51.0555534362793,52.47777557373047,50.84444427490234,51.85555648803711,2261826
2016-12-13,45.918907165527344,50.5555534362793,51.27777862548828,50.46666717529297,51.0,1641622
2016-12-14,45.53540802001953,50.133331298828125,50.86666488647461,50.0,50.59999847412109,1237419
2016-12-15,45.07117462158203,49.62222290039063,50.27777862548828,49.33333206176758,49.4555549621582,2003305
2016-12-16,45.35374450683594,49.93333435058594,50.66666412353516,49.377777099609375,49.377777099609375,4169848
2016-12-19,45.18218612670898,49.74444580078125,50.5555534362793,49.56666564941406,50.35555648803711,2635096
2016-12-20,46.1611213684082,50.82222366333008,51.25555419921875,49.877777099609375,50.17777633666992,3990676
2016-12-21,45.74734115600586,50.36666488647461,51.11111068725586,50.22222137451172,51.11111068725586,1299618
2016-12-22,45.00053405761719,49.5444450378418,50.32222366333008,49.33333206176758,50.22222137451172,1423485
2016-12-23,45.06108856201172,49.61111068725586,50.20000076293945,49.22222137451172,49.22222137451172,1244052
2016-12-26,44.36473083496094,48.84444427490234,50.97777557373047,47.68888854980469,49.5555534362793,9289431
2016-12-27,45.41430282592773,50.0,50.5555534362793,48.4555549621582,48.82222366333008,5828562
2016-12-28,46.2519416809082,50.92222213745117,52.20000076293945,50.24444580078125,50.66666412353516,6940903
2016-12-29,47.634559631347656,52.44444274902344,52.66666412353516,51.11111068725586,51.22222137451172,7545100
2016-12-30,48.22999572753906,53.09999847412109,54.28888702392578,52.70000076293945,52.94444274902344,9740371
2017-01-02,51.156700134277344,56.32222366333008,56.61111068725586,53.56666564941406,53.56666564941406,16200522
2017-01-03,51.358524322509766,56.5444450378418,57.72222137451172,56.0,57.28888702392578,9281893
2017-01-04,49.87499237060547,54.911109924316406,57.31111145019531,54.46666717529297,56.988887786865234,14872171
2017-01-05,50.37959289550781,55.46666717529297,56.0,53.42222213745117,55.22222137451172,8360577
2017-01-06,50.65208435058594,55.76666641235352,56.511112213134766,55.47777557373047,55.5444450378418,3626703
2017-01-09,52.02461242675781,57.27777862548828,58.0,55.36666488647461,55.9555549621582,7737826
2017-01-10,54.12376022338867,59.58888626098633,60.0,57.0555534362793,57.59999847412109,14112427
2017-01-11,55.173336029052734,60.74444580078125,61.11111068725586,59.35555648803711,60.12222290039063,10303119
2017-01-12,54.93111801147461,60.47777557373047,61.08888626098633,59.655555725097656,61.08888626098633,6373426
2017-01-13,55.4458236694336,61.0444450378418,61.59999847412109,60.23333358764648,60.655555725097656,4425291
2017-01-16,55.57701873779297,61.18888854980469,62.655555725097656,60.911109924316406,61.24444580078125,7053313
2017-01-17,56.37428283691406,62.06666564941406,63.5555534362793,61.377777099609375,61.377777099609375,13755703
2017-01-18,55.627479553222656,61.24444580078125,62.85555648803711,61.11111068725586,62.511112213134766,6297592
2017-01-19,54.71919250488281,60.24444580078125,61.67777633666992,59.93333435058594,61.44444274902344,5278950
2017-01-20,52.11543655395508,57.377777099609375,60.32222366333008,57.06666564941406,60.22222137451172,10198782
2017-01-23,52.842063903808594,58.17777633666992,58.400001525878906,57.33333206176758,57.46666717529297,3707131
2017-01-24,53.88154983520508,59.32222366333008,60.0,58.66666412353516,58.73333358764648,5063283
2017-01-25,53.91182708740234,59.35555648803711,59.67777633666992,58.900001525878906,59.5444450378418,2657524
2017-01-27,54.31550598144531,59.79999923706055,60.155555725097656,59.35555648803711,59.62222290039063,4607059
2017-01-30,53.86136245727539,59.29999923706055,59.79999923706055,59.11111068725586,59.79999923706055,2148889
2017-01-31,54.64854049682617,60.16666412353516,60.83333206176758,59.11111068725586,59.33333206176758,5699497
2017-02-01,55.45590972900391,61.0555534362793,61.33333206176758,60.23333358764648,60.59999847412109,7851402
2017-02-02,55.54674530029297,61.155555725097656,61.5,61.0,61.33333206176758,3252406
2017-02-03,55.64766311645508,61.26666641235352,61.77777862548828,60.34444427490234,61.400001525878906,4080780
2017-02-06,56.2229118347168,61.900001525878906,62.44444274902344,61.29999923706055,61.57777786254883,4509621
2017-02-07,56.162353515625,61.83333206176758,62.66666412353516,61.411109924316406,62.21110916137695,3608730
2017-02-08,56.84861373901367,62.58888626098633,62.84444427490234,61.34444427490234,62.08888626098633,3470287
2017-02-09,56.70732116699219,62.43333435058594,62.88888931274414,61.86666488647461,62.77777862548828,3398445
2017-02-10,56.77797317504883,62.511112213134766,62.88888931274414,62.26666641235352,62.44444274902344,3236310
2017-02-13,56.96971893310547,62.72222137451172,63.511112213134766,62.33333206176758,62.84444427490234,11577627
2017-02-14,57.898197174072266,63.74444580078125,63.97777557373047,62.53333282470703,63.11111068725586,6956739
2017-02-15,57.76699447631836,63.59999847412109,64.34444427490234,63.22222137451172,63.35555648803711,7694721
2017-02-16,58.38261032104492,64.27777862548828,66.0,63.66666412353516,63.75555419921875,14511982
2017-02-17,53.01362991333008,58.36666488647461,64.56666564941406,51.900001525878906,64.56666564941406,18493560
2017-02-20,53.60400772094727,59.01666641235352,60.58333206176758,58.36666488647461,58.633331298828125,6364932
2017-02-21,53.30126190185547,58.68333435058594,59.46666717529297,58.33333206176758,59.31666564941406,3396345
2017-02-22,52.892520904541016,58.23333358764648,58.98333358764648,57.73333358764648,58.93333435058594,4338720
2017-02-23,51.96910095214844,57.21666717529297,58.29999923706055,57.06666564941406,58.29999923706055,2980200
2017-02-27,50.879154205322266,56.01666641235352,57.46666717529297,55.66666412353516,57.29999923706055,3723099
2017-02-28,51.12136459350586,56.28333282470703,57.31666564941406,55.20000076293945,56.133331298828125,3543075
2017-03-01,49.98601150512695,55.03333282470703,56.59999847412109,54.66666412353516,56.58333206176758,3976602
2017-03-02,50.22821807861328,55.29999923706055,56.73333358764648,55.0,55.06666564941406,4884492
2017-03-03,50.9245719909668,56.06666564941406,56.33333206176758,54.86666488647461,55.29999923706055,3330768
2017-03-06,50.65208435058594,55.76666641235352,56.34999847412109,55.633331298828125,56.34999847412109,2597979
2017-03-07,50.561256408691406,55.66666412353516,56.96666717529297,55.5,56.96666717529297,3596586
2017-03-08,49.94059753417969,54.98333358764648,55.76666641235352,54.83333206176758,55.53333282470703,3044199
2017-03-09,51.07595443725586,56.23333358764648,56.51666641235352,53.51666641235352,54.93333435058594,3097857
2017-03-10,51.74202728271485,56.96666717529297,57.41666412353516,55.66666412353516,56.23333358764648,5036127
2017-03-14,54.02788543701172,59.48333358764648,59.79999923706055,57.83333206176758,58.36666488647461,10056732
2017-03-15,54.51230239868164,60.01666641235352,60.46666717529297,58.78333282470703,59.70000076293945,6995109
2017-03-16,54.52743911743164,60.03333282470703,60.66666412353516,59.83333206176758,60.66666412353516,5216667
2017-03-17,54.22467422485352,59.70000076293945,60.633331298828125,58.5,60.633331298828125,15248727
2017-03-20,53.28611373901367,58.66666412353516,59.883331298828125,58.45000076293945,59.86666488647461,2687511
2017-03-21,53.52832794189453,58.93333435058594,59.46666717529297,58.04999923706055,58.76666641235352,2673390
2017-03-22,52.81682968139648,58.150001525878906,59.11666488647461,57.84999847412109,58.33333206176758,2517747
2017-03-23,52.96821594238281,58.31666564941406,58.81666564941406,58.21666717529297,58.21666717529297,1564344
2017-03-24,53.01362991333008,58.36666488647461,59.33333206176758,58.20000076293945,58.56666564941406,2645430
2017-03-27,52.892520904541016,58.23333358764648,58.650001525878906,57.66666412353516,58.33333206176758,2027535
2017-03-28,52.37019348144531,57.48333358764648,58.53333282470703,57.36666488647461,58.21666717529297,2133534
2017-03-29,52.09687423706055,57.18333435058594,57.95000076293945,56.70000076293945,57.73333358764648,3794118
2017-03-30,52.50683975219727,57.633331298828125,58.45000076293945,57.21666717529297,57.33333206176758,6631926
2017-03-31,52.24870681762695,57.34999847412109,57.98333358764648,57.0,57.83333206176758,3026160
2017-04-03,52.62832260131836,57.76666641235352,58.0,57.383331298828125,57.5,2247966
2017-04-05,52.20315933227539,57.29999923706055,58.133331298828125,57.09999847412109,58.0,3221319
2017-04-06,52.55240249633789,57.68333435058594,58.0,57.0,57.33333206176758,2976384
2017-04-07,53.78231048583984,59.03333282470703,59.73333358764648,57.28333282470703,57.61666488647461,7736013
2017-04-10,54.73891067504883,60.08333206176758,60.46666717529297,59.51666641235352,59.66666412353516,4598403
2017-04-11,55.08815383911133,60.46666717529297,60.633331298828125,59.70000076293945,60.31666564941406,3154365
2017-04-12,54.1011848449707,59.383331298828125,61.41666412353516,58.36666488647461,60.66666412353516,3590556
2017-04-13,54.25302505493164,59.54999923706055,60.54999923706055,58.883331298828125,59.83333206176758,2027241
2017-04-17,54.98185348510742,60.34999847412109,60.66666412353516,58.61666488647461,59.34999847412109,2674068
2017-04-18,54.99704360961914,60.36666488647461,61.53333282470703,60.03333282470703,60.96666717529297,4606812
2017-04-19,55.27036285400391,60.66666412353516,61.5,60.33333206176758,61.23333358764648,2761428
2017-04-20,58.15535354614258,63.83333206176758,64.0,62.03333282470703,62.08333206176758,9658101
2017-04-21,58.30720520019531,64.0,65.66666412353516,63.66666412353516,64.56666564941406,5659902
2017-04-24,59.263797760009766,65.05000305175781,65.19999694824219,63.21666717529297,64.0,5090283
2017-04-25,58.48941040039063,64.19999694824219,65.56666564941406,64.0,65.33333587646484,2231661
2017-04-26,59.03603744506836,64.80000305175781,65.33333587646484,63.58333206176758,64.66666412353516,6451782
2017-04-27,60.67593002319336,66.5999984741211,67.23332977294922,65.13333129882812,65.13333129882812,9018792
2017-04-28,60.66074752807617,66.58333587646484,68.66666412353516,66.33333587646484,67.33333587646484,14825430
2017-05-02,59.58267211914063,65.4000015258789,67.19999694824219,64.73332977294922,67.0,3788946
2017-05-03,60.84294509887695,66.78333282470703,67.94999694824219,65.11666870117188,65.18333435058594,8382105
2017-05-04,60.463340759277344,66.36666870117188,67.44999694824219,66.0,67.0999984741211,2384403
2017-05-05,59.87117004394531,65.71666717529297,67.31666564941406,65.5,66.44999694824219,3757860
2017-05-08,60.55446243286133,66.46666717529297,66.75,66.0,66.0999984741211,2797095
2017-05-09,60.14447784423828,66.01666259765625,66.93333435058594,65.81666564941406,66.5,2063190
2017-05-10,60.15966033935547,66.03333282470703,67.0999984741211,65.83333587646484,66.3499984741211,3361761
2017-05-11,59.55230712890625,65.36666870117188,66.58333587646484,65.0,66.31666564941406,1865421
2017-05-12,58.990482330322266,64.75,65.56666564941406,64.19999694824219,65.33333587646484,1407651
2017-05-15,60.00782775878906,65.86666870117188,66.21666717529297,64.83333587646484,64.83333587646484,1543359
2017-05-16,60.20521926879883,66.08333587646484,66.6500015258789,65.4000015258789,66.0,1871796
2017-05-17,60.84294509887695,66.78333282470703,67.6500015258789,65.66666412353516,66.19999694824219,5757819
2017-05-18,58.97529220581055,64.73332977294922,66.41666412353516,64.5,65.66666412353516,2360226
2017-05-19,58.77790451049805,64.51666259765625,65.91666412353516,64.16666412353516,65.33333587646484,1757154
2017-05-22,57.456878662109375,63.06666564941406,65.33333587646484,62.70000076293945,65.06666564941406,2902557
2017-05-23,54.95149612426758,60.31666564941406,62.75,59.400001525878906,62.400001525878906,3609234
2017-05-24,54.86040115356445,60.21666717529297,61.66666412353516,59.56666564941406,60.59999847412109,3358533
2017-05-25,56.77360153198242,62.31666564941406,62.900001525878906,60.58333206176758,60.66666412353516,3478362
2017-05-26,59.127140045166016,64.9000015258789,65.4000015258789,62.81666564941406,63.0,5893695
2017-05-29,59.18788528442383,64.96666717529297,66.5,64.5,66.0,6787122
2017-05-30,59.55230712890625,65.36666870117188,65.56666564941406,63.21666717529297,64.4000015258789,4084209
2017-05-31,59.20305633544922,64.98332977294922,65.80000305175781,64.23332977294922,65.30000305175781,1401369
2017-06-01,58.74753952026367,64.48332977294922,64.96666717529297,63.5,64.33333587646484,1425300
2017-06-02,59.41564178466797,65.21666717529297,66.16666412353516,64.76666259765625,65.08333587646484,3358785
2017-06-05,61.085899353027344,67.05000305175781,67.93333435058594,65.0,65.0,6656808
2017-06-06,61.41994857788086,67.41666412353516,69.51666259765625,67.08333587646484,68.83333587646484,9596118
2017-06-07,61.00998306274414,66.96666717529297,67.81666564941406,66.61666870117188,67.5,2151459
2017-06-08,60.25077819824219,66.13333129882812,67.66666412353516,66.01666259765625,67.66666412353516,1914387
2017-06-09,60.29632186889648,66.18333435058594,66.93333435058594,65.36666870117188,66.03333282470703,1908690
2017-06-12,60.3115119934082,66.19999694824219,66.9000015258789,65.36666870117188,65.5,1692303
2017-06-13,60.387451171875,66.28333282470703,66.80000305175781,66.06666564941406,66.25,1755273
2017-06-14,60.357051849365234,66.25,66.5,65.55000305175781,66.25,2001342
2017-06-15,60.0381965637207,65.9000015258789,66.19999694824219,65.66666412353516,65.73332977294922,1852272
2017-06-16,60.94923782348633,66.9000015258789,68.16666412353516,65.5,65.91666412353516,13591173
2017-06-19,62.391746520996094,68.48332977294922,68.9000015258789,66.56666564941406,67.66666412353516,5930187
2017-06-20,62.84726333618164,68.98332977294922,70.19999694824219,68.71666717529297,70.1500015258789,13052829
2017-06-21,63.7127685546875,69.93333435058594,70.5,69.01666259765625,69.30000305175781,6980547
2017-06-22,62.83207321166992,68.96666717529297,71.16666412353516,68.18333435058594,70.19999694824219,6958302
2017-06-23,63.43943405151367,69.63333129882812,70.33333587646484,67.16666412353516,69.33333587646484,9037470
2017-06-27,61.38959503173828,67.38333129882812,70.0,67.16666412353516,69.98332977294922,5555367
2017-06-28,61.79956817626953,67.83333587646484,68.26666259765625,66.83333587646484,67.13333129882812,3151674
2017-06-29,62.0425033569336,68.0999984741211,69.0,67.91666412353516,68.11666870117188,3083232
2017-06-30,61.49586486816406,67.5,68.0,66.83333587646484,67.83333587646484,3488880
2017-07-03,63.02946853637695,69.18333435058594,69.81666564941406,67.76666259765625,68.06666564941406,5090784
2017-07-04,62.28544998168945,68.36666870117188,69.73332977294922,68.03333282470703,69.0,2310708
2017-07-05,62.589134216308594,68.69999694824219,69.25,67.91666412353516,68.33333587646484,2293698
2017-07-06,62.60430908203125,68.71666717529297,69.33333587646484,68.5,69.0,1574589
2017-07-07,62.17915344238281,68.25,69.0,68.0,68.51666259765625,2040741
2017-07-10,62.33099365234375,68.41666412353516,68.83333587646484,68.01666259765625,68.58333587646484,394485
2017-07-11,63.45463562011719,69.6500015258789,70.78333282470703,68.68333435058594,68.80000305175781,7707810
2017-07-12,64.21382904052734,70.48332977294922,70.98332977294922,69.41666412353516,70.0,4584072
2017-07-13,64.51752471923828,70.81666564941406,71.26666259765625,70.3499984741211,70.94999694824219,2894079
2017-07-14,63.8646125793457,70.0999984741211,70.93333435058594,69.73332977294922,70.81666564941406,2651856
2017-07-17,64.16828155517578,70.43333435058594,71.16666412353516,70.05000305175781,71.16666412353516,1753719
2017-07-18,63.65202331542969,69.86666870117188,70.80000305175781,69.71666717529297,70.0999984741211,1795416
2017-07-19,64.01643371582031,70.26666259765625,70.5999984741211,69.71666717529297,70.0,1289850
2017-07-20,65.550048828125,71.94999694824219,72.30000305175781,69.68333435058594,70.56666564941406,6879078
2017-07-21,65.47412872314453,71.86666870117188,72.86666870117188,71.30000305175781,72.63333129882812,4482186
2017-07-24,65.32227325439453,71.69999694824219,72.48332977294922,71.16666412353516,72.08333587646484,2396385
2017-07-25,63.51536178588867,69.71666717529297,71.83333587646484,69.13333129882812,71.69999694824219,4385748
2017-07-26,63.98606872558594,70.23332977294922,70.71666717529297,69.33333587646484,69.68333435058594,2075856
2017-07-27,63.31796646118164,69.5,71.38333129882812,68.81666564941406,70.16666412353516,4193538
2017-07-28,64.21382904052734,70.48332977294922,70.88333129882812,68.93333435058594,69.26666259765625,3734448
2017-07-31,63.62166976928711,69.83333587646484,70.69999694824219,69.5999984741211,70.4000015258789,2383752
2017-08-01,64.35049438476562,70.63333129882812,71.13333129882812,69.91666412353516,69.91666412353516,2692638
2017-08-02,65.29192352294922,71.66666412353516,71.96666717529297,70.08333587646484,70.6500015258789,4993173
2017-08-03,65.92965698242188,72.36666870117188,73.19999694824219,71.4000015258789,71.83333587646484,6871167
2017-08-04,65.80817413330078,72.23332977294922,72.43333435058594,71.30000305175781,72.26666259765625,2948535
2017-08-07,64.89712524414062,71.23332977294922,72.58333587646484,70.66666412353516,71.8499984741211,2127660
2017-08-08,64.53271484375,70.83333587646484,71.5,70.33333587646484,71.23332977294922,2568903
2017-08-09,63.12057495117188,69.28333282470703,70.48332977294922,69.0,70.38333129882812,1969326
2017-08-10,59.23343276977539,65.01666259765625,69.1500015258789,64.03333282470703,68.66666412353516,4521387
2017-08-11,60.63037490844727,66.55000305175781,67.9000015258789,62.70000076293945,64.36666870117188,8140065
2017-08-14,62.72579193115234,68.8499984741211,70.4000015258789,67.55000305175781,67.5999984741211,5235513
2017-08-16,63.2876091003418,69.46666717529297,70.83333587646484,68.86666870117188,69.9000015258789,5306526
2017-08-17,62.95355224609375,69.0999984741211,70.16666412353516,68.78333282470703,69.55000305175781,1882575
2017-08-18,63.25723648071289,69.43333435058594,70.06666564941406,68.26666259765625,68.4000015258789,3204591
2017-08-21,62.482852935791016,68.58333587646484,70.55000305175781,68.3499984741211,69.69999694824219,2590335
2017-08-22,61.78436279296875,67.81666564941406,69.30000305175781,67.51666259765625,68.80000305175781,1756242
2017-08-23,62.28544998168945,68.36666870117188,68.58333587646484,67.51666259765625,68.19999694824219,1559772
2017-08-24,62.49802017211914,68.5999984741211,69.38333129882812,68.18333435058594,68.83333587646484,2040108
2017-08-28,62.83207321166992,68.96666717529297,69.28333282470703,68.75,69.0,929001
2017-08-29,62.0728759765625,68.13333129882812,69.0,67.80000305175781,69.0,1524648
2017-08-30,62.68023300170898,68.80000305175781,69.33333587646484,68.38333129882812,68.5999984741211,1243995
2017-08-31,62.118431091308594,68.18333435058594,69.1500015258789,68.01666259765625,68.83333587646484,1670271
2017-09-01,63.363529205322266,69.55000305175781,69.98332977294922,68.4000015258789,68.46666717529297,2753637
2017-09-04,62.80170822143555,68.93333435058594,70.56666564941406,68.68333435058594,69.9000015258789,2434848
2017-09-05,63.46981430053711,69.66666412353516,70.25,69.21666717529297,69.46666717529297,1600770
2017-09-06,63.2876091003418,69.46666717529297,70.1500015258789,68.8499984741211,69.1500015258789,2273646
2017-09-07,64.2034912109375,70.0999984741211,71.28333282470703,69.69999694824219,70.80000305175781,3170088
2017-09-08,63.74555206298828,69.5999984741211,70.66666412353516,69.46666717529297,70.6500015258789,1449246
2017-09-11,63.6386833190918,69.48332977294922,70.30000305175781,69.3499984741211,70.0,1254060
2017-09-12,65.18042755126953,71.16666412353516,72.55000305175781,69.69999694824219,70.0,7341801
2017-09-13,64.15769958496094,70.05000305175781,71.83333587646484,69.68333435058594,71.36666870117188,1922487
2017-09-14,65.0735855102539,71.05000305175781,72.28333282470703,69.76666259765625,70.63333129882812,5281305
2017-09-15,64.82933807373047,70.78333282470703,71.46666717529297,70.3499984741211,70.81666564941406,1734600
2017-09-18,65.19569396972656,71.18333435058594,71.83333587646484,71.01666259765625,71.13333129882812,1622187
2017-09-19,65.63837432861328,71.66666412353516,73.0,70.8499984741211,71.48332977294922,4566324
2017-09-20,67.21062469482422,73.38333129882812,73.66666412353516,71.30000305175781,71.68333435058594,8665605
2017-09-21,68.40129089355469,74.68333435058594,76.16666412353516,74.05000305175781,74.46666717529297,16154490
2017-09-22,66.06578063964844,72.13333129882812,74.46666717529297,71.9000015258789,74.43333435058594,4318029
2017-09-25,64.5240478515625,70.44999694824219,72.31666564941406,69.33333587646484,72.13333129882812,3242028
2017-09-26,64.84459686279297,70.80000305175781,71.63333129882812,69.63333129882812,70.6500015258789,2347332
2017-09-27,63.348663330078125,69.16666412353516,71.53333282470703,68.73332977294922,71.53333282470703,2331330
2017-09-28,64.29507446289062,70.19999694824219,70.98332977294922,69.16666412353516,69.33333587646484,4625118
2017-09-29,64.90567779541016,70.86666870117188,71.80000305175781,70.01666259765625,70.1500015258789,1826334
2017-10-03,65.1346435546875,71.11666870117188,72.26666259765625,70.86666870117188,72.0,2265450
2017-10-04,65.1346435546875,71.11666870117188,72.21666717529297,70.8499984741211,71.63333129882812,1842414
2017-10-05,65.62311553955078,71.6500015258789,72.0,71.25,71.30000305175781,1839255
2017-10-06,65.97419738769531,72.03333282470703,72.23332977294922,71.68333435058594,71.80000305175781,1134177
2017-10-09,66.60005187988281,72.71666717529297,73.78333282470703,71.83333587646484,72.03333282470703,2708658
2017-10-10,67.18012237548828,73.3499984741211,73.9000015258789,73.06666564941406,73.56666564941406,2477022
2017-10-11,67.54647064208984,73.75,75.46666717529297,73.33333587646484,73.81666564941406,4362081
2017-10-12,73.86607360839844,80.6500015258789,81.11666870117188,74.41666412353516,74.41666412353516,24875514
2017-10-13,74.29347229003906,81.11666870117188,83.03333282470703,80.6500015258789,81.33333587646484,14503998
2017-10-16,73.13335418701172,79.8499984741211,82.13333129882812,79.05000305175781,81.66666412353516,4970904
2017-10-17,76.40001678466797,83.41666412353516,84.23332977294922,79.86666870117188,79.86666870117188,13474419
2017-10-18,76.72056579589844,83.76666259765625,84.75,83.41666412353516,83.9000015258789,5488224
2017-10-19,77.42274475097656,84.53333282470703,85.43333435058594,83.66666412353516,84.18333435058594,3050709
2017-10-23,77.57539367675781,84.69999694824219,86.0,84.3499984741211,85.30000305175781,3313059
2017-10-24,79.40717315673828,86.69999694824219,88.44999694824219,84.25,85.1500015258789,9896718
2017-10-25,75.23988342285156,82.1500015258789,90.66666412353516,80.5,87.93333435058594,18474660
2017-10-26,78.2470474243164,85.43333435058594,86.66666412353516,84.33333587646484,86.33333587646484,13094946
2017-10-27,77.987548828125,85.1500015258789,87.76666259765625,84.51666259765625,85.93333435058594,7378962
2017-10-30,81.13207244873047,88.58333587646484,89.33333587646484,85.5999984741211,85.5999984741211,5221551
2017-10-31,79.40717315673828,86.69999694824219,89.94999694824219,86.33333587646484,89.26666259765625,6591531
2017-11-01,80.24671936035156,87.61666870117188,88.9000015258789,86.73332977294922,87.33333587646484,4248840
2017-11-02,80.15514373779297,87.51666259765625,89.4000015258789,87.30000305175781,88.33333587646484,4395570
2017-11-03,80.23145294189453,87.5999984741211,88.44999694824219,87.3499984741211,87.5,2164005
2017-11-06,80.58255767822266,87.98332977294922,89.03333282470703,86.83333587646484,86.83333587646484,3202578
2017-11-07,87.19217681884766,95.1999969482422,97.0500030517578,89.66666412353516,89.66666412353516,43147854
2017-11-08,84.90247344970703,92.6999969482422,97.0999984741211,91.38333129882812,96.1500015258789,10875672
2017-11-09,84.52085876464844,92.28333282470705,94.4499969482422,90.98332977294922,93.26666259765624,7522269
2017-11-10,83.83393096923828,91.53333282470705,94.06666564941406,91.0,91.66666412353516,4260267
2017-11-13,82.07850646972656,89.61666870117188,92.41666412353516,89.33333587646484,91.33333587646484,4370961
2017-11-14,82.50590515136719,90.08333587646484,93.5,89.41666412353516,89.96666717529297,10272822
2017-11-15,80.90311431884766,88.33333587646484,92.61666870117188,84.1500015258789,90.6500015258789,11857272
2017-11-16,81.22366333007812,88.68333435058594,89.71666717529297,87.0,89.03333282470703,7239528
2017-11-17,82.15481567382812,89.69999694824219,91.5999984741211,89.25,90.06666564941406,4069566
2017-11-20,80.93363952636719,88.36666870117188,91.33333587646484,88.13333129882812,89.81666564941406,5229162
2017-11-21,82.70435333251953,90.3000030517578,91.8499984741211,89.38333129882812,89.5,8075565
2017-11-22,81.84952545166016,89.36666870117188,91.4000015258789,88.91666412353516,90.83333587646484,5048460
2017-11-23,81.22366333007812,88.68333435058594,89.93333435058594,88.36666870117188,89.93333435058594,3639360
2017-11-24,80.88784790039062,88.31666564941406,89.5,87.5999984741211,89.0,3759753
2017-11-27,80.5672836303711,87.96666717529297,89.1500015258789,87.66666412353516,87.93333435058594,4935285
2017-11-28,80.15514373779297,87.51666259765625,89.06666564941406,87.30000305175781,88.03333282470703,7155573
2017-11-29,80.70466613769531,88.11666870117188,90.53333282470705,87.44999694824219,87.93333435058594,10561794
2017-11-30,80.24671936035156,87.61666870117188,88.88333129882812,87.19999694824219,88.0,8324508
2017-12-01,79.52928161621094,86.83333587646484,89.28333282470703,86.26666259765625,88.23332977294922,4160466
2017-12-04,78.14019775390625,85.31666564941406,87.6500015258789,84.69999694824219,87.18333435058594,4730217
2017-12-05,78.35388946533203,85.55000305175781,87.11666870117188,84.18333435058594,85.11666870117188,5500173
2017-12-06,77.52960205078125,84.6500015258789,86.55000305175781,84.33333587646484,85.33333587646484,2815743
2017-12-07,77.71278381347656,84.8499984741211,86.30000305175781,84.5,84.91666412353516,5596320
2017-12-08,79.20872497558594,86.48332977294922,88.66666412353516,85.19999694824219,85.48332977294922,11198727
2017-12-11,77.60591888427734,84.73332977294922,88.23332977294922,84.3499984741211,86.81666564941406,10812213
2017-12-12,76.67477416992188,83.71666717529297,85.31666564941406,83.43333435058594,84.5,5169540
2017-12-13,75.11776733398438,82.01666259765625,84.25,81.68333435058594,83.93333435058594,3662349
2017-12-14,74.93460083007812,81.81666564941406,82.73332977294922,80.38333129882812,82.36666870117188,3800349
2017-12-15,76.46106719970703,83.48332977294922,83.86666870117188,82.68333435058594,82.91666412353516,3236076
2017-12-18,76.15577697753906,83.1500015258789,84.6500015258789,78.33333587646484,83.31666564941406,4511982
2017-12-19,76.99534606933594,84.06666564941406,84.63333129882812,83.33333587646484,83.33333587646484,3633747
2017-12-20,77.33116912841797,84.43333435058594,86.0999984741211,84.16666412353516,84.33333587646484,7576713
2017-12-21,76.99534606933594,84.06666564941406,84.93333435058594,83.73332977294922,84.58333587646484,3763239
2017-12-22,77.54486083984375,84.66666412353516,85.5,84.26666259765625,84.5,3304863
2017-12-26,76.82742309570312,83.88333129882812,85.71666717529297,81.51666259765625,83.8499984741211,7417353
2017-12-27,76.1863021850586,83.18333435058594,84.83333587646484,82.83333587646484,84.5,4400922
2017-12-28,75.52992248535156,82.46666717529297,84.0,82.0999984741211,83.66666412353516,6354768
2017-12-29,75.37728118896484,82.30000305175781,83.80000305175781,81.8499984741211,83.0999984741211,6800097
2018-01-01,75.40780639648438,82.33333587646484,83.1500015258789,81.73332977294922,82.43333435058594,2582586
2018-01-02,74.35454559326172,81.18333435058594,82.71666717529297,80.83333587646484,82.43333435058594,3728847
2018-01-03,74.32400512695312,81.1500015258789,82.06666564941406,80.9000015258789,81.23332977294922,2898819
2018-01-04,76.06419372558594,83.05000305175781,83.5,81.80000305175781,82.1500015258789,5923323
2018-01-05,76.50686645507812,83.53333282470703,84.21666717529297,83.33333587646484,83.63333129882812,4213002
2018-01-08,77.3922348022461,84.5,85.73332977294922,84.33333587646484,85.28333282470703,8289816
2018-01-09,76.58318328857422,83.61666870117188,84.75,83.36666870117188,84.61666870117188,3837246
2018-01-10,76.32369232177734,83.33333587646484,84.25,82.80000305175781,83.56666564941406,3136845
2018-01-11,75.88101196289062,82.8499984741211,84.11666870117188,82.43333435058594,83.19999694824219,3720579
2018-01-12,76.21683502197266,83.21666717529297,84.31666564941406,82.41666412353516,83.18333435058594,4504206
2018-01-15,75.94207763671875,82.91666412353516,83.68333435058594,82.71666717529297,83.53333282470703,2125380
2018-01-16,74.33927154541016,81.16666412353516,83.1500015258789,80.86666870117188,82.9000015258789,3496575
2018-01-17,74.72088623046875,81.58333587646484,81.96666717529297,77.33333587646484,80.66666412353516,4463745
2018-01-18,72.5838394165039,79.25,82.0,78.6500015258789,82.0,3645534
2018-01-19,73.36235046386719,80.0999984741211,80.53333282470703,78.0,79.0,2356779
2018-01-22,73.97291564941406,80.76666259765625,81.25,79.06666564941406,79.76666259765625,3081924
2018-01-23,73.82026672363281,80.5999984741211,81.30000305175781,80.03333282470703,81.26666259765625,2461281
2018-01-24,72.64488220214844,79.31666564941406,80.80000305175781,79.06666564941406,80.0,3301104
2018-01-25,71.72901153564453,78.31666564941406,80.1500015258789,78.0,79.0,6300909
2018-01-29,70.37043762207031,76.83333587646484,78.80000305175781,76.66666412353516,78.56666564941406,4289373
2018-01-30,68.63025665283203,74.93333435058594,76.96666717529297,74.06666564941406,76.66666412353516,8664963
2018-01-31,68.98136901855469,75.31666564941406,76.53333282470703,74.03333282470703,74.16666412353516,9385065
2018-02-01,69.86669158935547,76.28333282470703,78.56666564941406,75.33333587646484,76.16666412353516,12848145
2018-02-02,66.84427642822266,72.98332977294922,76.21666717529297,72.26666259765625,76.1500015258789,6064548
2018-02-05,62.86017990112305,68.63333129882812,71.91666412353516,66.91666412353516,71.86666870117188,14297274
2018-02-06,61.31844711303711,66.94999694824219,67.94999694824219,62.20000076293945,65.98332977294922,15722535
2018-02-07,62.26485824584961,67.98332977294922,69.83333587646484,67.5999984741211,69.83333587646484,5540727
2018-02-08,63.608158111572266,69.44999694824219,70.16666412353516,68.0,68.63333129882812,4708977
2018-02-09,64.35614013671875,70.26666259765625,71.16666412353516,67.08333587646484,68.0,5145957
2018-02-12,65.95892333984375,72.01666259765625,72.5,70.5,71.5999984741211,4287819
2018-02-14,63.959251403808594,69.83333587646484,73.66666412353516,69.43333435058594,73.33333587646484,6360612
2018-02-15,63.53184127807617,69.36666870117188,71.13333129882812,68.86666870117188,69.83333587646484,4541286
2018-02-16,62.24959945678711,67.96666717529297,69.83333587646484,67.43333435058594,69.83333587646484,4063914
2018-02-19,60.75365447998047,66.33333587646484,68.31666564941406,64.80000305175781,68.0,5346750
2018-02-20,60.08201599121094,65.5999984741211,66.5,64.9000015258789,66.33333587646484,4240467
2018-02-21,60.34149932861328,65.88333129882812,66.31666564941406,65.5,66.31666564941406,2935932
2018-02-22,58.84556579589844,64.25,65.93333435058594,63.900001525878906,65.33333587646484,7739652
2018-02-23,61.60847091674805,67.26666259765625,67.66666412353516,64.66666412353516,64.80000305175781,9753294
2018-02-26,61.51689147949219,67.16666412353516,67.98332977294922,66.51666259765625,67.98332977294922,4661025
2018-02-27,60.67733383178711,66.25,67.66666412353516,65.83333587646484,67.66666412353516,4041387
2018-02-28,59.95988845825195,65.46666717529297,66.18333435058594,65.0,66.18333435058594,4186440
2018-03-01,59.822509765625,65.31666564941406,66.19999694824219,65.06666564941406,65.31666564941406,3716973
2018-03-05,58.540260314941406,63.91666412353516,65.3499984741211,63.33333206176758,65.33333587646484,4817142
2018-03-06,57.74649810791016,63.04999923706055,64.83333587646484,62.66666412353516,64.66666412353516,3405480
2018-03-07,57.242767333984375,62.5,63.650001525878906,61.51666641235352,62.81666564941406,5117223
2018-03-08,56.75428771972656,61.96666717529297,63.41666412353516,61.33333206176758,63.34999847412109,4875183
2018-03-09,55.62470626831055,60.73333358764648,62.48333358764648,60.46666717529297,62.48333358764648,6712653
2018-03-12,56.372676849365234,61.54999923706055,61.78333282470703,60.45000076293945,61.29999923706055,4489590
2018-03-13,59.88357162475586,65.38333129882812,65.96666717529297,61.84999847412109,62.18333435058594,10993749
2018-03-14,61.42531204223633,67.06666564941406,68.61666870117188,65.76666259765625,65.80000305175781,16178013
2018-03-15,60.65997695922852,66.05000305175781,67.03333282470703,65.71666717529297,67.03333282470703,5288742
2018-03-16,61.333457946777344,66.78333282470703,67.86666870117188,65.36666870117188,65.98332977294922,12394332
2018-03-19,61.0732536315918,66.5,68.51666259765625,65.94999694824219,68.23332977294922,8049528
2018-03-20,59.466068267822266,64.75,66.41666412353516,64.53333282470703,65.94999694824219,5870160
2018-03-21,60.04770660400391,65.38333129882812,66.38333129882812,64.93333435058594,65.16666412353516,7460112
2018-03-22,60.21608352661133,65.56666564941406,66.26666259765625,64.66666412353516,65.58333587646484,5485608
2018-03-23,58.56297302246094,63.76666641235352,64.88333129882812,62.23333358764648,64.63333129882812,10406097
2018-03-26,58.31806564331055,63.5,64.33333587646484,62.79999923706055,63.66666412353516,8271450
2018-03-27,59.51198196411133,64.80000305175781,65.0,64.08333587646484,64.13333129882812,4568592
2018-03-28,58.28745269775391,63.46666717529297,64.55000305175781,63.33333206176758,64.0,6687564
2018-04-02,60.920188903808594,66.33333587646484,67.0,64.25,65.03333282470703,5415078
2018-04-03,64.34886932373047,70.06666564941406,71.33333587646484,68.66666412353516,69.46666717529297,27087882
2018-04-04,62.14471435546875,67.66666412353516,70.53333282470703,67.36666870117188,70.33333587646484,8296683
2018-04-05,63.50699234008789,69.1500015258789,69.4000015258789,68.75,68.98332977294922,4248375
2018-04-06,63.52231597900391,69.16666412353516,69.91666412353516,68.41666412353516,68.94999694824219,3686958
2018-04-09,64.34886932373047,70.06666564941406,70.26666259765625,69.16666412353516,69.46666717529297,5334717
2018-04-10,65.05296325683594,70.83333587646484,71.26666259765625,70.01666259765625,71.13333129882812,6407577
2018-04-11,64.7774429321289,70.53333282470703,70.93333435058594,69.56666564941406,70.66666412353516,2678259
2018-04-12,64.33354949951172,70.05000305175781,70.58333587646484,69.66666412353516,70.31666564941406,2243106
2018-04-13,64.42538452148438,70.1500015258789,70.98332977294922,69.86666870117188,70.66666412353516,4662861
2018-04-16,64.70089721679688,70.44999694824219,70.56666564941406,69.11666870117188,69.88333129882812,2376801
2018-04-17,65.55809020996094,71.38333129882812,72.0999984741211,70.33333587646484,70.43333435058594,6755058
2018-04-18,64.5937728881836,70.33333587646484,71.98332977294922,70.03333282470703,71.75,4393260
2018-04-19,64.7774429321289,70.53333282470703,70.91666412353516,70.16666412353516,70.33333587646484,2023479
2018-04-20,63.935577392578125,69.61666870117188,70.51666259765625,68.93333435058594,70.16666412353516,3314826
2018-04-23,63.093711853027344,68.69999694824219,69.46666717529297,68.46666717529297,69.36666870117188,3431256
2018-04-24,63.308013916015625,68.93333435058594,69.73332977294922,68.68333435058594,68.91666412353516,2790213
2018-04-25,65.14482879638672,70.93333435058594,72.80000305175781,68.5999984741211,69.0,8895409
2018-04-26,64.07333374023438,69.76666259765625,71.86666870117188,69.03333282470703,71.19999694824219,3672642
2018-04-27,64.19579315185547,69.9000015258789,70.56666564941406,69.03333282470703,69.80000305175781,2374444
2018-04-30,64.22640228271484,69.93333435058594,70.83333587646484,69.16666412353516,70.13333129882812,2988124
2018-05-02,64.68560028076172,70.43333435058594,72.33333587646484,69.53333282470703,70.23332977294922,6152911
2018-05-03,63.52231597900391,69.16666412353516,70.46666717529297,68.53333282470703,70.4000015258789,2318179
2018-05-04,63.583534240722656,69.23332977294922,69.96666717529297,68.66666412353516,69.13333129882812,1867819
2018-05-07,63.430458068847656,69.06666564941406,70.13333129882812,68.53333282470703,69.19999694824219,2335014
2018-05-08,63.98149108886719,69.66666412353516,70.0999984741211,68.83333587646484,68.83333587646484,2731990
2018-05-09,63.3386344909668,68.96666717529297,69.5999984741211,67.69999694824219,67.69999694824219,1403029
2018-05-10,62.08348846435547,67.5999984741211,69.4000015258789,67.26666259765625,68.96666717529297,1715776
2018-05-11,61.04264831542969,66.46666717529297,68.0999984741211,65.66666412353516,67.5999984741211,3310819
2018-05-14,60.18547439575195,65.53333282470703,66.46666717529297,64.46666717529297,66.46666717529297,2651962
2018-05-15,60.06302261352539,65.4000015258789,68.13333129882812,64.73332977294922,65.53333282470703,4670454
2018-05-16,59.940555572509766,65.26666259765625,66.13333129882812,64.5,64.66666412353516,2111298
2018-05-17,59.9711799621582,65.30000305175781,66.13333129882812,65.0999984741211,65.33333587646484,2099410
2018-05-18,58.44052505493164,63.633331298828125,65.76666259765625,63.33333206176758,65.33333587646484,2523315
2018-05-21,56.97108840942383,62.03333282470703,63.633331298828125,61.53333282470703,63.633331298828125,4268404
2018-05-22,56.787410736083984,61.83333206176758,62.79999923706055,60.66666412353516,61.70000076293945,3070392
2018-05-23,56.29760360717773,61.29999923706055,63.33333206176758,61.133331298828125,61.83333206176758,2901276
2018-05-24,57.82826232910156,62.96666717529297,63.66666412353516,61.59999847412109,61.59999847412109,2146477
2018-05-25,59.87934494018555,65.19999694824219,65.73332977294922,63.33333206176758,63.59999847412109,8754313
2018-05-28,58.56297302246094,63.76666641235352,65.66666412353516,62.66666412353516,65.13333129882812,8121694
2018-05-29,58.10377883911133,63.26666641235352,64.33333587646484,62.56666564941406,63.76666641235352,2483407
2018-05-30,57.70580291748047,62.83333206176758,63.76666641235352,62.66666412353516,63.133331298828125,1870620
2018-05-31,56.38943862915039,61.400001525878906,63.33333206176758,60.70000076293945,63.33333206176758,12024394
2018-06-01,54.981231689453125,59.86666488647461,62.20000076293945,58.79999923706055,61.86666488647461,6194457
2018-06-04,52.899532318115234,57.59999847412109,60.26666641235352,56.93333435058594,60.26666641235352,7874679
2018-06-05,52.22604751586914,56.86666488647461,57.66666412353516,55.70000076293945,57.56666564941406,6125359
2018-06-06,53.11383056640625,57.83333206176758,58.23333358764648,56.33333206176758,56.633331298828125,3584689
2018-06-07,53.17505645751953,57.900001525878906,59.633331298828125,57.133331298828125,58.33333206176758,9067521
2018-06-08,53.41996383666992,58.16666412353516,58.76666641235352,57.33333206176758,57.73333358764648,3665896
2018-06-11,53.69548416137695,58.46666717529297,59.23333358764648,58.09999847412109,58.633331298828125,2852265
2018-06-12,55.04246520996094,59.93333435058594,60.20000076293945,58.06666564941406,58.33333206176758,5216229
2018-06-13,53.573028564453125,58.33333206176758,60.53333282470703,58.16666412353516,60.46666717529297,5212414
2018-06-14,52.22604751586914,56.86666488647461,57.86666488647461,56.36666488647461,57.86666488647461,7333771
2018-06-15,51.98114776611328,56.59999847412109,57.56666564941406,56.43333435058594,56.79999923706055,4871265
2018-06-18,52.80769729614258,57.5,58.133331298828125,57.09999847412109,57.66666412353516,5911006
2018-06-19,51.736236572265625,56.33333206176758,57.56666564941406,56.0,57.56666564941406,5224518
2018-06-20,51.062747955322266,55.59999847412109,56.633331298828125,55.16666412353516,56.36666488647461,4386936
2018-06-21,50.69539260864258,55.20000076293945,56.0,54.96666717529297,56.0,3055345
2018-06-22,50.756614685058594,55.26666641235352,55.400001525878906,54.36666488647461,55.20000076293945,3716883
2018-06-25,50.0831298828125,54.53333282470703,55.43333435058594,54.06666564941406,55.33333206176758,3176461
2018-06-26,48.91983413696289,53.26666641235352,54.66666412353516,52.43333435058594,54.33333206176758,6835689
2018-06-27,44.90950012207031,48.900001525878906,53.66666412353516,47.96666717529297,53.66666412353516,17065164
2018-06-28,44.297245025634766,48.23333358764648,49.400001525878906,46.66666412353516,48.53333282470703,10688160
2018-06-29,45.889122009277344,49.96666717529297,50.20000076293945,48.70000076293945,48.76666641235352,7702381
2018-07-02,44.69521331787109,48.66666412353516,50.73333358764648,48.16666412353516,50.66666412353516,7674271
2018-07-03,43.65436172485352,47.53333282470703,48.96666717529297,47.16666412353516,48.0,7786675
2018-07-04,41.45021438598633,45.133331298828125,47.900001525878906,44.86666488647461,47.36666488647461,13856542
2018-07-05,42.15432357788086,45.900001525878906,46.29999923706055,45.03333282470703,45.20000076293945,12445024
2018-07-06,41.54204940795898,45.23333358764648,46.633331298828125,44.900001525878906,45.46666717529297,12378415
2018-07-09,42.61352157592773,46.400001525878906,47.5,45.66666412353516,45.73333358764648,14479414
2018-07-10,42.95026016235352,46.76666641235352,47.46666717529297,46.5,46.73333358764648,5760240
2018-07-11,42.00125503540039,45.73333358764648,47.43333435058594,45.46666717529297,46.70000076293945,9882048
2018-07-12,41.358375549316406,45.03333282470703,46.73333358764648,44.59999847412109,46.06666564941406,6032371
2018-07-13,40.07262802124024,43.633331298828125,45.29999923706055,43.5,45.133331298828125,5853522
2018-07-16,37.65419387817383,41.0,43.59999847412109,40.79999923706055,43.59999847412109,7902303
2018-07-17,38.541969299316406,41.96666717529297,42.400001525878906,40.633331298828125,41.133331298828125,13227888
2018-07-18,37.83786392211914,41.20000076293945,42.56666564941406,40.400001525878906,42.56666564941406,6077553
2018-07-19,38.66442108154297,42.09999847412109,43.66666412353516,40.79999923706055,41.33333206176758,15881920
2018-07-20,38.84809875488281,42.29999923706055,42.59999847412109,41.59999847412109,42.16666412353516,6557239
2018-07-23,39.76649475097656,43.29999923706055,43.56666564941406,41.70000076293945,42.20000076293945,6906247
2018-07-24,41.66451644897461,45.36666488647461,46.0,43.26666641235352,43.33333206176758,9598461
2018-07-25,41.17469787597656,44.83333206176758,46.26666641235352,44.46666717529297,45.633331298828125,5493634
2018-07-26,41.23592758178711,44.900001525878906,45.66666412353516,44.36666488647461,44.76666641235352,6761763
2018-07-27,42.98087310791016,46.79999923706055,47.400001525878906,44.36666488647461,44.66666412353516,10436649
2018-07-30,43.65436172485352,47.53333282470703,48.26666641235352,47.06666564941406,47.33333206176758,9106302
2018-07-31,43.19516754150391,47.03333282470703,47.70000076293945,46.16666412353516,47.70000076293945,5534650
2018-08-01,43.34823226928711,47.20000076293945,47.83333206176758,46.73333358764648,47.33333206176758,5259751
2018-08-02,45.79727554321289,49.86666488647461,50.133331298828125,46.633331298828125,47.20000076293945,13980417
2018-08-03,46.929969787597656,51.09999847412109,52.20000076293945,50.33333206176758,50.633331298828125,20166123
2018-08-06,47.940208435058594,52.20000076293945,53.06666564941406,51.400001525878906,51.66666412353516,11422116
2018-08-07,47.02181243896485,51.20000076293945,52.66666412353516,50.73333358764648,52.633331298828125,7114086
2018-08-08,45.70544052124024,49.76666641235352,51.26666641235352,49.46666717529297,51.133331298828125,9513190
2018-08-09,47.35855102539063,51.56666564941406,51.79999923706055,49.86666488647461,50.0,6050908
2018-08-10,46.31771087646485,50.43333435058594,51.76666641235352,49.96666717529297,51.59999847412109,5245567
2018-08-13,43.74620056152344,47.633331298828125,49.66666412353516,47.36666488647461,49.46666717529297,12633762
2018-08-14,44.297245025634766,48.23333358764648,48.400001525878906,47.29999923706055,47.33333206176758,5223190
2018-08-16,46.10342025756836,50.20000076293945,50.53333282470703,47.66666412353516,47.93333435058594,10885606
2018-08-17,45.49116134643555,49.53333282470703,51.0,48.66666412353516,50.73333358764648,14021250
2018-08-20,45.15441131591797,49.16666412353516,49.59999847412109,48.900001525878906,49.29999923706055,4009186
2018-08-21,45.460540771484375,49.5,49.96666717529297,49.09999847412109,49.20000076293945,3569160
2018-08-23,43.74620056152344,47.633331298828125,49.33333206176758,47.23333358764648,49.29999923706055,8157318
2018-08-24,44.45030975341797,48.400001525878906,49.43333435058594,47.33333206176758,47.76666641235352,8205723
2018-08-27,44.8482780456543,48.83333206176758,49.20000076293945,47.900001525878906,48.66666412353516,4809036
2018-08-28,44.35847091674805,48.29999923706055,49.133331298828125,47.76666641235352,49.0,4385694
2018-08-29,44.45030975341797,48.400001525878906,49.26666641235352,48.23333358764648,48.400001525878906,3443598
2018-08-30,44.23600769042969,48.16666412353516,48.83333206176758,47.86666488647461,48.33333206176758,4752639
2018-08-31,44.113563537597656,48.03333282470703,48.43333435058594,47.5,48.0,4041336
2018-09-03,44.63398361206055,48.59999847412109,49.59999847412109,47.93333435058594,48.06666564941406,5615568
2018-09-04,42.36860656738281,46.133331298828125,48.79999923706055,45.86666488647461,48.66666412353516,9551604
2018-09-05,41.6032829284668,45.29999923706055,46.0,44.16666412353516,46.0,7711420
2018-09-06,41.85639953613281,45.20000076293945,45.900001525878906,44.59999847412109,45.26666641235352,4022491
2018-09-07,43.862789154052734,47.36666488647461,48.16666412353516,44.5,45.20000076293945,14947588
2018-09-10,42.56634521484375,45.96666717529297,47.400001525878906,45.79999923706055,47.33333206176758,3981292
2018-09-11,41.51685333251953,44.83333206176758,46.5,44.46666717529297,46.133331298828125,4531452
2018-09-12,41.26991271972656,44.56666564941406,45.133331298828125,43.46666717529297,45.133331298828125,4959624
2018-09-14,42.165077209472656,45.53333282470703,46.93333435058594,45.20000076293945,45.29999923706055,7723462
2018-09-17,42.25767135620117,45.633331298828125,45.96666717529297,44.66666412353516,45.400001525878906,3286122
2018-09-18,41.36251449584961,44.66666412353516,45.93333435058594,44.33333206176758,45.93333435058594,4071142
2018-09-19,40.00434494018555,43.20000076293945,45.26666641235352,42.93333435058594,44.93333435058594,7761289
2018-09-21,40.06607818603516,43.26666641235352,44.16666412353516,40.133331298828125,44.0,8648938
2018-09-24,38.70790100097656,41.79999923706055,43.29999923706055,41.16666412353516,43.29999923706055,5244498
2018-09-25,39.4178581237793,42.56666564941406,44.23333358764648,40.93333435058594,41.633331298828125,12286830
2018-09-26,39.57220077514648,42.73333358764648,43.20000076293945,42.26666641235352,42.66666412353516,3324297
2018-09-27,38.05968475341797,41.09999847412109,43.33333206176758,41.0,43.03333282470703,6602982
2018-09-28,36.115028381347656,39.0,41.66666412353516,38.400001525878906,41.400001525878906,8626497
2018-10-01,36.238502502441406,39.133331298828125,39.33333206176758,36.900001525878906,39.0,7788361
2018-10-03,35.55942153930664,38.400001525878906,40.06666564941406,38.133331298828125,39.46666717529297,8476341
2018-10-04,35.03466796875,37.83333206176758,38.96666717529297,37.09999847412109,38.26666641235352,9088363
2018-10-05,33.02827072143555,35.66666412353516,38.133331298828125,35.26666641235352,38.0,13533225
2018-10-08,33.522159576416016,36.20000076293945,36.76666641235352,35.0,35.66666412353516,8473068
2018-10-09,32.534393310546875,35.133331298828125,37.23333358764648,34.733333587646484,37.23333358764648,13821825
2018-10-10,33.923431396484375,36.633331298828125,37.33333206176758,35.46666717529297,35.66666412353516,17270847
2018-10-11,32.410926818847656,35.0,35.83333206176758,34.33333206176758,35.5,11196778
2018-10-12,32.96654510498047,35.599998474121094,36.66666412353516,35.36666488647461,35.400001525878906,10159633
2018-10-15,33.49129104614258,36.16666412353516,36.53333282470703,35.633331298828125,35.83333206176758,9334456
2018-10-16,34.8185920715332,37.59999847412109,37.79999923706055,36.20000076293945,36.46666717529297,13006894
2018-10-17,34.756858825683594,37.53333282470703,39.53333282470703,37.03333282470703,38.93333435058594,15869091
2018-10-19,32.71959686279297,35.33333206176758,38.16666412353516,34.79999923706055,37.400001525878906,19171644
2018-10-22,32.904808044433594,35.53333282470703,36.26666641235352,34.93333435058594,35.633331298828125,8161602
2018-10-23,32.62700653076172,35.233333587646484,35.76666641235352,34.733333587646484,35.133331298828125,6185404
2018-10-24,32.87393569946289,35.5,35.900001525878906,34.86666488647461,35.66666412353516,5284038
2018-10-25,33.861698150634766,36.56666564941406,37.79999923706055,34.79999923706055,35.0,29966463
2018-10-26,31.94791603088379,34.5,36.23333358764648,33.86666488647461,36.23333358764648,15048237
2018-10-29,32.56526565551758,35.16666412353516,35.46666717529297,34.16666412353516,34.76666641235352,6043405
2018-10-30,32.96654510498047,35.599998474121094,36.33333206176758,35.133331298828125,35.33333206176758,7291594
2018-10-31,34.108642578125,36.83333206176758,37.03333282470703,35.43333435058594,36.0,7120704
2018-11-01,36.08416366577149,38.96666717529297,39.46666717529297,37.400001525878906,37.43333435058594,14787241
2018-11-02,36.33110809326172,39.23333358764648,40.76666641235352,39.06666564941406,40.0,14139396
2018-11-05,38.61530303955078,41.70000076293945,42.29999923706055,39.03333282470703,39.33333206176758,17955336
2018-11-06,38.39923477172852,41.46666717529297,42.46666717529297,40.96666717529297,42.06666564941406,7622854
2018-11-07,39.57220077514648,42.73333358764648,43.0,42.0,42.06666564941406,4046100
2018-11-09,40.52909469604492,43.76666641235352,43.93333435058594,42.53333282470703,42.86666488647461,10974685
2018-11-12,40.99210739135742,44.26666641235352,45.900001525878906,43.86666488647461,44.0,16315446
2018-11-13,40.46735763549805,43.70000076293945,44.66666412353516,42.43333435058594,44.26666641235352,10752876
2018-11-14,40.46735763549805,43.70000076293945,44.59999847412109,43.16666412353516,44.133331298828125,7457842
2018-11-15,37.349735260009766,40.33333206176758,43.400001525878906,40.03333282470703,43.06666564941406,20692633
2018-11-16,36.732383728027344,39.66666412353516,40.633331298828125,38.56666564941406,40.59999847412109,19724106
2018-11-19,36.824989318847656,39.76666641235352,40.66666412353516,39.53333282470703,40.0,6787393
2018-11-20,36.60891342163086,39.53333282470703,40.23333358764648,39.16666412353516,39.33333206176758,5799439
2018-11-21,36.238502502441406,39.133331298828125,39.93333435058594,38.93333435058594,39.59999847412109,5281569
2018-11-22,35.59028625488281,38.43333435058594,39.26666641235352,38.33333206176758,39.0,5203188
2018-11-26,34.91120147705078,37.70000076293945,38.93333435058594,37.33333206176758,38.66666412353516,5423892
2018-11-27,35.06553649902344,37.86666488647461,38.36666488647461,37.36666488647461,37.70000076293945,5147716
2018-11-28,34.3555793762207,37.09999847412109,37.96666717529297,36.86666488647461,37.76666641235352,8166570
2018-11-29,33.89257049560547,36.59999847412109,37.26666641235352,36.133331298828125,37.23333358764648,11410176
2018-11-30,32.657867431640625,35.26666641235352,37.09999847412109,35.0,36.86666488647461,17151259
2018-12-03,33.15175247192383,35.79999923706055,36.20000076293945,35.33333206176758,35.83333206176758,9330088
2018-12-04,34.41731262207031,37.16666412353516,38.03333282470703,35.733333587646484,35.79999923706055,17760888
2018-12-05,33.83083724975586,36.53333282470703,37.86666488647461,35.96666717529297,36.83333206176758,9891720
2018-12-06,32.750465393066406,35.36666488647461,36.83333206176758,35.20000076293945,36.633331298828125,8536477
2018-12-07,31.97878074645996,34.53333282470703,35.70000076293945,34.36666488647461,35.43333435058594,10703613
2018-12-10,30.095861434936523,32.5,34.0,32.33333206176758,33.93333435058594,20496154
2018-12-11,30.805816650390625,33.26666641235352,33.56666564941406,31.76666641235352,32.0,14393707
2018-12-12,32.13312149047852,34.70000076293945,35.26666641235352,33.400001525878906,34.0,17792871
2018-12-13,33.12087631225586,35.76666641235352,35.900001525878906,35.03333282470703,35.133331298828125,12827605
2018-12-14,32.534393310546875,35.133331298828125,36.03333282470703,34.733333587646484,35.83333206176758,9858061
2018-12-17,32.71959686279297,35.33333206176758,35.76666641235352,35.099998474121094,35.46666717529297,6854178
2018-12-18,32.96654510498047,35.599998474121094,35.86666488647461,35.0,35.26666641235352,7495053
2018-12-19,36.26937103271485,39.16666412353516,39.633331298828125,35.76666641235352,35.86666488647461,52446273
2018-12-20,35.9915657043457,38.86666488647461,39.33333206176758,38.20000076293945,38.66666412353516,17217661
2018-12-21,34.50992202758789,37.26666641235352,39.16666412353516,37.133331298828125,39.133331298828125,12506092
2018-12-24,33.42955780029297,36.09999847412109,37.56666564941406,35.96666717529297,37.29999923706055,13219843
2018-12-26,33.70736312866211,36.400001525878906,36.79999923706055,34.900001525878906,35.70000076293945,19712038
2018-12-27,33.27521896362305,35.93333435058594,37.26666641235352,35.76666641235352,36.96666717529297,32291439
2018-12-28,35.00379943847656,37.79999923706055,38.633331298828125,36.23333358764648,36.66666412353516,34540234
2018-12-31,35.65201950073242,38.5,39.29999923706055,38.03333282470703,38.03333282470703,16255813
2019-01-01,35.497676849365234,38.33333206176758,38.73333358764648,37.86666488647461,38.73333358764648,7009500
2019-01-02,35.80635070800781,38.66666412353516,39.26666641235352,37.86666488647461,38.20000076293945,13038400
2019-01-03,35.92982482910156,38.79999923706055,39.43333435058594,38.53333282470703,38.66666412353516,16564720
2019-01-04,36.36198043823242,39.26666641235352,39.93333435058594,38.73333358764648,39.46666717529297,25789161
2019-01-07,37.68927764892578,40.70000076293945,41.133331298828125,39.46666717529297,39.5,22520572
2019-01-08,38.55356216430664,41.633331298828125,42.133331298828125,41.16666412353516,41.73333358764648,38867923
2019-01-09,38.02881622314453,41.06666564941406,41.83333206176758,40.5,41.79999923706055,13843228
2019-01-10,37.81275177001953,40.83333206176758,41.43333435058594,40.59999847412109,40.96666717529297,8211463
2019-01-11,37.65841293334961,40.66666412353516,41.46666717529297,40.46666717529297,41.0,10405137
2019-01-14,36.85585784912109,39.79999923706055,40.79999923706055,39.53333282470703,40.66666412353516,7992376
2019-01-15,36.91758728027344,39.86666488647461,40.36666488647461,39.26666641235352,39.93333435058594,9359053
2019-01-16,36.824989318847656,39.76666641235352,40.73333358764648,39.633331298828125,40.20000076293945,9567264
2019-01-17,36.39284133911133,39.29999923706055,40.133331298828125,38.79999923706055,40.133331298828125,7557966
2019-01-18,35.775489807128906,38.633331298828125,39.53333282470703,38.53333282470703,39.53333282470703,8209234
2019-01-21,35.09640884399414,37.900001525878906,39.03333282470703,37.79999923706055,38.59999847412109,6367867
2019-01-22,35.59028625488281,38.43333435058594,38.79999923706055,37.53333282470703,37.633331298828125,8308833
2019-01-23,35.18900680541992,38.0,38.73333358764648,37.86666488647461,38.33333206176758,4937577
2019-01-24,34.66425704956055,37.43333435058594,38.33333206176758,37.16666412353516,38.0,7418409
2019-01-25,34.88032531738281,37.66666412353516,38.56666564941406,37.20000076293945,37.59999847412109,9165220
2019-01-28,34.50992202758789,37.26666641235352,38.133331298828125,37.0,37.900001525878906,6778633
2019-01-29,35.92982482910156,38.79999923706055,39.0,37.0,37.0,9283129
2019-01-30,37.07191848754883,40.03333282470703,40.133331298828125,38.5,39.03333282470703,12696814
2019-01-31,36.238502502441406,39.133331298828125,40.26666641235352,38.93333435058594,40.20000076293945,13331973
2019-02-01,35.7137565612793,38.56666564941406,40.0,37.79999923706055,39.33333206176758,8936470
2019-02-04,34.695125579833984,37.46666717529297,38.400001525878906,37.0,38.400001525878906,6827178
2019-02-05,32.96654510498047,35.599998474121094,37.53333282470703,35.16666412353516,37.33333206176758,10661371
2019-02-06,33.15175247192383,35.79999923706055,36.20000076293945,34.900001525878906,35.66666412353516,9416946
2019-02-07,33.73822784423828,36.43333435058594,36.93333435058594,35.53333282470703,35.86666488647461,8000709
2019-02-08,33.70736312866211,36.400001525878906,37.0,35.93333435058594,36.23333358764648,4994080
2019-02-11,32.935672760009766,35.56666564941406,36.73333358764648,35.20000076293945,36.59999847412109,6800134
2019-02-12,33.27521896362305,35.93333435058594,36.23333358764648,35.233333587646484,35.400001525878906,5335831
2019-02-14,30.219327926635746,32.633331298828125,33.66666412353516,31.466665267944336,33.29999923706055,42698751
2019-02-15,30.898418426513672,33.36666488647461,34.099998474121094,32.46666717529297,32.96666717529297,22742910
2019-02-18,31.05275154113769,33.53333282470703,33.83333206176758,33.06666564941406,33.400001525878906,9424038
2019-02-19,31.26882743835449,33.76666641235352,34.20000076293945,33.46666717529297,33.76666641235352,7095237
2019-02-20,31.700973510742188,34.233333587646484,34.400001525878906,33.5,34.26666641235352,8977879
2019-02-21,31.85531234741211,34.400001525878906,34.599998474121094,33.83333206176758,34.33333206176758,7131610
2019-02-22,32.781333923339844,35.400001525878906,35.633331298828125,34.06666564941406,34.43333435058594,10296357
2019-02-25,32.904808044433594,35.53333282470703,35.86666488647461,35.26666641235352,35.70000076293945,16513611
2019-02-26,32.503536224365234,35.099998474121094,35.33333206176758,34.099998474121094,34.66666412353516,11639668
2019-02-27,32.657867431640625,35.26666641235352,36.23333358764648,35.03333282470703,35.233333587646484,12471738
2019-02-28,32.62700653076172,35.233333587646484,35.53333282470703,34.86666488647461,35.36666488647461,21782056
2019-03-01,33.98517608642578,36.70000076293945,36.93333435058594,35.36666488647461,35.46666717529297,10905645
2019-03-05,35.497676849365234,38.33333206176758,38.59999847412109,36.76666641235352,36.900001525878906,13327357
2019-03-06,36.85585784912109,39.79999923706055,41.26666641235352,38.53333282470703,38.66666412353516,23114289
2019-03-07,36.39284133911133,39.29999923706055,40.0,38.59999847412109,39.86666488647461,10602690
2019-03-08,35.219871520996094,38.03333282470703,39.133331298828125,37.633331298828125,39.0,13798117
2019-03-11,36.30024337768555,39.20000076293945,39.56666564941406,38.133331298828125,38.26666641235352,10728459
2019-03-12,37.68927764892578,40.70000076293945,41.93333435058594,39.66666412353516,39.93333435058594,33140296
2019-03-13,37.07191848754883,40.03333282470703,41.06666564941406,39.33333206176758,40.93333435058594,14913417
2019-03-14,39.911739349365234,43.09999847412109,43.43333435058594,39.66666412353516,40.0,40578813
2019-03-15,40.59082794189453,43.83333206176758,44.5,42.46666717529297,43.400001525878906,57121485
2019-03-18,41.39338684082031,44.70000076293945,45.46666717529297,44.0,44.56666564941406,29023653
2019-03-19,41.73292541503906,45.06666564941406,45.53333282470703,44.09999847412109,45.16666412353516,21225270
2019-03-20,40.12781524658203,43.33333206176758,45.16666412353516,42.73333358764648,45.16666412353516,25521241
2019-03-22,39.85000991821289,43.03333282470703,44.29999923706055,42.79999923706055,43.33333206176758,16527708
2019-03-25,39.35612487792969,42.5,43.79999923706055,42.03333282470703,42.33333206176758,17792131
2019-03-26,39.75740051269531,42.93333435058594,43.633331298828125,42.70000076293945,42.79999923706055,12638518
2019-03-27,39.29438781738281,42.43333435058594,43.46666717529297,42.26666641235352,43.33333206176758,10376350
2019-03-28,40.09694290161133,43.29999923706055,43.633331298828125,42.73333358764648,43.633331298828125,25373011
2019-04-01,41.0847053527832,44.36666488647461,45.26666641235352,44.09999847412109,44.66666412353516,19945726
2019-04-02,39.29438781738281,42.43333435058594,44.93333435058594,42.20000076293945,44.66666412353516,23897358
2019-04-03,38.43009948730469,41.5,42.76666641235352,41.36666488647461,42.73333358764648,17424901
2019-04-04,37.596675872802734,40.59999847412109,41.76666641235352,40.33333206176758,41.56666564941406,14106489
2019-04-05,38.24489974975586,41.29999923706055,41.633331298828125,40.73333358764648,40.83333206176758,10589053
2019-04-08,38.58443832397461,41.66666412353516,43.16666412353516,41.33333206176758,41.59999847412109,25572159
2019-04-09,37.90534973144531,40.93333435058594,41.59999847412109,40.133331298828125,41.53333282470703,16890304
2019-04-10,37.50407409667969,40.5,41.29999923706055,40.400001525878906,40.93333435058594,11375202
2019-04-11,38.18316268920898,41.23333358764648,41.46666717529297,40.83333206176758,41.0,16360375
2019-04-12,38.24489974975586,41.29999923706055,41.633331298828125,41.0,41.36666488647461,10064677
2019-04-15,38.70790100097656,41.79999923706055,42.0,41.16666412353516,41.400001525878906,9827677
2019-04-16,38.58443832397461,41.66666412353516,41.93333435058594,41.400001525878906,41.86666488647461,8148084
2019-04-18,38.02881622314453,41.06666564941406,41.73333358764648,40.56666564941406,41.633331298828125,10054773
2019-04-22,36.94845962524414,39.900001525878906,41.06666564941406,39.73333358764648,41.06666564941406,9195714
2019-04-23,36.45457077026367,39.36666488647461,40.133331298828125,39.20000076293945,40.0,8954584
2019-04-24,36.76325607299805,39.70000076293945,39.96666717529297,39.29999923706055,39.76666641235352,9237646
2019-04-25,36.2076301574707,39.09999847412109,40.33333206176758,38.93333435058594,39.70000076293945,15735634
2019-04-26,36.48544692993164,39.400001525878906,39.633331298828125,39.09999847412109,39.5,5852062
2019-04-30,35.775489807128906,38.633331298828125,39.5,38.06666564941406,39.5,8103405
2019-05-02,36.423709869384766,39.33333206176758,39.59999847412109,38.36666488647461,38.76666641235352,11599078
2019-05-03,35.86809539794922,38.73333358764648,39.70000076293945,38.43333435058594,39.53333282470703,10050547
2019-05-06,35.775489807128906,38.633331298828125,38.86666488647461,37.79999923706055,38.133331298828125,6759412
2019-05-07,34.72600173950195,37.5,38.900001525878906,37.400001525878906,38.79999923706055,6534703
2019-05-08,33.336952209472656,36.0,37.66666412353516,35.900001525878906,37.33333206176758,10936930
2019-05-09,34.01604080200195,36.73333358764648,36.93333435058594,35.400001525878906,35.93333435058594,7338745
2019-05-10,34.38645553588867,37.133331298828125,37.400001525878906,36.66666412353516,36.93333435058594,5424106
2019-05-13,32.503536224365234,35.099998474121094,36.900001525878906,34.86666488647461,36.900001525878906,6064572
2019-05-14,33.24435806274414,35.900001525878906,36.46666717529297,34.5,35.0,8216086
2019-05-15,31.97878074645996,34.53333282470703,36.33333206176758,34.43333435058594,36.0,8765260
2019-05-16,32.503536224365234,35.099998474121094,35.46666717529297,34.099998474121094,34.66666412353516,7465113
2019-05-17,32.6887321472168,35.29999923706055,35.46666717529297,34.599998474121094,34.93333435058594,6979476
2019-05-20,35.312469482421875,38.133331298828125,38.33333206176758,36.76666641235352,37.06666564941406,12066289
2019-05-21,34.756858825683594,37.53333282470703,38.633331298828125,37.20000076293945,38.59999847412109,8002356
2019-05-22,35.312469482421875,38.133331298828125,38.36666488647461,36.86666488647461,37.33333206176758,7364557
2019-05-23,35.55942153930664,38.400001525878906,40.59999847412109,37.86666488647461,39.59999847412109,21496675
2019-05-24,37.751007080078125,40.76666641235352,41.0,38.29999923706055,38.633331298828125,16393101
2019-05-27,39.1709213256836,42.29999923706055,42.73333358764648,40.93333435058594,41.0,20137576
2019-05-28,39.81913757324219,43.0,43.59999847412109,42.23333358764648,42.56666564941406,16174222
2019-05-29,38.67704391479492,41.76666641235352,42.79999923706055,41.43333435058594,42.79999923706055,11218708
2019-05-30,39.32526397705078,42.46666717529297,42.79999923706055,41.76666641235352,41.76666641235352,17663592
2019-05-31,38.21401977539063,41.26666641235352,42.633331298828125,40.56666564941406,42.46666717529297,13853190
2019-06-03,38.64617538452149,41.73333358764648,42.06666564941406,40.133331298828125,41.133331298828125,9361735
2019-06-04,38.9857177734375,42.09999847412109,42.93333435058594,41.43333435058594,41.70000076293945,10792464
2019-06-06,37.534942626953125,40.53333282470703,42.16666412353516,40.133331298828125,42.133331298828125,9208252
2019-06-07,37.62754440307617,40.633331298828125,40.86666488647461,39.66666412353516,40.53333282470703,8802351
2019-06-10,36.2076301574707,39.09999847412109,41.29999923706055,38.86666488647461,41.06666564941406,12236374
2019-06-11,36.824989318847656,39.76666641235352,39.96666717529297,38.43333435058594,39.133331298828125,7434781
2019-06-12,36.45457077026367,39.36666488647461,40.53333282470703,39.03333282470703,39.53333282470703,7333498
2019-06-13,36.39284133911133,39.29999923706055,39.83333206176758,38.16666412353516,38.79999923706055,8263641
2019-06-14,35.86809539794922,38.73333358764648,39.46666717529297,38.53333282470703,39.33333206176758,4945254
2019-06-17,34.972930908203125,37.76666641235352,38.76666641235352,37.59999847412109,38.46666717529297,8435931
2019-06-18,34.88032531738281,37.66666412353516,38.23333358764648,37.16666412353516,37.73333358764648,6236938
2019-06-19,34.88032531738281,37.66666412353516,38.56666564941406,36.66666412353516,37.79999923706055,12059520
2019-06-20,36.05329513549805,38.93333435058594,39.20000076293945,37.20000076293945,37.66666412353516,11652406
2019-06-21,36.17676544189453,39.06666564941406,39.59999847412109,38.36666488647461,38.83333206176758,10684113
2019-06-24,38.24489974975586,41.29999923706055,41.633331298828125,38.400001525878906,38.400001525878906,21731163
2019-06-25,37.751007080078125,40.76666641235352,41.43333435058594,40.33333206176758,41.16666412353516,12592864
2019-06-26,38.46096420288086,41.53333282470703,41.93333435058594,40.53333282470703,40.76666641235352,14077138
2019-06-27,37.534942626953125,40.53333282470703,42.0,40.400001525878906,41.46666717529297,23687883
2019-06-28,36.79412460327149,39.73333358764648,40.93333435058594,39.5,40.93333435058594,7908366
2019-07-01,37.28800201416016,40.26666641235352,40.900001525878906,39.56666564941406,39.86666488647461,12247725
2019-07-02,37.19539642333984,40.16666412353516,40.76666641235352,39.86666488647461,40.56666564941406,8149911
2019-07-03,37.25712966918945,40.23333358764648,40.46666717529297,39.900001525878906,40.06666564941406,5331406
2019-07-04,37.84362030029297,40.86666488647461,41.56666564941406,40.29999923706055,40.33333206176758,12547632
2019-07-05,35.55942153930664,38.400001525878906,41.36666488647461,38.03333282470703,41.23333358764648,17202033
2019-07-08,33.36781692504883,36.03333282470703,37.96666717529297,35.70000076293945,37.96666717529297,19656897
2019-07-09,34.84946060180664,37.633331298828125,37.93333435058594,35.66666412353516,35.900001525878906,21772062
2019-07-10,33.861698150634766,36.56666564941406,37.76666641235352,36.23333358764648,37.400001525878906,7792182
2019-07-11,34.17037582397461,36.900001525878906,37.133331298828125,35.733333587646484,36.73333358764648,10161814
2019-07-12,34.47904968261719,37.23333358764648,37.46666717529297,36.66666412353516,37.0,18213069
2019-07-15,33.336952209472656,36.0,37.43333435058594,35.83333206176758,37.0,10247911
2019-07-16,33.70736312866211,36.400001525878906,36.79999923706055,35.86666488647461,36.29999923706055,11111185
2019-07-17,33.42955780029297,36.09999847412109,36.79999923706055,35.76666641235352,36.26666641235352,8857621
2019-07-18,32.16399002075195,34.733333587646484,36.16666412353516,34.56666564941406,36.03333282470703,12338943
2019-07-19,31.60837173461914,34.133331298828125,35.133331298828125,33.76666641235352,35.0,16997884
2019-07-22,31.33056259155273,33.83333206176758,34.20000076293945,32.83333206176758,34.0,15520900
2019-07-23,31.145357131958008,33.633331298828125,34.900001525878906,33.43333435058594,34.06666564941406,19064376
2019-07-24,30.40453720092773,32.83333206176758,33.86666488647461,32.733333587646484,33.83333206176758,12326277
2019-07-25,29.632848739624023,32.0,33.16666412353516,31.76666641235352,32.83333206176758,22178034
2019-07-26,30.1575927734375,32.56666564941406,33.06666564941406,31.799999237060547,32.0,14123427
2019-07-29,29.231569290161133,31.566665649414062,32.66666412353516,31.399999618530277,32.599998474121094,12992779
2019-07-30,25.71266746520996,27.76666641235352,32.20000076293945,27.16666603088379,31.53333282470703,38618407
2019-07-31,26.391756057739254,28.5,28.76666641235352,26.933332443237305,27.733333587646484,21272161
2019-08-01,27.101709365844727,29.26666641235352,29.799999237060547,27.899999618530277,27.933332443237305,19546689
2019-08-02,26.453489303588867,28.566665649414062,29.16666603088379,27.66666603088379,28.700000762939453,19163677
2019-08-05,23.582809448242188,25.466665267944336,28.299999237060547,25.233333587646484,28.299999237060547,46255486
2019-08-06,24.045818328857425,25.966665267944336,26.833332061767575,25.100000381469727,25.333332061767575,43215228
2019-08-07,23.459333419799805,25.333332061767575,27.0,25.200000762939453,26.13333320617676,23687325
2019-08-08,24.539703369140625,26.5,26.600000381469727,25.433332443237305,25.53333282470703,22483780
2019-08-09,21.39121627807617,23.100000381469727,25.63333320617676,22.700000762939453,24.86666679382324,80959807
2019-08-13,21.23687171936035,22.933332443237305,24.0,22.76666641235352,23.36666679382324,28548528
2019-08-14,21.669017791748047,23.399999618530277,23.700000762939453,22.600000381469727,23.066665649414062,20615164
2019-08-16,20.928199768066406,22.600000381469727,23.399999618530277,22.333332061767575,23.399999618530277,16538400
2019-08-19,20.46518325805664,22.100000381469727,23.066665649414062,21.86666679382324,22.733333587646484,20331799
2019-08-20,19.878698348999023,21.466665267944336,22.399999618530277,20.933332443237305,22.399999618530277,24732492
2019-08-21,18.76747131347656,20.26666641235352,21.63333320617676,20.066665649414062,21.233333587646484,26454807
2019-08-22,18.057514190673828,19.5,20.399999618530277,19.36666679382324,20.26666641235352,24799695
2019-08-23,19.724365234375,21.299999237060547,21.799999237060547,19.0,19.5,40496961
2019-08-26,20.43431854248047,22.066665649414062,22.933332443237305,21.100000381469727,22.933332443237305,29784502
2019-08-27,22.7493839263916,24.566665649414062,24.933332443237305,22.100000381469727,22.100000381469727,58950067
2019-08-28,22.19376945495605,23.966665267944336,24.63333320617676,23.66666603088379,24.53333282470703,30437743
2019-08-29,22.625911712646484,24.433332443237305,24.76666641235352,23.200000762939453,23.466665267944336,42576664
2019-08-30,21.82335662841797,23.566665649414062,24.600000381469727,22.799999237060547,24.433332443237305,33821130
2019-09-03,20.80472755432129,22.466665267944336,23.299999237060547,22.299999237060547,23.0,15903906
2019-09-04,20.61952018737793,22.26666641235352,23.0,21.86666679382324,22.466665267944336,21209088
2019-09-05,21.483816146850582,23.200000762939453,24.399999618530277,22.433332443237305,22.433332443237305,38302645
2019-09-06,22.070293426513672,23.833332061767575,24.16666603088379,22.933332443237305,23.333332061767575,18718854
2019-09-09,23.150665283203125,25.0,25.26666641235352,23.933332443237305,24.100000381469727,28953154
2019-09-11,23.397602081298828,25.26666641235352,25.700000762939453,24.86666679382324,25.333332061767575,25281159
2019-09-12,23.86869430541992,25.333332061767575,26.066665649414062,24.933332443237305,25.16666603088379,30796723
2019-09-13,23.586042404174805,25.03333282470703,25.5,24.333332061767575,25.466665267944336,27442768
2019-09-16,23.64885139465332,25.100000381469727,25.53333282470703,24.799999237060547,25.200000762939453,20727964
2019-09-17,22.58104133605957,23.966665267944336,25.53333282470703,23.799999237060547,25.399999618530277,25699314
2019-09-18,22.42400932312012,23.799999237060547,24.433332443237305,23.399999618530277,24.100000381469727,22363660
2019-09-19,21.356201171875,22.66666603088379,23.899999618530277,22.466665267944336,23.899999618530277,24924822
2019-09-20,23.554636001586918,25.0,25.233333587646484,22.36666679382324,22.433332443237305,49422754
2019-09-23,24.68525695800781,26.200000762939453,27.333332061767575,25.399999618530277,26.0,48026337
2019-09-24,24.716663360595703,26.233333587646484,26.66666603088379,25.700000762939453,25.966665267944336,23257582
2019-09-25,23.271976470947266,24.700000762939453,26.03333282470703,24.399999618530277,26.03333282470703,17934670
2019-09-26,23.90010643005371,25.36666679382324,25.66666603088379,24.233333587646484,24.66666603088379,27527371
2019-09-27,22.926511764526367,24.333332061767575,25.333332061767575,24.066665649414062,25.26666641235352,21313078
2019-09-30,21.921510696411133,23.26666641235352,24.466665267944336,23.0,24.433332443237305,29260791
2019-10-01,21.79588890075684,23.13333320617676,24.53333282470703,22.566665649414062,23.799999237060547,34392870
2019-10-03,21.57604217529297,22.899999618530277,23.566665649414062,22.600000381469727,22.799999237060547,18582010
2019-10-04,20.790889739990234,22.066665649414062,23.333332061767575,21.933332443237305,23.066665649414062,31252401
2019-10-07,20.41401481628418,21.66666603088379,22.26666641235352,20.86666679382324,22.200000762939453,28702608
2019-10-09,21.23057556152344,22.53333282470703,22.76666641235352,21.466665267944336,21.76666641235352,24316393
2019-10-10,21.1363582611084,22.433332443237305,23.03333282470703,22.0,22.399999618530277,22161189
2019-10-11,20.50823402404785,21.76666641235352,22.833332061767575,21.600000381469727,22.63333320617676,25503130
2019-10-14,20.445423126220703,21.700000762939453,22.200000762939453,21.566665649414062,21.76666641235352,20651959
2019-10-15,20.539640426635746,21.799999237060547,22.0,21.333332061767575,21.833332061767575,18838798
2019-10-16,21.01073455810547,22.299999237060547,22.799999237060547,22.066665649414062,22.333332061767575,32521329
2019-10-17,21.544641494750977,22.86666679382324,22.966665267944336,22.0,22.299999237060547,23652123
2019-10-18,23.177764892578125,24.600000381469727,25.53333282470703,22.66666603088379,22.66666603088379,52630264
2019-10-22,22.42400932312012,23.799999237060547,24.966665267944336,23.466665267944336,24.600000381469727,28235163
2019-10-23,22.58104133605957,23.966665267944336,24.600000381469727,23.299999237060547,23.799999237060547,22921675
2019-10-24,21.63885498046875,22.966665267944336,24.16666603088379,22.799999237060547,24.03333282470703,21953674
2019-10-25,20.979326248168945,22.26666641235352,23.26666641235352,21.86666679382324,23.0,18271696
2019-10-27,21.356201171875,22.66666603088379,22.833332061767575,22.433332443237305,22.466665267944336,3028233
2019-10-29,22.42400932312012,23.799999237060547,24.16666603088379,22.53333282470703,22.66666603088379,21326187
2019-10-30,23.743070602416992,25.200000762939453,25.299999237060547,23.86666679382324,24.03333282470703,32398681
2019-10-31,23.554636001586918,25.0,25.966665267944336,24.76666641235352,25.399999618530277,24545026
2019-11-01,23.554636001586918,25.0,25.53333282470703,24.76666641235352,25.13333320617676,16111894
2019-11-04,24.21416664123535,25.700000762939453,26.466665267944336,25.066665649414062,25.13333320617676,31233085
2019-11-05,23.36619758605957,24.799999237060547,25.799999237060547,24.433332443237305,25.76666641235352,18201472
2019-11-06,24.119945526123047,25.600000381469727,25.966665267944336,24.833332061767575,24.86666679382324,24086872
2019-11-07,26.098535537719727,27.700000762939453,30.53333282470703,27.566665649414062,28.13333320617676,106635469
2019-11-08,25.59603500366211,27.16666603088379,27.933332443237305,27.03333282470703,27.700000762939453,30717618
2019-11-11,25.69025421142578,27.26666641235352,27.566665649414062,26.566665649414062,27.200000762939453,19319500
2019-11-13,24.591041564941406,26.100000381469727,27.5,26.03333282470703,27.299999237060547,18889356
2019-11-14,23.42901039123535,24.86666679382324,26.066665649414062,24.66666603088379,26.0,24196758
2019-11-15,23.491817474365234,24.933332443237305,25.53333282470703,24.233333587646484,24.76666641235352,24479548
2019-11-18,23.90010643005371,25.36666679382324,26.0,25.200000762939453,25.600000381469727,25144111
2019-11-19,23.209163665771484,24.63333320617676,25.5,24.53333282470703,25.399999618530277,23863173
2019-11-20,23.42901039123535,24.86666679382324,25.100000381469727,24.600000381469727,25.100000381469727,24635403
2019-11-21,23.42901039123535,24.86666679382324,25.466665267944336,24.466665267944336,25.299999237060547,27380785
2019-11-22,23.11494445800781,24.53333282470703,24.799999237060547,24.13333320617676,24.66666603088379,19126477
2019-11-25,23.554636001586918,25.0,25.100000381469727,24.233333587646484,24.566665649414062,16890453
2019-11-26,22.863697052001957,24.26666641235352,25.200000762939453,24.13333320617676,25.0,21135144
2019-11-27,22.45541381835937,23.833332061767575,24.5,23.66666603088379,24.26666641235352,18997833
2019-11-28,22.895103454589844,24.299999237060547,24.433332443237305,23.76666641235352,23.86666679382324,24065823
2019-11-29,24.33979034423828,25.833332061767575,26.26666641235352,24.233333587646484,24.36666679382324,48705006
2019-12-02,23.460412979125977,24.899999618530277,25.933332443237305,24.733333587646484,25.933332443237305,17282874
2019-12-03,22.549638748168945,23.933332443237305,25.36666679382324,23.833332061767575,24.600000381469727,23641828
2019-12-04,22.895103454589844,24.299999237060547,24.399999618530277,23.53333282470703,23.933332443237305,18572995
2019-12-05,22.51822853088379,23.899999618530277,24.799999237060547,23.833332061767575,24.36666679382324,17589432
2019-12-06,21.57604217529297,22.899999618530277,24.100000381469727,22.63333320617676,24.03333282470703,22576144
2019-12-09,21.670265197753903,23.0,23.66666603088379,22.66666603088379,23.399999618530277,24138474
2019-12-10,20.47682762145996,21.733333587646484,23.13333320617676,21.53333282470703,23.13333320617676,23138157
2019-12-11,20.94791984558105,22.233333587646484,22.399999618530277,21.466665267944336,21.66666603088379,20294616
2019-12-12,21.60744857788086,22.933332443237305,23.100000381469727,21.933332443237305,22.26666641235352,21166189
2019-12-13,22.141355514526367,23.5,23.600000381469727,22.86666679382324,23.066665649414062,16545165
2019-12-16,21.858701705932617,23.200000762939453,23.66666603088379,23.03333282470703,23.63333320617676,15192831
2019-12-17,22.141355514526367,23.5,23.933332443237305,23.13333320617676,23.200000762939453,15449790
2019-12-18,22.17276382446289,23.53333282470703,24.200000762939453,23.399999618530277,23.966665267944336,25540176
2019-12-19,22.235576629638672,23.600000381469727,24.0,23.433332443237305,23.566665649414062,18337552
2019-12-20,22.42400932312012,23.799999237060547,24.13333320617676,23.433332443237305,23.600000381469727,18536842
2019-12-23,21.827289581298828,23.16666603088379,24.066665649414062,23.0,23.833332061767575,29580169
2019-12-24,21.733074188232425,23.066665649414062,23.299999237060547,22.799999237060547,23.299999237060547,20625558
2019-12-26,21.16776657104492,22.466665267944336,23.233333587646484,22.333332061767575,23.13333320617676,28181766
2019-12-27,21.387609481811523,22.700000762939453,22.76666641235352,22.433332443237305,22.53333282470703,12470470
2019-12-30,21.733074188232425,23.066665649414062,23.200000762939453,22.733333587646484,22.76666641235352,12333925
2019-12-31,21.890106201171875,23.233333587646484,23.433332443237305,22.86666679382324,23.03333282470703,13248019
2020-01-01,21.79588890075684,23.13333320617676,23.433332443237305,22.899999618530277,23.299999237060547,12427144
2020-01-02,23.491817474365234,24.933332443237305,25.433332443237305,22.933332443237305,23.100000381469727,40774923
2020-01-03,23.177764892578125,24.600000381469727,25.333332061767575,24.433332443237305,24.86666679382324,31575382
2020-01-06,21.57604217529297,22.899999618530277,24.333332061767575,22.833332061767575,24.333332061767575,33114454
2020-01-07,21.76448631286621,23.100000381469727,23.733333587646484,22.600000381469727,23.26666641235352,28813855
2020-01-08,21.60744857788086,22.933332443237305,23.200000762939453,22.66666603088379,23.066665649414062,24835660
2020-01-09,22.76947593688965,24.16666603088379,24.433332443237305,23.26666641235352,23.600000381469727,35124769
2020-01-10,22.98932266235352,24.399999618530277,25.0,24.066665649414062,24.600000381469727,30769465
2020-01-13,23.334793090820312,24.76666641235352,24.86666679382324,24.36666679382324,24.466665267944336,20392203
2020-01-14,23.460412979125977,24.899999618530277,25.03333282470703,24.566665649414062,24.86666679382324,18044145
2020-01-15,24.55963134765625,26.066665649414062,26.466665267944336,24.600000381469727,24.76666641235352,48417546
2020-01-16,23.994319915771484,25.466665267944336,26.299999237060547,25.36666679382324,26.066665649414062,23510914
2020-01-17,23.61744499206543,25.066665649414062,26.03333282470703,25.0,25.466665267944336,27105259
2020-01-20,23.61744499206543,25.066665649414062,25.466665267944336,24.5,25.26666641235352,23004388
2020-01-21,23.30338287353516,24.733333587646484,25.566665649414062,24.399999618530277,25.16666603088379,27503610
2020-01-22,22.45541381835937,23.833332061767575,24.933332443237305,23.63333320617676,24.799999237060547,24594174
2020-01-23,22.863697052001957,24.26666641235352,24.66666603088379,23.76666641235352,23.76666641235352,31781707
2020-01-24,23.52322578430176,24.966665267944336,25.399999618530277,24.066665649414062,24.26666641235352,28804287
2020-01-27,23.271976470947266,24.700000762939453,25.16666603088379,24.399999618530277,24.799999237060547,22182640
2020-01-28,22.98932266235352,24.399999618530277,24.966665267944336,24.26666641235352,24.833332061767575,28229527
2020-01-29,22.863697052001957,24.26666641235352,24.733333587646484,24.13333320617676,24.53333282470703,32715622
2020-01-30,21.57604217529297,22.899999618530277,24.5,22.66666603088379,24.399999618530277,39075105
2020-01-31,21.16776657104492,22.466665267944336,23.233333587646484,22.26666641235352,23.100000381469727,19738870
2020-02-03,20.539640426635746,21.799999237060547,21.966665267944336,21.100000381469727,21.333332061767575,14985631
2020-02-04,20.571043014526367,21.833332061767575,22.299999237060547,21.66666603088379,22.0,11201439
2020-02-05,20.759483337402344,22.03333282470703,22.16666603088379,21.833332061767575,22.0,9756414
2020-02-06,20.69667053222656,21.966665267944336,22.299999237060547,21.899999618530277,22.16666603088379,8613994
2020-02-07,20.288393020629883,21.53333282470703,22.066665649414062,21.399999618530277,22.03333282470703,11800230
2020-02-10,19.628862380981445,20.833332061767575,21.66666603088379,20.700000762939453,21.63333320617676,13395681
2020-02-11,19.189172744750977,20.36666679382324,21.066665649414062,20.233333587646484,20.833332061767575,15252090
2020-02-12,20.225574493408203,21.466665267944336,21.933332443237305,20.233333587646484,20.433332443237305,23774292
2020-02-13,20.005739212036133,21.233333587646484,21.566665649414062,20.466665267944336,21.066665649414062,27393633
2020-02-14,20.09995460510254,21.333332061767575,21.733333587646484,21.0,21.13333320617676,16459477
2020-02-17,19.220582962036133,20.399999618530277,21.299999237060547,20.26666641235352,21.26666641235352,13679782
2020-02-18,18.18417739868164,19.299999237060547,20.399999618530277,19.0,20.399999618530277,23003278
2020-02-19,18.52964401245117,19.66666603088379,19.966665267944336,19.36666679382324,19.53333282470703,16464138
2020-02-20,17.99574089050293,19.100000381469727,19.66666603088379,19.0,19.66666603088379,16650387
2020-02-24,17.210586547851562,18.26666641235352,18.966665267944336,18.16666603088379,18.966665267944336,16662070
2020-02-25,18.435426712036133,19.566665649414062,20.466665267944336,18.13333320617676,18.36666679382324,26241805
2020-02-26,17.744487762451172,18.833332061767575,19.799999237060547,18.433332443237305,19.53333282470703,22633623
2020-02-27,17.24199104309082,18.299999237060547,18.733333587646484,18.13333320617676,18.733333587646484,11513526
2020-02-28,16.582462310791016,17.600000381469727,17.833332061767578,17.233333587646484,17.733333587646484,16784176
2020-03-02,16.519649505615234,17.53333282470703,18.600000381469727,17.0,18.200000762939453,13109593
2020-03-03,16.896520614624023,17.933332443237305,18.26666641235352,17.399999618530273,17.600000381469727,11016417
2020-03-04,16.2998046875,17.299999237060547,18.466665267944336,17.03333282470703,18.333332061767575,21758017
2020-03-05,16.268400192260742,17.266666412353516,17.633333206176758,17.03333282470703,17.5,12922089
2020-03-06,15.326215744018556,16.266666412353516,17.066665649414062,15.733332633972168,16.200000762939453,19927959
2020-03-09,13.34762477874756,14.166666030883787,16.0,13.766666412353516,15.866665840148926,29055984
2020-03-11,12.65669059753418,13.43333339691162,14.600000381469728,13.333333015441896,14.166666030883787,25420744
2020-03-12,11.557472229003906,12.266666412353516,13.199999809265137,11.666666030883787,11.666666030883787,37745554
2020-03-13,11.808722496032717,12.533332824707031,12.833333015441896,10.0,11.333333015441896,30449062
2020-03-16,10.897943496704102,11.566665649414062,12.266666412353516,11.43333339691162,11.966666221618652,15615066
2020-03-17,10.70950698852539,11.366665840148926,12.233332633972168,11.133333206176758,11.633333206176758,14120878
2020-03-18,10.70950698852539,11.366665840148926,13.333333015441896,9.366665840148926,11.566665649414062,39797022
2020-03-19,9.73591423034668,10.333333015441896,10.899999618530272,9.733332633972168,10.0,15690910
2020-03-20,10.70950698852539,11.366665840148926,11.366665840148926,10.233332633972168,10.399999618530272,17592903
2020-03-23,9.641695976257324,10.233332633972168,11.166666030883787,10.233332633972168,10.333333015441896,8665741
2020-03-24,10.081381797790527,10.699999809265137,11.0,10.066665649414062,10.399999618530272,6664326
2020-03-25,9.861538887023926,10.466666221618652,10.666666030883787,10.300000190734863,10.666666030883787,5257537
2020-03-26,9.79872703552246,10.399999618530272,10.93333339691162,10.333333015441896,10.333333015441896,9220437
2020-03-27,10.426850318908691,11.066665649414062,11.199999809265137,10.533332824707031,10.666666030883787,9524868
2020-03-30,10.238412857055664,10.866665840148926,10.966666221618652,10.533332824707031,10.766666412353516,4420494
2020-03-31,10.238412857055664,10.866665840148926,11.133333206176758,10.733332633972168,11.0,7228906
2020-04-01,10.175601959228516,10.800000190734863,11.266666412353516,10.733332633972168,10.833333015441896,3713845
2020-04-03,10.112787246704102,10.733332633972168,11.0,10.600000381469728,11.0,3836880
2020-04-07,10.458258628845217,11.100000381469728,11.233332633972168,10.93333339691162,11.233332633972168,6653392
2020-04-08,10.6781005859375,11.333333015441896,11.93333339691162,10.93333339691162,11.100000381469728,8213056
2020-04-09,11.494661331176758,12.199999809265137,12.466666221618652,11.43333339691162,11.43333339691162,9381321
2020-04-13,12.091378211975098,12.833333015441896,13.133333206176758,11.666666030883787,12.199999809265137,11724412
2020-04-15,12.907938957214355,13.699999809265137,14.333333015441896,13.199999809265137,13.399999618530272,14064490
2020-04-16,14.352622985839844,15.233332633972168,15.533332824707031,13.566665649414062,13.699999809265137,14599498
2020-04-17,15.483245849609377,16.433332443237305,16.633333206176758,15.766666412353516,16.399999618530273,14203653
2020-04-20,14.886529922485352,15.800000190734863,16.733333587646484,15.733332633972168,16.633333206176758,7660593
2020-04-21,13.536062240600586,14.366665840148926,15.133333206176758,14.233332633972168,15.133333206176758,8309331
2020-04-22,13.693093299865724,14.533332824707031,14.966666221618652,14.033332824707031,14.333333015441896,8101806
2020-04-23,13.159188270568848,13.966666221618652,15.199999809265137,13.800000190734863,15.133333206176758,14985883
2020-04-24,12.091378211975098,12.833333015441896,13.733332633972168,12.600000381469728,13.666666030883787,21609550
2020-04-27,12.3112211227417,13.066665649414062,13.333333015441896,12.833333015441896,12.93333339691162,6793483
2020-04-28,12.122783660888672,12.866665840148926,13.266666412353516,12.800000190734863,13.166666030883787,4266429
2020-04-29,12.405439376831056,13.166666030883787,13.466666221618652,12.866665840148926,13.0,6191689
2020-04-30,12.436845779418944,13.199999809265137,13.766666412353516,13.133333206176758,13.399999618530272,10850799
2020-05-04,12.059972763061523,12.800000190734863,13.133333206176758,12.566665649414062,12.733332633972168,6431599
2020-05-05,11.840127944946287,12.566665649414062,13.066665649414062,12.533332824707031,13.066665649414062,3367408
2020-05-06,11.745908737182615,12.466666221618652,12.766666412353516,12.43333339691162,12.666666030883787,4094856
2020-05-07,11.651690483093262,12.366665840148926,12.5,12.266666412353516,12.5,2171037
2020-05-08,11.463255882263184,12.166666030883787,12.733332633972168,12.133333206176758,12.733332633972168,4652797
2020-05-11,11.30622386932373,12.0,12.466666221618652,11.866665840148926,12.300000190734863,5075175
2020-05-12,11.117788314819336,11.800000190734863,11.93333339691162,11.566665649414062,11.93333339691162,5131738
2020-05-13,11.180598258972168,11.866665840148926,12.366665840148926,11.800000190734863,12.333333015441896,32335098
2020-05-14,11.714505195617676,12.43333339691162,12.43333339691162,11.633333206176758,11.800000190734863,38377795
2020-05-15,11.714505195617676,12.43333339691162,12.899999618530272,12.233332633972168,12.666666030883787,39886731
2020-05-18,11.14919376373291,11.833333015441896,12.666666030883787,11.833333015441896,12.666666030883787,12640903
2020-05-19,10.646695137023926,11.300000190734863,12.066665649414062,11.266666412353516,12.033332824707031,17807535
2020-05-20,10.866537094116213,11.533332824707031,11.600000381469728,11.300000190734863,11.366665840148926,6650479
2020-05-21,10.772320747375488,11.43333339691162,11.666666030883787,11.399999618530272,11.533332824707031,4079113
2020-05-22,10.646695137023926,11.300000190734863,11.466666221618652,11.199999809265137,11.43333339691162,5335878
2020-05-26,10.70950698852539,11.366665840148926,11.5,11.300000190734863,11.333333015441896,3982147
2020-05-27,10.772320747375488,11.43333339691162,11.5,11.266666412353516,11.366665840148926,5032278
2020-05-28,10.80372428894043,11.466666221618652,11.666666030883787,11.399999618530272,11.5,6610438
2020-05-29,10.866537094116213,11.533332824707031,12.033332824707031,11.399999618530272,11.399999618530272,21638062
2020-06-01,11.400443077087402,12.100000381469728,12.100000381469728,11.633333206176758,11.666666030883787,15589752
2020-06-02,11.808722496032717,12.533332824707031,12.699999809265137,12.133333206176758,12.166666030883787,20179660
2020-06-03,11.997159957885742,12.733332633972168,13.033332824707031,12.633333206176758,12.833333015441896,14798173
2020-06-04,11.965754508972168,12.699999809265137,12.899999618530272,12.399999618530272,12.633333206176758,10356964
2020-06-05,14.007156372070312,14.866665840148926,15.033332824707031,13.100000381469728,13.133333206176758,52991820
2020-06-08,14.415435791015623,15.300000190734863,16.600000381469727,14.93333339691162,15.866665840148926,43596352
2020-06-09,13.850123405456545,14.699999809265137,15.733332633972168,14.600000381469728,15.699999809265137,22924900
2020-06-10,15.389026641845703,16.333332061767578,17.16666603088379,14.266666412353516,14.666666030883787,82081611
2020-06-11,14.603874206542969,15.5,16.66666603088379,15.399999618530272,16.633333206176758,25716087
2020-06-12,14.760903358459473,15.666666030883787,15.800000190734863,14.033332824707031,14.166666030883787,24104542
2020-06-15,14.823716163635254,15.733332633972168,16.333332061767578,15.566665649414062,15.733332633972168,15629736
2020-06-16,14.541061401367188,15.43333339691162,16.466665267944336,15.033332824707031,16.333332061767578,20433543
2020-06-17,14.47824764251709,15.366665840148926,15.699999809265137,15.066665649414062,15.333333015441896,12390990
2020-06-18,15.200592041015623,16.133333206176758,16.399999618530273,15.233332633972168,15.43333339691162,31492431
2020-06-19,15.200592041015623,16.133333206176758,16.466665267944336,16.0,16.266666412353516,18085210
2020-06-22,15.043559074401855,15.966666221618652,16.299999237060547,15.699999809265137,16.16666603088379,16089738
2020-06-23,15.200592041015623,16.133333206176758,16.399999618530273,15.966666221618652,16.100000381469727,13523334
2020-06-24,15.231995582580566,16.16666603088379,17.266666412353516,16.100000381469727,16.299999237060547,33761893
2020-06-25,14.886529922485352,15.800000190734863,16.266666412353516,15.699999809265137,16.066665649414062,15626878
2020-06-26,14.9493408203125,15.866665840148926,16.16666603088379,15.766666412353516,16.0,11666229
2020-06-29,14.698092460632324,15.600000381469728,15.966666221618652,15.43333339691162,15.866665840148926,9079882
2020-06-30,14.603874206542969,15.5,16.133333206176758,15.43333339691162,15.666666030883787,11388558
2020-07-01,14.698092460632324,15.600000381469728,15.766666412353516,15.333333015441896,15.666666030883787,7319113
2020-07-02,15.54605770111084,16.5,16.766666412353516,15.633333206176758,15.833333015441896,26747209
2020-07-03,15.326215744018556,16.266666412353516,16.799999237060547,16.200000762939453,16.66666603088379,13124583
2020-07-06,15.860118865966797,16.833332061767578,16.966665267944336,16.333332061767578,16.333332061767578,31493026
2020-07-07,17.210586547851562,18.26666641235352,18.66666603088379,16.100000381469727,16.799999237060547,112722678
2020-07-08,17.14777183532715,18.200000762939453,18.899999618530277,18.03333282470703,18.600000381469727,46555035
2020-07-09,16.896520614624023,17.933332443237305,18.53333282470703,17.799999237060547,18.399999618530277,21170890
2020-07-10,16.268400192260742,17.266666412353516,17.799999237060547,17.03333282470703,17.799999237060547,18241824
2020-07-13,15.797306060791016,16.766666412353516,17.566665649414062,16.700000762939453,17.399999618530273,14160853
2020-07-14,15.200592041015623,16.133333206176758,16.600000381469727,16.0,16.433332443237305,13761843
2020-07-15,14.823716163635254,15.733332633972168,16.5,15.600000381469728,16.299999237060547,12732996
2020-07-16,14.855121612548828,15.766666412353516,15.866665840148926,15.399999618530272,15.733332633972168,10201239
2020-07-17,15.797306060791016,16.766666412353516,17.200000762939453,15.666666030883787,15.866665840148926,31986825
2020-07-20,16.23699378967285,17.233333587646484,17.600000381469727,16.566665649414062,16.899999618530273,28780939
2020-07-21,16.17418098449707,17.16666603088379,17.466665267944336,17.0,17.399999618530273,12885640
2020-07-22,15.765901565551758,16.733333587646484,17.233333587646484,16.53333282470703,17.233333587646484,16123237
2020-07-23,15.640275955200195,16.600000381469727,16.933332443237305,16.53333282470703,16.733333587646484,10956754
2020-07-24,15.483245849609377,16.433332443237305,16.933332443237305,16.299999237060547,16.53333282470703,11592850
2020-07-27,15.10637092590332,16.03333282470703,16.399999618530273,15.966666221618652,16.333332061767578,8084578
2020-07-28,15.137777328491213,16.066665649414062,16.600000381469727,16.03333282470703,16.600000381469727,15756562
2020-07-29,15.10637092590332,16.03333282470703,16.266666412353516,15.966666221618652,16.200000762939453,8736097
2020-07-30,14.792308807373049,15.699999809265137,16.133333206176758,15.600000381469728,16.133333206176758,8632303
2020-07-31,14.509655952453612,15.399999618530272,15.733332633972168,15.333333015441896,15.666666030883787,7848847
2020-08-03,14.258404731750488,15.133333206176758,15.399999618530272,15.0,15.399999618530272,7151104
2020-08-04,14.47824764251709,15.366665840148926,15.5,15.033332824707031,15.033332824707031,5993397
2020-08-05,14.509655952453612,15.399999618530272,15.93333339691162,15.366665840148926,15.399999618530272,8346193
2020-08-06,14.47824764251709,15.366665840148926,15.566665649414062,15.333333015441896,15.43333339691162,5927506
2020-08-07,14.603874206542969,15.5,15.699999809265137,15.366665840148926,15.399999618530272,6478297
2020-08-10,14.541061401367188,15.43333339691162,15.833333015441896,15.366665840148926,15.633333206176758,7485781
2020-08-11,14.6666841506958,15.566665649414062,15.633333206176758,15.466666221618652,15.600000381469728,5725729
2020-08-12,15.451838493347168,16.399999618530273,16.566665649414062,15.399999618530272,15.666666030883787,27663757
2020-08-13,16.362621307373047,17.366666793823242,17.600000381469727,16.433332443237305,16.5,40739256
2020-08-14,16.833711624145508,17.866666793823242,18.5,17.366666793823242,17.799999237060547,66555510
2020-08-17,17.27339744567871,18.333332061767575,18.833332061767575,18.066665649414062,18.66666603088379,31987518
2020-08-18,17.24199104309082,18.299999237060547,18.53333282470703,18.0,18.466665267944336,22857126
2020-08-19,17.838708877563477,18.933332443237305,19.13333320617676,18.16666603088379,18.333332061767575,48289420
2020-08-20,18.56105232238769,19.700000762939453,19.933332443237305,18.299999237060547,18.466665267944336,55499427
2020-08-21,18.466835021972656,19.600000381469727,20.26666641235352,19.399999618530277,19.966665267944336,29947080
2020-08-24,18.027143478393555,19.13333320617676,19.833332061767575,19.0,19.833332061767575,16013428
2020-08-25,17.775897979736328,18.86666679382324,19.5,18.733333587646484,19.16666603088379,14381094
2020-08-26,17.838708877563477,18.933332443237305,19.233333587646484,18.76666641235352,19.03333282470703,12175446
2020-08-27,17.838708877563477,18.933332443237305,19.16666603088379,18.86666679382324,19.13333320617676,11513559
2020-08-28,17.744487762451172,18.833332061767575,19.16666603088379,18.799999237060547,19.0,10411432
2020-08-31,16.802303314208984,17.833332061767578,19.0,17.633333206176758,18.933332443237305,18174222
2020-09-01,16.77090072631836,17.799999237060547,18.200000762939453,17.100000381469727,17.833332061767578,10600657
2020-09-02,16.8651180267334,17.899999618530273,18.03333282470703,17.53333282470703,17.766666412353516,5640762
2020-09-03,17.713083267211914,18.799999237060547,19.26666641235352,17.866666793823242,17.899999618530273,16673691
2020-09-04,17.14777183532715,18.200000762939453,18.76666641235352,18.066665649414062,18.66666603088379,11238430
2020-09-07,16.708091735839844,17.733333587646484,18.36666679382324,17.466665267944336,18.200000762939453,8386530
2020-09-08,16.394023895263672,17.399999618530273,17.966665267944336,17.333332061767578,17.733333587646484,6491346
2020-09-09,16.2998046875,17.299999237060547,17.399999618530273,16.799999237060547,16.933332443237305,7276660
2020-09-10,16.488243103027344,17.5,17.700000762939453,17.333332061767578,17.333332061767578,5346025
2020-09-11,16.362621307373047,17.366666793823242,17.733333587646484,17.100000381469727,17.633333206176758,6179839
2020-09-14,17.116369247436523,18.16666603088379,18.5,17.633333206176758,17.66666603088379,17024356
2020-09-15,16.676677703857422,17.700000762939453,18.066665649414062,17.366666793823242,18.0,10045777
2020-09-16,16.64527130126953,17.66666603088379,17.799999237060547,17.466665267944336,17.633333206176758,5786472
2020-09-17,16.2998046875,17.299999237060547,17.66666603088379,17.200000762939453,17.53333282470703,6348546
2020-09-18,16.17418098449707,17.16666603088379,17.566665649414062,17.100000381469727,17.233333587646484,6411109
2020-09-21,15.54605770111084,16.5,17.5,16.200000762939453,17.16666603088379,7674267
2020-09-22,14.9493408203125,15.866665840148926,16.5,15.199999809265137,16.366666793823242,12387183
2020-09-23,14.98074722290039,15.899999618530272,16.266666412353516,15.333333015441896,16.266666412353516,6201949
2020-09-24,14.352622985839844,15.233332633972168,15.800000190734863,14.800000190734863,15.800000190734863,6866400
2020-09-25,15.389026641845703,16.333332061767578,16.466665267944336,15.333333015441896,15.333333015441896,9476793
2020-09-28,15.263401985168455,16.200000762939453,16.566665649414062,16.100000381469727,16.366666793823242,7021749
2020-09-29,14.886529922485352,15.800000190734863,16.466665267944336,15.699999809265137,16.266666412353516,5886205
2020-09-30,14.823716163635254,15.733332633972168,15.966666221618652,15.600000381469728,15.800000190734863,3281211
2020-10-01,14.91793441772461,15.833333015441896,16.16666603088379,15.766666412353516,15.866665840148926,3796339
2020-10-05,14.9493408203125,15.866665840148926,16.100000381469727,15.733332633972168,15.833333015441896,4412746
2020-10-06,14.9493408203125,15.866665840148926,16.03333282470703,15.800000190734863,16.0,5589336
2020-10-07,14.855121612548828,15.766666412353516,16.066665649414062,15.666666030883787,15.866665840148926,2927731
2020-10-08,14.6666841506958,15.566665649414062,15.866665840148926,15.43333339691162,15.800000190734863,3645310
2020-10-09,14.698092460632324,15.600000381469728,15.800000190734863,15.5,15.533332824707031,4346755
2020-10-12,14.603874206542969,15.5,15.733332633972168,15.43333339691162,15.733332633972168,2795856
2020-10-13,14.352622985839844,15.233332633972168,15.566665649414062,15.066665649414062,15.43333339691162,3876295
2020-10-14,14.132782936096191,15.0,15.333333015441896,14.93333339691162,15.266666412353516,7851075
2020-10-15,14.101373672485352,14.966666221618652,15.566665649414062,14.833333015441896,15.066665649414062,7131408
2020-10-16,14.069968223571776,14.93333339691162,15.233332633972168,14.833333015441896,15.0,3694884
2020-10-19,14.195591926574709,15.066665649414062,15.233332633972168,14.93333339691162,15.0,3657645
2020-10-20,14.541061401367188,15.43333339691162,15.5,14.966666221618652,15.133333206176758,5009358
2020-10-21,14.47824764251709,15.366665840148926,15.666666030883787,15.199999809265137,15.533332824707031,4233681
2020-10-22,14.38403034210205,15.266666412353516,15.466666221618652,15.199999809265137,15.199999809265137,3086692
2020-10-23,14.823716163635254,15.733332633972168,15.966666221618652,15.133333206176758,15.199999809265137,10365630
2020-10-26,14.47824764251709,15.366665840148926,15.833333015441896,15.333333015441896,15.833333015441896,4822056
2020-10-27,14.38403034210205,15.266666412353516,15.466666221618652,15.166666030883787,15.43333339691162,4593358
2020-10-28,14.415435791015623,15.300000190734863,15.533332824707031,15.100000381469728,15.199999809265137,5411959
2020-10-29,14.47824764251709,15.366665840148926,15.666666030883787,15.266666412353516,15.399999618530272,7545486
2020-10-30,14.32121753692627,15.199999809265137,15.466666221618652,15.100000381469728,15.366665840148926,4328389
2020-11-02,14.132782936096191,15.0,15.333333015441896,14.93333339691162,15.266666412353516,3563592
2020-11-03,14.101373672485352,14.966666221618652,15.199999809265137,14.899999618530272,15.133333206176758,3107788
2020-11-04,14.101373672485352,14.966666221618652,15.133333206176758,14.899999618530272,14.899999618530272,2799756
2020-11-05,14.446842193603516,15.333333015441896,15.699999809265137,15.0,15.066665649414062,7211424
2020-11-06,14.38403034210205,15.266666412353516,15.600000381469728,15.199999809265137,15.466666221618652,4921450
2020-11-09,14.47824764251709,15.366665840148926,15.533332824707031,15.266666412353516,15.399999618530272,4393071
2020-11-10,15.10637092590332,16.03333282470703,16.266666412353516,15.333333015441896,15.399999618530272,15274758
2020-11-11,14.91793441772461,15.833333015441896,16.5,15.199999809265137,16.333332061767578,12609879
2020-11-12,15.389026641845703,16.333332061767578,16.633333206176758,16.0,16.16666603088379,14259271
2020-11-13,15.263401985168455,16.200000762939453,16.466665267944336,16.133333206176758,16.433332443237305,6466858
2020-11-14,15.326215744018556,16.266666412353516,16.399999618530273,16.233333587646484,16.333332061767578,1637505
2020-11-17,15.608867645263672,16.566665649414062,16.766666412353516,16.433332443237305,16.66666603088379,9801756
2020-11-18,15.389026641845703,16.333332061767578,16.633333206176758,16.266666412353516,16.633333206176758,7006663
2020-11-19,15.231995582580566,16.16666603088379,16.833332061767578,16.066665649414062,16.299999237060547,13524330
2020-11-20,16.17418098449707,17.16666603088379,17.600000381469727,16.0,16.299999237060547,41064216
2020-11-23,16.425430297851562,17.433332443237305,17.833332061767578,17.200000762939453,17.466665267944336,22969389
2020-11-24,16.394023895263672,17.399999618530273,17.799999237060547,17.233333587646484,17.600000381469727,18650556
2020-11-25,15.891525268554688,16.866666793823242,17.53333282470703,16.766666412353516,17.53333282470703,17674527
2020-11-26,16.1346492767334,17.03333282470703,17.16666603088379,16.733333587646484,16.866666793823242,7844244
2020-11-27,16.418827056884766,17.333332061767578,17.566665649414062,16.866666793823242,17.0,20378310
2020-12-01,17.71338653564453,18.700000762939453,18.899999618530277,17.266666412353516,17.466665267944336,64064577
2020-12-02,18.1870059967041,19.200000762939453,19.333332061767575,18.799999237060547,19.066665649414062,36899644
2020-12-03,18.1870059967041,19.200000762939453,19.600000381469727,19.0,19.333332061767575,24302101
2020-12-04,17.871257781982422,18.86666679382324,19.53333282470703,18.399999618530277,19.433332443237305,23348310
2020-12-07,18.218578338623047,19.233333587646484,19.433332443237305,18.86666679382324,18.86666679382324,19208806
2020-12-08,18.40802764892578,19.433332443237305,19.733333587646484,18.933332443237305,19.600000381469727,23620101
2020-12-09,18.155427932739254,19.16666603088379,19.733333587646484,19.066665649414062,19.566665649414062,15678996
2020-12-10,17.776533126831055,18.76666641235352,19.16666603088379,18.566665649414062,19.16666603088379,13073860
2020-12-11,18.723773956298828,19.76666641235352,20.13333320617676,18.76666641235352,18.76666641235352,46215304
2020-12-14,19.73416328430176,20.833332061767575,21.16666603088379,20.399999618530277,20.86666679382324,59535480
2020-12-15,19.67101287841797,20.76666641235352,20.933332443237305,20.200000762939453,20.933332443237305,28022991
2020-12-16,19.986759185791016,21.100000381469727,21.600000381469727,20.833332061767575,20.933332443237305,35391513
2020-12-17,19.702587127685547,20.799999237060547,21.399999618530277,20.700000762939453,21.13333320617676,21079797
2020-12-18,19.19739532470703,20.26666641235352,20.66666603088379,19.833332061767575,20.66666603088379,22377478
2020-12-21,17.460784912109375,18.433332443237305,20.53333282470703,17.899999618530273,20.200000762939453,30684847
2020-12-22,17.681808471679688,18.66666603088379,18.899999618530277,17.066665649414062,18.333332061767575,26366989
2020-12-23,18.913217544555664,19.966665267944336,20.066665649414062,18.733333587646484,18.86666679382324,22903135
2020-12-24,18.78692054748535,19.833332061767575,20.299999237060547,19.66666603088379,19.833332061767575,14523759
2020-12-28,18.850072860717773,19.899999618530277,20.233333587646484,19.66666603088379,20.0,12317484
2020-12-29,18.692195892333984,19.733333587646484,20.200000762939453,19.566665649414062,20.0,10124112
2020-12-30,18.565902709960938,19.600000381469727,19.933332443237305,19.299999237060547,19.799999237060547,8617417
2020-12-31,18.40802764892578,19.433332443237305,19.799999237060547,19.299999237060547,19.53333282470703,9783853
2021-01-01,19.102670669555664,20.16666603088379,20.466665267944336,19.36666679382324,19.466665267944336,29538210
2021-01-04,19.4815616607666,20.566665649414062,20.733333587646484,20.0,20.36666679382324,21985131
2021-01-05,20.61825180053711,21.76666641235352,21.966665267944336,20.53333282470703,20.66666603088379,71593038
2021-01-06,20.46038055419922,21.600000381469727,22.466665267944336,21.0,21.966665267944336,45921294
2021-01-07,20.397232055664062,21.53333282470703,22.0,21.433332443237305,21.933332443237305,18532839
2021-01-08,20.334077835083008,21.466665267944336,21.933332443237305,21.26666641235352,21.66666603088379,15729513
2021-01-11,20.270931243896484,21.399999618530277,21.76666641235352,20.66666603088379,21.63333320617676,26480869
2021-01-12,21.0602970123291,22.233333587646484,22.53333282470703,22.066665649414062,22.333332061767575,51846094
2021-01-13,21.24974632263184,22.433332443237305,22.799999237060547,22.26666641235352,22.466665267944336,34650387
2021-01-14,21.15502166748047,22.333332061767575,22.63333320617676,22.03333282470703,22.63333320617676,16693708
2021-01-15,20.870849609375,22.03333282470703,22.399999618530277,21.76666641235352,22.200000762939453,18408351
2021-01-18,20.302505493164062,21.433332443237305,22.13333320617676,21.333332061767575,22.03333282470703,16565841
2021-01-19,20.52352905273437,21.66666603088379,21.833332061767575,21.433332443237305,21.433332443237305,11336521
2021-01-20,20.4919548034668,21.63333320617676,21.899999618530277,21.566665649414062,21.700000762939453,8527066
2021-01-21,20.52352905273437,21.66666603088379,21.933332443237305,21.600000381469727,21.799999237060547,15345837
2021-01-22,19.86046028137207,20.966665267944336,21.733333587646484,20.700000762939453,21.63333320617676,14119653
2021-01-25,19.418418884277344,20.5,21.399999618530277,20.333332061767575,21.100000381469727,12239532
2021-01-27,19.102670669555664,20.16666603088379,20.433332443237305,19.933332443237305,20.36666679382324,10292097
2021-01-28,19.071094512939453,20.13333320617676,20.333332061767575,19.733333587646484,19.76666641235352,9244876
2021-01-29,19.702587127685547,20.799999237060547,21.13333320617676,20.433332443237305,20.466665267944336,14419900
2021-02-01,20.08148193359375,21.200000762939453,21.433332443237305,20.66666603088379,21.26666641235352,19937539
2021-02-02,20.428804397583008,21.566665649414062,22.53333282470703,21.299999237060547,21.5,22514806
2021-02-03,20.334077835083008,21.466665267944336,22.200000762939453,21.066665649414062,21.700000762939453,16265811
2021-02-04,20.61825180053711,21.76666641235352,22.200000762939453,21.26666641235352,21.466665267944336,16754236
2021-02-05,20.239356994628903,21.36666679382324,22.0,21.26666641235352,21.966665267944336,13433185
2021-02-08,20.586679458618164,21.733333587646484,22.100000381469727,21.466665267944336,21.66666603088379,22216822
2021-02-09,20.71297645568848,21.86666679382324,22.5,21.399999618530277,21.76666641235352,36392028
2021-02-10,20.555105209350582,21.700000762939453,22.066665649414062,21.36666679382324,21.966665267944336,15000040
2021-02-11,21.218172073364254,22.399999618530277,22.933332443237305,22.13333320617676,22.333332061767575,45065223
2021-02-12,20.61825180053711,21.76666641235352,22.53333282470703,21.66666603088379,22.5,15038428
2021-02-15,20.334077835083008,21.466665267944336,21.899999618530277,21.399999618530277,21.86666679382324,7798147
2021-02-16,20.46038055419922,21.600000381469727,21.799999237060547,21.200000762939453,21.53333282470703,10108464
2021-02-17,20.36565589904785,21.5,21.733333587646484,21.433332443237305,21.66666603088379,8828538
2021-02-18,23.14422416687012,24.433332443237305,25.13333320617676,21.5,21.600000381469727,153550602
2021-02-19,23.775718688964844,25.100000381469727,26.299999237060547,24.066665649414062,24.66666603088379,102834942
2021-02-22,22.92320442199707,24.200000762939453,25.76666641235352,23.733333587646484,25.200000762939453,38590216
2021-02-23,23.14422416687012,24.433332443237305,24.966665267944336,23.700000762939453,24.36666679382324,20669230
2021-02-24,24.72296142578125,26.100000381469727,26.600000381469727,24.399999618530277,24.66666603088379,40418272
2021-02-25,26.743736267089844,28.233333587646484,28.600000381469727,26.733333587646484,26.733333587646484,76557963
2021-02-26,27.059480667114254,28.566665649414062,29.299999237060547,27.0,27.333332061767575,64941165
2021-03-01,30.94316673278809,32.66666412353516,34.26666641235352,29.066665649414062,29.100000381469727,162465760
2021-03-02,33.027095794677734,34.86666488647461,36.03333282470703,33.20000076293945,33.33333206176758,99972511
2021-03-03,31.82725715637207,33.599998474121094,35.93333435058594,32.93333435058594,35.599998474121094,41534797
2021-03-04,32.80606842041016,34.633331298828125,35.233333587646484,32.400001525878906,33.16666412353516,46918419
2021-03-05,32.11143112182617,33.900001525878906,35.33333206176758,33.20000076293945,34.53333282470703,27657211
2021-03-08,32.237728118896484,34.03333282470703,34.76666641235352,33.70000076293945,34.26666641235352,18745054
2021-03-09,31.195764541625977,32.93333435058594,34.53333282470703,31.600000381469727,34.36666488647461,22153515
2021-03-10,31.132614135742188,32.86666488647461,33.599998474121094,32.20000076293945,33.33333206176758,19600698
2021-03-12,31.195764541625977,32.93333435058594,33.86666488647461,32.400001525878906,33.26666641235352,17927224
2021-03-15,30.28009605407715,31.966665267944336,33.06666564941406,31.299999237060547,33.0,16351188
2021-03-16,29.522306442260746,31.16666603088379,32.233333587646484,30.76666641235352,32.233333587646484,15254547
2021-03-17,29.14341354370117,30.76666641235352,32.66666412353516,30.5,31.36666679382324,24045733
2021-03-18,27.50152587890625,29.03333282470703,31.466665267944336,28.36666679382324,30.86666679382324,21648375
2021-03-19,28.44876480102539,30.03333282470703,30.566665649414062,26.799999237060547,28.5,39176571
2021-03-22,29.364437103271484,31.0,31.66666603088379,30.53333282470703,31.13333320617676,21351067
2021-03-23,30.248523712158203,31.933332443237305,32.26666641235352,30.899999618530277,31.200000762939453,26790942
2021-03-24,29.553884506225582,31.200000762939453,32.900001525878906,30.700000762939453,32.0,27744096
2021-03-25,29.017112731933597,30.63333320617676,31.5,29.799999237060547,31.333332061767575,16677966
2021-03-26,29.017112731933597,30.63333320617676,31.299999237060547,30.466665267944336,31.100000381469727,9635364
2021-03-30,30.248523712158203,31.933332443237305,32.53333282470703,30.66666603088379,31.26666641235352,14747116
2021-03-31,29.553884506225582,31.200000762939453,32.26666641235352,30.86666679382324,31.899999618530277,11205781
2021-04-01,30.28009605407715,31.966665267944336,32.233333587646484,31.26666641235352,31.5,11653975
2021-04-05,28.701364517211918,30.299999237060547,31.86666679382324,30.066665649414062,31.833332061767575,14479533
2021-04-06,28.51192092895508,30.100000381469727,30.899999618530277,29.86666679382324,30.399999618530277,10413990
2021-04-07,28.290895462036133,29.86666679382324,30.26666641235352,29.76666641235352,30.03333282470703,9693385
2021-04-08,29.553884506225582,31.200000762939453,32.16666412353516,30.13333320617676,30.200000762939453,38668155
2021-04-09,29.45915985107422,31.100000381469727,31.600000381469727,30.799999237060547,31.333332061767575,9647590
2021-04-12,26.08066749572754,27.53333282470703,30.0,26.53333282470703,29.799999237060547,31087155
2021-04-13,27.154203414916992,28.66666603088379,28.899999618530277,27.66666603088379,27.933332443237305,16184727
2021-04-15,26.491140365600582,27.966665267944336,28.600000381469727,27.566665649414062,28.53333282470703,11571666
2021-04-16,26.364843368530277,27.833332061767575,28.333332061767575,27.66666603088379,28.200000762939453,8174920
2021-04-19,24.72296142578125,26.100000381469727,26.700000762939453,25.466665267944336,26.399999618530277,21732825
2021-04-20,25.101856231689453,26.5,27.299999237060547,26.200000762939453,26.566665649414062,11078299
2021-04-22,25.259727478027344,26.66666603088379,26.899999618530277,25.86666679382324,26.466665267944336,10011871
2021-04-23,25.101856231689453,26.5,27.233333587646484,26.233333587646484,26.233333587646484,10826490
2021-04-26,25.2281551361084,26.63333320617676,27.16666603088379,26.53333282470703,26.66666603088379,10086055
2021-04-27,26.30169105529785,27.76666641235352,27.933332443237305,26.466665267944336,26.66666603088379,14371777
2021-04-28,26.364843368530277,27.833332061767575,28.16666603088379,27.733333587646484,27.933332443237305,8922066
2021-04-29,25.98594284057617,27.433332443237305,28.200000762939453,27.200000762939453,27.799999237060547,9166825
2021-04-30,25.638622283935547,27.066665649414062,27.66666603088379,26.66666603088379,26.66666603088379,8245711
2021-05-03,26.238544464111328,27.700000762939453,28.066665649414062,26.600000381469727,26.833332061767575,12414028
2021-05-04,27.059480667114254,28.566665649414062,30.13333320617676,27.966665267944336,27.966665267944336,34184524
2021-05-05,27.88042640686035,29.433332443237305,29.66666603088379,28.399999618530277,29.066665649414062,16767873
2021-05-06,28.25931930541992,29.833332061767575,30.299999237060547,29.53333282470703,30.0,13665046
2021-05-07,27.78569984436035,29.333332061767575,30.26666641235352,29.200000762939453,30.066665649414062,10851954
2021-05-10,30.15379905700684,31.833332061767575,32.26666641235352,29.399999618530277,29.733333587646484,43370605
2021-05-11,31.669389724731445,33.43333435058594,34.0,31.0,31.63333320617676,55672803
2021-05-12,31.637815475463867,33.400001525878906,34.53333282470703,32.66666412353516,33.93333435058594,48509029
2021-05-14,30.974742889404297,32.70000076293945,34.0,31.733333587646484,33.733333587646484,27090396
2021-05-17,30.94316673278809,32.66666412353516,33.133331298828125,32.20000076293945,33.0,13140883
2021-05-18,31.195764541625977,32.93333435058594,33.733333587646484,32.76666641235352,33.03333282470703,21071391
2021-05-19,31.637815475463867,33.400001525878906,33.86666488647461,32.53333282470703,32.76666641235352,21180922
2021-05-20,31.195764541625977,32.93333435058594,33.900001525878906,32.66666412353516,33.733333587646484,15810463
2021-05-21,31.0694637298584,32.79999923706055,33.46666717529297,32.66666412353516,32.96666717529297,12685419
2021-05-24,30.91158866882324,32.633331298828125,33.099998474121094,32.5,33.099998474121094,13722235
2021-05-25,30.501123428344727,32.20000076293945,32.96666717529297,32.06666564941406,32.79999923706055,13487998
2021-05-26,30.816869735717773,32.53333282470703,33.16666412353516,32.133331298828125,32.20000076293945,16158445
2021-05-27,31.0694637298584,32.79999923706055,33.29999923706055,32.233333587646484,32.633331298828125,18322423
2021-05-28,30.88002014160156,32.599998474121094,33.46666717529297,32.5,33.16666412353516,16879368
2021-05-31,30.0590763092041,31.733333587646484,32.70000076293945,30.63333320617676,32.599998474121094,17569969
2021-06-01,29.743328094482425,31.399999618530277,32.26666641235352,31.16666603088379,32.0,10834495
2021-06-02,30.248523712158203,31.933332443237305,32.233333587646484,31.100000381469727,31.200000762939453,12188002
2021-06-03,30.311676025390625,32.0,32.70000076293945,31.86666679382324,32.16666412353516,10975783
2021-06-04,30.532699584960938,32.233333587646484,32.76666641235352,31.700000762939453,32.133331298828125,15002491
2021-06-07,31.448360443115234,33.20000076293945,33.633331298828125,32.133331298828125,32.53333282470703,29045091
2021-06-08,31.195764541625977,32.93333435058594,33.66666412353516,32.733333587646484,33.36666488647461,16069966
2021-06-09,30.090648651123047,31.76666641235352,33.233333587646484,31.600000381469727,33.16666412353516,19608187
2021-06-10,30.816869735717773,32.53333282470703,32.96666717529297,31.833332061767575,32.03333282470703,14866576
2021-06-11,34.54267883300781,36.46666717529297,37.23333358764648,32.56666564941406,32.79999923706055,225387093
2021-06-14,36.21613311767578,38.23333358764648,39.20000076293945,34.70000076293945,37.20000076293945,160761064
2021-06-15,36.40558242797852,38.43333435058594,39.43333435058594,38.16666412353516,38.53333282470703,59668288
2021-06-16,35.42677307128906,37.400001525878906,38.56666564941406,37.03333282470703,38.400001525878906,35839830
2021-06-17,34.98472213745117,36.93333435058594,38.20000076293945,36.53333282470703,37.133331298828125,33191487
2021-06-18,34.29008483886719,36.20000076293945,37.73333358764648,34.66666412353516,37.5,36583204
2021-06-21,35.48991394042969,37.46666717529297,38.0,35.06666564941406,35.36666488647461,32181109
2021-06-22,36.53187942504883,38.56666564941406,39.86666488647461,37.46666717529297,37.66666412353516,72460075
2021-06-23,36.02668380737305,38.03333282470703,39.20000076293945,37.93333435058594,38.93333435058594,26600841
2021-06-24,34.858421325683594,36.79999923706055,37.79999923706055,36.66666412353516,37.23333358764648,25144515
2021-06-25,34.73212432861328,36.66666412353516,37.133331298828125,36.33333206176758,37.06666564941406,14829360
2021-06-28,34.35323715209961,36.26666641235352,37.20000076293945,36.09999847412109,36.93333435058594,15152362
2021-06-29,33.34283828735352,35.20000076293945,37.23333358764648,34.79999923706055,36.53333282470703,29486698
2021-06-30,34.069061279296875,35.96666717529297,36.73333358764648,34.733333587646484,34.733333587646484,30541792
2021-07-01,33.50071334838867,35.36666488647461,36.43333435058594,35.03333282470703,36.33333206176758,19368271
2021-07-02,34.132205963134766,36.03333282470703,36.33333206176758,35.33333206176758,35.56666564941406,19776543
2021-07-05,34.38479995727539,36.29999923706055,36.66666412353516,36.16666412353516,36.33333206176758,14358411
2021-07-06,33.87960433959961,35.76666641235352,36.46666717529297,35.633331298828125,36.400001525878906,12501610
2021-07-07,33.5954475402832,35.46666717529297,35.900001525878906,35.36666488647461,35.76666641235352,10529626
2021-07-08,33.62700653076172,35.5,36.09999847412109,35.06666564941406,35.43333435058594,10182108
2021-07-09,33.24812316894531,35.099998474121094,35.46666717529297,34.733333587646484,35.46666717529297,9882114
2021-07-12,34.44795608520508,36.36666488647461,36.93333435058594,35.79999923706055,35.83333206176758,36155979
2021-07-13,34.38479995727539,36.29999923706055,37.0,36.06666564941406,36.79999923706055,13248637
2021-07-14,34.069061279296875,35.96666717529297,36.73333358764648,35.66666412353516,36.43333435058594,9491731
2021-07-15,33.62700653076172,35.5,36.133331298828125,35.43333435058594,36.09999847412109,8591850
2021-07-16,33.40599060058594,35.26666641235352,35.70000076293945,35.16666412353516,35.70000076293945,9824101
2021-07-19,33.09024429321289,34.93333435058594,35.400001525878906,34.599998474121094,35.0,8504266
2021-07-20,32.30087661743164,34.099998474121094,35.20000076293945,33.70000076293945,35.0,12231967
2021-07-22,32.33245086669922,34.133331298828125,34.900001525878906,34.0,34.46666717529297,8189166
2021-07-23,31.76410484313965,33.53333282470703,34.400001525878906,33.46666717529297,34.29999923706055,8649775
2021-07-26,31.47994041442871,33.233333587646484,33.70000076293945,33.099998474121094,33.46666717529297,6952482
2021-07-27,31.0694637298584,32.79999923706055,33.733333587646484,32.733333587646484,33.33333206176758,7809727
2021-07-28,30.627418518066406,32.33333206176758,32.93333435058594,32.03333282470703,32.83333206176758,9889897
2021-07-29,32.61662292480469,34.43333435058594,34.79999923706055,32.233333587646484,32.46666717529297,23350741
2021-07-30,32.49032974243164,34.29999923706055,35.16666412353516,34.16666412353516,34.43333435058594,14078748
2021-08-02,31.985132217407227,33.76666641235352,34.5,33.66666412353516,34.400001525878906,6497449
2021-08-03,31.38520812988281,33.133331298828125,33.900001525878906,33.0,33.76666641235352,6498580
2021-08-04,30.78529357910156,32.5,33.633331298828125,32.33333206176758,33.29999923706055,8459370
2021-08-05,30.28009605407715,31.966665267944336,32.633331298828125,31.466665267944336,32.633331298828125,9158170
2021-08-06,30.753719329833984,32.46666717529297,33.16666412353516,32.0,32.06666564941406,7335496
2021-08-09,30.216949462890625,31.899999618530277,32.633331298828125,31.833332061767575,32.599998474121094,5514027
2021-08-10,29.364437103271484,31.0,32.53333282470703,30.76666641235352,32.099998474121094,9977137
2021-08-11,28.480342864990234,30.066665649414062,31.066665649414062,29.0,31.066665649414062,15430156
2021-08-12,29.61702919006348,31.26666641235352,31.53333282470703,30.100000381469727,30.13333320617676,7785376
2021-08-13,29.26971244812012,30.899999618530277,31.53333282470703,30.833332061767575,31.399999618530277,5606979
2021-08-16,28.290895462036133,29.86666679382324,31.0,29.66666603088379,31.0,7597515
2021-08-17,28.25931930541992,29.833332061767575,30.299999237060547,29.600000381469727,29.86666679382324,6570208
2021-08-18,27.53310203552246,29.066665649414062,30.066665649414062,29.0,30.0,6818211
2021-08-20,27.059480667114254,28.566665649414062,29.433332443237305,28.399999618530277,28.66666603088379,8336319
2021-08-23,25.828073501586918,27.26666641235352,29.0,27.066665649414062,29.0,10832049
2021-08-24,27.88042640686035,29.433332443237305,29.933332443237305,27.03333282470703,27.433332443237305,21748377
2021-08-25,28.480342864990234,30.066665649414062,30.600000381469727,29.63333320617676,30.0,11801254
2021-08-26,27.848848342895508,29.399999618530277,30.0,29.200000762939453,30.0,5356647
2021-08-27,27.88042640686035,29.433332443237305,29.933332443237305,29.03333282470703,29.399999618530277,7501686
2021-08-30,28.069873809814453,29.63333320617676,30.333332061767575,29.333332061767575,29.66666603088379,6869058
2021-08-31,28.006723403930664,29.566665649414062,29.833332061767575,29.399999618530277,29.799999237060547,4614759
2021-09-01,28.85923767089844,30.466665267944336,31.13333320617676,29.399999618530277,29.600000381469727,6965599
2021-09-02,28.35404396057129,29.933332443237305,30.66666603088379,29.76666641235352,30.66666603088379,5915247
2021-09-03,28.35404396057129,29.933332443237305,30.399999618530277,29.799999237060547,29.799999237060547,4738356
2021-09-06,28.069873809814453,29.63333320617676,30.233333587646484,29.566665649414062,30.0,4337182
2021-09-07,27.81727409362793,29.36666679382324,29.76666641235352,29.26666641235352,29.66666603088379,3171130
2021-09-08,27.690977096557617,29.233333587646484,29.600000381469727,29.16666603088379,29.36666679382324,3527554
2021-09-09,27.690977096557617,29.233333587646484,29.799999237060547,29.066665649414062,29.200000762939453,5158540
2021-09-13,27.28050422668457,28.799999237060547,29.233333587646484,28.700000762939453,29.233333587646484,4841649
2021-09-14,28.5750675201416,30.16666603088379,30.333332061767575,28.86666679382324,28.933332443237305,14917378
2021-09-15,28.417200088500977,30.0,30.76666641235352,29.86666679382324,30.26666641235352,8282127
2021-09-16,28.25931930541992,29.833332061767575,30.466665267944336,29.700000762939453,30.16666603088379,7070455
2021-09-17,27.81727409362793,29.36666679382324,30.13333320617676,28.966665267944336,30.0,9195508
2021-09-20,27.248933792114254,28.76666641235352,29.566665649414062,28.53333282470703,29.066665649414062,6116923
2021-09-21,27.217357635498047,28.733333587646484,29.5,28.13333320617676,28.799999237060547,9295809
2021-09-22,28.092041015625,29.333332061767575,29.899999618530277,28.566665649414062,28.63333320617676,8781708
2021-09-23,30.00740623474121,31.333332061767575,31.733333587646484,29.466665267944336,29.53333282470703,39558537
2021-09-24,29.5924129486084,30.899999618530277,31.933332443237305,30.66666603088379,31.733333587646484,17331145
2021-09-27,30.32663345336914,31.66666603088379,32.5,31.36666679382324,32.0,19486056
2021-09-28,29.943559646606445,31.26666641235352,31.933332443237305,30.76666641235352,31.933332443237305,10825330
2021-09-29,30.741626739501957,32.099998474121094,34.0,31.466665267944336,31.53333282470703,42598006
2021-09-30,31.09278106689453,32.46666717529297,32.93333435058594,31.733333587646484,32.29999923706055,13533160
2021-10-01,30.7735538482666,32.133331298828125,32.86666488647461,32.06666564941406,32.66666412353516,12205570
2021-10-04,30.48624610900879,31.833332061767575,32.29999923706055,31.76666641235352,32.29999923706055,7771497
2021-10-05,30.582015991210938,31.933332443237305,32.400001525878906,31.66666603088379,31.833332061767575,7803577
2021-10-06,29.943559646606445,31.26666641235352,32.233333587646484,31.03333282470703,32.06666564941406,6771229
2021-10-07,30.10317611694336,31.433332443237305,31.66666603088379,31.26666641235352,31.53333282470703,5687809
2021-10-08,29.975481033325195,31.299999237060547,31.76666641235352,31.0,31.5,5760298
2021-10-11,31.0289363861084,32.400001525878906,32.599998474121094,31.200000762939453,31.333332061767575,14744562
2021-10-12,30.901247024536133,32.26666641235352,32.79999923706055,32.03333282470703,32.53333282470703,9680445
2021-10-13,31.284318923950195,32.66666412353516,33.20000076293945,32.20000076293945,32.53333282470703,21518157
2021-10-14,30.93316650390625,32.29999923706055,32.93333435058594,32.099998474121094,32.93333435058594,9370156
2021-10-18,31.50778007507324,32.900001525878906,33.66666412353516,32.56666564941406,32.79999923706055,19586701
2021-10-19,30.19894218444824,31.53333282470703,33.16666412353516,31.333332061767575,33.099998474121094,10637968
2021-10-20,29.464719772338867,30.76666641235352,31.566665649414062,30.5,31.53333282470703,13311729
2021-10-21,30.262792587280277,31.600000381469727,32.0,30.799999237060547,31.100000381469727,7367851
2021-10-22,29.81587219238281,31.13333320617676,32.16666412353516,30.86666679382324,31.66666603088379,5971287
2021-10-25,29.113569259643555,30.399999618530277,31.399999618530277,30.13333320617676,31.16666603088379,6001681
2021-10-26,30.039331436157227,31.36666679382324,31.600000381469727,30.466665267944336,30.53333282470703,6267304
2021-10-27,29.81587219238281,31.13333320617676,31.53333282470703,31.0,31.466665267944336,4261305
2021-10-28,29.017799377441406,30.299999237060547,31.066665649414062,30.0,30.76666641235352,4596423
2021-10-29,28.507036209106445,29.76666641235352,30.26666641235352,29.200000762939453,30.0,5186920
2021-11-01,28.794342041015625,30.066665649414062,30.333332061767575,29.733333587646484,30.0,3607777
2021-11-02,29.43279838562012,30.733333587646484,31.100000381469727,30.03333282470703,30.13333320617676,5008627
2021-11-03,29.528562545776367,30.833332061767575,31.53333282470703,30.53333282470703,30.899999618530277,6002406
2021-11-04,29.656253814697266,30.966665267944336,31.100000381469727,30.799999237060547,31.0,1287225
2021-11-08,29.752025604248047,31.066665649414062,31.600000381469727,30.566665649414062,31.066665649414062,5504625
2021-11-09,30.29471015930176,31.63333320617676,31.799999237060547,31.0,31.13333320617676,7363893
2021-11-10,30.582015991210938,31.933332443237305,32.86666488647461,31.299999237060547,31.36666679382324,15794035
2021-11-11,29.943559646606445,31.26666641235352,32.03333282470703,31.13333320617676,32.0,4613304
2021-11-12,30.19894218444824,31.53333282470703,32.16666412353516,30.566665649414062,31.466665267944336,17817475
2021-11-15,29.72010040283203,31.03333282470703,31.799999237060547,30.799999237060547,31.66666603088379,4921194
2021-11-16,29.241260528564453,30.53333282470703,31.066665649414062,30.433332443237305,30.86666679382324,3750988
2021-11-17,28.794342041015625,30.066665649414062,30.733333587646484,29.966665267944336,30.53333282470703,4063740
2021-11-18,27.93242835998535,29.16666603088379,30.333332061767575,29.0,30.16666603088379,6234550
2021-11-22,27.03858757019043,28.233333587646484,29.26666641235352,28.100000381469727,29.26666641235352,6361105
2021-11-23,27.581275939941406,28.799999237060547,29.0,27.733333587646484,27.733333587646484,4457779
2021-11-24,27.54935646057129,28.76666641235352,29.433332443237305,28.66666603088379,29.13333320617676,3531336
2021-11-25,27.61319732666016,28.833332061767575,29.299999237060547,28.600000381469727,29.299999237060547,3388491
2021-11-26,26.75128555297852,27.933332443237305,28.76666641235352,27.76666641235352,28.466665267944336,5544048
2021-11-29,25.47437286376953,26.600000381469727,27.833332061767575,26.100000381469727,27.53333282470703,8302224
2021-11-30,25.72975730895996,26.86666679382324,27.600000381469727,26.53333282470703,26.733333587646484,4822627
2021-12-01,26.87897491455078,28.066665649414062,28.53333282470703,27.733333587646484,28.36666679382324,10713639
2021-12-02,27.03858757019043,28.233333587646484,28.433332443237305,27.733333587646484,27.86666679382324,5144406
2021-12-03,27.134355545043945,28.333332061767575,28.899999618530277,28.200000762939453,28.233333587646484,5341021
2021-12-06,27.35781478881836,28.566665649414062,29.13333320617676,28.233333587646484,28.333332061767575,7098490
2021-12-07,27.517431259155277,28.733333587646484,29.0,28.66666603088379,28.799999237060547,3137250
2021-12-08,27.74088859558105,28.966665267944336,29.16666603088379,28.86666679382324,29.066665649414062,3397786
2021-12-09,28.475116729736328,29.733333587646484,30.13333320617676,28.933332443237305,29.16666603088379,8247907
2021-12-10,29.81587219238281,31.13333320617676,31.600000381469727,29.566665649414062,29.733333587646484,21062455
2021-12-13,29.464719772338867,30.76666641235352,31.600000381469727,30.53333282470703,31.53333282470703,7198788
2021-12-14,29.081647872924805,30.36666679382324,30.63333320617676,30.200000762939453,30.5,4756719
2021-12-15,28.826265335083008,30.100000381469727,31.066665649414062,29.966665267944336,30.36666679382324,5002056
2021-12-16,28.12396240234375,29.36666679382324,30.466665267944336,29.200000762939453,30.333332061767575,4192110
2021-12-17,27.262046813964844,28.466665267944336,29.36666679382324,28.200000762939453,29.333332061767575,6501220
2021-12-20,26.17667007446289,27.333332061767575,28.200000762939453,27.0,28.13333320617676,6223728
2021-12-21,26.463979721069336,27.63333320617676,28.13333320617676,27.466665267944336,27.799999237060547,4604025
2021-12-22,26.68743705749512,27.86666679382324,28.200000762939453,27.66666603088379,27.833332061767575,4109395
2021-12-23,27.19820213317871,28.399999618530277,28.86666679382324,27.86666679382324,28.13333320617676,5261539
2021-12-24,26.815128326416016,28.0,28.63333320617676,27.899999618530277,28.600000381469727,3499632
2021-12-27,26.783205032348636,27.966665267944336,28.299999237060547,27.5,27.833332061767575,3185482
2021-12-28,27.77281379699707,29.0,29.466665267944336,28.13333320617676,28.26666641235352,6662694
2021-12-29,28.570880889892575,29.833332061767575,30.13333320617676,29.03333282470703,29.233333587646484,12932701
2021-12-30,29.40087509155273,30.700000762939453,31.13333320617676,29.233333587646484,29.86666679382324,16690978
2021-12-31,29.36895179748535,30.66666603088379,31.36666679382324,30.53333282470703,30.86666679382324,15288904
2022-01-03,29.81587219238281,31.13333320617676,31.53333282470703,30.76666641235352,31.0,17123448
2022-01-04,29.3370304107666,30.63333320617676,31.299999237060547,30.466665267944336,31.16666603088379,8516305
2022-01-05,29.752025604248047,31.066665649414062,31.333332061767575,30.100000381469727,30.566665649414062,10873755
2022-01-06,32.05046463012695,33.46666717529297,33.633331298828125,30.433332443237305,30.966665267944336,74537311
2022-01-07,32.08238220214844,33.5,34.26666641235352,33.133331298828125,33.66666412353516,38895880
2022-01-10,32.43353271484375,33.86666488647461,34.400001525878906,33.46666717529297,33.733333587646484,22461897
2022-01-11,32.97622299194336,34.43333435058594,34.93333435058594,33.86666488647461,34.0,42528721
2022-01-12,33.040069580078125,34.5,35.0,34.0,35.0,16944811
2022-01-13,33.008148193359375,34.46666717529297,34.66666412353516,34.0,34.46666717529297,13770189
2022-01-14,34.06159210205078,35.56666564941406,35.733333587646484,34.0,34.16666412353516,30346149
2022-01-17,33.58275604248047,35.06666564941406,35.79999923706055,35.0,35.66666412353516,14115913
2022-01-18,31.79508399963379,33.20000076293945,35.26666641235352,32.93333435058594,35.26666641235352,16656196
2022-01-19,32.210079193115234,33.633331298828125,33.79999923706055,32.633331298828125,32.83333206176758,14002119
2022-01-20,31.890846252441406,33.29999923706055,33.86666488647461,32.96666717529297,33.733333587646484,8460894
2022-01-21,30.582015991210938,31.933332443237305,33.233333587646484,31.5,33.16666412353516,10822489
2022-01-24,28.794342041015625,30.066665649414062,32.06666564941406,29.799999237060547,32.06666564941406,13896262
2022-01-25,29.496644973754883,30.799999237060547,31.0,29.433332443237305,29.799999237060547,8985771
2022-01-27,29.20933532714844,30.5,31.0,30.066665649414062,30.26666641235352,10061298
2022-01-28,29.688180923461918,31.0,31.700000762939453,30.86666679382324,31.03333282470703,8319499
2022-01-31,29.78394889831543,31.100000381469727,31.66666603088379,30.86666679382324,31.5,8990940
2022-02-01,29.943559646606445,31.26666641235352,32.16666412353516,30.733333587646484,31.433332443237305,12715371
2022-02-02,30.230865478515625,31.566665649414062,31.933332443237305,31.36666679382324,31.5,7208091
2022-02-03,29.879716873168945,31.200000762939453,31.799999237060547,31.066665649414062,31.76666641235352,6019885
2022-02-04,29.40087509155273,30.700000762939453,31.399999618530277,30.53333282470703,31.399999618530277,6962818
2022-02-07,29.017799377441406,30.299999237060547,30.76666641235352,30.200000762939453,30.566665649414062,3831751
2022-02-08,28.69857406616211,29.966665267944336,30.466665267944336,29.566665649414062,30.299999237060547,4981473
2022-02-09,29.177413940429688,30.466665267944336,30.566665649414062,29.966665267944336,30.0,3912255
2022-02-10,29.3370304107666,30.63333320617676,30.733333587646484,30.13333320617676,30.600000381469727,4007958
2022-02-11,28.60280418395996,29.86666679382324,30.53333282470703,29.733333587646484,30.13333320617676,4540263
2022-02-14,27.006668090820312,28.200000762939453,29.66666603088379,27.899999618530277,29.466665267944336,8826886
2022-02-15,27.61319732666016,28.833332061767575,28.966665267944336,27.433332443237305,28.100000381469727,11206332
2022-02-16,27.32589530944824,28.53333282470703,29.16666603088379,28.16666603088379,29.0,7650540
2022-02-17,26.815128326416016,28.0,28.733333587646484,27.833332061767575,28.5,5560066
2022-02-18,26.368207931518555,27.53333282470703,28.200000762939453,27.36666679382324,27.733333587646484,10955448
2022-02-21,25.570140838623047,26.700000762939453,27.566665649414062,26.600000381469727,27.333332061767575,9386517
2022-02-22,24.835918426513672,25.933332443237305,26.333332061767575,25.466665267944336,26.066665649414062,12268711
2022-02-23,25.0913028717041,26.200000762939453,26.63333320617676,26.03333282470703,26.066665649414062,7716535
2022-02-24,21.99479103088379,22.966665267944336,25.466665267944336,22.76666641235352,25.399999618530277,20229918
2022-02-25,24.86783790588379,25.966665267944336,26.299999237060547,23.700000762939453,23.76666641235352,31776315
2022-02-28,24.803993225097656,25.899999618530277,26.100000381469727,25.066665649414062,25.53333282470703,12861418
2022-03-02,24.931686401367188,26.03333282470703,26.399999618530277,25.333332061767575,25.466665267944336,8843884
2022-03-03,24.54861068725586,25.63333320617676,26.76666641235352,25.399999618530277,26.53333282470703,9380586
2022-03-04,24.00592422485352,25.066665649414062,25.566665649414062,24.466665267944336,25.466665267944336,9658320
2022-03-07,23.20785903930664,24.233333587646484,24.733333587646484,23.733333587646484,24.66666603088379,10531065
2022-03-08,23.75054359436035,24.799999237060547,24.933332443237305,24.26666641235352,24.566665649414062,6989472
2022-03-09,24.86783790588379,25.966665267944336,26.26666641235352,24.76666641235352,25.03333282470703,11395738
2022-03-10,24.995532989501957,26.100000381469727,27.0,26.03333282470703,26.66666603088379,10996209
2022-03-11,25.25091361999512,26.36666679382324,26.433332443237305,25.899999618530277,26.13333320617676,5761153
2022-03-14,24.835918426513672,25.933332443237305,26.53333282470703,25.76666641235352,26.5,5101834
2022-03-15,24.069772720336918,25.13333320617676,26.36666679382324,24.933332443237305,25.86666679382324,7819686
2022-03-16,24.644380569458008,25.733333587646484,25.86666679382324,25.333332061767575,25.53333282470703,6575278
2022-03-17,24.803993225097656,25.899999618530277,26.26666641235352,25.566665649414062,26.26666641235352,12366997
2022-03-21,24.835918426513672,25.933332443237305,26.66666603088379,25.700000762939453,26.66666603088379,13244056
2022-03-22,24.74015045166016,25.833332061767575,26.03333282470703,25.233333587646484,25.899999618530277,8445826
2022-03-23,24.86783790588379,25.966665267944336,26.26666641235352,25.700000762939453,25.833332061767575,17066190
2022-03-24,24.452842712402344,25.53333282470703,26.066665649414062,25.36666679382324,25.799999237060547,6116550
2022-03-25,24.420921325683597,25.5,25.899999618530277,25.433332443237305,25.66666603088379,6758128
2022-03-28,23.559011459350582,24.600000381469727,25.566665649414062,24.466665267944336,25.5,10443445
2022-03-29,23.303625106811523,24.333332061767575,24.966665267944336,24.26666641235352,24.86666679382324,9781198
2022-03-30,23.43131446838379,24.466665267944336,24.86666679382324,24.333332061767575,24.466665267944336,8399037
2022-03-31,23.175933837890625,24.200000762939453,24.66666603088379,24.16666603088379,24.66666603088379,10112193
2022-04-01,24.35707664489746,25.433332443237305,25.53333282470703,24.26666641235352,24.26666641235352,9923410
2022-04-04,25.027454376220703,26.13333320617676,26.26666641235352,25.566665649414062,25.700000762939453,10536489
2022-04-05,25.506298065185547,26.63333320617676,26.933332443237305,25.86666679382324,26.13333320617676,12004405
2022-04-06,26.17667007446289,27.333332061767575,27.566665649414062,26.433332443237305,26.63333320617676,15348940
2022-04-07,25.98513603210449,27.13333320617676,27.66666603088379,26.933332443237305,27.466665267944336,9278280
2022-04-08,25.793601989746094,26.933332443237305,27.333332061767575,26.799999237060547,27.16666603088379,5496678
2022-04-11,26.5278263092041,27.700000762939453,28.066665649414062,26.76666641235352,26.933332443237305,12863514
2022-04-12,25.82552146911621,26.966665267944336,27.66666603088379,26.66666603088379,27.66666603088379,9393013
2022-04-13,25.82552146911621,26.966665267944336,27.26666641235352,26.86666679382324,27.16666603088379,4258305
2022-04-18,25.2828369140625,26.399999618530277,26.799999237060547,26.13333320617676,26.700000762939453,7080838
2022-04-19,24.899763107299805,26.0,26.899999618530277,25.399999618530277,26.66666603088379,7562556
2022-04-20,24.995532989501957,26.100000381469727,26.26666641235352,25.86666679382324,26.100000381469727,4844938
2022-04-21,25.37860679626465,26.5,26.63333320617676,26.200000762939453,26.466665267944336,4572100
2022-04-22,25.187068939208984,26.299999237060547,26.899999618530277,26.200000762939453,26.399999618530277,4808983
2022-04-25,24.38899803161621,25.466665267944336,26.16666603088379,25.36666679382324,26.16666603088379,5327989
2022-04-26,24.772069931030277,25.86666679382324,25.933332443237305,25.600000381469727,25.733333587646484,4152127
2022-04-27,24.452842712402344,25.53333282470703,25.933332443237305,25.36666679382324,25.566665649414062,3403800
2022-04-28,24.48476791381836,25.566665649414062,25.833332061767575,25.200000762939453,25.799999237060547,4476252
2022-04-29,24.197460174560547,25.26666641235352,26.0,25.200000762939453,25.733333587646484,4203508
2022-05-02,23.78246307373047,24.833332061767575,25.200000762939453,24.600000381469727,25.066665649414062,3904563
2022-05-04,23.175933837890625,24.200000762939453,25.066665649414062,23.63333320617676,24.966665267944336,5501538
2022-05-05,23.016319274902344,24.03333282470703,24.76666641235352,24.0,24.53333282470703,4130011
2022-05-06,22.441707611083984,23.433332443237305,23.600000381469727,23.233333587646484,23.466665267944336,6002448
2022-05-09,22.05863380432129,23.03333282470703,23.36666679382324,22.433332443237305,23.333332061767575,6566626
2022-05-10,21.675561904907227,22.63333320617676,23.433332443237305,22.53333282470703,23.16666603088379,5105994
2022-05-11,21.005184173583984,21.933332443237305,22.799999237060547,21.5,22.799999237060547,8010345
2022-05-12,20.430574417114254,21.333332061767575,21.86666679382324,21.066665649414062,21.66666603088379,5984275
2022-05-13,20.813648223876957,21.733333587646484,22.399999618530277,21.66666603088379,21.933332443237305,5507776
2022-05-16,21.164798736572266,22.100000381469727,22.26666641235352,21.66666603088379,21.966665267944336,3690574
2022-05-17,21.867097854614254,22.833332061767575,22.899999618530277,22.0,22.16666603088379,4393516
2022-05-18,21.835174560546875,22.799999237060547,23.16666603088379,22.63333320617676,23.16666603088379,3772689
2022-05-19,21.100950241088867,22.03333282470703,22.299999237060547,21.799999237060547,22.03333282470703,4484940
2022-05-20,21.739412307739254,22.700000762939453,22.833332061767575,22.200000762939453,22.63333320617676,3032229
2022-05-23,21.547870635986328,22.5,23.0,22.433332443237305,23.0,3309000
2022-05-24,21.26056861877441,22.200000762939453,22.63333320617676,22.066665649414062,22.53333282470703,4797868
2022-05-25,20.71788024902344,21.63333320617676,22.466665267944336,21.53333282470703,22.200000762939453,3263352
2022-05-26,20.49441909790039,21.399999618530277,22.03333282470703,20.5,21.733333587646484,8822742
2022-05-27,21.26056861877441,22.200000762939453,22.26666641235352,21.63333320617676,21.66666603088379,4561126
2022-05-30,21.61171531677246,22.566665649414062,22.733333587646484,22.399999618530277,22.600000381469727,3729147
2022-05-31,21.42017936706543,22.36666679382324,22.53333282470703,21.899999618530277,22.233333587646484,9075819
2022-06-01,21.70748519897461,22.66666603088379,23.0,22.299999237060547,22.36666679382324,5640979
2022-06-02,21.771333694458008,22.733333587646484,22.833332061767575,22.53333282470703,22.799999237060547,3296292
2022-06-03,21.196720123291016,22.13333320617676,22.966665267944336,22.0,22.86666679382324,4953151
2022-06-06,20.845569610595703,21.76666641235352,22.200000762939453,21.600000381469727,22.200000762939453,3474370
2022-06-07,20.781726837158203,21.700000762939453,22.066665649414062,21.53333282470703,21.76666641235352,3605275
2022-06-08,20.74980354309082,21.66666603088379,21.899999618530277,21.36666679382324,21.899999618530277,3474124
2022-06-09,20.46249771118164,21.36666679382324,21.799999237060547,21.233333587646484,21.76666641235352,4697433
2022-06-10,20.17519187927246,21.066665649414062,21.333332061767575,20.899999618530277,21.233333587646484,3744076
2022-06-13,19.281354904174805,20.13333320617676,20.799999237060547,20.0,20.733333587646484,5999493
2022-06-14,19.249431610107425,20.100000381469727,20.466665267944336,19.899999618530277,20.13333320617676,4006117
2022-06-15,19.153661727905277,20.0,20.36666679382324,19.933332443237305,20.26666641235352,2484037
2022-06-16,18.100210189819336,18.899999618530277,20.66666603088379,18.76666641235352,20.5,10552053
2022-06-17,18.45136260986328,19.26666641235352,19.5,17.700000762939453,18.399999618530277,13887984
2022-06-20,17.525602340698242,18.299999237060547,19.333332061767575,18.066665649414062,19.233333587646484,9512400
2022-06-21,18.291749954223636,19.100000381469727,19.200000762939453,18.299999237060547,18.600000381469727,5975725
2022-06-22,17.876752853393555,18.66666603088379,19.200000762939453,18.566665649414062,18.933332443237305,4900297
2022-06-23,18.06829071044922,18.86666679382324,19.066665649414062,18.566665649414062,18.86666679382324,4241698
2022-06-24,18.195980072021484,19.0,19.13333320617676,18.600000381469727,19.066665649414062,4002699
2022-06-27,18.54713249206543,19.36666679382324,19.5,19.16666603088379,19.466665267944336,4072720
2022-06-28,18.70674514770508,19.53333282470703,19.600000381469727,19.13333320617676,19.333332061767575,3099412
2022-06-29,18.38751983642578,19.200000762939453,19.433332443237305,19.0,19.333332061767575,7878700
2022-06-30,18.13213539123535,18.933332443237305,19.299999237060547,18.799999237060547,19.100000381469727,3678361
2022-07-01,18.355592727661133,19.16666603088379,19.200000762939453,18.733333587646484,19.0,2702703
2022-07-04,18.54713249206543,19.36666679382324,19.433332443237305,19.066665649414062,19.13333320617676,3364938
2022-07-05,18.38751983642578,19.200000762939453,19.63333320617676,19.13333320617676,19.566665649414062,3307368
2022-07-06,18.57905387878418,19.399999618530277,19.53333282470703,18.700000762939453,19.16666603088379,4207455
2022-07-07,20.334810256958008,21.233333587646484,21.899999618530277,19.466665267944336,19.66666603088379,44422764
2022-07-08,19.696348190307617,20.566665649414062,21.16666603088379,20.36666679382324,21.16666603088379,12937002
2022-07-11,19.6644287109375,20.53333282470703,20.733333587646484,20.200000762939453,20.200000762939453,6364545
2022-07-12,20.01557731628418,20.899999618530277,21.13333320617676,20.399999618530277,20.53333282470703,5026459
2022-07-13,19.88788604736328,20.76666641235352,21.233333587646484,20.600000381469727,21.03333282470703,3805644
2022-07-14,19.313278198242188,20.16666603088379,21.0,20.03333282470703,20.86666679382324,3003631
2022-07-15,19.34520149230957,20.200000762939453,20.333332061767575,19.899999618530277,20.333332061767575,2553355
2022-07-18,20.654033660888672,21.566665649414062,21.733333587646484,20.36666679382324,20.5,14520585
2022-07-19,20.17519187927246,21.066665649414062,21.63333320617676,20.53333282470703,21.63333320617676,13665511
2022-07-20,20.654033660888672,21.566665649414062,21.63333320617676,21.16666603088379,21.53333282470703,8262996
2022-07-21,21.515949249267575,22.466665267944336,22.933332443237305,21.433332443237305,21.63333320617676,23082639
2022-07-22,20.87749481201172,21.799999237060547,22.63333320617676,21.600000381469727,22.63333320617676,9422706
2022-07-25,20.74980354309082,21.66666603088379,21.899999618530277,21.333332061767575,21.86666679382324,5717253
2022-07-26,21.739412307739254,22.700000762939453,23.233333587646484,21.566665649414062,21.63333320617676,19947672
2022-07-27,21.42017936706543,22.36666679382324,23.066665649414062,22.233333587646484,22.600000381469727,10154839
2022-07-28,20.74980354309082,21.66666603088379,22.733333587646484,21.63333320617676,22.5,12594483
2022-07-29,21.03710556030273,21.966665267944336,22.26666641235352,21.76666641235352,21.966665267944336,5947774
2022-08-01,21.164798736572266,22.100000381469727,22.433332443237305,21.933332443237305,22.100000381469727,5884395
2022-08-02,21.13287734985352,22.066665649414062,22.333332061767575,21.86666679382324,22.200000762939453,6713988
2022-08-03,21.005184173583984,21.933332443237305,22.299999237060547,21.86666679382324,22.100000381469727,3105663
2022-08-04,20.973262786865234,21.899999618530277,22.5,21.466665267944336,22.100000381469727,5356450
2022-08-05,22.05863380432129,23.03333282470703,23.966665267944336,21.86666679382324,22.0,15755161
2022-08-08,22.15440559387207,23.13333320617676,23.5,22.966665267944336,23.299999237060547,7009050
2022-08-10,22.05863380432129,23.03333282470703,23.600000381469727,22.733333587646484,23.26666641235352,7049860
2022-08-11,21.29248809814453,22.233333587646484,22.833332061767575,22.16666603088379,22.833332061767575,6139429
2022-08-12,21.26056861877441,22.200000762939453,22.333332061767575,22.0,22.233333587646484,3691971
2022-08-16,21.196720123291016,22.13333320617676,22.333332061767575,22.066665649414062,22.16666603088379,3130084
2022-08-17,21.324411392211918,22.26666641235352,22.53333282470703,22.100000381469727,22.13333320617676,5426148
2022-08-18,21.64364051818848,22.600000381469727,22.966665267944336,22.26666641235352,22.26666641235352,5948079
2022-08-19,21.324411392211918,22.26666641235352,22.899999618530277,22.200000762939453,22.600000381469727,4399756
2022-08-22,20.909412384033203,21.833332061767575,22.233333587646484,21.76666641235352,22.200000762939453,2185753
2022-08-23,20.94133949279785,21.86666679382324,22.100000381469727,21.66666603088379,21.66666603088379,2785701
2022-08-24,21.100950241088867,22.03333282470703,22.200000762939453,21.833332061767575,21.833332061767575,2034885
2022-08-25,21.45210266113281,22.399999618530277,22.66666603088379,22.100000381469727,22.13333320617676,4220301
2022-08-26,21.57979393005371,22.53333282470703,22.966665267944336,22.466665267944336,22.566665649414062,3713077
2022-08-29,21.2286434173584,22.16666603088379,22.333332061767575,21.466665267944336,21.700000762939453,2809504
2022-08-30,22.05863380432129,23.03333282470703,23.16666603088379,22.36666679382324,22.36666679382324,8602144
2022-09-01,22.155807495117188,22.799999237060547,23.433332443237305,22.566665649414062,22.600000381469727,6471771
2022-09-02,22.188201904296875,22.833332061767575,23.26666641235352,22.733333587646484,22.86666679382324,5293308
2022-09-05,22.414941787719727,23.066665649414062,23.466665267944336,22.833332061767575,22.933332443237305,5169324
2022-09-06,22.285377502441406,22.933332443237305,23.333332061767575,22.733333587646484,23.26666641235352,3632119
2022-09-07,23.35429573059082,24.03333282470703,24.333332061767575,22.63333320617676,22.833332061767575,19927099
2022-09-08,23.64582252502441,24.333332061767575,24.5,24.066665649414062,24.299999237060547,9756868
2022-09-09,23.483863830566406,24.16666603088379,24.63333320617676,24.03333282470703,24.53333282470703,6450699
2022-09-12,23.38668632507324,24.066665649414062,24.399999618530277,23.899999618530277,24.200000762939453,4012464
2022-09-13,23.09516716003418,23.76666641235352,24.233333587646484,23.66666603088379,24.066665649414062,3242307
2022-09-14,22.641685485839844,23.299999237060547,23.66666603088379,23.13333320617676,23.333332061767575,3805191
2022-09-15,22.479724884033203,23.13333320617676,23.63333320617676,23.03333282470703,23.5,3627144
2022-09-16,22.155807495117188,22.799999237060547,23.5,22.66666603088379,23.333332061767575,4739934
2022-09-19,21.63754653930664,22.26666641235352,22.799999237060547,22.03333282470703,22.53333282470703,3238594
2022-09-20,21.961463928222656,22.600000381469727,22.833332061767575,22.5,22.53333282470703,3134269
2022-09-21,21.767112731933597,22.399999618530277,23.16666603088379,22.26666641235352,22.833332061767575,5381196
2022-09-22,22.026241302490234,22.66666603088379,22.933332443237305,22.26666641235352,22.333332061767575,2963668
2022-09-23,21.507980346679688,22.13333320617676,22.799999237060547,22.03333282470703,22.799999237060547,2749351
2022-09-26,20.37427520751953,20.966665267944336,22.200000762939453,20.86666679382324,22.13333320617676,3955495
2022-09-27,20.439058303833008,21.03333282470703,21.399999618530277,20.966665267944336,21.03333282470703,2704054
2022-09-28,20.14753532409668,20.733333587646484,21.066665649414062,20.66666603088379,21.0,2213499
2022-09-29,20.082752227783203,20.66666603088379,21.200000762939453,20.333332061767575,21.0,3703848
2022-09-30,19.92079734802246,20.5,20.933332443237305,19.86666679382324,20.53333282470703,7915375
2022-10-03,20.017967224121094,20.600000381469727,20.86666679382324,20.433332443237305,20.566665649414062,2677309
2022-10-04,20.47145271301269,21.066665649414062,21.233333587646484,20.799999237060547,20.833332061767575,3747415
2022-10-06,20.79536437988281,21.399999618530277,21.600000381469727,21.200000762939453,21.26666641235352,3242839
2022-10-07,20.73058319091797,21.333332061767575,21.466665267944336,21.200000762939453,21.333332061767575,2307825
2022-10-10,20.47145271301269,21.066665649414062,21.26666641235352,20.933332443237305,21.16666603088379,2108215
2022-10-11,20.017967224121094,20.600000381469727,21.200000762939453,20.466665267944336,21.066665649414062,2791750
2022-10-12,19.823617935180664,20.399999618530277,20.733333587646484,20.233333587646484,20.63333320617676,2511388
2022-10-13,19.66166305541992,20.233333587646484,20.566665649414062,20.200000762939453,20.433332443237305,1578844
2022-10-14,19.59687805175781,20.16666603088379,20.66666603088379,20.066665649414062,20.600000381469727,1718337
2022-10-17,19.694053649902344,20.26666641235352,20.399999618530277,20.100000381469727,20.299999237060547,4368778
2022-10-18,20.1799259185791,20.76666641235352,20.86666679382324,20.333332061767575,20.399999618530277,3794847
2022-10-19,21.151674270629883,21.76666641235352,22.13333320617676,20.66666603088379,20.899999618530277,17224561
2022-10-20,20.892541885375977,21.5,21.86666679382324,21.399999618530277,21.53333282470703,3197070
2022-10-21,20.9249324798584,21.53333282470703,22.16666603088379,21.433332443237305,21.433332443237305,4948872
2022-10-24,21.151674270629883,21.76666641235352,21.899999618530277,21.66666603088379,21.66666603088379,1169967
2022-10-25,21.184062957763672,21.799999237060547,22.200000762939453,21.66666603088379,21.86666679382324,3448432
2022-10-27,21.28124046325684,21.899999618530277,22.399999618530277,21.733333587646484,21.933332443237305,4778497
2022-10-28,21.151674270629883,21.76666641235352,22.399999618530277,21.700000762939453,22.0,3611779
2022-10-31,21.022106170654297,21.63333320617676,21.966665267944336,21.600000381469727,21.933332443237305,1985841
2022-11-01,21.63754653930664,22.26666641235352,22.5,21.66666603088379,21.733333587646484,7294548
2022-11-02,21.28124046325684,21.899999618530277,22.333332061767575,21.833332061767575,22.333332061767575,3317110
2022-11-03,21.34602165222168,21.966665267944336,22.299999237060547,21.600000381469727,21.76666641235352,3312906
2022-11-04,21.961463928222656,22.600000381469727,22.933332443237305,22.0,22.066665649414062,10231566
2022-11-07,22.091028213500977,22.733333587646484,23.0,22.63333320617676,22.799999237060547,5705608
2022-11-09,22.25298500061035,22.899999618530277,23.466665267944336,22.66666603088379,22.833332061767575,8644432
2022-11-10,21.864288330078125,22.5,23.200000762939453,22.13333320617676,22.86666679382324,3999952
2022-11-11,22.54450798034668,23.200000762939453,23.466665267944336,22.36666679382324,22.700000762939453,8744317
2022-11-14,22.25298500061035,22.899999618530277,23.399999618530277,22.799999237060547,23.200000762939453,4531600
2022-11-15,22.674076080322266,23.333332061767575,23.799999237060547,23.16666603088379,23.399999618530277,13267717
2022-11-16,23.516258239746094,24.200000762939453,24.966665267944336,23.200000762939453,23.399999618530277,43782336
2022-11-17,24.617565155029297,25.333332061767575,25.933332443237305,24.13333320617676,24.13333320617676,59708421
2022-11-18,24.585174560546875,25.299999237060547,25.799999237060547,24.733333587646484,25.5,20286010
2022-11-21,24.131690979003903,24.833332061767575,25.26666641235352,24.733333587646484,25.233333587646484,8541972
2022-11-22,24.4232177734375,25.13333320617676,25.53333282470703,24.733333587646484,24.966665267944336,9911868
2022-11-23,26.982149124145508,27.76666641235352,28.0,25.5,25.600000381469727,103898532
2022-11-24,26.3667106628418,27.13333320617676,28.36666679382324,26.933332443237305,28.0,25211668
2022-11-25,26.658233642578125,27.433332443237305,28.100000381469727,26.833332061767575,27.299999237060547,22028776
2022-11-28,26.62584114074707,27.399999618530277,28.233333587646484,27.233333587646484,27.5,16126029
2022-11-29,26.72301483154297,27.5,28.899999618530277,27.26666641235352,27.899999618530277,46633519
2022-11-30,27.5651969909668,28.36666679382324,29.16666603088379,27.36666679382324,27.600000381469727,57951918
2022-12-01,27.338459014892575,28.13333320617676,28.899999618530277,28.03333282470703,28.63333320617676,14207316
2022-12-02,27.629980087280277,28.433332443237305,28.799999237060547,27.966665267944336,28.16666603088379,13356717
2022-12-05,27.403240203857425,28.200000762939453,28.933332443237305,28.066665649414062,28.63333320617676,14135232
2022-12-06,27.43562889099121,28.233333587646484,28.53333282470703,28.03333282470703,28.26666641235352,7483381
2022-12-07,26.69062614440918,27.466665267944336,28.399999618530277,27.36666679382324,28.299999237060547,8162913
2022-12-08,26.59345054626465,27.36666679382324,27.700000762939453,27.16666603088379,27.333332061767575,6708204
2022-12-09,26.04279518127441,26.799999237060547,28.200000762939453,26.399999618530277,27.566665649414062,11418576
2022-12-12,26.01040267944336,26.76666641235352,27.13333320617676,26.36666679382324,26.799999237060547,7824652
2022-12-13,26.78780174255371,27.566665649414062,28.16666603088379,26.76666641235352,26.799999237060547,19693135
2022-12-14,27.629980087280277,28.433332443237305,29.16666603088379,27.733333587646484,27.833332061767575,26342545
2022-12-15,26.72301483154297,27.5,28.66666603088379,27.333332061767575,28.466665267944336,12340797
2022-12-16,26.39910316467285,27.16666603088379,27.799999237060547,26.76666641235352,27.466665267944336,10252272
2022-12-19,26.755409240722656,27.53333282470703,27.76666641235352,27.0,27.299999237060547,8644123
2022-12-20,26.949756622314453,27.733333587646484,28.53333282470703,27.566665649414062,27.899999618530277,20162976
2022-12-21,25.233007431030277,25.966665267944336,28.13333320617676,25.799999237060547,27.933332443237305,14743405
2022-12-22,24.06691169738769,24.76666641235352,26.399999618530277,24.66666603088379,26.26666641235352,13385830
2022-12-23,22.091028213500977,22.733333587646484,24.566665649414062,22.53333282470703,24.333332061767575,16219932
2022-12-26,23.710603713989254,24.399999618530277,24.600000381469727,22.63333320617676,22.933332443237305,12537045
2022-12-27,24.19647789001465,24.899999618530277,25.26666641235352,24.26666641235352,24.76666641235352,10335034
2022-12-28,24.520395278930664,25.233333587646484,25.399999618530277,24.566665649414062,24.899999618530277,7011391
2022-12-29,24.45560836791992,25.16666603088379,25.5,24.899999618530277,25.200000762939453,6079018
2022-12-30,25.135831832885746,25.86666679382324,26.333332061767575,25.333332061767575,25.433332443237305,10750003
2023-01-02,26.269533157348636,27.03333282470703,27.26666641235352,25.799999237060547,26.0,15334185
2023-01-03,26.62584114074707,27.399999618530277,27.566665649414062,26.799999237060547,27.0,10440742
2023-01-04,25.913230895996094,26.66666603088379,27.53333282470703,26.466665267944336,27.16666603088379,9469585
2023-01-05,25.783662796020508,26.53333282470703,26.899999618530277,26.100000381469727,26.799999237060547,6385383
2023-01-06,25.00626564025879,25.733333587646484,26.566665649414062,25.63333320617676,26.566665649414062,6857113
2023-01-09,25.33017921447754,26.066665649414062,26.26666641235352,25.600000381469727,25.933332443237305,5601412
2023-01-10,25.071048736572266,25.799999237060547,26.100000381469727,25.600000381469727,26.066665649414062,3116824
2023-01-11,25.33017921447754,26.066665649414062,26.16666603088379,25.799999237060547,25.899999618530277,3989130
2023-01-12,25.071048736572266,25.799999237060547,26.26666641235352,25.733333587646484,26.100000381469727,8259048
2023-01-13,25.556921005249023,26.299999237060547,26.5,25.76666641235352,25.86666679382324,10022995
2023-01-16,25.589311599731445,26.333332061767575,26.5,26.200000762939453,26.233333587646484,4678594
2023-01-17,25.10344123840332,25.833332061767575,26.233333587646484,25.233333587646484,26.13333320617676,9037234
2023-01-18,25.071048736572266,25.799999237060547,26.233333587646484,25.63333320617676,25.833332061767575,9665346
2023-01-19,24.84430694580078,25.566665649414062,26.0,25.399999618530277,25.66666603088379,5309964
2023-01-20,24.617565155029297,25.333332061767575,25.899999618530277,25.233333587646484,25.566665649414062,6321051
2023-01-23,24.26125907897949,24.966665267944336,25.53333282470703,24.86666679382324,25.53333282470703,4756276
2023-01-24,24.649959564208984,25.36666679382324,25.966665267944336,25.066665649414062,25.16666603088379,13552852
2023-01-25,24.034523010253903,24.733333587646484,25.36666679382324,24.600000381469727,25.36666679382324,6624796
2023-01-27,23.12755584716797,23.799999237060547,24.966665267944336,23.466665267944336,24.733333587646484,8137930
2023-01-30,23.224733352661133,23.899999618530277,24.399999618530277,23.433332443237305,23.66666603088379,6544629
2023-01-31,23.710603713989254,24.399999618530277,24.66666603088379,23.86666679382324,24.0,7801549
2023-02-01,23.224733352661133,23.899999618530277,25.200000762939453,23.466665267944336,24.66666603088379,9223854
2023-02-02,22.35016250610352,23.0,24.333332061767575,22.566665649414062,23.899999618530277,8750950
2023-02-03,22.60929107666016,23.26666641235352,23.5,22.433332443237305,23.200000762939453,10683105
2023-02-06,22.60929107666016,23.26666641235352,23.600000381469727,23.100000381469727,23.399999618530277,5210152
2023-02-07,22.285377502441406,22.933332443237305,23.53333282470703,22.86666679382324,23.333332061767575,5958219
2023-02-08,22.738859176635746,23.399999618530277,23.53333282470703,22.966665267944336,23.066665649414062,4283307
2023-02-09,22.60929107666016,23.26666641235352,23.600000381469727,23.13333320617676,23.53333282470703,4449952
2023-02-10,22.60929107666016,23.26666641235352,23.733333587646484,23.13333320617676,23.233333587646484,4325653
2023-02-13,22.54450798034668,23.200000762939453,23.433332443237305,23.03333282470703,23.399999618530277,3181590
2023-02-14,22.479724884033203,23.13333320617676,23.299999237060547,22.86666679382324,23.299999237060547,3160189
2023-02-15,22.317768096923828,22.966665267944336,23.566665649414062,22.833332061767575,23.13333320617676,5485360
2023-02-16,22.35016250610352,23.0,23.26666641235352,22.86666679382324,23.03333282470703,2376669
2023-02-17,22.026241302490234,22.66666603088379,23.13333320617676,22.53333282470703,22.933332443237305,3792577
2023-02-20,21.63754653930664,22.26666641235352,22.899999618530277,22.100000381469727,22.799999237060547,3937248
2023-02-21,21.572763442993164,22.200000762939453,22.466665267944336,22.13333320617676,22.36666679382324,3019972
2023-02-22,21.119281768798828,21.733333587646484,22.200000762939453,21.66666603088379,22.066665649414062,3391411
2023-02-23,21.572763442993164,22.200000762939453,22.26666641235352,21.53333282470703,21.733333587646484,4087663
2023-02-24,21.37841415405273,22.0,22.5,21.833332061767575,22.333332061767575,3343576
2023-02-27,21.54037094116211,22.16666603088379,22.600000381469727,21.86666679382324,22.53333282470703,8647558
2023-02-28,21.572763442993164,22.200000762939453,22.333332061767575,22.066665649414062,22.16666603088379,3088909
2023-03-01,21.92906951904297,22.566665649414062,22.66666603088379,22.13333320617676,22.233333587646484,3628803
2023-03-02,23.45147132873535,24.13333320617676,24.600000381469727,22.63333320617676,22.66666603088379,25076928
2023-03-03,23.06277275085449,23.733333587646484,24.36666679382324,23.66666603088379,24.333332061767575,6078094
2023-03-06,23.19234275817871,23.86666679382324,23.966665267944336,23.733333587646484,23.833332061767575,3525610
2023-03-08,23.483863830566406,24.16666603088379,24.53333282470703,24.066665649414062,24.466665267944336,11394012
2023-03-09,24.00213050842285,24.700000762939453,25.26666641235352,24.13333320617676,24.200000762939453,14818759
2023-03-10,24.39082717895508,25.100000381469727,25.700000762939453,24.76666641235352,24.966665267944336,21686170
2023-03-13,23.613428115844727,24.299999237060547,25.466665267944336,24.100000381469727,25.16666603088379,9048178
2023-03-14,23.03038215637207,23.700000762939453,24.399999618530277,23.53333282470703,24.299999237060547,6440349
2023-03-15,23.224733352661133,23.899999618530277,24.799999237060547,23.799999237060547,24.733333587646484,11993130
2023-03-16,22.706466674804688,23.36666679382324,23.799999237060547,23.16666603088379,23.66666603088379,5273430
2023-03-17,22.80364227294922,23.466665267944336,23.899999618530277,23.333332061767575,23.600000381469727,5506935
2023-03-20,22.155807495117188,22.799999237060547,23.433332443237305,22.700000762939453,23.333332061767575,6766578
2023-03-21,21.961463928222656,22.600000381469727,23.066665649414062,22.53333282470703,22.933332443237305,4735009
2023-03-22,22.05863571166992,22.700000762939453,22.933332443237305,22.5,22.66666603088379,6530830
2023-03-23,21.92906951904297,22.566665649414062,23.13333320617676,22.5,22.86666679382324,7905978
2023-03-24,21.24884605407715,21.86666679382324,22.833332061767575,21.700000762939453,22.700000762939453,7758040
2023-03-27,20.73058319091797,21.333332061767575,22.16666603088379,21.13333320617676,22.03333282470703,8007883
2023-03-28,20.14753532409668,20.733333587646484,21.399999618530277,20.63333320617676,21.333332061767575,10085763
2023-03-29,22.836030960083008,23.5,24.53333282470703,20.933332443237305,20.933332443237305,43782847
2023-03-31,22.965600967407227,23.63333320617676,24.100000381469727,23.066665649414062,23.466665267944336,15010779
2023-04-03,23.09516716003418,23.76666641235352,24.066665649414062,23.53333282470703,23.63333320617676,6032257
2023-04-05,23.93734359741211,24.63333320617676,25.16666603088379,24.299999237060547,24.66666603088379,27575293
2023-04-06,24.4232177734375,25.13333320617676,25.333332061767575,24.16666603088379,24.53333282470703,12370321
2023-04-10,24.164085388183597,24.86666679382324,25.26666641235352,24.76666641235352,25.13333320617676,4946698
2023-04-11,24.585174560546875,25.299999237060547,25.86666679382324,24.466665267944336,24.86666679382324,20990170
2023-04-12,24.617565155029297,25.333332061767575,25.600000381469727,25.0,25.100000381469727,7661313
2023-04-13,24.714740753173828,25.433332443237305,25.733333587646484,25.13333320617676,25.200000762939453,5262561
2023-04-17,25.10344123840332,25.833332061767575,26.566665649414062,25.13333320617676,25.36666679382324,20130867
2023-04-18,24.779525756835938,25.5,25.933332443237305,25.26666641235352,25.86666679382324,5103768
2023-04-19,24.68235206604004,25.399999618530277,25.966665267944336,25.233333587646484,25.5,8328676
2023-04-20,25.265396118164062,26.0,26.26666641235352,25.700000762939453,25.86666679382324,14134516
2023-04-21,24.68235206604004,25.399999618530277,26.0,25.26666641235352,26.0,6024222
2023-04-24,24.617565155029297,25.333332061767575,25.600000381469727,25.200000762939453,25.399999618530277,8530155
2023-04-25,25.10344123840332,25.833332061767575,26.233333587646484,25.299999237060547,25.399999618530277,9562726
2023-04-26,25.168222427368164,25.899999618530277,26.53333282470703,25.700000762939453,25.799999237060547,9373891
2023-04-27,25.10344123840332,25.833332061767575,26.13333320617676,25.76666641235352,25.899999618530277,4153545
2023-04-28,25.45974922180176,26.200000762939453,26.799999237060547,25.86666679382324,25.86666679382324,10394623
2023-05-02,25.94562339782715,26.700000762939453,27.066665649414062,26.333332061767575,26.333332061767575,15644386
2023-05-03,26.269533157348636,27.03333282470703,27.63333320617676,26.433332443237305,26.566665649414062,19676644
2023-05-04,26.852582931518555,27.63333320617676,27.933332443237305,26.86666679382324,27.100000381469727,20381466
2023-05-05,26.463886260986328,27.233333587646484,28.100000381469727,27.066665649414062,27.799999237060547,13813881
2023-05-08,26.982149124145508,27.76666641235352,28.66666603088379,27.299999237060547,27.433332443237305,35919451
2023-05-09,26.17235946655273,26.933332443237305,28.13333320617676,26.833332061767575,27.86666679382324,10520214
2023-05-10,26.49627685546875,27.26666641235352,27.433332443237305,26.100000381469727,27.03333282470703,13467993
2023-05-11,26.852582931518555,27.63333320617676,27.933332443237305,27.100000381469727,27.399999618530277,12069357
2023-05-12,26.755409240722656,27.53333282470703,28.0,27.399999618530277,27.799999237060547,9448746
2023-05-15,26.62584114074707,27.399999618530277,27.600000381469727,26.833332061767575,27.53333282470703,7116745
2023-05-16,27.01453971862793,27.799999237060547,28.433332443237305,27.36666679382324,27.399999618530277,22132935
2023-05-17,26.82019424438477,27.600000381469727,28.5,27.5,27.899999618530277,12358411
2023-05-18,26.52866744995117,27.299999237060547,28.066665649414062,27.100000381469727,27.833332061767575,8114338
2023-05-19,26.301925659179688,27.066665649414062,27.466665267944336,26.700000762939453,27.466665267944336,7084971
2023-05-22,26.04279518127441,26.799999237060547,27.16666603088379,26.66666603088379,27.13333320617676,4038837
2023-05-23,26.07518577575684,26.833332061767575,27.13333320617676,26.733333587646484,26.899999618530277,4521937
2023-05-24,28.051071166992188,28.86666679382324,28.966665267944336,26.600000381469727,26.700000762939453,59075245
2023-05-25,27.662368774414062,28.466665267944336,29.26666641235352,28.200000762939453,29.0,17954737
2023-05-26,27.144105911254883,27.933332443237305,28.66666603088379,27.86666679382324,28.53333282470703,8678551
2023-05-29,27.306066513061523,28.100000381469727,28.433332443237305,27.600000381469727,28.16666603088379,10499389
2023-05-30,27.59758949279785,28.399999618530277,29.466665267944336,28.233333587646484,28.933332443237305,38208063
2023-05-31,27.43562889099121,28.233333587646484,28.5,27.933332443237305,28.433332443237305,8564841
2023-06-01,27.986284255981445,28.799999237060547,29.0,28.233333587646484,28.233333587646484,16831465
2023-06-02,28.34259605407715,29.16666603088379,29.799999237060547,28.733333587646484,29.0,33083815
2023-06-05,27.69476318359375,28.5,29.53333282470703,28.36666679382324,29.333332061767575,11803050
2023-06-06,27.468021392822266,28.26666641235352,28.700000762939453,27.933332443237305,28.63333320617676,10869132
2023-06-07,27.5651969909668,28.36666679382324,28.833332061767575,28.233333587646484,28.26666641235352,11344987
2023-06-08,26.949756622314453,27.733333587646484,28.66666603088379,27.53333282470703,28.466665267944336,12102918
2023-06-09,26.917369842529297,27.700000762939453,28.299999237060547,27.600000381469727,27.86666679382324,7390641
2023-06-12,27.111717224121094,27.899999618530277,28.299999237060547,27.566665649414062,27.700000762939453,10680018
2023-06-13,27.07932472229004,27.86666679382324,28.299999237060547,27.733333587646484,28.066665649414062,7871617
2023-06-14,26.917369842529297,27.700000762939453,28.13333320617676,27.566665649414062,27.966665267944336,5310160
2023-06-15,26.59345054626465,27.36666679382324,28.100000381469727,27.26666641235352,27.700000762939453,8622319
2023-06-16,26.69062614440918,27.466665267944336,27.76666641235352,27.333332061767575,27.566665649414062,5065015
2023-06-19,26.658233642578125,27.433332443237305,27.799999237060547,27.200000762939453,27.566665649414062,6942667
2023-06-20,26.62584114074707,27.399999618530277,27.66666603088379,27.100000381469727,27.433332443237305,7169569
2023-06-21,26.463886260986328,27.233333587646484,27.966665267944336,27.100000381469727,27.5,12528415
2023-06-22,26.20475006103516,26.966665267944336,27.399999618530277,26.833332061767575,27.233333587646484,5827189
2023-06-23,25.7188777923584,26.466665267944336,27.03333282470703,26.36666679382324,26.966665267944336,6152473
2023-06-26,25.7188777923584,26.466665267944336,26.53333282470703,26.03333282470703,26.466665267944336,6100998
2023-06-27,25.654098510742188,26.399999618530277,26.76666641235352,26.299999237060547,26.600000381469727,4412409
2023-06-28,24.909090042114254,25.63333320617676,26.63333320617676,25.466665267944336,26.53333282470703,17284786
2023-06-30,25.654098510742188,26.399999618530277,26.53333282470703,25.66666603088379,25.733333587646484,14523754
2023-07-03,25.45974922180176,26.200000762939453,26.76666641235352,26.100000381469727,26.66666603088379,15550140
2023-07-04,26.04279518127441,26.799999237060547,27.13333320617676,25.933332443237305,26.233333587646484,16443058
2023-07-05,26.269533157348636,27.03333282470703,27.26666641235352,26.799999237060547,26.899999618530277,8637810
2023-07-06,26.13996696472168,26.899999618530277,27.566665649414062,26.799999237060547,27.100000381469727,10870609
2023-07-07,26.01040267944336,26.76666641235352,27.200000762939453,26.399999618530277,26.899999618530277,7569474
2023-07-10,26.62584114074707,27.399999618530277,28.13333320617676,26.66666603088379,26.733333587646484,23051683
2023-07-11,26.852582931518555,27.63333320617676,27.799999237060547,27.36666679382324,27.5,9324154
2023-07-12,26.3667106628418,27.13333320617676,28.13333320617676,27.0,27.799999237060547,18751497
2023-07-13,26.3667106628418,27.13333320617676,27.53333282470703,26.799999237060547,27.26666641235352,11745109
2023-07-14,26.658233642578125,27.433332443237305,27.733333587646484,27.16666603088379,27.233333587646484,13214821
2023-07-17,26.917369842529297,27.700000762939453,27.76666641235352,27.26666641235352,27.5,9879742
2023-07-18,26.982149124145508,27.76666641235352,27.899999618530277,27.566665649414062,27.76666641235352,8735053
2023-07-19,26.917369842529297,27.700000762939453,28.233333587646484,27.566665649414062,27.733333587646484,14235339
2023-07-20,26.755409240722656,27.53333282470703,27.899999618530277,27.433332443237305,27.733333587646484,7546129
2023-07-21,26.82019424438477,27.600000381469727,28.0,27.5,27.63333320617676,8189467
2023-07-24,27.111717224121094,27.899999618530277,28.299999237060547,27.600000381469727,27.63333320617676,14879670
2023-07-25,27.69476318359375,28.5,29.16666603088379,27.933332443237305,28.066665649414062,30518185
2023-07-26,27.69476318359375,28.5,29.0,27.933332443237305,28.36666679382324,22508554
2023-07-27,27.759546279907227,28.566665649414062,29.16666603088379,28.299999237060547,28.66666603088379,16544188
2023-07-28,28.0186767578125,28.833332061767575,29.233333587646484,28.63333320617676,28.66666603088379,20975938
2023-07-31,29.89738273620605,30.76666641235352,31.0,28.833332061767575,28.966665267944336,67618972
2023-08-01,29.44390296936035,30.299999237060547,30.966665267944336,29.86666679382324,30.966665267944336,22238860
2023-08-02,28.6665096282959,29.5,31.16666603088379,28.899999618530277,30.0,27396061
2023-08-03,28.407377243041992,29.233333587646484,30.200000762939453,28.899999618530277,29.399999618530277,16432258
2023-08-04,30.73956680297852,31.63333320617676,32.06666564941406,29.433332443237305,29.433332443237305,76671700
2023-08-07,31.1606559753418,32.06666564941406,32.599998474121094,31.0,31.899999618530277,40919418
2023-08-08,31.25782966613769,32.16666412353516,33.099998474121094,31.5,32.20000076293945,33465598
2023-08-09,31.61413955688477,32.53333282470703,32.900001525878906,31.76666641235352,32.29999923706055,21876988
2023-08-10,30.8691349029541,31.76666641235352,32.66666412353516,31.600000381469727,32.46666717529297,14765065
2023-08-11,31.58174705505371,32.5,34.133331298828125,32.26666641235352,32.93333435058594,68879868
2023-08-14,30.707176208496094,31.600000381469727,32.633331298828125,31.066665649414062,32.633331298828125,20857447
2023-08-16,31.387399673461918,32.29999923706055,33.20000076293945,31.233333587646484,31.600000381469727,23107651
2023-08-17,30.836742401123047,31.733333587646484,32.633331298828125,31.53333282470703,32.33333206176758,13295659
2023-08-18,30.67478370666504,31.566665649414062,32.26666641235352,31.36666679382324,31.733333587646484,11760831
2023-08-21,30.73956680297852,31.63333320617676,32.33333206176758,31.36666679382324,31.566665649414062,10417626
2023-08-22,33.07175827026367,34.03333282470703,34.26666641235352,31.733333587646484,31.76666641235352,85808199
2023-08-23,32.812625885009766,33.76666641235352,34.733333587646484,33.5,34.46666717529297,46704640
2023-08-24,32.84501266479492,33.79999923706055,34.33333206176758,33.46666717529297,34.0,17432170
2023-08-25,31.80849266052246,32.733333587646484,33.83333206176758,32.29999923706055,33.56666564941406,15952273
2023-08-28,32.94219207763672,33.900001525878906,34.26666641235352,32.66666412353516,32.96666717529297,21932815
2023-08-29,33.10414505004883,34.06666564941406,34.66666412353516,33.76666641235352,34.33333206176758,23287614
2023-08-30,33.266109466552734,34.233333587646484,35.0,34.0,34.20000076293945,29957388
2023-08-31,33.33089065551758,34.29999923706055,34.93333435058594,34.06666564941406,34.400001525878906,14136358
2023-09-01,34.53554153442383,35.16666412353516,35.53333282470703,34.233333587646484,34.29999923706055,35149191
2023-09-04,36.6633186340332,37.33333206176758,38.46666717529297,35.233333587646484,35.43333435058594,80946138
2023-09-05,39.05298614501953,39.76666641235352,40.76666641235352,36.70000076293945,37.56666564941406,125678907
2023-09-06,39.15119171142578,39.86666488647461,42.400001525878906,39.33333206176758,41.09999847412109,126720097
2023-09-07,38.59469223022461,39.29999923706055,40.53333282470703,39.0,39.86666488647461,37653733
2023-09-08,39.0202522277832,39.73333358764648,40.26666641235352,38.83333206176758,39.33333206176758,30560260
2023-09-11,39.44580459594727,40.16666412353516,40.93333435058594,39.79999923706055,40.0,33577183
2023-09-12,35.81221389770508,36.46666717529297,40.43333435058594,36.26666641235352,40.400001525878906,44286481
2023-09-13,36.85973358154297,37.53333282470703,38.0,35.70000076293945,36.633331298828125,29816404
2023-09-14,39.70769119262695,40.43333435058594,42.33333206176758,38.46666717529297,39.33333206176758,177127098
2023-09-15,39.51127624511719,40.23333358764648,41.33333206176758,39.76666641235352,40.83333206176758,38230165
2023-09-18,38.4310188293457,39.133331298828125,40.400001525878906,38.96666717529297,40.33333206176758,22419694
2023-09-20,38.791107177734375,39.5,40.79999923706055,39.33333206176758,39.633331298828125,40917372
2023-09-21,37.44896697998047,38.133331298828125,40.06666564941406,37.79999923706055,39.5,26712808
2023-09-22,38.16913604736328,38.86666488647461,39.66666412353516,37.93333435058594,38.59999847412109,46197421
2023-09-25,37.74357986450195,38.43333435058594,39.03333282470703,38.26666641235352,38.86666488647461,15267837
2023-09-26,37.612640380859375,38.29999923706055,38.86666488647461,38.09999847412109,38.43333435058594,21414324
2023-09-27,38.4310188293457,39.133331298828125,39.5,37.79999923706055,38.23333358764648,28325142
2023-09-28,38.0709342956543,38.76666641235352,40.96666717529297,38.66666412353516,40.633331298828125,40518357
2023-09-29,38.300079345703125,39.0,39.5,38.53333282470703,39.03333282470703,15916612
2023-10-03,38.16913604736328,38.86666488647461,39.56666564941406,38.59999847412109,39.0,15736170
2023-10-04,37.74357986450195,38.43333435058594,39.5,37.900001525878906,38.900001525878906,18825472
2023-10-05,37.80905532836914,38.5,39.0,38.33333206176758,38.59999847412109,14392522
2023-10-06,39.96957015991211,40.70000076293945,41.23333358764648,38.400001525878906,38.66666412353516,63233376
2023-10-09,37.84178924560547,38.53333282470703,39.900001525878906,38.36666488647461,39.79999923706055,30255951
2023-10-10,40.49333190917969,41.23333358764648,42.06666564941406,38.73333358764648,38.93333435058594,88867260
2023-10-11,41.01709747314453,41.76666641235352,43.09999847412109,41.46666717529297,41.56666564941406,83380914
2023-10-12,41.737266540527344,42.5,43.56666564941406,41.46666717529297,41.93333435058594,72392391
2023-10-13,41.24624252319336,42.0,43.33333206176758,41.83333206176758,42.400001525878906,32818482
2023-10-16,41.90093994140625,42.66666412353516,44.133331298828125,42.5,42.633331298828125,49761115
2023-10-17,42.35923385620117,43.133331298828125,43.633331298828125,42.133331298828125,43.16666412353516,38175690
2023-10-18,42.29376602172852,43.06666564941406,44.96666717529297,42.73333358764648,43.33333206176758,79187581
2023-10-19,46.32018280029297,47.16666412353516,48.26666641235352,43.76666641235352,44.400001525878906,262707238
2023-10-20,44.84710311889648,45.66666412353516,49.56666564941406,45.33333206176758,48.16666412353516,238158241
2023-10-23,40.85341644287109,41.59999847412109,46.33333206176758,41.133331298828125,45.86666488647461,116939676
2023-10-25,41.6063232421875,42.36666488647461,43.53333282470703,40.79999923706055,42.03333282470703,103287708
2023-10-26,41.77000427246094,42.53333282470703,43.0,40.5,42.0,77019291
2023-10-27,42.06461334228516,42.83333206176758,43.73333358764648,42.33333206176758,43.0,48669676
2023-10-30,43.93051910400391,44.73333358764648,45.633331298828125,42.09999847412109,43.0,82824481
2023-10-31,42.948463439941406,43.73333358764648,45.09999847412109,43.5,44.96666717529297,39692854
2023-11-01,43.1776123046875,43.96666717529297,45.09999847412109,43.73333358764648,44.0,35898247
2023-11-02,44.09419631958008,44.900001525878906,45.56666564941406,43.96666717529297,44.59999847412109,29043700
2023-11-03,43.86503601074219,44.66666412353516,45.59999847412109,44.53333282470703,45.59999847412109,26512872
2023-11-06,44.159664154052734,44.96666717529297,45.400001525878906,44.66666412353516,45.09999847412109,18084499
2023-11-07,44.552490234375,45.36666488647461,45.900001525878906,44.400001525878906,45.03333282470703,29634207
2023-11-08,44.68342971801758,45.5,45.93333435058594,45.06666564941406,45.56666564941406,19900228
2023-11-09,43.86503601074219,44.66666412353516,45.66666412353516,44.26666641235352,45.59999847412109,17648554
2023-11-10,43.046669006347656,43.83333206176758,44.29999923706055,43.09999847412109,44.03333282470703,26835183
2023-11-13,44.617958068847656,45.43333435058594,46.900001525878906,44.20000076293945,44.59999847412109,45450697
2023-11-15,44.617958068847656,45.43333435058594,46.26666641235352,45.26666641235352,46.0,14255292
2023-11-16,44.02872467041016,44.83333206176758,45.59999847412109,44.70000076293945,45.59999847412109,14825616
2023-11-17,43.89778518676758,44.70000076293945,45.29999923706055,44.26666641235352,44.79999923706055,15538684
2023-11-20,44.09419631958008,44.900001525878906,45.900001525878906,44.66666412353516,44.96666717529297,14714959
2023-11-21,44.06145858764648,44.86666488647461,45.59999847412109,44.400001525878906,45.09999847412109,21355830
2023-11-22,43.1776123046875,43.96666717529297,45.06666564941406,43.86666488647461,45.03333282470703,12794328
2023-11-23,42.6211166381836,43.400001525878906,44.36666488647461,43.26666641235352,44.06666564941406,10422708
2023-11-24,42.06461334228516,42.83333206176758,43.70000076293945,42.70000076293945,43.400001525878906,12831351
2023-11-28,44.51974868774414,45.33333206176758,45.59999847412109,42.53333282470703,43.0,49349548
2023-11-29,45.82915496826172,46.66666412353516,47.03333282470703,45.633331298828125,45.66666412353516,63398823
2023-11-30,49.82284164428711,50.73333358764648,51.0,46.73333358764648,46.86666488647461,162324333
2023-12-01,48.8735237121582,49.76666641235352,52.0,49.53333282470703,51.33333206176758,64945312
2023-12-04,51.4595947265625,52.400001525878906,53.0,50.93333435058594,51.33333206176758,74179678
2023-12-05,50.47754287719727,51.400001525878906,52.43333435058594,50.59999847412109,52.33333206176758,34052143
2023-12-06,51.09951019287109,52.03333282470703,52.53333282470703,51.46666717529297,51.73333358764648,24254743
2023-12-07,53.09634780883789,54.06666564941406,54.29999923706055,51.09999847412109,52.29999923706055,63154572
2023-12-08,51.59053421020508,52.53333282470703,55.06666564941406,51.59999847412109,54.33333206176758,40356891
2023-12-11,52.34344100952149,53.29999923706055,55.20000076293945,52.56666564941406,52.79999923706055,41133766
2023-12-12,52.63805770874024,53.59999847412109,54.76666641235352,53.09999847412109,53.633331298828125,40147117
2023-12-13,52.50712203979492,53.46666717529297,53.96666717529297,53.03333282470703,53.73333358764648,16703028
2023-12-14,54.0129280090332,55.0,56.5,54.79999923706055,55.79999923706055,76028607
2023-12-15,53.75105285644531,54.73333358764648,57.26666641235352,54.36666488647461,55.5,52369857
2023-12-18,54.20934677124024,55.20000076293945,55.79999923706055,53.86666488647461,54.79999923706055,26843452
2023-12-19,53.94746398925781,54.93333435058594,55.76666641235352,54.66666412353516,55.33333206176758,14648830
2023-12-20,49.331817626953125,50.23333358764648,55.29999923706055,48.66666412353516,55.23333358764648,37826349
2023-12-21,51.197715759277344,52.133331298828125,52.400001525878906,48.33333206176758,49.29999923706055,39265756
2023-12-22,51.32865905761719,52.26666641235352,52.56666564941406,51.20000076293945,52.43333435058594,15326679
2023-12-26,51.26318359375,52.20000076293945,52.76666641235352,52.0,52.33333206176758,9276162
2023-12-27,52.34344100952149,53.29999923706055,54.26666641235352,52.46666717529297,52.59999847412109,38630886
2023-12-28,54.24208068847656,55.23333358764648,56.43333435058594,53.03333282470703,53.59999847412109,100184920
2023-12-29,53.39096832275391,54.36666488647461,55.53333282470703,54.09999847412109,55.53333282470703,26330947
2024-01-01,53.58736801147461,54.56666564941406,55.400001525878906,54.400001525878906,54.633331298828125,15241587
2024-01-02,52.76899719238281,53.73333358764648,54.79999923706055,52.66666412353516,54.76666641235352,20800195
2024-01-03,57.6137924194336,58.66666412353516,59.03333282470703,53.16666412353516,53.73333358764648,188962468
2024-01-04,57.35191345214844,58.400001525878906,59.900001525878906,57.93333435058594,59.06666564941406,74899966
2024-01-05,56.697208404541016,57.73333358764648,59.633331298828125,57.16666412353516,58.633331298828125,32486044
2024-01-08,55.68242645263672,56.70000076293945,58.56666564941406,56.33333206176758,58.03333282470703,23156596
2024-01-09,59.80704498291016,60.900001525878906,61.66666412353516,56.59999847412109,57.06666564941406,143824681
2024-01-10,60.55995559692383,61.66666412353516,62.43333435058594,59.93333435058594,60.900001525878906,94315192
2024-01-11,60.46174621582031,61.56666564941406,62.400001525878906,61.20000076293945,62.03333282470703,28167439
2024-01-12,59.83978271484375,60.93333435058594,62.900001525878906,60.70000076293945,61.86666488647461,66959160
2024-01-15,60.06892395019531,61.16666412353516,61.5,60.06666564941406,61.26666641235352,42770850
2024-01-16,58.92319869995117,60.0,61.96666717529297,58.93333435058594,61.43333435058594,45491853
2024-01-17,57.5810546875,58.633331298828125,61.133331298828125,58.0,59.29999923706055,39234153
2024-01-18,57.090030670166016,58.133331298828125,59.73333358764648,56.400001525878906,58.633331298828125,35530404
2024-01-19,61.90209197998047,63.03333282470703,63.93333435058594,58.59999847412109,58.633331298828125,162829722
2024-01-23,64.55363464355469,65.73332977294922,73.0,64.66666412353516,69.33333587646484,186775914
2024-01-24,68.90739440917969,70.16666412353516,70.5999984741211,64.33333587646484,66.30000305175781,133655227
2024-01-25,75.09432983398438,76.46666717529297,79.5999984741211,69.66666412353516,70.80000305175781,345517897
2024-01-29,83.14717864990234,84.66666412353516,85.63333129882812,77.80000305175781,78.0,191521422
2024-01-30,83.17992401123047,84.69999694824219,90.86666870117188,82.43333435058594,87.56666564941406,149753167
2024-01-31,84.75120544433594,86.30000305175781,87.06666564941406,83.03333282470703,85.06666564941406,90637747
2024-02-01,92.73856353759766,94.43333435058594,96.66666412353516,86.53333282470703,87.33333587646484,254158333
2024-02-02,110.41551971435548,112.43333435058594,113.3000030517578,100.0,100.0,358171509
2024-02-05,108.74603271484376,110.73332977294922,117.9000015258789,107.53333282470705,116.3000030517578,164052258
2024-02-06,103.08287048339844,104.96666717529295,111.8000030517578,100.76666259765624,111.8000030517578,73660180
2024-02-07,103.47570037841795,105.36666870117188,109.9000015258789,102.43333435058594,106.9000015258789,50816668
2024-02-08,100.7586669921875,102.5999984741211,106.26666259765624,102.1999969482422,106.0,32226153
2024-02-09,96.86318969726562,98.63333129882812,103.0999984741211,93.0999984741211,103.0999984741211,53180316
2024-02-12,87.17359161376953,88.76666259765625,97.83333587646484,88.76666259765625,97.83333587646484,40895007
2024-02-13,81.44495391845703,82.93333435058594,88.53333282470703,80.5,82.9000015258789,86484798
2024-02-14,85.50411224365234,87.06666564941406,87.06666564941406,84.0,84.5999984741211,11595793
2024-02-15,89.75968933105469,91.4000015258789,91.4000015258789,91.4000015258789,91.4000015258789,1992426
2024-02-16,88.12291717529297,89.73332977294922,95.96666717529295,89.06666564941406,91.66666412353516,57440197
2024-02-19,92.5094223022461,94.1999969482422,94.1999969482422,89.9000015258789,91.0,12508702
2024-02-20,93.3605499267578,95.06666564941406,98.26666259765624,94.66666412353516,95.33333587646484,41847199
2024-02-21,91.13455200195312,92.8000030517578,97.0999984741211,92.0,96.1999969482422,20995909
2024-02-22,95.5865249633789,97.33333587646484,97.43333435058594,95.0,96.63333129882812,44176891
2024-02-23,93.88429260253906,95.5999984741211,98.53333282470705,94.8000030517578,98.1999969482422,18920620
2024-02-26,91.46190643310548,93.13333129882812,96.26666259765624,92.4000015258789,96.1999969482422,14391678
2024-02-27,90.57804870605467,92.23332977294922,94.03333282470705,92.0,93.26666259765624,9485179
2024-02-28,86.55162811279297,88.13333129882812,92.9000015258789,87.63333129882812,92.23332977294922,16314007
2024-02-29,88.54847717285156,90.16666412353516,90.66666412353516,85.76666259765625,88.0,22817221
2024-03-01,87.04266357421875,88.63333129882812,92.96666717529295,88.13333129882812,91.86666870117188,15257412
2024-03-04,86.64983367919922,88.23332977294922,90.16666412353516,88.0,89.96666717529297,9489282
2024-03-05,86.81350708007812,88.4000015258789,90.96666717529295,88.19999694824219,89.56666564941406,11336502
2024-03-06,83.34359741210938,84.86666870117188,88.63333129882812,84.0,88.63333129882812,19782102
2024-03-07,83.34359741210938,84.86666870117188,86.66666412353516,84.66666412353516,85.13333129882812,7922532
2024-03-11,79.25170135498047,80.69999694824219,85.26666259765625,80.63333129882812,84.96666717529297,22885924
2024-03-12,76.20733642578125,77.5999984741211,81.0,77.06666564941406,80.66666412353516,20539009
2024-03-13,72.4100570678711,73.73332977294922,80.5,73.73332977294922,77.16666412353516,15586452
2024-03-14,76.01091766357422,77.4000015258789,77.4000015258789,70.06666564941406,70.66666412353516,33107566
2024-03-15,73.22843933105469,74.56666564941406,78.93333435058594,73.53333282470703,76.63333129882812,26993185
2024-03-18,72.99931335449219,74.33333587646484,76.5999984741211,72.66666412353516,74.33333587646484,19068784
2024-03-19,71.5916976928711,72.9000015258789,75.4000015258789,72.43333435058594,74.5999984741211,11294164
2024-03-20,71.5916976928711,72.9000015258789,74.93333435058594,70.93333435058594,73.4000015258789,13135987
2024-03-21,75.1598129272461,76.53333282470703,76.53333282470703,74.33333587646484,74.63333129882812,14926437
2024-03-22,75.32349395751953,76.69999694824219,78.19999694824219,75.13333129882812,76.13333129882812,17335779
2024-03-26,75.1598129272461,76.53333282470703,78.5,75.9000015258789,77.46666717529297,13419940
2024-03-27,74.24321746826172,75.5999984741211,79.30000305175781,75.03333282470703,77.26666259765625,18330669
2024-03-28,77.8440933227539,79.26666259765625,79.36666870117188,76.26666259765625,76.33333587646484,19599079
2024-04-01,81.70683288574219,83.19999694824219,83.19999694824219,80.26666259765625,80.5999984741211,10222204
2024-04-02,83.93281555175781,85.46666717529297,87.33333587646484,83.46666717529297,84.53333282470703,25851046
2024-04-03,83.57274627685547,85.0999984741211,86.16666412353516,84.23332977294922,85.33333587646484,14407707
2024-04-04,82.88529968261719,84.4000015258789,86.53333282470703,82.43333435058594,85.96666717529297,15348202
2024-04-05,90.57804870605467,92.23332977294922,92.63333129882812,83.5,84.76666259765625,56968839
2024-04-08,88.45027160644531,90.06666564941406,93.8000030517578,89.66666412353516,93.13333129882812,23038594
2024-04-09,89.95608520507812,91.5999984741211,94.36666870117188,89.26666259765625,90.56666564941406,31709079
2024-04-10,89.30137634277344,90.93333435058594,92.03333282470705,90.0,91.93333435058594,11639716
2024-04-12,87.46820831298828,89.06666564941406,91.4000015258789,88.73332977294922,90.0,10630602
2024-04-15,82.45974731445312,83.96666717529297,86.93333435058594,81.66666412353516,83.33333587646484,29369058
2024-04-16,82.26333618164062,83.76666259765625,85.66666412353516,82.46666717529297,83.23332977294922,11413062
2024-04-18,81.64137268066406,83.13333129882812,85.86666870117188,82.83333587646484,84.53333282470703,12996007
2024-04-19,81.24853515625,82.73332977294922,84.5999984741211,79.26666259765625,81.33333587646484,27743692
2024-04-22,81.96871185302734,83.46666717529297,84.53333282470703,83.0,83.80000305175781,9251358
2024-04-23,87.8937759399414,89.5,91.13333129882812,83.66666412353516,83.96666717529297,48170127
2024-04-24,86.91172790527344,88.5,90.66666412353516,88.0,90.3000030517578,28913262
2024-04-25,86.64983367919922,88.23332977294922,89.66666412353516,87.83333587646484,88.5999984741211,13050303
2024-04-26,89.23591613769531,90.86666870117188,92.33333587646484,87.36666870117188,88.66666412353516,50509681
2024-04-29,93.06591033935548,94.76666259765624,96.46666717529295,91.76666259765624,92.0,72959778
2024-04-30,91.49463653564452,93.16666412353516,95.5999984741211,92.76666259765624,95.5999984741211,21127786
2024-05-02,90.83992767333984,92.5,94.53333282470705,91.43333435058594,93.43333435058594,19057068
2024-05-03,90.80719757080078,92.46666717529295,94.46666717529295,90.66666412353516,93.06666564941406,16195233
2024-05-06,87.46820831298828,89.06666564941406,93.1999969482422,88.36666870117188,93.13333129882812,16161703
2024-05-07,84.1947021484375,85.73332977294922,90.0,84.36666870117188,89.06666564941406,17277948
2024-05-08,88.97403717041016,90.5999984741211,91.5,84.46666717529297,85.63333129882812,26722183
2024-05-09,85.47136688232422,87.03333282470703,92.83333587646484,86.26666259765625,92.0,21215688
2024-05-10,86.68256378173828,88.26666259765625,88.9000015258789,84.5999984741211,87.26666259765625,15381604
2024-05-13,85.11128997802734,86.66666412353516,88.5999984741211,85.06666564941406,88.5999984741211,11754942
2024-05-14,89.6614761352539,91.3000030517578,91.9000015258789,87.0999984741211,87.4000015258789,17797047
2024-05-15,88.45027160644531,90.06666564941406,91.9000015258789,89.9000015258789,91.66666412353516,10324413
2024-05-16,89.20317077636719,90.83333587646484,92.93333435058594,90.23332977294922,90.76666259765624,14341312
2024-05-17,93.16412353515624,94.86666870117188,95.5999984741211,90.9000015258789,91.5,44961517
2024-05-21,97.38695526123048,99.16666412353516,100.86666870117188,95.43333435058594,97.0,59635603
2024-05-22,96.9614028930664,98.73332977294922,101.9000015258789,96.4000015258789,100.0,33863812
2024-05-23,97.35421752929688,99.13333129882812,101.83333587646484,97.73332977294922,98.96666717529295,33894519
2024-05-24,95.4228515625,97.16666412353516,99.9000015258789,96.16666412353516,99.33333587646484,18609378
2024-05-27,94.96454620361328,96.6999969482422,99.1999969482422,95.6999969482422,97.66666412353516,16442554
2024-05-28,90.87267303466795,92.53333282470705,97.26666259765624,91.4000015258789,97.16666412353516,19090447
2024-05-29,93.13138580322266,94.83333587646484,97.1999969482422,93.8000030517578,96.0,44905830
2024-05-30,89.92334747314453,91.56666564941406,95.43333435058594,90.86666870117188,95.06666564941406,19542036
2024-05-31,93.22960662841795,94.93333435058594,95.33333587646484,90.0,92.36666870117188,28736523
2024-06-03,98.63089752197266,100.43333435058594,104.0,98.0,103.33333587646484,53593824
2024-06-04,88.77761840820312,90.4000015258789,100.43333435058594,90.4000015258789,100.43333435058594,47218297
2024-06-05,85.14402770996094,86.69999694824219,90.36666870117188,81.36666870117188,90.33333587646484,64178449
2024-06-06,91.03633880615234,92.6999969482422,94.0,90.33333587646484,91.16666412353516,34878309
2024-06-07,94.34259796142578,96.06666564941406,96.66666412353516,91.73332977294922,93.66666412353516,28762384
2024-06-10,93.5962142944336,95.3066635131836,97.0,94.33333587646484,96.9000015258789,24256314
2024-06-11,102.51326751708984,104.38666534423828,106.33333587646484,98.83333587646484,98.94000244140624,175549021
2024-06-12,103.22689056396484,105.11333465576172,107.33333587646484,103.36666870117188,105.33333587646484,74847427
2024-06-13,101.60324096679688,103.45999908447266,106.26666259765624,103.06666564941406,105.98666381835938,37876414
2024-06-14,104.40535736083984,106.3133316040039,108.46666717529295,101.66666412353516,104.0,82746901
2024-06-18,103.56735229492188,105.45999908447266,109.42666625976562,104.8733367919922,107.0,42661993
2024-06-19,105.46597290039062,107.3933334350586,108.46666717529295,102.44000244140624,106.53333282470705,57428613
2024-06-20,106.95215606689452,108.90666961669922,111.33333587646484,106.36666870117188,107.83333587646484,79692765
2024-06-21,108.72640228271484,110.7133331298828,115.33333587646484,109.33333587646484,109.4000015258789,75084193
2024-06-24,106.71646881103516,108.66666412353516,111.46666717529295,107.5,110.0,34717533
2024-06-25,104.60831451416016,106.5199966430664,110.26666259765624,105.83999633789062,109.23332977294922,22475595
2024-06-26,103.51496887207033,105.40666961669922,108.33333587646484,105.0,106.53333282470705,22485079
2024-06-27,103.56735229492188,105.45999908447266,108.66666412353516,103.33333587646484,105.66666412353516,31522903
2024-06-28,102.7620620727539,104.63999938964844,106.42666625976562,103.73332977294922,106.0,16370133
2024-07-01,102.5263671875,104.4000015258789,106.98666381835938,103.86666870117188,104.65333557128906,18291987
2024-07-02,106.2450714111328,108.1866683959961,108.8000030517578,104.2133331298828,104.86666870117188,41772646
2024-07-03,110.66432189941406,112.6866683959961,113.6066665649414,107.53333282470705,109.0,83248330
2024-07-04,122.21981048583984,124.45333099365234,126.5999984741211,113.8133316040039,114.34666442871094,216957328
2024-07-05,123.48339080810548,125.73999786376952,129.32666015625,122.6066665649414,125.05332946777344,117370177
2024-07-08,125.19869995117188,127.48666381835938,131.3333282470703,123.46666717529295,126.33999633789062,73057750
2024-07-09,124.18391418457033,126.45333099365234,132.1999969482422,124.4000015258789,128.10000610351562,55332307
2024-07-10,122.76976776123048,125.01333618164062,127.8000030517578,119.46666717529295,126.8000030517578,39219685
2024-07-11,126.95331573486328,129.27333068847656,130.3333282470703,124.06666564941406,125.33333587646484,73131990
2024-07-12,124.25592803955078,126.52666473388672,131.3333282470703,125.93333435058594,129.53334045410156,46663893
2024-07-15,123.14293670654295,125.3933334350586,127.73332977294922,124.1999969482422,127.0,26551347
2024-07-16,121.49310302734376,123.7133331298828,129.26666259765625,123.33333587646484,125.5999984741211,41340081
2024-07-18,116.9101791381836,119.04666900634766,124.33333587646484,117.5999984741211,123.7133331298828,31610346
2024-07-19,112.5171356201172,114.57333374023438,120.95999908447266,114.0,117.53333282470705,37966545
2024-07-22,121.11337280273438,123.32666778564452,124.5,112.5,113.33333587646484,65763505
2024-07-23,116.05252075195312,118.17333221435548,124.53333282470705,100.0999984741211,123.96666717529295,92121924
2024-07-24,118.59276580810548,120.76000213623048,122.5999984741211,116.91999816894533,117.93333435058594,33580444
2024-07-25,114.80203247070312,116.9000015258789,121.33333587646484,116.0,118.7933349609375,29558314
2024-07-26,114.25863647460938,116.34666442871094,119.91999816894533,115.55332946777344,117.53333282470705,35797536
2024-07-29,122.82212829589844,125.06666564941406,125.86666870117188,115.88666534423828,117.0,77476035
2024-07-30,120.84493255615234,123.05332946777344,126.8933334350586,122.73332977294922,125.06666564941406,38516814
2024-07-31,118.63858795166016,120.8066635131836,124.26666259765624,120.2066650390625,123.5,22297161
2024-08-01,117.51251220703124,119.66000366210938,123.52666473388672,118.86666870117188,121.8000030517578,24024547
2024-08-02,119.02486419677734,121.1999969482422,122.33333587646484,116.2066650390625,117.66666412353516,30120447
2024-08-05,109.90486145019533,111.913330078125,117.49333190917967,111.1066665649414,115.86666870117188,41287009
2024-08-06,107.23367309570312,109.1933364868164,116.56666564941406,108.66666412353516,113.33333587646484,26369235
2024-08-07,112.1504898071289,114.1999969482422,115.0,110.14666748046876,112.5,21836148
2024-08-08,110.69050598144533,112.7133331298828,115.5999984741211,112.1066665649414,114.22000122070312,17733897
2024-08-09,120.982421875,123.1933364868164,125.5999984741211,113.03333282470705,113.65333557128906,145791906
2024-08-12,119.0117645263672,121.1866683959961,125.76666259765624,120.73332977294922,122.63999938964844,59803599
2024-08-13,113.46643829345705,115.54000091552734,122.3000030517578,114.76000213623048,121.8933334350586,34956403
2024-08-14,113.6693878173828,115.74666595458984,119.26666259765624,115.5,117.0,41584089
2024-08-16,119.67301940917967,121.86000061035156,123.48666381835938,115.61333465576172,117.66666412353516,35765364
2024-08-19,120.9038543701172,123.11333465576172,128.89999389648438,121.8133316040039,122.42666625976562,84199500
2024-08-20,120.40628051757812,122.6066665649414,126.45999908447266,121.33333587646484,123.7933349609375,38491776
2024-08-21,119.00521850585938,121.18000030517578,123.04666900634766,120.26666259765624,122.46666717529295,19625559
2024-08-22,119.08379364013672,121.26000213623048,123.7866668701172,120.2866668701172,121.66666412353516,24805288
2024-08-23,116.66139221191406,118.7933349609375,122.63333129882812,118.4000015258789,121.46666717529295,17377597
2024-08-26,115.2210464477539,117.32666778564452,120.53333282470705,117.04666900634766,120.06666564941406,14904096
2024-08-27,116.3012924194336,118.42666625976562,119.53333282470705,117.44000244140624,117.7866668701172,12746905
2024-08-28,128.1317596435547,130.47332763671875,139.8333282470703,124.13333129882812,124.73332977294922,446049436
2024-08-29,127.5490951538086,129.8800048828125,137.1199951171875,128.8333282470703,131.3333282470703,174557769
2024-08-30,122.01685333251952,124.24666595458984,132.26666259765625,123.46666717529295,130.96665954589844,95443672
2024-09-02,122.81558227539062,125.05999755859376,128.0,124.0,126.33333587646484,67436197
2024-09-03,122.21327209472656,124.44666290283205,125.63333129882812,123.90666961669922,125.58666229248048,18806166
2024-09-04,120.96932220458984,123.18000030517578,125.73332977294922,122.03333282470705,122.03333282470705,23794719
2024-09-05,119.41769409179688,121.5999984741211,123.86666870117188,121.2066650390625,123.83333587646484,12885960
2024-09-06,117.40735626220705,119.13999938964844,121.57333374023438,118.1999969482422,121.33333587646484,19506184
2024-09-09,114.09622192382812,115.77999877929688,118.66666412353516,115.0,118.5,23438521
2024-09-10,118.50450134277344,120.25333404541016,121.31999969482422,116.26666259765624,116.3000030517578,24638568
2024-09-11,115.43644714355467,117.13999938964844,120.46666717529295,116.43333435058594,120.45999908447266,14743015
2024-09-12,118.4782257080078,120.22666931152344,122.43333435058594,118.00666809082033,118.00666809082033,34717224
2024-09-13,117.76869201660156,119.50666809082033,122.26666259765624,119.04666900634766,120.6999969482422,16969612
2024-09-16,115.85690307617188,117.56666564941406,120.22000122070312,117.33999633789062,119.66666412353516,11986888
2024-09-17,117.05259704589844,118.77999877929688,119.93333435058594,115.76666259765624,117.1999969482422,15524307
2024-09-18,115.09481811523438,116.7933349609375,119.63333129882812,116.53333282470705,118.4000015258789,10474980
2024-09-19,112.82169342041016,114.48666381835938,118.26666259765624,112.8066635131836,117.5999984741211,15913452
2024-09-20,114.35900115966795,116.04666900634766,117.66000366210938,113.8066635131836,114.93333435058594,15027586
2024-09-23,116.139404296875,117.85333251953124,119.0,115.73999786376952,116.6999969482422,14016858
2024-09-24,114.45755767822266,116.14666748046876,118.34666442871094,115.73332977294922,118.34666442871094,7796161
2024-09-25,113.1961669921875,114.86666870117188,116.33333587646484,114.66666412353516,116.14666748046876,7216053
2024-09-26,111.08728790283205,112.72666931152344,115.1999969482422,112.0,114.6999969482422,12461667
2024-09-27,116.55328369140624,118.27333068847656,119.5999984741211,112.9800033569336,113.3000030517578,20615419
2024-09-30,117.79497528076172,119.53333282470705,120.22000122070312,116.33999633789062,118.66666412353516,17611506
2024-10-01,118.37966918945312,120.1266632080078,121.13333129882812,118.46666717529295,120.0,11780326
2024-10-03,112.05960845947266,113.7133331298828,118.53333282470705,101.5,116.73332977294922,20916118
2024-10-04,111.03472900390624,112.67333221435548,116.27999877929688,108.75333404541016,114.45999908447266,19936246
2024-10-07,114.14550018310548,115.83000183105467,119.8000030517578,111.0,118.0999984741211,22149030
2024-10-08,113.61334991455078,115.29000091552734,116.0,110.37999725341795,115.1500015258789,7673783
2024-10-09,114.47069549560548,116.16000366210938,117.4000015258789,115.37999725341795,115.6500015258789,5609715
2024-10-10,115.27877044677734,116.9800033569336,118.0,114.02999877929688,116.4000015258789,9336602
2024-10-11,112.40122985839844,114.05999755859376,117.75,113.75,117.4000015258789,6953397
2024-10-14,111.57344818115234,113.22000122070312,114.58999633789062,112.0,114.06999969482422,4309825
2024-10-15,111.0215835571289,112.66000366210938,113.27999877929688,110.68000030517578,111.51000213623048,4192713
2024-10-16,111.12014770507812,112.76000213623048,113.6500015258789,111.52999877929688,112.0,4194334
2024-10-17,108.69590759277344,110.3000030517578,113.2300033569336,109.5,112.76000213623048,3361952
2024-10-18,106.3998031616211,107.97000122070312,109.5500030517578,106.5999984741211,108.75,4531607
2024-10-21,101.08818817138672,102.58000183105467,108.38999938964844,102.0,107.87999725341795,6793852
2024-10-22,95.24442291259766,96.6500015258789,101.5,96.0999984741211,101.16000366210938,15613437
2024-10-23,93.18482208251952,94.55999755859376,99.58999633789062,92.94000244140624,96.6500015258789,13709569
2024-10-24,90.9281234741211,92.2699966430664,95.5,91.6999969482422,94.5500030517578,10529971
2024-10-25,86.63154602050781,87.91000366210938,92.54000091552734,87.45999908447266,91.98999786376952,12734279
2024-10-28,91.95299530029295,93.30999755859376,94.4000015258789,85.20999908447266,87.55999755859375,17785638
2024-10-29,92.6033935546875,93.97000122070312,95.3499984741211,91.18000030517578,94.6999969482422,10837160
2024-10-30,95.727294921875,97.13999938964844,98.86000061035156,93.0500030517578,93.5500030517578,14376765
2024-10-31,95.7765655517578,97.19000244140624,98.0,95.52999877929688,96.8000030517578,7115804
2024-11-01,98.51614379882812,99.97000122070312,100.9000015258789,97.5500030517578,97.9000015258789,4001836
2024-11-04,96.38755798339844,97.80999755859376,101.6999969482422,96.4499969482422,100.8000030517578,8543836
2024-11-05,95.4513702392578,96.86000061035156,97.6999969482422,95.2699966430664,96.5199966430664,8850092
2024-11-06,99.96476745605467,101.44000244140624,101.88999938964844,97.5500030517578,97.5500030517578,9457810
2024-11-07,98.16136932373048,99.61000061035156,101.8000030517578,99.3000030517578,101.8000030517578,6924509
2024-11-08,95.60902404785156,97.0199966430664,99.38999938964844,96.51000213623048,99.0,3825063
2024-11-11,93.17497253417967,94.5500030517578,96.4499969482422,93.91000366210938,96.0,5097204
2024-11-12,92.10081481933594,93.45999908447266,96.4000015258789,92.12000274658205,94.6999969482422,5050522
2024-11-13,88.20825958251953,89.51000213623047,93.2699966430664,88.31999969482422,92.12000274658205,9326900
2024-11-14,88.6911392211914,90.0,92.8000030517578,89.5199966430664,90.58999633789062,7851055
2024-11-18,88.68128204345703,89.98999786376953,92.01000213623048,89.0199966430664,90.27999877929688,6470782
2024-11-19,88.51375579833984,89.81999969482422,92.1999969482422,89.25,90.19000244140624,6571685
2024-11-21,86.95672607421875,88.23999786376953,90.0,86.7699966430664,89.5,6755138
2024-11-22,87.83377838134766,89.12999725341797,89.68000030517578,87.25,88.25,4919766
2024-11-25,93.38191223144533,94.76000213623048,96.3000030517578,92.76000213623048,93.0,13448148
2024-11-26,93.17497253417967,94.5500030517578,95.3000030517578,93.87000274658205,95.0,4314123
2024-11-27,94.28853607177734,95.68000030517578,96.8499984741211,93.5999984741211,94.5,7343971
2024-11-28,97.32373046875,98.76000213623048,100.5,97.4000015258789,97.4000015258789,16617968
2024-11-29,97.7770538330078,99.22000122070312,100.37999725341795,96.5,99.0,8521514
2024-12-02,96.8113021850586,98.23999786376952,98.6500015258789,96.91000366210938,97.76000213623048,5289295
2024-12-03,97.84603118896484,99.29000091552734,100.13999938964844,97.93000030517578,98.3000030517578,6176380
2024-12-04,98.59498596191406,100.0500030517578,101.68000030517578,99.25,99.5,7546520
2024-12-05,101.33455657958984,102.83000183105467,103.4000015258789,99.04000091552734,100.0,17659498
2024-12-06,102.1130599975586,103.62000274658205,104.9499969482422,102.2699966430664,103.3499984741211,9437700
2024-12-09,101.82728576660156,103.33000183105467,105.1999969482422,102.36000061035156,104.44000244140624,6547055
2024-12-10,101.16703033447266,102.66000366210938,104.6500015258789,101.6500015258789,103.0,7198737
2024-12-11,100.5658950805664,102.0500030517578,103.55999755859376,101.76000213623048,102.5999984741211,4650576
2024-12-12,99.1862564086914,100.6500015258789,103.7699966430664,98.91000366210938,102.0,10863440
2024-12-13,97.84603118896484,99.29000091552734,101.5999984741211,97.61000061035156,100.7300033569336,6941105
2024-12-16,99.6001434326172,101.06999969482422,102.0,99.5,99.75,7040415
2024-12-17,99.17639923095705,100.63999938964844,102.68000030517578,100.1999969482422,100.95999908447266,6681204
2024-12-18,97.29418182373048,98.7300033569336,100.48999786376952,98.1999969482422,100.0,5136529
2024-12-19,95.68788146972656,97.0999984741211,97.94000244140624,95.61000061035156,96.0,3981544
2024-12-20,93.05671691894533,94.43000030517578,97.9000015258789,93.3000030517578,97.0999984741211,5889049
2024-12-23,91.2927474975586,92.63999938964844,95.4499969482422,92.3000030517578,95.0,4662477
2024-12-24,91.84459686279295,93.1999969482422,93.98999786376952,92.18000030517578,92.63999938964844,3318049
2024-12-26,90.73103332519533,92.06999969482422,93.9000015258789,91.66999816894533,93.1999969482422,3163694
2024-12-27,92.0318374633789,93.38999938964844,93.9800033569336,92.12000274658205,92.5,4776354
2024-12-30,86.8976058959961,88.18000030517578,93.77999877929688,87.72000122070312,93.52999877929688,10407172
2024-12-31,91.59822845458984,92.9499969482422,93.5,88.62000274658203,88.80000305175781,16003131
2025-01-01,91.59822845458984,92.9499969482422,94.4800033569336,92.16999816894533,92.5999984741211,4220243
2025-01-02,91.99241638183594,93.3499984741211,94.52999877929688,92.25,92.9499969482422,5560559
2025-01-03,91.17447662353516,92.5199966430664,94.56999969482422,92.30999755859376,93.4000015258789,6325530
2025-01-06,86.57240295410156,87.8499984741211,93.22000122070312,87.55000305175781,93.22000122070312,7616604
2025-01-07,87.98160552978516,89.27999877929688,90.5,88.0999984741211,88.19000244140625,5570304
2025-01-08,88.52360534667969,89.83000183105469,92.37000274658205,88.62000274658203,90.0,13903442
2025-01-09,86.47386169433594,87.75,89.7699966430664,87.51000213623047,89.76000213623047,5630997
2025-01-10,83.26126861572266,84.48999786376953,87.9800033569336,84.04000091552734,87.63999938964844,8007873
2025-01-13,77.78213500976562,78.93000030517578,84.1500015258789,78.38999938964844,81.12000274658203,13526434
2025-01-14,82.88680267333984,84.11000061035156,84.94000244140625,79.69999694824219,80.0,10324827
2025-01-15,84.99567413330078,86.25,87.38999938964844,83.5999984741211,85.69999694824219,10993490
2025-01-16,86.55269622802734,87.83000183105469,89.08999633789062,87.30999755859375,87.9800033569336,6001575
2025-01-17,93.92391204833984,95.30999755859376,96.98999786376952,86.9000015258789,87.55000305175781,58881883
2025-01-20,97.32373046875,98.76000213623048,99.18000030517578,95.61000061035156,97.0,30958341
2025-01-21,93.71696472167967,95.0999984741211,98.83999633789062,94.62000274658205,98.6999969482422,17470432
2025-01-22,91.0365219116211,92.37999725341795,94.5999984741211,90.3499984741211,94.3000030517578,11402076
2025-01-23,90.70146942138672,92.04000091552734,94.38999938964844,91.0999984741211,91.5,9160862
2025-01-24,89.991943359375,91.31999969482422,93.58000183105467,90.73999786376952,91.88999938964844,10328379
2025-01-27,87.78450775146484,89.08000183105469,89.94999694824219,86.5,89.94999694824219,10177006
2025-01-28,85.74462127685547,87.01000213623047,90.0999984741211,84.91999816894531,89.08999633789062,11728831
2025-01-29,90.34671783447266,91.68000030517578,92.6500015258789,87.29000091552734,87.29000091552734,10117561
2025-01-30,91.80518341064452,93.16000366210938,93.68000030517578,91.58999633789062,92.75,7405863
2025-01-31,98.37818145751952,99.83000183105467,100.6999969482422,92.6999969482422,93.3000030517578,26392481
2025-02-01,93.94361114501952,95.33000183105467,104.1500015258789,94.0,100.0,33787212
2025-02-03,89.44007873535156,90.76000213623048,93.9000015258789,90.3000030517578,93.7699966430664,12814367
2025-02-04,91.70663452148438,93.05999755859376,93.9000015258789,91.25,91.25,9370532
2025-02-05,93.71696472167967,95.0999984741211,95.5500030517578,92.9800033569336,93.0,8167629
2025-02-06,93.00743865966795,94.37999725341795,97.0,93.5199966430664,96.0,7507068
2025-02-07,91.13507843017578,92.4800033569336,94.1999969482422,91.8499984741211,93.5500030517578,6300526
2025-02-10,88.89807891845703,90.20999908447266,93.3499984741211,89.72000122070312,92.4800033569336,6021056
2025-02-11,84.1186294555664,85.36000061035156,90.75,85.0,90.1999969482422,10604130
2025-02-12,84.62120056152344,85.87000274658203,87.0,82.93000030517578,86.9000015258789,22328417
2025-02-13,84.50293731689453,85.75,89.52999877929688,85.19000244140625,86.0,16913561
2025-02-14,80.91587829589844,82.11000061035156,87.0,81.0999984741211,86.16000366210938,13407240
2025-02-17,80.82718658447266,82.0199966430664,83.5999984741211,79.4000015258789,81.69999694824219,12459888
2025-02-18,77.15727996826172,77.79000091552734,82.5999984741211,77.20999908447266,82.0,14312121
2025-02-19,80.05353546142578,80.70999908447266,81.66000366210938,76.80000305175781,77.30000305175781,13030642
2025-02-20,82.03726196289062,82.70999908447266,83.25,79.25,80.30999755859375,10619188
2025-02-21,80.42052459716797,81.08000183105469,84.30000305175781,80.5,82.0999984741211,12310003
2025-02-24,79.29971313476562,79.94999694824219,81.16999816894531,78.83000183105469,80.0999984741211,7435359
2025-02-25,78.0698013305664,78.70999908447266,81.1500015258789,78.30000305175781,80.1500015258789,8145061
2025-02-27,75.13388061523438,75.75,79.33000183105469,75.4000015258789,78.80000305175781,8341332
2025-02-28,72.26737976074219,72.86000061035156,75.36000061035156,72.5,75.0,13837258
2025-03-03,73.0807113647461,73.68000030517578,74.48999786376953,70.80000305175781,73.06999969482422,13653700
2025-03-04,73.96348571777344,74.56999969482422,75.36000061035156,72.05000305175781,72.79000091552734,10040201
2025-03-05,78.34751892089844,78.98999786376953,79.2699966430664,74.70999908447266,74.75,15145124
2025-03-06,79.42866516113281,80.08000183105469,80.83000183105469,79.23999786376953,79.94999694824219,11056127
2025-03-07,80.1031265258789,80.76000213623047,82.30999755859375,79.45999908447266,80.19000244140625,8938596
2025-03-10,78.01028442382812,78.6500015258789,82.06999969482422,77.55000305175781,81.19999694824219,8875128
2025-03-11,78.22850036621094,78.87000274658203,79.56999969482422,76.56999969482422,77.30000305175781,7267789
2025-03-12,78.46654510498047,79.11000061035156,80.25,77.5,79.58999633789062,5345006
2025-03-13,77.2564697265625,77.88999938964844,79.73999786376953,77.75,79.73999786376953,4802499
2025-03-17,77.2862319946289,77.91999816894531,79.29000091552734,77.3499984741211,78.3499984741211,6690254
2025-03-18,77.2862319946289,77.91999816894531,77.91999816894531,77.91999816894531,77.91999816894531,0
2025-03-19,82.65222930908203,83.33000183105469,83.88999938964844,79.91999816894531,80.0,16189908
2025-03-20,82.3050765991211,82.9800033569336,84.27999877929688,81.80000305175781,83.98999786376953,11003307
2025-03-21,83.04896545410156,83.7300033569336,84.19999694824219,82.0199966430664,82.5,15715918
2025-03-24,84.66571044921875,85.36000061035156,86.30000305175781,84.16999816894531,84.38999938964844,12183787
2025-03-25,82.48361206054688,83.16000366210938,85.94999694824219,82.0199966430664,85.79000091552734,12488125
2025-03-26,80.41060638427734,81.06999969482422,84.5,80.86000061035156,83.5,10713993
2025-03-27,82.03726196289062,82.70999908447266,84.69000244140625,82.01000213623047,82.3499984741211,34327535
2025-03-28,81.22393798828125,81.88999938964844,84.80000305175781,81.0,83.0999984741211,13560542
2025-04-01,80.94622039794922,81.61000061035156,82.45999908447266,80.51000213623047,80.87000274658203,5645573
2025-04-02,82.21580505371094,82.88999938964844,83.19999694824219,79.9000015258789,81.61000061035156,7593537
2025-04-03,83.72343444824219,84.41000366210938,84.77999877929688,81.4000015258789,81.4000015258789,9282920
2025-04-04,82.0571060180664,82.7300033569336,85.68000030517578,81.69999694824219,84.33999633789062,12938267
2025-04-07,78.8136978149414,79.45999908447266,80.0999984741211,75.0,75.91000366210938,11518239
2025-04-08,82.39434814453125,83.06999969482422,84.5,79.72000122070312,84.5,17372693
2025-04-09,86.30229949951172,87.01000213623047,87.44999694824219,81.41000366210938,82.63999938964844,30465976
2025-04-11,88.37529754638672,89.0999984741211,90.1999969482422,86.08999633789062,89.0,27133267
2025-04-15,89.03984069824219,89.7699966430664,90.55999755859376,89.30000305175781,89.80000305175781,10715153
2025-04-16,95.02080535888672,95.8000030517578,96.5,89.7699966430664,90.01000213623047,56298845
2025-04-17,97.59964752197266,98.4000015258789,99.9000015258789,96.0,96.1999969482422,48187798
2025-04-21,99.16680145263672,99.9800033569336,100.54000091552734,96.6999969482422,98.6999969482422,18052626
2025-04-22,99.385009765625,100.1999969482422,102.5,99.11000061035156,100.0999984741211,16900830
2025-04-23,99.99005126953124,100.80999755859376,101.62000274658205,97.6500015258789,100.75,14614747
2025-04-24,99.05770111083984,99.87000274658205,101.02999877929688,99.25,100.75,9680306
2025-04-25,94.71331787109376,95.48999786376952,100.0999984741211,94.8499984741211,99.87000274658205,15332890
2025-04-28,97.83769989013672,98.63999938964844,99.2699966430664,94.1999969482422,94.1999969482422,14383334
2025-04-29,96.51851654052734,97.30999755859376,100.1999969482422,97.0,99.1999969482422,8996893
2025-04-30,94.41576385498048,95.19000244140624,98.2300033569336,94.51000213623048,97.4000015258789,8309482
2025-05-02,92.82876586914062,93.58999633789062,96.91999816894533,93.5,95.19000244140624,6847608
2025-05-05,95.5068130493164,96.29000091552734,96.9800033569336,93.4499969482422,94.38999938964844,9383107
2025-05-06,91.82699584960938,92.58000183105467,96.58999633789062,91.5,96.29000091552734,15177974
2025-05-07,95.1199951171875,95.9000015258789,96.0999984741211,90.8000030517578,91.0,16423887
2025-05-08,93.16600799560548,93.93000030517578,96.68000030517578,93.13999938964844,95.75,11654657
2025-05-09,91.46991729736328,92.22000122070312,92.8000030517578,90.06999969482422,90.06999969482422,9487742
2025-05-12,98.99818420410156,99.80999755859376,100.23999786376952,95.12000274658205,95.98999786376952,17809802
2025-05-13,100.86289978027344,101.69000244140624,102.0999984741211,98.31999969482422,99.3000030517578,20939670
2025-05-14,105.8817367553711,106.75,107.75,101.8000030517578,102.08000183105467,32568683
2025-05-15,105.85198211669922,106.72000122070312,108.6500015258789,106.1999969482422,107.0,18249645
2025-05-16,110.176513671875,111.08000183105467,113.1999969482422,106.5500030517578,107.16000366210938,27415877
2025-05-19,114.98706817626952,115.93000030517578,116.44000244140624,112.1999969482422,112.4000015258789,33481411
2025-05-20,109.9880599975586,110.88999938964844,116.37000274658205,110.51000213623048,116.0,15125669
2025-05-21,112.2891845703125,113.20999908447266,113.9000015258789,109.95999908447266,111.0,14477552
2025-05-22,112.19000244140624,113.11000061035156,115.30999755859376,111.25,113.5999984741211,14055956
2025-05-23,111.5750503540039,112.48999786376952,113.9499969482422,110.9499969482422,113.66999816894533,8509263
2025-05-26,113.34056091308594,114.2699966430664,114.83000183105467,112.5,112.5,10037221
2025-05-27,114.03488159179688,114.97000122070312,116.18000030517578,113.6999969482422,114.5,11450424
2025-05-28,114.65975189208984,115.5999984741211,117.76000213623048,114.8499984741211,114.97000122070312,13531812
2025-05-29,115.25487518310548,116.1999969482422,117.5,115.5999984741211,116.16999816894533,10371746
2025-05-30,122.3566436767578,123.36000061035156,126.6999969482422,113.94000244140624,117.8000030517578,79171451
2025-06-02,123.78492736816406,124.8000030517578,127.48999786376952,123.0,123.25,28136388
2025-06-03,122.41614532470705,123.41999816894533,125.8000030517578,122.5,125.2699966430664,12848733
2025-06-04,123.86426544189452,124.87999725341795,125.9800033569336,122.11000061035156,123.0,15358451
2025-06-05,126.00669860839844,127.04000091552734,129.2899932861328,125.04000091552734,125.04000091552734,19764652
2025-06-06,126.6811752319336,127.72000122070312,129.60000610351562,125.8499984741211,127.04000091552734,14906234
2025-06-09,127.65319061279295,128.6999969482422,130.6999969482422,126.51000213623048,128.25,17502001
2025-06-10,123.7650909423828,124.77999877929688,129.4199981689453,124.36000061035156,129.4199981689453,20024820
2025-06-11,123.29890441894533,124.30999755859376,126.1999969482422,123.4000015258789,125.44000244140624,12368749
2025-06-12,119.70835876464844,120.69000244140624,124.8499984741211,120.4000015258789,124.23999786376952,10246798
2025-06-13,119.65876770019533,120.63999938964844,121.68000030517578,117.30999755859376,118.0,12785259
2025-06-16,121.2556610107422,122.25,122.55999755859376,117.29000091552734,120.1999969482422,12036641
2025-06-17,119.16282653808594,120.13999938964844,122.9000015258789,119.56999969482422,122.8000030517578,7651088
2025-06-18,117.95275115966795,118.91999816894533,120.94000244140624,118.5500030517578,120.0500030517578,6661197
2025-06-19,113.36040496826172,114.29000091552734,119.3000030517578,113.33000183105467,118.6999969482422,10591499
2025-06-20,116.12772369384766,117.08000183105467,117.97000122070312,113.66000366210938,113.8000030517578,15400158
2025-06-23,118.93470764160156,119.91000366210938,121.3000030517578,115.0,115.08999633789062,19949193
2025-06-24,120.0654296875,121.0500030517578,123.87999725341795,120.5500030517578,120.6500015258789,16336347
2025-06-25,123.88411712646484,124.9000015258789,125.36000061035156,121.72000122070312,121.94000244140624,18990187
2025-06-26,122.90216827392578,123.91000366210938,125.5500030517578,122.62000274658205,125.3000030517578,9009025
2025-06-27,122.19793701171876,123.1999969482422,125.48999786376952,122.5,124.5199966430664,9140549
2025-06-30,121.72184753417967,122.72000122070312,124.8499984741211,122.3000030517578,122.9800033569336,5652591
2025-07-01,122.20785522460938,123.20999908447266,123.95999908447266,121.33000183105467,122.98999786376952,6571667
2025-07-02,119.1033172607422,120.08000183105467,124.3000030517578,118.27999877929688,124.0,23353762
2025-07-03,116.55421447753906,117.51000213623048,121.1999969482422,117.3000030517578,120.6999969482422,10153081
2025-07-04,116.91129302978516,117.87000274658205,119.12999725341795,117.3000030517578,117.9000015258789,5558954
2025-07-07,114.98706817626952,115.93000030517578,117.58999633789062,115.73999786376952,117.3000030517578,4613507
2025-07-08,114.79861450195312,115.73999786376952,117.2300033569336,115.0999984741211,115.94000244140624,4656720
2025-07-09,113.6083755493164,114.54000091552734,116.63999938964844,114.1999969482422,115.93000030517578,7401878
2025-07-10,113.0430145263672,113.97000122070312,115.98999786376952,113.6500015258789,115.0,6869685
2025-07-11,111.9817123413086,112.9000015258789,114.18000030517578,112.0999984741211,113.97000122070312,6109041
2025-07-14,112.11065673828124,113.02999877929688,113.9000015258789,112.1500015258789,112.9000015258789,4329150
2025-07-15,113.96544647216795,114.9000015258789,116.6999969482422,113.18000030517578,113.5999984741211,13208032
2025-07-16,114.0547103881836,114.98999786376952,115.55999755859376,114.01000213623048,115.0,5024407
2025-07-17,113.52902221679688,114.45999908447266,116.75,114.25,115.5,10120462
2025-07-18,112.1304931640625,113.0500030517578,115.4000015258789,112.75,114.48999786376952,4868726
2025-07-21,114.3721160888672,115.30999755859376,116.08000183105467,112.0999984741211,113.0500030517578,7233416
2025-07-22,113.6480484008789,114.58000183105467,116.45999908447266,113.9000015258789,115.87999725341795,8153849
2025-07-23,113.4595947265625,114.38999938964844,115.38999938964844,113.8499984741211,114.58000183105467,7322559
2025-07-24,112.75537109375,113.68000030517578,115.37000274658205,113.01000213623048,114.5,4380156
2025-07-25,108.36140441894533,109.25,113.5999984741211,109.0,113.0,9253584
2025-07-28,107.62742614746094,108.51000213623048,111.62999725341795,108.26000213623048,108.6999969482422,6097251
2025-07-29,108.67878723144533,109.56999969482422,110.0500030517578,107.1500015258789,108.0,5523420
2025-07-30,107.93489074707033,108.81999969482422,110.52999877929688,108.4499969482422,109.58999633789062,3123498
2025-07-31,107.30010223388672,108.18000030517578,109.5500030517578,106.61000061035156,106.9499969482422,5280798
2025-08-01,106.38758850097656,107.26000213623048,109.0999984741211,107.0,108.1999969482422,4630269
2025-08-04,109.92855072021484,110.83000183105467,111.18000030517578,107.0,107.6999969482422,5666170
2025-08-05,109.60122680664062,110.5,111.9499969482422,109.75,111.16000366210938,4455556
2025-08-06,109.20448303222656,110.0999984741211,110.9000015258789,108.5,110.3000030517578,4194497
2025-08-07,108.74822998046876,109.63999938964844,110.61000061035156,107.0999984741211,109.4000015258789,9320080
2025-08-08,104.94938659667967,105.80999755859376,110.16999816894533,105.0,110.01000213623048,8350031
2025-08-11,108.2324676513672,109.12000274658205,109.9499969482422,104.61000061035156,105.69000244140624,12682149
2025-08-12,105.95117950439452,106.81999969482422,109.31999969482422,106.52999877929688,109.0,5294133
2025-08-13,105.12629699707033,105.77999877929688,108.0500030517578,105.63999938964844,107.5,3763179
2025-08-14,102.82063293457033,103.45999908447266,106.29000091552734,103.0,105.75,5824140
2025-08-18,104.97721862792967,105.62999725341795,106.83999633789062,103.12999725341795,104.98999786376952,6793352
2025-08-19,105.92134857177734,106.58000183105467,106.8000030517578,105.27999877929688,105.98999786376952,3562682
2025-08-20,104.73870849609376,105.38999938964844,107.83999633789062,104.81999969482422,106.30999755859376,5607655
2025-08-21,103.68526458740234,104.33000183105467,107.0,104.0999984741211,105.38999938964844,5541717
2025-08-22,102.9498291015625,103.58999633789062,105.1999969482422,103.5,104.33000183105467,3493110
2025-08-25,103.47655487060548,104.12000274658205,105.0199966430664,103.02999877929688,103.81999969482422,7510662
2025-08-26,100.26651000976562,100.88999938964844,104.5,100.5500030517578,104.43000030517578,9796615
2025-08-28,98.288818359375,98.9000015258789,101.41000366210938,98.41999816894533,100.48999786376952,7033332
2025-08-29,97.79119873046876,98.26000213623048,99.98999786376952,98.0,98.6999969482422,5435093
2025-09-01,99.75180053710938,100.2300033569336,100.6500015258789,98.3000030517578,98.3000030517578,5253217
2025-09-02,101.0953598022461,101.58000183105467,103.0,99.6999969482422,100.6999969482422,6417533
2025-09-03,102.79720306396484,103.29000091552734,103.45999908447266,101.4000015258789,101.5999984741211,5290122
2025-09-04,101.2944107055664,101.77999877929688,104.38999938964844,101.5,103.83999633789062,5786255
2025-09-05,101.7920150756836,102.27999877929688,102.8000030517578,100.76000213623048,102.01000213623048,3703438
2025-09-08,102.05077362060548,102.54000091552734,103.69000244140624,101.62000274658205,102.27999877929688,5060651
2025-09-09,102.1602554321289,102.6500015258789,103.9000015258789,102.1500015258789,102.5,4834886
2025-09-10,105.0165557861328,105.5199966430664,106.68000030517578,103.0999984741211,103.0999984741211,11886534
2025-09-11,107.2956314086914,107.80999755859376,109.41000366210938,106.0,106.5,17793563
2025-09-12,105.98192596435548,106.48999786376952,110.47000122070312,106.02999877929688,110.0,27038991
2025-09-15,107.14635467529295,107.66000366210938,109.1999969482422,106.5999984741211,107.0,10029041
2025-09-16,109.06713104248048,109.58999633789062,109.9000015258789,107.37999725341795,108.08000183105467,10406802
2025-09-17,109.48513793945312,110.01000213623048,110.4000015258789,109.44000244140624,110.04000091552734,6681544
2025-09-18,109.2761459350586,109.8000030517578,111.4000015258789,109.33999633789062,110.1500015258789,7221087
2025-09-19,110.28131866455078,110.80999755859376,111.05999755859376,109.31999969482422,109.4000015258789,6059125
2025-09-22,114.4015655517578,114.9499969482422,117.1999969482422,110.80999755859376,111.1999969482422,34894081
2025-09-23,112.30162811279295,112.83999633789062,115.5,112.30999755859376,115.5,8040918
2025-09-24,109.5348892211914,110.05999755859376,113.25,109.8499984741211,112.5,8107115
2025-09-25,108.66905212402344,109.19000244140624,112.1999969482422,108.94000244140624,109.6500015258789,7243487
2025-09-26,104.67818450927734,105.18000030517578,109.41000366210938,104.6999969482422,108.5999984741211,6901213
2025-09-29,106.81793212890624,107.33000183105467,108.4499969482422,104.95999908447266,105.18000030517578,7865279
2025-09-30,106.5691146850586,107.08000183105467,108.16999816894533,105.83999633789062,107.6500015258789,4264532
2025-10-01,108.95767211914062,109.4800033569336,110.0999984741211,106.4000015258789,106.4000015258789,10099140
2025-10-03,112.58030700683594,113.12000274658205,113.5999984741211,109.20999908447266,109.80999755859376,11412595
2025-10-06,110.8087921142578,111.33999633789062,113.86000061035156,110.63999938964844,113.41999816894533,6130488
2025-10-07,112.08268737792967,112.62000274658205,113.1500015258789,111.0199966430664,111.4000015258789,6890369
2025-10-08,110.52017974853516,111.0500030517578,112.9800033569336,110.5,112.62000274658205,5610463
2025-10-09,113.10777282714844,113.6500015258789,114.1999969482422,110.62999725341795,110.6500015258789,9446254
2025-10-10,112.12249755859376,112.66000366210938,115.25,112.41000366210938,113.75,8711474
2025-10-13,112.7494888305664,113.29000091552734,114.0,110.62999725341795,111.97000122070312,7718254
2025-10-14,109.31594848632812,109.83999633789062,113.76000213623048,109.25,113.3000030517578,9419103
2025-10-15,111.33626556396484,111.87000274658205,112.29000091552734,109.0999984741211,109.83999633789062,6608121
2025-10-16,111.82392120361328,112.36000061035156,114.62999725341795,111.68000030517578,112.0,9669421
2025-10-17,110.8784637451172,111.41000366210938,112.9499969482422,110.20999908447266,111.8000030517578,6775760
2025-10-20,112.93858337402344,113.4800033569336,113.91000366210938,111.11000061035156,111.94000244140624,7412702
2025-10-21,112.18221282958984,112.72000122070312,114.01000213623048,112.26000213623048,113.5999984741211,1697859
2025-10-23,110.94812774658205,111.4800033569336,113.63999938964844,111.0,112.94000244140624,5069231
2025-10-24,111.1571273803711,111.69000244140624,113.22000122070312,111.4000015258789,111.51000213623048,5908652
2025-10-27,110.96802520751952,111.5,112.5,111.01000213623048,112.0,4105791
2025-10-28,109.78369903564452,110.30999755859376,111.97000122070312,109.80999755859376,111.97000122070312,5374777
2025-10-29,114.67027282714844,115.22000122070312,116.1500015258789,110.36000061035156,110.6500015258789,19778162
2025-10-30,117.80525207519533,118.37000274658205,118.9000015258789,115.11000061035156,116.13999938964844,24956240
2025-10-31,116.84983825683594,117.41000366210938,119.80999755859376,117.0500030517578,118.3000030517578,11263219
2025-11-03,117.0787353515625,117.63999938964844,118.58999633789062,116.58000183105467,116.8000030517578,6203118
2025-11-04,113.40633392333984,113.9499969482422,117.8000030517578,113.73999786376952,117.8000030517578,6381468
2025-11-06,110.90831756591795,111.44000244140624,115.0500030517578,111.0999984741211,113.94000244140624,5870038
2025-11-07,112.84900665283205,113.38999938964844,114.06999969482422,110.3000030517578,110.58999633789062,7763252
2025-11-10,112.64997100830078,113.19000244140624,114.43000030517578,112.22000122070312,113.5999984741211,5382984
2025-11-11,113.0480499267578,113.58999633789062,113.9499969482422,110.80999755859376,113.5,6082457
2025-11-12,111.52535247802734,112.05999755859376,115.0999984741211,111.8000030517578,113.98999786376952,6197092
2025-11-13,108.4600601196289,108.9800033569336,113.5,108.3000030517578,112.05999755859376,16615090
2025-11-14,113.5954360961914,114.13999938964844,116.5999984741211,108.30999755859376,110.0,37966431
2025-11-17,116.2626495361328,116.81999969482422,117.5,113.6999969482422,114.6999969482422,15262875
2025-11-18,114.4115219116211,114.95999908447266,117.4000015258789,114.8000030517578,116.9499969482422,9444590
2025-11-19,112.70655822753906,113.04000091552734,114.83999633789062,112.5500030517578,114.56999969482422,6455676
2025-11-20,115.64786529541016,115.98999786376952,117.5500030517578,113.8000030517578,116.0,40833678
2025-11-21,112.27783203125,112.61000061035156,115.5,112.3000030517578,115.5,10280182
2025-11-24,116.12644958496094,116.47000122070312,118.9000015258789,112.66000366210938,113.0,55013786
2025-11-25,117.2431411743164,117.58999633789062,118.0500030517578,114.66999816894533,116.47000122070312,12545517
2025-11-26,118.16043090820312,118.51000213623048,119.29000091552734,117.1999969482422,117.1999969482422,11921723
2025-11-27,117.07363891601562,117.41999816894533,119.63999938964844,117.0,118.63999938964844,8681290
2025-11-28,116.34579467773438,116.69000244140624,118.5999984741211,116.5,117.63999938964844,5885849
2025-12-01,117.66190338134766,118.01000213623048,118.5,116.16000366210938,116.5500030517578,6989299
2025-12-02,114.9200210571289,115.26000213623048,117.77999877929688,114.56999969482422,117.5,5926749
2025-12-03,112.87606048583984,113.20999908447266,115.77999877929688,112.51000213623048,115.26000213623048,6645723
2025-12-04,112.18809509277344,112.5199966430664,114.20999908447266,111.8499984741211,113.18000030517578,6596946
2025-12-05,111.7294464111328,112.05999755859376,112.58999633789062,110.70999908447266,112.5,5759775
2025-12-08,107.66149139404295,107.9800033569336,113.08000183105467,107.05999755859376,112.4000015258789,10852779
2025-12-09,107.78113555908205,108.0999984741211,108.9000015258789,105.6500015258789,107.9000015258789,9028489
2025-12-10,106.37529754638672,106.69000244140624,109.1999969482422,106.1500015258789,108.1999969482422,6240874
2025-12-11,107.99050903320312,108.30999755859376,108.7699966430664,106.33999633789062,106.69000244140624,5813442
2025-12-12,109.2468032836914,109.56999969482422,110.29000091552734,108.31999969482422,110.0,10141811
2025-12-15,115.04962921142578,115.38999938964844,116.23999786376952,108.5,109.19000244140624,32608285
2025-12-16,111.35057067871094,111.68000030517578,115.22000122070312,111.0999984741211,114.80999755859376,9867666
2025-12-17,109.23682403564452,109.55999755859376,113.25,109.16000366210938,113.25,12496037
2025-12-18,107.94065856933594,108.26000213623048,109.5199966430664,107.0,109.4000015258789,10152766
2025-12-19,113.36461639404295,113.6999969482422,114.0,108.4499969482422,108.7300033569336,17749011
2025-12-22,116.01676940917967,116.36000061035156,117.4000015258789,113.13999938964844,114.0,13396669
2025-12-23,115.92703247070312,116.2699966430664,117.1999969482422,115.62000274658205,116.98999786376952,6440370
2025-12-24,115.8173599243164,116.16000366210938,117.37000274658205,115.5,116.0,5565300
2025-12-26,121.699951171875,122.05999755859376,122.5,116.16000366210938,116.51000213623048,45284006
2025-12-29,121.7298583984375,122.08999633789062,125.8499984741211,121.6999969482422,125.8499984741211,34437380
2025-12-30,121.56037139892578,121.91999816894533,122.5,120.72000122070312,121.88999938964844,10134696
2025-12-31,121.41081237792967,121.7699966430664,123.12999725341795,121.41999816894533,122.1999969482422,5985402
2026-01-01,121.73983764648438,122.0999984741211,123.79000091552734,121.20999908447266,122.3000030517578,8976396
2026-01-02,122.3081512451172,122.66999816894533,123.43000030517578,121.51000213623048,122.5,8357400
2026-01-05,119.2970733642578,119.6500015258789,124.2699966430664,118.5199966430664,122.6999969482422,12521716
2026-01-06,118.19033813476562,118.54000091552734,120.4000015258789,117.75,120.4000015258789,9107172
2026-01-07,115.70768737792967,116.0500030517578,118.9499969482422,115.1999969482422,118.5,9340773
2026-01-08,111.75936126708984,112.08999633789062,116.51000213623048,111.5,116.0,10325660
2026-01-09,108.8778839111328,109.1999969482422,112.76000213623048,108.76000213623048,111.75,13537745
2026-01-12,107.23275756835938,107.5500030517578,109.0,103.93000030517578,109.0,18049823
2026-01-13,104.99935913085938,105.30999755859376,108.58999633789062,104.19000244140624,108.05999755859376,14960981
2026-01-14,104.8697509765625,105.18000030517578,106.6999969482422,104.58000183105467,104.6999969482422,10212283
2026-01-15,104.8697509765625,105.18000030517578,105.18000030517578,105.18000030517578,105.18000030517578,0
2026-01-16,103.41405487060548,103.72000122070312,106.8499984741211,103.0,105.5,12175671
2026-01-19,101.96832275390624,102.2699966430664,104.5,101.72000122070312,103.3499984741211,10548967
2026-01-20,97.4915771484375,97.77999877929688,102.2699966430664,97.4499969482422,102.08999633789062,16259983
2026-01-21,96.40479278564452,96.69000244140624,98.91999816894533,95.51000213623048,97.77999877929688,17697753
2026-01-22,98.38892364501952,98.68000030517578,100.18000030517578,97.30999755859376,98.8499984741211,11730823
2026-01-23,94.7995376586914,95.08000183105467,99.29000091552734,94.62000274658205,99.0,13406785
2026-01-27,96.5543441772461,96.83999633789062,97.54000091552734,93.77999877929688,95.1500015258789,10240316
2026-01-28,99.23641204833984,99.52999877929688,99.8000030517578,96.91000366210938,97.87999725341795,11030733
2026-01-29,99.00709533691406,99.3000030517578,101.5,97.81999969482422,99.6999969482422,14773564
2026-01-30,98.56839752197266,98.86000061035156,100.0,97.5999984741211,98.30999755859376,8922253
2026-02-02,96.67399597167967,96.95999908447266,97.48999786376952,93.5,95.77999877929688,8021250
2026-02-03,100.13375854492188,100.43000030517578,102.98999786376952,99.0,101.0,10662047
2026-02-04,104.04219818115234,104.3499984741211,104.79000091552734,99.8499984741211,101.0,15808161
2026-02-05,100.6522216796875,100.9499969482422,103.98999786376952,99.75,103.98999786376952,10977125
2026-02-06,98.01004791259766,98.3000030517578,100.5,96.8499984741211,100.5,13407633
2026-02-09,101.70909881591795,102.01000213623048,102.3499984741211,99.05999755859376,99.05999755859376,10247094
2026-02-10,101.14078521728516,101.44000244140624,102.94000244140624,101.08000183105467,102.3000030517578,6738195
2026-02-11,101.38007354736328,101.68000030517578,102.12999725341795,99.8499984741211,101.48999786376952,6872954
2026-02-12,100.20355224609376,100.5,101.48999786376952,99.5,101.05999755859376,7260515
2026-02-13,97.79069519042967,98.08000183105467,100.12000274658205,97.6999969482422,100.0,9520535
2026-02-16,99.51558685302734,99.80999755859376,100.6500015258789,96.1999969482422,98.01000213623048,13225540
2026-02-17,98.21942901611328,98.51000213623048,99.9800033569336,97.38999938964844,99.4000015258789,12170149
2026-02-18,97.75080871582033,98.04000091552734,100.16999816894533,97.62000274658205,98.75,9729228
2026-02-19,95.1983642578125,95.4800033569336,98.66999816894533,94.77999877929688,98.04000091552734,10789982
2026-02-20,94.63005065917967,94.91000366210938,96.37999725341795,94.5999984741211,95.0,6625030
2026-02-23,95.05876922607422,95.33999633789062,96.48999786376952,94.13999938964844,95.0999984741211,7088081
2026-02-24,94.2611312866211,94.54000091552734,95.33999633789062,93.20999908447266,95.3000030517578,7043891
2026-02-25,94.47077178955078,94.62999725341795,95.93000030517578,93.73999786376952,94.9000015258789,10414932
2026-02-26,93.9017333984375,94.05999755859376,95.5,93.1500015258789,94.5,7125794
2026-02-27,92.51407623291016,92.66999816894533,95.38999938964844,92.20999908447266,94.8000030517578,14082018
2026-03-02,89.20964813232422,89.36000061035156,90.81999969482422,86.05000305175781,86.05000305175781,13260337
2026-03-04,85.48591613769531,85.62999725341797,87.26000213623047,85.0,87.0,13414288
2026-03-05,86.70386505126953,86.8499984741211,87.30000305175781,84.91000366210938,86.37999725341797,10690095
2026-03-06,85.49590301513672,85.63999938964844,88.38999938964844,85.41000366210938,86.4000015258789,8972368
2026-03-09,84.29792785644531,84.44000244140625,85.0,81.4000015258789,83.69999694824219,11986742
2026-03-10,86.89354705810547,87.04000091552734,87.5,85.30999755859375,86.0,7716371
2026-03-11,86.01502990722656,86.16000366210938,88.38999938964844,85.88999938964844,87.0,7826947
2026-03-12,86.434326171875,86.58000183105469,87.9800033569336,84.41000366210938,85.3499984741211,9325823
2026-03-13,83.06000518798828,83.19999694824219,86.30999755859375,83.0,85.94000244140625,8554912
2026-03-16,82.74054718017578,82.87999725341797,83.75,80.25,83.19999694824219,13948339
2026-03-17,82.99012756347656,83.12999725341797,84.08000183105469,81.91000366210938,83.13999938964844,9088928
2026-03-18,88.29119873046875,88.44000244140625,88.68000030517578,83.44000244140625,83.52999877929688,19158052
2026-03-19,83.00010681152344,83.13999938964844,86.76000213623047,82.5199966430664,86.3499984741211,21115461
2026-03-20,83.7688217163086,83.91000366210938,86.30000305175781,83.5999984741211,84.19999694824219,13414557
2026-03-23,78.95692443847656,79.08999633789062,82.95999908447266,78.87000274658203,82.9000015258789,12197511
2026-03-24,81.7122802734375,81.8499984741211,82.66999816894531,80.0,82.0,12914765
2026-03-25,84.3777847290039,84.5199966430664,85.3499984741211,82.58000183105469,83.0,12579198
2026-03-27,80.39450073242188,80.52999877929688,83.69000244140625,80.30000305175781,83.5,12115051
2026-03-30,77.38956451416016,77.5199966430664,80.66000366210938,77.18000030517578,79.5,14774475
2026-04-01,82.65070343017578,82.79000091552734,84.08999633789062,80.11000061035156,81.0999984741211,15853541
2026-04-02,82.95018768310547,83.08999633789062,83.5,79.29000091552734,80.5,11834423
2026-04-06,84.19808959960938,84.33999633789062,84.62000274658203,81.52999877929688,83.08999633789062,12396717
2026-04-07,84.01839447021484,84.16000366210938,84.45999908447266,82.58999633789062,83.5999984741211,7862081
2026-04-08,88.5807113647461,88.7300033569336,89.25,86.91000366210938,88.4000015258789,12193416
2026-04-09,87.68222045898438,87.83000183105469,89.4000015258789,86.5,88.45999908447266,11318643
2026-04-10,89.02994537353516,89.18000030517578,90.1999969482422,88.25,88.26000213623047,9362242
2026-04-13,88.50083923339844,88.6500015258789,89.0,85.72000122070312,86.98999786376953,8880605
2026-04-15,90.84688568115234,91.0,91.5999984741211,90.3000030517578,90.98999786376952,7702468
2026-04-16,92.89344024658205,93.0500030517578,93.5,91.0999984741211,92.3000030517578,12866006
2026-04-17,94.16130065917967,94.31999969482422,94.56999969482422,92.83000183105467,93.25,11203110
2026-04-20,93.16297912597656,93.31999969482422,94.87999725341795,92.08999633789062,94.31999969482422,13841641
2026-04-21,93.123046875,93.27999877929688,94.4800033569336,93.0999984741211,93.87000274658205,7224140
2026-04-22,94.04149627685548,94.1999969482422,94.73999786376952,92.81999969482422,93.22000122070312,11345558
2026-04-23,93.15299987792967,93.30999755859376,94.5999984741211,93.0,93.44000244140624,7892606
2026-04-24,93.04318237304688,93.1999969482422,94.18000030517578,91.26000213623048,93.5999984741211,9129145
2026-04-27,95.2494659423828,95.41000366210938,96.5,94.12999725341795,94.62000274658205,13917958
2026-04-28,94.47077178955078,94.62999725341795,95.87999725341795,94.0,95.5,7329263
2026-04-29,93.04318237304688,93.1999969482422,95.72000122070312,93.0,94.9800033569336,7628032
2026-04-30,91.49579620361328,91.6500015258789,93.0,90.8000030517578,93.0,9010740
2026-05-01,91.49579620361328,91.6500015258789,91.6500015258789,91.6500015258789,91.6500015258789,0
2026-05-04,92.36432647705078,92.5199966430664,93.70999908447266,91.75,92.9499969482422,6598368
2026-05-05,92.76365661621094,92.91999816894533,93.1999969482422,91.4000015258789,92.8000030517578,5822486
2026-05-06,94.78025817871094,94.94000244140624,96.5999984741211,93.62000274658205,94.0,13278543
2026-05-07,96.68704223632812,96.8499984741211,97.3499984741211,94.16000366210938,95.44000244140624,15140136
2026-05-08,100.47066497802734,100.63999938964844,101.9499969482422,96.6999969482422,97.4000015258789,45653530
2026-05-11,95.53897094726562,95.6999969482422,100.47000122070312,95.5,100.38999938964844,20845127
2026-05-12,92.50409698486328,92.66000366210938,96.36000061035156,92.38999938964844,95.6999969482422,12417621
2026-05-13,94.72035217285156,94.87999725341795,95.5,92.83000183105467,92.94000244140624,12838455
2026-05-14,95.32933044433594,95.48999786376952,97.0,93.62999725341795,96.6999969482422,14444893
2026-05-15,93.66213989257812,93.81999969482422,95.73999786376952,93.5,95.5,7648496
2026-05-18,91.50577545166016,91.66000366210938,92.6999969482422,89.83000183105469,92.6999969482422,9136004
2026-05-19,92.9233856201172,93.08000183105467,94.16000366210938,91.72000122070312,91.83000183105467,6091227
2026-05-20,92.85350799560548,93.01000213623048,93.2699966430664,91.61000061035156,92.0,5639016
2026-05-21,92.91339874267578,93.06999969482422,94.62000274658205,92.8000030517578,94.0,5505477
2026-05-22,94.66045379638672,94.81999969482422,95.6500015258789,92.9000015258789,93.23999786376952,11193155
2026-05-25,96.62714385986328,96.79000091552734,99.5,95.4000015258789,95.68000030517578,34422254
2026-05-26,95.38922882080078,95.5500030517578,99.77999877929688,94.3000030517578,97.98999786376952,31029229
2026-05-27,98.93325805664062,99.0999984741211,99.86000061035156,95.5500030517578,95.5500030517578,27016586
2026-05-28,98.93325805664062,99.0999984741211,99.0999984741211,99.0999984741211,99.0999984741211,0
2026-05-29,100.09130859375,100.26000213623048,102.66999816894533,99.43000030517578,99.6500015258789,29675566
2026-06-01,104.2243423461914,104.4000015258789,105.75,99.05999755859376,101.6999969482422,47025842
2026-06-02,103.93482971191406,104.11000061035156,106.86000061035156,102.02999877929688,104.58999633789062,46173461
2026-06-03,102.0679702758789,102.23999786376952,104.19000244140624,100.02999877929688,104.1500015258789,17666047
2026-06-04,103.90487670898438,104.08000183105467,105.5,102.08999633789062,102.69000244140624,18505570
2026-06-05,106.18103790283205,106.36000061035156,107.7300033569336,104.16000366210938,104.5999984741211,28253888
2026-06-08,103.28591918945312,103.45999908447266,107.23999786376952,102.76000213623048,104.9499969482422,15143319
2026-06-09,105.65193176269533,105.83000183105467,106.30999755859376,103.0999984741211,104.0,11519116
2026-06-10,102.82669067382812,103.0,107.4000015258789,102.5,106.25,13555314
2026-06-11,100.35086059570312,100.5199966430664,103.94000244140624,99.54000091552734,102.4800033569336,14774026
2026-06-12,104.98306274414062,105.16000366210938,105.45999908447266,102.36000061035156,102.5999984741211,15469674
2026-06-15,107.17935943603516,107.36000061035156,108.87999725341795,106.0,107.0,21708282
2026-06-16,108.95635986328124,109.13999938964844,109.91999816894533,107.26000213623048,107.47000122070312,18417449
2026-06-17,112.6401596069336,112.83000183105467,113.1999969482422,108.81999969482422,109.4000015258789,27859510
2026-06-18,109.96466827392578,110.1500015258789,114.29000091552734,109.58000183105467,113.3000030517578,18889529
2026-06-19,111.2624740600586,111.4499969482422,113.37000274658205,109.01000213623048,109.8000030517578,21519579
2026-06-22,109.79495239257812,109.9800033569336,113.2300033569336,109.23999786376952,111.95999908447266,15695771
2026-06-23,108.85652923583984,109.04000091552734,111.3499984741211,108.5500030517578,110.4000015258789,10463568
2026-06-24,108.6968002319336,108.87999725341795,109.5999984741211,107.2300033569336,109.04000091552734,8399288
2026-06-25,106.98967742919922,107.16999816894533,110.2699966430664,106.8000030517578,109.3499984741211,9712938
2026-06-26,106.98967742919922,107.16999816894533,107.16999816894533,107.16999816894533,107.16999816894533,0
2026-06-29,104.17442321777344,104.3499984741211,107.4800033569336,104.08999633789062,107.0,20141614
2026-06-30,104.75344848632812,104.93000030517578,106.3499984741211,104.33000183105467,104.9000015258789,18641839
2026-07-01,104.26427459716795,104.44000244140624,105.76000213623048,103.9000015258789,105.5,7088069
2026-07-02,102.88658905029295,103.05999755859376,105.02999877929688,101.83999633789062,105.0,10129934
2026-07-03,102.18777465820312,102.36000061035156,104.25,102.1500015258789,103.6999969482422,7486749
2026-07-06,99.4024658203125,99.56999969482422,103.01000213623048,99.0999984741211,103.0,11921695
2026-07-07,98.37419891357422,98.54000091552734,100.08999633789062,97.5999984741211,99.9000015258789,9576877
2026-07-08,94.62052154541016,94.77999877929688,98.22000122070312,94.33999633789062,97.5,14006184
2026-07-09,97.58552551269533,97.75,98.4000015258789,95.3000030517578,95.3000030517578,9049480
2026-07-10,99.81178283691406,99.9800033569336,100.5,98.20999908447266,98.58999633789062,10832235
2026-07-13,101.31922912597656,101.48999786376952,102.47000122070312,98.13999938964844,98.8000030517578,13918087
2026-07-14,97.98485565185548,98.1500015258789,100.8000030517578,97.81999969482422,100.8000030517578,11842618
2026-07-15,97.65541076660156,97.81999969482422,99.69000244140624,97.5,98.91999816894533,6248606
2026-07-16,97.13629150390624,97.3000030517578,98.29000091552734,96.6999969482422,98.11000061035156,5991681
2026-07-17,97.08637237548828,97.25,98.5500030517578,96.37000274658205,97.13999938964844,8122036
2026-07-20,97.9449234008789,98.11000061035156,98.3000030517578,96.41999816894533,97.5,5331792
2026-07-21,96.63713073730467,96.8000030517578,98.6999969482422,96.51000213623048,98.4000015258789,6472045
2026-07-22,94.5805892944336,94.73999786376952,96.8000030517578,94.27999877929688,96.5,8605587
2026-07-23,92.99327087402344,93.1500015258789,95.0500030517578,93.0,94.0500030517578,6871994
2026-07-24,93.6821060180664,93.83999633789062,94.06999969482422,91.3499984741211,92.4000015258789,6730344
2026-07-27,94.74032592773438,94.9000015258789,95.9499969482422,94.5,94.5,6593505
2026-07-28,94.35098266601562,94.51000213623048,95.3000030517578,94.19000244140624,94.9000015258789,4465009
2026-07-29,94.44082641601562,94.5999984741211,95.5,94.1999969482422,95.5,4086454
2026-07-30,93.41255950927734,93.56999969482422,94.52999877929688,93.08999633789062,94.5199966430664,5422710
2026-07-31,94.64049530029295,94.8000030517578,95.5500030517578,93.6999969482422,93.9000015258789,5779241
2026-08-03,95.33931732177734,95.5,96.5999984741211,95.0,95.1999969482422,5156861
2026-08-04,94.680419921875,94.83999633789062,96.0500030517578,94.6999969482422,95.4000015258789,4304105
2026-08-05,95.83847045898438,96.0,96.3000030517578,95.1999969482422,95.30999755859376,5779578
2026-08-06,96.08805084228516,96.25,96.95999908447266,95.25,96.5999984741211,6704370
2026-08-07,95.16960144042967,95.33000183105467,96.44000244140624,94.77999877929688,96.01000213623048,4742088
2026-08-10,94.6904067993164,94.8499984741211,95.5500030517578,94.33000183105467,95.25,3905923
2026-08-11,93.64217376708984,93.8000030517578,95.02999877929688,93.25,94.8499984741211,5883330
2026-08-12,92.0149154663086,92.16999816894533,94.13999938964844,90.9000015258789,93.8000030517578,11484423
2026-08-13,91.9150848388672,92.06999969482422,93.12999725341795,91.9000015258789,92.26000213623048,4910033
2026-08-14,89.0,89.1500015258789,92.45999908447266,89.0999984741211,91.98999786376952,10143348
2026-08-17,89.75,89.75,90.26000213623048,88.54000091552734,89.45999908447266,6941578
2026-08-18,88.0,88.0,89.93000030517578,87.69999694824219,89.3499984741211,6718438
2026-08-19,87.19000244140625,87.19000244140625,88.0199966430664,87.0,88.0,4316941
2026-08-20,88.25,88.25,89.02999877929688,87.73999786376953,87.9000015258789,4634300
2026-08-21,88.87999725341797,88.87999725341797,89.62999725341797,88.41999816894531,88.79000091552734,5375979
2026-08-24,88.58000183105469,88.58000183105469,90.29000091552734,88.23999786376953,89.0,5530404
2026-08-25,88.80000305175781,88.80000305175781,89.0999984741211,87.79000091552734,88.19999694824219,2181778
