Date,Adj Close,Close,High,Low,Open,Volume
2015-01-01,123.17839813232422,158.64999389648438,162.3000030517578,157.75,159.0,585060
2015-01-02,125.74060821533205,161.9499969482422,166.39999389648438,159.10000610351562,159.10000610351562,1573345
2015-01-05,125.7017593383789,161.89999389648438,167.39999389648438,161.39999389648438,162.3000030517578,1106723
2015-01-06,124.53714752197266,160.39999389648438,163.89999389648438,158.5,161.10000610351562,821284
2015-01-07,124.53714752197266,160.39999389648438,162.60000610351562,157.0,161.0500030517578,395062
2015-01-08,127.9533920288086,164.8000030517578,166.85000610351562,162.0,162.0,860191
2015-01-09,127.56519317626952,164.3000030517578,170.0,163.1999969482422,165.89999389648438,961679
2015-01-12,130.39910888671875,167.9499969482422,169.89999389648438,163.8000030517578,164.9499969482422,1123270
2015-01-13,131.09786987304688,168.85000610351562,175.4499969482422,167.6999969482422,168.89999389648438,1399345
2015-01-14,129.77792358398438,167.14999389648438,170.3000030517578,165.5,168.0,477501
2015-01-15,128.49688720703125,165.5,169.89999389648438,164.8000030517578,169.0,407919
2015-01-16,127.56519317626952,164.3000030517578,167.14999389648438,163.10000610351562,165.10000610351562,652790
2015-01-19,130.2050018310547,167.6999969482422,169.39999389648438,165.0,165.0,677838
2015-01-20,132.2624969482422,170.35000610351562,173.64999389648438,167.5,167.5,1187976
2015-01-21,130.90377807617188,168.60000610351562,171.60000610351562,167.75,171.3000030517578,265692
2015-01-22,129.77792358398438,167.14999389648438,170.5,166.14999389648438,169.6999969482422,223164
2015-01-23,135.21287536621094,174.14999389648438,175.39999389648438,164.25,168.89999389648438,1157227
2015-01-27,136.22219848632812,175.4499969482422,178.1999969482422,172.64999389648438,175.3000030517578,1333833
2015-01-28,134.66940307617188,173.4499969482422,178.5,172.10000610351562,174.1999969482422,629953
2015-01-29,132.41775512695312,170.5500030517578,175.8000030517578,169.5,173.8000030517578,498355
2015-01-30,133.34947204589844,171.75,174.39999389648438,170.5,171.9499969482422,378524
2015-02-02,135.83399963378906,174.9499969482422,181.8500061035156,174.39999389648438,180.0,1241042
2015-02-03,134.39761352539062,173.10000610351562,176.5,171.5,175.14999389648438,322578
2015-02-04,133.81533813476562,172.35000610351562,174.89999389648438,171.5,173.89999389648438,295551
2015-02-05,132.06837463378906,170.10000610351562,176.0,168.1999969482422,172.89999389648438,392977
2015-02-06,128.4192352294922,165.39999389648438,171.0500030517578,164.5,170.89999389648438,254718
2015-02-09,127.79810333251952,164.60000610351562,166.1999969482422,161.8000030517578,164.0,229251
2015-02-10,129.81678771972656,167.1999969482422,168.8000030517578,160.39999389648438,163.10000610351562,273150
2015-02-11,129.89442443847656,167.3000030517578,170.60000610351562,166.10000610351562,169.0,229180
2015-02-12,132.53424072265625,170.6999969482422,173.0,168.39999389648438,168.4499969482422,230558
2015-02-13,132.57305908203125,170.75,172.5,169.0500030517578,171.4499969482422,214306
2015-02-16,133.3106231689453,171.6999969482422,176.0,170.0500030517578,170.0500030517578,309710
2015-02-18,133.8541259765625,172.39999389648438,174.39999389648438,171.25,172.89999389648438,197484
2015-02-19,136.028076171875,175.1999969482422,177.0,169.14999389648438,172.10000610351562,447759
2015-02-20,133.3106231689453,171.6999969482422,176.39999389648438,171.10000610351562,175.1999969482422,200493
2015-02-23,134.1258544921875,172.75,175.5,170.89999389648438,173.0,238282
2015-02-24,136.72691345214844,176.10000610351562,178.0,169.8000030517578,173.39999389648438,485959
2015-02-25,135.174072265625,174.10000610351562,179.39999389648438,173.25,177.85000610351562,265238
2015-02-26,131.87428283691406,169.85000610351562,174.8000030517578,169.10000610351562,173.0,185370
2015-02-27,133.1941680908203,171.5500030517578,173.4499969482422,170.85000610351562,171.0500030517578,382323
2015-03-02,132.30130004882812,170.39999389648438,172.39999389648438,167.25,170.9499969482422,269879
2015-03-03,131.68016052246094,169.60000610351562,171.89999389648438,168.0500030517578,170.5,370871
2015-03-04,130.04971313476562,167.5,171.4499969482422,166.9499969482422,170.8000030517578,566466
2015-03-05,131.05905151367188,168.8000030517578,170.4499969482422,166.10000610351562,167.89999389648438,187465
2015-03-09,128.96273803710938,166.10000610351562,169.3000030517578,164.35000610351562,167.64999389648438,188074
2015-03-10,128.2251434326172,165.14999389648438,169.3000030517578,164.5,167.9499969482422,211398
2015-03-11,127.3322296142578,164.0,166.4499969482422,162.3000030517578,165.39999389648438,243053
2015-03-12,126.28406524658205,162.64999389648438,165.0,162.0,164.60000610351562,243571
2015-03-13,125.08065032958984,161.10000610351562,164.3000030517578,160.10000610351562,163.4499969482422,335826
2015-03-16,121.85850524902344,156.9499969482422,161.0500030517578,156.0,161.0,274986
2015-03-17,124.07129669189452,159.8000030517578,162.25,157.25,158.39999389648438,796249
2015-03-18,123.2948760986328,158.8000030517578,160.89999389648438,157.35000610351562,160.0,252752
2015-03-19,127.83689880371094,164.64999389648438,167.39999389648438,158.60000610351562,160.0,476928
2015-03-20,124.03247833251952,159.75,165.25,159.0,164.6999969482422,731570
2015-03-23,128.2251434326172,165.14999389648438,166.35000610351562,158.25,160.0,533291
2015-03-24,125.35237884521484,161.4499969482422,163.89999389648438,160.10000610351562,163.35000610351562,186052
2015-03-25,125.54650115966795,161.6999969482422,163.4499969482422,158.75,161.4499969482422,250362
2015-03-26,129.5450439453125,166.85000610351562,176.25,164.39999389648438,173.0,2593814
2015-03-27,125.81822967529295,162.0500030517578,167.0,159.0,167.0,283565
2015-03-30,125.3135757446289,161.39999389648438,164.8000030517578,160.3000030517578,163.64999389648438,192919
2015-03-31,126.98285675048828,163.5500030517578,165.5,161.5,162.0,252018
2015-04-01,125.7017593383789,161.89999389648438,166.6999969482422,161.0,164.8000030517578,1175731
2015-04-06,126.7887725830078,163.3000030517578,165.39999389648438,162.1999969482422,162.4499969482422,166678
2015-04-07,127.99220275878906,164.85000610351562,166.39999389648438,160.8000030517578,163.89999389648438,246685
2015-04-08,126.47816467285156,162.89999389648438,167.35000610351562,162.39999389648438,165.5500030517578,182561
2015-04-09,125.27473449707033,161.35000610351562,165.6999969482422,160.1999969482422,164.0500030517578,314796
2015-04-10,126.24528503417967,162.60000610351562,164.39999389648438,161.5,162.85000610351562,276383
2015-04-13,133.15538024902344,171.5,173.0,162.25,162.25,598965
2015-04-15,131.05905151367188,168.8000030517578,174.1999969482422,167.35000610351562,171.5,414412
2015-04-16,131.56370544433594,169.4499969482422,171.6999969482422,165.5,167.5500030517578,194830
2015-04-17,127.44869995117188,164.14999389648438,169.75,163.5,169.6999969482422,147600
2015-04-20,125.74060821533205,161.9499969482422,165.75,160.0500030517578,165.75,157558
2015-04-21,126.7887725830078,163.3000030517578,164.5,161.0500030517578,163.0,161741
2015-04-22,126.82759857177734,163.35000610351562,164.1999969482422,162.10000610351562,163.89999389648438,91978
2015-04-23,126.98285675048828,163.5500030517578,165.39999389648438,162.85000610351562,164.85000610351562,94578
2015-04-24,124.77005767822266,160.6999969482422,164.4499969482422,159.85000610351562,164.4499969482422,137284
2015-04-27,123.10079193115234,158.5500030517578,161.5500030517578,156.6999969482422,160.9499969482422,219066
2015-04-28,126.82759857177734,163.35000610351562,164.3000030517578,157.8000030517578,159.9499969482422,215526
2015-04-29,128.108642578125,165.0,166.5,161.1999969482422,161.1999969482422,250435
2015-04-30,128.18629455566406,165.10000610351562,165.89999389648438,163.0,163.89999389648438,153600
2015-05-04,127.79810333251952,164.60000610351562,165.6999969482422,163.8000030517578,164.10000610351562,62197
2015-05-05,127.40987396240234,164.10000610351562,165.5,163.5,165.0,75172
2015-05-06,125.7017593383789,161.89999389648438,164.1999969482422,158.0,163.5,257569
2015-05-07,123.56663513183594,159.14999389648438,162.85000610351562,157.64999389648438,162.8000030517578,594149
2015-05-08,123.95481872558594,159.64999389648438,161.4499969482422,157.5,160.5,99375
2015-05-11,122.71256256103516,158.0500030517578,162.8000030517578,157.3000030517578,160.0500030517578,331742
2015-05-12,122.86782836914062,158.25,162.6999969482422,157.0500030517578,160.89999389648438,289267
2015-05-13,127.91456604003906,164.75,172.64999389648438,163.14999389648438,165.5500030517578,1718343
2015-05-14,127.99220275878906,164.85000610351562,167.8000030517578,164.25,165.0,291272
2015-05-15,126.47816467285156,162.89999389648438,166.0,161.60000610351562,165.5,161132
2015-05-18,126.86637878417967,163.39999389648438,166.10000610351562,162.1999969482422,164.6999969482422,190346
2015-05-19,126.12879180908205,162.4499969482422,166.35000610351562,162.35000610351562,164.25,193985
2015-05-20,127.0216827392578,163.60000610351562,164.39999389648438,162.8000030517578,163.0,111625
2015-05-21,125.9346923828125,162.1999969482422,164.0,161.10000610351562,162.3000030517578,94668
2015-05-22,124.84770965576172,160.8000030517578,163.3000030517578,160.14999389648438,163.3000030517578,118856
2015-05-25,124.53714752197266,160.39999389648438,161.8000030517578,159.5,161.8000030517578,90678
2015-05-26,122.09141540527344,157.25,161.89999389648438,156.64999389648438,161.89999389648438,135273
2015-05-27,124.5759506225586,160.4499969482422,163.3000030517578,155.60000610351562,157.0,168191
2015-05-28,125.39119720458984,161.5,162.14999389648438,159.1999969482422,161.35000610351562,211494
2015-05-29,126.0899658203125,162.39999389648438,163.0,160.5,161.39999389648438,530107
2015-06-01,124.61480712890624,160.5,162.85000610351562,160.10000610351562,162.39999389648438,120599
2015-06-02,123.83837890625,159.5,161.5,158.89999389648438,160.10000610351562,78648
2015-06-03,121.04327392578124,155.89999389648438,160.39999389648438,155.10000610351562,160.39999389648438,540724
2015-06-04,117.8599624633789,151.8000030517578,157.35000610351562,149.60000610351562,157.35000610351562,152430
2015-06-05,118.01525115966795,152.0,153.8000030517578,150.64999389648438,153.4499969482422,75631
2015-06-08,114.0943603515625,146.9499969482422,152.89999389648438,146.10000610351562,152.89999389648438,82668
2015-06-09,112.7356414794922,145.1999969482422,147.8000030517578,144.39999389648438,147.25,88809
2015-06-10,113.24032592773438,145.85000610351562,150.8000030517578,145.1999969482422,145.5500030517578,144684
2015-06-11,114.92693328857422,146.5,153.0,145.3000030517578,148.75,453394
2015-06-12,110.5730209350586,140.9499969482422,146.5,140.5,145.9499969482422,126700
2015-06-15,111.59285736083984,142.25,145.0,140.10000610351562,142.6999969482422,122227
2015-06-16,111.3967742919922,142.0,144.0,139.8000030517578,142.25,82506
2015-06-17,112.57347869873048,143.5,146.0,142.60000610351562,142.9499969482422,140084
2015-06-18,113.20109558105467,144.3000030517578,145.8000030517578,143.35000610351562,143.60000610351562,109850
2015-06-19,109.6708984375,139.8000030517578,145.89999389648438,138.5,144.9499969482422,258698
2015-06-22,112.18125915527344,143.0,143.89999389648438,138.0500030517578,140.6999969482422,180613
2015-06-23,113.7894287109375,145.0500030517578,150.6999969482422,141.5500030517578,143.39999389648438,502251
2015-06-24,112.14197540283205,142.9499969482422,149.0,142.0,145.9499969482422,232699
2015-06-25,111.0045166015625,141.5,144.75,141.10000610351562,142.9499969482422,148856
2015-06-26,111.3575439453125,141.9499969482422,143.8000030517578,141.10000610351562,141.5,111026
2015-06-29,108.92562103271484,138.85000610351562,140.0,136.75,140.0,161803
2015-06-30,109.82779693603516,140.0,141.4499969482422,137.0500030517578,139.1999969482422,408984
2015-07-01,110.41614532470705,140.75,143.10000610351562,140.25,140.75,145269
2015-07-02,110.6907196044922,141.10000610351562,143.3000030517578,140.1999969482422,141.75,711319
2015-07-03,111.43596649169922,142.0500030517578,144.1999969482422,140.75,141.0,232165
2015-07-06,111.5144271850586,142.14999389648438,143.1999969482422,140.25,140.9499969482422,138441
2015-07-07,111.90668487548828,142.64999389648438,145.0,141.64999389648438,142.3000030517578,178371
2015-07-08,112.49504089355467,143.39999389648438,145.89999389648438,139.14999389648438,141.60000610351562,247615
2015-07-09,111.74977111816406,142.4499969482422,149.8000030517578,141.89999389648438,144.39999389648438,500615
2015-07-10,116.37825775146484,148.35000610351562,149.5,143.5,143.8000030517578,341348
2015-07-13,115.1230697631836,146.75,151.9499969482422,145.85000610351562,149.89999389648438,352365
2015-07-14,113.71099853515624,144.9499969482422,147.6999969482422,144.5,146.5500030517578,157693
2015-07-15,113.47561645507812,144.64999389648438,147.89999389648438,144.3000030517578,146.0,136259
2015-07-16,114.80924987792967,146.35000610351562,147.8000030517578,144.60000610351562,144.60000610351562,138800
2015-07-17,117.79031372070312,150.14999389648438,151.89999389648438,145.10000610351562,147.3000030517578,531233
2015-07-20,115.9075164794922,147.75,151.39999389648438,147.39999389648438,150.9499969482422,123832
2015-07-21,114.06400299072266,145.39999389648438,148.6999969482422,145.14999389648438,148.35000610351562,115019
2015-07-22,114.65235900878906,146.14999389648438,147.5,145.0,145.64999389648438,76795
2015-07-23,116.26058959960938,148.1999969482422,148.89999389648438,146.25,146.60000610351562,159293
2015-07-24,114.53469848632812,146.0,150.1999969482422,145.35000610351562,148.10000610351562,192738
2015-07-27,111.31830596923828,141.89999389648438,146.5,141.1999969482422,144.1999969482422,102945
2015-07-28,109.59244537353516,139.6999969482422,144.8000030517578,139.1999969482422,140.6999969482422,161893
2015-07-29,110.25927734375,140.5500030517578,144.0,140.10000610351562,140.6999969482422,162937
2015-07-30,113.7501983642578,145.0,148.39999389648438,141.64999389648438,141.8000030517578,339365
2015-07-31,114.69158172607422,146.1999969482422,148.3000030517578,145.39999389648438,146.35000610351562,219445
2015-08-03,117.82952880859376,150.1999969482422,151.89999389648438,145.5500030517578,146.60000610351562,307665
2015-08-04,128.42005920410156,163.6999969482422,164.8000030517578,151.5,151.6999969482422,1857690
2015-08-05,131.59722900390625,167.75,176.6999969482422,166.3000030517578,171.0,2230633
2015-08-06,129.2437744140625,164.75,173.5,164.0,168.3000030517578,697040
2015-08-07,135.55886840820312,172.8000030517578,174.89999389648438,160.35000610351562,165.5,1127602
2015-08-10,136.65713500976562,174.1999969482422,180.8000030517578,170.0,172.75,1435503
2015-08-11,133.08773803710938,169.64999389648438,176.60000610351562,167.5,175.0,391658
2015-08-12,127.47869110107422,162.5,169.0,161.60000610351562,169.0,239220
2015-08-13,130.459716796875,166.3000030517578,170.5,163.0500030517578,163.0500030517578,234379
2015-08-14,139.63818359375,178.0,180.0,165.1999969482422,167.35000610351562,732425
2015-08-17,140.81492614746094,179.5,187.3999938964844,174.39999389648438,179.75,925466
2015-08-18,144.26666259765625,183.8999938964844,191.8999938964844,175.64999389648438,180.3999938964844,1441025
2015-08-19,143.0507049560547,182.3500061035156,187.5,179.0,183.5,596703
2015-08-20,136.9317169189453,174.5500030517578,183.8000030517578,172.9499969482422,181.3000030517578,303585
2015-08-21,136.77484130859375,174.35000610351562,175.5,167.39999389648438,172.5,277768
2015-08-24,116.53511810302734,148.5500030517578,167.89999389648438,141.9499969482422,165.0,400602
2015-08-25,117.35881805419922,149.60000610351562,158.0,140.0500030517578,152.0,463624
2015-08-26,117.98641204833984,150.39999389648438,156.6999969482422,146.0,149.9499969482422,248710
2015-08-27,121.43816375732422,154.8000030517578,156.35000610351562,153.0,154.39999389648438,177989
2015-08-28,121.90882873535156,155.39999389648438,162.6999969482422,154.25,157.3000030517578,267742
2015-08-31,121.24201965332033,154.5500030517578,158.1999969482422,153.0,156.0,225747
2015-09-01,119.9868621826172,152.9499969482422,154.1999969482422,149.0500030517578,153.10000610351562,241498
2015-09-02,121.39892578125,154.75,159.8000030517578,152.5500030517578,153.5,231409
2015-09-03,124.18384552001952,158.3000030517578,160.3000030517578,153.60000610351562,156.39999389648438,209596
2015-09-04,118.96702575683594,151.64999389648438,157.6999969482422,150.1999969482422,157.6999969482422,180690
2015-09-07,115.24073028564452,146.89999389648438,154.8000030517578,146.0,153.75,155598
2015-09-08,117.35881805419922,149.60000610351562,152.0,147.3000030517578,147.9499969482422,229459
2015-09-09,120.02608489990234,153.0,157.3000030517578,151.4499969482422,152.0,311310
2015-09-10,120.14371490478516,153.14999389648438,154.39999389648438,148.25,151.0,191523
2015-09-11,120.18296813964844,153.1999969482422,156.5,152.1999969482422,154.0,100704
2015-09-14,121.63428497314452,155.0500030517578,156.0,152.10000610351562,154.39999389648438,111379
2015-09-15,122.85021209716795,156.60000610351562,159.8000030517578,154.10000610351562,154.10000610351562,221486
2015-09-16,123.5562515258789,157.5,158.8000030517578,156.6999969482422,158.8000030517578,92670
2015-09-18,129.8321533203125,165.5,168.0,160.0,162.0,458676
2015-09-21,140.7364501953125,179.39999389648438,182.8500061035156,166.89999389648438,167.5,1181175
2015-09-22,135.911865234375,173.25,186.6000061035156,170.39999389648438,180.8999938964844,830353
2015-09-23,141.9131622314453,180.8999938964844,183.0,169.64999389648438,173.1999969482422,405398
2015-09-24,142.4623565673828,181.6000061035156,186.8000030517578,180.0,181.0,512568
2015-09-28,140.7756805419922,179.4499969482422,183.3999938964844,177.89999389648438,179.0,304346
2015-09-29,140.30499267578125,178.85000610351562,182.3000030517578,174.4499969482422,176.5,241623
2015-09-30,139.755859375,178.14999389648438,181.6000061035156,175.5,181.1999969482422,216671
2015-10-01,141.28562927246094,180.10000610351562,186.0,178.5500030517578,179.89999389648438,562656
2015-10-05,141.59942626953125,180.5,184.8000030517578,179.64999389648438,181.3000030517578,316796
2015-10-06,140.65802001953125,179.3000030517578,184.1999969482422,178.64999389648438,181.0500030517578,289404
2015-10-07,139.79505920410156,178.1999969482422,185.25,176.5500030517578,180.75,412487
2015-10-08,139.79505920410156,178.1999969482422,181.3999938964844,177.3000030517578,178.75,202676
2015-10-09,139.16749572753906,177.39999389648438,181.8999938964844,176.8000030517578,179.75,160077
2015-10-12,138.06919860839844,176.0,182.1999969482422,175.25,178.5,279120
2015-10-13,138.10845947265625,176.0500030517578,179.8000030517578,175.5,177.0,209413
2015-10-14,138.61834716796875,176.6999969482422,180.3999938964844,176.25,176.39999389648438,262060
2015-10-15,138.57913208007812,176.64999389648438,180.0,176.0,178.0,237853
2015-10-16,137.95155334472656,175.85000610351562,178.8000030517578,175.25,177.0500030517578,193417
2015-10-19,135.4803924560547,172.6999969482422,178.3000030517578,172.10000610351562,177.0,300437
2015-10-20,145.91407775878906,186.0,188.8500061035156,173.0,173.64999389648438,1986216
2015-10-21,142.50155639648438,181.6499938964844,192.0,180.0,188.3000030517578,1211926
2015-10-23,140.7364501953125,179.39999389648438,185.5,178.25,184.0,541481
2015-10-26,139.83428955078125,178.25,183.3999938964844,176.1999969482422,181.0,391098
2015-10-27,143.83518981933594,183.3500061035156,184.8999938964844,177.35000610351562,178.25,1028903
2015-10-28,143.71751403808594,183.1999969482422,187.6999969482422,182.25,184.8000030517578,775546
2015-10-29,149.5618896484375,190.6499938964844,199.8999938964844,187.0,188.5,4760700
2015-10-30,152.42526245117188,194.3000030517578,197.5,187.6000061035156,192.1999969482422,1519704
2015-11-02,148.89508056640625,189.8000030517578,197.6999969482422,188.1000061035156,195.4499969482422,538112
2015-11-03,147.99295043945312,188.6499938964844,192.8500061035156,187.5,190.6499938964844,336564
2015-11-04,145.28646850585938,185.1999969482422,190.8999938964844,184.5,189.8000030517578,386495
2015-11-05,145.28646850585938,185.1999969482422,190.3999938964844,182.6999969482422,185.6999969482422,639752
2015-11-06,142.89378356933594,182.1499938964844,187.3999938964844,181.0500030517578,185.75,367943
2015-11-09,143.48216247558594,182.8999938964844,184.3999938964844,172.25,179.75,276606
2015-11-10,146.5416717529297,186.8000030517578,189.3999938964844,181.0500030517578,182.0,521166
2015-11-13,148.69898986816406,189.5500030517578,191.0,185.9499969482422,189.8000030517578,213493
2015-11-16,148.18905639648438,188.8999938964844,191.8500061035156,187.5,188.1000061035156,184422
2015-11-17,148.34597778320312,189.1000061035156,192.3999938964844,187.5,189.1999969482422,296311
2015-11-18,147.8752899169922,188.5,195.0,187.5500030517578,189.1000061035156,657309
2015-11-19,147.32611083984375,187.8000030517578,191.8999938964844,186.5,190.8000030517578,422922
2015-11-20,146.85543823242188,187.1999969482422,191.8500061035156,186.3000030517578,188.0,377223
2015-11-23,144.93345642089844,184.75,188.6000061035156,184.1000061035156,188.0,227317
2015-11-24,144.50198364257812,184.1999969482422,186.1499938964844,183.4499969482422,184.0,229731
2015-11-26,144.5804443359375,184.3000030517578,185.8999938964844,183.6000061035156,184.25,163800
2015-11-27,144.6588897705078,184.3999938964844,188.8999938964844,183.6999969482422,184.25,194274
2015-11-30,144.7765655517578,184.5500030517578,187.8999938964844,184.0500030517578,184.3999938964844,228760
2015-12-01,149.75802612304688,190.8999938964844,193.5,184.6000061035156,185.3500061035156,886788
2015-12-02,154.6610565185547,197.1499938964844,199.4499969482422,189.6000061035156,192.0,2283803
2015-12-03,150.11105346679688,191.3500061035156,196.5,190.3500061035156,196.0,358090
2015-12-04,146.62005615234375,186.8999938964844,190.75,186.25,189.8500061035156,254249
2015-12-07,146.77699279785156,187.1000061035156,190.6499938964844,186.5,187.8999938964844,151105
2015-12-08,140.7364501953125,179.39999389648438,187.8500061035156,178.5,186.0500030517578,334232
2015-12-09,139.08905029296875,177.3000030517578,181.4499969482422,176.35000610351562,179.0,327570
2015-12-10,137.8338623046875,175.6999969482422,178.64999389648438,175.10000610351562,177.8000030517578,277986
2015-12-11,135.6373291015625,172.89999389648438,177.5,172.10000610351562,176.0,286356
2015-12-14,134.14682006835938,171.0,173.0,170.10000610351562,171.85000610351562,291328
2015-12-15,135.04898071289062,172.14999389648438,173.8000030517578,170.35000610351562,171.9499969482422,256708
2015-12-16,135.55886840820312,172.8000030517578,176.25,172.1999969482422,174.0,274058
2015-12-17,138.14768981933594,176.10000610351562,178.25,173.39999389648438,174.39999389648438,531429
2015-12-18,136.14724731445312,173.5500030517578,176.85000610351562,172.6999969482422,175.5,338403
2015-12-21,137.95155334472656,175.85000610351562,178.8000030517578,173.0500030517578,173.5,324058
2015-12-22,137.206298828125,174.89999389648438,177.10000610351562,174.0500030517578,176.3000030517578,248652
2015-12-23,136.77484130859375,174.35000610351562,177.39999389648438,173.75,175.89999389648438,318045
2015-12-24,136.853271484375,174.4499969482422,176.5,173.39999389648438,174.89999389648438,182095
2015-12-28,136.89247131347656,174.5,176.14999389648438,174.0500030517578,174.85000610351562,218276
2015-12-29,135.7157745361328,173.0,175.5,172.25,175.0,242027
2015-12-30,135.95114135742188,173.3000030517578,177.64999389648438,172.5,173.39999389648438,388008
2015-12-31,136.14724731445312,173.5500030517578,177.60000610351562,172.64999389648438,173.60000610351562,842293
2016-01-01,141.7955322265625,180.75,182.0,171.35000610351562,174.10000610351562,1455962
2016-01-04,155.99468994140625,198.8500061035156,206.1000061035156,179.25,181.0,4463437
2016-01-05,157.56365966796875,200.8500061035156,204.8000030517578,197.1000061035156,200.1499938964844,1900532
2016-01-06,176.15594482421875,224.5500030517578,234.0,200.5,201.4499969482422,8468297
2016-01-07,173.17489624023438,220.75,235.0,215.6000061035156,220.5,4849635
2016-01-08,176.1951446533203,224.6000061035156,232.3999938964844,222.1000061035156,223.4499969482422,1867816
2016-01-11,176.07748413085938,224.4499969482422,227.8999938964844,217.75,222.0,1162834
2016-01-12,172.35118103027344,219.6999969482422,228.5,217.5,225.0,815319
2016-01-13,186.35421752929688,237.5500030517578,241.8999938964844,213.25,221.3999938964844,3764820
2016-01-14,172.31195068359375,219.6499938964844,233.3999938964844,217.1999969482422,231.5,1673007
2016-01-15,172.39039611816406,219.75,229.0,217.0,221.8999938964844,1551314
2016-01-18,151.99380493164062,193.75,219.1000061035156,190.0,219.0500030517578,1481849
2016-01-19,162.70204162597656,207.3999938964844,209.5,195.3500061035156,195.3500061035156,1327696
2016-01-20,161.5645294189453,205.9499969482422,210.0,198.0,202.0,1086074
2016-01-21,170.58609008789062,217.4499969482422,219.5,206.6999969482422,208.8999938964844,1271543
2016-01-22,169.21324157714844,215.6999969482422,223.9499969482422,214.3500061035156,221.0,679616
2016-01-25,165.99684143066406,211.6000061035156,217.8500061035156,207.3999938964844,216.3500061035156,542271
2016-01-27,169.52700805664062,216.1000061035156,222.5,212.1000061035156,213.8000030517578,1123444
2016-01-28,174.54774475097656,222.5,226.8999938964844,215.1999969482422,216.5,1067800
2016-01-29,183.56930541992188,234.0,236.0,220.5,220.5,1740240
2016-02-01,186.90338134765625,238.25,243.8500061035156,233.1000061035156,236.0,1635866
2016-02-02,181.6865692138672,231.6000061035156,246.3999938964844,226.1499938964844,239.3500061035156,1373511
2016-02-03,182.6671600341797,232.8500061035156,246.8999938964844,231.0500030517578,236.0,2753424
2016-02-04,177.4110870361328,226.1499938964844,238.8000030517578,223.1499938964844,236.3000030517578,841676
2016-02-05,175.3322296142578,223.5,227.25,221.0,226.1999969482422,475718
2016-02-08,176.2736053466797,224.6999969482422,230.3999938964844,223.0500030517578,224.5,554704
2016-02-09,172.6649627685547,220.1000061035156,223.0500030517578,216.6999969482422,220.0,654084
2016-02-10,172.2335205078125,219.5500030517578,225.0,217.9499969482422,218.0,623718
2016-02-11,162.85890197753906,207.6000061035156,219.8000030517578,205.3999938964844,219.0,441333
2016-02-12,161.1722869873047,205.4499969482422,210.0,192.3999938964844,208.6000061035156,507781
2016-02-15,171.56666564941406,218.6999969482422,222.8000030517578,208.5,208.5,778786
2016-02-16,164.38864135742188,209.5500030517578,221.0,208.0500030517578,220.1499938964844,276238
2016-02-17,172.35118103027344,219.6999969482422,222.3500061035156,202.1499938964844,211.0500030517578,571732
2016-02-18,170.27230834960938,217.0500030517578,221.5500030517578,214.5,221.5500030517578,635457
2016-02-19,176.7834930419922,225.3500061035156,228.3999938964844,214.8500061035156,215.8999938964844,874389
2016-02-22,174.97921752929688,223.0500030517578,229.75,222.1999969482422,225.6499938964844,514897
2016-02-23,175.52833557128906,223.75,229.8500061035156,220.1000061035156,223.3999938964844,718069
2016-02-24,181.49041748046875,231.3500061035156,235.5,221.5,224.8000030517578,2029709
2016-02-25,176.9011688232422,225.5,232.5500030517578,222.6999969482422,231.6000061035156,512382
2016-02-26,170.7822265625,217.6999969482422,229.6000061035156,215.1000061035156,227.1999969482422,404746
2016-02-29,178.66627502441406,227.75,230.4499969482422,211.5,217.1999969482422,1079429
2016-03-01,176.39125061035156,224.8500061035156,228.8000030517578,223.3000030517578,228.3999938964844,382753
2016-03-02,177.09730529785156,225.75,231.6999969482422,225.0,227.3999938964844,451887
2016-03-03,176.5481719970703,225.0500030517578,229.8000030517578,224.3000030517578,227.3999938964844,540680
2016-03-04,176.43048095703125,224.8999938964844,231.25,223.5500030517578,225.5,773286
2016-03-08,176.4697265625,224.9499969482422,231.8500061035156,224.1000061035156,226.1000061035156,576200
2016-03-09,177.8425750732422,226.6999969482422,231.0,224.1000061035156,225.0,549001
2016-03-10,190.00205993652344,242.1999969482422,244.6000061035156,225.1000061035156,226.6999969482422,2857857
2016-03-11,194.5128631591797,247.9499969482422,252.6999969482422,242.9499969482422,243.0,2399844
2016-03-14,193.72836303710935,246.9499969482422,251.8000030517578,242.5,249.3999938964844,626621
2016-03-15,183.8046417236328,234.3000030517578,248.4499969482422,233.0,247.5,734942
2016-03-16,188.3546600341797,240.1000061035156,241.25,230.75,235.0,811390
2016-03-17,192.23208618164065,240.4499969482422,246.3000030517578,237.5,239.3999938964844,768672
2016-03-18,193.99090576171875,242.6499938964844,245.25,238.0,240.3999938964844,726633
2016-03-21,196.9489288330078,246.3500061035156,249.0,238.6000061035156,245.0,655150
2016-03-22,183.03819274902344,228.9499969482422,246.1499938964844,224.1000061035156,245.6000061035156,1665083
2016-03-23,173.24468994140625,216.6999969482422,233.3999938964844,215.1999969482422,229.5500030517578,1726401
2016-03-28,172.40525817871094,215.6499938964844,223.5,214.5,218.1999969482422,989532
2016-03-29,176.0028839111328,220.1499938964844,221.8999938964844,216.6499938964844,218.1499938964844,1464121
2016-03-30,178.72108459472656,223.5500030517578,225.0,221.3999938964844,222.1999969482422,455841
2016-03-31,185.3966064453125,231.8999938964844,233.6999969482422,224.6000061035156,226.25,1081409
2016-04-01,182.9182586669922,228.8000030517578,234.8000030517578,228.1499938964844,232.0,411634
2016-04-04,186.31602478027344,233.0500030517578,239.6999969482422,229.0,229.0,1061263
2016-04-05,188.0348663330078,235.1999969482422,239.0,229.5,232.0,749536
2016-04-06,188.19479370117188,235.3999938964844,237.0,233.6999969482422,235.1000061035156,593805
2016-04-07,182.6384429931641,228.4499969482422,239.1999969482422,226.8500061035156,236.8000030517578,865222
2016-04-08,181.79904174804688,227.3999938964844,231.0,225.75,228.0,355987
2016-04-11,180.87962341308597,226.25,227.6000061035156,223.25,225.0,404603
2016-04-12,181.95892333984372,227.6000061035156,230.0500030517578,225.6999969482422,225.6999969482422,205797
2016-04-13,181.67913818359372,227.25,231.9499969482422,226.3999938964844,229.3000030517578,238468
2016-04-18,190.91294860839844,238.8000030517578,240.6000061035156,226.8000030517578,226.8000030517578,657213
2016-04-20,195.8296813964844,244.9499969482422,247.0,237.1000061035156,239.1999969482422,581969
2016-04-21,197.5085601806641,247.0500030517578,250.9499969482422,240.1999969482422,244.9499969482422,501137
2016-04-22,192.03219604492188,240.1999969482422,247.75,239.0,247.0500030517578,410470
2016-04-25,188.3946228027344,235.6499938964844,242.0,235.0500030517578,242.0,148706
2016-04-26,188.3946228027344,235.6499938964844,239.6999969482422,234.5500030517578,235.0,255089
2016-04-27,190.07347106933597,237.75,240.0,235.6000061035156,237.0,178857
2016-04-28,184.67710876464844,231.0,238.0,228.6999969482422,237.9499969482422,200936
2016-04-29,187.67510986328125,234.75,236.25,229.0,229.0,139618
2016-05-02,186.9156036376953,233.8000030517578,237.0500030517578,231.8000030517578,231.8000030517578,158262
2016-05-03,184.2374267578125,230.4499969482422,237.0500030517578,229.4499969482422,235.0,278659
2016-05-04,180.43994140625,225.6999969482422,232.9499969482422,224.8000030517578,232.9499969482422,165508
2016-05-05,180.4798889160156,225.75,230.5500030517578,225.1499938964844,225.1499938964844,284140
2016-05-06,180.79966735839844,226.1499938964844,229.1999969482422,224.0,225.0,138283
2016-05-09,184.55715942382807,230.8500061035156,231.8000030517578,225.6000061035156,226.8999938964844,238849
2016-05-10,182.2787170410156,228.0,233.5,227.1999969482422,229.4499969482422,189775
2016-05-11,179.24070739746094,224.1999969482422,229.4499969482422,222.6999969482422,224.3500061035156,179044
2016-05-12,181.19940185546875,226.6499938964844,228.5,224.1000061035156,224.1000061035156,210373
2016-05-13,181.79904174804688,227.3999938964844,229.3999938964844,223.3500061035156,225.5,192941
2016-05-16,180.0801544189453,225.25,229.6999969482422,224.3500061035156,228.5,190458
2016-05-17,179.7204132080078,224.8000030517578,227.5,223.5,226.3999938964844,273320
2016-05-18,181.6391143798828,227.1999969482422,229.8999938964844,225.0,225.5,548308
2016-05-19,161.05282592773438,201.4499969482422,208.5,187.1000061035156,205.0,5930649
2016-05-20,155.85629272460938,194.9499969482422,203.75,193.6499938964844,202.0,954713
2016-05-23,148.14144897460938,185.3000030517578,195.4499969482422,184.0,193.0,1103472
2016-05-24,145.8229522705078,182.3999938964844,188.1999969482422,181.0,186.25,449032
2016-05-25,141.26600646972656,176.6999969482422,185.6000061035156,175.6999969482422,184.0,496848
2016-05-26,150.7796630859375,188.6000061035156,192.25,176.6999969482422,176.6999969482422,1973762
2016-05-27,147.30198669433594,184.25,188.8000030517578,183.1000061035156,188.0,422234
2016-05-30,146.02281188964844,182.6499938964844,187.8000030517578,182.0,185.8500061035156,252927
2016-05-31,147.50186157226562,184.5,186.0,180.5,183.4499969482422,564147
2016-06-01,143.8242950439453,179.89999389648438,187.8999938964844,178.5,186.0,501666
2016-06-02,142.14541625976562,177.8000030517578,181.8000030517578,177.0,181.1000061035156,351279
2016-06-03,142.7849884033203,178.60000610351562,181.9499969482422,178.0,178.85000610351562,315631
2016-06-06,141.78565979003906,177.35000610351562,179.8000030517578,177.0500030517578,178.85000610351562,128196
2016-06-07,141.10609436035156,176.5,178.64999389648438,175.5,178.3000030517578,291346
2016-06-08,141.26600646972656,176.6999969482422,181.0,175.85000610351562,176.9499969482422,431098
2016-06-09,146.26268005371094,182.9499969482422,183.8000030517578,177.4499969482422,177.4499969482422,782084
2016-06-10,147.06211853027344,183.9499969482422,184.8000030517578,182.0,183.1000061035156,441780
2016-06-13,140.58644104003906,175.85000610351562,182.6999969482422,175.0,182.0,444378
2016-06-14,143.34461975097656,179.3000030517578,180.0,176.1999969482422,176.60000610351562,262448
2016-06-15,148.781005859375,186.1000061035156,187.6000061035156,179.14999389648438,180.75,775653
2016-06-16,148.5011749267578,185.75,191.3500061035156,183.3000030517578,186.0,1172574
2016-06-17,145.34329223632812,181.8000030517578,187.8500061035156,181.1000061035156,186.9499969482422,407613
2016-06-20,141.7456817626953,177.3000030517578,180.8999938964844,177.0,179.9499969482422,592776
2016-06-21,142.18539428710938,177.85000610351562,179.4499969482422,177.10000610351562,178.1999969482422,516501
2016-06-22,138.66773986816406,173.4499969482422,179.35000610351562,173.0,178.1999969482422,433215
2016-06-23,138.54783630371094,173.3000030517578,175.0,172.9499969482422,173.0,190752
2016-06-24,137.1087646484375,171.5,172.85000610351562,162.5,170.0,350319
2016-06-27,139.9468536376953,175.0500030517578,176.5,170.6999969482422,171.0,327410
2016-06-28,140.02682495117188,175.14999389648438,178.9499969482422,174.14999389648438,175.0,483411
2016-06-29,140.3466033935547,175.5500030517578,176.8000030517578,175.10000610351562,175.5,350351
2016-06-30,140.18670654296875,175.35000610351562,177.39999389648438,174.5,176.39999389648438,513062
2016-07-01,140.6264190673828,175.89999389648438,179.5500030517578,175.5,176.0,747705
2016-07-04,140.7863311767578,176.10000610351562,179.5,175.5,176.8000030517578,393622
2016-07-05,138.7876434326172,173.60000610351562,181.1999969482422,173.0500030517578,179.39999389648438,809792
2016-07-07,137.82826232910156,172.39999389648438,176.25,170.89999389648438,174.6999969482422,600799
2016-07-08,137.34860229492188,171.8000030517578,173.9499969482422,171.10000610351562,172.9499969482422,298214
2016-07-11,140.86624145507812,176.1999969482422,177.5500030517578,172.5,172.5,586568
2016-07-12,139.267333984375,174.1999969482422,177.35000610351562,173.1999969482422,176.25,263709
2016-07-13,138.5078125,173.25,175.8000030517578,172.0500030517578,175.10000610351562,321107
2016-07-14,137.22866821289062,171.64999389648438,174.39999389648438,170.5500030517578,173.39999389648438,551558
2016-07-15,136.4691925048828,170.6999969482422,176.4499969482422,170.10000610351562,172.25,702266
2016-07-18,135.23001098632812,169.14999389648438,172.9499969482422,168.1999969482422,171.3000030517578,257352
2016-07-19,134.3505859375,168.0500030517578,168.8000030517578,166.5,168.6999969482422,365666
2016-07-20,139.3072967529297,174.25,175.5,167.0,168.0500030517578,1850955
2016-07-21,137.14869689941406,171.5500030517578,175.4499969482422,171.0500030517578,175.4499969482422,248453
2016-07-22,136.58912658691406,170.85000610351562,172.35000610351562,170.0500030517578,171.0,255441
2016-07-25,136.06947326660156,170.1999969482422,172.39999389648438,169.89999389648438,171.9499969482422,448593
2016-07-26,138.5078125,173.25,177.25,170.3000030517578,170.8000030517578,758261
2016-07-27,138.66773986816406,173.4499969482422,175.8000030517578,172.1999969482422,173.35000610351562,247108
2016-07-28,138.8275909423828,173.64999389648438,174.8000030517578,172.5,174.0500030517578,249187
2016-07-29,135.5498046875,169.5500030517578,173.60000610351562,168.8000030517578,173.3000030517578,509871
2016-08-01,136.70904541015625,171.0,172.4499969482422,169.25,170.0500030517578,594408
2016-08-02,137.38858032226562,171.85000610351562,179.35000610351562,170.25,173.0,2150801
2016-08-03,138.8275909423828,173.64999389648438,175.89999389648438,159.8000030517578,159.8000030517578,2704211
2016-08-04,139.8269500732422,174.89999389648438,175.8000030517578,169.5,174.25,696020
2016-08-05,141.98553466796875,177.60000610351562,179.0,172.9499969482422,175.14999389648438,774041
2016-08-08,149.22068786621094,186.6499938964844,188.3999938964844,177.60000610351562,177.60000610351562,1719043
2016-08-09,149.9002685546875,187.5,188.8000030517578,183.0,186.5,559900
2016-08-10,146.66238403320312,183.4499969482422,188.6000061035156,181.0,187.75,384926
2016-08-11,143.62440490722656,179.64999389648438,184.8000030517578,178.0,183.1000061035156,509880
2016-08-12,145.3032989501953,181.75,184.25,179.35000610351562,179.89999389648438,238831
2016-08-16,143.02484130859375,178.89999389648438,184.8000030517578,176.89999389648438,183.6499938964844,433829
2016-08-17,142.74505615234375,178.5500030517578,181.5500030517578,177.25,179.8000030517578,332671
2016-08-18,141.945556640625,177.5500030517578,180.0,177.0,178.35000610351562,440120
2016-08-19,149.70037841796875,187.25,188.6000061035156,177.5500030517578,177.5500030517578,908647
2016-08-22,146.3426055908203,183.0500030517578,188.9499969482422,182.25,188.3000030517578,369814
2016-08-23,144.34396362304688,180.5500030517578,183.8500061035156,179.4499969482422,183.3999938964844,260898
2016-08-24,146.66238403320312,183.4499969482422,186.5,179.60000610351562,180.75,339523
2016-08-25,149.8602752685547,187.4499969482422,188.25,181.1999969482422,184.4499969482422,750023
2016-08-26,154.77699279785156,193.6000061035156,196.0,184.0,188.0,1218836
2016-08-29,150.73968505859375,188.5500030517578,195.6499938964844,187.1499938964844,193.8000030517578,536314
2016-08-30,152.2187042236328,190.3999938964844,193.3999938964844,188.3000030517578,189.6999969482422,351383
2016-08-31,150.65972900390625,188.4499969482422,193.25,187.3000030517578,190.0500030517578,302392
2016-09-01,147.50186157226562,184.5,189.8999938964844,182.8000030517578,188.6499938964844,232852
2016-09-02,145.4232177734375,181.8999938964844,185.5,181.1999969482422,183.9499969482422,212080
2016-09-06,150.73968505859375,188.5500030517578,189.6000061035156,182.5500030517578,183.1000061035156,523400
2016-09-07,146.98219299316406,183.8500061035156,188.75,182.5,188.75,387618
2016-09-08,145.0234832763672,181.3999938964844,183.8500061035156,180.10000610351562,183.8500061035156,380659
2016-09-09,146.02281188964844,182.6499938964844,185.8000030517578,181.3500061035156,181.4499969482422,307568
2016-09-12,142.9449005126953,178.8000030517578,181.0,178.0,179.5,184293
2016-09-14,143.5045166015625,179.5,181.0,178.0,178.10000610351562,146198
2016-09-15,144.22401428222656,180.3999938964844,183.5500030517578,179.5,179.89999389648438,231279
2016-09-16,143.66439819335938,179.6999969482422,184.0,179.0500030517578,181.8000030517578,313167
2016-09-19,141.7456817626953,177.3000030517578,181.8500061035156,177.0,180.75,264511
2016-09-20,140.2666473388672,175.4499969482422,178.8000030517578,174.8000030517578,177.8000030517578,322825
2016-09-21,145.5431365966797,182.0500030517578,184.0,174.6999969482422,176.0,669608
2016-09-22,151.6990509033203,189.75,191.0,184.5,187.5,1566577
2016-09-23,147.18203735351562,184.1000061035156,190.3999938964844,183.25,190.0,482502
2016-09-26,151.8189697265625,189.8999938964844,192.3000030517578,183.0500030517578,183.0500030517578,831273
2016-09-27,146.06280517578125,182.6999969482422,191.0,180.5500030517578,189.1999969482422,585154
2016-09-28,145.74302673339844,182.3000030517578,186.0,180.25,183.1000061035156,780790
2016-09-29,139.9868621826172,175.10000610351562,184.6000061035156,170.1999969482422,183.0,985639
2016-09-30,144.14404296875,180.3000030517578,181.9499969482422,171.3000030517578,175.0,1074807
2016-10-03,144.14404296875,180.3000030517578,183.6000061035156,179.25,181.4499969482422,603755
2016-10-04,143.66439819335938,179.6999969482422,181.8999938964844,177.9499969482422,180.25,449587
2016-10-05,146.3426055908203,183.0500030517578,184.8500061035156,178.64999389648438,180.0,1044246
2016-10-06,144.58380126953125,180.8500061035156,186.0,180.0,184.1999969482422,715957
2016-10-07,143.5444793701172,179.5500030517578,181.75,178.89999389648438,180.6999969482422,314674
2016-10-10,143.3845672607422,179.35000610351562,181.5500030517578,178.8000030517578,179.60000610351562,286478
2016-10-13,138.58775329589844,173.35000610351562,179.5500030517578,172.10000610351562,179.25,668936
2016-10-14,138.3878936767578,173.10000610351562,175.5,172.75,173.5,426873
2016-10-17,136.1493682861328,170.3000030517578,173.64999389648438,170.0,172.60000610351562,571520
2016-10-18,135.989501953125,170.10000610351562,172.0,169.39999389648438,171.10000610351562,721355
2016-10-19,135.19004821777344,169.10000610351562,171.5,168.39999389648438,171.0,634397
2016-10-20,138.3878936767578,173.10000610351562,173.9499969482422,170.0,170.0,987209
2016-10-21,139.90689086914062,175.0,177.64999389648438,173.0,173.3000030517578,1023846
2016-10-24,141.2260284423828,176.64999389648438,178.25,173.39999389648438,175.35000610351562,632837
2016-10-25,139.8269500732422,174.89999389648438,177.75,174.5,177.0,215769
2016-10-26,139.22735595703125,174.14999389648438,177.0,173.39999389648438,174.8000030517578,933442
2016-10-27,137.66836547851562,172.1999969482422,175.0,170.60000610351562,174.0,542548
2016-10-28,138.54783630371094,173.3000030517578,176.25,169.0,169.89999389648438,895925
2016-11-01,140.70632934570312,176.0,178.0,172.25,175.0,465522
2016-11-02,143.34461975097656,179.3000030517578,181.3999938964844,173.10000610351562,174.8000030517578,1244131
2016-11-03,143.66439819335938,179.6999969482422,182.5,176.60000610351562,180.3999938964844,773705
2016-11-04,140.7863311767578,176.10000610351562,180.8999938964844,175.0500030517578,178.5,539972
2016-11-07,142.82498168945312,178.64999389648438,179.5,176.6999969482422,177.0500030517578,299521
2016-11-08,141.78565979003906,177.35000610351562,180.25,176.5500030517578,179.4499969482422,251903
2016-11-09,138.3878936767578,173.10000610351562,174.14999389648438,161.35000610351562,167.8000030517578,838422
2016-11-10,140.42654418945312,175.64999389648438,177.89999389648438,175.0,175.39999389648438,269821
2016-11-11,136.3492431640625,170.5500030517578,175.3000030517578,170.0500030517578,173.64999389648438,342271
2016-11-15,132.39187622070312,165.60000610351562,171.0500030517578,161.89999389648438,169.89999389648438,437289
2016-11-16,131.63238525390625,164.64999389648438,170.9499969482422,162.64999389648438,167.60000610351562,223423
2016-11-17,129.63369750976562,162.14999389648438,165.5,161.4499969482422,164.64999389648438,197891
2016-11-18,131.31263732910156,164.25,165.75,159.3000030517578,161.0,375289
2016-11-21,134.9102325439453,168.75,169.6999969482422,165.10000610351562,166.8000030517578,769157
2016-11-22,133.5911102294922,167.10000610351562,170.89999389648438,164.4499969482422,169.5,799561
2016-11-23,134.31063842773438,168.0,169.39999389648438,165.8000030517578,168.0,232358
2016-11-24,137.1087646484375,171.5,172.89999389648438,166.25,167.10000610351562,708672
2016-11-25,136.3892364501953,170.60000610351562,172.9499969482422,169.75,171.5,122718
2016-11-28,138.8275909423828,173.64999389648438,175.89999389648438,169.75,170.6999969482422,467136
2016-11-29,138.10806274414062,172.75,175.8000030517578,172.1999969482422,173.6999969482422,193452
2016-11-30,142.5851287841797,178.35000610351562,179.0,172.5500030517578,173.25,645902
2016-12-01,140.90623474121094,176.25,179.9499969482422,175.5,179.14999389648438,238730
2016-12-02,141.50582885742188,177.0,180.0,174.1999969482422,174.1999969482422,379454
2016-12-05,139.62709045410156,174.64999389648438,176.85000610351562,173.0,176.0,163245
2016-12-06,145.1034393310547,181.5,183.6999969482422,176.0,178.4499969482422,937904
2016-12-07,145.22335815429688,181.6499938964844,189.0,180.3999938964844,185.8000030517578,2147078
2016-12-08,145.8229522705078,182.3999938964844,184.6499938964844,180.8000030517578,184.0,383661
2016-12-09,145.4232177734375,181.8999938964844,183.9499969482422,180.6000061035156,183.0,303818
2016-12-12,150.37994384765625,188.1000061035156,189.0,181.1499938964844,181.5,984137
2016-12-13,148.62109375,185.8999938964844,190.4499969482422,185.25,190.25,766198
2016-12-14,145.74302673339844,182.3000030517578,187.1999969482422,181.3000030517578,186.0,281583
2016-12-15,145.94288635253906,182.5500030517578,185.0,180.0,180.0,223642
2016-12-16,143.5045166015625,179.5,183.6999969482422,179.1999969482422,182.8999938964844,227513
2016-12-19,143.14474487304688,179.0500030517578,181.5,177.10000610351562,179.39999389648438,300496
2016-12-20,141.2260284423828,176.64999389648438,180.6000061035156,175.89999389648438,179.0,146990
2016-12-21,141.58580017089844,177.10000610351562,178.89999389648438,176.5,176.9499969482422,145679
2016-12-22,138.7076873779297,173.5,178.25,172.8000030517578,178.0,286957
2016-12-23,139.10740661621094,174.0,176.3000030517578,171.5500030517578,172.89999389648438,372027
2016-12-26,138.18804931640625,172.85000610351562,174.1999969482422,170.0,173.0,393473
2016-12-27,138.66773986816406,173.4499969482422,174.0,170.85000610351562,172.85000610351562,138319
2016-12-28,140.54649353027344,175.8000030517578,178.39999389648438,173.0,173.89999389648438,389317
2016-12-29,142.1054229736328,177.75,179.8000030517578,173.5500030517578,174.9499969482422,322167
2016-12-30,143.10476684570312,179.0,180.3000030517578,176.64999389648438,178.1999969482422,301976
2017-01-02,142.2653045654297,177.9499969482422,179.35000610351562,177.3000030517578,179.0,199774
2017-01-03,142.4252166748047,178.14999389648438,178.85000610351562,176.25,178.14999389648438,391794
2017-01-04,143.10476684570312,179.0,180.3000030517578,177.10000610351562,178.39999389648438,262106
2017-01-05,145.2633514404297,181.6999969482422,182.1999969482422,179.0,179.39999389648438,334776
2017-01-06,143.18470764160156,179.10000610351562,183.0,178.35000610351562,182.1000061035156,408136
2017-01-09,143.10476684570312,179.0,181.25,178.35000610351562,179.1999969482422,139377
2017-01-10,143.7843475341797,179.85000610351562,181.3500061035156,178.3000030517578,179.1999969482422,295374
2017-01-11,143.14474487304688,179.0500030517578,181.3999938964844,178.3000030517578,180.0,370361
2017-01-12,148.66107177734375,185.9499969482422,189.8500061035156,178.60000610351562,179.4499969482422,1965271
2017-01-13,148.7010498046875,186.0,188.3000030517578,184.3000030517578,187.3999938964844,756601
2017-01-16,148.7410430908203,186.0500030517578,187.8999938964844,184.1000061035156,185.1000061035156,250517
2017-01-17,148.7410430908203,186.0500030517578,187.1999969482422,183.1999969482422,186.3000030517578,342879
2017-01-18,148.7010498046875,186.0,188.8999938964844,185.3500061035156,186.25,293068
2017-01-19,158.09478759765625,197.75,201.0,185.1999969482422,186.0,15133951
2017-01-20,154.05747985839844,192.6999969482422,200.8000030517578,191.6499938964844,199.3999938964844,2428314
2017-01-23,155.49647521972656,194.5,197.6999969482422,193.25,193.5,552538
2017-01-24,156.9755401611328,196.3500061035156,198.3500061035156,194.0500030517578,195.1499938964844,825448
2017-01-25,155.7363739013672,194.8000030517578,197.0,194.0,196.6499938964844,957529
2017-01-27,162.65174865722656,203.4499969482422,204.9499969482422,194.1999969482422,196.1499938964844,1946165
2017-01-30,156.7756805419922,196.1000061035156,203.9499969482422,195.3500061035156,203.0,1068821
2017-01-31,155.1367645263672,194.0500030517578,200.9499969482422,192.25,197.0,755423
2017-02-01,158.57449340820312,198.3500061035156,199.6999969482422,193.0,194.9499969482422,631920
2017-02-02,156.9755401611328,196.3500061035156,201.4499969482422,195.5,197.3500061035156,569642
2017-02-03,158.3746337890625,198.1000061035156,199.9499969482422,195.8500061035156,196.9499969482422,498284
2017-02-06,158.29464721679688,198.0,200.5,197.25,198.75,248408
2017-02-07,167.48855590820312,209.5,211.4499969482422,196.6499938964844,198.0,2622143
2017-02-08,167.80831909179688,209.8999938964844,211.8500061035156,207.5,210.0,949220
2017-02-09,166.5291748046875,208.3000030517578,214.1999969482422,207.75,210.25,583867
2017-02-10,166.68907165527344,208.5,211.0,194.5,194.5,4407707
2017-02-13,165.13014221191406,206.5500030517578,208.8500061035156,201.6999969482422,208.0,592801
2017-02-14,165.4498748779297,206.9499969482422,211.1999969482422,205.0,206.9499969482422,615576
2017-02-15,160.77301025390625,201.1000061035156,207.3999938964844,199.8000030517578,206.6499938964844,497574
2017-02-16,163.25132751464844,204.1999969482422,205.1499938964844,201.25,202.1999969482422,273723
2017-02-17,165.13014221191406,206.5500030517578,207.8999938964844,202.9499969482422,205.0,315023
2017-02-20,164.89028930664062,206.25,208.5,204.3000030517578,206.25,259646
2017-02-21,164.57049560546875,205.8500061035156,207.1999969482422,204.1000061035156,206.1999969482422,217871
2017-02-22,164.13079833984375,205.3000030517578,213.1499938964844,203.6499938964844,206.1999969482422,1270518
2017-02-23,160.17344665527344,200.3500061035156,206.6999969482422,199.4499969482422,203.9499969482422,1065586
2017-02-27,161.97222900390625,202.6000061035156,204.8500061035156,201.0,201.1999969482422,617853
2017-02-28,164.13079833984375,205.3000030517578,208.1000061035156,202.75,202.8000030517578,607380
2017-03-01,165.8896026611328,207.5,211.8999938964844,204.9499969482422,205.1999969482422,764289
2017-03-02,160.6930389404297,201.0,208.9499969482422,200.0500030517578,208.5,404428
2017-03-03,160.57315063476562,200.8500061035156,202.6499938964844,199.5,199.5,515606
2017-03-06,160.0934600830078,200.25,203.8999938964844,198.8000030517578,201.0,1055691
2017-03-07,160.4132537841797,200.6499938964844,204.9499969482422,200.1499938964844,201.5500030517578,563346
2017-03-08,159.49386596679688,199.5,202.1999969482422,197.8500061035156,201.0,591011
2017-03-09,155.85629272460938,194.9499969482422,201.3000030517578,194.4499969482422,198.6999969482422,623140
2017-03-10,155.41656494140625,194.3999938964844,197.6499938964844,193.25,196.1000061035156,433195
2017-03-14,156.65576171875,195.9499969482422,201.5,195.25,201.0,632244
2017-03-15,152.85829162597656,191.1999969482422,198.3000030517578,190.5,196.3500061035156,1020717
2017-03-16,160.65309143066406,200.9499969482422,204.0,191.8000030517578,192.8000030517578,2347922
2017-03-17,168.00819396972656,210.1499938964844,211.4499969482422,202.1999969482422,204.0,2706819
2017-03-20,171.92556762695312,215.0500030517578,217.0,207.75,207.75,1310713
2017-03-21,172.36529541015625,215.6000061035156,218.75,214.25,216.0,1337188
2017-03-22,171.965576171875,215.1000061035156,217.5500030517578,211.1000061035156,212.1999969482422,1249508
2017-03-23,174.80368041992188,218.6499938964844,222.25,215.1000061035156,215.1000061035156,1471500
2017-03-24,173.28466796875,216.75,223.8500061035156,216.1499938964844,220.3500061035156,655199
2017-03-27,171.92556762695312,215.0500030517578,218.0500030517578,213.75,216.0,506108
2017-03-28,173.4845428466797,217.0,219.0,215.1000061035156,215.3500061035156,485271
2017-03-29,179.3606414794922,224.3500061035156,228.3999938964844,218.0500030517578,218.3999938964844,1889996
2017-03-30,189.07415771484372,236.5,241.9499969482422,223.8000030517578,225.8999938964844,1384323
2017-03-31,184.15745544433597,230.3500061035156,239.6499938964844,226.75,233.1000061035156,2156050
2017-04-03,188.99424743652344,236.3999938964844,238.8500061035156,223.5,230.1999969482422,1492653
2017-04-05,187.07550048828125,234.0,237.75,232.8500061035156,235.3999938964844,473577
2017-04-06,185.1568145751953,231.6000061035156,237.6499938964844,230.5,233.9499969482422,442310
2017-04-07,183.67774963378903,229.75,233.3000030517578,226.1999969482422,231.5,845494
2017-04-10,177.12213134765625,221.5500030517578,230.8999938964844,220.3000030517578,229.5,919360
2017-04-11,177.60179138183594,222.1499938964844,225.5500030517578,216.8999938964844,222.5500030517578,1374863
2017-04-12,171.72572326660156,214.8000030517578,222.4499969482422,213.3999938964844,221.5,932795
2017-04-13,172.24537658691406,215.4499969482422,217.5,209.5,214.8999938964844,1198520
2017-04-17,170.1267852783203,212.8000030517578,220.25,212.0,216.0,644185
2017-04-18,171.3260040283203,214.3000030517578,222.8999938964844,212.8999938964844,213.6000061035156,753154
2017-04-19,177.00218200683594,221.3999938964844,221.9499969482422,213.1999969482422,214.9499969482422,950721
2017-04-20,179.4405975341797,224.4499969482422,225.6999969482422,219.5,222.0,1244441
2017-04-21,175.60313415527344,219.6499938964844,229.0,218.1000061035156,224.8999938964844,1011168
2017-04-24,185.6764373779297,232.25,235.0,219.6000061035156,220.8999938964844,1868792
2017-04-25,184.91696166992188,231.3000030517578,232.8999938964844,226.3999938964844,232.5,962120
2017-04-26,181.5591583251953,227.1000061035156,235.3999938964844,223.6499938964844,231.8999938964844,1177896
2017-04-27,181.7590789794922,227.3500061035156,233.1999969482422,222.1499938964844,227.0,1390952
2017-04-28,181.67913818359372,227.25,229.8500061035156,225.5,227.0,427422
2017-05-02,178.96092224121094,223.8500061035156,228.9499969482422,221.1000061035156,227.4499969482422,609629
2017-05-03,177.84161376953125,222.4499969482422,227.0,220.4499969482422,224.1000061035156,471533
2017-05-04,175.88294982910156,220.0,224.6499938964844,218.3500061035156,222.5,861286
2017-05-05,175.00355529785156,218.8999938964844,223.1999969482422,217.5500030517578,220.0,940671
2017-05-08,179.48057556152344,224.5,227.5,217.5500030517578,219.75,1460821
2017-05-09,180.6797332763672,226.0,228.8500061035156,224.0,225.75,1154638
2017-05-10,181.07948303222656,226.5,229.8000030517578,225.3999938964844,228.0,657613
2017-05-11,178.6811065673828,223.5,228.8000030517578,222.25,226.9499969482422,682458
2017-05-12,170.8463134765625,213.6999969482422,226.3500061035156,211.1499938964844,223.0,1374613
2017-05-15,171.16612243652344,214.1000061035156,215.6499938964844,211.6000061035156,214.0,684175
2017-05-16,170.8463134765625,213.6999969482422,217.6000061035156,210.5500030517578,214.3999938964844,1137060
2017-05-17,171.36598205566406,214.3500061035156,217.1000061035156,213.5,213.9499969482422,458404
2017-05-18,161.97222900390625,202.6000061035156,214.6999969482422,201.0,213.0,889149
2017-05-19,163.73104858398438,204.8000030517578,208.8999938964844,201.4499969482422,205.0,716598
2017-05-22,158.41458129882812,198.1499938964844,207.1499938964844,196.0,205.8000030517578,963566
2017-05-23,150.97952270507812,188.8500061035156,198.6999969482422,187.1000061035156,198.6999969482422,1071159
2017-05-24,155.7363739013672,194.8000030517578,201.8000030517578,191.0,192.3999938964844,2329608
2017-05-25,158.85427856445312,198.6999969482422,199.8999938964844,191.8999938964844,196.1499938964844,799812
2017-05-26,155.5764923095703,194.6000061035156,198.0500030517578,193.1999969482422,197.9499969482422,684351
2017-05-29,148.82095336914062,186.1499938964844,195.3500061035156,185.0500030517578,194.75,829481
2017-05-30,150.10011291503906,187.75,189.8500061035156,181.5,185.0,1012052
2017-05-31,152.5384979248047,190.8000030517578,192.0,186.5,187.5500030517578,792726
2017-06-01,152.1387481689453,190.3000030517578,193.25,188.1000061035156,192.8000030517578,432685
2017-06-02,152.05882263183594,190.1999969482422,192.3500061035156,189.1000061035156,190.5,247772
2017-06-05,152.37860107421875,190.6000061035156,193.0,188.8500061035156,192.0,481556
2017-06-06,151.2193603515625,189.1499938964844,191.1000061035156,185.9499969482422,190.9499969482422,400371
2017-06-07,151.7789764404297,189.8500061035156,191.8000030517578,186.0500030517578,189.3999938964844,365104
2017-06-08,154.2054901123047,190.6499938964844,192.3000030517578,186.5,187.75,541914
2017-06-09,151.73855590820312,187.6000061035156,191.5,186.5,190.8999938964844,416701
2017-06-12,149.8782501220703,185.3000030517578,192.3500061035156,183.3000030517578,186.9499969482422,1157007
2017-06-13,148.38185119628906,183.4499969482422,186.8999938964844,182.6999969482422,186.8999938964844,343040
2017-06-14,149.35247802734375,184.6499938964844,186.3999938964844,178.6999969482422,184.0,2050118
2017-06-15,150.5657196044922,186.1499938964844,188.8000030517578,182.8999938964844,184.0,542115
2017-06-16,149.02894592285156,184.25,187.3999938964844,183.25,186.1499938964844,402769
2017-06-19,146.84506225585938,181.5500030517578,184.75,179.5,184.5,800312
2017-06-20,151.33413696289062,187.1000061035156,187.4499969482422,181.6999969482422,182.0,593268
2017-06-21,148.17965698242188,183.1999969482422,187.9499969482422,182.5,186.6999969482422,705927
2017-06-22,145.95535278320312,180.4499969482422,184.5500030517578,179.5,183.3999938964844,461691
2017-06-23,142.59864807128906,176.3000030517578,181.8500061035156,175.3000030517578,181.0,414909
2017-06-27,141.14271545410156,174.5,177.6999969482422,171.5,177.6999969482422,432028
2017-06-28,140.90008544921875,174.1999969482422,176.60000610351562,172.3000030517578,174.0,456158
2017-06-29,143.36705017089844,177.25,180.1999969482422,174.60000610351562,175.60000610351562,1727408
2017-06-30,143.69061279296875,177.64999389648438,178.4499969482422,175.0,176.8000030517578,268544
2017-07-03,144.21630859375,178.3000030517578,179.9499969482422,177.0,179.9499969482422,310039
2017-07-04,148.9075927734375,184.1000061035156,185.6000061035156,177.60000610351562,178.3000030517578,1007768
2017-07-05,153.6393280029297,189.9499969482422,191.0,184.5,185.5,959562
2017-07-06,151.6172332763672,187.4499969482422,192.1499938964844,186.75,191.0,525403
2017-07-07,150.4039764404297,185.9499969482422,189.0,184.8000030517578,187.4499969482422,467344
2017-07-10,152.9518280029297,189.1000061035156,190.0500030517578,185.0,188.5,247136
2017-07-11,151.37457275390625,187.1499938964844,191.3999938964844,186.1999969482422,189.0,570112
2017-07-12,151.09149169921875,186.8000030517578,189.6000061035156,185.5500030517578,187.0,266454
2017-07-13,149.91867065429688,185.3500061035156,189.75,184.25,188.0,451332
2017-07-14,147.20904541015625,182.0,186.3500061035156,181.3999938964844,185.25,590608
2017-07-17,146.9259490966797,181.6499938964844,184.8999938964844,181.0500030517578,183.0,355810
2017-07-18,146.1575469970703,180.6999969482422,182.9499969482422,179.3000030517578,181.0,566386
2017-07-19,148.13919067382812,183.1499938964844,183.8999938964844,180.3999938964844,181.0,236229
2017-07-20,146.52149963378906,181.1499938964844,184.5,180.4499969482422,183.8999938964844,348548
2017-07-21,145.9958038330078,180.5,183.4499969482422,179.8000030517578,182.1999969482422,591117
2017-07-24,145.30825805664062,179.64999389648438,181.6999969482422,179.0,180.5,327637
2017-07-25,144.05455017089844,178.10000610351562,180.3000030517578,176.64999389648438,180.10000610351562,507820
2017-07-26,144.98472595214844,179.25,181.1999969482422,177.3000030517578,178.10000610351562,462505
2017-07-27,145.10604858398438,179.39999389648438,182.8999938964844,178.5,179.14999389648438,2313909
2017-07-28,147.3708038330078,182.1999969482422,183.8000030517578,178.5,179.6999969482422,535113
2017-07-31,147.1686248779297,181.9499969482422,183.8999938964844,180.0,183.0500030517578,513209
2017-08-01,147.12814331054688,181.8999938964844,190.3500061035156,180.1999969482422,182.0,7090360
2017-08-02,148.13919067382812,183.1499938964844,186.3500061035156,182.0,183.3500061035156,1843166
2017-08-03,148.58404541015625,183.6999969482422,186.9499969482422,181.8999938964844,183.6999969482422,2521679
2017-08-04,151.45547485351562,187.25,189.4499969482422,183.0,183.0,3249090
2017-08-07,163.0623321533203,201.6000061035156,203.75,193.0,195.0,5062608
2017-08-08,160.0696258544922,197.8999938964844,203.6999969482422,193.1000061035156,203.0,2375567
2017-08-09,158.12840270996094,195.5,201.8500061035156,194.0,197.0,1416685
2017-08-10,153.1136016845703,189.3000030517578,197.3999938964844,186.6999969482422,193.5,1286165
2017-08-11,156.99603271484375,194.1000061035156,195.3999938964844,183.3999938964844,186.8999938964844,1853074
2017-08-14,164.23513793945312,203.0500030517578,204.8999938964844,196.1000061035156,197.3500061035156,1916983
2017-08-16,170.746337890625,211.1000061035156,213.8999938964844,205.6999969482422,205.8500061035156,3546280
2017-08-17,170.86764526367188,211.25,216.8000030517578,210.3000030517578,212.8000030517578,1665613
2017-08-18,173.1728515625,214.1000061035156,215.5,206.1000061035156,209.9499969482422,1736659
2017-08-21,171.15072631835938,211.6000061035156,218.8999938964844,210.5,215.5500030517578,1373741
2017-08-22,168.68377685546875,208.5500030517578,217.0,207.3999938964844,217.0,1419907
2017-08-23,169.33087158203125,209.3500061035156,211.4499969482422,207.6499938964844,210.1499938964844,782745
2017-08-24,169.816162109375,209.9499969482422,212.0,208.6999969482422,209.6999969482422,726706
2017-08-28,172.80886840820312,213.6499938964844,215.3999938964844,210.0500030517578,211.3999938964844,1024247
2017-08-29,170.18011474609375,210.3999938964844,214.3999938964844,209.1000061035156,212.3999938964844,852495
2017-08-30,171.39337158203125,211.8999938964844,215.3999938964844,211.3000030517578,211.6000061035156,1049800
2017-08-31,169.97792053222656,210.1499938964844,214.0,209.3000030517578,212.5,1872653
2017-09-01,170.7867431640625,211.1499938964844,213.1000061035156,210.1499938964844,210.3999938964844,512468
2017-09-04,175.72067260742188,217.25,219.1000061035156,207.5,210.0,2235549
2017-09-05,178.34939575195312,220.5,223.3000030517578,217.5,219.0,2426127
2017-09-06,177.17660522460938,219.0500030517578,222.0,217.0,218.0,1099911
2017-09-07,176.3273162841797,218.0,221.8999938964844,217.3999938964844,220.0,557197
2017-09-08,180.8568420410156,223.6000061035156,226.8999938964844,218.3000030517578,218.8999938964844,2707449
2017-09-11,182.9193572998047,226.1499938964844,228.1999969482422,223.6999969482422,225.0,1235056
2017-09-12,184.3348388671875,227.8999938964844,229.3000030517578,225.6000061035156,226.5,1640215
2017-09-13,180.1288604736328,222.6999969482422,231.8999938964844,221.75,228.25,2342078
2017-09-14,181.13992309570312,223.9499969482422,226.5500030517578,222.8000030517578,222.8999938964844,1253548
2017-09-15,178.10678100585938,220.1999969482422,224.3500061035156,218.5,223.0,915004
2017-09-18,180.1288604736328,222.6999969482422,224.75,221.6999969482422,221.8999938964844,664842
2017-09-19,182.7980194091797,226.0,228.1000061035156,222.6499938964844,223.0,918059
2017-09-20,185.7098693847656,229.6000061035156,232.8500061035156,228.0,230.5,2520698
2017-09-21,184.1326446533203,227.6499938964844,232.5,225.75,230.3999938964844,1600639
2017-09-22,174.4669952392578,215.6999969482422,227.1000061035156,214.3000030517578,227.0500030517578,1145602
2017-09-25,177.70236206054688,219.6999969482422,221.6999969482422,209.1999969482422,214.6999969482422,1888111
2017-09-26,176.00379943847656,217.6000061035156,221.6000061035156,216.8999938964844,218.3000030517578,741237
2017-09-27,169.8970184326172,210.0500030517578,218.0500030517578,208.75,217.6999969482422,606655
2017-09-28,168.885986328125,208.8000030517578,216.1499938964844,207.6999969482422,210.0500030517578,1132214
2017-09-29,170.3419189453125,210.6000061035156,214.0,209.5500030517578,210.1000061035156,965460
2017-10-03,171.35293579101562,211.8500061035156,214.5,210.5,212.1999969482422,440358
2017-10-04,171.91912841796875,212.5500030517578,215.3999938964844,210.5,212.25,1020057
2017-10-05,175.11404418945312,216.5,217.3999938964844,212.5,212.9499969482422,403625
2017-10-06,177.0552978515625,218.8999938964844,220.8999938964844,217.0500030517578,218.6999969482422,569162
2017-10-09,174.669189453125,215.9499969482422,220.25,214.0,219.6000061035156,586216
2017-10-10,173.90078735351562,215.0,217.3000030517578,213.0,217.25,348452
2017-10-11,173.0110626220703,213.8999938964844,219.1499938964844,211.3999938964844,215.0,633054
2017-10-12,182.8789520263672,226.1000061035156,227.3500061035156,214.0500030517578,215.6999969482422,1937586
2017-10-13,188.5408172607422,233.1000061035156,234.8999938964844,225.25,227.3500061035156,2233325
2017-10-16,189.8753967285156,234.75,236.75,228.6000061035156,236.0,1869197
2017-10-17,195.82037353515625,242.1000061035156,244.25,231.0,235.8999938964844,1473422
2017-10-18,196.91232299804688,243.4499969482422,246.3000030517578,240.8000030517578,243.0,1280802
2017-10-19,200.7138671875,248.1499938964844,249.75,243.0,244.0,757624
2017-10-23,214.66635131835935,265.3999938964844,272.5,248.1499938964844,249.9499969482422,3870616
2017-10-24,215.7987365722656,266.79998779296875,277.95001220703125,264.04998779296875,271.0,4012762
2017-10-25,217.4568634033203,268.8500061035156,273.0,261.54998779296875,267.6000061035156,2269446
2017-10-26,214.38327026367188,265.04998779296875,270.1000061035156,262.95001220703125,269.3999938964844,2095735
2017-10-27,218.670166015625,270.3500061035156,274.0,265.5,266.79998779296875,1348094
2017-10-30,223.6849365234375,276.54998779296875,278.5,266.95001220703125,268.79998779296875,1300024
2017-10-31,219.43850708007807,271.29998779296875,277.1499938964844,268.29998779296875,275.0,1223021
2017-11-01,228.98287963867188,283.1000061035156,285.29998779296875,270.6000061035156,273.0,2552028
2017-11-02,226.71807861328125,280.29998779296875,285.6000061035156,275.54998779296875,285.0,1734986
2017-11-03,221.5414886474609,273.8999938964844,283.0,273.0,280.8500061035156,1220405
2017-11-06,220.08560180664065,272.1000061035156,276.20001220703125,269.1000061035156,274.3999938964844,1400545
2017-11-07,221.74371337890625,274.1499938964844,288.54998779296875,271.29998779296875,285.95001220703125,4137723
2017-11-08,218.34661865234372,269.95001220703125,278.3999938964844,267.20001220703125,276.8999938964844,716299
2017-11-09,215.19210815429688,266.04998779296875,272.8999938964844,259.8500061035156,270.8999938964844,1209696
2017-11-10,212.28028869628903,262.45001220703125,269.04998779296875,260.5,264.95001220703125,1189862
2017-11-13,206.21397399902344,254.9499969482422,265.29998779296875,253.8000030517578,262.8999938964844,595829
2017-11-14,202.85726928710935,250.8000030517578,259.0,249.8500061035156,255.1000061035156,1392706
2017-11-15,201.32046508789065,248.8999938964844,255.6499938964844,245.6000061035156,251.3999938964844,863211
2017-11-16,211.67364501953125,261.70001220703125,262.8999938964844,249.6000061035156,250.5500030517578,1381554
2017-11-17,212.6038360595703,262.8500061035156,266.5,260.54998779296875,265.0,956436
2017-11-20,217.5782012939453,269.0,271.8500061035156,262.1499938964844,262.95001220703125,1261309
2017-11-21,216.1627349853516,267.25,273.0,265.25,270.0,965599
2017-11-22,216.6480255126953,267.8500061035156,269.70001220703125,264.0,268.3999938964844,688834
2017-11-23,218.71060180664065,270.3999938964844,273.79998779296875,266.1000061035156,267.95001220703125,1157412
2017-11-24,220.08560180664065,272.1000061035156,273.8500061035156,268.5,268.5,1010646
2017-11-27,224.85775756835935,278.0,279.04998779296875,270.04998779296875,270.5,1292242
2017-11-28,231.40939331054688,286.1000061035156,289.0,275.8999938964844,277.0,2828699
2017-11-29,226.2732086181641,279.75,287.6000061035156,278.20001220703125,284.6000061035156,957272
2017-11-30,231.65200805664065,286.3999938964844,288.45001220703125,275.54998779296875,278.0,3142851
2017-12-01,222.30995178222656,274.8500061035156,286.8500061035156,273.6000061035156,283.70001220703125,1648093
2017-12-04,219.7621154785156,271.70001220703125,278.6000061035156,266.70001220703125,275.0,862015
2017-12-05,219.923828125,271.8999938964844,272.8500061035156,265.5,269.04998779296875,665458
2017-12-06,214.0597686767578,264.6499938964844,274.0,263.5,268.5,1023584
2017-12-07,218.79147338867188,270.5,272.0,264.3999938964844,265.79998779296875,662843
2017-12-08,220.6518096923828,272.79998779296875,278.8999938964844,271.5,275.5,995184
2017-12-11,219.80252075195312,271.75,276.75,270.3500061035156,273.25,753322
2017-12-12,215.3134765625,266.20001220703125,271.75,264.8999938964844,271.5,389492
2017-12-13,208.3978729248047,257.6499938964844,267.0,255.1000061035156,264.5,896892
2017-12-14,213.0891265869141,263.45001220703125,265.29998779296875,252.5,258.8999938964844,961857
2017-12-15,213.73619079589844,264.25,268.75,262.3999938964844,267.04998779296875,793079
2017-12-18,212.7251434326172,263.0,267.45001220703125,249.8000030517578,263.5,1041618
2017-12-19,215.5157012939453,266.45001220703125,269.45001220703125,263.3999938964844,263.6499938964844,587437
2017-12-20,217.41644287109372,268.79998779296875,272.20001220703125,265.04998779296875,265.04998779296875,1192538
2017-12-21,224.17027282714844,277.1499938964844,279.0,266.25,267.5,1715562
2017-12-22,221.7032623291016,274.1000061035156,280.8999938964844,273.04998779296875,280.0,1570805
2017-12-26,221.5414886474609,273.8999938964844,277.0,272.70001220703125,273.8999938964844,906433
2017-12-27,222.30995178222656,274.8500061035156,281.0,272.54998779296875,273.6000061035156,1509906
2017-12-28,219.600341796875,271.5,276.29998779296875,270.6000061035156,274.29998779296875,726539
2017-12-29,229.10423278808597,283.25,284.5,272.1499938964844,272.1499938964844,2249297
2018-01-01,230.47921752929688,284.95001220703125,293.25,279.1499938964844,284.0,2175223
2018-01-02,224.73643493652344,277.8500061035156,286.8999938964844,275.70001220703125,285.25,1251589
2018-01-03,225.0599670410156,278.25,281.70001220703125,276.6000061035156,279.95001220703125,895484
2018-01-04,226.9607391357422,280.6000061035156,282.3500061035156,276.79998779296875,279.20001220703125,731877
2018-01-05,226.8394317626953,280.45001220703125,285.70001220703125,278.1000061035156,278.79998779296875,1060647
2018-01-08,229.50860595703125,283.75,285.0,279.6000061035156,280.0,1634150
2018-01-09,234.64476013183597,290.1000061035156,291.95001220703125,280.04998779296875,283.75,2228895
2018-01-10,237.5160980224609,293.6499938964844,299.75,291.1000061035156,292.0,3622501
2018-01-11,236.0197906494141,291.79998779296875,296.70001220703125,289.5,292.0,1217681
2018-01-12,238.24407958984372,294.54998779296875,303.8500061035156,290.3999938964844,292.8500061035156,3863749
2018-01-15,235.85801696777344,291.6000061035156,297.1499938964844,290.1499938964844,295.0,719755
2018-01-16,227.7291412353516,281.54998779296875,292.6499938964844,280.0,291.54998779296875,759804
2018-01-17,235.73670959472656,291.45001220703125,292.70001220703125,274.1000061035156,281.5,1434468
2018-01-18,236.9499969482422,292.95001220703125,295.70001220703125,282.20001220703125,292.3500061035156,2972725
2018-01-19,244.9170379638672,302.79998779296875,305.29998779296875,287.5,292.3999938964844,2871058
2018-01-22,247.1817626953125,305.6000061035156,307.3500061035156,296.6000061035156,303.0,1204860
2018-01-23,240.4683532714844,297.29998779296875,305.8999938964844,295.54998779296875,303.5,1114639
2018-01-24,236.54559326171875,292.45001220703125,297.3999938964844,290.25,296.95001220703125,683576
2018-01-25,229.9130706787109,284.25,296.3999938964844,283.0,292.79998779296875,1518962
2018-01-29,227.0416412353516,280.70001220703125,286.8999938964844,279.0,284.0,1047030
2018-01-30,226.07102966308597,279.5,283.75,277.3999938964844,279.0,963267
2018-01-31,230.88368225097656,285.45001220703125,290.75,275.25,279.0,1416923
2018-02-01,224.45333862304688,277.5,285.0,273.70001220703125,284.5,875146
2018-02-02,211.4714508056641,261.45001220703125,275.5,256.04998779296875,275.5,888189
2018-02-05,204.4345245361328,252.75,257.6000061035156,244.8500061035156,251.5,1378836
2018-02-06,196.18435668945312,242.5500030517578,246.3000030517578,230.0,240.0,1747168
2018-02-07,198.77264404296875,245.75,249.75,239.6000061035156,246.6999969482422,1096471
2018-02-08,208.2765350341797,257.5,263.3999938964844,251.1499938964844,256.0,3375631
2018-02-09,217.17379760742188,268.5,269.25,248.0500030517578,249.0,2067974
2018-02-12,218.46795654296875,270.1000061035156,275.3999938964844,268.1000061035156,271.95001220703125,1149505
2018-02-14,219.84295654296875,271.79998779296875,275.95001220703125,270.1000061035156,271.3500061035156,1070510
2018-02-15,218.0230712890625,269.54998779296875,278.70001220703125,265.79998779296875,278.70001220703125,1576373
2018-02-16,214.8685760498047,265.6499938964844,273.8999938964844,263.79998779296875,270.8999938964844,432799
2018-02-19,210.09640502929688,259.75,266.1499938964844,257.1000061035156,265.0,409325
2018-02-20,212.03762817382807,262.1499938964844,265.95001220703125,257.3500061035156,259.5,1904616
2018-02-21,210.8243560791016,260.6499938964844,266.1000061035156,258.25,263.8500061035156,1372569
2018-02-22,205.72866821289065,254.3500061035156,260.3999938964844,252.8500061035156,257.25,1513731
2018-02-23,213.37222290039065,263.79998779296875,265.5,254.75,255.6999969482422,1153410
2018-02-26,224.97911071777344,278.1499938964844,280.04998779296875,262.3500061035156,264.79998779296875,2107058
2018-02-27,218.2252655029297,269.79998779296875,280.70001220703125,269.0,280.20001220703125,1403888
2018-02-28,214.0597686767578,264.6499938964844,268.75,262.29998779296875,268.0,858778
2018-03-01,215.27296447753903,266.1499938964844,272.6000061035156,263.6000061035156,264.0,950377
2018-03-05,208.7213897705078,258.04998779296875,266.45001220703125,255.6499938964844,266.45001220703125,1588224
2018-03-06,209.24713134765625,258.70001220703125,266.29998779296875,257.5,259.0,2256273
2018-03-07,205.04116821289065,253.5,260.5,250.1000061035156,257.70001220703125,1455078
2018-03-08,206.17355346679688,254.8999938964844,258.29998779296875,248.6000061035156,257.1000061035156,1570624
2018-03-09,204.03012084960935,252.25,257.0,250.3000030517578,256.29998779296875,703784
2018-03-12,205.48602294921875,254.0500030517578,255.8500061035156,249.25,254.8999938964844,624702
2018-03-13,205.97134399414065,254.6499938964844,258.70001220703125,252.9499969482422,253.6499938964844,604191
2018-03-14,202.9786071777344,250.9499969482422,255.3500061035156,249.1000061035156,253.3500061035156,943674
2018-03-15,204.3536376953125,252.6499938964844,256.0,249.3999938964844,250.6999969482422,708131
2018-03-16,203.1403961181641,251.1499938964844,255.75,249.0,252.6999969482422,481182
2018-03-19,194.12181091308597,240.0,251.75,239.1000061035156,250.5,1368083
2018-03-20,192.7872467041016,238.3500061035156,242.3500061035156,235.1499938964844,237.6999969482422,384759
2018-03-21,191.73573303222656,237.0500030517578,243.6000061035156,236.0,240.1000061035156,877119
2018-03-22,187.24668884277344,231.5,238.4499969482422,230.1000061035156,237.3000030517578,763575
2018-03-23,181.1803436279297,224.0,227.0,221.4499969482422,226.1999969482422,680048
2018-03-26,189.26876831054688,234.0,235.8999938964844,216.0,224.0,2123312
2018-03-27,188.2577362060547,232.75,236.6999969482422,230.8000030517578,234.8000030517578,995986
2018-03-28,185.4267578125,229.25,232.5500030517578,226.1499938964844,229.8999938964844,2148981
2018-04-02,189.34967041015625,234.1000061035156,234.8999938964844,227.0,230.0,591771
2018-04-03,194.0004730224609,239.8500061035156,240.6499938964844,231.25,234.0,815521
2018-04-04,189.75405883789065,234.6000061035156,243.25,232.6499938964844,240.8999938964844,1247226
2018-04-05,196.14393615722656,242.5,244.1999969482422,237.4499969482422,238.6999969482422,697257
2018-04-06,200.51168823242188,247.8999938964844,249.5,239.5500030517578,242.5,746772
2018-04-09,202.93817138671875,250.8999938964844,252.75,244.25,248.9499969482422,822816
2018-04-10,201.52268981933597,249.1499938964844,252.0,247.0500030517578,251.0,562306
2018-04-11,200.51168823242188,247.8999938964844,249.75,245.1999969482422,249.0,310478
2018-04-12,199.46018981933597,246.6000061035156,249.1499938964844,245.1000061035156,247.8999938964844,533991
2018-04-13,197.1954498291016,243.8000030517578,249.6000061035156,242.0,245.3999938964844,577061
2018-04-16,195.5373077392578,241.75,244.3500061035156,240.5,243.3500061035156,511506
2018-04-17,194.3240203857422,240.25,244.4499969482422,238.9499969482422,242.0,625990
2018-04-18,192.74679565429688,238.3000030517578,242.3000030517578,236.3000030517578,242.0,582080
2018-04-19,192.8680877685547,238.4499969482422,240.3999938964844,236.6499938964844,239.1000061035156,553698
2018-04-20,188.2577362060547,232.75,238.1000061035156,231.3500061035156,237.9499969482422,887306
2018-04-23,194.2835693359375,240.1999969482422,242.0,231.8000030517578,232.3999938964844,2374664
2018-04-24,194.40493774414065,240.3500061035156,245.25,239.6499938964844,240.6000061035156,942536
2018-04-25,190.4011688232422,235.3999938964844,240.0,234.5500030517578,240.0,725366
2018-04-26,192.22105407714844,237.6499938964844,241.0,232.3000030517578,234.1999969482422,1673348
2018-04-27,195.0924072265625,241.1999969482422,243.75,238.6499938964844,239.5,381688
2018-04-30,199.8241271972656,247.0500030517578,248.6999969482422,240.5,241.5,759368
2018-05-02,195.41598510742188,241.6000061035156,250.5,240.8000030517578,247.1000061035156,449433
2018-05-03,196.34613037109372,242.75,245.3000030517578,239.1000061035156,239.1000061035156,456451
2018-05-04,195.37551879882807,241.5500030517578,244.5,240.1999969482422,241.8500061035156,589903
2018-05-07,195.0115509033203,241.1000061035156,243.8500061035156,239.1000061035156,241.3000030517578,382935
2018-05-08,196.22482299804688,242.6000061035156,243.8999938964844,238.3500061035156,240.6499938964844,710613
2018-05-09,196.14393615722656,242.5,244.8999938964844,239.3000030517578,240.3999938964844,524624
2018-05-10,189.8753967285156,234.75,244.0,233.1000061035156,241.0500030517578,340993
2018-05-11,190.1180725097656,235.0500030517578,239.0,232.75,234.8000030517578,632209
2018-05-14,185.0627899169922,228.8000030517578,235.6499938964844,226.3000030517578,234.0,762677
2018-05-15,184.3348388671875,227.8999938964844,233.5,226.3000030517578,228.0,526034
2018-05-16,182.8789520263672,226.1000061035156,230.6000061035156,222.6999969482422,225.0,472378
2018-05-17,188.37905883789065,232.8999938964844,234.8000030517578,224.3500061035156,226.3000030517578,816964
2018-05-18,181.70611572265625,224.6499938964844,232.8999938964844,223.8500061035156,231.3500061035156,343681
2018-05-21,176.81263732910156,218.6000061035156,227.4499969482422,217.25,224.6499938964844,517327
2018-05-22,180.04798889160156,222.6000061035156,225.3500061035156,215.25,217.75,642495
2018-05-23,173.09194946289062,214.0,224.3500061035156,211.8999938964844,219.5,921794
2018-05-24,174.99273681640625,216.3500061035156,217.8999938964844,212.8000030517578,214.6000061035156,502324
2018-05-25,186.0738525390625,230.0500030517578,231.3999938964844,216.3500061035156,216.3999938964844,723111
2018-05-28,192.3018951416016,237.75,238.9499969482422,230.0,230.0,658855
2018-05-29,195.82037353515625,242.1000061035156,243.8000030517578,234.0,239.0,1088680
2018-05-30,205.64779663085935,254.25,255.4499969482422,239.0,241.0,3050462
2018-05-31,212.15896606445312,262.29998779296875,276.3999938964844,250.25,255.0,3343579
2018-06-01,217.09292602539065,268.3999938964844,270.3999938964844,252.1999969482422,264.70001220703125,3370094
2018-06-04,211.10748291015625,261.0,271.0,257.1499938964844,269.0,784816
2018-06-05,201.60357666015625,249.25,259.6499938964844,247.8999938964844,258.1000061035156,1066897
2018-06-06,211.43096923828125,261.3999938964844,263.75,248.0,249.25,1654778
2018-06-07,213.6957855224609,264.20001220703125,265.5,258.1499938964844,261.29998779296875,654846
2018-06-08,212.21176147460935,257.3999938964844,260.70001220703125,254.5,260.25,774983
2018-06-11,212.25299072265625,257.45001220703125,261.70001220703125,256.25,259.0,534376
2018-06-12,217.94168090820312,264.3500061035156,265.79998779296875,254.25,257.0,1465209
2018-06-13,213.36599731445312,258.79998779296875,266.0,256.75,265.3999938964844,904985
2018-06-14,212.17056274414065,257.3500061035156,261.20001220703125,256.29998779296875,259.6000061035156,602574
2018-06-15,209.07888793945312,253.6000061035156,258.29998779296875,249.5,256.29998779296875,685662
2018-06-18,198.2786407470703,240.5,253.5500030517578,239.25,253.0,1369497
2018-06-19,195.51678466796875,237.1499938964844,244.4499969482422,234.75,239.0,837727
2018-06-20,198.48480224609372,240.75,243.25,233.4499969482422,236.3999938964844,1574414
2018-06-21,196.87713623046875,238.8000030517578,244.3000030517578,236.3500061035156,243.0,818606
2018-06-22,196.3412322998047,238.1499938964844,239.1999969482422,233.3500061035156,238.5,1064939
2018-06-25,192.46633911132807,233.4499969482422,239.6999969482422,231.3999938964844,238.5,378396
2018-06-26,187.8082275390625,227.8000030517578,232.3500061035156,225.1000061035156,231.0,703379
2018-06-27,181.3363494873047,219.9499969482422,227.1499938964844,215.6000061035156,225.6999969482422,1161757
2018-06-28,188.17926025390625,228.25,230.5,217.3500061035156,219.8000030517578,1697958
2018-06-29,187.2723388671875,227.1499938964844,232.6999969482422,225.5500030517578,226.1499938964844,811187
2018-07-02,184.6341552734375,223.9499969482422,227.1499938964844,220.3000030517578,226.0500030517578,990795
2018-07-03,181.7073516845703,220.3999938964844,224.5,218.5,223.9499969482422,748009
2018-07-04,179.934814453125,218.25,222.8999938964844,215.1000061035156,221.3999938964844,826769
2018-07-05,181.1714630126953,219.75,221.8999938964844,217.6000061035156,218.0,321465
2018-07-06,185.74713134765625,225.3000030517578,228.9499969482422,218.0,218.0,582818
2018-07-09,189.91058349609372,230.3500061035156,231.5,226.0,226.0,666073
2018-07-10,192.71368408203125,233.75,236.6999969482422,230.5,230.5,667745
2018-07-11,189.2922515869141,229.6000061035156,235.25,227.5500030517578,232.8999938964844,571992
2018-07-12,186.61280822753903,226.3500061035156,232.3999938964844,224.4499969482422,229.8999938964844,426865
2018-07-13,185.9944610595703,225.6000061035156,227.5,219.6000061035156,225.0500030517578,420368
2018-07-16,180.84165954589844,219.3500061035156,226.4499969482422,218.5,225.6499938964844,373031
2018-07-17,186.4479217529297,226.1499938964844,228.0500030517578,216.6999969482422,217.3000030517578,436949
2018-07-18,182.5730133056641,221.4499969482422,227.9499969482422,218.1499938964844,225.0500030517578,348462
2018-07-19,183.6860198974609,222.8000030517578,224.5500030517578,216.6000061035156,221.9499969482422,742947
2018-07-20,182.9852294921875,221.9499969482422,222.8999938964844,218.5,220.5,532713
2018-07-23,185.9120330810547,225.5,227.5500030517578,219.6999969482422,222.0,532468
2018-07-24,190.8174743652344,231.4499969482422,233.0,225.5,225.5,678911
2018-07-25,200.29856872558597,242.9499969482422,247.1499938964844,229.1999969482422,233.0,1942064
2018-07-26,196.42367553710935,238.25,241.4499969482422,232.6000061035156,239.8999938964844,1481271
2018-07-27,194.4449920654297,235.8500061035156,242.3500061035156,233.75,239.8999938964844,739480
2018-07-30,195.4343414306641,237.0500030517578,241.8500061035156,233.6499938964844,235.0,662461
2018-07-31,198.2374725341797,240.4499969482422,242.1000061035156,235.3500061035156,237.8999938964844,606916
2018-08-01,194.6923675537109,236.1499938964844,246.0,232.0500030517578,242.3999938964844,1717698
2018-08-02,188.17926025390625,228.25,238.3500061035156,225.3999938964844,236.5,1795968
2018-08-03,192.59002685546875,233.6000061035156,234.8000030517578,228.6499938964844,228.6499938964844,744148
2018-08-06,189.7869110107422,230.1999969482422,235.6999969482422,228.3000030517578,232.0,683275
2018-08-07,190.94114685058597,231.6000061035156,233.5500030517578,225.0,230.9499969482422,687080
2018-08-08,190.65257263183597,231.25,233.8500061035156,228.8500061035156,232.75,517689
2018-08-09,190.8586883544922,231.5,233.5,229.3999938964844,230.1999969482422,413536
2018-08-10,187.6433563232422,227.6000061035156,232.8999938964844,226.6000061035156,230.5,417905
2018-08-13,185.25245666503903,224.6999969482422,228.5,222.6000061035156,225.0,403190
2018-08-14,188.0967559814453,228.1499938964844,228.8999938964844,222.5,224.75,619852
2018-08-16,191.1060028076172,231.8000030517578,233.6499938964844,224.6999969482422,224.6999969482422,962242
2018-08-17,187.89068603515625,227.8999938964844,234.3500061035156,226.5,230.8000030517578,917363
2018-08-20,192.8373565673828,233.8999938964844,236.0,227.1999969482422,228.3500061035156,859784
2018-08-21,205.8223114013672,249.6499938964844,250.5,233.3500061035156,233.8500061035156,2668028
2018-08-23,205.03912353515625,248.6999969482422,253.75,245.0500030517578,249.9499969482422,1979875
2018-08-24,203.9673309326172,247.3999938964844,257.0,244.6000061035156,249.0,1754867
2018-08-27,212.4591217041016,257.70001220703125,260.95001220703125,249.0,249.0500030517578,3120599
2018-08-28,216.95233154296875,263.1499938964844,264.70001220703125,252.3500061035156,260.0,2375098
2018-08-29,217.6118927001953,263.95001220703125,267.25,259.70001220703125,264.0,1457096
2018-08-30,217.73556518554688,264.1000061035156,267.95001220703125,261.0,265.04998779296875,1111220
2018-08-31,217.3233337402344,263.6000061035156,270.54998779296875,260.1000061035156,263.95001220703125,1087250
2018-09-03,212.7888946533203,258.1000061035156,269.70001220703125,256.54998779296875,263.95001220703125,1210731
2018-09-04,206.64678955078125,250.6499938964844,259.8999938964844,249.1000061035156,259.45001220703125,832278
2018-09-05,205.2452392578125,248.9499969482422,253.75,243.0500030517578,251.3000030517578,720901
2018-09-06,217.98287963867188,264.3999938964844,265.0,248.3000030517578,249.8999938964844,2374153
2018-09-07,222.2700042724609,269.6000061035156,276.04998779296875,263.3500061035156,264.45001220703125,3348532
2018-09-10,209.07888793945312,253.6000061035156,273.29998779296875,252.0500030517578,270.0,2308277
2018-09-11,202.1123504638672,245.1499938964844,257.6499938964844,244.0,255.1999969482422,1332751
2018-09-12,200.4634246826172,243.1499938964844,247.8500061035156,235.25,246.1000061035156,1282701
2018-09-14,205.53379821777344,249.3000030517578,251.1999969482422,244.6499938964844,244.8000030517578,600617
2018-09-17,205.2452392578125,248.9499969482422,253.8999938964844,244.0500030517578,247.8000030517578,891222
2018-09-18,200.13368225097656,242.75,254.8000030517578,241.1000061035156,248.1000061035156,999195
2018-09-19,199.3092498779297,241.75,248.5,240.5,243.25,1102769
2018-09-21,183.5211334228516,222.6000061035156,245.9499969482422,220.0,243.5500030517578,2209297
2018-09-24,189.0861358642578,229.3500061035156,235.0,214.0,225.1999969482422,2235730
2018-09-25,188.0967559814453,228.1499938964844,232.5,224.0,230.1999969482422,1378260
2018-09-26,189.25103759765625,229.5500030517578,231.0,222.3000030517578,228.8000030517578,885761
2018-09-27,184.01580810546875,223.1999969482422,233.3999938964844,220.5500030517578,232.5,1386494
2018-09-28,181.7073516845703,220.3999938964844,226.0,215.5500030517578,224.1999969482422,838759
2018-10-01,184.79901123046875,224.1499938964844,224.9499969482422,211.5,218.1000061035156,932571
2018-10-03,188.9624786376953,229.1999969482422,238.1000061035156,220.3000030517578,222.0,1495455
2018-10-04,184.6341552734375,223.9499969482422,226.8999938964844,219.1499938964844,225.6999969482422,913021
2018-10-05,184.9639129638672,224.3500061035156,227.8999938964844,219.0,223.8000030517578,1176895
2018-10-08,184.01580810546875,223.1999969482422,229.3999938964844,216.5500030517578,223.1999969482422,1437374
2018-10-09,187.51968383789065,227.4499969482422,230.3999938964844,217.0,222.0500030517578,1002879
2018-10-10,192.75489807128903,233.8000030517578,237.0,225.3000030517578,227.0,671557
2018-10-11,188.0555725097656,228.1000061035156,235.75,222.6000061035156,227.0,905845
2018-10-12,194.56869506835935,236.0,237.8999938964844,228.8000030517578,231.1999969482422,1423951
2018-10-15,193.82667541503903,235.1000061035156,237.75,232.4499969482422,236.0,558239
2018-10-16,202.0299224853516,245.0500030517578,246.1000061035156,234.6499938964844,235.6499938964844,1563096
2018-10-17,192.91978454589844,234.0,249.8999938964844,231.0,247.0,997862
2018-10-19,194.1152191162109,235.4499969482422,242.9499969482422,228.25,230.0,1444964
2018-10-22,186.9013671875,226.6999969482422,237.3500061035156,225.25,235.0,1314950
2018-10-23,185.87081909179688,225.4499969482422,229.3500061035156,221.5500030517578,222.1999969482422,894037
2018-10-24,182.28448486328125,221.1000061035156,229.9499969482422,219.0,227.1999969482422,1136057
2018-10-25,185.1700439453125,224.6000061035156,227.8999938964844,218.5,218.8000030517578,1289263
2018-10-26,185.788330078125,225.3500061035156,230.6499938964844,223.0,223.0,1290762
2018-10-29,194.1152191162109,235.4499969482422,240.8999938964844,225.8000030517578,226.75,1743028
2018-10-30,187.7670135498047,227.75,239.6999969482422,226.5,233.1999969482422,1334249
2018-10-31,212.50030517578125,257.75,260.70001220703125,233.1999969482422,237.6000061035156,7675539
2018-11-01,214.14920043945312,259.75,264.1499938964844,254.5500030517578,258.95001220703125,2111941
2018-11-02,211.3461151123047,256.3500061035156,261.70001220703125,254.1999969482422,259.70001220703125,1012251
2018-11-05,218.64247131347656,265.20001220703125,269.29998779296875,253.8000030517578,253.8000030517578,2032245
2018-11-06,216.99354553222656,263.20001220703125,268.5,260.79998779296875,265.75,1041358
2018-11-07,218.6836853027344,265.25,265.8999938964844,262.0,262.0,106565
2018-11-09,221.69288635253903,268.8999938964844,272.0,263.5,263.95001220703125,1145665
2018-11-12,213.5308990478516,259.0,269.0,257.5,268.6000061035156,773981
2018-11-13,219.013427734375,265.6499938964844,267.79998779296875,255.1000061035156,258.1000061035156,1103217
2018-11-14,219.30197143554688,266.0,272.79998779296875,263.3999938964844,263.3999938964844,1364589
2018-11-15,219.79666137695312,266.6000061035156,268.45001220703125,260.1000061035156,268.45001220703125,713688
2018-11-16,216.37521362304688,262.45001220703125,271.3999938964844,260.0,266.3999938964844,1270980
2018-11-19,214.7675323486328,260.5,265.45001220703125,258.1000061035156,264.25,554994
2018-11-20,212.3354339599609,257.54998779296875,265.20001220703125,256.25,256.75,1180713
2018-11-21,215.71563720703125,261.6499938964844,265.3999938964844,258.29998779296875,258.79998779296875,861393
2018-11-22,214.68507385253903,260.3999938964844,269.25,258.04998779296875,262.0,1621766
2018-11-26,210.8102264404297,255.6999969482422,261.8999938964844,251.5500030517578,261.20001220703125,749020
2018-11-27,210.56288146972656,255.3999938964844,258.70001220703125,249.1999969482422,254.5,779049
2018-11-28,208.4605712890625,252.8500061035156,257.79998779296875,250.6000061035156,255.0,950963
2018-11-29,214.0668029785156,259.6499938964844,261.79998779296875,253.0,253.0,935641
2018-11-30,223.34176635742188,270.8999938964844,275.29998779296875,260.5,261.25,3136436
2018-12-03,223.30056762695312,270.8500061035156,276.95001220703125,267.3999938964844,271.5,1850457
2018-12-04,218.0240936279297,264.45001220703125,272.54998779296875,261.6499938964844,270.0,612044
2018-12-05,214.4789886474609,260.1499938964844,267.79998779296875,258.45001220703125,263.0,748936
2018-12-06,215.71563720703125,261.6499938964844,265.8999938964844,257.70001220703125,260.0,1249497
2018-12-07,211.6758728027344,256.75,265.5,254.4499969482422,263.25,1481852
2018-12-10,202.4833526611328,245.6000061035156,255.0,244.0500030517578,253.0,1484974
2018-12-11,203.1016845703125,246.3500061035156,250.4499969482422,238.6999969482422,238.6999969482422,1260462
2018-12-12,214.2728729248047,259.8999938964844,261.25,248.1000061035156,249.1999969482422,1508377
2018-12-13,219.1783142089844,265.8500061035156,275.04998779296875,258.29998779296875,258.29998779296875,5439812
2018-12-14,208.95523071289065,253.4499969482422,264.95001220703125,252.3500061035156,261.6000061035156,1284834
2018-12-17,213.32476806640625,258.75,263.0,251.5,254.0,3801459
2018-12-18,211.0163116455078,255.9499969482422,262.5,255.1999969482422,259.0,1118284
2018-12-19,221.9813995361328,269.25,272.0,255.3999938964844,256.95001220703125,3552397
2018-12-20,218.230224609375,264.70001220703125,270.8999938964844,263.5,268.25,1126634
2018-12-21,211.46978759765625,256.5,268.20001220703125,255.3500061035156,267.29998779296875,999159
2018-12-24,212.66522216796875,257.95001220703125,262.29998779296875,256.0,256.5,1006585
2018-12-26,210.9338836669922,255.8500061035156,259.8500061035156,252.3500061035156,256.3500061035156,789883
2018-12-27,213.5308990478516,259.0,265.3999938964844,257.3999938964844,258.8999938964844,1432931
2018-12-28,213.24234008789065,258.6499938964844,264.20001220703125,256.70001220703125,261.29998779296875,860480
2018-12-31,215.8393402099609,261.79998779296875,263.54998779296875,259.1000061035156,261.1499938964844,605373
2019-01-01,213.943115234375,259.5,262.70001220703125,257.54998779296875,262.70001220703125,537488
2019-01-02,210.85145568847656,255.75,259.8999938964844,253.9499969482422,258.29998779296875,736827
2019-01-03,214.7675323486328,260.5,263.8999938964844,254.1000061035156,254.1000061035156,3187049
2019-01-04,215.75685119628903,261.70001220703125,264.79998779296875,259.29998779296875,264.0,2193261
2019-01-07,217.6943206787109,264.04998779296875,269.8999938964844,262.0,262.0,1847402
2019-01-08,216.6225433349609,262.75,266.5,260.79998779296875,264.3999938964844,681268
2019-01-09,215.71563720703125,261.6499938964844,265.25,258.6000061035156,263.04998779296875,856853
2019-01-10,214.5614318847656,260.25,264.8999938964844,259.1499938964844,261.0,838857
2019-01-11,212.21176147460935,257.3999938964844,262.70001220703125,256.1000061035156,261.70001220703125,1679794
2019-01-14,214.5614318847656,260.25,263.20001220703125,255.1999969482422,257.04998779296875,1631227
2019-01-15,220.7035369873047,267.70001220703125,272.0,260.75,261.20001220703125,2659149
2019-01-16,217.0760040283203,263.29998779296875,269.8999938964844,262.20001220703125,269.20001220703125,1065781
2019-01-17,215.6744537353516,261.6000061035156,265.95001220703125,260.70001220703125,264.5,923753
2019-01-18,218.4363250732422,264.95001220703125,268.45001220703125,259.3999938964844,262.8999938964844,2065303
2019-01-21,213.1598663330078,258.54998779296875,265.0,257.8999938964844,264.0,843557
2019-01-22,211.8407745361328,256.95001220703125,260.29998779296875,255.5,257.3500061035156,668522
2019-01-23,216.6225433349609,262.75,264.20001220703125,254.6000061035156,256.6499938964844,2403131
2019-01-24,213.11865234375,258.5,264.3500061035156,257.1000061035156,262.95001220703125,902166
2019-01-25,207.26510620117188,251.3999938964844,261.95001220703125,250.0,258.0,1071678
2019-01-28,203.225341796875,246.5,252.9499969482422,243.8999938964844,252.5,628086
2019-01-29,203.47267150878903,246.8000030517578,247.5,242.8000030517578,246.25,720834
2019-01-30,203.225341796875,246.5,249.8999938964844,244.4499969482422,246.6000061035156,547517
2019-01-31,203.8849029541016,247.3000030517578,248.8500061035156,244.1000061035156,247.5,701329
2019-02-01,203.43145751953125,246.75,252.4499969482422,245.1999969482422,245.1999969482422,839941
2019-02-04,200.79324340820312,243.5500030517578,246.8500061035156,237.6000061035156,246.6999969482422,868024
2019-02-05,204.13221740722656,247.6000061035156,248.8999938964844,241.6499938964844,244.0,1638872
2019-02-06,201.8238067626953,244.8000030517578,253.5,238.0500030517578,245.0500030517578,1861940
2019-02-07,202.2772216796875,245.3500061035156,248.25,241.0500030517578,242.3000030517578,1114210
2019-02-08,199.5565643310547,242.0500030517578,249.1499938964844,240.25,244.0,655511
2019-02-11,194.5274353027344,235.9499969482422,243.6999969482422,235.0,242.0,1186958
2019-02-12,194.07400512695312,235.3999938964844,240.3000030517578,233.1499938964844,233.1499938964844,893704
2019-02-14,193.7030334472656,234.9499969482422,241.25,233.6499938964844,237.5,880666
2019-02-15,195.97021484375,237.6999969482422,240.0,232.3500061035156,234.75,1078885
2019-02-18,192.26025390625,233.1999969482422,241.3500061035156,232.0,237.8999938964844,843945
2019-02-19,192.59002685546875,233.6000061035156,238.1999969482422,232.0500030517578,232.0500030517578,558643
2019-02-20,197.083251953125,239.0500030517578,240.8000030517578,234.6999969482422,234.6999969482422,1711771
2019-02-21,193.20835876464844,234.3500061035156,239.4499969482422,233.6000061035156,239.0,878392
2019-02-22,191.84800720214844,232.6999969482422,235.3500061035156,230.6499938964844,231.5500030517578,992579
2019-02-25,198.31988525390625,240.5500030517578,245.1000061035156,230.1999969482422,234.6999969482422,2213736
2019-02-26,201.7413482666016,244.6999969482422,246.6999969482422,237.0,237.0,3590167
2019-02-27,200.09246826171875,242.6999969482422,247.6999969482422,236.8999938964844,243.75,3038061
2019-02-28,200.29856872558597,242.9499969482422,246.8000030517578,242.1499938964844,244.0,864971
2019-03-01,202.35964965820312,245.4499969482422,247.8500061035156,242.9499969482422,244.8999938964844,681309
2019-03-05,205.2452392578125,248.9499969482422,251.6999969482422,246.0,246.8500061035156,1486682
2019-03-06,204.58566284179688,248.1499938964844,253.5,247.1000061035156,250.1499938964844,889091
2019-03-07,205.3276824951172,249.0500030517578,250.5500030517578,244.25,248.5,1464502
2019-03-08,205.5750274658203,249.3500061035156,251.75,243.75,248.8999938964844,1042565
2019-03-11,211.63465881347656,256.70001220703125,257.75,248.3000030517578,249.3999938964844,1275655
2019-03-12,211.510986328125,256.54998779296875,260.0,254.5500030517578,258.0,1033450
2019-03-13,210.8102264404297,255.6999969482422,259.29998779296875,254.5500030517578,256.75,541890
2019-03-14,211.2224578857422,256.20001220703125,257.70001220703125,253.4499969482422,256.79998779296875,366886
2019-03-15,211.63465881347656,256.70001220703125,258.45001220703125,254.4499969482422,256.20001220703125,348927
2019-03-18,215.42709350585935,261.29998779296875,262.70001220703125,255.75,256.79998779296875,664308
2019-03-19,217.73556518554688,264.1000061035156,269.3999938964844,262.04998779296875,267.25,1506411
2019-03-20,214.5614318847656,260.25,265.8500061035156,259.5,265.8500061035156,644061
2019-03-22,210.2743377685547,255.0500030517578,261.75,254.3999938964844,258.95001220703125,543330
2019-03-25,208.9964599609375,253.5,256.0,251.5,253.5,461820
2019-03-26,209.4911193847656,254.1000061035156,256.79998779296875,250.8999938964844,254.1999969482422,941683
2019-03-27,207.6361083984375,251.8500061035156,257.25,250.0,255.0,836966
2019-03-28,206.1109161376953,250.0,254.25,248.1999969482422,251.8500061035156,720088
2019-04-01,217.6118927001953,263.95001220703125,265.54998779296875,255.3500061035156,258.20001220703125,2259473
2019-04-02,217.2821044921875,263.54998779296875,268.75,261.6499938964844,265.0,1565358
2019-04-03,213.6957855224609,259.20001220703125,266.3500061035156,258.54998779296875,265.70001220703125,579929
2019-04-04,216.45762634277344,262.54998779296875,263.3500061035156,256.6499938964844,260.1000061035156,441285
2019-04-05,217.3233337402344,263.6000061035156,265.8500061035156,261.54998779296875,261.70001220703125,847964
2019-04-08,214.23165893554688,259.8500061035156,264.04998779296875,259.1000061035156,262.6000061035156,343416
2019-04-09,213.0362091064453,258.3999938964844,260.75,256.6499938964844,259.0,893892
2019-04-10,210.06822204589844,254.8000030517578,258.70001220703125,254.1499938964844,257.29998779296875,896117
2019-04-11,209.656005859375,254.3000030517578,256.75,253.0500030517578,254.1000061035156,439674
2019-04-12,211.510986328125,256.54998779296875,257.04998779296875,253.1000061035156,254.75,402782
2019-04-15,211.8407745361328,256.95001220703125,259.79998779296875,255.6000061035156,259.1000061035156,973122
2019-04-16,217.6943206787109,264.04998779296875,265.20001220703125,256.54998779296875,257.0,2218830
2019-04-18,213.11865234375,258.5,264.79998779296875,257.75,264.04998779296875,1123267
2019-04-22,213.77821350097656,259.29998779296875,261.1000061035156,256.3999938964844,257.3500061035156,682938
2019-04-23,212.58279418945312,257.8500061035156,260.95001220703125,257.25,260.04998779296875,441489
2019-04-24,211.0163116455078,255.9499969482422,258.3500061035156,252.75,257.25,832132
2019-04-25,208.1307830810547,252.4499969482422,256.20001220703125,251.5500030517578,256.20001220703125,480932
2019-04-26,209.77967834472656,254.4499969482422,256.29998779296875,252.0,252.6000061035156,948968
2019-04-30,208.7491149902344,253.1999969482422,254.3500061035156,245.1499938964844,253.1499938964844,912967
2019-05-02,212.3766632080078,257.6000061035156,258.8999938964844,250.3999938964844,251.0,607357
2019-05-03,211.30487060546875,256.29998779296875,261.0,254.5,258.04998779296875,665328
2019-05-06,208.37811279296875,252.75,255.0,251.8999938964844,255.0,342483
2019-05-07,210.2743377685547,255.0500030517578,256.3999938964844,252.25,252.75,395133
2019-05-08,207.8422393798828,252.1000061035156,254.5,251.0,253.75,404379
2019-05-09,204.70933532714844,248.3000030517578,253.1499938964844,247.1000061035156,251.0,571177
2019-05-10,206.72923278808597,250.75,252.4499969482422,247.0500030517578,247.0500030517578,461821
2019-05-13,203.1428680419922,246.3999938964844,251.0,244.9499969482422,249.5,552883
2019-05-14,200.38101196289065,243.0500030517578,245.8000030517578,236.6499938964844,245.1999969482422,684170
2019-05-15,202.56581115722656,245.6999969482422,248.0,242.6499938964844,243.6000061035156,470416
2019-05-16,196.9595642089844,238.8999938964844,247.1000061035156,231.0500030517578,240.25,1394826
2019-05-17,193.7854766845703,235.0500030517578,238.6999969482422,234.3000030517578,238.5500030517578,1351379
2019-05-20,204.5032501220703,248.0500030517578,252.3000030517578,237.5,239.25,888291
2019-05-21,199.14434814453125,241.5500030517578,248.75,240.1000061035156,248.0500030517578,459594
2019-05-22,198.2786407470703,240.5,243.1999969482422,238.6000061035156,242.0,277291
2019-05-23,201.2466735839844,244.1000061035156,245.3500061035156,240.25,243.1000061035156,1642138
2019-05-24,200.1748962402344,242.8000030517578,246.8999938964844,241.0,245.0,546476
2019-05-27,209.2437744140625,253.8000030517578,258.0,242.1499938964844,243.3999938964844,938338
2019-05-28,204.2559051513672,247.75,255.0,246.3999938964844,254.0500030517578,1138920
2019-05-29,200.5458831787109,243.25,252.0,242.5,248.8999938964844,631623
2019-05-30,206.9353485107422,251.0,252.1999969482422,243.8500061035156,244.75,770485
2019-05-31,202.7718963623047,245.9499969482422,251.75,244.4499969482422,251.3000030517578,249095
2019-06-03,203.8849029541016,247.3000030517578,249.3000030517578,243.0,246.0,747814
2019-06-04,202.7306671142578,245.8999938964844,248.0,245.0,248.0,575821
2019-06-06,201.61769104003903,244.5500030517578,246.4499969482422,242.75,244.5,376626
2019-06-07,203.6787567138672,247.0500030517578,248.3999938964844,241.0500030517578,245.75,504041
2019-06-10,205.9459991455078,249.8000030517578,252.0,246.75,248.25,2886834
2019-06-11,204.4620056152344,248.0,251.5,246.3999938964844,251.0,472919
2019-06-12,204.00852966308597,247.4499969482422,249.8500061035156,246.6000061035156,247.6999969482422,297525
2019-06-13,212.59130859375,252.6499938964844,254.8999938964844,241.5,242.0,867459
2019-06-14,206.4066925048828,245.3000030517578,251.6000061035156,243.1999969482422,250.5,1077296
2019-06-17,206.15426635742188,245.0,247.3000030517578,243.6000061035156,246.5,551799
2019-06-18,206.49082946777344,245.3999938964844,247.5,244.1999969482422,245.6999969482422,447024
2019-06-19,205.9438934326172,244.75,247.5,243.1499938964844,245.0500030517578,363937
2019-06-20,206.07009887695312,244.8999938964844,245.9499969482422,239.6999969482422,243.3999938964844,582689
2019-06-21,205.7335662841797,244.5,245.8000030517578,241.8000030517578,244.8999938964844,457013
2019-06-24,203.7140350341797,242.1000061035156,245.1999969482422,241.5500030517578,245.0,541854
2019-06-25,228.62088012695312,271.70001220703125,274.20001220703125,244.0,244.0,7730501
2019-06-26,238.3816070556641,283.29998779296875,286.8500061035156,267.29998779296875,269.0,5098413
2019-06-27,240.8638610839844,286.25,289.70001220703125,278.79998779296875,280.25,2819901
2019-06-28,236.69873046875,281.29998779296875,288.0,280.1000061035156,286.29998779296875,1241279
2019-07-01,244.56626892089844,290.6499938964844,292.79998779296875,282.0,283.1000061035156,3361232
2019-07-02,253.40142822265625,301.1499938964844,303.45001220703125,286.79998779296875,291.0,3805486
2019-07-03,259.62811279296875,308.54998779296875,310.20001220703125,298.6499938964844,301.0,4139834
2019-07-04,255.547119140625,303.70001220703125,313.0,302.0,308.20001220703125,2495658
2019-07-05,249.236328125,296.20001220703125,305.95001220703125,294.6000061035156,302.70001220703125,2087541
2019-07-08,247.6374969482422,294.29998779296875,301.70001220703125,291.75,293.0,2145725
2019-07-09,251.7185211181641,299.1499938964844,300.70001220703125,291.3999938964844,294.0,1358745
2019-07-10,249.1942138671875,296.1499938964844,303.70001220703125,292.54998779296875,299.1000061035156,1224965
2019-07-11,256.5147399902344,304.8500061035156,307.5,295.6000061035156,297.6499938964844,5422019
2019-07-12,258.870849609375,307.6499938964844,309.0,304.6499938964844,306.04998779296875,3784418
2019-07-15,260.2171936035156,309.25,311.8500061035156,302.1000061035156,307.3500061035156,1556349
2019-07-16,261.6896667480469,311.0,313.70001220703125,305.0,307.0,993540
2019-07-17,261.3110046386719,310.54998779296875,312.75,307.25,312.5,904488
2019-07-18,256.0519714355469,304.29998779296875,312.5,303.6000061035156,312.5,1206963
2019-07-19,256.8934326171875,305.29998779296875,306.95001220703125,301.20001220703125,303.79998779296875,1116882
2019-07-22,259.79638671875,308.75,311.04998779296875,302.1000061035156,305.29998779296875,924240
2019-07-23,259.5439453125,308.45001220703125,311.20001220703125,306.1000061035156,308.70001220703125,892355
2019-07-24,258.1976928710937,306.8500061035156,310.8999938964844,302.3999938964844,308.0,1367074
2019-07-25,252.9807281494141,300.6499938964844,308.75,297.6499938964844,307.6000061035156,1131486
2019-07-26,256.0519714355469,304.29998779296875,306.0,298.1000061035156,298.5,694162
2019-07-29,258.07147216796875,306.70001220703125,309.25,301.54998779296875,305.79998779296875,596610
2019-07-30,251.676513671875,299.1000061035156,308.25,295.6000061035156,306.8500061035156,888454
2019-07-31,256.8934326171875,305.29998779296875,306.5,292.0,294.5,535641
2019-08-01,255.5891876220703,303.75,305.79998779296875,299.1499938964844,304.45001220703125,522164
2019-08-02,251.84483337402344,299.29998779296875,303.95001220703125,297.25,301.0,696180
2019-08-05,238.97064208984372,284.0,298.0,279.54998779296875,298.0,3300719
2019-08-06,249.02590942382807,295.95001220703125,304.79998779296875,284.29998779296875,287.75,5453552
2019-08-07,247.9320373535156,294.6499938964844,302.0,293.3999938964844,297.75,1031208
2019-08-08,246.2911529541016,292.70001220703125,297.1499938964844,286.8999938964844,296.5,740296
2019-08-09,243.009521484375,288.79998779296875,296.70001220703125,286.0,292.8999938964844,769333
2019-08-13,239.89622497558597,285.1000061035156,296.0,282.0,288.0,1518073
2019-08-14,239.85411071777344,285.04998779296875,294.6000061035156,283.45001220703125,286.04998779296875,1282492
2019-08-16,243.09375,288.8999938964844,292.3999938964844,283.95001220703125,284.0,1262756
2019-08-19,240.61148071289065,285.95001220703125,295.0,285.04998779296875,290.0,1023508
2019-08-20,244.35592651367188,290.3999938964844,292.20001220703125,286.75,286.75,859692
2019-08-21,237.1194610595703,281.79998779296875,292.5,280.6499938964844,291.6000061035156,1362363
2019-08-22,237.24571228027344,281.95001220703125,287.8500061035156,279.8500061035156,281.8500061035156,1162968
2019-08-23,238.88650512695312,283.8999938964844,287.45001220703125,282.0,282.0,722222
2019-08-26,243.009521484375,288.79998779296875,289.79998779296875,282.20001220703125,286.0,515528
2019-08-27,238.4237060546875,283.3500061035156,291.79998779296875,282.20001220703125,290.25,882564
2019-08-28,236.32005310058597,280.8500061035156,288.0,278.1000061035156,284.0,912918
2019-08-29,233.0384826660156,276.95001220703125,281.0,276.0,280.75,902248
2019-08-30,233.92193603515625,278.0,281.8999938964844,275.3500061035156,277.20001220703125,802298
2019-09-03,229.92510986328125,273.25,278.1499938964844,271.25,277.0,436862
2019-09-04,227.69528198242188,270.6000061035156,273.79998779296875,269.6000061035156,272.20001220703125,378915
2019-09-05,229.04161071777344,272.20001220703125,276.5,270.20001220703125,271.95001220703125,592445
2019-09-06,230.4720001220703,273.8999938964844,276.0,272.8999938964844,273.45001220703125,573732
2019-09-09,234.00607299804688,278.1000061035156,279.6000061035156,271.6499938964844,273.3999938964844,564880
2019-09-11,234.84754943847656,279.1000061035156,285.3500061035156,277.3500061035156,279.45001220703125,1272289
2019-09-12,236.2780303955078,280.79998779296875,285.95001220703125,279.5,280.20001220703125,678897
2019-09-13,235.85726928710935,280.29998779296875,282.54998779296875,277.8999938964844,281.79998779296875,846128
2019-09-16,235.26829528808597,279.6000061035156,284.5,277.04998779296875,280.8999938964844,658869
2019-09-17,233.37503051757807,277.3500061035156,283.20001220703125,275.5,280.20001220703125,979313
2019-09-18,235.8993682861328,280.3500061035156,285.20001220703125,277.04998779296875,278.0,1203736
2019-09-19,235.7310333251953,280.1499938964844,282.3500061035156,276.29998779296875,281.75,1010200
2019-09-20,234.8054656982422,279.04998779296875,281.1000061035156,275.54998779296875,281.0,2375283
2019-09-23,238.88650512695312,283.8999938964844,287.8999938964844,277.29998779296875,282.20001220703125,1334231
2019-09-24,241.24253845214844,286.70001220703125,292.8500061035156,284.0,284.79998779296875,1225151
2019-09-25,242.50474548339844,288.20001220703125,289.3999938964844,284.20001220703125,287.20001220703125,650451
2019-09-26,244.1034698486328,290.1000061035156,292.1000061035156,287.3500061035156,289.54998779296875,2129935
2019-09-27,245.6180419921875,291.8999938964844,294.75,286.3999938964844,288.0,1039399
2019-09-30,241.9156951904297,287.5,292.95001220703125,286.25,292.0,796697
2019-10-01,237.7926177978516,282.6000061035156,298.75,280.6499938964844,289.29998779296875,2178536
2019-10-03,239.26510620117188,284.3500061035156,286.5,280.04998779296875,282.20001220703125,833692
2019-10-04,235.43655395507807,279.79998779296875,286.5,278.0,284.3500061035156,310699
2019-10-07,232.9542999267578,276.8500061035156,282.0,275.20001220703125,280.0,719279
2019-10-09,238.0029754638672,282.8500061035156,284.6000061035156,275.29998779296875,275.29998779296875,931390
2019-10-10,236.9091033935547,281.54998779296875,284.25,280.04998779296875,282.8999938964844,339863
2019-10-11,237.9608612060547,282.79998779296875,286.0,281.3999938964844,282.3999938964844,431626
2019-10-14,237.0353240966797,281.70001220703125,286.0,280.70001220703125,283.25,717285
2019-10-15,235.8993682861328,280.3500061035156,282.8999938964844,279.45001220703125,282.3999938964844,506229
2019-10-16,238.0450134277344,282.8999938964844,283.6000061035156,278.25,280.04998779296875,969679
2019-10-17,240.4852294921875,285.79998779296875,287.25,276.8999938964844,282.0,859560
2019-10-18,239.34930419921875,284.45001220703125,292.0,282.8999938964844,284.1499938964844,1605715
2019-10-22,235.68899536132807,280.1000061035156,286.3500061035156,277.1499938964844,284.75,709634
2019-10-23,235.4786071777344,279.8500061035156,283.5,277.3500061035156,278.0,601896
2019-10-24,234.38473510742188,278.54998779296875,282.1000061035156,274.20001220703125,279.29998779296875,1328963
2019-10-25,232.02870178222656,275.75,280.70001220703125,274.5,278.3999938964844,538926
2019-10-27,232.91221618652344,276.79998779296875,279.5,275.6000061035156,279.5,81046
2019-10-29,235.77313232421875,280.20001220703125,281.54998779296875,275.0,276.5,528812
2019-10-30,235.22618103027344,279.54998779296875,282.75,278.1499938964844,280.1499938964844,619648
2019-10-31,235.7310333251953,280.1499938964844,282.0,278.25,279.54998779296875,735664
2019-11-01,236.3621368408203,280.8999938964844,287.0,280.0,280.1499938964844,1066374
2019-11-04,240.73768615722656,286.1000061035156,290.75,282.1499938964844,283.0,1444896
2019-11-05,235.68899536132807,280.1000061035156,287.5,276.79998779296875,287.45001220703125,949080
2019-11-06,244.8607482910156,291.0,299.0,283.54998779296875,288.95001220703125,6581062
2019-11-07,249.11007690429688,296.04998779296875,297.5,289.04998779296875,291.79998779296875,1910889
2019-11-08,246.45947265625,292.8999938964844,303.0,291.1000061035156,295.5,2575007
2019-11-11,252.55995178222656,300.1499938964844,304.70001220703125,292.29998779296875,292.70001220703125,2237290
2019-11-13,247.6796112060547,294.3500061035156,305.6000061035156,291.45001220703125,304.0,1786512
2019-11-14,247.5533905029297,294.20001220703125,297.0,291.45001220703125,294.0,470438
2019-11-15,246.50161743164065,292.95001220703125,296.5,292.6000061035156,293.0,373287
2019-11-18,246.3753662109375,292.79998779296875,297.8999938964844,292.1000061035156,294.0,1240060
2019-11-19,242.58888244628903,288.29998779296875,294.6000061035156,287.54998779296875,294.25,754382
2019-11-20,242.21023559570312,287.8500061035156,292.20001220703125,287.1000061035156,289.6499938964844,783735
2019-11-21,240.73768615722656,286.1000061035156,292.8999938964844,285.5,288.20001220703125,666527
2019-11-22,236.3621368408203,280.8999938964844,287.8999938964844,280.25,287.1499938964844,975354
2019-11-25,236.44630432128903,281.0,284.5,279.54998779296875,282.5,948156
2019-11-26,235.8993682861328,280.3500061035156,286.70001220703125,279.3500061035156,282.3999938964844,1192193
2019-11-27,237.1615447998047,281.8500061035156,282.5,279.8999938964844,281.75,914430
2019-11-28,235.4786071777344,279.8500061035156,281.8999938964844,278.0,281.8999938964844,1112486
2019-11-29,235.68899536132807,280.1000061035156,287.0,278.70001220703125,279.8500061035156,1474982
2019-12-02,233.08050537109372,277.0,281.3500061035156,275.20001220703125,280.0,865984
2019-12-03,228.2421875,271.25,278.6000061035156,270.0,278.6000061035156,819879
2019-12-04,232.32321166992188,276.1000061035156,276.8999938964844,270.3999938964844,271.0,1055373
2019-12-05,234.04818725585935,278.1499938964844,281.3999938964844,276.0,276.0,1190984
2019-12-06,228.28424072265625,271.29998779296875,279.5,269.6499938964844,279.5,589579
2019-12-09,231.43968200683597,275.04998779296875,277.79998779296875,271.29998779296875,271.8999938964844,808510
2019-12-10,229.4623107910156,272.70001220703125,277.20001220703125,271.6000061035156,275.0,988308
2019-12-11,227.9056396484375,270.8500061035156,275.29998779296875,269.6499938964844,272.0,770310
2019-12-12,229.25196838378903,272.45001220703125,273.70001220703125,271.1000061035156,271.95001220703125,457811
2019-12-13,229.04161071777344,272.20001220703125,275.29998779296875,271.20001220703125,272.1000061035156,387143
2019-12-16,227.94769287109372,270.8999938964844,273.3500061035156,270.04998779296875,272.54998779296875,281871
2019-12-17,229.75677490234372,273.04998779296875,276.0,270.1000061035156,272.25,648471
2019-12-18,227.40077209472656,270.25,274.3999938964844,267.6000061035156,274.3500061035156,932713
2019-12-19,231.90252685546875,275.6000061035156,278.75,268.25,270.20001220703125,924704
2019-12-20,240.73768615722656,286.1000061035156,287.1000061035156,275.1499938964844,275.54998779296875,2315022
2019-12-23,238.76026916503903,283.75,289.8999938964844,282.1000061035156,286.1000061035156,1232406
2019-12-24,236.5304718017578,281.1000061035156,288.45001220703125,280.1000061035156,282.79998779296875,1194922
2019-12-26,236.32005310058597,280.8500061035156,282.70001220703125,278.25,282.5,359693
2019-12-27,236.02557373046875,280.5,285.0,279.6000061035156,282.0,1035653
2019-12-30,239.77001953125,284.95001220703125,286.5,281.20001220703125,281.20001220703125,584330
2019-12-31,238.97064208984372,284.0,287.29998779296875,283.0,284.1000061035156,352944
2020-01-01,240.2748565673828,285.54998779296875,286.79998779296875,282.3999938964844,284.0,263594
2020-01-02,242.58888244628903,288.29998779296875,290.0,285.5,287.0,438931
2020-01-03,242.8833465576172,288.6499938964844,293.29998779296875,286.29998779296875,288.29998779296875,1799065
2020-01-06,237.1194610595703,281.79998779296875,288.0,280.79998779296875,288.0,377435
2020-01-07,241.8736724853516,287.45001220703125,288.5,282.3999938964844,282.3999938964844,378887
2020-01-08,243.6827850341797,289.6000061035156,290.79998779296875,282.75,283.8999938964844,790527
2020-01-09,246.50161743164065,292.95001220703125,297.0,290.1499938964844,290.1499938964844,1686167
2020-01-10,250.5826110839844,297.79998779296875,298.70001220703125,292.04998779296875,292.95001220703125,1265967
2020-01-13,253.86422729492188,301.70001220703125,303.6000061035156,297.54998779296875,300.1000061035156,871797
2020-01-14,252.3917236328125,299.95001220703125,305.95001220703125,299.0,301.3999938964844,650736
2020-01-15,254.49534606933597,302.45001220703125,304.1000061035156,296.04998779296875,300.79998779296875,1019876
2020-01-16,256.8934326171875,305.29998779296875,310.6499938964844,301.70001220703125,303.0,1307957
2020-01-17,263.41461181640625,313.04998779296875,319.6000061035156,303.0,303.0,2457425
2020-01-20,264.04571533203125,313.79998779296875,320.3999938964844,312.54998779296875,313.04998779296875,1370305
2020-01-21,264.4664306640625,314.29998779296875,319.3999938964844,311.8500061035156,313.70001220703125,1184498
2020-01-22,265.8548583984375,315.95001220703125,322.3999938964844,313.1000061035156,317.8500061035156,2855704
2020-01-23,268.9682006835937,319.6499938964844,321.0,315.04998779296875,315.95001220703125,755295
2020-01-24,271.1980285644531,322.29998779296875,324.79998779296875,318.6000061035156,320.8999938964844,1416492
2020-01-27,274.0589599609375,325.70001220703125,330.70001220703125,320.29998779296875,322.79998779296875,1121878
2020-01-28,273.3857727050781,324.8999938964844,329.3999938964844,320.75,325.0,974154
2020-01-29,274.4375915527344,326.1499938964844,329.0,324.75,326.0,821496
2020-01-30,268.8419494628906,319.5,328.5,317.29998779296875,326.0,646769
2020-01-31,260.6799621582031,309.79998779296875,322.45001220703125,308.45001220703125,319.3999938964844,1109871
2020-02-03,254.49534606933597,302.45001220703125,305.8999938964844,299.75,305.8999938964844,287913
2020-02-04,256.4306640625,304.75,309.0,303.8999938964844,303.8999938964844,1109780
2020-02-05,267.7059936523437,318.1499938964844,322.0,285.8500061035156,305.0,2256587
2020-02-06,260.3433837890625,309.3999938964844,319.3999938964844,307.29998779296875,318.0,1367568
2020-02-07,257.2720947265625,305.75,310.0,303.45001220703125,309.0,779732
2020-02-10,257.4403991699219,305.95001220703125,307.70001220703125,301.75,307.20001220703125,356384
2020-02-11,257.1037292480469,305.54998779296875,311.8500061035156,302.3500061035156,309.70001220703125,1299915
2020-02-12,255.5050506591797,303.6499938964844,308.29998779296875,301.5,306.29998779296875,778356
2020-02-13,274.0168762207031,325.6499938964844,332.79998779296875,312.54998779296875,315.0,10279321
2020-02-14,270.5248718261719,321.5,328.0,319.5,324.8999938964844,2613447
2020-02-17,276.9619140625,329.1499938964844,330.3500061035156,319.3500061035156,323.5,2533917
2020-02-18,270.028076171875,309.6000061035156,321.3999938964844,306.0,319.6499938964844,2666620
2020-02-19,276.4386291503906,316.95001220703125,319.25,310.70001220703125,311.0,1072964
2020-02-20,273.9093322753906,314.04998779296875,321.6499938964844,313.1499938964844,314.0,1808533
2020-02-24,270.59503173828125,310.25,318.75,308.70001220703125,314.8999938964844,936902
2020-02-25,269.72283935546875,309.25,314.75,307.1499938964844,312.8999938964844,933492
2020-02-26,265.01300048828125,303.8500061035156,310.3500061035156,302.5,309.70001220703125,816525
2020-02-27,268.5889587402344,307.95001220703125,311.8999938964844,300.0,305.3999938964844,1499828
2020-02-28,264.22808837890625,302.95001220703125,305.29998779296875,297.3999938964844,304.0,1871232
2020-03-02,269.766357421875,309.29998779296875,314.29998779296875,303.1000061035156,304.8999938964844,1992380
2020-03-03,277.87774658203125,318.6000061035156,322.0,312.0,318.0,1668834
2020-03-04,274.6070556640625,314.8500061035156,322.0,308.3999938964844,319.3999938964844,1532681
2020-03-05,275.8280639648437,316.25,321.5,313.45001220703125,317.8999938964844,1027384
2020-03-06,274.5198059082031,314.75,317.54998779296875,305.29998779296875,310.0,974178
2020-03-09,269.6792297363281,309.20001220703125,313.8999938964844,303.20001220703125,313.8999938964844,1798464
2020-03-11,268.0656433105469,307.3500061035156,314.54998779296875,305.0,310.5,1646289
2020-03-12,252.84605407714844,289.8999938964844,299.1000061035156,280.1000061035156,293.1000061035156,2498085
2020-03-13,252.5407867431641,289.54998779296875,297.8500061035156,231.9499969482422,262.6000061035156,2465620
2020-03-16,241.8128967285156,277.25,290.75,269.5,276.5,2066170
2020-03-17,245.38888549804688,281.3500061035156,291.75,273.04998779296875,279.0,1066909
2020-03-18,242.68507385253903,278.25,287.0,274.79998779296875,287.0,1306678
2020-03-19,239.4143829345703,274.5,285.8999938964844,261.54998779296875,273.0,1547750
2020-03-20,250.09866333007807,286.75,294.54998779296875,263.25,278.5,2575407
2020-03-23,217.60983276367188,249.5,274.0,243.75,270.5,793699
2020-03-24,236.0565185546875,270.6499938964844,274.95001220703125,260.0,260.0,1926162
2020-03-25,241.4203948974609,276.79998779296875,283.79998779296875,269.1499938964844,271.45001220703125,867802
2020-03-26,250.1422882080078,286.79998779296875,292.95001220703125,270.45001220703125,278.0,1456208
2020-03-27,237.10313415527344,271.8500061035156,298.79998779296875,265.0,298.79998779296875,1554871
2020-03-30,239.02194213867188,274.04998779296875,275.8500061035156,267.79998779296875,270.95001220703125,708274
2020-03-31,243.38278198242188,279.04998779296875,282.54998779296875,269.8999938964844,279.0,946099
2020-04-01,245.0399475097656,280.95001220703125,284.25,276.25,280.0,622792
2020-04-03,243.295654296875,278.95001220703125,282.20001220703125,272.6499938964844,281.04998779296875,369937
2020-04-07,254.5467834472656,291.8500061035156,295.8999938964844,280.20001220703125,283.0,590625
2020-04-08,254.5467834472656,291.8500061035156,306.5,286.3500061035156,295.0,760201
2020-04-09,256.6400756835937,294.25,299.8999938964844,291.1000061035156,295.25,876433
2020-04-13,253.8054351806641,291.0,296.70001220703125,283.1499938964844,294.0,1112145
2020-04-15,259.5618591308594,297.6000061035156,314.29998779296875,291.0,291.0,2472284
2020-04-16,260.3468322753906,298.5,300.5,292.5,293.25,893203
2020-04-17,262.6581115722656,301.1499938964844,309.8999938964844,298.5,305.0,2515170
2020-04-20,258.6024475097656,296.5,311.6499938964844,295.0,303.70001220703125,3464720
2020-04-21,254.2851104736328,291.54998779296875,294.5,289.0,290.0,374093
2020-04-22,259.0385437011719,297.0,298.29998779296875,286.29998779296875,291.20001220703125,908876
2020-04-23,264.7950134277344,303.6000061035156,306.04998779296875,295.0,299.0,902962
2020-04-24,264.9694519042969,303.79998779296875,307.8999938964844,296.6499938964844,297.5,1349984
2020-04-27,266.88818359375,306.0,310.20001220703125,304.1000061035156,309.0,853443
2020-04-28,271.85968017578125,311.70001220703125,314.20001220703125,305.25,306.95001220703125,811500
2020-04-29,281.32281494140625,322.54998779296875,326.8999938964844,313.54998779296875,315.8500061035156,1340167
2020-04-30,288.082275390625,330.29998779296875,335.6499938964844,325.0,326.0,1555949
2020-05-04,288.47479248046875,330.75,337.8999938964844,320.3500061035156,322.0,1529969
2020-05-05,288.60552978515625,330.8999938964844,338.70001220703125,329.1499938964844,333.0,1835934
2020-05-06,286.9048156738281,328.95001220703125,332.3999938964844,325.3999938964844,331.25,891703
2020-05-07,281.5408630371094,322.79998779296875,332.70001220703125,320.5,329.0,977132
2020-05-08,263.1814270019531,301.75,327.54998779296875,300.0,325.0,3446053
2020-05-11,262.3529052734375,300.79998779296875,307.20001220703125,297.0,302.3500061035156,1277821
2020-05-12,261.5242614746094,299.8500061035156,304.0,295.6000061035156,299.79998779296875,1311937
2020-05-13,266.10321044921875,305.1000061035156,318.79998779296875,300.6499938964844,318.79998779296875,1768508
2020-05-14,265.01300048828125,303.8500061035156,317.79998779296875,302.79998779296875,307.45001220703125,3600023
2020-05-15,265.66717529296875,304.6000061035156,305.95001220703125,296.6499938964844,305.95001220703125,1313785
2020-05-18,258.7332458496094,296.6499938964844,306.29998779296875,294.3500061035156,304.6000061035156,1097612
2020-05-19,265.1002502441406,303.95001220703125,318.5,291.45001220703125,295.0,5819718
2020-05-20,265.7980041503906,304.75,310.3999938964844,300.6000061035156,305.0,2199208
2020-05-21,263.6611328125,302.29998779296875,308.1499938964844,300.1000061035156,307.3999938964844,1223435
2020-05-22,262.4400939941406,300.8999938964844,311.5,299.3500061035156,302.29998779296875,2231671
2020-05-26,271.68524169921875,311.5,315.6000061035156,297.5,303.79998779296875,2184858
2020-05-27,266.75738525390625,305.8500061035156,312.95001220703125,304.79998779296875,312.0,1038328
2020-05-28,266.3213195800781,305.3500061035156,310.0,303.0,307.0,763842
2020-05-29,277.7468566894531,318.45001220703125,321.75,304.0,305.3500061035156,1851878
2020-06-01,280.1454162597656,321.20001220703125,328.0,319.79998779296875,322.5,1955033
2020-06-02,286.29425048828125,328.25,331.0,321.70001220703125,323.95001220703125,1116193
2020-06-03,284.4190673828125,326.1000061035156,331.0,321.6000061035156,328.0,1268990
2020-06-04,284.28826904296875,325.95001220703125,330.0,322.1000061035156,326.0,631503
2020-06-05,300.5108642578125,344.54998779296875,347.6000061035156,323.54998779296875,327.0,3259154
2020-06-08,288.1258850097656,330.3500061035156,349.95001220703125,327.54998779296875,349.95001220703125,3126145
2020-06-09,282.9799194335937,324.45001220703125,336.75,323.1000061035156,330.0,1899239
2020-06-10,288.73638916015625,331.04998779296875,332.45001220703125,324.0,325.45001220703125,774321
2020-06-11,284.11383056640625,325.75,336.0,324.0,331.04998779296875,640866
2020-06-12,286.8175964355469,328.8500061035156,330.6499938964844,314.0,315.0,958352
2020-06-15,284.4190673828125,326.1000061035156,332.8500061035156,323.8999938964844,328.70001220703125,792296
2020-06-16,283.2416687011719,324.75,331.0,316.6000061035156,327.29998779296875,923477
2020-06-17,281.01763916015625,322.20001220703125,327.95001220703125,320.0,325.8999938964844,1077083
2020-06-18,279.273193359375,320.20001220703125,325.8999938964844,319.29998779296875,319.54998779296875,680056
2020-06-19,279.9273681640625,320.95001220703125,325.5,319.3500061035156,322.0,913519
2020-06-22,277.2671813964844,317.8999938964844,326.75,316.20001220703125,323.25,852730
2020-06-23,279.3604431152344,320.29998779296875,322.95001220703125,318.04998779296875,318.5,501119
2020-06-24,282.2822265625,323.6499938964844,327.6499938964844,318.04998779296875,322.8999938964844,1041667
2020-06-25,284.462646484375,326.1499938964844,332.25,324.0,324.79998779296875,2133942
2020-06-26,283.8085632324219,325.3999938964844,330.0,323.0,329.6000061035156,805924
2020-06-29,279.6656494140625,320.6499938964844,327.79998779296875,318.54998779296875,324.8500061035156,769971
2020-06-30,278.0085144042969,318.75,324.70001220703125,317.3999938964844,321.5,579998
2020-07-01,280.66864013671875,321.79998779296875,324.5,317.1000061035156,320.0,997028
2020-07-02,282.8055725097656,324.25,327.3500061035156,321.54998779296875,324.0,929515
2020-07-03,286.3378601074219,328.29998779296875,331.79998779296875,324.29998779296875,326.0,1625485
2020-07-06,289.5649719238281,332.0,335.0,326.70001220703125,328.29998779296875,1372335
2020-07-07,292.6176452636719,335.5,338.70001220703125,328.70001220703125,331.70001220703125,2191888
2020-07-08,290.3063659667969,332.8500061035156,337.79998779296875,331.1000061035156,335.0,1184576
2020-07-09,288.2131042480469,330.45001220703125,336.5,329.1000061035156,334.0,537215
2020-07-10,284.9423828125,326.70001220703125,332.3500061035156,325.20001220703125,329.54998779296875,422836
2020-07-13,287.3845520019531,329.5,331.25,323.8999938964844,328.70001220703125,568418
2020-07-14,283.2416687011719,324.75,332.3999938964844,324.0,330.0,387080
2020-07-15,277.44158935546875,318.1000061035156,329.5,315.75,325.04998779296875,2150743
2020-07-16,276.7438659667969,317.29998779296875,319.45001220703125,312.8999938964844,318.1000061035156,652435
2020-07-17,278.13934326171875,318.8999938964844,321.3999938964844,316.5,319.0,325701
2020-07-20,281.58453369140625,322.8500061035156,324.20001220703125,318.04998779296875,319.0,382455
2020-07-21,279.7093200683594,320.70001220703125,324.04998779296875,319.5,323.20001220703125,544144
2020-07-22,278.6626892089844,319.5,324.79998779296875,317.1000061035156,320.8999938964844,2674130
2020-07-23,278.96795654296875,319.8500061035156,324.8999938964844,319.25,319.5,850570
2020-07-24,277.44158935546875,318.1000061035156,323.75,315.8999938964844,319.8999938964844,1157026
2020-07-27,276.9183349609375,317.5,320.5,316.1499938964844,318.8500061035156,597429
2020-07-28,276.5258178710937,317.04998779296875,319.3500061035156,315.29998779296875,319.0,525107
2020-07-29,277.57244873046875,318.25,322.6499938964844,315.04998779296875,317.29998779296875,790169
2020-07-30,279.1860046386719,320.1000061035156,325.79998779296875,319.0,320.0,776406
2020-07-31,283.8521423339844,325.45001220703125,328.5,320.6499938964844,321.5,1305227
2020-08-03,286.0326843261719,327.95001220703125,337.8999938964844,326.29998779296875,329.0,1965352
2020-08-04,290.43719482421875,333.0,334.5,327.0,327.79998779296875,1119291
2020-08-05,287.3409423828125,329.45001220703125,335.70001220703125,328.75,335.70001220703125,593494
2020-08-06,285.9017944335937,327.79998779296875,333.3999938964844,325.3999938964844,329.45001220703125,770509
2020-08-07,294.0131225585937,337.1000061035156,357.75,334.1000061035156,335.0,13115595
2020-08-10,295.6702575683594,339.0,341.3500061035156,331.75,340.0,1520418
2020-08-11,295.62664794921875,338.95001220703125,344.45001220703125,338.04998779296875,340.8999938964844,1329856
2020-08-12,299.07177734375,342.8999938964844,348.29998779296875,337.79998779296875,339.70001220703125,3651314
2020-08-13,298.4613037109375,342.20001220703125,347.79998779296875,341.04998779296875,345.0,1102005
2020-08-14,299.0281677246094,342.8500061035156,345.45001220703125,340.75,342.20001220703125,994836
2020-08-17,306.6162109375,351.54998779296875,356.0,342.8500061035156,343.8500061035156,2959037
2020-08-18,300.55450439453125,344.6000061035156,352.3999938964844,344.0,352.0,889287
2020-08-19,303.1274108886719,347.54998779296875,351.95001220703125,344.3999938964844,345.8999938964844,716759
2020-08-20,313.9424743652344,359.95001220703125,368.8999938964844,342.0,347.0,5473259
2020-08-21,309.7560119628906,355.1499938964844,367.2000122070313,351.0,363.2999877929688,2927261
2020-08-24,309.9740600585937,355.3999938964844,359.95001220703125,353.29998779296875,358.5,1062874
2020-08-25,306.8778381347656,351.8500061035156,358.1499938964844,347.8999938964844,355.3999938964844,1230652
2020-08-26,305.4823608398437,350.25,358.0,348.3999938964844,352.6000061035156,777848
2020-08-27,300.1184387207031,344.1000061035156,353.5,342.25,353.5,880656
2020-08-28,300.55450439453125,344.6000061035156,351.20001220703125,343.3999938964844,345.0,1451681
2020-08-31,290.3499450683594,332.8999938964844,347.8999938964844,331.1000061035156,345.0,991445
2020-09-01,297.2838134765625,340.8500061035156,345.1000061035156,329.70001220703125,332.8999938964844,2312595
2020-09-02,297.327392578125,340.8999938964844,343.54998779296875,335.25,343.45001220703125,762293
2020-09-03,294.6672668457031,337.8500061035156,343.75,336.1000061035156,343.75,672460
2020-09-04,290.611572265625,333.20001220703125,340.45001220703125,332.04998779296875,334.95001220703125,843235
2020-09-07,289.30328369140625,331.70001220703125,334.45001220703125,327.20001220703125,332.6499938964844,746425
2020-09-08,282.5002746582031,323.8999938964844,333.6499938964844,322.25,333.0,585735
2020-09-09,283.8521423339844,325.45001220703125,326.95001220703125,317.0,322.0,652515
2020-09-10,284.11383056640625,325.75,329.0,322.5,327.0,424065
2020-09-11,283.2852478027344,324.79998779296875,326.29998779296875,322.75,325.75,480312
2020-09-14,284.8116149902344,326.54998779296875,331.6499938964844,323.1000061035156,325.3500061035156,817900
2020-09-15,289.78302001953125,332.25,335.5,328.0,328.1000061035156,791381
2020-09-16,285.6837463378906,327.54998779296875,338.0,326.5,334.79998779296875,1087986
2020-09-17,290.044677734375,332.54998779296875,334.79998779296875,326.6000061035156,327.5,675473
2020-09-18,284.15740966796875,325.79998779296875,333.79998779296875,323.79998779296875,332.8999938964844,1163941
2020-09-21,288.60552978515625,330.8999938964844,333.75,316.20001220703125,327.0,3345863
2020-09-22,284.462646484375,326.1499938964844,330.0,317.95001220703125,329.54998779296875,862320
2020-09-23,280.31988525390625,321.3999938964844,330.3999938964844,319.0,327.70001220703125,615394
2020-09-24,267.7603759765625,307.0,321.0,305.1000061035156,317.5,739604
2020-09-25,271.4671936035156,311.25,313.75,307.8999938964844,308.5,574683
2020-09-28,276.5694274902344,317.1000061035156,318.1000061035156,311.75,312.25,523132
2020-09-29,276.26416015625,316.75,321.8999938964844,315.0,317.1499938964844,1324980
2020-09-30,273.2987365722656,313.3500061035156,317.95001220703125,312.1000061035156,317.45001220703125,429907
2020-10-01,269.9408264160156,309.5,324.29998779296875,308.04998779296875,315.5,1471327
2020-10-05,270.028076171875,309.6000061035156,313.3999938964844,308.29998779296875,311.0,789481
2020-10-06,270.42059326171875,310.04998779296875,312.79998779296875,308.3500061035156,312.1499938964844,647688
2020-10-07,268.1092529296875,307.3999938964844,312.70001220703125,305.29998779296875,311.5,867183
2020-10-08,265.3619079589844,304.25,310.95001220703125,303.45001220703125,309.20001220703125,416959
2020-10-09,264.5333251953125,303.29998779296875,308.3500061035156,302.3500061035156,305.45001220703125,648976
2020-10-12,259.7799072265625,297.8500061035156,304.75,296.75,304.0,566065
2020-10-13,257.8610534667969,295.6499938964844,302.04998779296875,294.04998779296875,297.8500061035156,574947
2020-10-14,259.5618591308594,297.6000061035156,299.0,293.20001220703125,295.0,490250
2020-10-15,257.2505798339844,294.95001220703125,302.79998779296875,293.8500061035156,299.0,530363
2020-10-16,263.9664001464844,302.6499938964844,303.75,294.5,294.5,706570
2020-10-19,265.3182373046875,304.20001220703125,306.29998779296875,301.5,304.0,617431
2020-10-20,263.7047424316406,302.3500061035156,304.79998779296875,300.29998779296875,304.3999938964844,372741
2020-10-21,267.1498413085937,306.29998779296875,308.6000061035156,301.95001220703125,303.0,513669
2020-10-22,281.01763916015625,322.20001220703125,327.1000061035156,306.25,307.29998779296875,2891645
2020-10-23,280.7123107910156,321.8500061035156,324.79998779296875,316.3999938964844,323.75,1246436
2020-10-26,275.52276611328125,315.8999938964844,324.0,313.5,321.0,467070
2020-10-27,274.5633850097656,314.79998779296875,317.6499938964844,304.75,312.75,1242204
2020-10-28,268.19647216796875,307.5,319.3999938964844,306.5,314.0,1281584
2020-10-29,264.9694519042969,303.79998779296875,313.3999938964844,302.45001220703125,306.0,1227048
2020-10-30,272.2957458496094,312.20001220703125,314.8999938964844,303.1499938964844,303.25,2311072
2020-11-02,267.2370910644531,306.3999938964844,313.8999938964844,303.8999938964844,312.3999938964844,775047
2020-11-03,272.7318420410156,312.70001220703125,314.3500061035156,306.79998779296875,308.20001220703125,528967
2020-11-04,272.3393859863281,312.25,315.75,309.04998779296875,312.70001220703125,360975
2020-11-05,275.958984375,316.3999938964844,320.0,313.6499938964844,313.79998779296875,1125843
2020-11-06,281.0611572265625,322.25,325.0,304.04998779296875,304.1000061035156,4143707
2020-11-09,275.1303405761719,315.45001220703125,323.8999938964844,314.6499938964844,323.1000061035156,950955
2020-11-10,271.9468688964844,311.79998779296875,322.70001220703125,310.6499938964844,319.95001220703125,1887846
2020-11-11,270.94384765625,310.6499938964844,314.29998779296875,308.0,311.0,1614171
2020-11-12,268.5453186035156,307.8999938964844,312.1000061035156,307.0,312.1000061035156,804036
2020-11-13,264.35888671875,303.1000061035156,309.1499938964844,302.6499938964844,309.1499938964844,714729
2020-11-14,265.7980041503906,304.75,305.95001220703125,303.6000061035156,305.0,92253
2020-11-17,267.7603759765625,307.0,308.6499938964844,304.1499938964844,306.45001220703125,1135739
2020-11-18,265.8851623535156,304.8500061035156,309.0,303.45001220703125,308.0,1277690
2020-11-19,265.75445556640625,304.70001220703125,308.6000061035156,302.0,305.0,2132421
2020-11-20,268.0220642089844,307.29998779296875,309.8999938964844,304.0,306.20001220703125,1017286
2020-11-23,271.1183166503906,310.8500061035156,312.95001220703125,306.29998779296875,308.95001220703125,1844915
2020-11-24,272.6446228027344,312.6000061035156,314.95001220703125,311.70001220703125,312.29998779296875,916218
2020-11-25,269.1559143066406,308.6000061035156,315.45001220703125,306.75,314.45001220703125,1085987
2020-11-26,267.5423278808594,306.75,310.75,305.04998779296875,309.45001220703125,1281886
2020-11-27,275.6100158691406,316.0,317.0,305.5,308.0,2971179
2020-12-01,276.6566772460937,317.20001220703125,321.5,315.5,316.0,1703292
2020-12-02,274.7378234863281,315.0,320.0,313.0,318.70001220703125,1224098
2020-12-03,282.9799194335937,324.45001220703125,325.5,315.6499938964844,318.70001220703125,1916587
2020-12-04,281.71533203125,323.0,331.3999938964844,319.1499938964844,330.0,4020334
2020-12-07,282.761962890625,324.20001220703125,326.0,321.1499938964844,325.0,926529
2020-12-08,283.5904846191406,325.1499938964844,328.54998779296875,320.70001220703125,326.0,1278905
2020-12-09,287.6461181640625,329.79998779296875,335.29998779296875,324.0,325.20001220703125,2723125
2020-12-10,282.5875549316406,324.0,333.25,322.79998779296875,329.70001220703125,925920
2020-12-11,282.2386169433594,323.6000061035156,327.3500061035156,320.70001220703125,324.20001220703125,923283
2020-12-14,292.79205322265625,335.70001220703125,336.8500061035156,323.75,325.20001220703125,2524397
2020-12-15,292.5303955078125,335.3999938964844,337.3500061035156,327.45001220703125,334.0,2440168
2020-12-16,288.47479248046875,330.75,335.29998779296875,329.6499938964844,334.5,1248807
2020-12-17,284.6371459960937,326.3500061035156,332.1000061035156,325.20001220703125,330.3500061035156,1271862
2020-12-18,287.7333679199219,329.8999938964844,330.54998779296875,323.04998779296875,325.95001220703125,1552562
2020-12-21,268.32733154296875,307.6499938964844,332.5,297.6499938964844,331.29998779296875,1622246
2020-12-22,274.9994506835937,315.29998779296875,316.6000061035156,293.0,307.0,2220268
2020-12-23,283.9830322265625,325.6000061035156,327.0,313.1000061035156,315.29998779296875,1012870
2020-12-24,278.0085144042969,318.75,329.45001220703125,318.1499938964844,327.0,599251
2020-12-28,279.273193359375,320.20001220703125,323.29998779296875,318.45001220703125,321.0,495721
2020-12-29,276.5694274902344,317.1000061035156,322.45001220703125,313.20001220703125,322.04998779296875,1036541
2020-12-30,278.7499389648437,319.6000061035156,320.8999938964844,314.25,319.0,610145
2020-12-31,276.83111572265625,317.3999938964844,320.0,315.5,319.6499938964844,458262
2021-01-01,279.8401184082031,320.8500061035156,322.25,316.04998779296875,317.3999938964844,440526
2021-01-04,279.0987548828125,320.0,323.20001220703125,319.0,322.0,496576
2021-01-05,279.57843017578125,320.54998779296875,321.79998779296875,316.79998779296875,319.5,848595
2021-01-06,287.9078063964844,330.1000061035156,333.79998779296875,320.54998779296875,321.0,2667351
2021-01-07,289.60858154296875,332.04998779296875,334.95001220703125,330.6499938964844,332.0,1326330
2021-01-08,293.0101928710937,335.95001220703125,348.75,333.6000061035156,336.0,4637625
2021-01-11,291.7890319824219,334.54998779296875,341.8500061035156,332.0,339.3999938964844,1378351
2021-01-12,294.3183898925781,337.45001220703125,340.8999938964844,330.79998779296875,334.0,1138957
2021-01-13,288.7799987792969,331.1000061035156,340.20001220703125,326.6499938964844,336.0,1358744
2021-01-14,290.43719482421875,333.0,335.3500061035156,327.70001220703125,331.1000061035156,976978
2021-01-15,289.60858154296875,332.04998779296875,343.79998779296875,329.95001220703125,334.0,3509396
2021-01-18,285.64013671875,327.5,340.0,325.0,334.0,1095184
2021-01-19,295.75750732421875,339.1000061035156,341.0,327.6000061035156,328.6000061035156,2541204
2021-01-20,290.9168395996094,333.54998779296875,343.70001220703125,331.54998779296875,341.79998779296875,2093618
2021-01-21,285.2040405273437,327.0,338.3500061035156,326.1000061035156,335.6000061035156,1803090
2021-01-22,278.40106201171875,319.20001220703125,328.75,316.6000061035156,327.0,871155
2021-01-25,274.17095947265625,314.3500061035156,322.25,308.0,321.0,1001146
2021-01-27,266.10321044921875,305.1000061035156,314.20001220703125,303.6000061035156,314.20001220703125,1294789
2021-01-28,266.8009338378906,305.8999938964844,308.8500061035156,296.5,300.1499938964844,1221989
2021-01-29,269.3302917480469,308.79998779296875,311.25,302.1499938964844,308.0,2256133
2021-02-01,268.15289306640625,307.45001220703125,315.3500061035156,304.1499938964844,314.70001220703125,1786964
2021-02-02,274.6070556640625,314.8500061035156,318.0,308.54998779296875,311.5,2270968
2021-02-03,281.4100646972656,322.6499938964844,326.3999938964844,313.95001220703125,317.0,1019000
2021-02-04,280.1017761230469,321.1499938964844,327.0,320.0,321.79998779296875,2326160
2021-02-05,277.79052734375,318.5,322.25,316.3999938964844,321.8999938964844,1528572
2021-02-08,281.366455078125,322.6000061035156,324.8999938964844,319.0,319.8500061035156,1337801
2021-02-09,284.3318176269531,326.0,331.75,322.20001220703125,323.0,2018962
2021-02-10,288.2567749023437,330.5,335.70001220703125,315.1000061035156,323.75,3692386
2021-02-11,291.2221374511719,333.8999938964844,334.5,327.5,328.3999938964844,1067865
2021-02-12,287.25372314453125,329.3500061035156,337.0,325.70001220703125,333.0,1227410
2021-02-15,290.7424621582031,333.3500061035156,335.0,327.54998779296875,331.0,1175165
2021-02-16,305.9956359863281,345.04998779296875,346.8999938964844,327.8500061035156,329.95001220703125,5483054
2021-02-17,306.3503723144531,345.45001220703125,353.8999938964844,342.25,345.75,4874185
2021-02-18,330.6047668457031,372.7999877929688,375.75,342.75,345.0,4841048
2021-02-19,324.0423278808594,365.3999938964844,378.0,360.3500061035156,374.8999938964844,2710274
2021-02-22,337.2115173339844,380.25,385.6000061035156,368.0,371.0,9015836
2021-02-23,328.1216735839844,370.0,384.0499877929688,369.1000061035156,383.0,2912324
2021-02-24,327.0574951171875,368.7999877929688,383.6499938964844,362.0499877929688,370.0,2100901
2021-02-25,348.7401733398437,393.25,395.75,365.7999877929688,369.5499877929688,5586051
2021-02-26,338.5860900878906,381.7999877929688,392.2999877929688,374.2000122070313,382.0,2677311
2021-03-01,341.5569763183594,385.1499938964844,388.4500122070313,379.6499938964844,385.0,1376124
2021-03-02,344.9268493652344,388.9500122070313,395.5,384.8500061035156,390.0,1463776
2021-03-03,358.93853759765625,404.75,409.0,391.5499877929688,394.1499938964844,3176233
2021-03-04,370.245361328125,417.5,429.7000122070313,395.3999938964844,397.0,5802085
2021-03-05,357.87432861328125,403.5499877929688,417.8999938964844,399.0,410.25,2234595
2021-03-08,369.9793701171875,417.2000122070313,420.5,406.75,407.0,1617572
2021-03-09,370.6001586914063,417.8999938964844,426.3999938964844,413.1499938964844,418.25,2011976
2021-03-10,370.245361328125,417.5,420.0,414.75,419.7999877929688,866937
2021-03-12,365.5896606445313,412.25,420.0,409.75,418.0,1747283
2021-03-15,367.2745666503906,414.1499938964844,416.9500122070313,403.7999877929688,411.0,1297309
2021-03-16,375.8323059082031,423.7999877929688,425.8999938964844,414.25,417.7999877929688,1735911
2021-03-17,369.802001953125,417.0,434.4500122070313,414.3999938964844,424.0,3277772
2021-03-18,370.6001586914063,417.8999938964844,423.1499938964844,412.75,419.8999938964844,1547730
2021-03-19,377.6059875488281,425.7999877929688,429.0,407.0,418.3500061035156,2374864
2021-03-22,379.0692443847656,427.4500122070313,429.1499938964844,418.7000122070313,425.7999877929688,1751625
2021-03-23,373.43798828125,421.1000061035156,430.7999877929688,417.3500061035156,430.7999877929688,1665520
2021-03-24,370.9105224609375,418.25,423.8500061035156,415.8500061035156,419.6000061035156,906713
2021-03-25,364.2593994140625,410.75,419.8999938964844,409.5499877929688,418.2000122070313,869262
2021-03-26,368.1170349121094,415.1000061035156,417.1499938964844,407.0499877929688,413.5,762919
2021-03-30,373.9256896972656,421.6499938964844,425.5,413.7999877929688,416.9500122070313,949709
2021-03-31,375.8323059082031,423.7999877929688,429.3999938964844,420.2000122070313,425.0,796876
2021-04-01,379.1579284667969,427.5499877929688,428.5499877929688,421.9500122070313,423.5,690448
2021-04-05,369.00390625,416.1000061035156,425.6000061035156,414.4500122070313,425.0,742898
2021-04-06,370.7774963378906,418.1000061035156,421.0,412.9500122070313,416.3999938964844,627560
2021-04-07,373.9700622558594,421.7000122070313,424.6499938964844,416.2999877929688,416.6499938964844,971550
2021-04-08,374.6795043945313,422.5,428.5499877929688,419.3999938964844,422.0,1330315
2021-04-09,374.5908203125,422.3999938964844,425.7000122070313,418.1000061035156,422.0,472398
2021-04-12,354.7261657714844,400.0,418.0,393.8500061035156,418.0,841355
2021-04-13,352.06573486328125,397.0,407.1499938964844,388.4500122070313,397.2999877929688,1039223
2021-04-15,350.7354431152344,395.5,402.7999877929688,394.2999877929688,397.0,803461
2021-04-16,362.44146728515625,408.7000122070313,412.0,395.5,395.5,1961713
2021-04-19,340.8475341796875,384.3500061035156,404.9500122070313,383.1499938964844,404.9500122070313,999487
2021-04-20,334.9944763183594,377.75,393.75,375.5,387.7000122070313,1545319
2021-04-22,340.7588195800781,384.25,385.2000122070313,378.0,379.6499938964844,607542
2021-04-23,349.4052734375,394.0,395.8999938964844,384.0499877929688,386.0,1765436
2021-04-26,347.1438903808594,391.4500122070313,397.9500122070313,388.6000061035156,397.0,377310
2021-04-27,348.38543701171875,392.8500061035156,394.2999877929688,387.4500122070313,392.0,484802
2021-04-28,348.0307312011719,392.4500122070313,396.0,390.0,395.0,659718
2021-04-29,349.9816589355469,394.6499938964844,403.0,388.2999877929688,395.7000122070313,1248574
2021-04-30,351.4449768066406,396.2999877929688,399.3500061035156,384.3999938964844,391.6000061035156,518050
2021-05-03,350.46942138671875,395.2000122070313,415.0,388.25,397.0,1130650
2021-05-04,358.3177795410156,404.0499877929688,407.3500061035156,395.1499938964844,397.0,904377
2021-05-05,363.9933776855469,410.4500122070313,412.7000122070313,401.7000122070313,406.0,707428
2021-05-06,365.8113403320313,412.5,417.9500122070313,407.9500122070313,412.25,1063819
2021-05-07,368.9595031738281,416.0499877929688,419.8500061035156,411.2000122070313,414.0,819608
2021-05-10,400.131103515625,451.2000122070313,454.0,417.6499938964844,418.2000122070313,3096757
2021-05-11,389.31195068359375,439.0,457.0,436.75,451.2000122070313,2493351
2021-05-12,386.607177734375,435.9500122070313,453.6000061035156,430.0,440.9500122070313,1755211
2021-05-14,379.8229675292969,428.2999877929688,445.2999877929688,426.0,441.2999877929688,867556
2021-05-17,379.6900024414063,428.1499938964844,440.8999938964844,426.2999877929688,430.6000061035156,991524
2021-05-18,387.4052429199219,436.8500061035156,440.4500122070313,429.1000061035156,430.3999938964844,1327034
2021-05-19,386.1194152832031,435.3999938964844,444.25,430.0,439.75,1121662
2021-05-20,381.9957580566406,430.75,437.5499877929688,422.5499877929688,435.3999938964844,1092535
2021-05-21,399.5989990234375,450.6000061035156,465.8999938964844,426.1000061035156,444.0,15661484
2021-05-24,389.97705078125,439.75,450.6000061035156,436.5,450.6000061035156,1527131
2021-05-25,385.4986572265625,434.7000122070313,446.3999938964844,428.6499938964844,442.0,1262347
2021-05-26,376.7634887695313,424.8500061035156,439.5,423.25,439.5,1288204
2021-05-27,381.241943359375,429.8999938964844,431.0,421.0,426.0499877929688,1027802
2021-05-28,380.66552734375,429.25,433.25,425.25,430.0,804669
2021-05-31,383.8580627441406,432.8500061035156,436.3999938964844,424.6000061035156,429.0,746021
2021-06-01,383.5476684570313,432.5,435.9500122070313,429.0,432.0,543857
2021-06-02,386.2967529296875,435.6000061035156,441.7999877929688,429.6000061035156,431.75,750045
2021-06-03,389.6223449707031,439.3500061035156,441.8999938964844,435.5,435.6000061035156,695389
2021-06-04,382.5720825195313,431.3999938964844,440.8999938964844,430.25,440.3999938964844,620183
2021-06-07,408.999267578125,461.2000122070313,472.0,432.0,433.75,5968231
2021-06-08,415.4729919433594,468.5,489.7000122070313,461.75,462.0,9024820
2021-06-09,420.9712524414063,474.7000122070313,508.7000122070313,465.0,473.8999938964844,12342963
2021-06-10,417.55706787109375,470.8500061035156,482.9500122070313,468.0499877929688,479.9500122070313,3186303
2021-06-11,412.0587463378906,464.6499938964844,474.5,461.0499877929688,473.8999938964844,1698152
2021-06-14,406.8709106445313,458.7999877929688,464.9500122070313,445.8500061035156,464.6499938964844,2291051
2021-06-15,410.1964416503906,462.5499877929688,471.7999877929688,455.0,455.0,1246448
2021-06-16,414.8521728515625,467.7999877929688,472.25,455.25,464.8999938964844,1624938
2021-06-17,405.62933349609375,457.3999938964844,469.1000061035156,452.25,464.1000061035156,1403849
2021-06-18,403.8114013671875,455.3500061035156,463.0,439.4500122070313,458.0,2198717
2021-06-21,410.9059143066406,463.3500061035156,468.5,446.1000061035156,449.75,1676409
2021-06-22,406.8265686035156,458.75,471.3999938964844,457.0499877929688,466.0,1369609
2021-06-23,405.7180480957031,457.5,460.5,453.0499877929688,460.5,940388
2021-06-24,401.6339416503906,447.4500122070313,455.0,443.0,453.7000122070313,1389341
2021-06-25,405.7180480957031,452.0,455.0,444.6499938964844,446.9500122070313,686591
2021-06-28,406.07708740234375,452.3999938964844,460.1499938964844,445.1000061035156,453.5,1174109
2021-06-29,408.2762145996094,454.8500061035156,456.1499938964844,446.6000061035156,454.0,698402
2021-06-30,412.9886169433594,460.1000061035156,462.8999938964844,452.6499938964844,455.6000061035156,1035110
2021-07-01,411.3729553222656,458.2999877929688,462.0,454.0,462.0,441887
2021-07-02,417.0727233886719,464.6499938964844,465.75,455.25,455.25,820426
2021-07-05,420.8875122070313,468.8999938964844,472.0,462.0,469.6499938964844,1348370
2021-07-06,419.4065246582031,467.25,474.8999938964844,464.9500122070313,469.0,1150867
2021-07-07,422.2789001464844,470.4500122070313,471.7999877929688,461.2000122070313,465.0,445467
2021-07-08,422.9969482421875,471.25,475.0,466.6499938964844,470.9500122070313,1006484
2021-07-09,426.5425109863281,475.2000122070313,475.9500122070313,465.25,471.0,693825
2021-07-12,427.70941162109375,476.5,478.9500122070313,470.25,476.1499938964844,777136
2021-07-13,426.0487976074219,474.6499938964844,476.8500061035156,468.0,476.1000061035156,1131416
2021-07-14,424.747314453125,473.2000122070313,475.75,470.5,475.0,414137
2021-07-15,430.9407653808594,480.1000061035156,483.8500061035156,472.4500122070313,475.7000122070313,1490916
2021-07-16,431.2998352050781,480.5,482.5,474.5,482.5,627623
2021-07-19,431.8383483886719,481.1000061035156,482.7000122070313,474.0,476.0,677467
2021-07-20,426.9913330078125,475.7000122070313,481.75,468.5499877929688,481.2000122070313,890897
2021-07-22,424.5677795410156,473.0,475.7000122070313,467.1000061035156,475.7000122070313,929153
2021-07-23,424.9716796875,473.4500122070313,475.5499877929688,468.5,475.0,376596
2021-07-26,419.5411376953125,467.3999938964844,471.9500122070313,463.0,468.9500122070313,955011
2021-07-27,411.3729553222656,458.2999877929688,470.25,456.2000122070313,467.0,573971
2021-07-28,408.05181884765625,454.6000061035156,459.8500061035156,446.0,459.1499938964844,833983
2021-07-29,405.8975830078125,452.2000122070313,456.8500061035156,450.5,455.9500122070313,331119
2021-07-30,408.5904235839844,455.2000122070313,456.5,448.0499877929688,452.2000122070313,409490
2021-08-02,417.7459106445313,465.3999938964844,468.8999938964844,453.25,460.8500061035156,1621575
2021-08-03,416.8932189941406,464.4500122070313,469.6499938964844,459.1000061035156,469.6499938964844,866123
2021-08-04,423.4457092285156,471.75,475.5,463.2000122070313,464.4500122070313,882942
2021-08-05,424.747314453125,473.2000122070313,475.3999938964844,464.0499877929688,475.0,538755
2021-08-06,426.4078369140625,475.0499877929688,480.0,466.1000061035156,476.1499938964844,1561862
2021-08-09,409.66748046875,456.3999938964844,470.0,446.3500061035156,470.0,1921307
2021-08-10,409.71240234375,456.4500122070313,462.2999877929688,445.1000061035156,454.5,1085595
2021-08-11,410.3855285644531,457.2000122070313,459.0499877929688,448.5499877929688,455.4500122070313,482111
2021-08-12,420.3938598632813,468.3500061035156,473.3500061035156,457.0,457.0,1602107
2021-08-13,416.7137145996094,464.25,474.2999877929688,462.6000061035156,468.0,983232
2021-08-16,412.85400390625,459.9500122070313,466.3999938964844,458.2999877929688,463.9500122070313,278189
2021-08-17,409.443115234375,456.1499938964844,461.75,450.0,458.5,951862
2021-08-18,412.9886169433594,460.1000061035156,461.0,451.3500061035156,455.5,967129
2021-08-20,406.7054443359375,453.1000061035156,457.7999877929688,443.8500061035156,457.0,674279
2021-08-23,407.1092529296875,453.5499877929688,459.8999938964844,437.25,452.1000061035156,1028391
2021-08-24,413.30279541015625,460.4500122070313,463.0,448.1000061035156,450.6000061035156,560910
2021-08-25,424.2536010742188,472.6499938964844,475.0,460.0499877929688,461.5,1229430
2021-08-26,424.7023620605469,473.1499938964844,477.6499938964844,465.7000122070313,475.9500122070313,3057691
2021-08-27,438.16650390625,488.1499938964844,496.75,472.2000122070313,473.1499938964844,3236006
2021-08-30,440.590087890625,490.8500061035156,499.7999877929688,487.5499877929688,490.0,2109663
2021-08-31,432.1974792480469,481.5,494.8999938964844,478.5,494.8999938964844,934369
2021-09-01,437.897216796875,487.8500061035156,492.6000061035156,481.0,483.5,809156
2021-09-02,435.3839111328125,485.0499877929688,495.0,484.1000061035156,490.0,1016752
2021-09-03,436.4610595703125,486.25,490.4500122070313,483.8999938964844,486.0,515555
2021-09-06,429.8187255859375,478.8500061035156,485.6000061035156,478.0,485.0499877929688,480998
2021-09-07,423.40087890625,471.7000122070313,480.8500061035156,470.2000122070313,479.6499938964844,871115
2021-09-08,433.139892578125,482.5499877929688,485.2000122070313,464.8999938964844,472.0499877929688,1025584
2021-09-09,428.5621337890625,477.4500122070313,487.7999877929688,473.25,485.0,1537264
2021-09-13,431.5242004394531,480.75,482.9500122070313,471.8500061035156,477.0,481004
2021-09-14,432.87060546875,482.25,484.25,476.6499938964844,480.5,304051
2021-09-15,438.8397216796875,488.8999938964844,500.0,480.0,481.0,2050714
2021-09-16,444.3150939941406,495.0,497.7000122070313,488.0,490.0,1172348
2021-09-17,432.5564270019531,481.8999938964844,498.8999938964844,476.2000122070313,498.0,1384011
2021-09-20,434.8902282714844,484.5,494.0,474.6000061035156,481.0,1126158
2021-09-21,440.72467041015625,491.0,491.9500122070313,477.1000061035156,486.0,673106
2021-09-22,442.4749755859375,492.9500122070313,503.7999877929688,485.2000122070313,500.0,1966270
2021-09-23,444.4497375488281,495.1499938964844,505.0,491.4500122070313,495.0,1553788
2021-09-24,447.5015869140625,498.5499877929688,501.9500122070313,488.7999877929688,497.7999877929688,1028602
2021-09-27,444.2253112792969,494.8999938964844,502.75,485.25,502.0,685799
2021-09-28,451.7203674316406,503.25,517.2000122070312,492.0499877929688,496.8999938964844,4017209
2021-09-29,463.52392578125,516.4000244140625,527.3499755859375,498.3999938964844,505.8500061035156,4894804
2021-09-30,453.3360290527344,505.0499877929688,519.0,503.0499877929688,517.9000244140625,1140668
2021-10-01,450.0597839355469,501.3999938964844,507.8999938964844,490.2000122070313,504.0,977000
2021-10-04,451.1369323730469,502.6000061035156,510.3999938964844,499.75,501.5,657696
2021-10-05,462.40185546875,515.1500244140625,519.5,498.7999877929688,500.0,1817013
2021-10-06,453.9194641113281,505.7000122070313,522.6500244140625,503.5499877929688,520.5,781849
2021-10-07,457.8240661621094,510.0499877929688,516.7999877929688,505.0,505.0,471190
2021-10-08,452.3935241699219,504.0,513.9000244140625,501.5499877929688,510.0499877929688,374514
2021-10-11,484.07904052734375,539.2999877929688,544.9000244140625,502.7999877929688,512.0,4867457
2021-10-12,467.5631713867188,520.9000244140625,544.0,519.0499877929688,542.0,1397416
2021-10-13,466.0820007324219,519.25,525.9000244140625,515.0999755859375,519.0,1386140
2021-10-14,462.6262817382813,515.4000244140625,522.9500122070312,513.7999877929688,520.9000244140625,387959
2021-10-18,467.9221496582031,521.2999877929688,527.9000244140625,515.8499755859375,516.7000122070312,1108317
2021-10-19,458.7665710449219,511.1000061035156,527.8499755859375,505.2000122070313,523.25,1289601
2021-10-20,447.2772216796875,498.2999877929688,517.3499755859375,496.0499877929688,511.2999877929688,1002255
2021-10-21,445.3025207519531,496.1000061035156,505.0,491.4500122070313,498.2999877929688,2200667
2021-10-22,446.2001037597656,497.1000061035156,505.7999877929688,490.0499877929688,501.7000122070313,607180
2021-10-25,443.5072021484375,494.1000061035156,497.6000061035156,482.25,497.1000061035156,683871
2021-10-26,448.0401916503906,499.1499938964844,506.9500122070313,486.5,490.1000061035156,780784
2021-10-27,448.5339050292969,499.7000122070313,504.7000122070313,495.2999877929688,498.8999938964844,862027
2021-10-28,438.7499694824219,488.7999877929688,536.0,485.3999938964844,520.0,7424700
2021-10-29,448.75830078125,499.9500122070313,511.5,484.0,490.0,1308349
2021-11-01,452.2139892578125,503.7999877929688,511.0,494.5,505.0,656415
2021-11-02,468.5953369140625,522.0499877929688,525.5,505.0,506.0,1330349
2021-11-03,459.8885192871094,512.3499755859375,525.0499877929688,510.3500061035156,525.0499877929688,1314090
2021-11-04,462.7608642578125,515.5499877929688,517.5,514.0,515.0,64089
2021-11-08,475.4170837402344,529.6500244140625,531.0,515.6500244140625,515.7999877929688,765691
2021-11-09,475.5517883300781,529.7999877929688,539.0,527.3499755859375,528.5,880823
2021-11-10,483.5404968261719,538.7000122070312,545.5,525.4000244140625,529.0,1001719
2021-11-11,480.4885559082031,535.2999877929688,541.0499877929688,530.25,538.0,537716
2021-11-12,484.07904052734375,539.2999877929688,547.0,535.2999877929688,535.2999877929688,1334026
2021-11-15,489.5993041992188,545.4500122070312,550.9500122070312,540.0,540.0,835799
2021-11-16,487.22064208984375,542.7999877929688,549.0,540.0,545.0499877929688,1069585
2021-11-17,485.2459106445313,540.5999755859375,544.3499755859375,535.0,542.7999877929688,914669
2021-11-18,472.6345825195313,526.5499877929688,545.5,520.8499755859375,539.5499877929688,748124
2021-11-22,459.6192321777344,512.0499877929688,525.0,507.8999938964844,525.0,583012
2021-11-23,480.6232604980469,535.4500122070312,539.8499755859375,501.7999877929688,503.75,1457880
2021-11-24,494.13226318359375,550.5,557.9500122070312,531.0,531.0,2118292
2021-11-25,495.9723510742188,552.5499877929688,560.75,538.5999755859375,550.5,2506597
2021-11-26,483.0019226074219,538.0999755859375,554.4000244140625,536.0499877929688,547.9000244140625,782324
2021-11-29,478.9626159667969,533.5999755859375,537.7000122070312,521.6500244140625,533.5,513097
2021-11-30,494.7605590820313,551.2000122070312,555.0999755859375,530.0499877929688,531.0,1620463
2021-12-01,494.0425109863281,550.4000244140625,556.0,543.0499877929688,550.9500122070312,720482
2021-12-02,504.4995727539063,562.0499877929688,567.5,545.5999755859375,548.0,1409396
2021-12-03,507.4167785644531,565.2999877929688,571.0,559.0,562.0,806897
2021-12-06,497.9021911621094,554.7000122070312,576.9500122070312,551.75,566.7999877929688,1410805
2021-12-07,525.9075317382812,585.9000244140625,588.9500122070312,551.5499877929688,557.5999755859375,2030844
2021-12-08,523.0800170898438,582.75,591.7000122070312,576.5,590.0,1277695
2021-12-09,518.6817626953125,577.8499755859375,583.0,576.2999877929688,582.0,362390
2021-12-10,520.3423461914062,579.7000122070312,582.4000244140625,567.9000244140625,580.8499755859375,628423
2021-12-13,517.5148315429688,576.5499877929688,590.8499755859375,575.0,580.2000122070312,459749
2021-12-14,522.45166015625,582.0499877929688,584.8499755859375,571.4500122070312,574.7999877929688,407005
2021-12-15,537.30712890625,598.5999755859375,606.5499877929688,576.7999877929688,583.5,2282818
2021-12-16,500.3257446289063,557.4000244140625,603.2000122070312,554.75,599.0,2635061
2021-12-17,488.7016906738281,544.4500122070312,560.0,539.0999755859375,557.0,1426816
2021-12-20,482.3287048339844,537.3499755859375,539.9500122070312,526.0,539.9000244140625,522564
2021-12-21,481.7901306152344,536.75,548.2000122070312,531.4500122070312,540.0,623385
2021-12-22,480.30908203125,535.0999755859375,542.4500122070312,532.5,537.0499877929688,527661
2021-12-23,486.68212890625,542.2000122070312,545.3499755859375,535.7000122070312,538.0,561881
2021-12-24,478.78314208984375,533.4000244140625,547.9000244140625,529.5499877929688,544.9500122070312,536765
2021-12-27,482.912109375,538.0,540.6500244140625,527.2999877929688,530.1500244140625,520997
2021-12-28,489.1504821777344,544.9500122070312,546.5,534.0,543.3499755859375,839069
2021-12-29,485.5152587890625,540.9000244140625,548.7999877929688,538.8499755859375,544.7999877929688,382180
2021-12-30,492.8306579589844,549.0499877929688,551.75,533.0,542.9000244140625,827908
2021-12-31,496.8699035644531,553.5499877929688,555.0,545.2999877929688,549.1500244140625,393467
2022-01-03,498.2611083984375,555.0999755859375,559.0,552.0,554.0999755859375,312604
2022-01-04,512.1741333007812,570.5999755859375,573.0999755859375,556.0,558.9000244140625,1178814
2022-01-05,508.2247009277344,566.2000122070312,577.7000122070312,562.5,569.4000244140625,744489
2022-01-06,510.1995239257813,568.4000244140625,571.9000244140625,556.7000122070312,560.0,538995
2022-01-07,515.944091796875,574.7999877929688,579.0,565.7999877929688,565.7999877929688,513874
2022-01-10,516.0338134765625,574.9000244140625,586.0,571.25,577.9500122070312,872525
2022-01-11,521.4644165039062,580.9500122070312,589.7999877929688,576.0,576.0,823192
2022-01-12,514.2385864257812,572.9000244140625,583.4500122070312,571.0,581.9500122070312,275515
2022-01-13,519.1754760742188,578.4000244140625,581.8499755859375,567.9500122070312,573.2000122070312,404723
2022-01-14,519.579345703125,578.8499755859375,584.6500244140625,575.3499755859375,576.0,564355
2022-01-17,520.43212890625,579.7999877929688,583.0,574.25,580.1500244140625,356065
2022-01-18,507.5963134765625,565.5,583.8499755859375,563.7000122070312,580.2000122070312,234265
2022-01-19,505.9806518554688,563.7000122070312,567.5999755859375,557.9500122070312,566.0999755859375,820170
2022-01-20,514.59765625,573.2999877929688,578.0,560.6500244140625,565.0,765015
2022-01-21,494.17718505859375,550.5499877929688,574.0499877929688,548.0,572.2999877929688,994484
2022-01-24,481.92474365234375,536.9000244140625,553.0999755859375,531.0999755859375,549.0,355331
2022-01-25,485.5601196289063,540.9500122070312,543.7000122070312,521.5499877929688,530.2000122070312,870237
2022-01-27,481.2964477539063,536.2000122070312,548.2999877929688,530.0,536.7000122070312,635689
2022-01-28,486.5025329589844,542.0,554.2999877929688,536.25,540.25,639383
2022-01-31,489.8237915039063,545.7000122070312,549.4000244140625,539.0999755859375,548.4500122070312,1073260
2022-02-01,488.3426513671875,544.0499877929688,551.9500122070312,532.2000122070312,545.5,832461
2022-02-02,490.3623352050781,546.2999877929688,550.5,543.3499755859375,545.3499755859375,244114
2022-02-03,484.57275390625,539.8499755859375,547.5,537.2999877929688,546.0,266058
2022-02-04,520.9258422851562,580.3499755859375,589.9000244140625,543.0999755859375,543.5,7770569
2022-02-07,470.4353942871094,524.0999755859375,578.0,522.3499755859375,577.0,3768139
2022-02-08,457.8689575195313,510.1000061035156,535.0499877929688,505.2000122070313,526.0,3109561
2022-02-09,459.8885192871094,512.3499755859375,522.4500122070312,503.8500061035156,514.7999877929688,1220257
2022-02-10,462.4925231933594,506.2000122070313,511.4500122070313,500.5,508.7999877929688,917329
2022-02-11,452.62506103515625,495.3999938964844,511.7999877929688,491.2000122070313,505.7999877929688,1400187
2022-02-14,438.4176635742188,479.8500061035156,494.0499877929688,476.2999877929688,481.2999877929688,721629
2022-02-15,440.6104431152344,482.25,484.7000122070313,471.4500122070313,483.0,1024921
2022-02-16,434.3975830078125,475.4500122070313,488.4500122070313,473.8999938964844,487.1499938964844,1399051
2022-02-17,437.8238220214844,479.2000122070313,484.7999877929688,475.1000061035156,478.0,922823
2022-02-18,438.097900390625,479.5,492.8999938964844,477.9500122070313,480.9500122070313,1604727
2022-02-21,436.4076232910156,477.6499938964844,484.9500122070313,473.25,478.7999877929688,559721
2022-02-22,431.42822265625,472.2000122070313,474.0,458.0,470.0,468299
2022-02-23,433.392578125,474.3500061035156,483.9500122070313,471.7999877929688,474.0,500223
2022-02-24,405.7088012695313,444.0499877929688,468.2000122070313,433.0,463.0,725901
2022-02-25,424.71282958984375,464.8500061035156,466.5,450.0,450.0,445914
2022-02-28,434.169189453125,475.2000122070313,477.0,457.0499877929688,458.0,379802
2022-03-02,438.097900390625,479.5,483.6499938964844,468.8500061035156,470.7000122070313,443162
2022-03-03,438.509033203125,479.9500122070313,486.6499938964844,477.6000061035156,484.9500122070313,260512
2022-03-04,428.2760925292969,468.75,481.7000122070313,466.3500061035156,475.0,311250
2022-03-07,425.3524169921875,465.5499877929688,473.25,448.4500122070313,460.0,238804
2022-03-08,428.3217468261719,468.7999877929688,480.0,460.3999938964844,464.7000122070313,577601
2022-03-09,433.8493347167969,474.8500061035156,478.0,470.0,471.2999877929688,254402
2022-03-10,441.6154479980469,483.3500061035156,486.0,477.0,480.0,474785
2022-03-11,439.3313598632813,480.8500061035156,490.3999938964844,479.5,486.6499938964844,1160192
2022-03-14,442.8945617675781,484.75,486.8999938964844,476.0,480.8500061035156,380517
2022-03-15,436.087890625,477.2999877929688,488.8500061035156,474.6000061035156,484.0,258379
2022-03-16,444.12799072265625,486.1000061035156,488.0,479.7999877929688,479.7999877929688,389812
2022-03-17,441.4783935546875,483.2000122070313,494.0499877929688,481.2999877929688,494.0499877929688,681311
2022-03-21,440.5647583007813,482.2000122070313,486.8999938964844,480.0,485.6000061035156,165135
2022-03-22,443.4884643554688,485.3999938964844,487.0,478.6000061035156,482.2000122070313,216083
2022-03-23,442.5291748046875,484.3500061035156,493.7000122070313,478.5499877929688,488.0,498893
2022-03-24,451.7113342285156,494.3999938964844,495.7999877929688,480.0,484.0,425873
2022-03-25,443.9909973144531,485.9500122070313,499.2000122070313,484.2000122070313,499.0,595638
2022-03-28,448.1024169921875,490.4500122070313,492.4500122070313,479.8500061035156,489.8999938964844,228813
2022-03-29,448.19378662109375,490.5499877929688,495.8999938964844,489.25,495.0,176995
2022-03-30,447.14306640625,489.3999938964844,492.9500122070313,482.2000122070313,490.5499877929688,291680
2022-03-31,449.3815612792969,491.8500061035156,494.0,487.1499938964844,492.0,184809
2022-04-01,459.1119995117188,502.5,504.5499877929688,488.5,490.6000061035156,606197
2022-04-04,465.096435546875,509.0499877929688,511.2000122070313,502.5499877929688,504.0,365401
2022-04-05,487.16119384765625,533.2000122070312,538.7000122070312,506.7000122070313,512.0,1206501
2022-04-06,494.1963806152344,540.9000244140625,553.0,520.4000244140625,529.5,3289661
2022-04-07,490.9528503417969,537.3499755859375,551.9500122070312,531.5,542.9000244140625,1034820
2022-04-08,495.7038879394531,542.5499877929688,544.7000122070312,535.6500244140625,539.75,348421
2022-04-11,511.738525390625,560.0999755859375,563.4500122070312,541.2000122070312,541.9500122070312,1390063
2022-04-12,500.7289733886719,548.0499877929688,570.8499755859375,544.7999877929688,560.0,1614322
2022-04-13,500.7289733886719,548.0499877929688,563.7999877929688,545.4000244140625,548.5,966351
2022-04-18,521.2406005859375,570.5,577.8499755859375,540.7999877929688,549.4000244140625,1645800
2022-04-19,500.31781005859375,547.5999755859375,572.5,542.0,571.2000122070312,816279
2022-04-20,503.1044616699219,550.6500244140625,556.5999755859375,545.5999755859375,545.5999755859375,378515
2022-04-21,509.5001220703125,557.6500244140625,563.25,532.0,555.0,282523
2022-04-22,494.8358154296875,541.5999755859375,556.4500122070312,538.8499755859375,554.8499755859375,189865
2022-04-25,490.6787414550781,537.0499877929688,545.5999755859375,533.0999755859375,541.7999877929688,660146
2022-04-26,499.7240295410156,546.9500122070312,554.4000244140625,539.75,541.0,556162
2022-04-27,497.7138977050781,544.75,554.25,537.1500244140625,544.0,453048
2022-04-28,500.6833190917969,548.0,550.5999755859375,538.5999755859375,545.0,467619
2022-04-29,487.115478515625,533.1500244140625,553.7000122070312,530.0,548.2000122070312,395524
2022-05-02,490.3590087890625,536.7000122070312,538.2000122070312,526.25,529.1500244140625,327466
2022-05-04,483.186767578125,528.8499755859375,545.5999755859375,526.9500122070312,536.6500244140625,709229
2022-05-05,477.8419494628906,523.0,540.4000244140625,518.2999877929688,535.0,485823
2022-05-06,450.8433837890625,493.4500122070313,522.3499755859375,486.8500061035156,518.0,1166138
2022-05-09,444.3107299804688,486.2999877929688,490.4500122070313,472.2000122070313,488.0,1208803
2022-05-10,428.1390075683594,468.6000061035156,496.7999877929688,464.4500122070313,480.25,1153281
2022-05-11,413.383544921875,452.4500122070313,493.7000122070313,449.0,457.0,2411659
2022-05-12,400.9578247070313,438.8500061035156,459.2999877929688,430.2999877929688,452.4500122070313,1043176
2022-05-13,394.3794860839844,431.6499938964844,449.2000122070313,428.0,447.0,425307
2022-05-16,392.7349243164063,429.8500061035156,434.4500122070313,423.25,431.25,527472
2022-05-17,402.2368774414063,440.25,443.25,430.2000122070313,432.75,443511
2022-05-18,396.8006286621094,434.2999877929688,446.1000061035156,432.2000122070313,443.3999938964844,444804
2022-05-19,383.5526428222656,419.7999877929688,433.1000061035156,415.25,427.0,499447
2022-05-20,392.5521545410156,429.6499938964844,431.4500122070313,423.6000061035156,423.7999877929688,237546
2022-05-23,392.5521545410156,429.6499938964844,436.0,426.7000122070313,430.9500122070313,333652
2022-05-24,393.3287658691406,430.5,443.7000122070313,428.1000061035156,431.75,1235154
2022-05-25,394.5621948242188,431.8500061035156,437.9500122070313,427.0499877929688,431.5,718678
2022-05-26,402.8764953613281,440.9500122070313,442.3999938964844,419.6000061035156,433.0,379813
2022-05-27,395.7042846679688,433.1000061035156,443.8500061035156,431.75,441.75,330812
2022-05-30,406.07427978515625,444.4500122070313,453.9500122070313,430.1499938964844,435.0,548196
2022-05-31,416.6726684570313,456.0499877929688,460.9500122070313,440.0,446.0,1454096
2022-06-01,437.8694763183594,479.25,481.5,454.5,460.0,1718825
2022-06-02,439.3770446777344,480.8999938964844,483.3500061035156,470.1499938964844,475.0,465967
2022-06-03,425.3524169921875,465.5499877929688,484.6499938964844,464.0,481.0,479468
2022-06-06,419.5049743652344,459.1499938964844,465.5499877929688,454.2000122070313,465.5499877929688,166225
2022-06-07,417.2207946777344,456.6499938964844,461.4500122070313,452.7000122070313,457.9500122070313,259434
2022-06-08,418.4999694824219,458.0499877929688,460.75,449.1000061035156,456.6499938964844,280457
2022-06-09,417.8603820800781,457.3500061035156,459.75,448.6000061035156,456.4500122070313,207483
2022-06-10,425.7634887695313,466.0,468.7999877929688,452.1000061035156,452.1000061035156,1029595
2022-06-13,416.4899291992188,455.8500061035156,466.8999938964844,447.5,461.3500061035156,758543
2022-06-14,430.6516418457031,471.3500061035156,473.0499877929688,455.0,455.9500122070313,1105510
2022-06-15,433.3468627929688,474.2999877929688,487.3500061035156,470.1000061035156,475.0499877929688,1712880
2022-06-16,429.1897583007813,469.75,481.0,465.1000061035156,481.0,1212931
2022-06-17,425.3981018066406,465.6000061035156,479.1000061035156,461.75,467.4500122070313,846318
2022-06-20,414.4342346191406,453.6000061035156,469.2000122070313,449.1000061035156,465.0,469991
2022-06-21,423.3423767089844,463.3500061035156,466.9500122070313,450.6000061035156,452.75,476825
2022-06-22,420.7384338378906,460.5,474.8999938964844,454.2000122070313,462.8500061035156,716282
2022-06-23,416.4442443847656,455.7999877929688,464.3999938964844,443.1499938964844,464.3999938964844,695005
2022-06-24,422.6571044921875,462.6000061035156,464.5499877929688,454.0499877929688,455.7999877929688,314591
2022-06-27,429.098388671875,469.6499938964844,474.7000122070313,463.25,463.5499877929688,268302
2022-06-28,434.260498046875,475.2999877929688,476.8999938964844,461.1000061035156,468.8999938964844,480685
2022-06-29,420.3729553222656,460.1000061035156,475.6000061035156,457.0499877929688,470.5499877929688,774595
2022-06-30,412.6526184082031,451.6499938964844,463.1000061035156,447.6000061035156,461.0,414677
2022-07-01,418.81976318359375,458.3999938964844,460.6000061035156,449.3999938964844,451.0,220456
2022-07-04,425.4894409179688,465.7000122070313,466.8999938964844,455.0,457.5,222648
2022-07-05,431.1997985839844,471.9500122070313,474.75,465.1499938964844,468.7000122070313,482182
2022-07-06,436.3619689941406,477.6000061035156,479.2000122070313,469.2000122070313,472.5,252938
2022-07-07,438.8287963867188,480.2999877929688,483.1000061035156,477.3500061035156,479.75,210536
2022-07-08,439.3313598632813,480.8500061035156,484.8999938964844,474.0,482.4500122070313,225955
2022-07-11,446.7319641113281,488.9500122070313,493.0,475.2000122070313,478.5499877929688,290019
2022-07-12,434.8087158203125,475.8999938964844,495.3500061035156,472.2999877929688,489.5499877929688,610344
2022-07-13,440.2449951171875,481.8500061035156,489.75,477.0,478.75,489593
2022-07-14,447.5998840332031,489.8999938964844,491.0,482.5,484.6000061035156,413597
2022-07-15,454.1325378417969,497.0499877929688,498.0,490.2999877929688,492.7000122070313,410106
2022-07-18,472.2228698730469,516.8499755859375,518.0,500.0,500.0,668856
2022-07-19,478.115966796875,523.2999877929688,527.0,513.0999755859375,514.8499755859375,554599
2022-07-20,467.42620849609375,511.6000061035156,528.9500122070312,507.2000122070313,528.9500122070312,475779
2022-07-21,464.82232666015625,508.75,515.5499877929688,507.0499877929688,511.7999877929688,271885
2022-07-22,459.7515258789063,503.2000122070313,512.0,499.3999938964844,508.75,854890
2022-07-25,460.71087646484375,504.25,509.2000122070313,500.6000061035156,503.2000122070313,1153332
2022-07-26,458.33538818359375,501.6499938964844,511.3500061035156,498.8999938964844,504.2000122070313,555617
2022-07-27,466.0557556152344,510.1000061035156,511.9500122070313,497.2000122070313,501.0,489142
2022-07-28,459.4317626953125,502.8500061035156,513.4500122070312,501.0,511.75,394553
2022-07-29,479.44085693359375,524.75,526.75,504.9500122070313,504.9500122070313,783185
2022-08-01,481.6336975097656,527.1500244140625,532.0,521.25,526.75,582879
2022-08-02,485.3338623046875,531.2000122070312,532.9000244140625,523.25,527.1500244140625,409849
2022-08-03,487.0241088867188,533.0499877929688,534.4500122070312,523.7000122070312,530.9500122070312,239748
2022-08-04,485.6993103027344,531.5999755859375,538.9000244140625,524.9500122070312,534.9000244140625,576025
2022-08-05,494.1506652832031,540.8499755859375,543.9000244140625,528.4000244140625,529.0,318171
2022-08-08,501.14007568359375,548.5,549.6500244140625,537.3499755859375,540.0,445171
2022-08-10,495.4297180175781,542.25,565.0,540.7000122070312,565.0,1509501
2022-08-11,508.7691040039063,556.8499755859375,559.4000244140625,542.8499755859375,545.0,343176
2022-08-12,529.1893920898438,579.2000122070312,583.9000244140625,553.6500244140625,555.0,1040317
2022-08-16,530.788330078125,580.9500122070312,583.9500122070312,573.75,579.2000122070312,524972
2022-08-17,531.5191650390625,581.75,592.0,579.25,581.7999877929688,466031
2022-08-18,536.7727661132812,587.5,589.9000244140625,577.2999877929688,580.0,416249
2022-08-19,535.7677001953125,586.4000244140625,597.1500244140625,581.5999755859375,587.5999755859375,323024
2022-08-22,533.1637573242188,583.5499877929688,610.0,574.5,585.9500122070312,1587273
2022-08-23,530.6968383789062,580.8499755859375,593.8499755859375,577.75,583.5,673814
2022-08-24,530.788330078125,580.9500122070312,591.7000122070312,574.2999877929688,584.4500122070312,602804
2022-08-25,522.5654296875,571.9500122070312,586.0,570.5,582.0,385349
2022-08-26,526.5853881835938,576.3499755859375,579.9500122070312,574.0,575.0,430991
2022-08-29,528.7782592773438,578.75,579.9500122070312,565.0,565.0,180340
2022-08-30,531.8846435546875,582.1500244140625,584.4000244140625,576.6500244140625,580.0999755859375,322415
2022-09-01,532.7525634765625,583.0999755859375,591.8499755859375,575.2000122070312,576.0,281377
2022-09-02,527.5447998046875,577.4000244140625,588.9500122070312,573.7999877929688,585.5,435849
2022-09-05,523.1591796875,572.5999755859375,581.5499877929688,570.2000122070312,577.4000244140625,775095
2022-09-06,530.0115966796875,580.0999755859375,591.9000244140625,572.75,572.75,1930422
2022-09-07,530.651123046875,580.7999877929688,591.2999877929688,578.4000244140625,580.0999755859375,858247
2022-09-08,523.9358520507812,573.4500122070312,587.0,571.7999877929688,583.7000122070312,300802
2022-09-09,516.8550415039062,565.7000122070312,579.8499755859375,562.9500122070312,575.3499755859375,328987
2022-09-12,512.5150756835938,560.9500122070312,574.0,558.75,567.8499755859375,565980
2022-09-13,504.9318237304688,552.6500244140625,568.4000244140625,551.25,563.0,347245
2022-09-14,499.35845947265625,546.5499877929688,557.25,545.2000122070312,548.0,518910
2022-09-15,505.8911743164063,553.7000122070312,559.1500244140625,548.3499755859375,549.75,793298
2022-09-16,493.9222106933594,540.5999755859375,557.9500122070312,535.0,555.2000122070312,520713
2022-09-19,492.5517578125,539.0999755859375,546.5,533.4500122070312,541.0,225478
2022-09-20,498.26214599609375,545.3499755859375,550.9000244140625,540.0999755859375,544.0,202450
2022-09-21,490.8614807128906,537.25,549.5499877929688,535.0999755859375,545.3499755859375,256847
2022-09-22,487.89208984375,534.0,537.4000244140625,525.0999755859375,531.2000122070312,378990
2022-09-23,476.6997985839844,521.75,536.75,520.3499755859375,533.9500122070312,357807
2022-09-26,451.8941345214844,494.6000061035156,518.0499877929688,492.5,518.0499877929688,712467
2022-09-27,460.482421875,504.0,508.5499877929688,493.1000061035156,495.2000122070313,658739
2022-09-28,451.3002624511719,493.9500122070313,506.0,490.8999938964844,499.1000061035156,456156
2022-09-29,441.2043151855469,482.8999938964844,499.8500061035156,478.0,497.1499938964844,445651
2022-09-30,444.8589477539063,486.8999938964844,491.2999877929688,474.9500122070313,484.7000122070313,484669
2022-10-03,441.1586608886719,482.8500061035156,493.2999877929688,479.75,488.8999938964844,754927
2022-10-04,459.5231323242188,502.9500122070313,505.0,485.0,487.75,1137887
2022-10-06,459.1119995117188,502.5,511.0,501.6000061035156,506.8500061035156,269751
2022-10-07,448.4679260253906,490.8500061035156,504.8999938964844,488.1499938964844,503.1000061035156,340421
2022-10-10,448.92474365234375,491.3500061035156,493.5499877929688,481.0,484.0,380492
2022-10-11,439.0115661621094,480.5,493.8500061035156,479.6000061035156,493.7999877929688,212229
2022-10-12,442.07232666015625,483.8500061035156,486.6499938964844,480.3999938964844,482.8999938964844,363771
2022-10-13,438.1435852050781,479.5499877929688,485.6499938964844,475.3999938964844,483.0,251988
2022-10-14,436.7274169921875,478.0,487.5,476.4500122070313,484.0,204800
2022-10-17,440.6561279296875,482.2999877929688,483.7000122070313,475.5499877929688,477.0,188182
2022-10-18,440.7931823730469,482.4500122070313,485.2000122070313,477.5,484.75,279844
2022-10-19,439.8338317871094,481.3999938964844,489.5,480.0499877929688,484.8999938964844,419315
2022-10-20,443.4884643554688,485.3999938964844,486.75,476.0,478.9500122070313,238066
2022-10-21,442.5747985839844,484.3999938964844,487.7000122070313,480.3999938964844,486.4500122070313,108634
2022-10-24,443.8082275390625,485.75,489.8999938964844,480.1000061035156,487.0,50151
2022-10-25,463.4518737792969,507.25,508.0,483.8500061035156,488.2000122070313,854864
2022-10-27,462.5838623046875,506.2999877929688,515.0,500.1499938964844,507.25,350944
2022-10-28,456.5538024902344,499.7000122070313,508.5499877929688,493.1499938964844,506.2000122070313,241889
2022-10-31,460.80224609375,504.3500061035156,507.3500061035156,499.2000122070313,502.0,136507
2022-11-01,473.7760925292969,518.5499877929688,520.0,505.2999877929688,505.2999877929688,653923
2022-11-02,462.9493408203125,506.7000122070313,524.7000122070312,504.8500061035156,521.9500122070312,824430
2022-11-03,465.7816467285156,509.7999877929688,511.5499877929688,500.4500122070313,504.5,248017
2022-11-04,466.6496276855469,510.75,516.0,509.3500061035156,509.7999877929688,211024
2022-11-07,466.6039733886719,510.7000122070313,515.8499755859375,507.8500061035156,511.7999877929688,290040
2022-11-09,461.989990234375,505.6499938964844,513.25,503.5499877929688,506.0,304779
2022-11-10,465.0506896972656,509.0,511.0,498.8500061035156,505.2999877929688,362506
2022-11-11,465.0506896972656,509.0,527.5499877929688,505.6499938964844,520.0499877929688,941207
2022-11-14,471.8118286132813,516.4000244140625,518.5,506.8999938964844,510.0,293071
2022-11-15,475.0552978515625,519.9500122070312,522.0,511.6000061035156,518.5,385563
2022-11-16,465.3705139160156,509.3500061035156,523.6500244140625,506.0,519.9500122070312,254670
2022-11-17,466.6039733886719,510.7000122070313,514.3499755859375,505.2999877929688,509.0,265900
2022-11-18,467.883056640625,512.0999755859375,515.7000122070312,506.7000122070313,512.0,170098
2022-11-21,479.8063049316406,525.1500244140625,527.0,508.0,511.9500122070313,376858
2022-11-22,484.2831726074219,530.0499877929688,540.0,523.6500244140625,529.0,1929291
2022-11-23,490.8158264160156,537.2000122070312,541.7999877929688,529.0499877929688,532.5,566216
2022-11-24,491.63812255859375,538.0999755859375,541.7999877929688,531.6500244140625,539.8499755859375,419836
2022-11-25,499.3128051757813,546.5,549.7000122070312,538.0,539.7999877929688,554988
2022-11-28,500.454833984375,547.75,549.8499755859375,537.0999755859375,546.5,408754
2022-11-29,491.0898742675781,537.5,548.6500244140625,535.4500122070312,547.0,295357
2022-11-30,491.2726440429688,537.7000122070312,540.9500122070312,534.25,537.0,208439
2022-12-01,496.114990234375,543.0,546.7999877929688,539.0,539.8499755859375,372795
2022-12-02,502.2366027832031,549.7000122070312,551.5,540.25,541.8499755859375,344496
2022-12-05,500.22650146484375,547.5,553.5,541.5,550.25,273850
2022-12-06,496.4347534179688,543.3499755859375,547.9000244140625,537.25,545.0,334920
2022-12-07,496.4347534179688,543.3499755859375,547.4000244140625,540.2000122070312,543.3499755859375,194240
2022-12-08,493.78515625,540.4500122070312,545.9500122070312,539.25,543.0,522584
2022-12-09,483.0040588378906,528.6500244140625,543.2999877929688,526.0,540.9500122070312,189220
2022-12-12,483.23248291015625,528.9000244140625,533.5,522.7000122070312,528.6500244140625,119932
2022-12-13,480.4458312988281,525.8499755859375,531.7000122070312,522.4000244140625,529.3499755859375,205913
2022-12-14,477.24798583984375,522.3499755859375,528.5999755859375,521.0999755859375,526.2999877929688,209026
2022-12-15,478.6184692382813,523.8499755859375,530.0,521.6500244140625,522.0,223770
2022-12-16,469.2535400390625,513.5999755859375,527.9000244140625,511.5499877929688,521.5499877929688,282437
2022-12-19,470.7154235839844,515.2000122070312,518.7999877929688,508.4500122070313,513.5999755859375,1478848
2022-12-20,467.517578125,511.7000122070313,518.0,508.1000061035156,517.5,303823
2022-12-21,465.1877746582031,509.1499938964844,517.0,503.6499938964844,512.5,270336
2022-12-22,455.7771301269531,498.8500061035156,512.9000244140625,497.0,511.6499938964844,230108
2022-12-23,436.17919921875,477.3999938964844,498.75,475.3999938964844,493.2000122070313,171057
2022-12-26,447.5542297363281,489.8500061035156,491.2999877929688,476.0,476.0,194406
2022-12-27,450.295166015625,492.8500061035156,495.2999877929688,487.6499938964844,490.1000061035156,155331
2022-12-28,452.990478515625,495.7999877929688,498.8999938964844,489.0499877929688,492.8500061035156,109134
2022-12-29,453.9041442871094,496.7999877929688,502.9500122070313,489.0499877929688,493.5499877929688,174770
2022-12-30,449.8384094238281,492.3500061035156,503.7000122070313,491.0,497.2000122070313,247252
2023-01-02,457.37603759765625,500.6000061035156,502.25,492.0,498.7999877929688,188637
2023-01-03,456.3253479003906,499.4500122070313,505.8500061035156,497.0499877929688,501.0,266421
2023-01-04,442.5747985839844,484.3999938964844,502.5,483.0499877929688,499.2000122070313,203566
2023-01-05,442.757568359375,484.6000061035156,490.0,478.7999877929688,486.0,511661
2023-01-06,439.4227294921875,480.9500122070313,486.75,478.0,483.8500061035156,117220
2023-01-09,444.7675476074219,486.7999877929688,488.2000122070313,481.0,482.0,138957
2023-01-10,444.721923828125,486.75,491.8999938964844,484.0,486.7999877929688,143284
2023-01-11,446.41217041015625,488.6000061035156,489.8500061035156,482.1000061035156,487.75,141961
2023-01-12,442.6205139160156,484.4500122070313,490.8999938964844,483.1000061035156,488.6000061035156,169141
2023-01-13,439.4683837890625,481.0,485.6000061035156,478.75,484.2999877929688,188066
2023-01-16,437.7324523925781,479.1000061035156,484.5,477.1499938964844,482.0499877929688,298246
2023-01-17,440.884521484375,482.5499877929688,484.8999938964844,475.2000122070313,479.0,163214
2023-01-18,438.1435852050781,479.5499877929688,484.9500122070313,478.3500061035156,483.0,138196
2023-01-19,416.3985595703125,455.75,475.8999938964844,454.3500061035156,475.0,1145506
2023-01-20,420.2816162109375,460.0,465.0,451.4500122070313,453.2999877929688,488458
2023-01-23,448.60491943359375,491.0,492.8999938964844,457.0,457.5499877929688,2251975
2023-01-24,432.8443908691406,473.75,493.2000122070313,472.3999938964844,490.0,835225
2023-01-25,424.8498840332031,465.0,473.1000061035156,461.25,469.0,540495
2023-01-27,401.9171142578125,439.8999938964844,468.1000061035156,438.0,465.7000122070313,406744
2023-01-30,397.6686096191406,435.25,441.25,430.8500061035156,437.5,703156
2023-01-31,411.0993957519531,449.9500122070313,452.3999938964844,434.9500122070313,435.0,416986
2023-02-01,401.4602966308594,439.3999938964844,459.7000122070313,434.1499938964844,450.0499877929688,469072
2023-02-02,404.7037963867188,442.9500122070313,448.0,435.5,439.3999938964844,337596
2023-02-03,404.9779052734375,443.25,445.25,433.1000061035156,444.3999938964844,212893
2023-02-06,406.5310974121094,444.9500122070313,449.1499938964844,440.2000122070313,441.9500122070313,155197
2023-02-07,408.1756591796875,446.75,449.0499877929688,437.5,444.9500122070313,293974
2023-02-08,413.383544921875,452.4500122070313,453.6000061035156,441.25,446.75,216545
2023-02-09,410.642578125,449.4500122070313,454.0499877929688,448.6499938964844,452.4500122070313,475733
2023-02-10,414.1144104003906,453.25,454.5,446.8500061035156,448.5499877929688,159007
2023-02-13,417.9060668945313,457.3999938964844,458.9500122070313,449.0,453.25,388405
2023-02-14,417.5406188964844,457.0,459.1000061035156,450.2999877929688,457.5499877929688,417319
2023-02-15,460.8479309082031,504.3999938964844,507.1499938964844,481.7000122070313,494.3999938964844,13087706
2023-02-16,465.5075378417969,509.5,512.4000244140625,500.25,504.0,2642615
2023-02-17,462.9950256347656,506.75,512.0999755859375,503.1000061035156,508.7000122070313,937022
2023-02-20,467.2891845703125,511.4500122070313,517.9000244140625,505.0499877929688,508.9500122070313,1255526
2023-02-21,473.22796630859375,517.9500122070312,520.2000122070312,507.6000061035156,513.0,898392
2023-02-22,473.1802673339844,495.8999938964844,504.7999877929688,488.5499877929688,496.0,1563125
2023-02-23,479.5256042480469,502.5499877929688,506.0,490.5,493.0,683218
2023-02-24,473.943603515625,496.7000122070313,506.7000122070313,495.6000061035156,503.2000122070313,260551
2023-02-27,480.1935119628906,503.25,504.7999877929688,492.7000122070313,497.0,373184
2023-02-28,483.1514587402344,506.3500061035156,514.25,500.25,503.1000061035156,683583
2023-03-01,483.34228515625,506.5499877929688,509.5499877929688,503.2000122070313,506.3500061035156,334566
2023-03-02,491.9776306152344,515.5999755859375,518.0,504.5,506.5499877929688,818769
2023-03-03,487.3498840332031,510.75,523.2000122070312,508.8500061035156,518.5,636927
2023-03-06,496.8917541503906,520.75,525.4500122070312,511.0499877929688,515.0,475485
2023-03-08,506.4335632324219,530.75,534.5499877929688,517.5,519.0,730588
2023-03-09,508.9144287109375,533.3499755859375,537.1500244140625,528.0499877929688,530.5,556576
2023-03-10,511.34759521484375,535.9000244140625,536.8499755859375,528.0,528.0,367313
2023-03-13,507.0060119628906,531.3499755859375,541.4500122070312,527.9500122070312,536.0,893291
2023-03-14,503.7142028808594,527.9000244140625,536.75,525.6500244140625,531.0,470282
2023-03-15,513.399169921875,538.0499877929688,542.0,527.0,528.6500244140625,512885
2023-03-16,520.6031494140625,545.5999755859375,548.0,533.4500122070312,534.2999877929688,391132
2023-03-17,510.8227233886719,535.3499755859375,550.0,533.4500122070312,548.0,723764
2023-03-20,505.7656555175781,530.0499877929688,537.7999877929688,528.0499877929688,533.0,378019
2023-03-21,495.3650512695313,519.1500244140625,534.7000122070312,516.9500122070312,531.3499755859375,411254
2023-03-22,493.2658386230469,516.9500122070312,520.75,513.5,519.0,437653
2023-03-23,491.8822937011719,515.5,523.7000122070312,511.4500122070313,514.0999755859375,356863
2023-03-24,479.8595275878906,502.8999938964844,517.25,500.5,515.0,410113
2023-03-27,464.8788757324219,487.2000122070313,505.9500122070313,484.2000122070313,505.5,648980
2023-03-28,487.9224243164063,511.3500061035156,514.9000244140625,485.5499877929688,487.25,1594416
2023-03-29,505.9565124511719,530.25,534.5,507.3999938964844,509.8999938964844,2390188
2023-03-31,487.0159301757813,510.3999938964844,530.2999877929688,506.5,530.2999877929688,753861
2023-04-03,496.79632568359375,520.6500244140625,523.0,513.0,516.9500122070312,336360
2023-04-05,498.2276306152344,522.1500244140625,524.9500122070312,514.0,514.9500122070312,488326
2023-04-06,497.4642333984375,521.3499755859375,530.0,518.0499877929688,522.1500244140625,241931
2023-04-10,496.1761169433594,520.0,525.2999877929688,515.8499755859375,520.7999877929688,8723233
2023-04-11,520.1738891601562,545.1500244140625,549.7999877929688,525.0,525.0,1134614
2023-04-12,511.013671875,535.5499877929688,545.0499877929688,528.0,545.0499877929688,490381
2023-04-13,514.3056030273438,539.0,542.5,535.5,537.0,328941
2023-04-17,496.12841796875,519.9500122070312,540.9000244140625,513.7999877929688,539.4500122070312,775065
2023-04-18,506.9584045410156,531.2999877929688,532.9000244140625,522.25,523.6500244140625,265988
2023-04-19,508.962158203125,533.4000244140625,539.0,530.7999877929688,531.0,253027
2023-04-20,513.3513793945312,538.0,541.0,532.2000122070312,533.0,128613
2023-04-21,516.0230712890625,540.7999877929688,541.6500244140625,536.0,538.0,279636
2023-04-24,519.1242065429688,544.0499877929688,545.0,537.3499755859375,540.7999877929688,132400
2023-04-25,518.4085693359375,543.2999877929688,544.7999877929688,541.3499755859375,544.7999877929688,95231
2023-04-26,515.2597045898438,540.0,545.0,536.9000244140625,541.0,252945
2023-04-27,517.2157592773438,542.0499877929688,543.9000244140625,538.0999755859375,540.0,67858
2023-04-28,526.1375732421875,551.4000244140625,557.7999877929688,539.2000122070312,542.7999877929688,310652
2023-05-02,517.0250244140625,541.8499755859375,559.5,540.0,551.4000244140625,212202
2023-05-03,514.11474609375,538.7999877929688,547.2000122070312,533.2999877929688,541.8499755859375,376571
2023-05-04,522.6070556640625,547.7000122070312,549.0,538.75,538.7999877929688,81903
2023-05-05,515.6891479492188,540.4500122070312,553.75,539.75,547.7000122070312,113547
2023-05-08,521.080322265625,546.0999755859375,549.0,538.0,541.0,121222
2023-05-09,509.1529541015625,533.5999755859375,547.0,518.5999755859375,546.0,219551
2023-05-10,513.208251953125,537.8499755859375,541.2999877929688,534.0,535.7999877929688,125077
2023-05-11,513.208251953125,537.8499755859375,543.7999877929688,530.0,538.7999877929688,112082
2023-05-12,510.6320190429688,535.1500244140625,541.0,527.7999877929688,537.8499755859375,230059
2023-05-15,507.5785827636719,531.9500122070312,535.1500244140625,530.4000244140625,533.5,97162
2023-05-16,505.3362121582031,529.5999755859375,536.3499755859375,523.5499877929688,532.0,247224
2023-05-17,509.9641418457031,534.4500122070312,536.4000244140625,524.7999877929688,530.0,136629
2023-05-18,510.6320190429688,535.1500244140625,540.0,532.0,536.0,114854
2023-05-19,502.9986267089844,527.1500244140625,534.9000244140625,525.9500122070312,534.9000244140625,80712
2023-05-22,505.8610229492188,530.1500244140625,532.8499755859375,522.4000244140625,527.1500244140625,67594
2023-05-23,510.8227233886719,535.3499755859375,537.9000244140625,521.5,530.3499755859375,162633
2023-05-24,527.5687866210938,552.9000244140625,555.5,532.5499877929688,534.9500122070312,477060
2023-05-25,530.0973510742188,555.5499877929688,561.0,543.3499755859375,554.1500244140625,418734
2023-05-26,527.1870727539062,552.5,559.6500244140625,548.0,555.5499877929688,172223
2023-05-29,529.9066162109375,555.3499755859375,557.4500122070312,546.0,555.4000244140625,141289
2023-05-30,540.545654296875,566.5,568.5,546.0,557.7999877929688,903975
2023-05-31,526.1375732421875,551.4000244140625,565.1500244140625,547.2999877929688,565.0,382258
2023-06-01,535.8223876953125,561.5499877929688,566.0,548.2000122070312,552.0,311774
2023-06-02,537.9694213867188,563.7999877929688,565.5,555.5499877929688,562.0,137857
2023-06-05,561.5855102539062,588.5499877929688,591.9500122070312,564.0,565.2999877929688,1114451
2023-06-06,584.1519775390625,612.2000122070312,615.0,585.5499877929688,589.8499755859375,984236
2023-06-07,656.2406616210938,687.75,725.4000244140625,628.0,630.0,8361595
2023-06-08,637.1091918945312,667.7000122070312,748.8499755859375,651.6500244140625,720.0,7294249
2023-06-09,649.2274169921875,680.4000244140625,694.7000122070312,654.25,674.0,1954838
2023-06-12,651.8513793945312,683.1500244140625,687.9000244140625,667.0,681.0,737341
2023-06-13,639.5422973632812,670.25,685.5999755859375,665.0,685.0,580498
2023-06-14,632.62451171875,663.0,675.75,661.0,670.2000122070312,484869
2023-06-15,625.8975830078125,655.9500122070312,674.3499755859375,653.0999755859375,663.1500244140625,536734
2023-06-16,644.186279296875,671.0,678.7999877929688,651.2999877929688,656.0,1204655
2023-06-19,646.3463134765625,673.25,685.9500122070312,667.0999755859375,671.4500122070312,512592
2023-06-20,633.673828125,660.0499877929688,674.9500122070312,656.5999755859375,672.0,416821
2023-06-21,634.3938598632812,660.7999877929688,667.5999755859375,656.0,661.0,204714
2023-06-22,626.66552734375,652.75,673.0,650.0,661.0,345148
2023-06-23,615.1450805664062,640.75,662.9500122070312,636.0499877929688,652.9500122070312,450078
2023-06-26,606.2167358398438,631.4500122070312,644.25,624.6500244140625,640.75,331190
2023-06-27,602.5205688476562,627.5999755859375,640.0,625.9000244140625,634.9000244140625,241524
2023-06-28,594.6002807617188,619.3499755859375,634.0,615.5,630.9000244140625,401256
2023-06-30,590.6641235351562,615.25,628.0,612.0999755859375,625.5,381719
2023-07-03,581.927734375,606.1500244140625,619.9000244140625,604.25,617.9000244140625,351167
2023-07-04,567.2871704101562,590.9000244140625,618.4500122070312,588.0999755859375,611.0,633858
2023-07-05,585.3358764648438,609.7000122070312,619.9000244140625,592.9000244140625,592.9000244140625,1367642
2023-07-06,614.760986328125,640.3499755859375,644.9000244140625,612.0,612.9000244140625,4530043
2023-07-07,608.2327880859375,633.5499877929688,648.5,630.0,644.0,660897
2023-07-10,594.3123168945312,619.0499877929688,637.5,612.4000244140625,636.0999755859375,446632
2023-07-11,599.20849609375,624.1500244140625,634.0,618.0,622.0,394233
2023-07-12,600.8404541015625,625.8499755859375,634.9000244140625,621.6500244140625,626.0,333785
2023-07-13,587.6400146484375,612.0999755859375,628.9500122070312,607.75,626.9000244140625,339317
2023-07-14,586.0560302734375,610.4500122070312,618.4500122070312,608.5,612.9500122070312,217457
2023-07-17,585.5279541015625,609.9000244140625,619.8499755859375,604.75,612.0,580804
2023-07-18,593.0162353515625,617.7000122070312,622.0,608.75,610.75,305340
2023-07-19,600.6004638671875,625.5999755859375,637.0,619.2000122070312,620.9000244140625,574493
2023-07-20,589.9920654296875,614.5499877929688,630.7999877929688,610.7999877929688,630.0,302739
2023-07-21,588.696044921875,613.2000122070312,618.0,610.5499877929688,611.0,369097
2023-07-24,579.7196655273438,603.8499755859375,616.9000244140625,601.0,613.4500122070312,202839
2023-07-25,587.1119995117188,611.5499877929688,634.0,608.0,612.0,1163389
2023-07-26,613.4170532226562,638.9500122070312,642.0,613.5,614.0,1301998
2023-07-27,606.792724609375,632.0499877929688,646.9500122070312,629.0,644.0,494115
2023-07-28,644.9542846679688,671.7999877929688,677.6500244140625,629.5499877929688,631.9000244140625,2190843
2023-07-31,649.7064819335938,676.75,682.0,665.2000122070312,675.0,654223
2023-08-01,650.7145385742188,677.7999877929688,679.9000244140625,668.2000122070312,678.9500122070312,387941
2023-08-02,637.6100463867188,664.1500244140625,678.0,651.0,676.5,523123
2023-08-03,641.9782104492188,668.7000122070312,677.9500122070312,656.6500244140625,662.9500122070312,265718
2023-08-04,639.3861083984375,666.0,681.0,661.3499755859375,678.0,273954
2023-08-07,633.7218627929688,660.0999755859375,669.9000244140625,655.5499877929688,669.9000244140625,130880
2023-08-08,631.2737426757812,657.5499877929688,663.2000122070312,653.0,661.0999755859375,118313
2023-08-09,635.5939331054688,662.0499877929688,674.4000244140625,651.9500122070312,657.5499877929688,914069
2023-08-10,644.666259765625,671.5,675.0,661.25,665.0499877929688,242959
2023-08-11,614.3291015625,639.9000244140625,679.5,635.5,679.0,669259
2023-08-14,616.921142578125,642.5999755859375,646.7999877929688,628.5,639.9500122070312,177462
2023-08-16,607.5128173828125,632.7999877929688,641.0999755859375,631.0999755859375,636.8499755859375,117139
2023-08-17,603.5767211914062,628.7000122070312,637.4500122070312,625.0499877929688,633.9000244140625,285207
2023-08-18,604.7766723632812,629.9500122070312,633.9500122070312,621.5,628.6500244140625,322216
2023-08-21,610.5849609375,636.0,641.75,628.0,632.0,404038
2023-08-22,635.4979248046875,661.9500122070312,672.4500122070312,636.4500122070312,636.4500122070312,1352394
2023-08-23,633.3858032226562,659.75,665.7999877929688,654.0,665.1500244140625,203801
2023-08-24,637.6580200195312,664.2000122070312,674.9000244140625,660.25,661.5499877929688,535557
2023-08-25,639.7221069335938,666.3499755859375,670.0,653.2000122070312,662.0,182047
2023-08-28,640.0582275390625,666.7000122070312,675.0,664.0499877929688,670.0,109403
2023-08-29,639.1461181640625,665.75,675.0,655.0,675.0,167642
2023-08-30,634.2498779296875,660.6500244140625,665.9500122070312,656.0,665.75,259855
2023-08-31,630.6497802734375,656.9000244140625,664.9000244140625,652.7999877929688,662.0,115497
2023-09-01,638.6180419921875,665.2000122070312,673.0,656.75,659.0,411163
2023-09-04,677.3076782226562,705.5,713.5499877929688,662.5,668.7000122070312,1887518
2023-09-05,673.5634765625,701.5999755859375,715.4500122070312,695.0,715.1500244140625,558047
2023-09-06,672.1715087890625,700.1500244140625,709.1500244140625,685.0,700.0,309069
2023-09-07,691.1802368164062,719.9500122070312,724.5,697.3499755859375,703.7999877929688,772434
2023-09-08,696.4603881835938,725.4500122070312,732.4000244140625,719.25,726.0,697714
2023-09-11,688.828125,717.5,735.5499877929688,697.0,722.9500122070312,887536
2023-09-12,691.3721923828125,720.1500244140625,736.5,712.0499877929688,729.0,867240
2023-09-13,696.7484130859375,725.75,734.1500244140625,711.75,720.1500244140625,438896
2023-09-14,697.3724365234375,726.4000244140625,740.0,722.6500244140625,729.9000244140625,349181
2023-09-15,695.2123413085938,724.1500244140625,745.5,719.0,729.75,513668
2023-09-18,693.96435546875,722.8499755859375,732.4500122070312,717.5,720.0499877929688,233574
2023-09-20,690.940185546875,719.7000122070312,729.9500122070312,714.9000244140625,723.8499755859375,244979
2023-09-21,689.3081665039062,718.0,721.9500122070312,711.5999755859375,718.7999877929688,126316
2023-09-22,682.6358642578125,711.0499877929688,720.2999877929688,706.0499877929688,717.9500122070312,159996
2023-09-25,689.3561401367188,718.0499877929688,726.5,710.2000122070312,711.0,379048
2023-09-26,693.4362182617188,722.2999877929688,732.3499755859375,718.0,718.0499877929688,557907
2023-09-27,705.6287841796875,735.0,738.6500244140625,720.75,722.7999877929688,578304
2023-09-28,705.4367065429688,734.7999877929688,747.75,729.0999755859375,736.9500122070312,239837
2023-09-29,708.9889526367188,738.5,742.2999877929688,731.9500122070312,736.5,130774
2023-10-03,718.0133056640625,747.9000244140625,760.9000244140625,733.9500122070312,738.0499877929688,331825
2023-10-04,703.564697265625,732.8499755859375,749.0,729.75,747.9000244140625,131948
2023-10-05,703.3727416992188,732.6500244140625,740.2000122070312,730.0,733.5,78751
2023-10-06,700.8765869140625,730.0499877929688,736.5,725.0499877929688,733.0,97952
2023-10-09,694.684326171875,723.5999755859375,725.0,708.3499755859375,716.0,359663
2023-10-10,696.1724243164062,725.1500244140625,731.2000122070312,722.1500244140625,724.0,320685
2023-10-11,718.30126953125,748.2000122070312,760.7999877929688,728.0,729.0,449315
2023-10-12,711.3889770507812,741.0,754.5,738.0999755859375,752.0,119811
2023-10-13,700.780517578125,729.9500122070312,740.4500122070312,727.0499877929688,739.7000122070312,409942
2023-10-16,705.052734375,734.4000244140625,740.0,728.0499877929688,728.0499877929688,312995
2023-10-17,704.9087524414062,734.25,743.2000122070312,730.0499877929688,734.9500122070312,529992
2023-10-18,701.1165771484375,730.2999877929688,742.4000244140625,725.2000122070312,738.0,579564
2023-10-19,697.1804809570312,726.2000122070312,731.9500122070312,711.9000244140625,730.0,138192
2023-10-20,706.0128784179688,735.4000244140625,740.0999755859375,720.3499755859375,725.0,118716
2023-10-23,694.0123901367188,722.9000244140625,740.4500122070312,710.0499877929688,735.4000244140625,177541
2023-10-25,678.4116821289062,706.6500244140625,725.0,699.0,716.2999877929688,154306
2023-10-26,695.7404174804688,724.7000122070312,729.9000244140625,691.9500122070312,706.0,343497
2023-10-27,691.1802368164062,719.9500122070312,737.0,715.75,733.9500122070312,936763
2023-10-30,693.916259765625,722.7999877929688,737.0,714.7999877929688,719.9500122070312,181946
2023-10-31,697.8524780273438,726.9000244140625,733.5,718.0,724.9500122070312,921823
2023-11-01,690.1242065429688,718.8499755859375,730.0,715.3499755859375,726.9000244140625,171225
2023-11-02,700.2525024414062,729.4000244140625,735.0,720.3499755859375,723.75,157346
2023-11-03,715.709228515625,745.5,768.9000244140625,732.0,732.0,716268
2023-11-06,718.7332763671875,748.6500244140625,759.4500122070312,745.0,749.9000244140625,118080
2023-11-07,723.5335693359375,753.6500244140625,767.0,738.3499755859375,746.0,243292
2023-11-08,722.573486328125,752.6500244140625,765.75,748.6500244140625,754.3499755859375,239390
2023-11-09,729.7257080078125,760.0999755859375,800.0,737.75,753.7999877929688,673118
2023-11-10,746.574462890625,777.6500244140625,788.2999877929688,760.0999755859375,760.0999755859375,766244
2023-11-13,787.6161499023438,820.4000244140625,837.4500122070312,778.4000244140625,779.0499877929688,1434916
2023-11-15,793.3283081054688,826.3499755859375,854.5,812.0999755859375,835.0,927000
2023-11-16,794.8644409179688,827.9500122070312,832.9000244140625,806.0,826.3499755859375,628621
2023-11-17,800.6727294921875,834.0,848.25,820.0,825.0499877929688,431348
2023-11-20,792.704345703125,825.7000122070312,841.0,820.0,833.0499877929688,120836
2023-11-21,788.2401123046875,821.0499877929688,839.4500122070312,812.0499877929688,826.1500244140625,95980
2023-11-22,764.9112548828125,796.75,823.7000122070312,793.0,818.0,264443
2023-11-23,755.6948852539062,787.1500244140625,805.9000244140625,784.2000122070312,797.0499877929688,218305
2023-11-24,783.3919677734375,816.0,827.5,785.1500244140625,787.1500244140625,870841
2023-11-28,810.321044921875,844.0499877929688,865.0,817.9500122070312,817.9500122070312,962879
2023-11-29,903.7808837890624,941.4000244140624,1004.0,854.1500244140625,860.0,6224415
2023-11-30,925.4778442382812,964.0,972.0999755859376,920.0499877929688,931.0,1442015
2023-12-01,914.3893432617188,952.4500122070312,979.4500122070312,945.0,965.0,635463
2023-12-04,928.6458740234376,967.2999877929688,985.0,944.0499877929688,980.0,763217
2023-12-05,927.58984375,966.2000122070312,976.6500244140624,958.0499877929688,967.2999877929688,353161
2023-12-06,904.6928100585938,942.3499755859376,959.3499755859376,930.0499877929688,950.0,1049903
2023-12-07,963.7353515625,1003.8499755859376,1047.0,936.5999755859376,941.2000122070312,2765383
2023-12-08,928.0219116210938,966.6500244140624,1013.0,955.0,1008.0999755859376,847021
2023-12-11,907.8610229492188,945.6500244140624,973.3499755859376,940.25,973.0,558601
2023-12-12,889.2362670898438,926.25,955.0,920.0,950.0,441862
2023-12-13,875.6036987304688,912.0499877929688,944.0,903.0999755859376,926.2999877929688,550782
2023-12-14,876.227783203125,912.7000122070312,925.7000122070312,904.4000244140624,918.5,522897
2023-12-15,861.6351928710938,897.5,933.9000244140624,888.0,915.0,710740
2023-12-18,893.6524658203125,930.8499755859376,939.0,894.0499877929688,900.6500244140625,651854
2023-12-19,886.5961303710938,923.5,951.0,920.2999877929688,936.0,274129
2023-12-20,850.3067016601562,885.7000122070312,929.1500244140624,882.0,926.0,311758
2023-12-21,872.0035400390625,908.2999877929688,912.0,869.0,880.0,303393
2023-12-22,876.9957885742188,913.5,920.9000244140624,897.0,912.0,203752
2023-12-26,876.0838623046875,912.5499877929688,925.0,905.1500244140624,915.0,346052
2023-12-27,862.7872924804688,898.7000122070312,923.9500122070312,894.0,914.0,310145
2023-12-28,882.468017578125,919.2000122070312,927.5499877929688,899.0999755859375,902.9500122070312,444611
2023-12-29,896.5325317382812,933.8499755859376,939.9500122070312,900.0999755859375,921.0,859362
2024-01-01,904.7889404296876,942.4500122070312,949.7000122070312,936.0,944.7999877929688,329025
2024-01-02,900.228759765625,937.7000122070312,955.0,930.0999755859376,944.4500122070312,362520
2024-01-03,906.5650634765624,944.2999877929688,952.9000244140624,939.6500244140624,939.6500244140624,250137
2024-01-04,974.0556640625,1014.5999755859376,1071.949951171875,983.0,1005.0,7975873
2024-01-05,996.7125854492188,1038.199951171875,1045.0,1015.0,1030.0,1137345
2024-01-08,974.1997680664062,1014.75,1040.0,1012.0,1038.1500244140625,341438
2024-01-09,980.2479248046876,1021.0499877929688,1025.6500244140625,1011.2000122070312,1018.5,219963
2024-01-10,981.0159912109376,1021.8499755859376,1037.800048828125,1014.5,1021.0499877929688,374547
2024-01-11,979.5280151367188,1020.2999877929688,1029.0,1011.25,1023.5,159305
2024-01-12,973.0476684570312,1013.5499877929688,1023.2999877929688,1007.0,1021.0,117332
2024-01-15,970.9356079101562,1011.3499755859376,1022.0,987.2000122070312,1017.0,389747
2024-01-16,968.3916015625,1008.7000122070312,1037.5,994.7000122070312,1013.9000244140624,335717
2024-01-17,961.8633422851562,1001.9000244140624,1034.949951171875,992.7000122070312,1007.0,312608
2024-01-18,957.2550659179688,997.0999755859376,1011.75,975.25,1001.9500122070312,175007
2024-01-19,949.4308471679688,988.9500122070312,1010.9000244140624,977.5499877929688,1003.7999877929688,274883
2024-01-23,944.7744750976562,984.0999755859376,1004.9500122070312,975.5499877929688,986.5,359714
2024-01-24,960.0872192382812,1000.0499877929688,1010.9000244140624,971.0,980.0,428519
2024-01-25,960.8071899414062,1000.7999877929688,1006.9500122070312,991.4000244140624,1000.0499877929688,194979
2024-01-29,963.7353515625,1003.8499755859376,1033.699951171875,999.0,1000.7999877929688,530860
2024-01-30,967.6715087890624,1007.9500122070312,1033.800048828125,1000.0,1004.0,394555
2024-01-31,998.4407348632812,1040.0,1069.4000244140625,1011.4000244140624,1017.6500244140624,2126883
2024-02-01,1009.6731567382812,1051.699951171875,1085.0,1045.050048828125,1048.9000244140625,993246
2024-02-02,1021.7697143554688,1064.300048828125,1098.25,1056.9000244140625,1065.0,512473
2024-02-05,1076.251953125,1121.050048828125,1129.3499755859375,1069.050048828125,1070.550048828125,914432
2024-02-06,1118.3016357421875,1164.8499755859375,1170.0,1122.050048828125,1125.0,831483
2024-02-07,1104.3331298828125,1150.300048828125,1209.4000244140625,1116.5,1175.0,894803
2024-02-08,1156.17529296875,1204.300048828125,1214.5,1142.300048828125,1157.5,469436
2024-02-09,1126.5579833984375,1173.449951171875,1191.699951171875,1115.25,1140.0,1223641
2024-02-12,1085.32421875,1130.5,1194.6500244140625,1117.6500244140625,1172.699951171875,364493
2024-02-13,1074.6199951171875,1119.3499755859375,1147.75,1108.949951171875,1132.949951171875,454176
2024-02-14,1085.6124267578125,1130.800048828125,1162.949951171875,1056.949951171875,1117.0,809686
2024-02-15,1160.1593017578125,1208.449951171875,1236.949951171875,1134.0,1134.0,2399731
2024-02-16,1137.905517578125,1173.5,1219.0,1162.300048828125,1211.0,1637423
2024-02-19,1144.64453125,1180.449951171875,1201.25,1170.0999755859375,1177.0999755859375,379899
2024-02-20,1115.5062255859375,1150.4000244140625,1234.0,1131.0,1204.050048828125,1537362
2024-02-21,1090.5855712890625,1124.699951171875,1160.0,1120.0,1156.199951171875,697562
2024-02-22,1085.3009033203125,1119.25,1146.300048828125,1111.199951171875,1127.449951171875,519833
2024-02-23,1091.7491455078125,1125.9000244140625,1153.0,1114.8499755859375,1128.0,1239321
2024-02-26,1082.2464599609375,1116.0999755859375,1151.0,1102.4000244140625,1129.300048828125,920294
2024-02-27,1116.2333984375,1151.1500244140625,1167.0,1114.5,1119.4000244140625,1206377
2024-02-28,1083.7978515625,1117.699951171875,1197.0,1085.0,1158.8499755859375,1672445
2024-02-29,1045.1566162109375,1077.8499755859375,1127.75,1064.5,1124.5999755859375,6486191
2024-03-01,1082.3919677734375,1116.25,1139.0,1087.550048828125,1087.5999755859375,980882
2024-03-04,1110.9486083984375,1145.699951171875,1169.8499755859375,1138.0,1160.5999755859375,1273651
2024-03-05,1109.9788818359375,1144.699951171875,1161.550048828125,1129.25,1145.699951171875,930614
2024-03-06,1126.5118408203125,1161.75,1174.0,1139.5999755859375,1141.949951171875,1017060
2024-03-07,1109.8819580078125,1144.5999755859375,1173.4000244140625,1140.0,1161.75,523306
2024-03-11,1123.9908447265625,1159.1500244140625,1287.5,1137.0999755859375,1170.0,9547108
2024-03-12,1162.341064453125,1198.699951171875,1211.699951171875,1144.0,1162.0,3778555
2024-03-13,1101.494384765625,1135.949951171875,1205.8499755859375,1125.0,1205.5,1519388
2024-03-14,1109.251708984375,1143.949951171875,1151.75,1104.0999755859375,1132.4000244140625,853841
2024-03-15,1120.8878173828125,1155.949951171875,1185.0,1115.449951171875,1127.25,787157
2024-03-18,1154.244384765625,1190.3499755859375,1249.5,1176.0,1189.949951171875,5326912
2024-03-19,1225.660400390625,1264.0,1281.1500244140625,1165.0,1192.199951171875,3474052
2024-03-20,1182.9951171875,1220.0,1260.0,1187.949951171875,1248.0,2356398
2024-03-21,1206.7034912109375,1244.449951171875,1256.0,1217.050048828125,1235.0,944303
2024-03-22,1244.7142333984375,1283.6500244140625,1296.699951171875,1226.0,1244.449951171875,1177615
2024-03-26,1362.3836669921875,1405.0,1443.9000244140625,1274.699951171875,1279.699951171875,4289126
2024-03-27,1376.977294921875,1420.050048828125,1514.699951171875,1365.050048828125,1391.949951171875,8682246
2024-03-28,1316.7607421875,1357.949951171875,1449.0,1331.0999755859375,1420.0,2886474
2024-04-01,1379.352783203125,1422.5,1463.0,1386.050048828125,1399.0,3177319
2024-04-02,1421.0001220703125,1465.449951171875,1485.0,1408.3499755859375,1424.0,2261177
2024-04-03,1435.884521484375,1480.800048828125,1498.0,1450.0,1460.050048828125,1586556
2024-04-04,1430.793701171875,1475.550048828125,1513.800048828125,1457.050048828125,1485.0,1127131
2024-04-05,1445.24169921875,1490.449951171875,1511.0,1467.5,1481.5,1295625
2024-04-08,1520.827392578125,1568.4000244140625,1591.4000244140625,1490.0,1504.9000244140625,1647829
2024-04-09,1548.1236572265625,1596.550048828125,1633.0,1551.949951171875,1573.0,2122571
2024-04-10,1523.0091552734375,1570.6500244140625,1599.949951171875,1563.949951171875,1599.5,797678
2024-04-12,1533.045166015625,1581.0,1615.0,1559.8499755859375,1570.75,703440
2024-04-15,1478.986083984375,1525.25,1556.0,1332.3499755859375,1332.3499755859375,1124183
2024-04-16,1461.2896728515625,1507.0,1576.0999755859375,1497.699951171875,1525.800048828125,766057
2024-04-18,1465.5078125,1511.3499755859375,1591.5,1480.0,1522.0999755859375,1381297
2024-04-19,1455.6171875,1501.1500244140625,1531.8499755859375,1477.0,1512.0,603619
2024-04-22,1431.811767578125,1476.5999755859375,1531.199951171875,1470.050048828125,1519.0,455740
2024-04-23,1458.9141845703125,1504.550048828125,1555.949951171875,1488.25,1491.0,793375
2024-04-24,1469.14404296875,1515.0999755859375,1534.4000244140625,1496.0,1516.5,371208
2024-04-25,1464.0047607421875,1509.800048828125,1532.6500244140625,1501.0,1522.4000244140625,306326
2024-04-26,1444.611572265625,1489.800048828125,1519.949951171875,1485.5,1517.949951171875,227797
2024-04-29,1488.343505859375,1534.9000244140625,1557.0,1494.25,1504.699951171875,694049
2024-04-30,1455.5687255859375,1501.0999755859375,1575.0,1497.75,1534.9000244140625,1052082
2024-05-02,1460.3685302734375,1506.050048828125,1515.25,1479.5,1507.5,424948
2024-05-03,1439.229736328125,1484.25,1523.0,1476.3499755859375,1513.0999755859375,462210
2024-05-06,1396.90380859375,1440.5999755859375,1496.3499755859375,1425.0,1484.25,654757
2024-05-07,1331.3543701171875,1373.0,1447.5999755859375,1362.300048828125,1446.0,957140
2024-05-08,1290.53125,1330.9000244140625,1370.0,1325.050048828125,1370.0,814820
2024-05-09,1281.1739501953125,1321.25,1378.300048828125,1303.300048828125,1336.0,819692
2024-05-10,1286.7010498046875,1326.949951171875,1346.449951171875,1299.300048828125,1322.1500244140625,515224
2024-05-13,1275.259033203125,1315.1500244140625,1336.25,1296.0,1329.5999755859375,399623
2024-05-14,1318.5546875,1359.800048828125,1377.0,1316.0,1316.0,629983
2024-05-15,1324.3726806640625,1365.800048828125,1390.800048828125,1357.1500244140625,1368.050048828125,971912
2024-05-16,1298.0946044921875,1338.699951171875,1380.0,1331.3499755859375,1379.0999755859375,574950
2024-05-17,1336.8330078125,1378.6500244140625,1397.0,1331.5,1347.8499755859375,950802
2024-05-21,1374.1165771484375,1417.0999755859375,1437.9000244140625,1368.0,1392.0,946369
2024-05-22,1339.8873291015625,1381.800048828125,1459.0,1370.199951171875,1432.050048828125,871185
2024-05-23,1383.1829833984375,1426.449951171875,1449.949951171875,1360.0,1360.0,1656923
2024-05-24,1358.1170654296875,1400.5999755859375,1464.0,1380.75,1427.949951171875,1172065
2024-05-27,1355.8382568359375,1398.25,1460.1500244140625,1385.0,1425.0,1111590
2024-05-28,1390.6978759765625,1434.199951171875,1458.0,1401.0,1401.800048828125,1290287
2024-05-29,1412.030517578125,1456.199951171875,1473.75,1424.0,1445.949951171875,1794041
2024-05-30,1396.7584228515625,1440.449951171875,1476.699951171875,1411.199951171875,1448.8499755859375,1218851
2024-05-31,1456.2474365234375,1501.800048828125,1563.0,1454.0999755859375,1468.0,23992516
2024-06-03,1469.2894287109375,1515.25,1545.0,1499.300048828125,1520.0,785567
2024-06-04,1356.420166015625,1398.8499755859375,1530.0999755859375,1295.0999755859375,1515.25,889317
2024-06-05,1395.740234375,1439.4000244140625,1515.0,1401.050048828125,1405.3499755859375,568094
2024-06-06,1417.6060791015625,1461.949951171875,1478.1500244140625,1441.0999755859375,1453.800048828125,178746
2024-06-07,1452.562744140625,1498.0,1505.0,1451.25,1465.0,452171
2024-06-10,1485.0465087890625,1531.5,1550.0,1505.0,1513.0,201588
2024-06-11,1533.1422119140625,1581.0999755859375,1585.0,1547.300048828125,1575.0,900866
2024-06-12,1560.1959228515625,1609.0,1614.0,1570.050048828125,1595.0,483154
2024-06-13,1549.3358154296875,1597.800048828125,1633.0999755859375,1575.0,1612.0,402726
2024-06-14,1554.48779296875,1599.0999755859375,1604.8499755859375,1576.0,1600.0,410344
2024-06-18,1559.6883544921875,1604.449951171875,1609.0,1588.0,1606.1500244140625,249173
2024-06-19,1545.5445556640625,1589.9000244140625,1610.0,1555.0,1605.0,193683
2024-06-20,1551.5714111328125,1596.0999755859375,1613.800048828125,1587.8499755859375,1592.0,154930
2024-06-21,1461.506103515625,1503.449951171875,1610.0,1477.0,1595.3499755859375,928189
2024-06-24,1449.4036865234375,1491.0,1514.0,1473.449951171875,1503.9000244140625,410511
2024-06-25,1470.64404296875,1512.8499755859375,1525.449951171875,1491.800048828125,1495.199951171875,212220
2024-06-26,1469.039794921875,1511.199951171875,1523.4000244140625,1487.199951171875,1512.8499755859375,159463
2024-06-27,1476.8167724609375,1519.199951171875,1526.449951171875,1492.800048828125,1516.449951171875,234960
2024-06-28,1456.5970458984375,1498.4000244140625,1531.5,1490.0999755859375,1520.0,249494
2024-07-01,1415.8175048828125,1456.449951171875,1498.5,1450.0,1490.0999755859375,312165
2024-07-02,1432.8292236328125,1473.949951171875,1482.050048828125,1455.0,1465.050048828125,203868
2024-07-03,1455.1390380859375,1496.9000244140625,1505.0,1476.3499755859375,1476.3499755859375,211602
2024-07-04,1471.664794921875,1513.9000244140625,1517.949951171875,1503.0,1505.0,162576
2024-07-05,1467.387451171875,1509.5,1522.0,1490.199951171875,1513.9000244140625,113593
2024-07-08,1432.197509765625,1473.300048828125,1523.800048828125,1457.25,1518.0,233580
2024-07-09,1476.2821044921875,1518.6500244140625,1549.800048828125,1501.0999755859375,1544.5999755859375,355912
2024-07-10,1502.14013671875,1545.25,1549.949951171875,1500.0,1537.6500244140625,767922
2024-07-11,1487.4127197265625,1530.0999755859375,1548.800048828125,1515.0999755859375,1545.25,146226
2024-07-12,1467.9222412109375,1510.050048828125,1535.0,1500.1500244140625,1522.0999755859375,140951
2024-07-15,1477.059814453125,1519.449951171875,1525.0,1495.6500244140625,1510.050048828125,165401
2024-07-16,1502.4317626953125,1545.550048828125,1548.699951171875,1507.050048828125,1518.0,374305
2024-07-18,1499.6612548828125,1542.699951171875,1687.0,1520.0,1551.1500244140625,3254915
2024-07-19,1483.9130859375,1526.5,1589.5,1507.75,1542.699951171875,476631
2024-07-22,1467.095947265625,1509.199951171875,1548.050048828125,1503.0999755859375,1520.199951171875,231364
2024-07-23,1451.34765625,1493.0,1609.199951171875,1456.050048828125,1609.199951171875,577864
2024-07-24,1477.059814453125,1519.449951171875,1549.949951171875,1492.050048828125,1504.949951171875,314215
2024-07-25,1492.12744140625,1534.949951171875,1543.550048828125,1502.1500244140625,1507.800048828125,159592
2024-07-26,1513.4163818359375,1556.8499755859375,1574.0,1536.949951171875,1540.300048828125,270472
2024-07-29,1547.7801513671875,1592.199951171875,1607.699951171875,1550.050048828125,1569.0,424061
2024-07-30,1556.62646484375,1601.300048828125,1639.8499755859375,1585.949951171875,1612.0,785634
2024-07-31,1814.379150390625,1866.449951171875,1908.0,1669.0,1700.0,15274443
2024-08-01,1776.3214111328125,1827.300048828125,1896.0,1800.0,1865.0,3746881
2024-08-02,1799.7005615234375,1851.3499755859373,1875.9000244140625,1786.0,1819.550048828125,1829423
2024-08-05,1713.815185546875,1763.0,1828.949951171875,1743.050048828125,1810.0,1097432
2024-08-06,1718.724365234375,1768.050048828125,1823.949951171875,1750.050048828125,1780.0,868056
2024-08-07,1721.6407470703125,1771.050048828125,1828.949951171875,1765.300048828125,1805.0,734738
2024-08-08,1698.650390625,1747.4000244140625,1823.550048828125,1732.0,1775.0,824083
2024-08-09,1741.5201416015625,1791.5,1850.0,1755.050048828125,1779.0,1710447
2024-08-12,1702.538818359375,1751.4000244140625,1790.1500244140625,1744.3499755859375,1780.0999755859375,538222
2024-08-13,1664.432373046875,1712.199951171875,1774.9000244140625,1703.1500244140625,1760.3499755859375,407712
2024-08-14,1631.769775390625,1678.5999755859375,1722.699951171875,1674.0,1718.5999755859375,307264
2024-08-16,1641.0047607421875,1688.0999755859375,1733.0,1675.0,1694.0,940549
2024-08-19,1626.1317138671875,1672.800048828125,1729.699951171875,1657.0,1695.050048828125,483283
2024-08-20,1747.2069091796875,1797.3499755859375,1813.300048828125,1671.25,1678.9000244140625,1930032
2024-08-21,1675.0283203125,1723.0999755859375,1818.699951171875,1719.0,1805.0,956087
2024-08-22,1651.163330078125,1698.550048828125,1740.0,1688.699951171875,1731.1500244140625,479020
2024-08-23,1625.35400390625,1672.0,1710.0,1665.9000244140625,1704.8499755859375,395370
2024-08-26,1582.2413330078125,1627.6500244140625,1686.0,1620.050048828125,1677.0,675850
2024-08-27,1641.73388671875,1688.8499755859375,1705.9000244140625,1633.0,1633.1500244140625,831236
2024-08-28,1626.86083984375,1673.550048828125,1700.0,1665.949951171875,1694.9000244140625,380258
2024-08-29,1613.0567626953125,1659.3499755859375,1690.0,1651.0999755859375,1677.800048828125,325729
2024-08-30,1694.8592529296875,1743.5,1770.0,1658.050048828125,1664.9000244140625,1450689
2024-09-02,1716.8773193359375,1766.1500244140625,1775.0,1709.0,1743.5,751347
2024-09-03,1665.064453125,1712.8499755859375,1768.0,1706.5999755859375,1766.1500244140625,623308
2024-09-04,1685.2841796875,1733.6500244140625,1741.0,1680.0999755859375,1709.0,826409
2024-09-05,1626.7149658203125,1673.4000244140625,1750.0,1662.300048828125,1740.3499755859375,525716
2024-09-06,1647.5665283203125,1694.8499755859375,1705.0,1663.0,1677.449951171875,546682
2024-09-09,1623.84716796875,1670.449951171875,1711.949951171875,1659.800048828125,1688.050048828125,633571
2024-09-10,1641.247802734375,1688.3499755859375,1714.0999755859375,1675.5999755859375,1675.949951171875,600504
2024-09-11,1652.864501953125,1700.300048828125,1714.0,1685.25,1690.0,427830
2024-09-12,1677.70166015625,1725.8499755859375,1742.0,1707.1500244140625,1709.0,457946
2024-09-13,1713.815185546875,1763.0,1776.0,1718.1500244140625,1725.0,663591
2024-09-16,1731.11865234375,1780.800048828125,1797.0,1745.050048828125,1769.9000244140625,621144
2024-09-17,1730.3896484375,1780.050048828125,1900.0,1760.0,1808.0,3895585
2024-09-18,1878.9752197265625,1932.9000244140625,1969.9000244140625,1803.25,1840.0,6172266
2024-09-19,1790.9515380859375,1842.3499755859373,1932.0,1820.0,1932.0,1228563
2024-09-20,1848.9859619140625,1902.050048828125,1920.0,1840.0999755859373,1856.3499755859373,1489978
2024-09-23,1810.05322265625,1862.0,1921.0999755859373,1850.0,1909.25,550984
2024-09-24,1861.866455078125,1915.300048828125,1930.0,1865.0,1866.0,1057400
2024-09-25,1834.258544921875,1886.9000244140625,1929.949951171875,1867.050048828125,1909.050048828125,564052
2024-09-26,1836.68896484375,1889.4000244140625,1917.0,1852.6500244140625,1890.0,748505
2024-09-27,1854.57568359375,1907.800048828125,1957.300048828125,1895.050048828125,1934.949951171875,925681
2024-09-30,1825.60693359375,1878.0,1949.449951171875,1867.75,1900.0,750958
2024-10-01,1809.7615966796875,1861.699951171875,1887.9000244140625,1851.0999755859373,1880.0,479862
2024-10-03,1806.01904296875,1857.8499755859373,1865.0,1830.0,1842.5,295260
2024-10-04,1837.95263671875,1890.699951171875,1900.0,1791.0,1857.9000244140625,545903
2024-10-07,1749.248291015625,1799.449951171875,1900.0,1773.0999755859375,1890.800048828125,499299
2024-10-08,1765.968505859375,1816.6500244140625,1821.949951171875,1753.699951171875,1794.5999755859375,508863
2024-10-09,1881.1624755859373,1935.1500244140625,1984.699951171875,1886.050048828125,1901.0,4857383
2024-10-10,1831.6339111328125,1884.199951171875,1949.800048828125,1866.949951171875,1945.0,569426
2024-10-11,1833.772705078125,1886.4000244140625,1900.800048828125,1847.1500244140625,1889.0,302649
2024-10-14,1886.1202392578125,1940.25,1978.0,1890.0,1890.0,1521615
2024-10-15,1898.7088623046875,1953.199951171875,1961.449951171875,1928.0,1946.0,393681
2024-10-16,1893.9942626953125,1948.3499755859373,1974.5999755859373,1936.050048828125,1953.199951171875,433097
2024-10-17,1885.682861328125,1939.800048828125,1954.199951171875,1922.0,1950.0,1086885
2024-10-18,1918.58837890625,1973.6500244140625,1993.0,1905.050048828125,1932.0,739060
2024-10-21,1912.172607421875,1967.050048828125,1991.4000244140625,1950.0,1978.800048828125,424087
2024-10-22,1898.0771484375,1952.550048828125,2037.0,1918.0,1979.0,2101262
2024-10-23,1902.403076171875,1957.0,2023.199951171875,1907.0999755859373,1945.0,1287350
2024-10-24,1900.1669921875,1954.699951171875,2005.0,1945.0,1952.300048828125,1068959
2024-10-25,1870.1292724609373,1923.800048828125,1997.949951171875,1907.449951171875,1954.699951171875,355939
2024-10-28,1778.0225830078125,1829.050048828125,1938.3499755859373,1814.9000244140625,1928.949951171875,549193
2024-10-29,1791.3890380859375,1842.800048828125,1864.1500244140625,1828.0,1837.199951171875,296729
2024-10-30,1777.1475830078125,1828.1500244140625,1890.0,1817.699951171875,1847.0,352735
2024-10-31,1770.9261474609375,1821.75,1844.0,1802.0,1830.0,259920
2024-11-01,1774.5230712890625,1825.449951171875,1843.0,1813.0,1813.449951171875,53939
2024-11-04,1747.547119140625,1797.699951171875,1833.949951171875,1790.0,1828.449951171875,217523
2024-11-05,1662.196533203125,1709.9000244140625,1795.8499755859375,1685.0999755859375,1795.0,1112364
2024-11-06,1738.6524658203125,1788.550048828125,1794.949951171875,1710.050048828125,1710.050048828125,773246
2024-11-07,1707.0592041015625,1756.050048828125,1798.0,1750.0,1797.449951171875,222251
2024-11-08,1646.8375244140625,1694.0999755859375,1762.0,1688.0,1757.5,439856
2024-11-11,1633.3739013671875,1680.25,1720.300048828125,1676.050048828125,1690.0,327203
2024-11-12,1612.4249267578125,1658.699951171875,1709.5,1640.0,1691.449951171875,262961
2024-11-13,1599.204345703125,1645.0999755859375,1692.0,1634.0,1657.5,289890
2024-11-14,1515.50634765625,1559.0,1638.300048828125,1545.699951171875,1600.0,989846
2024-11-18,1538.93408203125,1583.0999755859375,1597.0,1529.0,1578.5,622083
2024-11-19,1538.2537841796875,1582.4000244140625,1615.4000244140625,1570.0,1590.0,451519
2024-11-21,1538.205078125,1582.3499755859375,1592.0,1548.0,1582.0,457053
2024-11-22,1475.0670166015625,1517.4000244140625,1575.4000244140625,1486.550048828125,1570.5,1109742
2024-11-25,1569.3609619140625,1614.4000244140625,1674.0,1500.0,1540.0,2466643
2024-11-26,1511.8125,1555.199951171875,1617.4000244140625,1545.0,1612.0,543858
2024-11-27,1489.9888916015625,1532.75,1566.8499755859375,1522.25,1560.5,475277
2024-11-28,1466.0264892578125,1508.0999755859375,1553.0,1502.75,1539.699951171875,370066
2024-11-29,1468.553955078125,1510.699951171875,1556.949951171875,1502.199951171875,1510.0,748693
2024-12-02,1542.0450439453125,1586.300048828125,1619.800048828125,1506.800048828125,1510.699951171875,3316136
2024-12-03,1641.9769287109375,1689.0999755859375,1719.8499755859375,1599.050048828125,1604.4000244140625,2584341
2024-12-04,1621.22265625,1667.75,1715.0,1652.25,1715.0,574426
2024-12-05,1617.8201904296875,1664.25,1696.300048828125,1655.25,1675.300048828125,510452
2024-12-06,1602.6553955078125,1648.6500244140625,1704.0,1635.300048828125,1673.5999755859375,1072709
2024-12-09,1600.03076171875,1645.949951171875,1679.0,1628.8499755859375,1655.0,836072
2024-12-10,1579.2762451171875,1624.5999755859375,1654.949951171875,1616.0,1653.699951171875,1358165
2024-12-11,1621.5628662109375,1668.0999755859375,1685.050048828125,1612.050048828125,1624.25,666243
2024-12-12,1641.0047607421875,1688.0999755859375,1713.75,1625.5,1664.3499755859375,1028013
2024-12-13,1622.632080078125,1669.199951171875,1689.0,1652.5999755859375,1675.3499755859375,507777
2024-12-16,1595.65625,1641.449951171875,1670.0,1637.0,1665.0,435840
2024-12-17,1578.8388671875,1624.1500244140625,1648.699951171875,1610.800048828125,1641.5,409424
2024-12-18,1565.37548828125,1610.300048828125,1630.800048828125,1589.449951171875,1624.949951171875,328753
2024-12-19,1586.469970703125,1632.0,1636.199951171875,1572.550048828125,1580.0,642274
2024-12-20,1437.9327392578125,1479.199951171875,1639.050048828125,1444.449951171875,1631.0999755859375,2952028
2024-12-23,1508.06982421875,1551.3499755859375,1558.0,1478.9000244140625,1479.199951171875,1534398
2024-12-24,1460.19384765625,1502.0999755859375,1550.0,1491.1500244140625,1546.0,460805
2024-12-26,1427.288330078125,1468.25,1518.449951171875,1459.050048828125,1513.0,321207
2024-12-27,1410.9569091796875,1451.449951171875,1484.699951171875,1440.300048828125,1475.0999755859375,530465
2024-12-30,1369.9830322265625,1409.300048828125,1458.949951171875,1400.0,1451.449951171875,1033835
2024-12-31,1444.4945068359375,1485.949951171875,1498.0,1410.0,1410.0,2012848
2025-01-01,1452.56298828125,1494.25,1521.6500244140625,1472.6500244140625,1484.0,535228
2025-01-02,1495.578369140625,1538.5,1545.300048828125,1482.949951171875,1500.0,482031
2025-01-03,1471.2271728515625,1513.449951171875,1540.25,1508.0,1521.5,300817
2025-01-06,1430.3018798828125,1471.3499755859375,1516.75,1459.800048828125,1515.050048828125,348138
2025-01-07,1412.9498291015625,1453.5,1494.5999755859375,1447.300048828125,1486.0,316996
2025-01-08,1394.4310302734375,1434.449951171875,1474.0999755859375,1429.949951171875,1466.550048828125,587136
2025-01-09,1375.3294677734375,1414.800048828125,1458.0,1411.0,1437.9000244140625,730612
2025-01-10,1320.3570556640625,1358.25,1424.0,1350.0999755859375,1417.449951171875,521333
2025-01-13,1273.2100830078125,1309.75,1366.0,1301.0,1340.0,449041
2025-01-14,1339.6533203125,1378.0999755859375,1387.449951171875,1311.0,1311.0,561822
2025-01-15,1381.4537353515625,1421.0999755859375,1441.699951171875,1360.4000244140625,1384.4000244140625,688751
2025-01-16,1451.104736328125,1492.75,1504.0999755859375,1430.0999755859375,1430.199951171875,737681
2025-01-17,1435.794189453125,1477.0,1518.0,1472.300048828125,1490.0,333687
2025-01-20,1441.5782470703125,1482.949951171875,1522.9000244140625,1473.300048828125,1481.199951171875,276280
2025-01-21,1397.8336181640625,1437.949951171875,1485.0,1431.050048828125,1483.0,292099
2025-01-22,1351.2213134765625,1390.0,1449.8499755859375,1374.199951171875,1445.0,354441
2025-01-23,1384.5157470703125,1424.25,1458.699951171875,1383.550048828125,1391.0,618512
2025-01-24,1428.6978759765625,1469.699951171875,1488.699951171875,1382.0999755859375,1425.800048828125,1031287
2025-01-27,1414.8939208984375,1455.5,1462.300048828125,1411.1500244140625,1450.0,473572
2025-01-28,1425.2469482421875,1466.1500244140625,1491.949951171875,1429.1500244140625,1447.449951171875,372243
2025-01-29,1433.898681640625,1475.050048828125,1493.800048828125,1460.0,1461.0,375289
2025-01-30,1412.8038330078125,1453.3499755859375,1485.0,1441.5,1465.0,168208
2025-01-31,1422.6220703125,1463.449951171875,1488.550048828125,1442.449951171875,1470.0,432765
2025-02-01,1358.414794921875,1397.4000244140625,1484.550048828125,1388.9000244140625,1466.949951171875,305488
2025-02-03,1306.7962646484375,1344.300048828125,1401.0,1303.8499755859375,1380.0,1066990
2025-02-04,1315.05908203125,1352.800048828125,1375.5999755859375,1313.0999755859375,1366.0,480098
2025-02-05,1296.443359375,1333.6500244140625,1450.0,1326.300048828125,1399.0,2640132
2025-02-06,1336.3968505859375,1374.75,1382.0,1335.0,1342.199951171875,1165548
2025-02-07,1368.038818359375,1407.300048828125,1409.800048828125,1364.0999755859375,1380.0,721914
2025-02-10,1312.4830322265625,1350.1500244140625,1420.0,1347.0999755859375,1409.0,417977
2025-02-11,1246.5745849609375,1282.3499755859375,1358.1500244140625,1274.4000244140625,1353.5,534202
2025-02-12,1247.0169677734375,1268.800048828125,1282.3499755859375,1241.550048828125,1278.0,538656
2025-02-13,1234.1417236328125,1255.699951171875,1279.0,1250.5999755859375,1270.8499755859375,361459
2025-02-14,1216.4508056640625,1237.699951171875,1282.5,1216.75,1270.3499755859375,420303
2025-02-17,1218.072509765625,1239.3499755859375,1244.0999755859375,1207.25,1237.6500244140625,374969
2025-02-18,1213.944580078125,1235.1500244140625,1240.0,1208.0,1239.4000244140625,1412340
2025-02-19,1237.09033203125,1258.699951171875,1263.4000244140625,1215.0,1236.25,552892
2025-02-20,1238.31884765625,1259.949951171875,1273.949951171875,1235.0999755859375,1257.949951171875,749886
2025-02-21,1267.1649169921875,1289.300048828125,1294.0,1252.0999755859375,1259.0,479150
2025-02-24,1280.9246826171875,1303.300048828125,1309.0,1254.5,1265.0,451488
2025-02-25,1299.7947998046875,1322.5,1343.550048828125,1286.1500244140625,1300.0999755859375,952901
2025-02-27,1290.1632080078125,1312.699951171875,1335.5999755859375,1295.550048828125,1322.5,377025
2025-02-28,1241.267333984375,1262.949951171875,1301.050048828125,1238.0,1301.050048828125,2361453
2025-03-03,1245.4935302734375,1267.25,1289.9000244140625,1232.050048828125,1270.300048828125,444579
2025-03-04,1254.78125,1276.699951171875,1283.199951171875,1225.0,1248.5,395698
2025-03-05,1288.738037109375,1311.25,1314.199951171875,1268.0,1268.0,385085
2025-03-06,1304.0701904296875,1326.8499755859375,1330.800048828125,1301.3499755859375,1311.0,349457
2025-03-07,1309.1318359375,1332.0,1363.449951171875,1320.1500244140625,1326.0,620985
2025-03-10,1326.6754150390625,1349.8499755859375,1391.949951171875,1332.0,1332.0,833274
2025-03-11,1311.44140625,1334.3499755859375,1353.949951171875,1303.8499755859375,1322.25,439957
2025-03-12,1293.308349609375,1315.9000244140625,1353.550048828125,1302.0,1341.0,239088
2025-03-13,1269.0322265625,1291.199951171875,1329.4000244140625,1282.449951171875,1319.8499755859375,228014
2025-03-17,1288.2958984375,1310.800048828125,1337.949951171875,1282.5,1292.550048828125,487213
2025-03-18,1288.2958984375,1310.800048828125,1310.800048828125,1310.800048828125,1310.800048828125,0
2025-03-19,1415.7691650390625,1440.5,1449.9000244140625,1381.949951171875,1391.0,714540
2025-03-20,1443.3865966796875,1468.5999755859375,1473.199951171875,1428.050048828125,1440.5,685073
2025-03-21,1472.822509765625,1498.550048828125,1504.300048828125,1455.050048828125,1464.0,1024148
2025-03-24,1503.830810546875,1530.0999755859375,1547.0,1509.0,1509.0,644359
2025-03-25,1466.483154296875,1492.0999755859375,1542.9000244140625,1478.4000244140625,1539.0,696251
2025-03-26,1474.1492919921875,1499.9000244140625,1518.9000244140625,1489.050048828125,1493.949951171875,472531
2025-03-27,1476.1640625,1501.949951171875,1508.1500244140625,1471.449951171875,1495.4000244140625,511336
2025-03-28,1461.3233642578125,1486.8499755859375,1534.5,1483.050048828125,1501.949951171875,461042
2025-04-01,1474.54248046875,1500.300048828125,1508.0,1473.0,1482.449951171875,252185
2025-04-02,1483.781005859375,1509.699951171875,1519.9000244140625,1492.0,1516.0,403452
2025-04-03,1525.3548583984375,1552.0,1561.300048828125,1499.3499755859375,1499.5999755859375,571040
2025-04-04,1510.66162109375,1537.050048828125,1567.75,1504.75,1552.0,555099
2025-04-07,1471.0042724609375,1496.699951171875,1511.699951171875,1383.3499755859375,1383.3499755859375,294552
2025-04-08,1483.830322265625,1509.75,1535.0,1482.0,1534.5999755859375,255617
2025-04-09,1504.6170654296875,1530.9000244140625,1535.3499755859375,1484.449951171875,1504.550048828125,383342
2025-04-11,1535.3306884765625,1562.1500244140625,1568.550048828125,1530.5,1551.5999755859375,708281
2025-04-15,1595.7254638671875,1623.5999755859375,1628.0,1570.800048828125,1599.9000244140625,487077
2025-04-16,1577.6414794921875,1605.199951171875,1640.0,1587.0,1625.0,351590
2025-04-17,1563.685302734375,1591.0,1609.9000244140625,1580.199951171875,1591.5,243465
2025-04-21,1565.1595458984375,1592.5,1622.199951171875,1588.0,1600.0,328035
2025-04-22,1562.2110595703125,1589.5,1622.0,1586.0999755859375,1599.5999755859375,334510
2025-04-23,1581.9658203125,1609.5999755859375,1614.800048828125,1571.9000244140625,1594.800048828125,278065
2025-04-24,1573.2186279296875,1600.699951171875,1616.699951171875,1596.0,1609.9000244140625,273185
2025-04-25,1512.184814453125,1538.5999755859375,1609.0,1521.9000244140625,1600.5999755859375,294520
2025-04-28,1530.2689208984375,1557.0,1586.199951171875,1538.4000244140625,1538.5,231208
2025-04-29,1527.91015625,1554.5999755859375,1586.0,1546.0999755859375,1567.0,301597
2025-04-30,1512.6761474609375,1539.0999755859375,1578.699951171875,1525.0,1546.199951171875,575987
2025-05-02,1464.3209228515625,1489.9000244140625,1555.0,1486.800048828125,1540.0,258239
2025-05-05,1452.5269775390625,1477.9000244140625,1492.5999755859375,1455.4000244140625,1490.4000244140625,682821
2025-05-06,1437.19482421875,1462.300048828125,1509.9000244140625,1451.0,1485.199951171875,285336
2025-05-07,1476.114990234375,1501.9000244140625,1504.800048828125,1409.300048828125,1409.300048828125,511125
2025-05-08,1395.62109375,1420.0,1510.199951171875,1411.0999755859375,1493.5999755859375,528111
2025-05-09,1348.150146484375,1371.699951171875,1412.300048828125,1367.4000244140625,1390.0,711136
2025-05-12,1440.044921875,1465.199951171875,1472.0,1413.0999755859375,1430.0,678744
2025-05-13,1402.3043212890625,1426.800048828125,1468.9000244140625,1423.0,1465.0,699179
2025-05-14,1425.0078125,1449.9000244140625,1469.0,1420.199951171875,1430.0,706479
2025-05-15,1408.1029052734375,1432.699951171875,1472.5,1405.5,1469.9000244140625,1234033
2025-05-16,1418.0296630859375,1442.800048828125,1460.0,1432.5,1443.0,513476
2025-05-19,1399.8472900390625,1424.300048828125,1469.800048828125,1421.300048828125,1449.9000244140625,568203
2025-05-20,1366.5291748046875,1390.4000244140625,1471.699951171875,1382.0999755859375,1440.0,1043014
2025-05-21,1374.6866455078125,1398.699951171875,1418.199951171875,1389.0999755859375,1395.0,960328
2025-05-22,1370.6571044921875,1394.5999755859375,1405.9000244140625,1380.0,1398.800048828125,496523
2025-05-23,1377.8316650390625,1401.9000244140625,1415.5,1387.300048828125,1402.0,834234
2025-05-26,1401.6162109375,1426.0999755859375,1439.0,1408.0999755859375,1418.0,520002
2025-05-27,1400.9283447265625,1425.4000244140625,1429.9000244140625,1414.0,1426.0,293467
2025-05-28,1372.2296142578125,1396.199951171875,1425.9000244140625,1393.0999755859375,1425.4000244140625,324782
2025-05-29,1376.3575439453125,1400.4000244140625,1409.800048828125,1380.0,1399.9000244140625,373352
2025-05-30,1350.4107666015625,1374.0,1410.0,1361.0,1407.0,1370742
2025-06-02,1372.5244140625,1396.5,1399.699951171875,1365.300048828125,1370.0999755859375,392420
2025-06-03,1379.207763671875,1403.300048828125,1423.5,1398.699951171875,1423.5,723802
2025-06-04,1394.7364501953125,1419.0999755859375,1453.800048828125,1405.0,1415.0,1148156
2025-06-05,1386.2841796875,1410.5,1434.4000244140625,1407.5,1428.9000244140625,285426
2025-06-06,1388.75,1408.0,1424.5999755859375,1401.4000244140625,1416.9000244140625,257246
2025-06-09,1387.9609375,1407.199951171875,1423.0,1401.5,1420.0,883603
2025-06-10,1431.7537841796875,1451.5999755859375,1455.0,1410.4000244140625,1415.0,870071
2025-06-11,1412.81640625,1432.4000244140625,1468.699951171875,1422.5,1466.0,1051804
2025-06-12,1379.7744140625,1398.9000244140625,1445.0,1393.300048828125,1432.4000244140625,427130
2025-06-13,1394.66796875,1414.0,1419.699951171875,1389.9000244140625,1400.0,779438
2025-06-16,1401.572265625,1421.0,1424.699951171875,1392.300048828125,1420.0,314047
2025-06-17,1387.56640625,1406.800048828125,1440.0,1402.800048828125,1419.0,430219
2025-06-18,1368.431640625,1387.4000244140625,1414.300048828125,1383.0999755859375,1409.9000244140625,283090
2025-06-19,1348.1134033203125,1366.800048828125,1395.5,1358.199951171875,1388.0,215247
2025-06-20,1371.0946044921875,1390.0999755859375,1394.0,1360.5999755859375,1366.0,576579
2025-06-23,1397.3309326171875,1416.699951171875,1419.0,1377.699951171875,1380.800048828125,242297
2025-06-24,1431.2606201171875,1451.0999755859375,1454.0,1419.4000244140625,1426.0,590558
2025-06-25,1441.9130859375,1461.9000244140625,1482.0,1449.5999755859375,1455.0,649892
2025-06-26,1440.7294921875,1460.699951171875,1483.9000244140625,1456.800048828125,1464.4000244140625,389029
2025-06-27,1453.05859375,1473.199951171875,1492.0,1459.0999755859375,1468.0999755859375,1038044
2025-06-30,1447.53515625,1467.5999755859375,1480.5,1438.0,1473.199951171875,769672
2025-07-01,1436.7841796875,1456.699951171875,1478.0,1443.699951171875,1467.5999755859375,396855
2025-07-02,1449.310546875,1469.4000244140625,1472.699951171875,1446.0,1456.699951171875,189187
2025-07-03,1422.6796875,1442.4000244140625,1478.9000244140625,1440.0,1473.0,220214
2025-07-04,1420.1153564453125,1439.800048828125,1453.5,1428.0999755859375,1445.0,175116
2025-07-07,1421.1016845703125,1440.800048828125,1448.699951171875,1430.0,1436.0999755859375,160058
2025-07-08,1404.6298828125,1424.0999755859375,1455.0,1420.0999755859375,1436.0,296906
2025-07-09,1407.490234375,1427.0,1432.300048828125,1407.199951171875,1430.0,485973
2025-07-10,1407.1942138671875,1426.699951171875,1449.5999755859375,1420.0999755859375,1427.0,322583
2025-07-11,1388.8486328125,1408.0999755859375,1438.5,1399.0,1427.0,290383
2025-07-14,1384.3114013671875,1403.5,1421.0999755859375,1393.5,1402.0999755859375,317645
2025-07-15,1372.57421875,1391.5999755859375,1411.0,1385.699951171875,1402.9000244140625,251325
2025-07-16,1375.0400390625,1394.0999755859375,1408.0,1386.199951171875,1395.0,292996
2025-07-17,1366.853515625,1385.800048828125,1404.9000244140625,1384.0,1394.0999755859375,281247
2025-07-18,1349.888671875,1368.5999755859375,1386.9000244140625,1361.5999755859375,1386.9000244140625,321547
2025-07-21,1348.90234375,1367.5999755859375,1375.0,1357.4000244140625,1367.0,268362
2025-07-22,1324.44140625,1342.800048828125,1372.699951171875,1339.0999755859375,1368.0,349201
2025-07-23,1338.447265625,1357.0,1360.4000244140625,1340.5,1343.5999755859375,657001
2025-07-24,1337.8555908203125,1356.4000244140625,1369.300048828125,1345.0,1360.699951171875,253564
2025-07-25,1307.3779296875,1325.5,1354.800048828125,1321.199951171875,1354.800048828125,200310
2025-07-28,1320.1015625,1338.4000244140625,1344.300048828125,1316.0,1324.9000244140625,216922
2025-07-29,1306.7861328125,1324.9000244140625,1344.0,1318.5,1328.0999755859375,265829
2025-07-30,1318.2275390625,1336.5,1364.300048828125,1316.800048828125,1326.0,439272
2025-07-31,1292.08984375,1310.0,1326.699951171875,1301.9000244140625,1320.0,356942
2025-08-01,1270.5877685546875,1288.199951171875,1314.699951171875,1285.0,1307.0,228446
2025-08-04,1294.1610107421875,1312.0999755859375,1316.5999755859375,1277.0,1291.4000244140625,244606
2025-08-05,1295.6405029296875,1313.5999755859375,1325.300048828125,1280.0999755859375,1313.0,687764
2025-08-06,1301.8544921875,1319.9000244140625,1338.0,1272.0,1290.0,944308
2025-08-07,1338.9404296875,1357.5,1360.0,1309.0999755859375,1309.9000244140625,575035
2025-08-08,1317.537109375,1335.800048828125,1368.9000244140625,1330.0999755859375,1357.5,428142
2025-08-11,1326.611328125,1345.0,1354.0,1327.0999755859375,1335.0,304004
2025-08-12,1339.5322265625,1358.0999755859375,1360.5999755859375,1345.199951171875,1346.300048828125,207267
2025-08-13,1343.4775390625,1362.0999755859375,1376.0,1350.0,1360.0,211541
2025-08-14,1311.421875,1329.5999755859375,1366.9000244140625,1327.300048828125,1366.9000244140625,772075
2025-08-18,1283.8046875,1301.5999755859375,1344.0,1295.199951171875,1340.199951171875,373981
2025-08-19,1279.662109375,1297.4000244140625,1309.9000244140625,1288.5,1302.0,917897
2025-08-20,1267.7275390625,1285.300048828125,1301.9000244140625,1282.699951171875,1298.0,799579
2025-08-21,1274.138671875,1291.800048828125,1311.800048828125,1287.0,1290.199951171875,1323556
2025-08-22,1264.47265625,1282.0,1294.5,1270.0,1291.800048828125,327330
2025-08-25,1264.9658203125,1282.5,1290.0,1264.800048828125,1269.300048828125,362874
2025-08-26,1252.833984375,1270.199951171875,1284.9000244140625,1261.0999755859375,1282.0,711255
2025-08-28,1231.2335205078125,1248.300048828125,1271.800048828125,1240.0,1270.199951171875,590424
2025-08-29,1210.5206298828125,1227.300048828125,1251.4000244140625,1225.0,1241.0,430488
2025-09-01,1244.74609375,1262.0,1311.9000244140625,1237.0999755859375,1304.9000244140625,3371553
2025-09-02,1286.7635498046875,1304.5999755859375,1306.9000244140625,1261.199951171875,1262.0,723218
2025-09-03,1296.232421875,1314.199951171875,1316.0,1294.9000244140625,1305.0,350814
2025-09-04,1277.1962890625,1294.9000244140625,1330.0999755859375,1291.0,1314.199951171875,200798
2025-09-05,1245.6337890625,1262.9000244140625,1298.9000244140625,1258.0,1296.699951171875,309076
2025-09-08,1242.576171875,1259.800048828125,1276.699951171875,1257.0,1273.9000244140625,177992
2025-09-09,1226.8935546875,1243.9000244140625,1266.0,1239.5999755859375,1261.0,558968
2025-09-10,1245.6337890625,1262.9000244140625,1276.300048828125,1246.199951171875,1255.5999755859375,417026
2025-09-11,1250.9599609375,1268.300048828125,1278.9000244140625,1261.199951171875,1267.0,387142
2025-09-12,1250.466796875,1267.800048828125,1277.0999755859375,1262.199951171875,1268.300048828125,195591
2025-09-15,1249.9736328125,1267.300048828125,1278.5,1262.0999755859375,1268.0,285602
2025-09-16,1244.6474609375,1261.9000244140625,1277.0,1259.199951171875,1267.300048828125,374352
2025-09-17,1248.296875,1265.5999755859375,1269.5,1257.699951171875,1267.9000244140625,259253
2025-09-18,1266.9384765625,1284.5,1290.4000244140625,1258.4000244140625,1269.0,828094
2025-09-19,1247.2117919921875,1264.5,1297.5999755859375,1261.800048828125,1285.0999755859375,868169
2025-09-22,1251.255859375,1268.5999755859375,1289.5999755859375,1261.0,1265.9000244140625,383051
2025-09-23,1261.8095703125,1279.300048828125,1289.300048828125,1265.4000244140625,1268.0,503712
2025-09-24,1247.0146484375,1264.300048828125,1289.5,1260.5999755859375,1287.0999755859375,485234
2025-09-25,1237.3486328125,1254.5,1268.4000244140625,1242.800048828125,1264.0,363109
2025-09-26,1216.4385986328125,1233.300048828125,1255.9000244140625,1227.0999755859375,1252.5999755859375,318155
2025-09-29,1207.4627685546875,1224.199951171875,1244.9000244140625,1220.0,1235.0999755859375,380269
2025-09-30,1202.2354736328125,1218.9000244140625,1238.5,1215.0,1224.199951171875,329216
2025-10-01,1199.375,1216.0,1227.9000244140625,1208.800048828125,1220.0,342856
2025-10-03,1204.4052734375,1221.0999755859375,1227.0,1210.0999755859375,1216.0,492640
2025-10-06,1183.59375,1200.0,1226.4000244140625,1188.0,1223.9000244140625,2472821
2025-10-07,1223.046875,1240.0,1246.0999755859375,1200.0999755859375,1202.0,776298
2025-10-08,1208.251953125,1225.0,1253.0,1221.0999755859375,1249.0,409718
2025-10-09,1223.5400390625,1240.5,1245.0,1222.0,1225.0,229835
2025-10-10,1222.3565673828125,1239.300048828125,1245.800048828125,1232.5,1240.5,165273
2025-10-13,1266.05078125,1283.5999755859375,1287.5,1225.0,1236.0999755859375,1094601
2025-10-14,1277.09765625,1294.800048828125,1299.0,1275.0,1288.0,901908
2025-10-15,1291.7939453125,1309.699951171875,1319.800048828125,1293.0,1299.0,821282
2025-10-16,1319.3125,1337.5999755859375,1340.9000244140625,1295.4000244140625,1309.5999755859375,959107
2025-10-17,1293.8653564453125,1311.800048828125,1335.5999755859375,1303.5999755859375,1335.5999755859375,314876
2025-10-20,1286.3690185546875,1304.199951171875,1318.800048828125,1303.0,1311.800048828125,142498
2025-10-21,1301.1640625,1319.199951171875,1324.0,1305.0,1310.0,90985
2025-10-23,1310.23828125,1328.4000244140625,1333.5,1306.0999755859375,1319.199951171875,874732
2025-10-24,1307.673828125,1325.800048828125,1328.5999755859375,1305.0,1323.0999755859375,363827
2025-10-27,1303.6298828125,1321.699951171875,1334.5999755859375,1318.0,1328.9000244140625,170609
2025-10-28,1259.7381591796875,1277.199951171875,1321.0999755859375,1264.0,1315.0,966046
2025-10-29,1295.6405029296875,1313.5999755859375,1319.0,1278.0,1283.9000244140625,452019
2025-10-30,1298.0078125,1316.0,1322.5,1300.0,1316.0,172378
2025-10-31,1298.5009765625,1316.5,1323.0,1301.5,1316.0,269394
2025-11-03,1326.4140625,1344.800048828125,1352.5,1309.0999755859375,1316.199951171875,848902
2025-11-04,1286.4678955078125,1304.300048828125,1346.0,1301.300048828125,1344.800048828125,381617
2025-11-06,1255.79296875,1273.199951171875,1303.5999755859375,1260.0,1302.0,675598
2025-11-07,1263.6834716796875,1281.199951171875,1288.4000244140625,1258.4000244140625,1267.0,213066
2025-11-10,1294.259765625,1312.199951171875,1316.0,1274.0,1282.0,540136
2025-11-11,1318.5234375,1336.800048828125,1345.0,1305.5,1318.5,529496
2025-11-12,1275.125,1292.800048828125,1351.5,1280.800048828125,1347.199951171875,2480358
2025-11-13,1275.9140625,1293.5999755859375,1307.800048828125,1288.0999755859375,1299.0,468762
2025-11-14,1283.212890625,1301.0,1310.0,1280.699951171875,1293.5999755859375,429192
2025-11-17,1292.08984375,1310.0,1322.199951171875,1299.0,1319.0,410728
2025-11-18,1295.1473388671875,1313.0999755859375,1319.0,1304.800048828125,1310.800048828125,288832
2025-11-19,1283.0157470703125,1300.800048828125,1317.699951171875,1296.0999755859375,1313.0999755859375,238155
2025-11-20,1295.9365234375,1313.9000244140625,1315.699951171875,1300.800048828125,1300.800048828125,273000
2025-11-21,1273.744140625,1291.4000244140625,1313.300048828125,1285.5999755859375,1313.0,314519
2025-11-24,1284.4952392578125,1302.300048828125,1307.0999755859375,1285.0,1291.4000244140625,1062464
2025-11-25,1275.322265625,1293.0,1305.0,1290.0,1302.9000244140625,225930
2025-11-26,1298.1063232421875,1316.0999755859375,1318.800048828125,1290.0,1292.4000244140625,279558
2025-11-27,1294.9501953125,1312.9000244140625,1323.0,1310.0999755859375,1320.0,137206
2025-11-28,1296.5283203125,1314.5,1325.0,1302.0,1307.0999755859375,205067
2025-12-01,1289.525390625,1307.4000244140625,1317.699951171875,1301.0,1315.800048828125,185774
2025-12-02,1295.3448486328125,1313.300048828125,1319.5,1296.4000244140625,1299.0,227359
2025-12-03,1284.3963623046875,1302.199951171875,1324.199951171875,1298.0,1307.199951171875,238839
2025-12-04,1281.9305419921875,1299.699951171875,1310.9000244140625,1285.199951171875,1302.0,342447
2025-12-05,1272.2647705078125,1289.9000244140625,1300.800048828125,1275.0999755859375,1291.0999755859375,517378
2025-12-08,1237.9404296875,1255.0999755859375,1299.4000244140625,1243.800048828125,1289.9000244140625,316747
2025-12-09,1241.787109375,1259.0,1263.4000244140625,1231.699951171875,1250.0,249340
2025-12-10,1249.6776123046875,1267.0,1269.9000244140625,1253.4000244140625,1260.0,132615
2025-12-11,1265.1629638671875,1282.699951171875,1296.5999755859375,1257.9000244140625,1266.9000244140625,318739
2025-12-12,1273.15234375,1290.800048828125,1296.5,1280.5999755859375,1284.0,143211
2025-12-15,1275.0262451171875,1292.699951171875,1294.4000244140625,1274.0999755859375,1285.0,105189
2025-12-16,1263.6834716796875,1281.199951171875,1303.0,1273.300048828125,1290.0,472969
2025-12-17,1257.0751953125,1274.5,1300.300048828125,1270.0,1275.0,392396
2025-12-18,1235.5732421875,1252.699951171875,1275.5999755859375,1247.0,1274.0,445141
2025-12-19,1261.6123046875,1279.0999755859375,1282.0,1243.699951171875,1254.800048828125,502531
2025-12-22,1269.7001953125,1287.300048828125,1299.0,1275.5999755859375,1280.5999755859375,289616
2025-12-23,1271.0809326171875,1288.699951171875,1294.699951171875,1283.0,1287.300048828125,186801
2025-12-24,1263.2890625,1280.800048828125,1294.0,1277.800048828125,1288.699951171875,131025
2025-12-26,1281.4373779296875,1299.199951171875,1308.0,1277.4000244140625,1278.0999755859375,259777
2025-12-29,1266.7412109375,1284.300048828125,1306.0,1276.0999755859375,1306.0,291463
2025-12-30,1249.283203125,1266.5999755859375,1284.0,1263.0999755859375,1281.0,164890
2025-12-31,1288.8348388671875,1306.699951171875,1312.0999755859375,1268.5,1271.5,245781
2026-01-01,1308.857421875,1327.0,1330.0,1297.9000244140625,1301.5,214183
2026-01-02,1380.267578125,1399.4000244140625,1407.0,1324.0,1324.0,1781418
2026-01-05,1384.607421875,1403.800048828125,1410.0,1387.199951171875,1401.0,479089
2026-01-06,1389.736328125,1409.0,1411.4000244140625,1392.5,1404.0,268919
2026-01-07,1377.703125,1396.800048828125,1411.9000244140625,1381.0,1401.800048828125,203268
2026-01-08,1341.1102294921875,1359.699951171875,1408.699951171875,1351.0,1403.0,774422
2026-01-09,1303.2353515625,1321.300048828125,1367.199951171875,1318.5,1350.0,331050
2026-01-12,1332.6279296875,1351.0999755859375,1354.800048828125,1304.5,1323.0,292407
2026-01-13,1328.0908203125,1346.5,1361.0,1333.4000244140625,1352.0,167219
2026-01-14,1326.7099609375,1345.0999755859375,1353.0,1325.0,1325.0,176445
2026-01-15,1326.7099609375,1345.0999755859375,1345.0999755859375,1345.0999755859375,1345.0999755859375,0
2026-01-16,1339.1375732421875,1357.699951171875,1376.5999755859375,1342.199951171875,1347.0,330638
2026-01-19,1319.115234375,1337.4000244140625,1368.199951171875,1331.800048828125,1356.5999755859375,342109
2026-01-20,1303.4326171875,1321.5,1351.300048828125,1313.5,1333.0,309412
2026-01-21,1282.4237060546875,1300.199951171875,1323.5999755859375,1295.0,1319.0,342832
2026-01-22,1303.333984375,1321.4000244140625,1326.4000244140625,1303.0999755859375,1304.5,158032
2026-01-23,1253.3271484375,1270.699951171875,1322.0,1267.199951171875,1321.4000244140625,165716
2026-01-27,1291.7939453125,1309.699951171875,1319.800048828125,1270.699951171875,1277.0,377884
2026-01-28,1314.6767578125,1332.9000244140625,1342.199951171875,1309.699951171875,1318.0,496367
2026-01-29,1352.4530029296875,1371.199951171875,1378.9000244140625,1334.5,1334.800048828125,366305
2026-01-30,1368.6287841796875,1387.5999755859375,1390.0,1350.5,1371.300048828125,559322
2026-02-02,1311.421875,1329.5999755859375,1337.800048828125,1297.199951171875,1307.0,385115
2026-02-03,1351.5655517578125,1370.300048828125,1378.4000244140625,1339.0,1377.0,337681
2026-02-04,1388.2568359375,1407.5,1411.0,1362.5999755859375,1370.300048828125,705624
2026-02-05,1398.21875,1417.5999755859375,1427.4000244140625,1385.5,1395.0,673283
2026-02-06,1409.462890625,1429.0,1437.5999755859375,1397.5,1416.5999755859375,519206
2026-02-09,1407.6873779296875,1427.199951171875,1445.0,1409.199951171875,1440.0,1044253
2026-02-10,1462.724609375,1483.0,1506.0,1425.9000244140625,1445.0,1320083
2026-02-11,1409.068359375,1428.5999755859375,1479.699951171875,1385.0999755859375,1479.699951171875,3152601
2026-02-12,1433.8251953125,1453.699951171875,1458.4000244140625,1411.5,1428.5999755859375,809304
2026-02-13,1442.603515625,1462.5999755859375,1468.300048828125,1428.0,1451.0,621000
2026-02-16,1466.3214111328125,1471.4000244140625,1477.0,1439.800048828125,1445.0,471535
2026-02-17,1481.26953125,1486.4000244140625,1493.5,1462.699951171875,1479.300048828125,550908
2026-02-18,1522.6263427734375,1527.9000244140625,1535.0,1473.5999755859375,1482.0999755859375,1031052
2026-02-19,1487.4481201171875,1492.5999755859375,1544.9000244140625,1485.9000244140625,1521.0,521702
2026-02-20,1523.3238525390625,1528.5999755859375,1539.5,1482.0,1492.5999755859375,1254354
2026-02-23,1531.0970458984375,1536.4000244140625,1552.800048828125,1525.0,1540.0,618797
2026-02-24,1536.4783935546875,1541.800048828125,1569.0,1525.199951171875,1535.4000244140625,902713
2026-02-25,1560.2957763671875,1565.699951171875,1569.0999755859375,1542.199951171875,1546.9000244140625,499561
2026-02-26,1559.6978759765625,1565.0999755859375,1579.0,1547.5,1564.0,725480
2026-02-27,1560.993408203125,1566.4000244140625,1605.0,1561.0,1566.0,881717
2026-03-02,1549.533203125,1554.9000244140625,1569.0999755859375,1491.0,1491.0,854154
2026-03-04,1470.8057861328125,1475.9000244140625,1522.0999755859375,1466.199951171875,1521.0,1676050
2026-03-05,1498.709228515625,1503.9000244140625,1511.800048828125,1476.0,1479.9000244140625,486221
2026-03-06,1476.187255859375,1481.300048828125,1505.9000244140625,1477.300048828125,1495.0,275269
2026-03-09,1423.968017578125,1428.9000244140625,1454.199951171875,1333.199951171875,1451.0,566845
2026-03-10,1446.489990234375,1451.5,1464.199951171875,1440.0,1440.0,250242
2026-03-11,1434.033203125,1439.0,1478.5999755859375,1434.0,1451.5,282136
2026-03-12,1500.8018798828125,1506.0,1517.4000244140625,1432.699951171875,1435.0,916861
2026-03-13,1456.2562255859375,1461.300048828125,1523.5999755859375,1454.800048828125,1505.0,357821
2026-03-16,1440.8096923828125,1445.800048828125,1477.0999755859375,1425.800048828125,1462.0,499903
2026-03-17,1438.41796875,1443.4000244140625,1482.5,1433.0,1460.199951171875,602552
2026-03-18,1449.2803955078125,1454.300048828125,1466.4000244140625,1430.0,1430.0,312155
2026-03-19,1441.9058837890625,1446.9000244140625,1463.0,1433.0999755859375,1445.0,411853
2026-03-20,1445.6927490234375,1450.699951171875,1497.0,1444.0999755859375,1454.9000244140625,564876
2026-03-23,1358.09619140625,1362.800048828125,1440.4000244140625,1357.699951171875,1438.5,336557
2026-03-24,1361.5841064453125,1366.300048828125,1415.0,1358.5999755859375,1380.300048828125,479377
2026-03-25,1387.095703125,1391.9000244140625,1417.800048828125,1371.0,1371.0,378329
2026-03-27,1347.6324462890625,1352.300048828125,1394.0,1343.699951171875,1394.0,1300657
2026-03-30,1301.29296875,1305.800048828125,1352.300048828125,1300.0,1352.300048828125,885843
2026-04-01,1332.48486328125,1337.0999755859375,1357.0,1321.0,1345.0,874785
2026-04-02,1327.601806640625,1332.199951171875,1338.5,1285.0,1336.9000244140625,797163
2026-04-06,1374.33984375,1379.0999755859375,1386.0,1332.300048828125,1332.9000244140625,546934
2026-04-07,1394.6695556640625,1399.5,1403.300048828125,1362.300048828125,1367.0,258766
2026-04-08,1443.4007568359375,1448.4000244140625,1475.0,1424.9000244140625,1430.0,375842
2026-04-09,1441.009033203125,1446.0,1459.5,1431.800048828125,1443.4000244140625,637993
2026-04-10,1466.719970703125,1471.800048828125,1482.4000244140625,1450.0999755859375,1465.0,315205
2026-04-13,1468.513671875,1473.5999755859375,1496.300048828125,1432.300048828125,1450.0,700745
2026-04-15,1501.4993896484375,1506.699951171875,1512.0,1482.0,1485.0,429654
2026-04-16,1516.3480224609375,1521.5999755859375,1533.5999755859375,1508.0,1511.800048828125,413944
2026-04-17,1559.5982666015625,1565.0,1570.5999755859375,1520.5999755859375,1529.9000244140625,961504
2026-04-20,1600.7557373046875,1606.300048828125,1637.5999755859375,1551.800048828125,1564.0,1442253
2026-04-21,1615.9031982421875,1621.5,1631.0,1593.4000244140625,1600.0,595204
2026-04-22,1651.6793212890625,1657.4000244140625,1663.699951171875,1616.0,1621.0,840616
2026-04-23,1731.004638671875,1737.0,1741.0,1645.0999755859375,1648.0999755859375,1220697
2026-04-24,1693.634033203125,1699.5,1744.4000244140625,1675.0,1737.0,2640800
2026-04-27,1766.382080078125,1772.5,1824.0999755859373,1704.0999755859375,1710.0,1964732
2026-04-28,1748.8428955078125,1754.9000244140625,1816.5999755859373,1740.300048828125,1774.0,988176
2026-04-29,1695.826416015625,1701.699951171875,1767.5999755859375,1697.0,1764.800048828125,549933
2026-04-30,1730.008056640625,1736.0,1769.9000244140625,1666.0999755859375,1678.5,779793
2026-05-01,1730.008056640625,1736.0,1736.0,1736.0,1736.0,0
2026-05-04,1718.0494384765625,1724.0,1780.0,1705.0999755859375,1748.300048828125,404364
2026-05-05,1728.7125244140625,1734.699951171875,1743.800048828125,1710.800048828125,1728.800048828125,338438
2026-05-06,1728.014892578125,1734.0,1757.0,1713.5,1757.0,529878
2026-05-07,1706.589111328125,1712.5,1761.9000244140625,1706.9000244140625,1739.5999755859375,272455
2026-05-08,1718.4481201171875,1724.4000244140625,1734.9000244140625,1710.0,1715.0999755859375,210301
2026-05-11,1675.0982666015625,1680.9000244140625,1725.9000244140625,1667.800048828125,1724.4000244140625,253701
2026-05-12,1592.085693359375,1597.5999755859375,1687.9000244140625,1585.5,1670.0,410568
2026-05-13,1452.0706787109375,1457.0999755859375,1561.5,1450.0,1538.199951171875,1542289
2026-05-14,1452.6685791015625,1457.699951171875,1484.0,1443.0,1464.199951171875,904080
2026-05-15,1460.93994140625,1466.0,1477.800048828125,1442.9000244140625,1466.300048828125,336572
2026-05-18,1518.241455078125,1523.5,1530.0,1434.0999755859375,1454.0,761491
2026-05-19,1475.190673828125,1480.300048828125,1543.9000244140625,1475.0,1533.5,623085
2026-05-20,1507.379150390625,1512.5999755859375,1519.9000244140625,1466.5,1480.0,218519
2026-05-21,1486.2523193359375,1491.4000244140625,1528.0999755859375,1485.0999755859375,1524.0,191467
2026-05-22,1493.3277587890625,1498.5,1503.0999755859375,1476.0999755859375,1497.0,203223
2026-05-25,1469.51025390625,1474.5999755859375,1509.0,1468.0,1501.0,598235
2026-05-26,1463.431396484375,1468.5,1489.0,1463.800048828125,1475.9000244140625,380704
2026-05-27,1435.5279541015625,1440.5,1485.9000244140625,1438.0,1474.5999755859375,523751
2026-05-28,1435.5279541015625,1440.5,1440.5,1440.5,1440.5,0
2026-05-29,1415.397705078125,1420.300048828125,1473.5999755859375,1407.0,1447.199951171875,1496208
2026-06-01,1407.3255615234375,1412.199951171875,1441.0,1396.5,1425.699951171875,1008317
2026-06-02,1418.9853515625,1423.9000244140625,1431.699951171875,1395.199951171875,1403.9000244140625,389190
2026-06-03,1431.7410888671875,1436.699951171875,1452.699951171875,1416.0999755859375,1424.0,394473
2026-06-04,1435.0296630859375,1440.0,1466.5999755859375,1431.199951171875,1444.0,426148
2026-06-05,1455.060302734375,1460.0999755859375,1474.0,1447.199951171875,1455.0,233670
2026-06-08,1449.3800048828125,1454.4000244140625,1470.0,1429.800048828125,1451.0,159963
2026-06-09,1422.871826171875,1427.800048828125,1464.0,1423.199951171875,1455.5,189796
2026-06-10,1394.2708740234375,1399.0999755859375,1454.9000244140625,1391.0,1434.5,231415
2026-06-11,1371.5496826171875,1376.300048828125,1409.0999755859375,1368.0,1404.800048828125,268267
2026-06-12,1387.1954345703125,1392.0,1399.5999755859375,1371.5,1391.5,239721
2026-06-15,1384.9033203125,1389.699951171875,1416.800048828125,1385.0,1406.4000244140625,397197
2026-06-16,1403.538818359375,1408.4000244140625,1420.9000244140625,1385.0,1391.5,437976
2026-06-17,1402.442626953125,1407.300048828125,1426.4000244140625,1395.199951171875,1414.0,419914
2026-06-18,1443.5999755859375,1448.5999755859375,1459.0,1409.0,1414.0,477084
2026-06-19,1438.4000244140625,1438.4000244140625,1455.0,1419.300048828125,1455.0,389436
2026-06-22,1475.199951171875,1475.199951171875,1478.800048828125,1435.0,1438.4000244140625,286458
2026-06-23,1454.800048828125,1454.800048828125,1490.0,1446.5999755859375,1476.0,278237
2026-06-24,1444.199951171875,1444.199951171875,1472.9000244140625,1420.0999755859375,1450.0999755859375,276432
2026-06-25,1413.699951171875,1413.699951171875,1465.699951171875,1405.0,1454.0,274922
2026-06-26,1413.699951171875,1413.699951171875,1413.699951171875,1413.699951171875,1413.699951171875,0
2026-06-29,1418.0,1418.0,1435.0,1393.300048828125,1420.0999755859375,349977
2026-06-30,1414.9000244140625,1414.9000244140625,1430.0,1400.0,1415.0999755859375,403378
2026-07-01,1404.5,1404.5,1430.5,1396.199951171875,1409.0,243713
2026-07-02,1394.300048828125,1394.300048828125,1416.5,1383.4000244140625,1409.800048828125,316300
2026-07-03,1366.5,1366.5,1419.0,1355.0,1402.0999755859375,441175
2026-07-06,1357.300048828125,1357.300048828125,1385.0,1352.0999755859375,1371.800048828125,316138
2026-07-07,1399.699951171875,1399.699951171875,1407.9000244140625,1357.300048828125,1357.300048828125,623776
2026-07-08,1401.0,1401.0,1410.4000244140625,1380.800048828125,1397.9000244140625,260710
2026-07-09,1414.9000244140625,1414.9000244140625,1419.5,1400.0,1401.0,218756
2026-07-10,1419.4000244140625,1419.4000244140625,1452.9000244140625,1413.0,1422.0,299247
2026-07-13,1441.9000244140625,1441.9000244140625,1453.5999755859375,1403.199951171875,1414.800048828125,311359
2026-07-14,1465.300048828125,1465.300048828125,1474.0,1435.0,1450.0,384797
2026-07-15,1441.0999755859375,1441.0999755859375,1467.5,1431.0,1456.0,198999
2026-07-16,1420.699951171875,1420.699951171875,1451.4000244140625,1408.0,1451.4000244140625,98371
2026-07-17,1390.5,1390.5,1430.0,1381.5,1430.0,703210
2026-07-20,1433.300048828125,1433.300048828125,1447.0,1391.5,1391.5,552651
2026-07-21,1435.9000244140625,1435.9000244140625,1442.5999755859375,1426.4000244140625,1433.300048828125,293628
2026-07-22,1433.0999755859375,1433.0999755859375,1448.0,1421.199951171875,1444.5,303353
2026-07-23,1430.0,1430.0,1438.4000244140625,1421.0,1433.0,317778
2026-07-24,1434.0999755859375,1434.0999755859375,1442.300048828125,1410.5,1418.0999755859375,509230
2026-07-27,1440.0,1440.0,1446.5,1427.800048828125,1434.300048828125,342490
2026-07-28,1431.800048828125,1431.800048828125,1446.5,1429.0999755859375,1441.0,291670
2026-07-29,1431.0999755859375,1431.0999755859375,1440.0,1428.0,1438.0,118024
2026-07-30,1423.5,1423.5,1430.0,1413.199951171875,1430.0,496219
2026-07-31,1413.300048828125,1413.300048828125,1437.0,1397.0999755859375,1431.0,394456
2026-08-03,1391.699951171875,1391.699951171875,1423.800048828125,1387.199951171875,1422.0,337462
2026-08-04,1341.0,1341.0,1390.0,1338.300048828125,1390.0,668171
2026-08-05,1323.5,1323.5,1355.199951171875,1315.0,1346.699951171875,278738
2026-08-06,1325.199951171875,1325.199951171875,1345.5,1318.800048828125,1326.0,404065
2026-08-07,1350.800048828125,1350.800048828125,1355.4000244140625,1321.0,1325.199951171875,379616
2026-08-10,1342.9000244140625,1342.9000244140625,1373.0,1336.9000244140625,1360.0,233487
2026-08-11,1330.4000244140625,1330.4000244140625,1349.0,1323.5,1349.0,195941
2026-08-12,1319.0,1319.0,1338.9000244140625,1311.4000244140625,1335.0,168475
2026-08-13,1318.0,1318.0,1335.9000244140625,1312.5,1320.0,140432
2026-08-14,1309.0999755859375,1309.0999755859375,1330.4000244140625,1307.0,1317.9000244140625,111913
2026-08-17,1312.800048828125,1312.800048828125,1324.5,1297.199951171875,1309.0999755859375,150508
2026-08-18,1264.0999755859375,1264.0999755859375,1319.0,1259.0,1313.0,356402
2026-08-19,1243.699951171875,1243.699951171875,1274.0,1240.9000244140625,1272.5999755859375,375458
2026-08-20,1248.699951171875,1248.699951171875,1255.0,1238.9000244140625,1255.0,231776
2026-08-21,1247.699951171875,1247.699951171875,1256.4000244140625,1241.0,1256.4000244140625,168844
2026-08-24,1246.300048828125,1246.300048828125,1257.9000244140625,1233.0,1252.0,442091
2026-08-25,1243.5,1243.5,1247.199951171875,1234.0,1242.0,193215
