Date,Adj Close,Close,High,Low,Open,Volume
2015-01-01,258.75115966796875,277.54998779296875,278.79998779296875,265.70001220703125,267.8999938964844,3402919
2015-01-02,249.33531188964844,267.45001220703125,280.0,266.70001220703125,280.0,4469469
2015-01-05,252.55162048339844,270.8999938964844,271.8500061035156,265.0,267.79998779296875,2662119
2015-01-06,249.89463806152344,268.04998779296875,275.6000061035156,264.1499938964844,268.5,4281631
2015-01-07,259.4503479003906,278.29998779296875,279.79998779296875,269.20001220703125,269.8999938964844,5465436
2015-01-08,276.1380615234375,296.20001220703125,297.8999938964844,282.0,282.0,6558340
2015-01-09,276.4176940917969,296.5,300.1000061035156,291.0,298.0,4546016
2015-01-12,279.21453857421875,299.5,305.0,290.54998779296875,293.8500061035156,2950576
2015-01-13,288.0244140625,308.95001220703125,312.5,301.0,302.20001220703125,4856296
2015-01-14,287.04547119140625,307.8999938964844,313.5,306.1000061035156,309.0,3127154
2015-01-15,294.6435241699219,316.04998779296875,317.5,303.20001220703125,312.0,4089886
2015-01-16,298.46588134765625,320.1499938964844,321.3500061035156,313.20001220703125,316.04998779296875,2772948
2015-01-19,287.9311828613281,308.8500061035156,322.25,307.8500061035156,321.29998779296875,3061675
2015-01-20,288.0244140625,308.95001220703125,313.5,305.6000061035156,309.79998779296875,2235687
2015-01-21,280.28662109375,300.6499938964844,311.79998779296875,298.20001220703125,310.0,2976914
2015-01-22,280.2400207519531,300.6000061035156,305.0,297.04998779296875,302.0,3300030
2015-01-23,285.6937561035156,306.45001220703125,309.3999938964844,300.0,303.45001220703125,2822168
2015-01-27,287.51171875,308.3999938964844,314.6499938964844,307.0,307.0,2597322
2015-01-28,290.8679504394531,312.0,316.5,308.20001220703125,308.6000061035156,2605964
2015-01-29,289.09649658203125,310.1000061035156,313.5,309.3999938964844,312.0,1590269
2015-01-30,287.3252868652344,308.20001220703125,314.70001220703125,306.20001220703125,312.0,2215039
2015-02-02,265.9296569824219,285.25,308.3999938964844,282.6000061035156,308.04998779296875,4440110
2015-02-03,265.9296569824219,285.25,298.8999938964844,280.3999938964844,285.5,7571501
2015-02-04,274.4599304199219,294.3999938964844,297.6499938964844,284.6000061035156,287.79998779296875,3918011
2015-02-05,273.62091064453125,293.5,303.8500061035156,290.3500061035156,295.8999938964844,2726129
2015-02-06,274.41534423828125,293.6000061035156,295.8500061035156,285.20001220703125,294.29998779296875,2151139
2015-02-09,274.8359680175781,294.04998779296875,297.5,286.70001220703125,289.6000061035156,2036620
2015-02-10,276.0976867675781,295.3999938964844,297.3500061035156,287.1499938964844,292.95001220703125,1880898
2015-02-11,281.4252624511719,301.1000061035156,304.0,293.5,296.95001220703125,1926071
2015-02-12,284.93023681640625,304.8500061035156,306.0,301.1000061035156,304.70001220703125,1536518
2015-02-13,287.7342224121094,307.8500061035156,310.95001220703125,302.6000061035156,304.5,1833969
2015-02-16,282.68707275390625,302.45001220703125,310.3500061035156,301.20001220703125,309.1000061035156,1963435
2015-02-18,282.0328674316406,301.75,305.0,299.75,304.0,1414691
2015-02-19,275.7705993652344,295.04998779296875,303.0,290.3999938964844,303.0,1595252
2015-02-20,276.6585693359375,296.0,299.79998779296875,292.5,296.0,1225568
2015-02-23,270.5365905761719,289.45001220703125,298.0,287.6000061035156,297.29998779296875,1685643
2015-02-24,251.9368896484375,269.54998779296875,290.6499938964844,267.79998779296875,290.0,4453989
2015-02-25,253.80615234375,271.54998779296875,275.3999938964844,267.04998779296875,269.54998779296875,3876175
2015-02-26,253.29205322265625,271.0,273.5,261.0,272.8999938964844,4082520
2015-02-27,263.5733337402344,282.0,282.95001220703125,272.1499938964844,275.04998779296875,2221382
2015-03-02,254.2267303466797,272.0,281.8999938964844,269.0,280.3999938964844,2338796
2015-03-03,274.0415344238281,293.20001220703125,297.3999938964844,283.45001220703125,287.0,7675974
2015-03-04,270.3963317871094,289.29998779296875,296.0,284.3999938964844,294.8999938964844,2015273
2015-03-05,273.2470397949219,292.3500061035156,293.70001220703125,285.04998779296875,291.5,1646495
2015-03-09,268.1997985839844,286.95001220703125,296.0,283.1000061035156,283.1000061035156,1605505
2015-03-10,275.7238464355469,295.0,296.8999938964844,287.1000061035156,288.95001220703125,1532750
2015-03-11,266.6109924316406,285.25,297.0,283.54998779296875,297.0,2219295
2015-03-12,270.72344970703125,289.6499938964844,291.29998779296875,283.04998779296875,287.75,1353664
2015-03-13,259.55426025390625,277.70001220703125,291.6000061035156,276.29998779296875,291.1499938964844,1532733
2015-03-16,256.2362976074219,274.1499938964844,277.0,269.20001220703125,277.0,1987381
2015-03-17,264.7416076660156,283.25,284.0,275.6499938964844,276.8500061035156,1641187
2015-03-18,260.6291198730469,278.8500061035156,283.79998779296875,276.8999938964844,283.0,1109210
2015-03-19,255.4885406494141,273.3500061035156,283.0,271.3999938964844,281.3999938964844,1789604
2015-03-20,250.90875244140625,268.45001220703125,274.0,264.29998779296875,273.5,1757867
2015-03-23,249.13282775878903,266.54998779296875,270.95001220703125,262.0,269.45001220703125,2058386
2015-03-24,242.91741943359372,259.8999938964844,267.0,251.3999938964844,266.0,3054024
2015-03-25,242.45004272460935,259.3999938964844,262.0,256.1000061035156,261.0,1821346
2015-03-26,249.0394287109375,266.45001220703125,272.0,258.0,259.0,2812025
2015-03-27,254.1800537109375,271.95001220703125,274.45001220703125,266.0,271.0,2210673
2015-03-30,248.89923095703125,266.29998779296875,274.29998779296875,262.54998779296875,273.5,2205124
2015-03-31,246.60931396484372,263.8500061035156,269.0,261.0,267.5,1863590
2015-04-01,238.15066528320312,254.8000030517578,263.29998779296875,252.6000061035156,262.0,3411924
2015-04-06,236.234619140625,252.75,257.29998779296875,247.6000061035156,256.8500061035156,3157618
2015-04-07,238.71144104003903,255.3999938964844,258.5,251.1999969482422,251.1999969482422,1796361
2015-04-08,234.6456756591797,251.0500030517578,258.79998779296875,249.75,257.0,2286056
2015-04-09,234.2250518798828,250.6000061035156,253.6999969482422,248.6999969482422,252.8999938964844,2432885
2015-04-10,240.1601409912109,256.95001220703125,258.0,251.0,251.0,1932969
2015-04-13,238.1973876953125,254.8500061035156,260.8999938964844,253.5,258.5,3447397
2015-04-15,234.8793792724609,251.3000030517578,257.70001220703125,250.3999938964844,256.0,3397244
2015-04-16,228.7106170654297,244.6999969482422,252.4499969482422,242.3999938964844,252.0,2792944
2015-04-17,228.4769287109375,244.4499969482422,249.3500061035156,237.25,242.3000030517578,2479115
2015-04-20,218.99017333984372,234.3000030517578,248.0,230.8999938964844,245.4499969482422,2053951
2015-04-21,222.58860778808597,238.1499938964844,241.6499938964844,225.6499938964844,233.9499969482422,2717826
2015-04-22,222.1680145263672,237.6999969482422,240.8999938964844,232.3000030517578,239.5,2385390
2015-04-23,218.28916931152344,233.5500030517578,243.3500061035156,230.6000061035156,238.8000030517578,2601630
2015-04-24,216.9806365966797,232.1499938964844,236.4499969482422,226.8000030517578,233.5500030517578,1720122
2015-04-27,214.12998962402344,229.1000061035156,235.6999969482422,220.6000061035156,233.8000030517578,2428785
2015-04-28,213.10183715820312,228.0,231.0500030517578,224.1000061035156,230.0,1817196
2015-04-29,221.46702575683597,236.9499969482422,240.0,227.5500030517578,229.0,5715580
2015-04-30,220.25198364257807,235.6499938964844,241.25,234.0,240.0,4551737
2015-05-04,233.3371734619141,249.6499938964844,250.6000061035156,236.1000061035156,239.8500061035156,2812312
2015-05-05,225.6844482421875,240.3500061035156,249.9499969482422,238.1000061035156,249.8999938964844,1661252
2015-05-06,212.4448089599609,226.25,238.75,224.75,238.75,2971373
2015-05-07,202.16294860839844,215.3000030517578,225.5,208.3999938964844,225.0,4412971
2015-05-08,207.1395721435547,220.6000061035156,226.5,217.1999969482422,220.0,3553277
2015-05-11,213.1959991455078,227.0500030517578,227.8999938964844,222.0,222.3000030517578,1396761
2015-05-12,209.01754760742188,222.6000061035156,230.8999938964844,221.5,228.0,2052333
2015-05-13,206.6700439453125,220.1000061035156,227.3000030517578,217.1999969482422,224.1999969482422,2330921
2015-05-14,210.51988220214844,224.1999969482422,224.8999938964844,215.3500061035156,218.0,1711307
2015-05-15,207.7968292236328,221.3000030517578,227.0,219.5,225.3999938964844,1084375
2015-05-18,210.4729461669922,224.1499938964844,225.0,219.1000061035156,222.6999969482422,1229626
2015-05-19,208.50108337402344,222.0500030517578,225.8000030517578,221.0,223.8000030517578,1658986
2015-05-20,206.90480041503903,220.3500061035156,224.3000030517578,219.3999938964844,223.0,1097207
2015-05-21,215.63731384277344,229.6499938964844,232.8000030517578,218.0,221.6000061035156,3140021
2015-05-22,213.3368377685547,227.1999969482422,231.25,225.1000061035156,230.6999969482422,1602898
2015-05-25,216.20074462890625,230.25,233.3000030517578,226.1000061035156,227.5,1310422
2015-05-26,220.70787048339844,235.0500030517578,235.75,229.8000030517578,230.6000061035156,2134624
2015-05-27,221.7876434326172,236.1999969482422,239.5,231.3500061035156,231.3500061035156,1515556
2015-05-28,221.4120941162109,235.8000030517578,241.5,234.5,236.3000030517578,2349545
2015-05-29,223.6186981201172,238.1499938964844,239.9499969482422,233.8999938964844,237.0,1068596
2015-06-01,222.2102203369141,236.6499938964844,240.3999938964844,235.0,235.0,910187
2015-06-02,210.84852600097656,224.5500030517578,238.8999938964844,217.6499938964844,237.0,2469444
2015-06-03,208.1254730224609,221.6499938964844,226.3999938964844,214.8999938964844,224.0,2248021
2015-06-04,212.4448089599609,226.25,227.8999938964844,217.75,221.6999969482422,1617317
2015-06-05,209.53392028808597,223.1499938964844,227.3000030517578,221.8000030517578,224.9499969482422,1025840
2015-06-08,205.44937133789065,218.8000030517578,224.3999938964844,216.3999938964844,223.5,1316073
2015-06-09,205.40240478515625,218.75,220.3000030517578,214.5,216.8999938964844,1115650
2015-06-10,210.3320770263672,224.0,225.6999969482422,218.1000061035156,219.0,848524
2015-06-11,213.1959991455078,227.0500030517578,233.3000030517578,225.0,227.0,2461454
2015-06-12,210.89547729492188,224.6000061035156,228.5,219.0500030517578,226.8500061035156,1323415
2015-06-15,212.8673553466797,226.6999969482422,227.9499969482422,222.8000030517578,225.75,868874
2015-06-16,214.1819305419922,228.1000061035156,228.8999938964844,222.75,226.1000061035156,889606
2015-06-17,217.3744659423828,231.5,233.25,228.0,228.6499938964844,1180154
2015-06-18,217.562255859375,231.6999969482422,236.4499969482422,230.25,230.75,1169734
2015-06-19,224.8394012451172,239.4499969482422,241.1000061035156,232.5,232.5,1246683
2015-06-22,230.09765625,245.0500030517578,246.8500061035156,240.9499969482422,241.0,1200444
2015-06-23,228.1257781982422,242.9499969482422,248.0,241.8000030517578,246.3500061035156,1012795
2015-06-24,225.21495056152344,239.8500061035156,243.75,235.8000030517578,243.5,1391070
2015-06-25,224.0412750244141,238.6000061035156,243.4499969482422,237.3999938964844,239.75,2133914
2015-06-26,230.238525390625,245.1999969482422,247.3999938964844,236.5500030517578,238.6000061035156,1310125
2015-06-29,226.9051055908203,241.6499938964844,243.1999969482422,235.0,240.0,1129446
2015-06-30,229.2056579589844,244.1000061035156,245.6499938964844,239.3500061035156,243.0,1237069
2015-07-01,230.9427490234375,245.9499969482422,247.9499969482422,242.9499969482422,245.25,910674
2015-07-02,241.6001892089844,257.29998779296875,259.70001220703125,249.0500030517578,251.0,3674989
2015-07-03,241.92886352539065,257.6499938964844,262.3999938964844,256.0,258.45001220703125,2072543
2015-07-06,248.59564208984372,264.75,265.8500061035156,252.3000030517578,255.9499969482422,2088781
2015-07-07,253.76004028320312,270.25,272.0,264.8999938964844,266.0,2130307
2015-07-08,248.2200164794922,264.3500061035156,272.75,262.29998779296875,267.0,1609598
2015-07-09,242.6331024169922,258.3999938964844,265.70001220703125,257.20001220703125,264.8999938964844,978448
2015-07-10,241.4593505859375,257.1499938964844,259.3999938964844,254.3999938964844,259.0,791249
2015-07-13,254.18255615234372,270.70001220703125,272.5,256.75,257.0,1765710
2015-07-14,250.2389068603516,266.5,272.3500061035156,266.04998779296875,272.3500061035156,829584
2015-07-15,251.45950317382807,267.79998779296875,272.3999938964844,265.3999938964844,266.5,1430294
2015-07-16,250.4266357421875,266.70001220703125,269.6000061035156,265.04998779296875,268.8999938964844,761018
2015-07-17,247.1871032714844,263.25,270.0,261.45001220703125,268.5,1051770
2015-07-20,247.70361328125,263.79998779296875,268.6000061035156,259.79998779296875,265.0,1278798
2015-07-21,242.6331024169922,258.3999938964844,266.3999938964844,256.1000061035156,265.29998779296875,914013
2015-07-22,247.60971069335935,263.70001220703125,265.5,255.3999938964844,258.5,1184053
2015-07-23,247.04635620117188,263.1000061035156,271.54998779296875,262.1000061035156,264.95001220703125,2244281
2015-07-24,236.2010803222656,251.5500030517578,267.5,249.5500030517578,263.95001220703125,4173349
2015-07-27,226.38870239257807,241.1000061035156,251.5,239.1499938964844,251.5,4121860
2015-07-28,218.172607421875,232.3500061035156,243.0,228.3999938964844,242.8000030517578,3326656
2015-07-29,220.7548065185547,235.1000061035156,238.3999938964844,232.0,235.3999938964844,1824345
2015-07-30,221.7876434326172,236.1999969482422,239.4499969482422,234.25,238.6499938964844,4168436
2015-07-31,223.47784423828125,238.0,241.3000030517578,233.5,235.6499938964844,1355682
2015-08-03,216.05987548828125,230.1000061035156,237.8000030517578,229.1999969482422,236.0,1573588
2015-08-04,219.0646209716797,233.3000030517578,234.3999938964844,227.1000061035156,228.8000030517578,1611404
2015-08-05,220.6609039306641,235.0,237.0,232.1499938964844,235.5,1451994
2015-08-06,223.29005432128903,237.8000030517578,240.3000030517578,233.5,235.5,1337074
2015-08-07,224.9802398681641,239.6000061035156,241.6000061035156,236.75,237.8500061035156,1247676
2015-08-10,219.67498779296875,233.9499969482422,239.75,232.4499969482422,238.3500061035156,995722
2015-08-11,209.6278381347656,223.25,235.0,222.3000030517578,234.8000030517578,2238455
2015-08-12,209.76870727539065,223.3999938964844,227.25,220.0,220.6000061035156,1906887
2015-08-13,211.7875213623047,225.5500030517578,229.0,223.3999938964844,223.3999938964844,982107
2015-08-14,216.1537628173828,230.1999969482422,230.9499969482422,224.8000030517578,226.5500030517578,934036
2015-08-17,216.20074462890625,230.25,234.5,228.0500030517578,231.25,896480
2015-08-18,216.76412963867188,230.8500061035156,233.8500061035156,229.6499938964844,229.75,1106748
2015-08-19,215.87210083007807,229.8999938964844,235.0,228.8000030517578,230.8999938964844,870703
2015-08-20,217.562255859375,231.6999969482422,232.75,227.4499969482422,229.5,1326677
2015-08-21,215.49647521972656,229.5,231.0500030517578,222.6000061035156,230.0,849388
2015-08-24,202.58547973632807,215.75,222.75,201.0,220.0,2556175
2015-08-25,210.09738159179688,223.75,230.0,214.0,216.6000061035156,1507013
2015-08-26,214.41668701171875,228.3500061035156,229.9499969482422,222.0,223.5,823734
2015-08-27,212.67955017089844,226.5,232.8000030517578,223.0,232.0,1018074
2015-08-28,207.6090240478516,221.1000061035156,230.6999969482422,220.0,228.8500061035156,793142
2015-08-31,210.00341796875,223.6499938964844,225.8000030517578,216.5500030517578,220.0,1048835
2015-09-01,203.61839294433597,216.8500061035156,225.8999938964844,202.0,223.8000030517578,1878887
2015-09-02,208.0785675048828,221.6000061035156,224.0,216.3500061035156,219.5,1011683
2015-09-03,208.03160095214844,221.5500030517578,224.9499969482422,218.0,224.5,1005268
2015-09-04,209.5808868408203,223.1999969482422,224.8999938964844,215.6000061035156,219.1000061035156,1128234
2015-09-07,205.02682495117188,218.3500061035156,226.4499969482422,217.1000061035156,224.0,701610
2015-09-08,207.23345947265625,220.6999969482422,222.1000061035156,215.3999938964844,218.6000061035156,832198
2015-09-09,213.2429656982422,227.1000061035156,229.4499969482422,221.0500030517578,223.75,940053
2015-09-10,215.2617645263672,229.25,230.8999938964844,222.0,222.0,827567
2015-09-11,220.05056762695312,234.3500061035156,236.0,228.8000030517578,231.8500061035156,998844
2015-09-14,217.562255859375,231.6999969482422,235.8000030517578,230.8000030517578,234.4499969482422,509548
2015-09-15,218.1256103515625,232.3000030517578,233.3999938964844,229.5500030517578,232.75,638886
2015-09-16,219.1585235595703,233.3999938964844,241.3999938964844,230.4499969482422,232.1000061035156,4586697
2015-09-18,221.45904541015625,235.8500061035156,239.3999938964844,231.0,236.8000030517578,1011560
2015-09-21,219.5341033935547,233.8000030517578,236.9499969482422,231.5500030517578,231.5500030517578,516615
2015-09-22,216.7171630859375,230.8000030517578,236.6999969482422,228.0,234.75,561201
2015-09-23,216.29461669921875,230.3500061035156,232.8500061035156,224.0,224.0,539354
2015-09-24,221.55294799804688,235.9499969482422,238.1000061035156,227.6499938964844,230.3500061035156,1261571
2015-09-28,217.98480224609372,232.1499938964844,238.0,231.0,236.8000030517578,431335
2015-09-29,215.49647521972656,229.5,233.3000030517578,226.0500030517578,230.0,570692
2015-09-30,216.01292419433597,230.0500030517578,232.4499969482422,228.0,232.4499969482422,495259
2015-10-01,215.63731384277344,229.6499938964844,234.0,228.0,230.6499938964844,423877
2015-10-05,215.5904083251953,229.6000061035156,231.8000030517578,227.4499969482422,231.8000030517578,536789
2015-10-06,216.20074462890625,230.25,234.8999938964844,229.0500030517578,232.5,666173
2015-10-07,226.6703643798828,241.3999938964844,244.75,228.0,230.75,4895587
2015-10-08,225.77835083007807,240.4499969482422,248.0,239.0500030517578,243.3000030517578,2069303
2015-10-09,224.74546813964844,239.3500061035156,243.1999969482422,237.1499938964844,240.8000030517578,956881
2015-10-12,224.2760009765625,238.8500061035156,244.25,237.8999938964844,239.3500061035156,763140
2015-10-13,228.1727600097656,243.0,245.5,238.8500061035156,239.5500030517578,1209582
2015-10-14,227.750244140625,242.5500030517578,245.5,241.1000061035156,242.6499938964844,647563
2015-10-15,228.36056518554688,243.1999969482422,246.0,242.25,243.1000061035156,920175
2015-10-16,232.44512939453125,247.5500030517578,248.9499969482422,242.1999969482422,243.5,1031615
2015-10-19,231.88172912597656,246.9499969482422,252.0,245.25,248.6999969482422,802454
2015-10-20,230.9427490234375,245.9499969482422,249.6999969482422,244.6999969482422,247.25,702116
2015-10-21,237.7973480224609,253.25,254.5500030517578,245.25,246.3999938964844,1599074
2015-10-23,235.02734375,250.3000030517578,256.8999938964844,249.1000061035156,255.6999969482422,1342204
2015-10-26,229.8159637451172,244.75,252.5,243.0,251.0,689974
2015-10-27,259.957275390625,276.8500061035156,283.1000061035156,240.8999938964844,244.6999969482422,12287024
2015-10-28,255.1215057373047,271.70001220703125,276.3999938964844,266.0,276.3999938964844,6943408
2015-10-29,247.89138793945312,264.0,271.6499938964844,261.29998779296875,270.0,4831553
2015-10-30,249.2998504638672,265.5,268.8999938964844,262.29998779296875,263.6499938964844,2209161
2015-11-02,257.0464782714844,273.75,275.8999938964844,262.3500061035156,266.6000061035156,3519564
2015-11-03,270.3330383300781,287.8999938964844,292.5,277.1000061035156,277.1000061035156,9209143
2015-11-04,268.26739501953125,285.70001220703125,289.3500061035156,283.5,289.3500061035156,1521212
2015-11-05,264.0419006347656,281.20001220703125,286.3999938964844,279.6499938964844,285.54998779296875,1380939
2015-11-06,266.01373291015625,283.29998779296875,287.8500061035156,279.25,281.04998779296875,1541927
2015-11-09,272.0702209472656,289.75,297.5,275.54998779296875,277.0,5770018
2015-11-10,278.50225830078125,296.6000061035156,299.75,287.3500061035156,289.54998779296875,2947433
2015-11-13,278.3613586425781,296.45001220703125,301.6499938964844,294.1000061035156,296.8999938964844,2255776
2015-11-16,277.7510070800781,295.79998779296875,298.0,292.5,296.0,1088647
2015-11-17,276.060791015625,294.0,299.70001220703125,292.25,296.95001220703125,1170928
2015-11-18,268.7367858886719,286.20001220703125,296.70001220703125,284.25,294.0,1222024
2015-11-19,276.2016906738281,294.1499938964844,295.0,287.0,287.5,1606898
2015-11-20,275.403564453125,293.29998779296875,298.79998779296875,292.20001220703125,295.6000061035156,2168672
2015-11-23,275.9669189453125,293.8999938964844,297.3500061035156,291.45001220703125,294.0,1304581
2015-11-24,272.6335754394531,290.3500061035156,296.25,289.3999938964844,292.04998779296875,1892748
2015-11-26,279.91070556640625,298.1000061035156,301.5,290.29998779296875,291.0,5014432
2015-11-27,286.67138671875,305.29998779296875,307.25,298.04998779296875,299.29998779296875,3716288
2015-11-30,288.26763916015625,307.0,309.25,305.6000061035156,306.8999938964844,1979621
2015-12-01,285.5915222167969,304.1499938964844,309.79998779296875,302.1499938964844,309.79998779296875,1391452
2015-12-02,271.5538024902344,289.20001220703125,299.04998779296875,285.04998779296875,299.0,4169062
2015-12-03,266.2015075683594,283.5,287.95001220703125,280.0,286.0,2352362
2015-12-04,266.5301513671875,283.8500061035156,285.8999938964844,280.04998779296875,280.04998779296875,962933
2015-12-07,264.558349609375,281.75,287.6499938964844,280.20001220703125,287.6499938964844,1235150
2015-12-08,258.36102294921875,275.1499938964844,284.5,273.04998779296875,278.3500061035156,846591
2015-12-09,254.18255615234372,270.70001220703125,275.95001220703125,267.5,273.0,1262809
2015-12-10,261.7413635253906,278.75,279.3500061035156,268.1000061035156,272.04998779296875,1729108
2015-12-11,257.2812194824219,274.0,281.04998779296875,272.1000061035156,280.1000061035156,1232711
2015-12-14,258.0793762207031,274.8500061035156,278.75,271.20001220703125,271.20001220703125,866104
2015-12-15,267.656982421875,285.04998779296875,285.8999938964844,274.04998779296875,277.0,1980982
2015-12-16,264.6991882324219,281.8999938964844,286.5,280.54998779296875,286.5,992112
2015-12-17,270.00445556640625,287.54998779296875,288.79998779296875,281.1000061035156,284.0,1258680
2015-12-18,268.59600830078125,286.04998779296875,287.79998779296875,284.0,286.45001220703125,935652
2015-12-21,271.3190002441406,288.95001220703125,291.5,286.3999938964844,287.0,1343765
2015-12-22,270.47393798828125,288.04998779296875,292.0,287.29998779296875,288.0,1661851
2015-12-23,272.5396423339844,290.25,293.6000061035156,288.5,288.5,1470158
2015-12-24,268.0325927734375,285.45001220703125,292.1499938964844,284.79998779296875,290.6499938964844,1087369
2015-12-28,268.455078125,285.8999938964844,287.75,283.1499938964844,285.0,1068883
2015-12-29,275.26275634765625,293.1499938964844,295.75,285.75,286.54998779296875,2686225
2015-12-30,272.5396423339844,290.25,294.3999938964844,289.6000061035156,293.8999938964844,1482887
2015-12-31,272.1170959472656,289.79998779296875,293.0,288.6000061035156,291.3500061035156,1754040
2016-01-01,269.1593322753906,286.6499938964844,292.25,285.3500061035156,290.0,970577
2016-01-04,269.4410095214844,286.95001220703125,290.95001220703125,283.5,290.0,1356574
2016-01-05,269.6288452148437,287.1499938964844,289.20001220703125,282.1499938964844,287.3500061035156,993192
2016-01-06,268.9715576171875,286.45001220703125,294.3999938964844,285.0,288.3999938964844,1278055
2016-01-07,260.7554931640625,277.70001220703125,284.75,275.04998779296875,284.75,893479
2016-01-08,267.7039489746094,285.1000061035156,287.6000061035156,277.25,277.25,923022
2016-01-11,268.26739501953125,285.70001220703125,289.25,278.1000061035156,278.1000061035156,1095794
2016-01-12,272.44580078125,290.1499938964844,292.04998779296875,284.95001220703125,287.3500061035156,1707329
2016-01-13,270.00445556640625,287.54998779296875,294.45001220703125,273.0,293.70001220703125,1970432
2016-01-14,265.35650634765625,282.6000061035156,284.6000061035156,276.25,281.25,1009369
2016-01-15,261.41278076171875,278.3999938964844,285.45001220703125,273.45001220703125,283.20001220703125,1569900
2016-01-18,257.4690856933594,274.20001220703125,280.20001220703125,263.3500061035156,278.0,1930661
2016-01-19,265.4504089355469,282.70001220703125,284.1000061035156,267.79998779296875,275.95001220703125,1252771
2016-01-20,258.03240966796875,274.79998779296875,278.0,265.5,278.0,1642004
2016-01-21,257.3752136230469,274.1000061035156,280.0,268.04998779296875,278.79998779296875,1314652
2016-01-22,268.2203674316406,285.6499938964844,288.0,274.54998779296875,278.79998779296875,1025528
2016-01-25,270.2391967773437,287.79998779296875,292.5,287.0,288.0,1173133
2016-01-27,272.4927062988281,290.20001220703125,293.20001220703125,287.25,289.8999938964844,1525383
2016-01-28,273.9950866699219,291.79998779296875,296.0,290.1000061035156,291.25,3102150
2016-01-29,274.4176940917969,292.25,295.20001220703125,278.79998779296875,292.0,4792489
2016-02-01,277.42236328125,295.45001220703125,302.75,291.0,293.5,2038180
2016-02-02,275.4505310058594,293.3500061035156,301.3999938964844,290.0,300.0,1504189
2016-02-03,270.1923217773437,287.75,294.3999938964844,284.5,291.8500061035156,998524
2016-02-04,264.7271423339844,280.95001220703125,290.1499938964844,275.75,288.6000061035156,1749740
2016-02-05,272.64215087890625,289.3500061035156,291.95001220703125,278.29998779296875,281.1000061035156,672536
2016-02-08,270.286376953125,286.8500061035156,295.1000061035156,284.6000061035156,288.04998779296875,947931
2016-02-09,269.39129638671875,285.8999938964844,288.29998779296875,278.95001220703125,282.0,1012018
2016-02-10,270.4748840332031,287.04998779296875,290.0,280.1000061035156,284.70001220703125,988626
2016-02-11,262.9368896484375,279.04998779296875,288.25,274.54998779296875,287.0,1623701
2016-02-12,260.2514343261719,276.20001220703125,283.75,270.04998779296875,276.3999938964844,1196848
2016-02-15,268.4961853027344,284.95001220703125,289.0,278.75,278.75,858056
2016-02-16,260.2985534667969,276.25,288.3999938964844,274.54998779296875,288.3999938964844,768983
2016-02-17,265.8578186035156,282.1499938964844,283.79998779296875,271.6499938964844,276.25,723539
2016-02-18,268.5432434082031,285.0,288.95001220703125,281.5,283.0,938367
2016-02-19,271.13458251953125,287.75,289.79998779296875,282.29998779296875,283.79998779296875,1372073
2016-02-22,270.3806457519531,286.95001220703125,291.75,285.29998779296875,288.0,1015086
2016-02-23,264.2088928222656,280.3999938964844,288.6499938964844,277.1000061035156,287.0,909889
2016-02-24,254.88059997558597,270.5,279.0,268.5,277.0,1958435
2016-02-25,252.195068359375,267.6499938964844,270.75,262.20001220703125,270.0,1851480
2016-02-26,249.1327209472656,264.3999938964844,271.0,260.5,270.0,895038
2016-02-29,252.66619873046875,268.1499938964844,269.95001220703125,256.0,262.8999938964844,1478269
2016-03-01,267.4125671386719,283.79998779296875,286.0,266.6000061035156,268.8500061035156,2210816
2016-03-02,271.7940673828125,288.45001220703125,294.0,286.8500061035156,289.79998779296875,1975333
2016-03-03,270.4748840332031,287.04998779296875,290.25,285.6499938964844,288.45001220703125,778173
2016-03-04,271.6056213378906,288.25,295.1499938964844,283.75,287.45001220703125,1930123
2016-03-08,266.61163330078125,282.95001220703125,289.8999938964844,280.3500061035156,287.5,803480
2016-03-09,268.3547668457031,284.79998779296875,285.54998779296875,279.6000061035156,282.45001220703125,738681
2016-03-10,267.4125671386719,283.79998779296875,287.8999938964844,282.6499938964844,286.04998779296875,621809
2016-03-11,271.3229675292969,287.95001220703125,289.70001220703125,282.45001220703125,282.45001220703125,890517
2016-03-14,271.7940673828125,288.45001220703125,292.75,286.6000061035156,289.0,1627429
2016-03-15,269.2970886230469,285.79998779296875,288.8999938964844,284.5,288.45001220703125,1005353
2016-03-16,267.45965576171875,283.8500061035156,287.5,282.95001220703125,285.79998779296875,859581
2016-03-17,268.88055419921875,283.8500061035156,285.8999938964844,283.0,285.79998779296875,779319
2016-03-18,272.2433776855469,287.3999938964844,288.75,282.5,283.8999938964844,615719
2016-03-21,289.1993713378906,305.29998779296875,307.0,287.0,288.0,2844198
2016-03-22,300.5191650390625,317.25,318.5,306.0,307.0,5133647
2016-03-23,293.13055419921875,309.45001220703125,317.8999938964844,307.3999938964844,316.45001220703125,2388530
2016-03-28,298.5299072265625,315.1499938964844,320.79998779296875,309.95001220703125,311.0,3373334
2016-03-29,299.05096435546875,315.70001220703125,319.5,312.75,319.0,2689887
2016-03-30,304.2134704589844,321.1499938964844,326.3500061035156,317.0,317.29998779296875,3551028
2016-03-31,305.77642822265625,322.79998779296875,325.79998779296875,318.20001220703125,322.95001220703125,1860426
2016-04-01,307.4342041015625,324.54998779296875,329.5,319.3500061035156,323.0,4109527
2016-04-04,307.2447204589844,324.3500061035156,327.8999938964844,322.5,326.5,1317694
2016-04-05,297.67730712890625,314.25,323.0,312.5,323.0,1422528
2016-04-06,299.05096435546875,315.70001220703125,318.5,314.0,315.1000061035156,1445094
2016-04-07,297.2037048339844,313.75,318.20001220703125,310.1000061035156,316.0,1179146
2016-04-08,296.4932861328125,313.0,316.70001220703125,311.79998779296875,312.6000061035156,933012
2016-04-11,298.4352111816406,315.04998779296875,317.45001220703125,310.1499938964844,314.0,1208469
2016-04-12,301.9874267578125,318.79998779296875,322.3500061035156,317.45001220703125,318.0,1606340
2016-04-13,309.5181579589844,326.75,329.79998779296875,320.45001220703125,324.0,2029123
2016-04-18,316.3384704589844,333.95001220703125,334.70001220703125,324.04998779296875,327.45001220703125,2220871
2016-04-20,317.52252197265625,335.20001220703125,340.8500061035156,332.29998779296875,334.8999938964844,2406647
2016-04-21,307.6710205078125,324.79998779296875,335.5,322.25,333.95001220703125,2598664
2016-04-22,313.9703369140625,331.45001220703125,333.70001220703125,320.1499938964844,322.04998779296875,2720399
2016-04-25,306.1553955078125,323.20001220703125,329.3999938964844,321.0,329.3999938964844,631548
2016-04-26,312.7862243652344,330.20001220703125,331.1000061035156,317.54998779296875,322.04998779296875,1571013
2016-04-27,310.5601501464844,327.8500061035156,329.95001220703125,324.3999938964844,329.75,1480109
2016-04-28,301.8926696777344,318.70001220703125,329.3999938964844,317.75,329.0,1691417
2016-04-29,302.9346618652344,319.79998779296875,322.8500061035156,314.29998779296875,319.0,1020863
2016-05-02,302.12945556640625,318.95001220703125,323.5,314.6000061035156,316.0,1172656
2016-05-03,272.290771484375,287.45001220703125,325.3999938964844,279.04998779296875,323.0,14135554
2016-05-04,275.369384765625,290.70001220703125,295.6499938964844,277.5,279.0,10887415
2016-05-05,280.5793151855469,296.20001220703125,298.20001220703125,286.6499938964844,291.1000061035156,3220948
2016-05-06,284.6051940917969,300.45001220703125,302.1000061035156,294.1000061035156,296.0,2149934
2016-05-09,285.41033935546875,301.29998779296875,304.1499938964844,299.6000061035156,303.0,1137336
2016-05-10,283.3263244628906,299.1000061035156,302.5,295.0,302.0,1471002
2016-05-11,281.2897033691406,296.95001220703125,302.20001220703125,291.5,291.5,1477346
2016-05-12,280.8634338378906,296.5,299.0,294.75,298.0,753323
2016-05-13,280.5318908691406,296.1499938964844,298.0,293.5,295.95001220703125,1280536
2016-05-16,279.6793518066406,295.25,298.1000061035156,290.54998779296875,297.20001220703125,1008405
2016-05-17,278.6373596191406,294.1499938964844,298.0,293.25,296.5,806278
2016-05-18,281.95281982421875,297.6499938964844,298.95001220703125,292.45001220703125,292.6000061035156,901827
2016-05-19,280.8160705566406,296.45001220703125,301.8999938964844,294.0,296.95001220703125,1051112
2016-05-20,281.8107604980469,297.5,301.45001220703125,294.0,294.5,824972
2016-05-23,279.53729248046875,295.1000061035156,301.0,291.8999938964844,301.0,1865679
2016-05-24,278.8268127441406,294.3500061035156,297.0,291.6000061035156,293.1000061035156,1122095
2016-05-25,280.5793151855469,296.20001220703125,298.0,292.0,296.0,1258461
2016-05-26,283.3263244628906,299.1000061035156,303.45001220703125,295.3999938964844,296.0,2039276
2016-05-27,275.74822998046875,291.1000061035156,299.95001220703125,289.1000061035156,299.0,1292327
2016-05-30,272.76434326171875,287.95001220703125,293.95001220703125,283.75,292.1000061035156,1431010
2016-05-31,269.63836669921875,284.6499938964844,288.54998779296875,284.0,288.0,1305250
2016-06-01,273.6642761230469,288.8999938964844,292.0,286.95001220703125,288.0,1484499
2016-06-02,280.9581604003906,296.6000061035156,298.0,292.54998779296875,296.20001220703125,3300600
2016-06-03,281.8580322265625,297.54998779296875,308.0,295.29998779296875,298.25,2547088
2016-06-06,279.25311279296875,294.79998779296875,299.8999938964844,293.20001220703125,299.25,946952
2016-06-07,278.35321044921875,293.8500061035156,297.79998779296875,292.25,295.79998779296875,1998900
2016-06-08,274.42205810546875,289.70001220703125,295.0,288.1499938964844,294.29998779296875,1984224
2016-06-09,274.61151123046875,289.8999938964844,292.20001220703125,287.6499938964844,289.8500061035156,1324754
2016-06-10,271.5802917480469,286.70001220703125,292.3500061035156,285.70001220703125,290.3999938964844,1277187
2016-06-13,272.66961669921875,287.8500061035156,289.0,283.79998779296875,285.0,782959
2016-06-14,274.94305419921875,290.25,292.0,287.5,288.25,764507
2016-06-15,276.64813232421875,292.04998779296875,292.8999938964844,290.0,290.75,611196
2016-06-16,276.7901916503906,292.20001220703125,293.95001220703125,290.45001220703125,290.5,1167469
2016-06-17,277.8321533203125,293.29998779296875,294.45001220703125,288.6000061035156,293.25,1113631
2016-06-20,277.87957763671875,293.3500061035156,294.6000061035156,288.6000061035156,289.0,585520
2016-06-21,280.62664794921875,296.25,297.5,292.1499938964844,293.6499938964844,1211122
2016-06-22,279.4425354003906,295.0,300.3999938964844,292.45001220703125,297.79998779296875,1577127
2016-06-23,279.7740783691406,295.3500061035156,296.25,292.0,295.3999938964844,1013807
2016-06-24,281.526611328125,297.20001220703125,299.0,279.1000061035156,291.1000061035156,1312545
2016-06-27,280.7214050292969,296.3500061035156,301.75,294.29998779296875,294.95001220703125,905363
2016-06-28,280.8634338378906,296.5,301.0,295.70001220703125,299.70001220703125,947269
2016-06-29,284.4629821777344,300.29998779296875,303.20001220703125,297.70001220703125,298.0,1450888
2016-06-30,293.1778564453125,309.5,311.79998779296875,304.20001220703125,305.3500061035156,2819375
2016-07-01,295.16717529296875,311.6000061035156,316.5,309.1499938964844,312.6499938964844,1616284
2016-07-04,297.0616760253906,313.6000061035156,317.8999938964844,311.79998779296875,316.0,1545969
2016-07-05,290.2413330078125,306.3999938964844,314.04998779296875,305.70001220703125,313.79998779296875,1547151
2016-07-07,283.42108154296875,299.20001220703125,306.0,298.1000061035156,306.0,2366617
2016-07-08,281.1949462890625,296.8500061035156,300.54998779296875,293.6499938964844,300.0,1109583
2016-07-11,282.8052978515625,298.54998779296875,302.0,297.54998779296875,299.0,1186617
2016-07-12,288.77313232421875,304.8500061035156,305.95001220703125,298.6000061035156,299.0,1255214
2016-07-13,292.1358642578125,308.3999938964844,311.70001220703125,306.3999938964844,311.70001220703125,2858917
2016-07-14,288.4415588378906,304.5,306.5,302.3500061035156,305.5,1650978
2016-07-15,291.1412353515625,307.3500061035156,310.70001220703125,301.6499938964844,304.8999938964844,1790590
2016-07-18,285.9313659667969,301.8500061035156,311.5,300.45001220703125,309.29998779296875,1172056
2016-07-19,284.7945251464844,300.6499938964844,301.75,296.5,300.0,1036818
2016-07-20,285.9786682128906,301.8999938964844,304.20001220703125,299.8500061035156,301.0,1174490
2016-07-21,284.510498046875,300.3500061035156,304.5,299.0,301.79998779296875,809845
2016-07-22,285.0788269042969,300.95001220703125,303.20001220703125,297.25,300.5,1988406
2016-07-25,285.03143310546875,300.8999938964844,301.8500061035156,299.1000061035156,301.45001220703125,1840573
2016-07-26,275.8903503417969,291.25,314.79998779296875,288.8500061035156,303.45001220703125,12078740
2016-07-27,272.95379638671875,288.1499938964844,295.70001220703125,285.79998779296875,291.29998779296875,5166259
2016-07-28,274.94305419921875,290.25,291.0,286.8500061035156,289.5,3398855
2016-07-29,276.3639831542969,291.75,295.3999938964844,289.1499938964844,291.54998779296875,1817346
2016-08-01,279.4425354003906,295.0,297.6499938964844,292.6000061035156,293.3999938964844,1953335
2016-08-02,284.08416748046875,299.8999938964844,302.70001220703125,294.6000061035156,299.95001220703125,3357305
2016-08-03,282.6159362792969,298.3500061035156,300.6499938964844,295.3500061035156,299.8999938964844,1489230
2016-08-04,283.42108154296875,299.20001220703125,302.5,293.6000061035156,300.04998779296875,1303006
2016-08-05,287.16278076171875,303.1499938964844,304.8999938964844,300.0,300.0,1080750
2016-08-08,288.4415588378906,304.5,307.95001220703125,303.1000061035156,304.75,794415
2016-08-09,283.3736877441406,299.1499938964844,304.75,297.0,304.45001220703125,712570
2016-08-10,281.1949462890625,296.8500061035156,299.5,294.0,298.0,922823
2016-08-11,282.2369689941406,297.95001220703125,300.6000061035156,293.45001220703125,296.0,714388
2016-08-12,283.51580810546875,299.29998779296875,302.3999938964844,296.79998779296875,297.95001220703125,772899
2016-08-16,283.610595703125,299.3999938964844,301.3999938964844,296.8500061035156,300.5,1167469
2016-08-17,296.3985900878906,312.8999938964844,314.0,299.0,299.0,2981948
2016-08-18,295.3565673828125,311.79998779296875,316.5,309.6499938964844,314.0,1514753
2016-08-19,295.3091735839844,311.75,317.0,309.29998779296875,312.0,894774
2016-08-22,289.57830810546875,305.70001220703125,312.04998779296875,304.1499938964844,312.0,1130620
2016-08-23,290.00457763671875,306.1499938964844,310.3500061035156,304.3500061035156,305.95001220703125,1134199
2016-08-24,290.2413330078125,306.3999938964844,309.5,305.20001220703125,307.5,865345
2016-08-25,290.19403076171875,306.3500061035156,309.8999938964844,303.54998779296875,307.1000061035156,1286991
2016-08-26,287.3995666503906,303.3999938964844,307.29998779296875,301.70001220703125,306.6499938964844,767674
2016-08-29,295.1197204589844,311.54998779296875,313.5,300.8500061035156,303.45001220703125,1223678
2016-08-30,308.8551025390625,326.04998779296875,328.1499938964844,314.54998779296875,314.95001220703125,3263919
2016-08-31,308.8551025390625,326.04998779296875,332.95001220703125,324.6000061035156,327.70001220703125,2253745
2016-09-01,310.0390625,327.29998779296875,329.3999938964844,322.8999938964844,327.0,1645756
2016-09-02,314.7754821777344,332.29998779296875,338.8999938964844,331.20001220703125,337.04998779296875,2323193
2016-09-06,315.3438720703125,332.8999938964844,336.6000061035156,329.6000061035156,335.70001220703125,885742
2016-09-07,313.2124938964844,330.6499938964844,332.75,328.5,332.3999938964844,2067143
2016-09-08,320.03277587890625,337.8500061035156,342.29998779296875,328.8999938964844,331.0,3294803
2016-09-09,312.4073486328125,329.79998779296875,338.0,327.29998779296875,338.0,2094798
2016-09-12,304.6397705078125,321.6000061035156,323.3999938964844,310.0,316.0,1833521
2016-09-14,308.9971618652344,326.20001220703125,328.45001220703125,322.04998779296875,324.0,971448
2016-09-15,305.2081298828125,322.20001220703125,328.0,319.79998779296875,326.70001220703125,741373
2016-09-16,320.50634765625,338.3500061035156,339.70001220703125,323.20001220703125,325.0,5043289
2016-09-19,319.6064758300781,337.3999938964844,343.6499938964844,335.54998779296875,340.79998779296875,2173004
2016-09-20,315.0122375488281,332.54998779296875,338.0,330.6000061035156,336.54998779296875,1017386
2016-09-21,316.1963806152344,333.79998779296875,341.5,331.3500061035156,332.95001220703125,2098496
2016-09-22,330.73681640625,349.1499938964844,350.6000061035156,338.5,338.5,3858785
2016-09-23,332.015625,350.5,354.79998779296875,348.0,352.8999938964844,3228823
2016-09-26,329.88433837890625,348.25,353.5,345.5,347.8999938964844,1441653
2016-09-27,329.5054016113281,347.8500061035156,351.75,346.29998779296875,350.25,1712135
2016-09-28,332.3945617675781,350.8999938964844,357.79998779296875,342.5,348.0,2532489
2016-09-29,330.9736633300781,349.3999938964844,356.5,337.6499938964844,354.3999938964844,4628395
2016-09-30,346.5561218261719,365.8500061035156,368.6000061035156,343.0,345.04998779296875,4329352
2016-10-03,357.6864929199219,377.6000061035156,382.7999877929688,365.8999938964844,369.7999877929688,3278206
2016-10-04,357.5444641113281,377.4500122070313,385.25,374.3999938964844,380.9500122070313,2588516
2016-10-05,359.3916015625,379.3999938964844,384.8999938964844,373.5,379.9500122070313,1838703
2016-10-06,364.4120788574219,384.7000122070313,387.9500122070313,377.1000061035156,380.0,3096282
2016-10-07,365.83294677734375,386.2000122070313,389.2000122070313,380.0,383.8999938964844,1961307
2016-10-10,368.0589904785156,388.5499877929688,393.5,386.5499877929688,388.6000061035156,1247661
2016-10-13,364.7435607910156,385.0499877929688,387.8999938964844,380.25,387.8999938964844,1586464
2016-10-14,369.8588562011719,390.4500122070313,391.6499938964844,383.3999938964844,388.0,1242560
2016-10-17,368.72210693359375,389.25,394.0,385.0,390.8999938964844,2062493
2016-10-18,374.2161560058594,395.0499877929688,401.7999877929688,392.0,394.0,2231607
2016-10-19,370.7587890625,391.3999938964844,396.3999938964844,389.2000122070313,396.0,1378425
2016-10-20,372.3216857910156,393.0499877929688,395.1499938964844,390.0,394.7999877929688,1198309
2016-10-21,375.02142333984375,395.8999938964844,397.2000122070313,390.5,393.1000061035156,1509614
2016-10-24,374.8793029785156,395.75,399.0,393.3500061035156,397.25,905922
2016-10-25,386.1991271972656,407.7000122070313,409.0,392.5,394.7999877929688,2310529
2016-10-26,378.8578186035156,399.9500122070313,411.25,396.1000061035156,407.5,2155079
2016-10-27,390.3670043945313,412.1000061035156,420.0,387.25,400.9500122070313,9380056
2016-10-28,383.6414794921875,405.0,415.9500122070313,402.25,415.8999938964844,3136287
2016-11-01,382.4574279785156,403.75,411.7000122070313,402.0,411.6000061035156,1954407
2016-11-02,379.6629943847656,400.7999877929688,408.3999938964844,397.25,401.9500122070313,1576538
2016-11-03,372.9638977050781,392.5,405.5,391.0,404.1499938964844,3592297
2016-11-04,373.1539611816406,392.7000122070313,397.6000061035156,387.25,393.0,1141253
2016-11-07,370.2556762695313,389.6499938964844,399.0,388.0,398.0,995524
2016-11-08,371.4910278320313,390.9500122070313,394.0,385.6000061035156,394.0,1211557
2016-11-09,360.8009948730469,379.7000122070313,383.9500122070313,351.8999938964844,354.5,3266911
2016-11-10,360.2783508300781,379.1499938964844,389.8999938964844,376.6499938964844,384.0,1595511
2016-11-11,343.7919006347656,361.7999877929688,375.0,351.8999938964844,375.0,3159026
2016-11-15,330.20367431640625,347.5,361.0,338.0,361.0,2398759
2016-11-16,340.8462829589844,358.70001220703125,362.9500122070313,345.6000061035156,352.6499938964844,1737436
2016-11-17,344.8371887207031,362.8999938964844,368.0,345.20001220703125,354.0,2130082
2016-11-18,343.7444152832031,361.75,364.7999877929688,356.6000061035156,363.0,1217518
2016-11-21,327.4955444335937,344.6499938964844,360.4500122070313,341.6499938964844,360.4500122070313,1811722
2016-11-22,332.05670166015625,349.45001220703125,352.8999938964844,344.25,346.25,747137
2016-11-23,337.5204467773437,355.20001220703125,357.0,346.6000061035156,351.95001220703125,1202353
2016-11-24,342.0340270996094,359.95001220703125,364.0,348.0,354.0,1757289
2016-11-25,337.8055114746094,355.5,359.3999938964844,353.04998779296875,357.79998779296875,1231110
2016-11-28,336.5702514648437,354.20001220703125,356.5,348.5,348.5,665969
2016-11-29,340.8462829589844,358.70001220703125,362.3999938964844,352.25,354.1000061035156,812566
2016-11-30,355.4797058105469,374.1000061035156,379.5,360.0,361.5,2131541
2016-12-01,349.20819091796875,367.5,376.5,364.3999938964844,373.5,1167302
2016-12-02,340.5136413574219,358.3500061035156,365.5,356.25,357.25,1409758
2016-12-05,339.0882568359375,356.8500061035156,362.5499877929688,352.79998779296875,358.0,910021
2016-12-06,337.2828674316406,354.95001220703125,360.75,354.0,359.0,747985
2016-12-07,342.651611328125,360.6000061035156,363.0499877929688,354.1000061035156,356.0,916952
2016-12-08,345.2172546386719,363.2999877929688,364.7999877929688,361.1000061035156,363.9500122070313,787129
2016-12-09,345.3598327636719,363.4500122070313,366.8500061035156,360.5,365.7999877929688,592786
2016-12-12,349.2557373046875,367.5499877929688,368.7999877929688,357.54998779296875,363.3500061035156,738597
2016-12-13,363.1765441894531,382.2000122070313,384.3500061035156,367.0,368.1499938964844,3136157
2016-12-14,361.2286071777344,380.1499938964844,387.3999938964844,378.3999938964844,382.3999938964844,2958083
2016-12-15,360.5158996582031,379.3999938964844,381.0,373.6499938964844,376.2000122070313,615476
2016-12-16,359.3756103515625,378.2000122070313,383.6000061035156,374.0499877929688,379.0,603536
2016-12-19,357.38018798828125,376.1000061035156,381.0,374.3999938964844,378.3999938964844,550972
2016-12-20,352.1064147949219,370.5499877929688,377.5,369.6499938964844,376.6000061035156,664140
2016-12-21,352.6290588378906,371.1000061035156,373.0499877929688,369.9500122070313,370.0,797108
2016-12-22,348.8756103515625,367.1499938964844,374.75,365.0,369.0,1246719
2016-12-23,352.2013854980469,370.6499938964844,371.7999877929688,364.2000122070313,366.0,683545
2016-12-26,348.3529663085937,366.6000061035156,370.6499938964844,365.25,370.6499938964844,381140
2016-12-27,334.1471252441406,351.6499938964844,364.0,349.3500061035156,362.0499877929688,1510214
2016-12-28,335.8575744628906,353.45001220703125,356.70001220703125,346.3999938964844,349.1000061035156,1529496
2016-12-29,346.50006103515625,364.6499938964844,367.8999938964844,347.79998779296875,353.3999938964844,2550664
2016-12-30,342.5566101074219,360.5,367.0,358.45001220703125,363.8999938964844,917360
2017-01-02,349.3507385253906,367.6499938964844,369.3999938964844,355.3999938964844,357.20001220703125,1099942
2017-01-03,358.6154479980469,377.3999938964844,384.1499938964844,356.6499938964844,356.6499938964844,2784655
2017-01-04,356.572509765625,375.25,377.7999877929688,372.0,377.0,818943
2017-01-05,365.6471252441406,384.7999877929688,389.7000122070313,376.25,376.9500122070313,2392687
2017-01-06,367.8326416015625,387.1000061035156,392.8500061035156,384.75,385.8999938964844,1746493
2017-01-09,365.599609375,384.75,389.25,382.8500061035156,387.0499877929688,671414
2017-01-10,364.36431884765625,383.4500122070313,388.75,382.2999877929688,385.0,950940
2017-01-11,361.5611267089844,380.5,386.3500061035156,379.2999877929688,383.7000122070313,943941
2017-01-12,369.0680236816406,388.3999938964844,390.0,377.7000122070313,381.8999938964844,1098757
2017-01-13,364.8394775390625,383.9500122070313,390.75,382.2999877929688,389.25,450184
2017-01-16,363.6991882324219,382.75,384.25,379.6499938964844,382.1000061035156,564377
2017-01-17,359.5181579589844,378.3500061035156,385.2000122070313,375.5,383.0,789144
2017-01-18,364.0792541503906,383.1499938964844,384.8999938964844,377.1000061035156,377.1000061035156,638437
2017-01-19,370.5408020019531,389.9500122070313,391.7000122070313,379.4500122070313,385.4500122070313,1368799
2017-01-20,360.2308349609375,379.1000061035156,392.25,378.1499938964844,389.5,716544
2017-01-23,362.0363159179688,381.0,384.0,378.6000061035156,381.3999938964844,735089
2017-01-24,380.47064208984375,400.3999938964844,402.75,378.4500122070313,381.5,6170046
2017-01-25,373.24896240234375,392.7999877929688,405.0,391.6000061035156,403.0,2272445
2017-01-27,372.82135009765625,392.3500061035156,397.8999938964844,389.8500061035156,394.0,844522
2017-01-30,369.2104797363281,388.5499877929688,392.25,386.3500061035156,392.25,690580
2017-01-31,366.9774475097656,386.2000122070313,388.3999938964844,383.7999877929688,387.0,581606
2017-02-01,374.6267395019531,394.25,396.3500061035156,381.5,385.6000061035156,989115
2017-02-02,370.065673828125,389.4500122070313,399.1000061035156,387.8500061035156,394.5,1502951
2017-02-03,371.9661254882813,391.4500122070313,393.3999938964844,388.3999938964844,391.0,760775
2017-02-06,376.3371887207031,396.0499877929688,406.8999938964844,389.8999938964844,391.0499877929688,2338422
2017-02-07,372.9638977050781,392.5,398.5,390.2999877929688,396.5,956138
2017-02-08,377.8575134277344,397.6499938964844,402.0,392.75,394.5,1251734
2017-02-09,387.6923522949219,408.0,409.5,395.0499877929688,399.5,1544159
2017-02-10,391.0181274414063,411.5,419.0499877929688,410.1499938964844,412.0,2344071
2017-02-13,390.9706726074219,411.4500122070313,415.3999938964844,407.6499938964844,411.0499877929688,948627
2017-02-14,389.5928649902344,410.0,414.5,409.3500061035156,413.0,765068
2017-02-15,389.9254455566406,410.3500061035156,416.7000122070313,409.0,411.0,1262376
2017-02-16,401.3756408691406,422.3999938964844,423.8999938964844,401.3500061035156,410.3500061035156,1668124
2017-02-17,404.5113525390625,425.7000122070313,429.5,423.5499877929688,425.0,1547785
2017-02-20,404.5113525390625,425.7000122070313,428.7000122070313,422.6499938964844,428.7000122070313,778571
2017-02-21,407.029541015625,428.3500061035156,433.5,425.5,426.0,1342149
2017-02-22,405.9841918945313,427.25,433.5,424.3999938964844,428.0499877929688,1452388
2017-02-23,411.447998046875,433.0,436.2999877929688,425.5,427.1000061035156,1516412
2017-02-27,414.0611877441406,435.75,443.3500061035156,429.0,429.0,1480789
2017-02-28,407.3621215820313,428.7000122070313,439.7000122070313,427.5499877929688,438.3999938964844,503685
2017-03-01,404.0837707519531,425.25,430.1499938964844,423.1000061035156,428.7000122070313,1017861
2017-03-02,405.2240905761719,426.4500122070313,432.1499938964844,422.1000061035156,424.0499877929688,775887
2017-03-03,408.1697387695313,429.5499877929688,431.0,424.1000061035156,428.0,429125
2017-03-06,404.74896240234375,425.9500122070313,433.4500122070313,424.5,432.0,949800
2017-03-07,403.98876953125,425.1499938964844,428.8500061035156,421.5499877929688,428.8500061035156,1139860
2017-03-08,397.2421875,418.0499877929688,425.7999877929688,414.0,425.7999877929688,876197
2017-03-09,398.6200256347656,419.5,422.5,415.25,419.2999877929688,900745
2017-03-10,404.1788024902344,425.3500061035156,428.8500061035156,419.5,423.0,921706
2017-03-14,416.3775939941406,436.8999938964844,439.2999877929688,428.0,431.8999938964844,1975637
2017-03-15,418.61712646484375,439.25,440.8500061035156,434.0499877929688,439.75,1092268
2017-03-16,417.8070983886719,438.3999938964844,443.4500122070313,437.3500061035156,441.4500122070313,627698
2017-03-17,422.1910095214844,443.0,445.6499938964844,435.5,437.5,1045042
2017-03-20,418.807861328125,439.4500122070313,444.9500122070313,437.5,444.2999877929688,438610
2017-03-21,417.9977416992188,438.6000061035156,441.6000061035156,436.1000061035156,441.6000061035156,385767
2017-03-22,411.2312316894531,431.5,443.3999938964844,430.0499877929688,437.9500122070313,1424841
2017-03-23,407.6573791503906,427.75,431.6499938964844,421.3999938964844,431.6499938964844,1748756
2017-03-24,407.0379333496094,427.1000061035156,430.7999877929688,425.1000061035156,429.9500122070313,848812
2017-03-27,409.5157775878906,429.7000122070313,432.1000061035156,425.7999877929688,429.3999938964844,573399
2017-03-28,412.1842346191406,432.5,434.3999938964844,429.8999938964844,429.8999938964844,378301
2017-03-29,410.5164184570313,430.75,437.3500061035156,424.6000061035156,433.0,1516598
2017-03-30,415.424560546875,435.8999938964844,442.0,427.0,428.0,2675672
2017-03-31,410.5640869140625,430.7999877929688,436.7999877929688,429.9500122070313,435.0,907573
2017-04-03,415.6151428222656,436.1000061035156,437.4500122070313,430.6000061035156,430.7999877929688,427113
2017-04-05,431.2447814941406,452.5,453.8999938964844,438.0499877929688,439.6000061035156,2007411
2017-04-06,429.481689453125,450.6499938964844,452.7000122070313,447.6499938964844,452.7000122070313,644462
2017-04-07,446.3978271484375,468.3999938964844,474.0,446.0,446.0,3580698
2017-04-10,451.925537109375,474.2000122070313,477.5499877929688,467.0,468.0,1519332
2017-04-11,451.5442504882813,473.7999877929688,475.0,467.0,470.0499877929688,481618
2017-04-12,452.783203125,475.1000061035156,477.2000122070313,461.3500061035156,474.2999877929688,958661
2017-04-13,451.7348937988281,474.0,475.8500061035156,469.0,472.0,277980
2017-04-17,450.638916015625,472.8500061035156,475.0,467.0,470.0,361253
2017-04-18,448.3993225097656,470.5,479.8999938964844,468.1499938964844,474.0,826647
2017-04-19,448.9710388183594,471.1000061035156,475.7999877929688,468.5499877929688,468.7999877929688,484579
2017-04-20,466.1255798339844,489.1000061035156,492.8999938964844,471.0,472.7000122070313,2390246
2017-04-21,459.5020751953125,482.1499938964844,505.6000061035156,480.7000122070313,494.6000061035156,1853886
2017-04-24,462.8852844238281,485.7000122070313,490.2000122070313,480.4500122070313,484.3500061035156,744361
2017-04-25,466.3638916015625,489.3500061035156,490.4500122070313,485.3500061035156,489.3999938964844,362335
2017-04-26,478.94378662109375,502.5499877929688,505.6499938964844,492.0,492.0,2699912
2017-04-27,479.1820068359375,502.7999877929688,518.5499877929688,482.6499938964844,502.5,8208561
2017-04-28,472.7014770507813,496.0,502.25,490.0,492.0,4104692
2017-05-02,472.2249755859375,495.5,499.5,490.6000061035156,494.5,1126915
2017-05-03,474.3216247558594,497.7000122070313,506.2999877929688,495.5,506.0,1086064
2017-05-04,473.8927307128906,497.25,502.9500122070313,491.5499877929688,496.7999877929688,734467
2017-05-05,468.984619140625,492.1000061035156,500.8999938964844,491.0,495.0,693024
2017-05-08,478.8961486816406,502.5,505.0,491.5,492.1000061035156,1077602
2017-05-09,475.2745971679688,498.7000122070313,503.0,497.4500122070313,503.0,961445
2017-05-10,471.319580078125,494.5499877929688,501.9500122070313,491.8500061035156,499.2000122070313,2435729
2017-05-11,476.2752990722656,499.75,504.0,495.1000061035156,497.5,1317052
2017-05-12,492.4291687011719,516.7000122070312,519.4500122070312,498.5499877929688,506.0,1865039
2017-05-15,500.0533447265625,524.7000122070312,526.9000244140625,518.0,518.0999755859375,1441277
2017-05-16,507.6299133300781,532.6500244140625,537.5499877929688,524.0,525.9000244140625,1005827
2017-05-17,507.5345764160156,532.5499877929688,535.0,527.0,531.7000122070312,431565
2017-05-18,502.9599914550781,527.75,533.4500122070312,525.25,529.0,766380
2017-05-19,500.8157958984375,525.5,535.5,519.7999877929688,530.0,1309845
2017-05-22,503.0076599121094,527.7999877929688,530.5999755859375,523.3499755859375,526.2000122070312,900113
2017-05-23,500.0057373046875,524.6500244140625,529.5499877929688,517.25,526.0,674249
2017-05-24,500.3392639160156,525.0,529.25,521.0,525.1500244140625,607178
2017-05-25,517.54150390625,543.0499877929688,546.0,528.0,528.9000244140625,2032139
2017-05-26,509.48834228515625,534.5999755859375,549.0,533.2999877929688,545.0,1008828
2017-05-29,508.8211669921875,533.9000244140625,541.8499755859375,527.7999877929688,534.25,860400
2017-05-30,515.6354370117188,541.0499877929688,544.4500122070312,528.6500244140625,533.75,690977
2017-05-31,513.0145263671875,538.2999877929688,544.9500122070312,535.0,542.0,1075853
2017-06-01,508.6782531738281,533.75,540.9000244140625,530.3499755859375,537.0,654239
2017-06-02,514.9204711914062,540.2999877929688,564.5499877929688,538.0,554.0,6006074
2017-06-05,516.9219970703125,542.4000244140625,546.2999877929688,535.0999755859375,540.8499755859375,1090942
2017-06-06,511.0607604980469,536.25,543.4000244140625,532.6500244140625,543.2999877929688,649833
2017-06-07,510.9656372070313,536.1500244140625,538.4500122070312,533.7999877929688,537.0,669965
2017-06-08,518.5420532226562,544.0999755859375,545.7999877929688,535.0,539.9500122070312,600509
2017-06-09,526.4522094726562,552.4000244140625,554.0,539.6500244140625,547.4000244140625,1438806
2017-06-12,526.5474853515625,552.5,557.7000122070312,545.0,551.0,850817
2017-06-13,529.5018310546875,555.5999755859375,563.0,554.2000122070312,554.5,995312
2017-06-14,521.2105712890625,546.9000244140625,553.8499755859375,543.4000244140625,552.1500244140625,553223
2017-06-15,515.1588745117188,540.5499877929688,546.9000244140625,538.5499877929688,546.9000244140625,972200
2017-06-16,524.45068359375,550.2999877929688,551.5,540.5499877929688,541.0,865807
2017-06-19,525.88037109375,551.7999877929688,556.5999755859375,550.0,554.0,794122
2017-06-20,522.40185546875,548.1500244140625,554.6500244140625,546.6500244140625,550.0499877929688,629893
2017-06-21,520.352783203125,546.0,549.7999877929688,543.5499877929688,547.0,540789
2017-06-22,517.0172729492188,542.5,549.4000244140625,540.4500122070312,545.0,543280
2017-06-23,511.1560974121094,536.3499755859375,544.4500122070312,531.0,542.9000244140625,391856
2017-06-27,508.9641723632813,534.0499877929688,540.5,524.5,540.5,685399
2017-06-28,509.7265319824219,534.8499755859375,537.7000122070312,530.0499877929688,534.5,562204
2017-06-29,519.8285522460938,545.4500122070312,548.0999755859375,536.5,536.5,1515966
2017-06-30,523.402587890625,549.2000122070312,551.0,542.0,546.7999877929688,582670
2017-07-03,526.404541015625,552.3499755859375,558.0,547.2000122070312,551.7999877929688,1146087
2017-07-04,525.5468139648438,551.4500122070312,556.5,547.25,556.0,334628
2017-07-05,521.591796875,547.2999877929688,551.6500244140625,543.1500244140625,550.5999755859375,910169
2017-07-06,529.35888671875,555.4500122070312,558.5999755859375,547.2999877929688,547.2999877929688,764505
2017-07-07,546.5133666992188,573.4500122070312,575.7000122070312,552.0999755859375,554.2999877929688,2051538
2017-07-10,544.3214721679688,571.1500244140625,579.7000122070312,569.3499755859375,576.3499755859375,113144
2017-07-11,540.3186645507812,566.9500122070312,575.9000244140625,565.25,572.9500122070312,650900
2017-07-12,537.697998046875,564.2000122070312,571.5499877929688,561.0999755859375,571.0,657227
2017-07-13,544.9409790039062,571.7999877929688,573.0,564.0499877929688,565.0499877929688,628416
2017-07-14,542.7489624023438,569.5,573.0,563.9500122070312,571.7999877929688,456553
2017-07-17,545.0361938476562,571.9000244140625,576.4000244140625,567.0,571.7999877929688,585191
2017-07-18,544.5596923828125,571.4000244140625,580.25,566.5999755859375,572.8499755859375,777195
2017-07-19,546.7039794921875,573.6500244140625,576.0,566.0,571.0,392617
2017-07-20,545.3698120117188,572.25,575.8499755859375,570.0999755859375,573.0999755859375,303172
2017-07-21,545.3221435546875,572.2000122070312,575.7999877929688,565.9000244140625,572.0,412816
2017-07-24,550.1826171875,577.2999877929688,580.6500244140625,571.5999755859375,577.0,487586
2017-07-25,543.5112915039062,570.2999877929688,580.7000122070312,568.7000122070312,578.2999877929688,988773
2017-07-26,543.7971801757812,570.5999755859375,573.4500122070312,568.5499877929688,572.0,757099
2017-07-27,548.2288818359375,575.25,578.2999877929688,566.7000122070312,573.0,3503291
2017-07-28,555.5671997070312,582.9500122070312,586.0,570.2000122070312,570.2000122070312,991118
2017-07-31,554.757080078125,582.0999755859375,586.4000244140625,580.9500122070312,583.0,354678
2017-08-01,568.3853759765625,596.4000244140625,599.6500244140625,582.1500244140625,585.6500244140625,1291424
2017-08-02,562.8101806640625,590.5499877929688,596.0,586.0999755859375,595.0,520377
2017-08-03,559.1410522460938,586.7000122070312,596.0,581.5,590.5999755859375,426796
2017-08-04,571.1491088867188,599.2999877929688,603.3499755859375,587.2000122070312,588.5,1478231
2017-08-07,574.5800170898438,602.9000244140625,606.0499877929688,598.0,600.0,598149
2017-08-08,567.3370361328125,595.2999877929688,610.4500122070312,594.0,603.0,568562
2017-08-09,562.9531860351562,590.7000122070312,599.9000244140625,588.0,594.7999877929688,580251
2017-08-10,553.4705200195312,580.75,591.3499755859375,571.4000244140625,589.7000122070312,1369241
2017-08-11,511.58489990234375,536.7999877929688,574.7999877929688,527.6500244140625,570.5499877929688,4190408
2017-08-14,527.8341064453125,553.8499755859375,560.0,543.0499877929688,543.0499877929688,1734931
2017-08-16,557.8067626953125,585.2999877929688,589.4500122070312,557.5,557.5,2147466
2017-08-17,552.8033447265625,580.0499877929688,592.4000244140625,577.0,586.4000244140625,692157
2017-08-18,557.1395874023438,584.5999755859375,587.0,570.9000244140625,575.0999755859375,1496970
2017-08-21,547.3711547851562,574.3499755859375,589.0,569.75,587.75,684100
2017-08-22,555.233642578125,582.5999755859375,586.0,571.9000244140625,574.5,1819737
2017-08-23,557.1395874023438,584.5999755859375,587.7000122070312,574.2000122070312,584.5499877929688,905000
2017-08-24,567.1941528320312,595.1500244140625,596.4500122070312,578.6500244140625,584.5999755859375,613152
2017-08-28,576.2479248046875,604.6500244140625,607.5,593.5,595.0999755859375,1123058
2017-08-29,566.6221313476562,594.5499877929688,602.0,592.4500122070312,602.0,600362
2017-08-30,581.8709106445312,610.5499877929688,614.4500122070312,596.0,596.0,2623217
2017-08-31,575.342529296875,603.7000122070312,611.4000244140625,601.5,607.0,2173093
2017-09-01,579.6787719726562,608.25,612.0,605.5,605.5,1585376
2017-09-04,585.5398559570312,614.4000244140625,624.7000122070312,605.75,621.0,2530325
2017-09-05,583.96728515625,612.75,617.75,609.0999755859375,613.0,855733
2017-09-06,591.2103881835938,620.3499755859375,623.0,606.5999755859375,610.0,1112978
2017-09-07,602.6466674804688,632.3499755859375,640.3499755859375,618.0999755859375,623.0,1813127
2017-09-08,605.12451171875,634.9500122070312,641.0,631.25,636.7000122070312,912634
2017-09-11,608.936767578125,638.9500122070312,647.0999755859375,635.0,635.0,2072229
2017-09-12,611.700439453125,641.8499755859375,646.0,639.1500244140625,643.5,512102
2017-09-13,607.8407592773438,637.7999877929688,648.75,636.0499877929688,642.0,420179
2017-09-14,610.6997680664062,640.7999877929688,643.7000122070312,635.5499877929688,638.9000244140625,397591
2017-09-15,620.754150390625,651.3499755859375,655.5,637.5,639.9500122070312,1047697
2017-09-18,631.6663818359375,662.7999877929688,665.5,654.0,660.5,886661
2017-09-19,627.520751953125,658.4500122070312,666.2999877929688,657.5,665.0,609649
2017-09-20,624.1375732421875,654.9000244140625,663.0,652.7000122070312,659.0,454850
2017-09-21,619.9917602539062,650.5499877929688,660.0,648.7999877929688,656.8499755859375,677657
2017-09-22,606.3159790039062,636.2000122070312,650.0,627.5999755859375,645.5999755859375,1081607
2017-09-25,613.225341796875,643.4500122070312,646.7999877929688,620.0499877929688,641.0,907950
2017-09-26,616.3702392578125,646.75,651.7000122070312,641.0,649.0,864423
2017-09-27,614.2260131835938,644.5,662.4000244140625,638.7999877929688,651.0,1938157
2017-09-28,614.4166259765625,644.7000122070312,650.0,630.5999755859375,650.0,941380
2017-09-29,626.1864013671875,657.0499877929688,661.0,644.0,645.0,1120919
2017-10-03,622.8031616210938,653.5,672.0,648.2000122070312,664.0999755859375,1186931
2017-10-04,623.2321166992188,653.9500122070312,658.3499755859375,651.25,657.0,511430
2017-10-05,624.2328491210938,655.0,658.2000122070312,649.0,653.75,343756
2017-10-06,628.902587890625,659.9000244140625,666.0,651.8499755859375,655.5999755859375,1299620
2017-10-09,645.6282348632812,677.4500122070312,679.9000244140625,660.5,660.5,1574492
2017-10-10,654.0626220703125,686.2999877929688,689.7000122070312,680.0,680.9000244140625,2074706
2017-10-11,652.0611572265625,684.2000122070312,691.1500244140625,681.0999755859375,685.75,980420
2017-10-12,659.7806396484375,692.2999877929688,694.0,686.0,687.0,710236
2017-10-13,666.8806762695312,699.75,703.5,693.1500244140625,695.5,2920539
2017-10-16,666.8806762695312,699.75,703.9000244140625,696.7999877929688,702.9000244140625,912654
2017-10-17,656.96923828125,689.3499755859375,699.9000244140625,688.2999877929688,699.9000244140625,575302
2017-10-18,657.541015625,689.9500122070312,697.25,689.0,692.5,655674
2017-10-19,651.5369262695312,683.6500244140625,694.9500122070312,677.9500122070312,690.0,152258
2017-10-23,653.6813354492188,685.9000244140625,691.6500244140625,681.2999877929688,686.0,495589
2017-10-24,661.6867065429688,694.2999877929688,696.6500244140625,684.5,688.0,431587
2017-10-25,660.400146484375,692.9500122070312,698.5,689.25,696.0499877929688,434209
2017-10-26,687.990478515625,721.9000244140625,726.0,691.9000244140625,692.9500122070312,2276124
2017-10-27,682.1768188476562,715.7999877929688,722.5999755859375,711.5999755859375,718.5,570527
2017-10-30,688.6574096679688,722.5999755859375,728.4000244140625,717.5999755859375,719.0,570610
2017-10-31,689.3243408203125,723.2999877929688,732.4000244140625,720.0999755859375,724.0,604965
2017-11-01,675.839111328125,709.1500244140625,729.9500122070312,702.5,728.0,3493208
2017-11-02,675.267333984375,708.5499877929688,719.2000122070312,703.0999755859375,710.0,2463976
2017-11-03,662.2586059570312,694.9000244140625,714.0,688.7999877929688,714.0,1078546
2017-11-06,673.5519409179688,706.75,709.4500122070312,688.5,694.0,882302
2017-11-07,674.8861083984375,708.1500244140625,717.9000244140625,700.0,709.9000244140625,1044290
2017-11-08,662.9873046875,693.7000122070312,710.2000122070312,691.0499877929688,710.2000122070312,643421
2017-11-09,663.6085205078125,694.3499755859375,699.5,680.5,690.0,1637061
2017-11-10,677.3232421875,708.7000122070312,713.0999755859375,686.7999877929688,692.9000244140625,729337
2017-11-13,667.861572265625,698.7999877929688,714.6500244140625,692.5999755859375,710.0,572856
2017-11-14,670.5375366210938,701.5999755859375,708.9000244140625,697.2000122070312,699.7999877929688,337637
2017-11-15,667.0491943359375,697.9500122070312,702.4000244140625,691.0,700.0,1217171
2017-11-16,675.2683715820312,706.5499877929688,709.5,690.0,690.0,949726
2017-11-17,676.9409790039062,708.2999877929688,724.0,705.6500244140625,710.0,826909
2017-11-20,677.6577758789062,709.0499877929688,714.5,706.9000244140625,708.9000244140625,345594
2017-11-21,676.845458984375,708.2000122070312,714.0,699.0999755859375,710.8499755859375,487068
2017-11-22,686.9283447265625,718.75,721.5,708.0,709.8499755859375,956260
2017-11-23,703.8446655273438,736.4500122070312,738.9000244140625,716.3499755859375,719.75,1777759
2017-11-24,707.04638671875,739.7999877929688,743.9500122070312,737.0,739.9500122070312,1040640
2017-11-27,711.7294311523438,744.7000122070312,747.0,730.2000122070312,738.5999755859375,649679
2017-11-28,710.3436279296875,743.25,748.4000244140625,739.5499877929688,746.0,592592
2017-11-29,703.9402465820312,736.5499877929688,743.25,733.5,742.9000244140625,477368
2017-11-30,684.586669921875,716.2999877929688,735.5,712.6500244140625,734.9000244140625,3049436
2017-12-01,692.5670166015625,724.6500244140625,731.0,721.25,724.0999755859375,1140314
2017-12-04,694.09619140625,726.25,730.0,711.0,716.0999755859375,913020
2017-12-05,704.8482055664062,737.5,741.5,720.1500244140625,729.9000244140625,689508
2017-12-06,702.3633422851562,734.9000244140625,745.5499877929688,733.5,739.2999877929688,1632049
2017-12-07,716.2213134765625,749.4000244140625,753.4500122070312,736.5,741.0,886519
2017-12-08,715.5046997070312,748.6500244140625,758.0,745.25,756.7999877929688,655292
2017-12-11,722.1947021484375,755.6500244140625,759.7999877929688,747.2999877929688,750.0,803294
2017-12-12,726.543212890625,760.2000122070312,766.0,754.0,758.0,831834
2017-12-13,712.7807006835938,745.7999877929688,759.9500122070312,744.0,759.9500122070312,373929
2017-12-14,715.982421875,749.1500244140625,751.2999877929688,742.25,746.0999755859375,446894
2017-12-15,726.5910034179688,760.25,769.9000244140625,752.0,752.4000244140625,677844
2017-12-18,728.8848266601562,762.6500244140625,771.0,745.5499877929688,756.9500122070312,707003
2017-12-19,750.29296875,785.0499877929688,792.0,763.0999755859375,765.0,1714447
2017-12-20,743.841796875,778.2999877929688,792.0999755859375,777.0,786.0,1905554
2017-12-21,742.4083251953125,776.7999877929688,782.75,774.5,778.2999877929688,379595
2017-12-22,740.7357177734375,775.0499877929688,785.4000244140625,771.0499877929688,776.7999877929688,711022
2017-12-26,735.7180786132812,769.7999877929688,776.5999755859375,766.7999877929688,772.5499877929688,911181
2017-12-27,732.7554931640625,766.7000122070312,777.5999755859375,763.0,769.7999877929688,755153
2017-12-28,728.7890625,762.5499877929688,770.5999755859375,760.0,770.0,1182558
2017-12-29,736.5782470703125,770.7000122070312,778.0499877929688,762.5499877929688,762.5499877929688,539203
2018-01-01,732.5165405273438,766.4500122070312,776.1500244140625,762.7000122070312,773.8499755859375,240613
2018-01-02,740.54443359375,774.8499755859375,794.4500122070312,766.0,784.0,2759168
2018-01-03,735.7659301757812,769.8499755859375,783.9500122070312,766.8499755859375,783.9500122070312,663896
2018-01-04,732.6119384765625,766.5499877929688,772.9000244140625,759.9000244140625,772.5999755859375,692455
2018-01-05,732.9943237304688,766.9500122070312,775.0,765.1500244140625,766.5499877929688,472957
2018-01-08,733.0899047851562,767.0499877929688,770.9500122070312,763.3499755859375,770.0,506381
2018-01-09,736.3871459960938,770.5,783.0,767.0499877929688,770.75,1195107
2018-01-10,733.4722290039062,767.4500122070312,775.8499755859375,764.5499877929688,770.5,652353
2018-01-11,721.9078369140625,755.3499755859375,770.0,753.2000122070312,767.4500122070312,698032
2018-01-12,717.1771240234375,750.4000244140625,754.0,740.0,754.0,1787748
2018-01-15,707.6676025390625,740.4500122070312,757.0,737.0,753.0499877929688,661617
2018-01-16,690.5601196289062,722.5499877929688,740.4000244140625,716.25,739.2000122070312,835847
2018-01-17,697.68017578125,730.0,736.0,709.0,722.5499877929688,578686
2018-01-18,688.0751342773438,719.9500122070312,740.0,703.9500122070312,740.0,1016503
2018-01-19,683.5355224609375,715.2000122070312,721.5999755859375,708.0499877929688,719.0,465416
2018-01-22,683.3442993164062,715.0,722.9500122070312,710.1500244140625,715.0,434972
2018-01-23,674.8861083984375,706.1500244140625,720.7999877929688,704.5999755859375,717.9000244140625,799914
2018-01-24,675.411865234375,706.7000122070312,716.5999755859375,703.5999755859375,705.9000244140625,493029
2018-01-25,673.4047241210938,704.5999755859375,718.0,702.8499755859375,709.75,1653212
2018-01-29,687.6450805664062,719.5,721.25,706.0,706.0,788187
2018-01-30,682.3408813476562,713.9500122070312,729.5,694.0499877929688,724.4000244140625,3974959
2018-01-31,665.9501342773438,696.7999877929688,712.0,683.5,710.2999877929688,2395174
2018-02-01,641.4835205078125,671.2000122070312,696.7999877929688,668.4000244140625,696.0,1412636
2018-02-02,616.6824951171875,645.25,671.7000122070312,640.1500244140625,670.7000122070312,1585891
2018-02-05,629.2024536132812,658.3499755859375,661.0,620.0,636.0,1045696
2018-02-06,621.6044311523438,650.4000244140625,664.75,599.7999877929688,622.5999755859375,1433863
2018-02-07,619.7886352539062,648.5,668.5,646.2999877929688,658.3499755859375,532708
2018-02-08,636.7049560546875,666.2000122070312,670.0,644.6500244140625,646.5499877929688,792373
2018-02-09,635.3668212890625,664.7999877929688,672.0,650.8499755859375,656.75,914427
2018-02-12,631.9740600585938,661.25,673.75,660.0,665.7999877929688,345065
2018-02-14,625.0451049804688,654.0,669.0,650.0,662.7000122070312,272224
2018-02-15,627.0519409179688,656.0999755859375,661.5,648.0,657.9000244140625,641082
2018-02-16,625.7139892578125,654.7000122070312,661.0,647.0499877929688,656.25,606815
2018-02-19,623.7548828125,652.6500244140625,658.7000122070312,636.5,658.7000122070312,631963
2018-02-20,621.9866943359375,650.7999877929688,654.7000122070312,644.0,652.6500244140625,664601
2018-02-21,609.0366821289062,637.25,655.0,628.0499877929688,655.0,1024992
2018-02-22,603.445556640625,631.4000244140625,642.5,625.1500244140625,637.0999755859375,1832814
2018-02-23,638.28173828125,667.8499755859375,670.0,634.7999877929688,634.9000244140625,1229159
2018-02-26,650.7061767578125,680.8499755859375,686.0,667.0,668.5,898086
2018-02-27,647.0267333984375,677.0,687.0,673.2999877929688,685.0,690656
2018-02-28,650.802001953125,680.9500122070312,682.9500122070312,668.0,669.5,742459
2018-03-01,647.4091186523438,677.4000244140625,686.8499755859375,675.2999877929688,678.0,790120
2018-03-05,636.2748413085938,665.75,686.1500244140625,661.0999755859375,682.0,1246641
2018-03-06,617.0751342773438,644.4000244140625,673.2000122070312,640.0,665.9000244140625,1045478
2018-03-07,606.876708984375,633.75,644.1500244140625,630.0499877929688,639.9500122070312,596530
2018-03-08,619.0859375,646.5,648.9500122070312,620.9500122070312,638.0,911104
2018-03-09,618.7508544921875,646.1500244140625,653.0,635.4000244140625,649.2999877929688,731117
2018-03-12,622.5333251953125,650.0999755859375,656.75,642.0,654.0,438550
2018-03-13,614.393798828125,641.5999755859375,658.4500122070312,635.5,649.7000122070312,588964
2018-03-14,615.2077026367188,642.4500122070312,646.2999877929688,631.0,635.2999877929688,975347
2018-03-15,616.3568115234375,643.6500244140625,651.7999877929688,640.0,640.0,665551
2018-03-16,605.00927734375,631.7999877929688,644.9500122070312,628.6500244140625,644.9500122070312,737419
2018-03-19,588.2514038085938,614.2999877929688,634.75,605.5,631.0,1083263
2018-03-20,596.3430786132812,622.75,627.5999755859375,607.5,613.0,700933
2018-03-21,589.4962158203125,615.5999755859375,628.2999877929688,612.5999755859375,625.2000122070312,550930
2018-03-22,580.30322265625,606.0,624.6500244140625,602.0499877929688,616.0,696831
2018-03-23,580.6384887695312,606.3499755859375,613.5499877929688,545.4000244140625,595.0,1189441
2018-03-26,592.943603515625,619.2000122070312,621.7000122070312,602.4000244140625,608.0,696742
2018-03-27,590.8847045898438,617.0499877929688,627.9500122070312,615.0999755859375,625.0,409706
2018-03-28,593.039306640625,619.2999877929688,622.0,608.0,610.5499877929688,739538
2018-04-02,632.4444580078125,660.4500122070312,665.0,620.0,621.0,1719311
2018-04-03,620.7139282226562,648.2000122070312,658.0999755859375,641.8499755859375,658.0,736777
2018-04-04,618.655029296875,646.0499877929688,654.9000244140625,643.0,654.0,811872
2018-04-05,621.5757446289062,649.0999755859375,656.5,643.75,648.9000244140625,737235
2018-04-06,618.0805053710938,645.4500122070312,656.7999877929688,638.0,656.7999877929688,532375
2018-04-09,620.1392211914062,647.5999755859375,650.4000244140625,642.0,645.2000122070312,721067
2018-04-10,613.3403930664062,640.5,652.0999755859375,638.0,650.0,374068
2018-04-11,603.23779296875,629.9500122070312,645.7000122070312,628.0999755859375,645.7000122070312,1042835
2018-04-12,614.1542358398438,641.3499755859375,646.0,625.5,628.0,912161
2018-04-13,633.7371215820312,661.7999877929688,671.2999877929688,638.0499877929688,645.8499755859375,2919234
2018-04-16,646.9519653320312,675.5999755859375,677.5,653.0,654.0,2118216
2018-04-17,644.7974243164062,673.3499755859375,689.9500122070312,671.1500244140625,677.5999755859375,2193470
2018-04-18,644.9888916015625,673.5499877929688,678.4000244140625,665.0,672.2999877929688,1117965
2018-04-19,645.8028564453125,674.4000244140625,681.9500122070312,671.1500244140625,672.4000244140625,419597
2018-04-20,639.2434692382812,667.5499877929688,676.7999877929688,662.5499877929688,674.2999877929688,560711
2018-04-23,635.3173828125,663.4500122070312,681.0,661.0,668.0,834179
2018-04-24,634.7427368164062,662.8499755859375,671.0999755859375,660.5499877929688,664.2000122070312,726574
2018-04-25,628.8056030273438,656.6500244140625,668.1500244140625,654.1500244140625,662.0,540235
2018-04-26,621.4320678710938,648.9500122070312,662.7000122070312,644.4000244140625,658.0,1509499
2018-04-27,638.525146484375,666.7999877929688,670.5,648.9500122070312,649.9000244140625,745160
2018-04-30,639.0997314453125,667.4000244140625,672.9500122070312,664.0499877929688,672.9500122070312,404364
2018-05-02,611.5209350585938,638.5999755859375,674.5999755859375,632.6500244140625,674.5999755859375,992251
2018-05-03,611.5689086914062,638.6500244140625,643.7999877929688,625.1500244140625,643.7999877929688,899907
2018-05-04,589.9270629882812,616.0499877929688,643.9500122070312,608.0,640.0,1794176
2018-05-07,601.0831298828125,627.7000122070312,629.8499755859375,611.2999877929688,623.7000122070312,755242
2018-05-08,599.263671875,625.7999877929688,638.6500244140625,621.7999877929688,629.0,983685
2018-05-09,595.0982666015625,621.4500122070312,629.5499877929688,619.7000122070312,626.0999755859375,393257
2018-05-10,592.46484375,618.7000122070312,627.1500244140625,614.0,623.0,610367
2018-05-11,599.4552612304688,626.0,629.9500122070312,619.0499877929688,621.7999877929688,609262
2018-05-14,593.039306640625,619.2999877929688,631.7999877929688,616.5,630.0,402871
2018-05-15,593.9013061523438,620.2000122070312,629.2000122070312,612.9500122070312,624.5,434876
2018-05-16,585.378662109375,611.2999877929688,632.0,580.0999755859375,623.0,8271451
2018-05-17,565.22119140625,590.25,607.4500122070312,583.8499755859375,590.0,5218310
2018-05-18,550.6178588867188,575.0,590.0,557.2999877929688,590.0,3687168
2018-05-21,540.1321411132812,564.0499877929688,575.9500122070312,553.5999755859375,574.2000122070312,1353643
2018-05-22,541.8557739257812,565.8499755859375,575.5499877929688,563.0,567.0,605520
2018-05-23,541.9036865234375,565.9000244140625,576.9000244140625,562.25,567.0,1161912
2018-05-24,519.5437622070312,542.5499877929688,570.4500122070312,538.0,568.0,1459929
2018-05-25,539.940673828125,563.8499755859375,569.4000244140625,536.7999877929688,541.0499877929688,1655069
2018-05-28,560.720458984375,585.5499877929688,591.0,563.4500122070312,570.5,1322798
2018-05-29,570.3443603515625,595.5999755859375,601.2000122070312,579.75,584.9000244140625,1618721
2018-05-30,580.3990478515625,606.0999755859375,609.75,580.2000122070312,591.0,1886295
2018-05-31,562.444091796875,587.3499755859375,609.9500122070312,584.5,609.9500122070312,1046499
2018-06-01,571.5892333984375,596.9000244140625,599.4000244140625,584.0,590.9000244140625,1562971
2018-06-04,542.430419921875,566.4500122070312,604.0,563.0,600.5,1204756
2018-06-05,541.5685424804688,565.5499877929688,575.9000244140625,559.0499877929688,568.0,736851
2018-06-06,541.9036865234375,565.9000244140625,577.7999877929688,558.2000122070312,570.5,864218
2018-06-07,550.37841796875,574.75,578.5499877929688,568.0,568.0,970963
2018-06-08,558.0870971679688,582.7999877929688,585.7999877929688,568.25,574.75,751995
2018-06-11,558.9967651367188,583.75,593.0,577.1500244140625,585.7000122070312,759852
2018-06-12,557.368896484375,582.0499877929688,588.7000122070312,578.0999755859375,585.0,482285
2018-06-13,553.58642578125,578.0999755859375,586.0,575.3499755859375,583.9000244140625,399291
2018-06-14,559.4277954101562,584.2000122070312,587.9000244140625,569.4500122070312,576.0,765201
2018-06-15,558.182861328125,582.9000244140625,591.5,576.75,584.0,618934
2018-06-18,571.5892333984375,596.9000244140625,602.0,585.2999877929688,587.0,1786122
2018-06-19,559.858642578125,584.6500244140625,597.8499755859375,581.6500244140625,597.6500244140625,629311
2018-06-20,560.2415771484375,585.0499877929688,591.0,578.5,583.0499877929688,574776
2018-06-21,558.4700927734375,583.2000122070312,590.5999755859375,575.5,583.0499877929688,446125
2018-06-22,557.9434814453125,582.6500244140625,586.4000244140625,577.4500122070312,579.7000122070312,265494
2018-06-25,572.211669921875,597.5499877929688,604.9500122070312,579.4000244140625,579.5,1368272
2018-06-26,560.624755859375,585.4500122070312,596.5,580.0499877929688,595.0,1315036
2018-06-27,546.0693359375,570.25,584.75,558.7000122070312,581.25,951698
2018-06-28,534.0514526367188,557.7000122070312,573.5,552.5999755859375,562.1500244140625,1531928
2018-06-29,529.406982421875,552.8499755859375,562.2000122070312,547.8499755859375,559.0,1242629
2018-07-02,532.567138671875,556.1500244140625,571.0,549.5,563.6500244140625,1510101
2018-07-03,537.355224609375,561.1500244140625,565.0,552.0,552.2000122070312,567046
2018-07-04,556.7463989257812,581.4000244140625,585.0,560.2000122070312,563.0,816786
2018-07-05,546.30859375,570.5,583.7999877929688,567.9500122070312,582.9500122070312,788747
2018-07-06,552.3414916992188,576.7999877929688,588.7999877929688,568.5,569.4500122070312,988596
2018-07-09,563.5932006835938,588.5499877929688,594.0,579.0,580.5,1164347
2018-07-10,560.0980224609375,584.9000244140625,595.2000122070312,582.0999755859375,588.5499877929688,968599
2018-07-11,556.0762329101562,580.7000122070312,588.25,577.0,585.0999755859375,614873
2018-07-12,553.9694213867188,578.5,592.6500244140625,575.0,582.0,1000782
2018-07-13,559.619384765625,584.4000244140625,586.5,568.6500244140625,581.0,715831
2018-07-16,546.0214233398438,570.2000122070312,589.0499877929688,563.0,582.25,2288068
2018-07-17,548.9898681640625,573.2999877929688,579.7999877929688,565.2000122070312,568.0,931648
2018-07-18,545.015869140625,569.1500244140625,578.6500244140625,561.0,575.5,681368
2018-07-19,539.174560546875,563.0499877929688,575.0999755859375,561.0499877929688,570.0,358637
2018-07-20,540.9461059570312,564.9000244140625,569.5,560.5999755859375,563.0499877929688,1541208
2018-07-23,519.0650634765625,542.0499877929688,564.6500244140625,523.1500244140625,562.5,2653013
2018-07-24,529.3114624023438,552.75,555.4500122070312,530.0,539.0,1488081
2018-07-25,517.4371948242188,540.3499755859375,552.0,535.5,550.0,1602857
2018-07-26,500.2004089355469,522.3499755859375,540.5999755859375,515.3499755859375,539.0499877929688,2100956
2018-07-27,503.0252685546875,525.2999877929688,531.25,523.0,523.5,898526
2018-07-30,491.7256774902344,513.5,529.2999877929688,511.1499938964844,529.2999877929688,2219226
2018-07-31,494.6942443847656,516.5999755859375,518.9500122070312,507.0,514.0,1458118
2018-08-01,490.7202453613281,512.4500122070312,523.0,508.6000061035156,518.0,3754297
2018-08-02,490.6243896484375,512.3499755859375,518.4000244140625,508.0,516.0,874705
2018-08-03,498.2852478027344,520.3499755859375,521.0,514.8499755859375,516.9000244140625,1108636
2018-08-06,505.4192199707031,527.7999877929688,532.7000122070312,514.2999877929688,524.0,5350621
2018-08-07,525.7202758789062,549.0,561.25,518.0,534.9000244140625,11652903
2018-08-08,510.2072143554688,532.7999877929688,543.0,528.5499877929688,543.0,2573080
2018-08-09,515.6177978515625,538.4500122070312,542.0,528.7999877929688,534.0,1089845
2018-08-10,511.45208740234375,534.0999755859375,538.0,530.0499877929688,536.0,717256
2018-08-13,497.5670166015625,519.5999755859375,529.0499877929688,518.0,529.0,848721
2018-08-14,497.37548828125,519.4000244140625,524.1500244140625,514.0999755859375,517.0999755859375,1083003
2018-08-16,497.2796630859375,519.2999877929688,522.9500122070312,514.5,518.2000122070312,990486
2018-08-17,494.02392578125,515.9000244140625,522.0,514.4000244140625,520.0,654154
2018-08-20,514.1812744140625,536.9500122070312,541.2000122070312,516.2000122070312,518.0,9542807
2018-08-21,518.1552734375,541.0999755859375,550.0,535.4500122070312,541.7999877929688,2441763
2018-08-23,522.3687744140625,545.5,549.0,529.4000244140625,541.0999755859375,1644473
2018-08-24,526.2470092773438,549.5499877929688,553.0,540.0999755859375,547.9000244140625,1674082
2018-08-27,539.3660278320312,563.25,568.0,550.9000244140625,552.4500122070312,2176554
2018-08-28,545.3510131835938,569.5,572.7000122070312,563.25,563.25,1652597
2018-08-29,533.9556884765625,557.5999755859375,575.0,553.1500244140625,569.5,1069352
2018-08-30,541.8557739257812,565.8499755859375,572.6500244140625,557.8499755859375,558.5499877929688,4510797
2018-08-31,545.2074584960938,569.3499755859375,571.8499755859375,558.5999755859375,562.0499877929688,1045290
2018-09-03,541.5206909179688,565.5,581.0,563.5,575.0,1183487
2018-09-04,534.7216796875,558.4000244140625,571.0,553.8499755859375,563.5999755859375,2215676
2018-09-05,538.8872680664062,562.75,565.0,548.3499755859375,553.0999755859375,1294221
2018-09-06,545.5425415039062,569.7000122070312,573.9500122070312,559.1500244140625,562.5,1051260
2018-09-07,564.8380126953125,589.8499755859375,593.5,573.9000244140625,574.0,2700483
2018-09-10,564.2158203125,589.2000122070312,595.0,582.1500244140625,594.5499877929688,1200299
2018-09-11,549.7081909179688,574.0499877929688,593.0,569.9500122070312,589.0,855074
2018-09-12,554.0173950195312,578.5499877929688,580.9000244140625,568.7999877929688,574.5,828613
2018-09-14,561.7737426757812,586.6500244140625,588.5999755859375,579.1500244140625,581.4000244140625,652246
2018-09-17,563.4974365234375,588.4500122070312,593.8499755859375,581.2000122070312,587.0,819932
2018-09-18,567.5673217773438,592.7000122070312,601.75,588.2999877929688,590.0,1515167
2018-09-19,573.743896484375,599.1500244140625,600.6500244140625,589.5499877929688,599.7000122070312,1300582
2018-09-21,568.2376098632812,593.4000244140625,604.7000122070312,575.0,604.7000122070312,1917666
2018-09-24,549.995361328125,574.3499755859375,593.0,563.25,590.0,2014143
2018-09-25,567.5194702148438,592.6500244140625,597.4000244140625,569.0999755859375,578.4000244140625,1475209
2018-09-26,559.5713500976562,584.3499755859375,594.0,578.0999755859375,592.0,1276937
2018-09-27,562.0132446289062,586.9000244140625,591.5,578.5499877929688,584.0,2358039
2018-09-28,536.3017578125,560.0499877929688,587.0,533.8499755859375,587.0,2287435
2018-10-01,537.546630859375,561.3499755859375,566.2999877929688,526.0,559.7000122070312,1501195
2018-10-03,515.6177978515625,538.4500122070312,569.25,533.75,564.9500122070312,2737454
2018-10-04,505.0362548828125,527.4000244140625,535.0,514.2999877929688,534.9500122070312,1417053
2018-10-05,482.5806579589844,503.9500122070313,524.75,497.6000061035156,524.5,1830748
2018-10-08,483.4424743652344,504.8500061035156,513.0,478.7000122070313,495.0,3016546
2018-10-09,473.7228698730469,494.7000122070313,507.8999938964844,489.1000061035156,505.0,1213662
2018-10-10,510.4946594238281,533.0999755859375,541.9000244140625,505.6499938964844,510.0,2326545
2018-10-11,490.0977478027344,511.7999877929688,522.0,500.0,500.0,1274000
2018-10-12,511.45208740234375,534.0999755859375,537.0499877929688,515.25,518.0,1034777
2018-10-15,506.37689208984375,528.7999877929688,541.0,520.5999755859375,541.0,687024
2018-10-16,528.2579345703125,551.6500244140625,558.5,528.7999877929688,528.7999877929688,1064026
2018-10-17,510.3031311035156,532.9000244140625,559.0,528.0,559.0,1308785
2018-10-19,494.2154541015625,516.0999755859375,532.5,503.75,526.7000122070312,1054028
2018-10-22,494.4069519042969,516.2999877929688,529.7999877929688,514.0,525.0,612295
2018-10-23,512.505615234375,535.2000122070312,540.0,497.0,512.0,6497120
2018-10-24,505.65869140625,528.0499877929688,541.0,513.2000122070312,539.9000244140625,3620494
2018-10-25,497.1361083984375,519.1500244140625,535.5499877929688,516.0,525.0,2025850
2018-10-26,503.1689453125,525.4500122070312,529.2000122070312,514.2999877929688,522.0,876937
2018-10-29,530.5562133789062,554.0499877929688,558.4000244140625,524.0999755859375,525.0,1275868
2018-10-30,518.7330322265625,539.6500244140625,550.0,535.7999877929688,548.0499877929688,1262296
2018-10-31,523.5391235351562,544.6500244140625,548.8499755859375,535.0499877929688,540.0,1354172
2018-11-01,524.5485229492188,545.7000122070312,549.9500122070312,535.0,540.4000244140625,1401683
2018-11-02,531.9981079101562,553.4500122070312,564.7999877929688,545.0,552.0,5205371
2018-11-05,537.9097290039062,559.5999755859375,561.6500244140625,552.2000122070312,559.7000122070312,559934
2018-11-06,529.1624145507812,550.5,564.25,547.9500122070312,561.5,640629
2018-11-07,530.9888305664062,552.4000244140625,555.0,551.0,555.0,65678
2018-11-09,534.6895751953125,556.25,559.0,547.6500244140625,552.0,694470
2018-11-12,519.5499877929688,540.5,559.5,539.0,556.4500122070312,536419
2018-11-13,524.3562622070312,545.5,549.8499755859375,535.0,536.0999755859375,653028
2018-11-14,532.6708374023438,554.1500244140625,557.4000244140625,545.5,548.0,628898
2018-11-15,528.489501953125,549.7999877929688,560.4500122070312,543.3499755859375,549.25,1109188
2018-11-16,530.2197875976562,551.5999755859375,555.5,545.5499877929688,549.0,497783
2018-11-19,533.4400024414062,554.9500122070312,555.9000244140625,546.2999877929688,550.5999755859375,469539
2018-11-20,517.2911987304688,538.1500244140625,554.0,532.0999755859375,553.0,698154
2018-11-21,521.4724731445312,542.5,545.5,530.1500244140625,536.0,427138
2018-11-22,506.76556396484375,527.2000122070312,541.5499877929688,525.7000122070312,540.0,795625
2018-11-26,515.5127563476562,536.2999877929688,537.5,522.25,525.5,721923
2018-11-27,521.5686645507812,542.5999755859375,545.4000244140625,531.1500244140625,535.2000122070312,695845
2018-11-28,514.1671142578125,534.9000244140625,546.0,531.0499877929688,542.1500244140625,455977
2018-11-29,530.604248046875,552.0,554.0999755859375,528.8499755859375,535.5,1961841
2018-11-30,535.7948608398438,557.4000244140625,560.0,545.0499877929688,551.9000244140625,1270341
2018-12-03,529.2584838867188,550.5999755859375,557.5,547.0,556.4000244140625,2129752
2018-12-04,533.5360107421875,555.0499877929688,557.4500122070312,545.0,550.0,826232
2018-12-05,532.2384033203125,553.7000122070312,556.5,548.5499877929688,553.0,1001174
2018-12-06,511.6677551269531,532.2999877929688,552.0499877929688,528.75,550.0,719297
2018-12-07,520.5113525390625,541.5,544.75,533.7999877929688,533.7999877929688,655734
2018-12-10,526.6150512695312,547.8499755859375,554.8499755859375,533.1500244140625,537.0,955001
2018-12-11,530.8925170898438,552.2999877929688,555.0,535.9500122070312,539.8499755859375,553327
2018-12-12,548.4832763671875,570.5999755859375,575.0499877929688,548.1500244140625,549.0999755859375,9249233
2018-12-13,543.436767578125,565.3499755859375,579.9500122070312,563.3499755859375,579.0499877929688,3391984
2018-12-14,547.9066162109375,570.0,575.4000244140625,561.5999755859375,570.0,944532
2018-12-17,552.8087768554688,575.0999755859375,578.7999877929688,569.9500122070312,571.0499877929688,1057663
2018-12-18,552.232177734375,574.5,576.0,565.0999755859375,571.5999755859375,1064867
2018-12-19,554.4429321289062,576.7999877929688,583.5999755859375,572.25,578.0,3036073
2018-12-20,557.3265991210938,579.7999877929688,584.9000244140625,569.0,575.0,1256741
2018-12-21,550.6941528320312,572.9000244140625,586.4000244140625,570.0,580.2000122070312,1985113
2018-12-24,536.852294921875,558.5,575.2999877929688,555.5999755859375,573.0499877929688,1063558
2018-12-26,537.1405639648438,558.7999877929688,566.9500122070312,552.7000122070312,552.7000122070312,1057134
2018-12-27,528.6336669921875,549.9500122070312,567.4000244140625,546.7000122070312,560.9000244140625,2597760
2018-12-28,542.3313598632812,564.2000122070312,569.4500122070312,549.0,553.5999755859375,1235690
2018-12-31,549.108154296875,571.25,574.4500122070312,564.0,567.7000122070312,1059089
2019-01-01,542.6678466796875,564.5499877929688,573.75,561.2000122070312,570.0,525625
2019-01-02,514.5034790039062,535.25,575.6500244140625,531.0,564.4000244140625,3650090
2019-01-03,517.0026245117188,537.8499755859375,544.5999755859375,532.75,535.0,1447966
2019-01-04,519.9825439453125,540.9500122070312,545.9000244140625,535.6500244140625,537.0,857655
2019-01-07,514.0228881835938,534.75,545.7000122070312,533.3499755859375,543.7000122070312,629458
2019-01-08,514.4074096679688,535.1500244140625,540.3499755859375,524.0499877929688,534.75,1321223
2019-01-09,518.7330322265625,539.6500244140625,544.4500122070312,532.5,535.9000244140625,1068861
2019-01-10,519.2136840820312,540.1500244140625,545.7999877929688,537.75,540.0,653168
2019-01-11,519.6942138671875,540.6500244140625,544.4000244140625,535.3499755859375,540.1500244140625,599137
2019-01-14,514.2150268554688,534.9500122070312,540.5,531.5,539.5999755859375,587034
2019-01-15,522.9143676757812,544.0,549.7999877929688,535.25,536.7999877929688,963793
2019-01-16,527.6244506835938,548.9000244140625,550.0,544.0,545.0,535038
2019-01-17,525.9423217773438,547.1500244140625,552.9000244140625,542.1500244140625,552.25,726877
2019-01-18,514.8880615234375,535.6500244140625,549.9000244140625,531.9000244140625,549.9000244140625,479977
2019-01-21,517.3872680664062,538.25,540.5499877929688,532.5999755859375,535.0,320401
2019-01-22,532.718994140625,554.2000122070312,560.9500122070312,521.0999755859375,536.4000244140625,10304861
2019-01-23,510.9468994140625,531.5499877929688,553.9500122070312,523.2000122070312,553.9500122070312,4608503
2019-01-24,501.5267639160156,521.75,532.5,516.0,527.7999877929688,1479385
2019-01-25,476.8709716796875,496.1000061035156,519.9500122070312,492.6499938964844,519.9500122070312,2404333
2019-01-28,459.2322082519531,477.75,495.75,469.1499938964844,494.1000061035156,2314265
2019-01-29,476.24615478515625,495.4500122070313,498.0,479.5499877929688,480.0,1291358
2019-01-30,472.9299011230469,492.0,499.5,487.0,498.5,878292
2019-01-31,480.6197814941406,500.0,506.9500122070313,487.3500061035156,491.5,1301064
2019-02-01,496.6244201660156,516.6500244140625,532.0499877929688,501.0499877929688,508.7000122070313,2508725
2019-02-04,480.2833862304688,499.6499938964844,515.0,488.6000061035156,515.0,2229833
2019-02-05,478.0725402832031,497.3500061035156,507.25,493.0,498.0,885677
2019-02-06,469.5655517578125,488.5,502.4500122070313,486.2000122070313,502.4500122070313,1498346
2019-02-07,485.1856689453125,504.75,516.9000244140625,489.0,489.0,2117165
2019-02-08,473.79498291015625,492.8999938964844,502.5499877929688,491.4500122070313,500.0,868085
2019-02-11,469.0368957519531,487.9500122070313,491.9500122070313,479.6000061035156,491.5,700436
2019-02-12,471.3438415527344,490.3500061035156,498.75,486.0,486.2000122070313,538196
2019-02-14,475.1888122558594,494.3500061035156,497.2000122070313,481.8999938964844,483.8500061035156,978670
2019-02-15,460.5299072265625,479.1000061035156,495.0,475.8500061035156,495.0,940652
2019-02-18,451.1096801757813,469.2999877929688,482.8999938964844,467.2000122070313,480.5,938425
2019-02-19,454.7143859863281,473.0499877929688,480.0,470.25,472.0,879465
2019-02-20,448.2259826660156,466.2999877929688,479.6499938964844,464.25,475.3999938964844,1029510
2019-02-21,444.5252380371094,462.4500122070313,469.0,455.2999877929688,468.7999877929688,1885032
2019-02-22,453.2244873046875,471.5,475.7000122070313,463.0,465.6499938964844,1215856
2019-02-25,444.9097595214844,462.8500061035156,478.3999938964844,461.1499938964844,472.5,1533842
2019-02-26,438.42138671875,456.1000061035156,461.5,448.2999877929688,460.5,1555842
2019-02-27,438.42138671875,456.1000061035156,469.3500061035156,453.5499877929688,461.0499877929688,1715937
2019-02-28,435.3935241699219,452.9500122070313,463.75,450.6499938964844,458.0,2106648
2019-03-01,449.5236511230469,467.6499938964844,468.7999877929688,455.7000122070313,456.0,1416873
2019-03-05,470.815185546875,489.7999877929688,494.0,469.4500122070313,471.8999938964844,2166690
2019-03-06,471.6802673339844,490.7000122070313,499.5,488.1000061035156,496.0,1010273
2019-03-07,467.3547058105469,486.2000122070313,495.0,480.0,495.0,865720
2019-03-08,468.1237182617188,487.0,492.0,482.75,485.2000122070313,825189
2019-03-11,486.2430419921875,505.8500061035156,510.0,487.0,489.8999938964844,1683814
2019-03-12,477.7360229492188,497.0,511.3999938964844,494.25,510.0,1423160
2019-03-13,478.6011352539063,497.8999938964844,503.6000061035156,492.6499938964844,497.0,1078365
2019-03-14,472.4972839355469,491.5499877929688,502.0,488.5,498.5,874219
2019-03-15,474.1314392089844,493.25,509.0,486.25,490.3999938964844,2780053
2019-03-18,472.7336730957031,490.3999938964844,496.2999877929688,487.5,495.5,1023245
2019-03-19,461.3587646484375,478.6000061035156,487.6000061035156,472.0499877929688,487.6000061035156,1950904
2019-03-20,457.2136535644531,474.2999877929688,479.7999877929688,472.3999938964844,479.7999877929688,1017006
2019-03-22,448.2969055175781,465.0499877929688,479.5499877929688,460.7000122070313,474.8999938964844,1200614
2019-03-25,446.3207092285156,463.0,468.0,459.0,462.5,1050718
2019-03-26,443.8626403808594,460.4500122070313,466.75,458.1000061035156,465.5,961569
2019-03-27,442.3201904296875,458.8500061035156,465.0,457.2999877929688,464.0,685928
2019-03-28,454.5145263671875,471.5,476.3999938964844,459.5,459.5,1307109
2019-04-01,462.563720703125,479.8500061035156,484.0,471.0,474.9500122070313,1367833
2019-04-02,469.3115539550781,486.8500061035156,489.7999877929688,474.25,481.8999938964844,1861714
2019-04-03,467.6246032714844,485.1000061035156,494.3999938964844,484.1000061035156,486.8500061035156,1381451
2019-04-04,470.4683227539063,488.0499877929688,494.7000122070313,483.3999938964844,492.8999938964844,1113778
2019-04-05,467.7692565917969,485.25,492.5499877929688,484.1499938964844,488.5499877929688,934753
2019-04-08,463.33489990234375,480.6499938964844,488.8999938964844,477.6000061035156,488.8999938964844,685901
2019-04-09,465.070068359375,482.4500122070313,484.0,475.2000122070313,481.0,862802
2019-04-10,464.8290710449219,482.2000122070313,488.3999938964844,481.0499877929688,481.0499877929688,766345
2019-04-11,466.8052368164063,484.25,488.0,482.2999877929688,482.2999877929688,671127
2019-04-12,481.9878540039063,500.0,502.0,485.4500122070313,485.7999877929688,1500868
2019-04-15,486.9040832519531,505.1000061035156,510.7000122070313,500.5,503.8999938964844,1993384
2019-04-16,498.2790832519531,516.9000244140625,519.9000244140625,504.2000122070313,505.5,2755860
2019-04-18,499.6767578125,518.3499755859375,523.8499755859375,514.4000244140625,520.0999755859375,1600018
2019-04-22,494.8087463378906,513.2999877929688,521.8499755859375,505.25,517.4500122070312,1104711
2019-04-23,495.0978698730469,513.5999755859375,523.75,511.1000061035156,515.0,1310774
2019-04-24,498.6164245605469,517.25,520.5,509.25,515.0499877929688,994767
2019-04-25,500.4962463378906,519.2000122070312,522.1500244140625,514.0999755859375,518.0,926815
2019-04-26,487.0486755371094,505.25,520.0,501.7999877929688,520.0,1160732
2019-04-30,474.5169982910156,492.25,505.75,484.0,502.5,1544751
2019-05-02,461.6961669921875,478.9500122070313,484.0,452.0,464.0,6592885
2019-05-03,467.913818359375,485.3999938964844,486.8999938964844,469.0,479.0,1646387
2019-05-06,460.0091552734375,477.2000122070313,483.5499877929688,473.8500061035156,479.0,580661
2019-05-07,471.576904296875,489.2000122070313,492.0,478.25,481.1000061035156,1441619
2019-05-08,475.4810180664063,493.25,499.2999877929688,474.5499877929688,484.2999877929688,1866654
2019-05-09,468.5885620117188,486.1000061035156,491.0,479.1000061035156,491.0,1687859
2019-05-10,458.0330505371094,475.1499938964844,489.9500122070313,473.6000061035156,486.1000061035156,600347
2019-05-13,448.48968505859375,465.25,478.0,463.5,475.0,663701
2019-05-14,446.1761779785156,462.8500061035156,467.0499877929688,455.5,462.0,1134671
2019-05-15,447.0919189453125,463.7999877929688,468.6499938964844,462.0,464.0,782812
2019-05-16,447.9113159179688,464.6499938964844,469.9500122070313,459.0,463.0,439403
2019-05-17,453.5987548828125,470.5499877929688,473.0,460.1000061035156,463.8500061035156,939162
2019-05-20,475.6256103515625,493.3999938964844,499.0,476.0,478.0,1035060
2019-05-21,471.2877197265625,488.8999938964844,507.5,486.8999938964844,495.0,1648690
2019-05-22,463.2867431640625,480.6000061035156,491.9500122070313,475.1499938964844,491.9500122070313,1609609
2019-05-23,461.7443542480469,479.0,495.3500061035156,476.3500061035156,492.0,1273300
2019-05-24,473.3601684570313,491.0499877929688,492.9500122070313,479.7000122070313,482.0,2026997
2019-05-27,477.7463073730469,495.6000061035156,502.5,488.4500122070313,491.0499877929688,2269177
2019-05-28,480.9756774902344,498.9500122070313,506.3500061035156,494.0499877929688,496.0,1618100
2019-05-29,469.5525817871094,487.1000061035156,495.6000061035156,485.5,494.5,1023711
2019-05-30,463.3831176757813,480.7000122070313,488.8999938964844,478.8500061035156,485.0499877929688,1094420
2019-05-31,462.0335693359375,479.2999877929688,483.8999938964844,473.1000061035156,483.0,810249
2019-06-03,481.8914184570313,499.8999938964844,502.0,474.5499877929688,478.9500122070313,3095584
2019-06-04,476.9269409179688,494.75,511.75,491.0499877929688,500.0,2088842
2019-06-06,471.0949401855469,488.7000122070313,498.6499938964844,484.3999938964844,495.5,934200
2019-06-07,462.99749755859375,480.2999877929688,492.1000061035156,478.2000122070313,490.2000122070313,1245883
2019-06-10,458.5150146484375,475.6499938964844,486.6000061035156,474.0,482.7000122070313,745126
2019-06-11,458.8042602539063,475.9500122070313,481.4500122070313,473.2000122070313,479.6499938964844,760657
2019-06-12,456.8762512207031,473.9500122070313,476.0,467.1000061035156,476.0,969860
2019-06-13,455.28564453125,472.2999877929688,473.75,465.5,469.3999938964844,884137
2019-06-14,446.8991394042969,463.6000061035156,472.0,460.25,471.0,518756
2019-06-17,441.2116394042969,457.7000122070313,466.9500122070313,455.0,464.0,738945
2019-06-18,437.5485229492188,453.8999938964844,461.3999938964844,451.3500061035156,460.2999877929688,590233
2019-06-19,425.1614990234375,441.0499877929688,457.75,436.3999938964844,454.1000061035156,1144457
2019-06-20,442.3684387207031,458.8999938964844,461.0,440.6000061035156,443.0,1120925
2019-06-21,435.9580078125,452.25,456.2999877929688,445.2999877929688,453.0499877929688,1121397
2019-06-24,433.2588806152344,449.4500122070313,451.8999938964844,428.4500122070313,443.0,4014282
2019-06-25,421.8839111328125,437.6499938964844,447.0,432.5499877929688,447.0,2127986
2019-06-26,415.23248291015625,430.75,441.0,428.6499938964844,433.0,1962828
2019-06-27,413.8347473144531,429.2999877929688,439.0,426.6000061035156,435.0,2666027
2019-06-28,412.7744140625,428.2000122070313,434.8999938964844,426.0499877929688,430.0,903773
2019-07-01,419.859619140625,435.5499877929688,439.75,428.1499938964844,433.8999938964844,1243635
2019-07-02,414.9915161132813,430.5,434.7999877929688,424.0,433.0,2193421
2019-07-03,419.3294372558594,435.0,436.0,428.0,430.0,690459
2019-07-04,416.77484130859375,432.3500061035156,439.7000122070313,430.2000122070313,435.9500122070313,998691
2019-07-05,409.0148620605469,424.2999877929688,440.0,421.0,434.8999938964844,1012459
2019-07-08,396.2904357910156,411.1000061035156,424.7999877929688,404.6000061035156,424.2999877929688,1536260
2019-07-09,411.6658325195313,427.0499877929688,429.0499877929688,407.0,407.0,1328288
2019-07-10,402.6526184082031,417.7000122070313,427.3999938964844,410.6000061035156,424.3999938964844,1247870
2019-07-11,415.2806701660156,430.7999877929688,432.8999938964844,417.0499877929688,419.75,1464224
2019-07-12,417.5942993164063,433.2000122070313,438.5,423.5499877929688,430.0,1909623
2019-07-15,414.9915161132813,430.5,436.8999938964844,427.0499877929688,435.2000122070313,654862
2019-07-16,408.2918395996094,423.5499877929688,430.0,420.3999938964844,427.7999877929688,914197
2019-07-17,407.9545593261719,423.2000122070313,428.0,422.1000061035156,425.0,954175
2019-07-18,399.326904296875,414.25,423.9500122070313,412.6499938964844,423.2000122070313,850228
2019-07-19,381.92718505859375,396.2000122070313,416.75,392.0,415.4500122070313,1683306
2019-07-22,366.2626037597656,379.9500122070313,400.0,377.0,393.6499938964844,4502957
2019-07-23,356.7674255371094,370.1000061035156,387.7999877929688,360.7999877929688,385.0,10258580
2019-07-24,347.0794982910156,360.04998779296875,372.5,356.3500061035156,367.2000122070313,2843008
2019-07-25,350.6943359375,363.7999877929688,367.0,356.45001220703125,357.54998779296875,1816332
2019-07-26,362.3102722167969,375.8500061035156,380.0,362.1000061035156,365.0,1930642
2019-07-29,346.3082275390625,359.25,372.4500122070313,355.8500061035156,371.1000061035156,2059939
2019-07-30,332.08966064453125,344.5,363.8999938964844,342.3999938964844,356.1000061035156,2104167
2019-07-31,354.791259765625,368.0499877929688,372.0,338.25,338.25,3873901
2019-08-01,345.537109375,358.45001220703125,366.7999877929688,354.0,362.5,2026382
2019-08-02,358.8881225585937,372.2999877929688,374.8999938964844,351.45001220703125,352.25,3385984
2019-08-05,362.1174926757813,375.6499938964844,382.2999877929688,357.3500061035156,367.0,2130910
2019-08-06,365.8287658691406,379.5,387.5499877929688,370.7000122070313,370.8999938964844,2204210
2019-08-07,356.2371826171875,369.5499877929688,385.6000061035156,366.9500122070313,379.5,1725732
2019-08-08,365.8287658691406,379.5,385.7999877929688,361.5,372.3999938964844,1884649
2019-08-09,374.552734375,388.5499877929688,393.0499877929688,380.3999938964844,384.0,2694721
2019-08-13,355.4178466796875,368.7000122070313,389.5499877929688,365.5,388.5499877929688,1451202
2019-08-14,358.9363098144531,372.3500061035156,378.6000061035156,367.4500122070313,371.1000061035156,1913308
2019-08-16,363.2260437011719,376.7999877929688,379.5499877929688,361.5499877929688,372.3500061035156,2216366
2019-08-19,358.2133483886719,371.6000061035156,382.0,370.6499938964844,380.0,1277298
2019-08-20,355.5624389648437,368.8500061035156,375.8999938964844,365.2999877929688,374.6000061035156,1941747
2019-08-21,354.453857421875,367.7000122070313,374.7000122070313,365.5499877929688,370.0,1619073
2019-08-22,343.4645080566406,356.29998779296875,369.9500122070313,352.5,369.2000122070313,1442014
2019-08-23,352.3812866210937,365.5499877929688,367.4500122070313,352.6000061035156,356.0,1518152
2019-08-26,353.3934936523437,366.6000061035156,379.0,355.70001220703125,379.0,2495889
2019-08-27,357.00836181640625,370.3500061035156,375.7999877929688,366.6499938964844,366.6499938964844,2386485
2019-08-28,346.7902526855469,359.75,372.0,356.3999938964844,371.0,1168044
2019-08-29,341.4402160644531,354.20001220703125,359.0,350.0,359.0,1233361
2019-08-30,340.2352600097656,352.95001220703125,359.5,344.1000061035156,356.6499938964844,1603068
2019-09-03,348.0434265136719,361.0499877929688,363.8999938964844,345.04998779296875,349.1000061035156,2351596
2019-09-04,352.95965576171875,366.1499938964844,369.8999938964844,353.54998779296875,361.2999877929688,2925355
2019-09-05,357.2493896484375,370.6000061035156,378.7999877929688,361.6499938964844,365.0,2917481
2019-09-06,367.7566833496094,381.5,385.6499938964844,365.7999877929688,370.0,3461995
2019-09-09,374.9865112304688,389.0,393.8500061035156,371.3999938964844,373.0,2809696
2019-09-11,388.4339904785156,402.9500122070313,406.7000122070313,387.2000122070313,390.2999877929688,3854277
2019-09-12,375.2757263183594,389.2999877929688,403.9500122070313,387.2999877929688,403.9500122070313,2227773
2019-09-13,376.2879638671875,390.3500061035156,394.5,382.0,392.0,2665247
2019-09-16,373.2513732910156,387.2000122070313,390.6000061035156,378.0,385.0,2080705
2019-09-17,358.791748046875,372.2000122070313,390.4500122070313,370.5,385.0,2443493
2019-09-18,360.4786682128906,373.9500122070313,377.2999877929688,368.4500122070313,373.5499877929688,1698602
2019-09-19,360.18951416015625,373.6499938964844,378.5,370.3500061035156,373.9500122070313,1512314
2019-09-20,409.4004821777344,424.7000122070313,433.5,370.3999938964844,375.1499938964844,5367498
2019-09-23,415.9554748535156,431.5,444.0,415.0,433.0,2631802
2019-09-24,403.4237976074219,418.5,432.0,414.25,427.8999938964844,1759021
2019-09-25,387.3254089355469,401.7999877929688,415.0,391.0499877929688,415.0,2621967
2019-09-26,402.7972412109375,417.8500061035156,423.5499877929688,398.0,401.7999877929688,4482199
2019-09-27,397.6399841308594,412.5,417.5499877929688,406.1000061035156,414.8999938964844,1557592
2019-09-30,406.7977294921875,422.0,424.2999877929688,403.3999938964844,413.2999877929688,2447415
2019-10-01,404.4841918945313,419.6000061035156,424.5,411.1000061035156,418.0,1593936
2019-10-03,390.6993408203125,405.2999877929688,414.7000122070313,402.0,405.0,1993787
2019-10-04,382.0718078613281,396.3500061035156,415.0,392.75,403.8999938964844,1763359
2019-10-07,379.5172424316406,393.7000122070313,400.5,380.7000122070313,390.0,2029657
2019-10-09,382.650146484375,396.9500122070313,400.7000122070313,388.25,395.0,1916445
2019-10-10,370.6004943847656,384.4500122070313,396.7000122070313,382.0499877929688,396.7000122070313,1165519
2019-10-11,379.8063659667969,394.0,396.8999938964844,382.2000122070313,386.2000122070313,1604685
2019-10-14,383.1803894042969,397.5,400.5,386.7000122070313,392.25,1350640
2019-10-15,395.3264465332031,410.1000061035156,411.8999938964844,391.6499938964844,398.0,3185751
2019-10-16,396.8688049316406,411.7000122070313,416.6000061035156,406.6499938964844,412.6000061035156,3745656
2019-10-17,423.95648193359375,439.7999877929688,451.7999877929688,397.1000061035156,408.0,7521706
2019-10-18,440.0548706054688,456.5,460.0,428.2999877929688,432.5,7430853
2019-10-22,435.3314208984375,451.6000061035156,463.0,448.0499877929688,451.6000061035156,2647500
2019-10-23,446.2725830078125,462.9500122070313,469.0,446.3500061035156,454.0,2572546
2019-10-24,442.80224609375,459.3500061035156,467.6000061035156,450.4500122070313,461.0,1837569
2019-10-25,448.2005004882813,464.9500122070313,467.0,452.3500061035156,452.3500061035156,1773165
2019-10-27,448.1522521972656,464.8999938964844,472.0,461.0,470.0,236050
2019-10-29,461.7925415039063,479.0499877929688,482.8500061035156,462.4500122070313,463.75,2250861
2019-10-30,477.02337646484375,494.8500061035156,500.7999877929688,474.0499877929688,478.0,2995598
2019-10-31,469.1187438964844,486.6499938964844,504.0,478.4500122070313,502.0,4501628
2019-11-01,452.3455505371094,469.25,488.5,463.2000122070313,484.7000122070313,2628138
2019-11-04,439.2355041503906,455.6499938964844,471.7000122070313,452.7999877929688,470.0,1646975
2019-11-05,442.3201904296875,458.8500061035156,468.2999877929688,455.0,460.0,1972191
2019-11-06,444.1036071777344,460.7000122070313,464.1000061035156,454.5499877929688,458.8500061035156,1168437
2019-11-07,433.1142578125,449.2999877929688,463.9500122070313,447.5499877929688,461.5499877929688,1537259
2019-11-08,436.1025695800781,452.3999938964844,456.4500122070313,445.0,450.0,1322514
2019-11-11,430.222412109375,446.2999877929688,454.4500122070313,438.7000122070313,450.0,2385247
2019-11-13,443.2360229492188,459.7999877929688,463.2000122070313,446.0499877929688,447.0,2650866
2019-11-14,432.1502990722656,448.2999877929688,461.9500122070313,445.0,461.5,1799094
2019-11-15,435.5242004394531,451.7999877929688,459.8999938964844,450.25,451.1000061035156,1315879
2019-11-18,435.5242004394531,451.7999877929688,455.9500122070313,445.2000122070313,452.0,1664570
2019-11-19,431.7164916992188,447.8500061035156,456.0,445.5499877929688,452.9500122070313,843871
2019-11-20,431.9092102050781,448.0499877929688,452.3999938964844,442.7999877929688,448.0,911015
2019-11-21,432.2467041015625,448.3999938964844,460.7999877929688,446.8500061035156,450.0,2749884
2019-11-22,426.9930114746094,442.9500122070313,453.9500122070313,441.2000122070313,451.0,1622778
2019-11-25,439.0909423828125,455.5,458.9500122070313,442.3500061035156,445.0,1799285
2019-11-26,436.6809997558594,453.0,464.6499938964844,451.3999938964844,457.75,1516097
2019-11-27,455.0929260253906,472.1000061035156,476.6000061035156,454.0,459.6000061035156,2602641
2019-11-28,470.2273254394531,487.7999877929688,490.0,470.25,473.3999938964844,3469572
2019-11-29,460.057373046875,477.25,485.9500122070313,470.3500061035156,484.0,1527483
2019-12-02,450.8996276855469,467.75,483.5,462.1000061035156,474.7000122070313,1811823
2019-12-03,438.94635009765625,455.3500061035156,467.9500122070313,451.5,462.5499877929688,897136
2019-12-04,435.283203125,451.5499877929688,454.7000122070313,444.25,454.7000122070313,1294687
2019-12-05,435.9098205566406,452.2000122070313,460.0,450.0,454.3500061035156,1093627
2019-12-06,428.1497497558594,444.1499938964844,454.75,438.1000061035156,452.0,1043581
2019-12-09,424.3421020507813,440.2000122070313,453.0,435.6000061035156,446.9500122070313,2205088
2019-12-10,420.3897705078125,436.1000061035156,443.6499938964844,433.5499877929688,442.9500122070313,1212047
2019-12-11,423.5227355957031,439.3500061035156,441.2000122070313,430.5,438.7999877929688,946769
2019-12-12,428.1015930175781,444.1000061035156,447.8999938964844,439.3999938964844,442.0499877929688,962777
2019-12-13,440.8260498046875,457.2999877929688,461.25,443.5,443.5,1858870
2019-12-16,432.873291015625,449.0499877929688,460.0,446.25,458.0,1094491
2019-12-17,435.1385803222656,451.3999938964844,456.8999938964844,447.5,449.0,1259701
2019-12-18,429.4993591308594,445.5499877929688,452.9500122070313,442.2999877929688,451.3999938964844,1153002
2019-12-19,440.0066833496094,456.4500122070313,463.7999877929688,445.2000122070313,447.0,3818286
2019-12-20,444.48919677734375,461.1000061035156,462.7000122070313,454.1000061035156,457.0,1398625
2019-12-23,449.79107666015625,466.6000061035156,471.9500122070313,459.3999938964844,462.0,2089293
2019-12-24,447.8149108886719,464.5499877929688,468.8999938964844,460.0,467.1000061035156,1169554
2019-12-26,443.3324279785156,459.8999938964844,468.9500122070313,457.0,465.8999938964844,1552187
2019-12-27,447.8630981445313,464.6000061035156,467.1000061035156,458.6000061035156,461.6499938964844,944750
2019-12-30,461.16595458984375,478.3999938964844,481.7000122070313,461.0499877929688,464.1000061035156,1541504
2019-12-31,451.5744323730469,468.4500122070313,481.8999938964844,463.0,481.3500061035156,2123698
2020-01-01,451.7190246582031,468.6000061035156,471.75,464.2999877929688,469.8999938964844,902225
2020-01-02,442.80224609375,459.3500061035156,469.6000061035156,456.0,467.8500061035156,1474570
2020-01-03,436.2953796386719,452.6000061035156,457.9500122070313,447.0,457.9500122070313,1890542
2020-01-06,430.9935302734375,447.1000061035156,451.8999938964844,440.25,450.0,1673703
2020-01-07,431.95751953125,448.1000061035156,454.3500061035156,443.0,450.0,1309468
2020-01-08,432.1021118164063,448.25,449.3999938964844,438.5,443.7999877929688,1186784
2020-01-09,445.6459045410156,462.2999877929688,463.7000122070313,450.6499938964844,450.6499938964844,1127745
2020-01-10,453.45416259765625,470.3999938964844,471.5,459.6499938964844,462.0499877929688,1177820
2020-01-13,451.6707763671875,468.5499877929688,471.6499938964844,464.1000061035156,471.0,1067092
2020-01-14,454.7073669433594,471.7000122070313,474.4500122070313,465.7000122070313,468.1000061035156,911176
2020-01-15,466.7570190429688,484.2000122070313,489.9500122070313,468.2000122070313,470.9500122070313,1222665
2020-01-16,470.7575073242188,488.3500061035156,493.3999938964844,484.5499877929688,488.0,1423802
2020-01-17,467.6246032714844,485.1000061035156,499.5,481.8500061035156,490.0,2613095
2020-01-20,453.3095703125,470.25,486.8999938964844,468.6499938964844,485.5,1227450
2020-01-21,444.7783508300781,461.3999938964844,470.3500061035156,458.75,467.8500061035156,1139830
2020-01-22,447.8149108886719,464.5499877929688,468.5,455.4500122070313,462.5,1201196
2020-01-23,447.6702880859375,464.3999938964844,469.5,459.5,464.1000061035156,1172659
2020-01-24,452.0082092285156,468.8999938964844,473.7999877929688,462.7000122070313,464.3999938964844,1446483
2020-01-27,448.3450622558594,465.1000061035156,476.8500061035156,462.8500061035156,468.8999938964844,1354540
2020-01-28,445.1157836914063,461.75,474.8999938964844,452.3999938964844,465.5,1440700
2020-01-29,452.9239501953125,469.8500061035156,471.5,461.7999877929688,464.0,989238
2020-01-30,452.5865478515625,469.5,475.7999877929688,463.6000061035156,468.25,1629705
2020-01-31,450.224853515625,467.0499877929688,473.3500061035156,465.0,471.0,843524
2020-02-03,454.3217468261719,471.2999877929688,473.7999877929688,454.6000061035156,457.0,1694927
2020-02-04,438.8499450683594,455.25,480.8500061035156,450.0,472.0,2614003
2020-02-05,446.3689270019531,463.0499877929688,483.0,456.1499938964844,456.1499938964844,4906286
2020-02-06,456.7798461914063,473.8500061035156,481.0,463.0,464.0,2689597
2020-02-07,449.4055480957031,466.2000122070313,479.9500122070313,464.75,476.2000122070313,1261340
2020-02-10,439.7657470703125,456.2000122070313,467.7999877929688,454.5,466.2000122070313,862786
2020-02-11,436.7635192871094,451.0,461.6499938964844,449.3999938964844,458.8999938964844,1022942
2020-02-12,433.90667724609375,448.0499877929688,455.2000122070313,444.3999938964844,454.7999877929688,899763
2020-02-13,430.7592468261719,444.7999877929688,451.5,441.6000061035156,450.8500061035156,895235
2020-02-14,425.3360595703125,439.2000122070313,447.5499877929688,437.1000061035156,444.7999877929688,814225
2020-02-17,416.8622741699219,430.4500122070313,440.5,428.1499938964844,436.0,1104464
2020-02-18,424.5613403320313,438.3999938964844,443.0,424.0,429.0,1737719
2020-02-19,426.7887573242188,440.7000122070313,446.7000122070313,434.5499877929688,442.9500122070313,1353692
2020-02-20,432.3572082519531,446.4500122070313,447.8999938964844,437.2999877929688,440.5,1211994
2020-02-24,424.7550048828125,438.6000061035156,448.4500122070313,436.25,446.3999938964844,1050427
2020-02-25,422.6244201660156,436.3999938964844,441.8999938964844,409.4500122070313,422.0,8613028
2020-02-26,421.5591430664063,435.2999877929688,437.7999877929688,423.5499877929688,424.7999877929688,1585956
2020-02-27,425.7234802246094,439.6000061035156,444.0,422.9500122070313,428.0,2638164
2020-02-28,421.9465942382813,435.7000122070313,441.0,418.8500061035156,421.0,2258696
2020-03-02,406.1126708984375,419.3500061035156,446.7000122070313,412.5499877929688,435.5499877929688,2266674
2020-03-03,408.82427978515625,422.1499938964844,430.0,408.5,422.0,1973306
2020-03-04,396.91253662109375,409.8500061035156,428.0,400.6000061035156,424.0,2691474
2020-03-05,400.8831176757813,413.9500122070313,417.6499938964844,406.2000122070313,413.7000122070313,1096006
2020-03-06,401.0284118652344,414.1000061035156,416.5,396.25,404.7000122070313,1049346
2020-03-09,387.08294677734375,399.7000122070313,407.75,388.3500061035156,402.1499938964844,1370754
2020-03-11,391.0534973144531,403.7999877929688,409.3999938964844,391.75,397.25,1745488
2020-03-12,375.9459228515625,388.2000122070313,395.9500122070313,366.0,387.9500122070313,1669093
2020-03-13,390.3756103515625,403.1000061035156,408.6499938964844,349.3999938964844,351.0,1617971
2020-03-16,368.63427734375,380.6499938964844,396.2999877929688,376.5499877929688,383.5,601755
2020-03-17,374.36907958984375,385.1499938964844,400.7999877929688,372.4500122070313,380.0,1202231
2020-03-18,353.1793212890625,363.3500061035156,391.3999938964844,352.6499938964844,387.5499877929688,1727058
2020-03-19,353.0335388183594,363.2000122070313,386.5499877929688,341.0,341.0,1936284
2020-03-20,369.16888427734375,379.7999877929688,383.5,354.0,365.1000061035156,1987327
2020-03-23,322.0750427246094,331.3500061035156,370.0,306.0,345.0,1619498
2020-03-24,329.89971923828125,339.3999938964844,354.75,310.5,310.5,2368738
2020-03-25,323.19287109375,332.5,347.8500061035156,325.1499938964844,330.0,2560659
2020-03-26,313.3269348144531,322.3500061035156,342.0,312.6000061035156,332.0,4672157
2020-03-27,295.4420166015625,303.95001220703125,333.0,298.0,328.0,3061148
2020-03-30,284.6040954589844,292.79998779296875,300.75,287.0,295.0,1633641
2020-03-31,289.2210998535156,297.54998779296875,302.8999938964844,287.04998779296875,297.0,1026802
2020-04-01,271.3362121582031,279.1499938964844,297.3999938964844,275.0,297.3500061035156,2763943
2020-04-03,245.86956787109372,252.9499969482422,277.95001220703125,251.5,275.04998779296875,3325462
2020-04-07,256.99908447265625,264.3999938964844,278.20001220703125,240.1000061035156,254.0,7046196
2020-04-08,277.8972473144531,285.8999938964844,288.0,261.0,261.1000061035156,6025235
2020-04-09,297.2402648925781,305.79998779296875,313.20001220703125,287.1000061035156,288.0,5330945
2020-04-13,281.6881103515625,289.79998779296875,307.0,287.1000061035156,307.0,2420206
2020-04-15,268.5659484863281,276.29998779296875,298.8999938964844,273.6000061035156,290.0,5152168
2020-04-16,268.46881103515625,276.20001220703125,280.0,265.20001220703125,267.1000061035156,6728570
2020-04-17,292.5259704589844,300.95001220703125,303.79998779296875,283.20001220703125,290.0,9091489
2020-04-20,298.94122314453125,307.54998779296875,321.95001220703125,303.04998779296875,321.95001220703125,7127300
2020-04-21,302.34326171875,311.04998779296875,314.0,293.29998779296875,303.1000061035156,3939565
2020-04-22,294.0812072753906,302.54998779296875,311.45001220703125,296.20001220703125,308.0,6813699
2020-04-23,290.4847717285156,298.8500061035156,306.8999938964844,297.75,303.0,2771134
2020-04-24,288.6865539550781,297.0,302.0,289.04998779296875,298.0,4163580
2020-04-27,290.92218017578125,299.29998779296875,305.3999938964844,295.25,298.3999938964844,2658365
2020-04-28,288.00616455078125,296.29998779296875,304.75,291.3500061035156,301.0,3994514
2020-04-29,299.2814025878906,307.8999938964844,311.0,292.1000061035156,300.8999938964844,4271122
2020-04-30,319.1590576171875,328.3500061035156,334.1000061035156,311.20001220703125,313.5,8219947
2020-05-04,301.7601013183594,310.45001220703125,312.79998779296875,304.1000061035156,307.0,2608605
2020-05-05,299.7188415527344,308.3500061035156,321.8999938964844,306.0,315.0,2536044
2020-05-06,314.3475646972656,323.3999938964844,330.0,301.54998779296875,303.0,5164142
2020-05-07,311.771728515625,320.75,328.8999938964844,316.29998779296875,321.0,3475639
2020-05-08,304.6761169433594,313.45001220703125,326.70001220703125,310.1000061035156,324.0,2425590
2020-05-11,324.4564819335937,333.79998779296875,341.3999938964844,315.0,319.29998779296875,6946543
2020-05-12,328.6846923828125,338.1499938964844,344.5,321.5,329.0,4095396
2020-05-13,335.2457580566406,344.8999938964844,360.0,342.04998779296875,348.8999938964844,4259118
2020-05-14,332.76715087890625,342.3500061035156,351.5,334.95001220703125,335.0,3315226
2020-05-15,326.69207763671875,336.1000061035156,346.0,333.6000061035156,343.54998779296875,2133151
2020-05-18,297.2402648925781,305.79998779296875,341.0,302.5,341.0,4232255
2020-05-19,294.8588256835937,303.3500061035156,313.8999938964844,301.04998779296875,311.0,3170929
2020-05-20,300.3506774902344,309.0,310.8999938964844,300.54998779296875,304.0,2697725
2020-05-21,306.9602966308594,315.79998779296875,326.95001220703125,312.04998779296875,312.04998779296875,5528405
2020-05-22,305.35650634765625,314.1499938964844,319.0,308.0,312.0,2202572
2020-05-26,313.4727783203125,322.5,324.79998779296875,310.29998779296875,316.95001220703125,3176276
2020-05-27,314.00738525390625,323.04998779296875,325.0,308.25,322.0,4252529
2020-05-28,323.77606201171875,333.1000061035156,337.3999938964844,323.04998779296875,325.0,4800567
2020-05-29,326.4976501464844,335.8999938964844,344.0,322.3500061035156,330.0,8202596
2020-06-01,342.14703369140625,352.0,354.8500061035156,341.04998779296875,342.0,4624929
2020-06-02,353.9083557128906,364.1000061035156,372.9500122070313,348.6000061035156,349.0,7608313
2020-06-03,345.5976257324219,355.54998779296875,372.5,352.75,371.1000061035156,2931428
2020-06-04,345.3060607910156,355.25,363.0,350.3500061035156,355.0,2252910
2020-06-05,349.0968933105469,359.1499938964844,362.8999938964844,353.6499938964844,359.8500061035156,2134564
2020-06-08,342.87603759765625,352.75,368.3500061035156,349.54998779296875,364.8500061035156,2262737
2020-06-09,341.41802978515625,351.25,357.1499938964844,347.1000061035156,354.5,2208068
2020-06-10,334.2251892089844,343.8500061035156,361.3500061035156,342.1499938964844,353.0,3234792
2020-06-11,322.9012451171875,332.20001220703125,348.70001220703125,329.3500061035156,345.0,3377816
2020-06-12,335.6831359863281,345.3500061035156,348.29998779296875,307.20001220703125,307.20001220703125,4669968
2020-06-15,334.5653686523437,344.20001220703125,350.5,336.5,340.3500061035156,2571638
2020-06-16,344.2367858886719,354.1499938964844,358.3999938964844,347.0,348.0,3865548
2020-06-17,349.3885192871094,359.45001220703125,361.0,348.8999938964844,352.0,3022861
2020-06-18,353.5680847167969,363.75,364.8999938964844,358.1499938964844,360.0,2226018
2020-06-19,358.62255859375,368.9500122070313,374.0,361.8500061035156,365.0,2520273
2020-06-22,372.18206787109375,382.8999938964844,387.0,367.1000061035156,367.1000061035156,2751254
2020-06-23,371.1128540039063,381.7999877929688,387.0,379.3500061035156,385.8999938964844,1973241
2020-06-24,369.9464721679688,380.6000061035156,390.9500122070313,378.7000122070313,387.6000061035156,2327148
2020-06-25,372.5708923339844,383.2999877929688,392.7999877929688,375.1000061035156,376.1000061035156,4289771
2020-06-26,370.967041015625,381.6499938964844,387.8999938964844,379.0499877929688,387.8999938964844,1593624
2020-06-29,367.7108459472656,378.2999877929688,383.6499938964844,374.0,380.8999938964844,1486836
2020-06-30,367.7594909667969,378.3500061035156,386.3500061035156,375.4500122070313,382.0,1360237
2020-07-01,373.10546875,383.8500061035156,386.5,377.1499938964844,378.5,1458024
2020-07-02,374.7092895507813,385.5,389.9500122070313,381.2000122070313,387.0,2343722
2020-07-03,384.4293518066406,395.5,397.7000122070313,385.0499877929688,387.2999877929688,3171494
2020-07-06,396.822509765625,408.25,412.2999877929688,397.5,399.9500122070313,3153490
2020-07-07,388.900634765625,400.1000061035156,411.1000061035156,397.5499877929688,410.0,2369235
2020-07-08,374.1747131347656,384.9500122070313,402.4500122070313,383.0,402.2999877929688,3319380
2020-07-09,378.791748046875,389.7000122070313,390.8500061035156,381.5,390.0,2337567
2020-07-10,374.9037170410156,385.7000122070313,397.7999877929688,383.7999877929688,388.8999938964844,2589115
2020-07-13,378.64593505859375,389.5499877929688,391.75,384.0499877929688,387.6000061035156,1218851
2020-07-14,371.7933044433594,382.5,389.1499938964844,377.0,383.0,1859411
2020-07-15,378.8403625488281,389.75,396.5499877929688,383.1000061035156,384.7999877929688,2249374
2020-07-16,380.5413513183594,391.5,394.7999877929688,382.25,394.7999877929688,1778220
2020-07-17,379.0347900390625,389.9500122070313,400.5,388.75,392.1499938964844,3084182
2020-07-20,387.6370239257813,398.7999877929688,399.8500061035156,387.25,388.3999938964844,1187494
2020-07-21,391.6708679199219,402.9500122070313,410.9500122070313,401.0,401.3999938964844,4863486
2020-07-22,386.713623046875,397.8500061035156,405.5,390.0,405.5,2266844
2020-07-23,394.3924865722656,405.75,408.6499938964844,395.8500061035156,398.75,2166455
2020-07-24,387.0052185058594,398.1499938964844,404.5499877929688,395.0,403.0,1473770
2020-07-27,385.984619140625,397.1000061035156,400.2000122070313,390.6000061035156,398.1499938964844,883920
2020-07-28,394.8784790039063,406.25,409.0,395.3999938964844,397.0,2396705
2020-07-29,391.6708679199219,402.9500122070313,414.5,397.4500122070313,406.0,2809274
2020-07-30,390.8932495117188,402.1499938964844,407.8999938964844,383.7000122070313,398.0,6070910
2020-07-31,376.6533508300781,387.5,405.9500122070313,385.0,404.6499938964844,2415056
2020-08-03,385.10980224609375,396.2000122070313,399.1499938964844,388.0499877929688,392.0,4124285
2020-08-04,387.7828369140625,398.9500122070313,404.2000122070313,391.75,397.3500061035156,2926555
2020-08-05,397.8917236328125,409.3500061035156,412.0,400.1499938964844,404.7999877929688,2215778
2020-08-06,407.1257934570313,418.8500061035156,422.0,403.4500122070313,415.0,3667202
2020-08-07,409.70166015625,421.5,429.8999938964844,415.1499938964844,419.0,5894342
2020-08-10,406.931396484375,418.6499938964844,426.9500122070313,415.2000122070313,425.0,2082987
2020-08-11,405.2303771972656,416.8999938964844,424.0,413.1499938964844,419.2000122070313,2206472
2020-08-12,405.9593811035156,417.6499938964844,422.7999877929688,409.0499877929688,416.7000122070313,3892666
2020-08-13,418.0609130859375,430.1000061035156,436.3999938964844,418.0,421.2999877929688,5840412
2020-08-14,406.3968200683594,418.1000061035156,434.3999938964844,415.6000061035156,432.0,2673256
2020-08-17,414.8532409667969,426.7999877929688,430.0,415.0499877929688,430.0,2228221
2020-08-18,421.2685241699219,433.3999938964844,435.9500122070313,423.7000122070313,426.5,2195998
2020-08-19,422.4834899902344,434.6499938964844,442.2000122070313,433.0,435.0,1802766
2020-08-20,437.4524536132813,450.0499877929688,452.9500122070313,427.5499877929688,431.5499877929688,3305777
2020-08-21,440.6114501953125,453.2999877929688,461.5,446.75,452.5499877929688,3250392
2020-08-24,436.2374572753906,448.7999877929688,456.0,447.1499938964844,456.0,2651957
2020-08-25,433.0783996582031,445.5499877929688,460.0499877929688,441.75,450.0,2428613
2020-08-26,454.4140625,467.5,477.0,458.2000122070313,469.4500122070313,15082269
2020-08-27,446.2977600097656,459.1499938964844,467.9500122070313,455.0,467.4500122070313,4260029
2020-08-28,437.1608581542969,449.75,463.0,448.3500061035156,459.0,2669472
2020-08-31,420.7339172363281,432.8500061035156,454.8999938964844,429.5,453.0,3073232
2020-09-01,428.0725708007813,440.3999938964844,442.5,428.0,437.4500122070313,2704221
2020-09-02,424.8649597167969,437.1000061035156,441.3999938964844,427.0,435.1000061035156,4147271
2020-09-03,423.1639404296875,435.3500061035156,445.5499877929688,433.7000122070313,441.5,2264579
2020-09-04,421.7545166015625,433.8999938964844,442.0,423.3999938964844,429.3500061035156,2765538
2020-09-07,428.0725708007813,440.3999938964844,441.5,431.0499877929688,434.8999938964844,2519913
2020-09-08,421.8517761230469,434.0,441.2999877929688,430.5499877929688,440.3999938964844,1759550
2020-09-09,425.8855590820313,438.1499938964844,442.0,425.6000061035156,430.0,2166228
2020-09-10,425.6425476074219,437.8999938964844,445.7000122070313,430.2000122070313,445.7000122070313,2276992
2020-09-11,431.8147888183594,444.25,446.9500122070313,435.0,435.0,2483654
2020-09-14,443.8191223144531,456.6000061035156,458.8999938964844,446.25,448.2000122070313,2660226
2020-09-15,442.7013549804688,455.4500122070313,460.0,447.6499938964844,458.0,1761274
2020-09-16,449.2137756347656,462.1499938964844,472.0,453.7999877929688,455.4500122070313,4488424
2020-09-17,444.2565002441406,457.0499877929688,465.6000061035156,454.2000122070313,460.0,1436996
2020-09-18,444.4994812011719,457.2999877929688,468.0,454.5,461.2000122070313,2203254
2020-09-21,440.8059387207031,453.5,459.75,446.2999877929688,457.2999877929688,2557312
2020-09-22,430.4540100097656,442.8500061035156,450.25,432.6000061035156,448.5,2365716
2020-09-23,430.0166320800781,442.3999938964844,450.0,434.0,449.0,2798035
2020-09-24,423.0667114257813,435.25,439.5499877929688,426.0,439.5499877929688,1872522
2020-09-25,434.439208984375,446.9500122070313,450.8999938964844,431.6000061035156,438.5,1880888
2020-09-28,458.2535095214844,471.4500122070313,474.25,450.9500122070313,452.0,3661492
2020-09-29,457.0870056152344,470.25,480.9500122070313,468.2000122070313,475.0,3186583
2020-09-30,455.1915893554688,468.2999877929688,479.3500061035156,464.8500061035156,468.3500061035156,3188567
2020-10-01,466.4669189453125,479.8999938964844,489.8999938964844,472.0,473.0,4887073
2020-10-05,460.294677734375,473.5499877929688,485.2000122070313,464.9500122070313,485.0,4368513
2020-10-06,458.3992614746094,471.6000061035156,482.9500122070313,469.7999877929688,476.0,2769253
2020-10-07,465.34912109375,478.75,482.7999877929688,467.0,470.5,2103051
2020-10-08,461.8984680175781,475.2000122070313,486.0,470.2999877929688,481.5499877929688,3911153
2020-10-09,458.3020324707031,471.5,479.1499938964844,467.6499938964844,474.9500122070313,1863792
2020-10-12,455.8720703125,469.0,478.5,462.75,474.5,1938913
2020-10-13,446.49212646484375,459.3500061035156,472.3999938964844,457.4500122070313,469.8999938964844,3433208
2020-10-14,448.6305541992188,461.5499877929688,465.0,454.0,462.0,2796831
2020-10-15,445.7631530761719,458.6000061035156,467.7999877929688,456.0499877929688,460.5,1757817
2020-10-16,450.282958984375,463.25,466.6000061035156,456.0499877929688,458.5,1468252
2020-10-19,442.11810302734375,454.8500061035156,467.8999938964844,450.9500122070313,466.0,1527861
2020-10-20,439.5422973632813,452.2000122070313,459.3999938964844,449.1499938964844,455.0,1835671
2020-10-21,433.613037109375,446.1000061035156,457.9500122070313,442.6000061035156,454.0,1483363
2020-10-22,430.0166320800781,442.3999938964844,452.6000061035156,438.0,445.8999938964844,2944292
2020-10-23,432.20355224609375,444.6499938964844,450.75,441.0499877929688,445.5,2775948
2020-10-26,417.6720581054688,429.7000122070313,448.9500122070313,425.6000061035156,448.9500122070313,3303472
2020-10-27,420.7339172363281,432.8500061035156,439.3999938964844,421.7999877929688,430.5,2575999
2020-10-28,415.2906494140625,427.25,439.3999938964844,425.0,430.1000061035156,1920024
2020-10-29,410.5278015136719,422.3500061035156,428.0,421.1499938964844,424.6000061035156,1353650
2020-10-30,442.7499084472656,455.5,464.5499877929688,425.0,425.0,22255239
2020-11-02,445.5687561035156,458.3999938964844,462.0,447.0,459.5,3838425
2020-11-03,452.6643676757813,465.7000122070313,470.7999877929688,452.5499877929688,456.8999938964844,2871768
2020-11-04,457.7674560546875,470.9500122070313,473.0,463.0,466.9500122070313,1942382
2020-11-05,463.1134948730469,476.4500122070313,479.8999938964844,468.3500061035156,473.8999938964844,1983243
2020-11-06,466.4183044433594,479.8500061035156,481.75,472.1000061035156,476.6000061035156,1130841
2020-11-09,465.5434875488281,478.9500122070313,483.0,475.1000061035156,480.5,1081709
2020-11-10,465.44635009765625,478.8500061035156,482.75,474.6000061035156,479.5,1101526
2020-11-11,464.0855102539063,477.4500122070313,490.7999877929688,473.6000061035156,478.8500061035156,3449743
2020-11-12,468.313720703125,481.7999877929688,483.8999938964844,473.7999877929688,477.3999938964844,2209189
2020-11-13,464.4256896972656,477.7999877929688,485.0,476.2999877929688,482.3999938964844,2090223
2020-11-14,465.44635009765625,478.8500061035156,482.7999877929688,477.0,481.0,218944
2020-11-17,461.9956359863281,475.2999877929688,481.4500122070313,469.2999877929688,479.5,1778137
2020-11-18,466.1267395019531,479.5499877929688,485.7000122070313,471.4500122070313,472.3500061035156,3313169
2020-11-19,461.80126953125,475.1000061035156,490.0,472.2999877929688,478.0,3076393
2020-11-20,465.0575256347656,478.4500122070313,481.6499938964844,469.6499938964844,477.8999938964844,2018666
2020-11-23,463.4050598144531,476.75,479.0499877929688,471.2999877929688,478.1000061035156,1686145
2020-11-24,458.3020324707031,471.5,477.8999938964844,467.75,475.7999877929688,2305050
2020-11-25,461.8498840332031,475.1499938964844,479.0,468.6000061035156,474.2999877929688,2734379
2020-11-26,461.3638916015625,474.6499938964844,478.6499938964844,472.6000061035156,476.5,2110962
2020-11-27,485.6640930175781,499.6499938964844,504.7999877929688,475.0,475.1000061035156,7543390
2020-12-01,486.344482421875,500.3500061035156,506.7999877929688,492.5499877929688,502.0,3381249
2020-12-02,474.6803894042969,488.3500061035156,508.8999938964844,485.1499938964844,505.0,4884416
2020-12-03,484.2060546875,498.1499938964844,501.5499877929688,487.5,491.8999938964844,2282894
2020-12-04,484.1574401855469,498.1000061035156,503.75,492.6499938964844,499.0499877929688,1655404
2020-12-07,496.5505981445313,510.8500061035156,517.2999877929688,497.0,501.0,4592922
2020-12-08,493.6345520019531,507.8500061035156,519.5,505.8500061035156,510.2000122070313,2930920
2020-12-09,484.0602722167969,498.0,514.0,496.5499877929688,512.7000122070312,3009637
2020-12-10,484.1574401855469,498.1000061035156,502.5499877929688,493.0,497.0,1881353
2020-12-11,470.6465759277344,484.2000122070313,513.3499755859375,478.6000061035156,505.5,8424113
2020-12-14,474.0,487.6499938964844,489.8999938964844,477.5,489.7999877929688,2539870
2020-12-15,470.4521484375,484.0,492.5,482.1000061035156,487.8500061035156,1957171
2020-12-16,480.4638671875,494.2999877929688,495.3500061035156,485.0499877929688,488.0,1927424
2020-12-17,476.3327941894531,490.0499877929688,500.0499877929688,487.2000122070313,495.9500122070313,2845803
2020-12-18,475.409423828125,489.1000061035156,494.75,482.7999877929688,490.0499877929688,1773848
2020-12-21,451.8868103027344,464.8999938964844,489.0,453.3999938964844,489.0,2474224
2020-12-22,451.8868103027344,464.8999938964844,471.6499938964844,445.5,462.0,1771722
2020-12-23,469.9661865234375,483.5,486.2999877929688,460.0,465.0,1817407
2020-12-24,466.3211364746094,479.75,495.0,477.6000061035156,486.6000061035156,1694333
2020-12-28,469.5773315429688,483.1000061035156,488.5,479.75,483.7000122070313,1113366
2020-12-29,473.1251525878906,486.75,492.1000061035156,482.2999877929688,490.1499938964844,2399446
2020-12-30,472.8821716308594,486.5,489.4500122070313,480.0,489.4500122070313,831686
2020-12-31,471.4241943359375,485.0,494.0,483.5499877929688,486.5,2661140
2021-01-01,477.0132141113281,490.75,492.0,486.0,486.0,816315
2021-01-04,481.5816345214844,495.4500122070313,499.3500061035156,487.5499877929688,497.5,2066399
2021-01-05,477.9366455078125,491.7000122070313,496.75,488.0499877929688,492.6000061035156,962886
2021-01-06,474.4859924316406,488.1499938964844,495.2000122070313,481.7999877929688,492.2000122070313,1049245
2021-01-07,485.3238525390625,499.2999877929688,506.3999938964844,489.8999938964844,493.5,4298543
2021-01-08,498.9805908203125,513.3499755859375,517.0,500.2000122070313,506.3999938964844,3684918
2021-01-11,507.04827880859375,521.6500244140625,527.4000244140625,508.0,513.9000244140625,4116819
2021-01-12,504.22943115234375,518.75,533.8499755859375,516.5,520.9500122070312,4967838
2021-01-13,497.0365905761719,511.3500061035156,526.5499877929688,507.0,518.0,2964843
2021-01-14,498.640380859375,513.0,519.3499755859375,504.0,515.0,1989436
2021-01-15,493.0999145507813,507.2999877929688,515.25,498.2999877929688,512.9000244140625,1219504
2021-01-18,485.7127380371094,499.7000122070313,506.7999877929688,488.6000061035156,506.7999877929688,2431492
2021-01-19,498.4460144042969,512.7999877929688,515.0,500.0,502.0,2052245
2021-01-20,495.0925903320313,509.3500061035156,521.9000244140625,507.0,515.4500122070312,3038458
2021-01-21,495.3355712890625,509.6000061035156,517.9500122070312,504.7999877929688,513.9500122070312,1652594
2021-01-22,507.3398742675781,521.9500122070312,535.0,512.0499877929688,514.0,9749796
2021-01-25,527.5576782226562,542.75,548.0499877929688,519.3499755859375,532.9500122070312,9581971
2021-01-27,516.6226196289062,531.5,555.5499877929688,526.7999877929688,543.0,9576082
2021-01-28,514.2897338867188,529.0999755859375,534.6500244140625,521.0999755859375,523.9000244140625,3502868
2021-01-29,545.0052490234375,560.7000122070312,589.75,552.0999755859375,552.5,33901681
2021-02-01,561.0433349609375,577.2000122070312,586.9500122070312,552.8499755859375,560.6500244140625,6530121
2021-02-02,603.5202026367188,620.9000244140625,626.4000244140625,582.75,582.75,13069121
2021-02-03,626.7996826171875,644.8499755859375,649.8499755859375,612.5999755859375,628.75,6701068
2021-02-04,636.7466430664062,652.9500122070312,658.0,637.2999877929688,644.0,5611431
2021-02-05,612.7083129882812,628.2999877929688,653.9500122070312,622.2000122070312,652.5,3608600
2021-02-08,624.7518920898438,640.6500244140625,644.7000122070312,629.0999755859375,629.0999755859375,2309238
2021-02-09,633.96728515625,650.0999755859375,659.9000244140625,641.5999755859375,642.0499877929688,4238824
2021-02-10,636.600341796875,652.7999877929688,656.5499877929688,638.5499877929688,649.9500122070312,2337229
2021-02-11,622.9964599609375,638.8499755859375,655.9500122070312,636.5999755859375,646.9000244140625,1448318
2021-02-12,620.6561279296875,636.4500122070312,649.5999755859375,632.7000122070312,636.0,2704746
2021-02-15,615.048828125,630.7000122070312,642.5499877929688,628.3499755859375,641.0,1622219
2021-02-16,613.2445678710938,628.8499755859375,642.0,623.2000122070312,633.0,1943169
2021-02-17,603.3464965820312,618.7000122070312,631.5499877929688,615.75,628.9000244140625,1891118
2021-02-18,596.7640380859375,611.9500122070312,626.0,610.0,626.0,1585892
2021-02-19,591.20556640625,606.25,618.2999877929688,598.7000122070312,611.9500122070312,2299305
2021-02-22,573.018310546875,587.5999755859375,609.7999877929688,580.5,609.7999877929688,2439920
2021-02-23,582.2337646484375,597.0499877929688,601.0,584.2999877929688,585.0,2343076
2021-02-24,585.0618286132812,599.9500122070312,605.0,585.0,603.3499755859375,1181173
2021-02-25,581.3073120117188,596.0999755859375,609.7000122070312,592.8499755859375,602.0,2113293
2021-02-26,579.9909057617188,594.75,598.0,587.5499877929688,590.4000244140625,2088159
2021-03-01,601.2498168945312,616.5499877929688,620.8499755859375,595.5999755859375,610.0,5284375
2021-03-02,616.7064819335938,632.4000244140625,634.9000244140625,609.0,620.0,2775784
2021-03-03,611.14794921875,626.7000122070312,635.7000122070312,623.0,632.6500244140625,2198525
2021-03-04,602.9564819335938,618.2999877929688,634.5999755859375,615.9000244140625,621.75,1548477
2021-03-05,603.5902709960938,618.9500122070312,628.5999755859375,612.7000122070312,613.0,2112801
2021-03-08,586.4758911132812,601.4000244140625,626.2000122070312,599.25,620.7999877929688,3408853
2021-03-09,582.9651489257812,597.7999877929688,610.0,595.0,607.0,1766755
2021-03-10,588.182373046875,603.1500244140625,617.6500244140625,599.5999755859375,602.5499877929688,2342196
2021-03-12,569.70263671875,584.2000122070312,609.0,580.5,609.0,1975870
2021-03-15,577.650390625,592.3499755859375,594.0,581.0,587.5999755859375,1440746
2021-03-16,579.552001953125,594.2999877929688,598.5,587.0,596.0,1378743
2021-03-17,563.3639526367188,577.7000122070312,594.0,573.3499755859375,594.0,1292779
2021-03-18,556.8302001953125,571.0,586.9500122070312,565.0,582.0,1285083
2021-03-19,569.5563354492188,584.0499877929688,590.0999755859375,561.4500122070312,563.0,2357434
2021-03-22,565.8019409179688,580.2000122070312,590.4000244140625,576.0,585.7999877929688,1537729
2021-03-23,564.6804809570312,579.0499877929688,586.3499755859375,575.25,580.0,1240534
2021-03-24,552.636962890625,566.7000122070312,579.8499755859375,562.0999755859375,576.4000244140625,1340156
2021-03-25,544.3966674804688,558.25,569.7000122070312,541.1500244140625,569.7000122070312,1982891
2021-03-26,556.4889526367188,570.6500244140625,573.5999755859375,559.0499877929688,562.0999755859375,801258
2021-03-30,562.3056030273438,575.2000122070312,581.8499755859375,563.7000122070312,578.0,2100267
2021-03-31,571.9346923828125,585.0499877929688,589.0,572.0999755859375,578.7000122070312,1575132
2021-04-01,575.99169921875,589.2000122070312,593.0,582.25,592.7999877929688,1284339
2021-04-05,571.1526489257812,584.25,593.0499877929688,568.5,590.5999755859375,1782479
2021-04-06,558.004150390625,570.7999877929688,590.5,568.0,589.0,1462689
2021-04-07,556.4400024414062,569.2000122070312,579.0,567.0499877929688,572.0499877929688,1971063
2021-04-08,551.454345703125,564.0999755859375,574.4500122070312,562.1500244140625,574.4500122070312,1133942
2021-04-09,555.2670288085938,568.0,571.25,557.5,561.25,1638045
2021-04-12,526.8192749023438,538.9000244140625,559.7999877929688,532.7000122070312,559.7999877929688,1066608
2021-04-13,535.6664428710938,547.9500122070312,549.7999877929688,533.7999877929688,541.0,1372141
2021-04-15,530.4364013671875,542.5999755859375,552.25,532.1500244140625,546.2000122070312,980528
2021-04-16,538.6968994140625,551.0499877929688,559.4000244140625,537.0,540.0,1867109
2021-04-19,527.1126098632812,539.2000122070312,542.2000122070312,527.7999877929688,542.2000122070312,1029456
2021-04-20,524.9130859375,536.9500122070312,547.5499877929688,532.7999877929688,544.0,1292480
2021-04-22,521.8824462890625,533.8499755859375,536.3499755859375,523.6500244140625,528.1500244140625,1465204
2021-04-23,520.8560180664062,532.7999877929688,538.0,528.0,533.0,1411440
2021-04-26,540.3099975585938,552.7000122070312,555.0999755859375,530.25,533.0,2031184
2021-04-27,553.60498046875,566.2999877929688,571.5499877929688,546.2999877929688,552.0,2743217
2021-04-28,631.3228759765625,645.7999877929688,664.0,597.0,605.0,39663387
2021-04-29,619.54296875,633.75,652.25,631.0,652.0,7575455
2021-04-30,616.7568969726562,630.9000244140625,640.0,622.0499877929688,628.0,3096434
2021-05-03,602.2886352539062,616.0999755859375,637.3499755859375,613.7000122070312,618.0,3974544
2021-05-04,594.8590698242188,608.5,623.25,606.8499755859375,623.25,2206509
2021-05-05,590.3133544921875,603.8499755859375,617.7999877929688,602.5999755859375,610.0,1664630
2021-05-06,611.8201293945312,625.8499755859375,630.2999877929688,604.0,604.4500122070312,4754587
2021-05-07,604.2926635742188,618.1500244140625,632.0,613.4000244140625,632.0,1724619
2021-05-10,597.8406982421875,611.5499877929688,624.6500244140625,610.0499877929688,624.0,1429005
2021-05-11,610.304931640625,624.2999877929688,629.7000122070312,605.5,610.9500122070312,2354770
2021-05-12,600.4313354492188,614.2000122070312,629.2999877929688,611.0,629.2999877929688,1330572
2021-05-14,589.09130859375,602.5999755859375,619.9000244140625,600.0,618.0,850697
2021-05-17,606.0523071289062,619.9500122070312,631.2000122070312,595.0,608.0,3724394
2021-05-18,626.0928344726562,640.4500122070312,645.0,617.7999877929688,622.5,4020797
2021-05-19,623.404541015625,637.7000122070312,650.0,633.2000122070312,638.0,2664926
2021-05-20,613.8241577148438,627.9000244140625,644.9000244140625,626.2999877929688,634.9000244140625,1230302
2021-05-21,610.9891967773438,625.0,635.7999877929688,623.4500122070312,629.9500122070312,1073140
2021-05-24,607.1276245117188,621.0499877929688,636.9000244140625,618.75,628.4500122070312,1806155
2021-05-25,619.6896362304688,633.9000244140625,642.0,624.0499877929688,628.4500122070312,3680651
2021-05-26,636.8462524414062,651.4500122070312,660.0499877929688,630.9000244140625,638.0,4272201
2021-05-27,635.7708129882812,650.3499755859375,666.0,644.9000244140625,655.0,4517344
2021-05-28,605.8079833984375,619.7000122070312,655.0999755859375,614.5,650.0,4857631
2021-05-31,601.4088745117188,615.2000122070312,629.0,613.4500122070312,624.0999755859375,2432413
2021-06-01,598.9649047851562,612.7000122070312,627.9500122070312,610.25,619.4500122070312,2654612
2021-06-02,602.8262939453125,616.6500244140625,619.5,607.2999877929688,609.9500122070312,1687313
2021-06-03,610.8914184570312,624.9000244140625,628.0,615.0999755859375,619.0,2252658
2021-06-04,609.4249877929688,623.4000244140625,630.8499755859375,620.2000122070312,625.0,2035626
2021-06-07,634.255615234375,648.7999877929688,662.8499755859375,630.5999755859375,645.0,6743832
2021-06-08,632.59375,647.0999755859375,652.4500122070312,636.6500244140625,648.7999877929688,1390321
2021-06-09,620.2761840820312,634.5,651.0,628.5,648.0,2266356
2021-06-10,623.551025390625,637.8499755859375,641.9000244140625,633.0,637.3499755859375,802033
2021-06-11,622.2314453125,636.5,644.0,632.1500244140625,644.0,726583
2021-06-14,615.29052734375,629.4000244140625,638.9000244140625,616.5,635.7999877929688,1098798
2021-06-15,615.3883056640625,629.5,635.0,626.75,630.9000244140625,998942
2021-06-16,608.3984985351562,622.3499755859375,632.7000122070312,620.2000122070312,628.5,768101
2021-06-17,597.0097045898438,610.7000122070312,622.3499755859375,605.4500122070312,619.9000244140625,1120821
2021-06-18,596.7164916992188,610.4000244140625,615.0,592.9000244140625,614.9000244140625,2217548
2021-06-21,602.924072265625,616.75,623.8499755859375,603.0,608.0,1519504
2021-06-22,603.8038940429688,617.6500244140625,628.1500244140625,615.2000122070312,622.4500122070312,1713686
2021-06-23,605.6613159179688,619.5499877929688,628.0,617.4500122070312,622.7999877929688,1351230
2021-06-24,600.8712158203125,614.6500244140625,621.8499755859375,610.4500122070312,620.0,999657
2021-06-25,608.3984985351562,622.3499755859375,626.8499755859375,615.0,615.0,814313
2021-06-28,607.6165161132812,621.5499877929688,630.75,619.0,626.4500122070312,684351
2021-06-29,598.5738525390625,612.2999877929688,624.6500244140625,611.0,623.9000244140625,560987
2021-06-30,606.5900268554688,620.5,622.2999877929688,612.5499877929688,617.5,1514826
2021-07-01,610.304931640625,624.2999877929688,637.0,620.9000244140625,625.0,3533434
2021-07-02,598.2805786132812,612.0,628.75,608.2000122070312,625.4500122070312,2301039
2021-07-05,597.6452026367188,611.3499755859375,617.9000244140625,609.0999755859375,617.9000244140625,1711592
2021-07-06,594.6146850585938,608.25,619.0,607.0,612.0,1106888
2021-07-07,590.8020629882812,604.3499755859375,612.0,601.6500244140625,612.0,1209816
2021-07-08,585.4743041992188,598.9000244140625,611.2000122070312,596.0,603.0,1249216
2021-07-09,586.2564086914062,599.7000122070312,601.9000244140625,593.25,601.75,1568512
2021-07-12,587.18505859375,600.6500244140625,607.9000244140625,598.7000122070312,602.9500122070312,1347493
2021-07-13,596.3253784179688,610.0,611.0,599.6500244140625,604.5999755859375,2005083
2021-07-14,599.35595703125,613.0999755859375,613.9500122070312,606.0,612.0,1252814
2021-07-15,595.6411743164062,609.2999877929688,616.9500122070312,606.5,616.9500122070312,1115932
2021-07-16,597.9384765625,611.6500244140625,615.4000244140625,607.2999877929688,611.4500122070312,1218379
2021-07-19,587.9182739257812,601.4000244140625,609.7999877929688,593.0,609.7999877929688,2316952
2021-07-20,569.9795532226562,583.0499877929688,603.5,581.9000244140625,603.5,1729971
2021-07-22,568.268798828125,581.2999877929688,589.0499877929688,577.7000122070312,582.0,2264989
2021-07-23,569.2952880859375,582.3499755859375,584.75,574.5,583.5,1447539
2021-07-26,571.7391967773438,584.8499755859375,588.5,581.2999877929688,585.5999755859375,729372
2021-07-27,568.0244140625,581.0499877929688,595.9000244140625,579.6500244140625,586.0,1280032
2021-07-28,562.7454223632812,575.6500244140625,584.0,572.0,584.0,1004507
2021-07-29,549.2547607421875,561.8499755859375,581.5,558.2999877929688,577.5499877929688,2236686
2021-07-30,566.3135986328125,579.2999877929688,605.0,564.0499877929688,564.0499877929688,9883338
2021-08-02,559.372802734375,572.2000122070312,586.8499755859375,570.2000122070312,585.0,2139088
2021-08-03,558.9817504882812,571.7999877929688,574.0,566.2999877929688,574.0,1797756
2021-08-04,555.9512329101562,568.7000122070312,579.9000244140625,566.5999755859375,575.0,1226478
2021-08-05,554.8270263671875,567.5499877929688,572.25,564.0,572.2000122070312,489849
2021-08-06,557.1732177734375,569.9500122070312,578.9000244140625,567.7000122070312,569.5499877929688,1609275
2021-08-09,553.1651000976562,565.8499755859375,575.2000122070312,562.25,571.0,675406
2021-08-10,543.3404541015625,555.7999877929688,571.0,551.5,567.0,1311127
2021-08-11,548.2771606445312,560.8499755859375,562.5,544.0499877929688,557.5999755859375,1737537
2021-08-12,539.6256713867188,552.0,565.3499755859375,551.0999755859375,561.0,1066784
2021-08-13,540.9453125,553.3499755859375,556.9000244140625,547.5,554.0,1898186
2021-08-16,526.1838989257812,538.25,552.8499755859375,503.5,547.5,3196518
2021-08-17,517.9232177734375,529.7999877929688,541.7000122070312,523.5999755859375,540.25,1687108
2021-08-18,513.2308959960938,525.0,530.1500244140625,521.0,529.0,2265646
2021-08-20,499.0559387207031,510.5,524.5,509.0,523.0,1591038
2021-08-23,490.0621948242188,501.2999877929688,515.25,500.0,514.2000122070312,1343003
2021-08-24,496.660888671875,508.0499877929688,510.1499938964844,495.0,503.0,1716068
2021-08-25,507.6098327636719,519.25,524.3499755859375,508.0499877929688,508.0499877929688,2806811
2021-08-26,497.7851257324219,509.2000122070313,522.75,506.5,521.2000122070312,1187899
2021-08-27,499.64251708984375,511.1000061035156,513.5,506.3999938964844,510.6000061035156,1162494
2021-08-30,508.1474609375,519.7999877929688,523.25,505.0499877929688,513.0,1986619
2021-08-31,513.3775024414062,525.1500244140625,537.0,518.2000122070312,537.0,4309112
2021-09-01,517.9721069335938,529.8499755859375,533.9000244140625,523.0999755859375,529.0,1619926
2021-09-02,518.2655029296875,530.1500244140625,533.7999877929688,525.25,533.0,1142560
2021-09-03,528.2857055664062,540.4000244140625,545.75,529.5,530.7999877929688,2265705
2021-09-06,534.2000732421875,546.4500122070312,549.8499755859375,539.5499877929688,545.5999755859375,1460001
2021-09-07,541.3853759765625,553.7999877929688,558.2000122070312,541.5999755859375,548.0,1930617
2021-09-08,534.3466796875,546.5999755859375,559.0,544.0,559.0,1941273
2021-09-09,532.5381469726562,544.75,548.0999755859375,538.5999755859375,544.7999877929688,1421480
2021-09-13,533.4180297851562,545.6500244140625,546.7000122070312,538.5999755859375,538.5999755859375,773914
2021-09-14,537.62158203125,549.9500122070312,550.9000244140625,544.2999877929688,546.5,1274163
2021-09-15,536.0574340820312,548.3499755859375,554.75,545.2999877929688,550.0,866324
2021-09-16,532.4892578125,544.7000122070312,554.0,543.7000122070312,550.0,1160127
2021-09-17,534.8355102539062,547.0999755859375,560.9500122070312,541.5,549.0,3038827
2021-09-20,533.173583984375,545.4000244140625,549.75,535.1500244140625,544.7999877929688,1363420
2021-09-21,521.1981811523438,533.1500244140625,547.6500244140625,520.0,545.4000244140625,2119176
2021-09-22,527.992431640625,540.0999755859375,541.0,531.0,535.0999755859375,789554
2021-09-23,527.6013793945312,539.7000122070312,544.9000244140625,537.4000244140625,543.0,1058373
2021-09-24,525.1574096679688,537.2000122070312,543.5499877929688,533.0499877929688,541.7000122070312,1374432
2021-09-27,542.7538452148438,555.2000122070312,557.0,538.0,539.5,2327317
2021-09-28,543.1449584960938,555.5999755859375,561.9500122070312,544.0499877929688,560.0499877929688,1555165
2021-09-29,538.4036254882812,550.75,557.3499755859375,543.0499877929688,550.2000122070312,966528
2021-09-30,537.1327514648438,549.4500122070312,558.75,548.2000122070312,550.0,1339499
2021-10-01,551.3078002929688,563.9500122070312,569.75,544.9500122070312,550.9000244140625,3518568
2021-10-04,547.93505859375,560.5,575.0,557.7000122070312,574.0,2842764
2021-10-05,549.4014282226562,562.0,569.0,554.3499755859375,559.0,1910687
2021-10-06,531.8049926757812,544.0,566.0,540.0499877929688,565.5,2025110
2021-10-07,545.2467041015625,557.75,563.2000122070312,544.2000122070312,547.7999877929688,2873448
2021-10-08,547.2018432617188,559.75,568.75,555.0499877929688,568.0,1781059
2021-10-11,546.517578125,559.0499877929688,566.9000244140625,556.4000244140625,561.0,1680108
2021-10-12,560.9857788085938,573.8499755859375,580.0,558.5499877929688,559.0,4445077
2021-10-13,564.2607421875,577.2000122070312,586.5999755859375,574.0,579.0499877929688,1587573
2021-10-14,570.7127685546875,583.7999877929688,588.7000122070312,571.0499877929688,579.0499877929688,2413386
2021-10-18,572.7657470703125,585.9000244140625,590.9000244140625,573.9000244140625,583.7999877929688,2022170
2021-10-19,570.175048828125,583.25,598.7999877929688,577.2000122070312,592.0,2398150
2021-10-20,566.3135986328125,579.2999877929688,590.7999877929688,570.8499755859375,581.0,1094973
2021-10-21,564.1140747070312,577.0499877929688,588.25,566.0,582.9000244140625,1429062
2021-10-22,605.90576171875,619.7999877929688,632.8499755859375,598.9500122070312,614.0,18455677
2021-10-25,586.0608520507812,599.5,620.0,592.0499877929688,619.0,2875675
2021-10-26,611.8689575195312,625.9000244140625,629.3499755859375,600.0,603.7999877929688,2525727
2021-10-27,611.8201293945312,625.8499755859375,628.7999877929688,620.7000122070312,627.7999877929688,1380261
2021-10-28,637.3350830078125,651.9500122070312,656.5,622.2999877929688,624.7999877929688,7408494
2021-10-29,647.6973266601562,662.5499877929688,681.7000122070312,638.25,653.0,6069828
2021-11-01,656.251220703125,671.2999877929688,678.7000122070312,655.0999755859375,662.5499877929688,3395775
2021-11-02,682.3527221679688,698.0,706.7999877929688,677.0,677.0499877929688,6921074
2021-11-03,690.7109985351562,706.5499877929688,715.0,695.9500122070312,700.0,3662182
2021-11-04,692.8616943359375,708.75,713.9000244140625,705.0,712.0,273871
2021-11-08,696.2832641601562,712.25,719.5,705.5999755859375,709.0,1531643
2021-11-09,715.0528564453125,731.4500122070312,813.9500122070312,726.7000122070312,755.0,25844281
2021-11-10,736.6085205078125,753.5,756.8499755859375,721.6500244140625,731.4500122070312,3682913
2021-11-11,730.3031616210938,747.0499877929688,765.7999877929688,743.0499877929688,751.0,3344306
2021-11-12,712.7066650390625,729.0499877929688,752.0,718.7999877929688,752.0,4094224
2021-11-15,719.6474609375,736.1500244140625,744.0,730.8499755859375,732.5,2138789
2021-11-16,721.5537719726562,738.0999755859375,750.75,733.4000244140625,740.0,2419607
2021-11-17,723.1178588867188,739.7000122070312,749.25,736.25,738.0,1754996
2021-11-18,707.6231689453125,723.8499755859375,742.0,719.5,741.0,1834193
2021-11-22,693.9369506835938,709.8499755859375,731.25,705.0,723.8499755859375,1714646
2021-11-23,696.77197265625,712.75,720.0,696.1500244140625,696.1500244140625,1642526
2021-11-24,686.40966796875,702.1500244140625,733.7000122070312,700.2999877929688,733.7000122070312,2966210
2021-11-25,685.7742309570312,701.5,713.0,699.3499755859375,702.0,2020161
2021-11-26,661.6279907226562,676.7999877929688,699.9000244140625,675.0,699.7999877929688,1323904
2021-11-29,668.9597778320312,684.2999877929688,694.5499877929688,654.0,674.2999877929688,1687675
2021-11-30,671.1105346679688,686.5,694.75,674.1500244140625,685.0,6521283
2021-12-01,662.9965209960938,678.2000122070312,698.0,675.5,689.7999877929688,1802639
2021-12-02,665.0006713867188,680.25,683.0,669.25,676.0,1032008
2021-12-03,657.2288208007812,672.2999877929688,685.7000122070312,669.7000122070312,678.0,784522
2021-12-06,646.3287963867188,661.1500244140625,673.5999755859375,658.5499877929688,671.5,1068384
2021-12-07,651.314453125,666.25,677.0,663.25,663.25,644440
2021-12-08,667.2490234375,682.5499877929688,684.5499877929688,663.7000122070312,674.4500122070312,879154
2021-12-09,669.3020629882812,684.6500244140625,685.9500122070312,674.0,685.0,871861
2021-12-10,666.955810546875,682.25,691.0,678.5499877929688,685.0,1066005
2021-12-13,660.1615600585938,675.2999877929688,691.9000244140625,673.0999755859375,684.0,780239
2021-12-14,645.3511962890625,660.1500244140625,676.6500244140625,657.7999877929688,676.6500244140625,1294853
2021-12-15,658.6951904296875,673.7999877929688,708.7999877929688,662.9000244140625,663.0,14240307
2021-12-16,622.3291015625,636.5999755859375,678.5,633.0499877929688,678.5,6951407
2021-12-17,601.7509765625,615.5499877929688,635.0499877929688,610.0,634.0,3261223
2021-12-20,593.4904174804688,607.0999755859375,614.0,590.0,605.0,2559927
2021-12-21,600.9200439453125,614.7000122070312,619.2999877929688,607.0999755859375,608.5,1412370
2021-12-22,603.4129028320312,617.25,624.7000122070312,613.5499877929688,619.0999755859375,1160140
2021-12-23,606.443359375,620.3499755859375,623.3499755859375,616.5999755859375,623.0,504198
2021-12-24,596.814208984375,610.5,622.7999877929688,606.0,622.5499877929688,1040322
2021-12-27,592.072998046875,605.6500244140625,607.7999877929688,600.0,607.7999877929688,868742
2021-12-28,596.9119262695312,610.5999755859375,614.7000122070312,606.6500244140625,608.0,713046
2021-12-29,609.2783813476562,623.25,624.6500244140625,602.8499755859375,610.0,1165031
2021-12-30,601.8976440429688,615.7000122070312,626.0,612.75,625.0,756389
2021-12-31,612.9443359375,627.0,630.5,615.7000122070312,615.7000122070312,728420
2022-01-03,615.1439208984375,629.25,632.9500122070312,616.2999877929688,625.0,1188070
2022-01-04,616.3169555664062,630.4500122070312,635.5499877929688,626.5,631.0,574936
2022-01-05,624.3821411132812,638.7000122070312,644.2000122070312,629.4000244140625,632.7999877929688,1056096
2022-01-06,634.353515625,648.9000244140625,650.0,630.0,635.0,1042775
2022-01-07,626.6793823242188,641.0499877929688,654.0,637.25,650.8499755859375,715951
2022-01-10,635.233154296875,649.7999877929688,653.0,642.5,645.0,771849
2022-01-11,628.29248046875,642.7000122070312,652.7999877929688,641.1500244140625,647.0,389969
2022-01-12,640.12109375,654.7999877929688,658.1500244140625,642.5,645.0,810304
2022-01-13,645.6444702148438,660.4500122070312,663.0499877929688,643.0,657.4500122070312,1892618
2022-01-14,643.9826049804688,658.75,664.1500244140625,652.7000122070312,658.9500122070312,697133
2022-01-17,642.7117919921875,657.4500122070312,670.5999755859375,653.4000244140625,657.0,1356881
2022-01-18,628.78125,643.2000122070312,660.7000122070312,640.2000122070312,660.0,900906
2022-01-19,628.39013671875,642.7999877929688,648.9500122070312,631.0499877929688,640.0,519529
2022-01-20,621.8892211914062,636.1500244140625,647.6500244140625,629.6500244140625,639.0,545287
2022-01-21,616.9523315429688,631.0999755859375,652.0,627.2999877929688,630.0499877929688,3144751
2022-01-24,598.47607421875,612.2000122070312,631.0999755859375,607.4000244140625,630.5,712987
2022-01-25,606.7855834960938,620.7000122070312,623.2999877929688,595.0,607.0,1227614
2022-01-27,615.73046875,629.8499755859375,636.0,600.0,609.0,2490371
2022-01-28,588.4559326171875,601.9500122070312,640.0,585.0499877929688,640.0,6413288
2022-01-31,592.7083129882812,606.2999877929688,613.5,597.25,608.0,2066796
2022-02-01,612.211181640625,626.25,629.9000244140625,606.5999755859375,610.0,1547133
2022-02-02,612.1133422851562,626.1500244140625,640.5,621.5499877929688,626.0,2011120
2022-02-03,642.5161743164062,657.25,663.0,626.3499755859375,628.0,4972594
2022-02-04,638.3615112304688,653.0,655.0,643.5,655.0,1376064
2022-02-07,622.6713256835938,636.9500122070312,653.25,628.5999755859375,653.0,1305798
2022-02-08,641.7830200195312,656.5,669.0,638.5,669.0,10100060
2022-02-09,645.057861328125,659.8499755859375,665.8499755859375,648.7999877929688,654.0,1943723
2022-02-10,653.465087890625,668.4500122070312,677.0,665.0,668.0,3502156
2022-02-11,645.6444702148438,660.4500122070312,673.1500244140625,640.5999755859375,659.9000244140625,6277578
2022-02-14,627.3148193359375,641.7000122070312,668.4000244140625,637.1500244140625,654.0,2853430
2022-02-15,648.4305419921875,663.2999877929688,666.0,630.5499877929688,645.0999755859375,2567801
2022-02-16,650.190185546875,665.0999755859375,676.75,657.0,665.0,2258102
2022-02-17,656.1535034179688,671.2000122070312,679.4000244140625,663.0999755859375,665.0,3282622
2022-02-18,648.6260375976562,663.5,681.5999755859375,661.8499755859375,671.0,1962790
2022-02-21,643.6404418945312,658.4000244140625,671.2999877929688,657.0,663.5,1757845
2022-02-22,648.6260375976562,663.5,666.5,638.0,640.0,1225239
2022-02-23,636.8462524414062,651.4500122070312,671.5499877929688,648.8499755859375,665.0,1558086
2022-02-24,605.221435546875,619.0999755859375,644.9500122070312,615.7999877929688,637.0,2115554
2022-02-25,617.7833251953125,631.9500122070312,637.9000244140625,624.3499755859375,626.7999877929688,2854919
2022-02-28,603.7550048828125,617.5999755859375,629.9500122070312,610.0,625.0,1615551
2022-03-02,584.5455322265625,597.9500122070312,611.9000244140625,596.0,610.0,3546669
2022-03-03,572.4235229492188,585.5499877929688,611.0,583.2000122070312,610.7000122070312,2284162
2022-03-04,542.31396484375,554.75,578.5499877929688,552.9500122070312,578.5499877929688,2215341
2022-03-07,518.2164916992188,530.0999755859375,544.0,513.0,544.0,2581507
2022-03-08,523.1534423828125,535.1500244140625,537.4500122070312,519.4500122070312,525.0,2002029
2022-03-09,542.998291015625,555.4500122070312,558.9500122070312,535.0499877929688,539.0,1835596
2022-03-10,552.5786743164062,565.25,578.2000122070312,559.7000122070312,575.0,2099008
2022-03-11,568.56201171875,581.5999755859375,584.0999755859375,557.5499877929688,565.0,1993394
2022-03-14,578.9732666015625,592.25,593.2999877929688,574.5,581.5499877929688,1892847
2022-03-15,581.4661254882812,594.7999877929688,600.0,586.2000122070312,592.25,1578493
2022-03-16,596.0322265625,609.7000122070312,611.9000244140625,600.5,603.0,1238848
2022-03-17,597.9873046875,611.7000122070312,623.5,610.0,617.9500122070312,1019241
2022-03-21,595.0545654296875,608.7000122070312,621.5999755859375,605.6500244140625,621.5999755859375,780297
2022-03-22,598.8182983398438,612.5499877929688,614.75,599.5499877929688,606.0,821505
2022-03-23,597.4496459960938,611.1500244140625,617.0,607.9500122070312,616.0,382090
2022-03-24,595.2989501953125,608.9500122070312,616.7999877929688,605.2999877929688,613.3499755859375,789555
2022-03-25,593.1349487304688,603.0,614.7999877929688,600.4500122070312,610.5,784429
2022-03-28,597.4629516601562,607.4000244140625,611.0,601.5,605.0,696633
2022-03-29,603.4140014648438,613.4500122070312,617.0,608.5499877929688,609.0,1488760
2022-03-30,611.6273193359375,621.7999877929688,627.0,616.0,619.0,1536320
2022-03-31,615.4143676757812,625.6500244140625,627.8499755859375,617.2000122070312,623.5,990282
2022-04-01,618.4637451171875,628.75,629.9000244140625,619.0,621.2999877929688,1025492
2022-04-04,623.2343139648438,633.5999755859375,634.8499755859375,626.7999877929688,634.7000122070312,750972
2022-04-05,626.5787353515625,637.0,642.0499877929688,632.0499877929688,633.6500244140625,747815
2022-04-06,637.3004150390625,647.9000244140625,650.0,630.0,645.3499755859375,1725636
2022-04-07,627.51318359375,637.9500122070312,650.9000244140625,635.4000244140625,647.5,742601
2022-04-08,642.71044921875,653.4000244140625,656.0,638.4500122070312,639.9000244140625,1370697
2022-04-11,640.3004760742188,650.9500122070312,661.1500244140625,649.0,655.0,975863
2022-04-12,639.6118774414062,650.25,652.4500122070312,639.5,648.0,1061190
2022-04-13,639.4152221679688,650.0499877929688,659.9000244140625,647.8499755859375,656.9500122070312,884084
2022-04-18,645.2678833007812,656.0,664.7000122070312,640.7999877929688,644.0499877929688,5207648
2022-04-19,630.1197509765625,640.5999755859375,660.0,634.0499877929688,656.6500244140625,690068
2022-04-20,641.0382690429688,651.7000122070312,657.3499755859375,637.0,642.0,605933
2022-04-21,647.431884765625,658.2000122070312,663.0,652.0,652.5499877929688,634287
2022-04-22,635.0379638671875,645.5999755859375,661.6500244140625,629.0499877929688,650.9000244140625,1266650
2022-04-25,638.7266235351562,649.3499755859375,654.1500244140625,637.4000244140625,640.1500244140625,1120487
2022-04-26,670.3507080078125,681.5,685.0,653.0999755859375,655.0,7352944
2022-04-27,675.3672485351562,686.5999755859375,690.0,672.0,679.8499755859375,2798687
2022-04-28,670.2031860351562,681.3499755859375,693.7000122070312,677.8499755859375,689.9500122070312,1424197
2022-04-29,644.1366577148438,654.8499755859375,686.0,651.1500244140625,680.0,1769821
2022-05-02,638.4315185546875,649.0499877929688,659.7000122070312,643.0499877929688,654.8499755859375,853787
2022-05-04,617.234130859375,627.5,654.5,624.2000122070312,649.0,2056479
2022-05-05,620.7260131835938,631.0499877929688,648.1500244140625,624.2000122070312,631.0,1563698
2022-05-06,618.7587280273438,629.0499877929688,636.9500122070312,619.2000122070312,620.7999877929688,3963203
2022-05-09,605.3812866210938,615.4500122070312,626.4500122070312,607.25,623.2999877929688,981633
2022-05-10,606.1189575195312,616.2000122070312,628.0999755859375,611.4000244140625,615.4500122070312,1204286
2022-05-11,610.00439453125,620.1500244140625,623.9000244140625,608.7999877929688,617.0999755859375,1977793
2022-05-12,592.3971557617188,602.25,619.0,589.0499877929688,615.5,1947444
2022-05-13,624.2671508789062,634.6500244140625,641.5,606.0999755859375,610.0,2489259
2022-05-16,642.8087158203125,653.5,655.5499877929688,632.4000244140625,638.7999877929688,1247350
2022-05-17,665.0881958007812,676.1500244140625,682.2999877929688,653.5499877929688,655.0,2524634
2022-05-18,669.0719604492188,680.2000122070312,693.0,674.25,677.2000122070312,2014804
2022-05-19,667.9898681640625,679.0999755859375,689.5999755859375,665.7999877929688,671.1500244140625,2516859
2022-05-20,673.3507080078125,684.5499877929688,695.9000244140625,677.6500244140625,693.8499755859375,1957573
2022-05-23,684.51513671875,695.9000244140625,710.0,685.3499755859375,685.3499755859375,2656671
2022-05-24,697.2532348632812,708.8499755859375,712.5,692.3499755859375,694.9500122070312,1995805
2022-05-25,690.662841796875,702.1500244140625,714.9500122070312,697.1500244140625,712.0,1126056
2022-05-26,696.712158203125,708.2999877929688,711.9500122070312,693.7999877929688,702.1500244140625,984399
2022-05-27,711.8602905273438,723.7000122070312,729.9000244140625,709.0499877929688,717.4000244140625,1809438
2022-05-30,727.5493774414062,739.6500244140625,742.5,730.0,734.0,1080849
2022-05-31,724.5000610351562,736.5499877929688,749.75,733.0,736.9500122070312,1712518
2022-06-01,725.1394653320312,737.2000122070312,744.8499755859375,728.0499877929688,737.0,1950546
2022-06-02,726.6640625,738.75,740.7000122070312,730.5,732.0,719240
2022-06-03,718.3523559570312,730.2999877929688,744.1500244140625,728.0999755859375,743.0,831010
2022-06-06,716.7784423828125,728.7000122070312,739.4000244140625,723.25,729.7999877929688,897590
2022-06-07,731.8773193359375,744.0499877929688,746.2000122070312,716.0499877929688,724.5,2341860
2022-06-08,738.7628173828125,751.0499877929688,755.0,736.2000122070312,747.0,3376027
2022-06-09,751.6976928710938,764.2000122070312,766.0,746.2000122070312,751.0499877929688,2206938
2022-06-10,751.15673828125,763.6500244140625,766.2000122070312,754.0,762.0,1330054
2022-06-13,738.1726684570312,750.4500122070312,762.5499877929688,748.3499755859375,758.7999877929688,1450884
2022-06-14,737.6316528320312,749.9000244140625,760.7999877929688,743.0,743.5999755859375,1342735
2022-06-15,741.5169677734375,753.8499755859375,757.9000244140625,749.5999755859375,751.2000122070312,694564
2022-06-16,734.87744140625,747.0999755859375,766.3499755859375,739.0999755859375,760.1500244140625,1719322
2022-06-17,728.0411987304688,740.1500244140625,750.6500244140625,731.9500122070312,741.0,1829920
2022-06-20,718.6966552734375,730.6500244140625,746.9000244140625,722.9500122070312,739.9000244140625,1866728
2022-06-21,732.2216796875,744.4000244140625,749.0,730.0,731.25,1053612
2022-06-22,731.7298583984375,743.9000244140625,746.5499877929688,734.4000244140625,741.0,1294272
2022-06-23,759.3700561523438,772.0,775.7999877929688,744.7999877929688,745.9500122070312,2403326
2022-06-24,785.682373046875,798.75,805.7000122070312,777.0,778.0,3909837
2022-06-27,788.3875122070312,801.5,810.8499755859375,796.0,810.8499755859375,2192974
2022-06-28,806.7815551757812,820.2000122070312,823.5999755859375,793.0999755859375,798.9000244140625,3330788
2022-06-29,819.71630859375,833.3499755859375,841.0,808.5999755859375,813.9000244140625,2359911
2022-06-30,828.1757202148438,841.9500122070312,850.0,825.2000122070312,832.4000244140625,4098480
2022-07-01,846.3731079101562,860.4500122070312,886.2999877929688,827.2999877929688,837.5,3263584
2022-07-04,827.1429443359375,840.9000244140625,851.5,821.1500244140625,840.0,4102568
2022-07-05,799.1091918945312,812.4000244140625,846.75,810.2000122070312,839.9500122070312,2427183
2022-07-06,811.6013793945312,825.0999755859375,835.6500244140625,815.0999755859375,817.0,2184396
2022-07-07,812.4375,825.9500122070312,840.4000244140625,820.5,836.0999755859375,1581958
2022-07-08,825.4215698242188,839.1500244140625,841.8499755859375,825.0,834.9000244140625,1066301
2022-07-11,840.9630737304688,854.9500122070312,857.5,829.8499755859375,837.75,1110345
2022-07-12,834.9628295898438,848.8499755859375,858.7000122070312,843.7999877929688,856.0,808629
2022-07-13,842.9303588867188,856.9500122070312,865.7000122070312,849.7999877929688,850.9000244140625,891323
2022-07-14,822.7657470703125,836.4500122070312,862.5499877929688,832.5499877929688,856.9500122070312,923118
2022-07-15,857.3898315429688,871.6500244140625,874.0,836.4500122070312,837.25,1584738
2022-07-18,863.8327026367188,878.2000122070312,881.75,871.0,876.0,1456093
2022-07-19,865.7507934570312,880.1500244140625,888.7000122070312,870.5,870.5,1289938
2022-07-20,863.0949096679688,877.4500122070312,890.0,873.1500244140625,882.0,679275
2022-07-21,865.1114501953125,879.5,887.25,873.0,876.0,815859
2022-07-22,871.2591552734375,885.75,898.7000122070312,875.2999877929688,875.2999877929688,2263170
2022-07-25,856.75048828125,871.0,893.0,867.7000122070312,884.8499755859375,980576
2022-07-26,850.3076782226562,864.4500122070312,872.75,860.5,870.0,1080149
2022-07-27,835.9464721679688,849.8499755859375,867.9500122070312,837.0499877929688,864.4500122070312,1305629
2022-07-28,856.3569946289062,870.5999755859375,874.25,849.0,857.9500122070312,1418272
2022-07-29,893.1943359375,908.0499877929688,953.2000122070312,897.0,898.9500122070312,9480378
2022-08-01,911.4900512695312,926.6500244140624,943.5999755859376,908.0499877929688,908.9000244140624,2767083
2022-08-02,922.9985961914062,938.3499755859376,940.8499755859376,917.4000244140624,931.0,1898797
2022-08-03,912.572021484375,927.75,943.5499877929688,916.2999877929688,935.0,1237195
2022-08-04,918.818115234375,934.0999755859376,944.6500244140624,924.2000122070312,935.0,1265730
2022-08-05,932.8349609375,948.3499755859376,951.2000122070312,935.0,935.0,2153657
2022-08-08,941.0484619140624,956.7000122070312,960.9000244140624,942.0999755859376,949.9000244140624,1356911
2022-08-10,950.7864379882812,966.5999755859376,969.0,950.0999755859376,959.9500122070312,1247420
2022-08-11,942.5731201171876,958.25,974.9000244140624,955.0999755859376,971.0,1035579
2022-08-12,936.96630859375,952.5499877929688,964.5,950.9500122070312,960.0,653263
2022-08-16,963.0819091796876,979.0999755859376,981.7000122070312,949.5499877929688,958.0,965828
2022-08-17,954.6717529296876,970.5499877929688,986.0,968.25,981.0,1182141
2022-08-18,958.0654296875,974.0,990.9000244140624,971.0,971.0,2149414
2022-08-19,943.0648803710938,958.75,991.4500122070312,954.5499877929688,981.4000244140624,1831816
2022-08-22,921.62158203125,936.9500122070312,959.7000122070312,933.5999755859376,953.0,1465242
2022-08-23,939.5237426757812,955.1500244140624,959.2000122070312,925.0,930.0,1292054
2022-08-24,944.2452392578124,959.9500122070312,966.7000122070312,950.5,959.0,1250754
2022-08-25,933.57275390625,949.0999755859376,968.0,945.9000244140624,964.9500122070312,1538844
2022-08-26,938.8352661132812,954.4500122070312,967.25,951.5499877929688,958.7999877929688,1280541
2022-08-29,942.1795654296876,957.8499755859376,960.0,934.5,935.0,680203
2022-08-30,969.4755249023438,985.5999755859376,989.75,962.7000122070312,964.0,1055038
2022-09-01,998.492919921875,1015.0999755859376,1028.800048828125,978.0,983.9000244140624,3390887
2022-09-02,1009.067138671875,1025.8499755859375,1037.449951171875,1019.9000244140624,1022.0,2684334
2022-09-05,1021.0676879882812,1038.050048828125,1042.949951171875,1022.0,1025.8499755859375,1159599
2022-09-06,1037.297607421875,1054.550048828125,1058.9000244140625,1041.75,1042.8499755859375,2050061
2022-09-07,1024.3626708984375,1041.4000244140625,1062.949951171875,1038.050048828125,1048.0,1263932
2022-09-08,1027.70703125,1044.800048828125,1062.699951171875,1037.199951171875,1048.8499755859375,1430694
2022-09-09,1036.5599365234375,1053.800048828125,1058.699951171875,1044.3499755859375,1056.0,1205966
2022-09-12,1033.31396484375,1050.5,1071.3499755859375,1047.050048828125,1059.050048828125,1677576
2022-09-13,1021.7069091796876,1038.699951171875,1059.449951171875,1034.550048828125,1052.550048828125,903787
2022-09-14,1020.8707275390624,1037.8499755859375,1049.5,1024.550048828125,1031.0,893907
2022-09-15,1024.5103759765625,1041.550048828125,1061.75,1031.4000244140625,1041.800048828125,1604996
2022-09-16,1008.1326293945312,1024.9000244140625,1043.5,1012.2999877929688,1040.0,1601671
2022-09-19,1010.3949584960938,1027.199951171875,1041.0,1016.1500244140624,1019.5,1895834
2022-09-20,1064.446044921875,1082.1500244140625,1087.949951171875,1033.5,1033.5,3241244
2022-09-21,1050.9700927734375,1068.449951171875,1094.4000244140625,1066.6500244140625,1076.0,2001040
2022-09-22,1049.0028076171875,1066.449951171875,1086.0,1060.0,1060.0,2452415
2022-09-23,1020.5757446289062,1037.550048828125,1070.5999755859375,1027.0,1068.0,1935689
2022-09-26,1008.0833740234376,1024.8499755859375,1034.800048828125,994.0499877929688,1034.800048828125,1652899
2022-09-27,1017.9198608398438,1034.8499755859375,1043.0,1020.75,1035.0,1417788
2022-09-28,1004.5424194335938,1021.25,1041.25,1017.0999755859376,1024.25,1241220
2022-09-29,995.3453979492188,1011.9000244140624,1037.0,1009.7000122070312,1026.3499755859375,1056799
2022-09-30,1015.3624267578124,1032.25,1036.1500244140625,984.25,1011.0,2086641
2022-10-03,979.213623046875,995.5,1035.949951171875,986.5499877929688,1035.1500244140625,1747293
2022-10-04,1017.968994140625,1034.9000244140625,1038.800048828125,1007.0499877929688,1016.5999755859376,1378191
2022-10-06,1057.2161865234375,1074.800048828125,1082.800048828125,1037.550048828125,1039.75,2710620
2022-10-07,1067.1016845703125,1084.8499755859375,1087.199951171875,1069.300048828125,1080.0,1271663
2022-10-10,1049.1995849609375,1066.6500244140625,1076.6500244140625,1055.4000244140625,1066.4000244140625,1019624
2022-10-11,1037.9368896484375,1055.199951171875,1070.3499755859375,1048.75,1070.0,928746
2022-10-12,1069.9052734375,1087.699951171875,1093.199951171875,1047.199951171875,1050.4000244140625,1218634
2022-10-13,1059.970458984375,1077.5999755859375,1096.3499755859375,1066.5999755859375,1087.699951171875,1370021
2022-10-14,1060.7081298828125,1078.3499755859375,1106.9000244140625,1072.6500244140625,1091.0,1723553
2022-10-17,1057.462158203125,1075.050048828125,1080.800048828125,1060.0,1071.0,966318
2022-10-18,1110.5787353515625,1129.050048828125,1135.0,1089.800048828125,1092.0,3359533
2022-10-19,1152.2850341796875,1171.449951171875,1176.9000244140625,1131.8499755859375,1135.0,3440709
2022-10-20,1123.5628662109375,1142.25,1165.050048828125,1132.800048828125,1156.25,1988428
2022-10-21,1123.1202392578125,1141.800048828125,1156.3499755859375,1135.0,1148.0,965954
2022-10-24,1127.349853515625,1146.0999755859375,1154.9000244140625,1142.199951171875,1154.9000244140625,110280
2022-10-25,1138.0223388671875,1156.949951171875,1161.449951171875,1145.550048828125,1150.0999755859375,952625
2022-10-27,1106.15234375,1124.550048828125,1165.0,1119.0,1159.9000244140625,1269462
2022-10-28,1108.7098388671875,1127.1500244140625,1135.550048828125,1114.25,1120.0,885662
2022-10-31,1127.30078125,1146.050048828125,1155.800048828125,1131.050048828125,1132.800048828125,1201542
2022-11-01,1119.38232421875,1138.0,1156.0,1128.75,1150.0,1150562
2022-11-02,1096.758544921875,1115.0,1143.699951171875,1111.5999755859375,1140.449951171875,1142831
2022-11-03,1116.0872802734375,1134.6500244140625,1144.699951171875,1110.300048828125,1111.6500244140625,1493565
2022-11-04,1095.9224853515625,1114.1500244140625,1141.550048828125,1112.0,1137.0,1182660
2022-11-07,1094.54541015625,1112.75,1122.8499755859375,1081.0999755859375,1115.0,2256933
2022-11-09,1126.0218505859375,1144.75,1166.0,1115.050048828125,1120.0999755859375,3041336
2022-11-10,1087.856689453125,1105.949951171875,1144.699951171875,1098.050048828125,1144.699951171875,2235744
2022-11-11,1089.3321533203125,1107.449951171875,1142.550048828125,1100.0999755859375,1138.0,2217061
2022-11-14,1082.7418212890625,1100.75,1124.699951171875,1091.199951171875,1109.949951171875,1178046
2022-11-15,1085.151611328125,1103.199951171875,1129.949951171875,1096.75,1103.0,1691513
2022-11-16,1100.2012939453125,1118.5,1136.0,1104.75,1105.699951171875,2034541
2022-11-17,1090.955078125,1109.0999755859375,1130.0,1100.25,1118.699951171875,1597488
2022-11-18,1064.1510009765625,1081.8499755859375,1121.1500244140625,1066.0,1113.0,2508863
2022-11-21,1031.29736328125,1048.449951171875,1079.9000244140625,1045.1500244140625,1070.0,2657824
2022-11-22,1026.2315673828125,1043.300048828125,1056.800048828125,1037.550048828125,1048.0,1994682
2022-11-23,1034.789306640625,1052.0,1055.4000244140625,1045.6500244140625,1049.4000244140625,1095450
2022-11-24,1035.4287109375,1052.6500244140625,1058.699951171875,1043.300048828125,1057.300048828125,1035756
2022-11-25,1020.4771728515624,1037.449951171875,1055.6500244140625,1035.0,1053.550048828125,1461816
2022-11-28,1043.1502685546875,1060.5,1063.0,1029.0,1034.5999755859375,2723439
2022-11-29,1022.8380737304688,1039.8499755859375,1059.5999755859375,1037.550048828125,1053.25,1325447
2022-11-30,1031.00244140625,1048.1500244140625,1066.25,1032.25,1045.050048828125,27363975
2022-12-01,1032.822021484375,1050.0,1062.949951171875,1044.0,1058.8499755859375,1621405
2022-12-02,1031.2484130859375,1048.4000244140625,1053.9000244140625,1031.0,1050.0,1040471
2022-12-05,1001.1487426757812,1017.7999877929688,1053.5,1010.4500122070312,1050.0,2896073
2022-12-06,1023.9201049804688,1040.949951171875,1046.4000244140625,1008.0999755859376,1017.0,1970222
2022-12-07,1008.4769287109376,1025.25,1047.1500244140625,1019.25,1041.0,1319008
2022-12-08,1009.1654663085938,1025.949951171875,1036.449951171875,1021.4000244140624,1030.4000244140625,988773
2022-12-09,1019.1986694335938,1036.1500244140625,1041.25,1023.0,1034.550048828125,1253296
2022-12-12,1020.8217163085938,1037.800048828125,1045.699951171875,1031.800048828125,1035.0,903199
2022-12-13,1019.8380126953124,1036.800048828125,1047.75,1032.0,1043.199951171875,1040540
2022-12-14,1011.919677734375,1028.75,1048.75,1027.050048828125,1046.0,747736
2022-12-15,1022.05126953125,1039.050048828125,1052.4000244140625,1024.9000244140625,1028.0,1711006
2022-12-16,1022.8380737304688,1039.8499755859375,1051.5999755859375,1023.4500122070312,1032.0,1308612
2022-12-19,1038.8221435546875,1056.0999755859375,1059.4000244140625,1033.9000244140625,1040.0,1806966
2022-12-20,1038.7237548828125,1056.0,1071.8499755859375,1046.5,1054.300048828125,1747561
2022-12-21,1016.4443969726562,1033.3499755859375,1063.4000244140625,1029.199951171875,1052.050048828125,1417265
2022-12-22,1022.100341796875,1039.0999755859375,1046.4000244140625,1021.4000244140624,1033.300048828125,1373045
2022-12-23,993.9682006835938,1010.5,1033.5999755859375,1006.0,1027.0,931666
2022-12-26,998.9356689453124,1015.5499877929688,1023.1500244140624,997.9000244140624,1005.5,1043410
2022-12-27,1026.9693603515625,1044.050048828125,1049.0,1018.1500244140624,1020.6500244140624,1356572
2022-12-28,1064.987060546875,1082.699951171875,1085.4000244140625,1040.300048828125,1044.949951171875,2613737
2022-12-29,1082.9876708984375,1101.0,1135.5,1071.699951171875,1077.9000244140625,2629509
2022-12-30,1067.6429443359375,1085.4000244140625,1105.449951171875,1082.050048828125,1103.0,1035831
2023-01-02,1055.4951171875,1073.050048828125,1092.800048828125,1060.0,1085.0,913740
2023-01-03,1024.5103759765625,1041.550048828125,1077.800048828125,1034.699951171875,1075.0,2199825
2023-01-04,1008.2802124023438,1025.050048828125,1050.5,1018.0,1046.800048828125,1391583
2023-01-05,1013.3458862304688,1030.199951171875,1031.949951171875,1014.0,1029.949951171875,987083
2023-01-06,1007.7391967773438,1024.5,1038.949951171875,1018.5499877929688,1032.0,873454
2023-01-09,1004.394775390625,1021.0999755859376,1035.8499755859375,1017.5499877929688,1029.5999755859375,1045256
2023-01-10,999.6734008789062,1016.2999877929688,1030.6500244140625,1010.0,1026.25,1107876
2023-01-11,998.0504150390624,1014.6500244140624,1026.9000244140625,1011.0,1022.0,1194680
2023-01-12,989.09912109375,1005.5499877929688,1021.2000122070312,1001.2999877929688,1019.75,834703
2023-01-13,985.7548828125,1002.1500244140624,1010.8499755859376,988.5,1010.8499755859376,1944766
2023-01-16,972.52490234375,988.7000122070312,1009.4000244140624,979.2999877929688,1002.1500244140624,1237660
2023-01-17,970.5084838867188,986.6500244140624,1009.0,977.5499877929688,989.0499877929688,3049007
2023-01-18,985.656494140625,1002.0499877929688,1007.9500122070312,990.7999877929688,991.0,2202723
2023-01-19,997.4601440429688,1014.0499877929688,1020.75,994.1500244140624,994.1500244140624,1285537
2023-01-20,954.032470703125,969.9000244140624,1014.2999877929688,967.5499877929688,1005.0,1697151
2023-01-23,965.6394653320312,981.7000122070312,985.0,968.5499877929688,968.5499877929688,948214
2023-01-24,967.7542724609376,983.8499755859376,992.9000244140624,970.9000244140624,984.0,1062016
2023-01-25,1020.9201049804688,1037.9000244140625,1043.6500244140625,992.0,995.0,5461484
2023-01-27,1033.60888671875,1050.800048828125,1074.9000244140625,1032.75,1040.0,3629172
2023-01-30,1016.7886962890624,1033.699951171875,1056.949951171875,1018.5,1051.0,1451127
2023-01-31,1019.7888793945312,1036.75,1043.9000244140625,1020.0,1037.6500244140625,1311390
2023-02-01,1001.6897583007812,1018.3499755859376,1057.949951171875,1000.0,1042.0,1354579
2023-02-02,990.5198364257812,1002.0499877929688,1022.0,990.0499877929688,1018.3499755859376,1224788
2023-02-03,1023.6838989257812,1035.5999755859375,1039.800048828125,999.5999755859376,1005.2999877929688,1252136
2023-02-06,1044.98583984375,1057.1500244140625,1064.5,1026.199951171875,1035.5999755859375,2089402
2023-02-07,1038.560546875,1050.6500244140625,1077.199951171875,1040.0,1051.050048828125,1669515
2023-02-08,1027.5885009765625,1039.550048828125,1055.6500244140625,1037.699951171875,1045.0,582218
2023-02-09,1037.7205810546875,1049.800048828125,1054.699951171875,1030.5999755859375,1039.550048828125,539534
2023-02-10,1062.9764404296875,1075.3499755859375,1087.0,1045.0,1045.0,1989509
2023-02-13,1056.847900390625,1069.1500244140625,1085.699951171875,1064.699951171875,1077.949951171875,710879
2023-02-14,1065.9417724609375,1078.3499755859375,1088.0999755859375,1055.0,1071.050048828125,1083378
2023-02-15,1093.76806640625,1106.5,1123.0,1084.0,1084.449951171875,3016998
2023-02-16,1110.9677734375,1123.9000244140625,1133.0,1110.0,1110.449951171875,2188324
2023-02-17,1091.1485595703125,1103.8499755859375,1119.9000244140625,1092.0999755859375,1119.9000244140625,1382070
2023-02-20,1117.689453125,1130.699951171875,1136.0,1104.550048828125,1104.949951171875,1635712
2023-02-21,1112.845947265625,1125.800048828125,1138.949951171875,1114.5,1134.0,1622529
2023-02-22,1101.478271484375,1114.300048828125,1126.9000244140625,1108.050048828125,1120.0,746146
2023-02-23,1104.44384765625,1117.300048828125,1125.8499755859375,1109.9000244140625,1119.9000244140625,871201
2023-02-24,1092.5819091796875,1105.300048828125,1127.5,1103.0,1121.0,979359
2023-02-27,1072.713134765625,1085.199951171875,1101.0,1058.9000244140625,1098.0,1555124
2023-02-28,1067.8695068359375,1080.300048828125,1093.3499755859375,1072.699951171875,1090.6500244140625,1418799
2023-03-01,1050.718994140625,1062.949951171875,1085.199951171875,1060.0,1084.0,1907551
2023-03-02,1054.57421875,1066.8499755859375,1072.9000244140625,1050.050048828125,1060.199951171875,1068509
2023-03-03,1058.033935546875,1070.3499755859375,1079.0,1064.0,1072.5,847485
2023-03-06,1085.860107421875,1098.5,1102.0,1072.0,1074.9000244140625,950986
2023-03-08,1097.030029296875,1109.800048828125,1113.0,1087.1500244140625,1099.0,1206161
2023-03-09,1074.047607421875,1086.550048828125,1110.9000244140625,1083.449951171875,1108.0,906722
2023-03-10,1059.8626708984375,1072.199951171875,1087.8499755859375,1068.1500244140625,1086.550048828125,1066823
2023-03-13,1036.633056640625,1048.699951171875,1076.4000244140625,1046.0,1067.0,972966
2023-03-14,1033.9642333984375,1046.0,1057.4000244140625,1037.1500244140625,1051.9000244140625,1076802
2023-03-15,1020.8665771484376,1032.75,1057.3499755859375,1030.3499755859375,1047.0999755859375,590578
2023-03-16,1041.4766845703125,1053.5999755859375,1057.75,1026.449951171875,1034.949951171875,747118
2023-03-17,1034.8043212890625,1046.8499755859375,1065.050048828125,1040.6500244140625,1060.0,1797251
2023-03-20,1029.7630615234375,1041.75,1046.8499755859375,1005.0,1005.0,816115
2023-03-21,1041.9215087890625,1054.050048828125,1057.75,1043.1500244140625,1043.1500244140625,972168
2023-03-22,1042.6629638671875,1054.800048828125,1076.199951171875,1051.050048828125,1058.449951171875,658312
2023-03-23,1035.4468994140625,1047.5,1073.199951171875,1042.8499755859375,1057.0,1063113
2023-03-24,1030.0101318359375,1042.0,1063.8499755859375,1040.3499755859375,1048.949951171875,753161
2023-03-27,1034.6068115234375,1046.6500244140625,1055.9000244140625,1030.0,1042.300048828125,521344
2023-03-28,1022.39892578125,1034.300048828125,1050.0,1029.199951171875,1042.5,435620
2023-03-29,1066.7821044921875,1079.199951171875,1081.5,1030.0,1030.0,977216
2023-03-31,1064.8050537109375,1077.199951171875,1085.0,1064.9000244140625,1079.199951171875,911502
2023-04-03,1072.268310546875,1084.75,1097.449951171875,1073.0,1077.199951171875,842497
2023-04-05,1077.408447265625,1089.949951171875,1099.699951171875,1083.449951171875,1090.5,739800
2023-04-06,1086.0576171875,1098.699951171875,1101.050048828125,1080.5,1083.699951171875,630530
2023-04-10,1094.90478515625,1107.6500244140625,1111.0,1096.8499755859375,1099.699951171875,1236292
2023-04-11,1115.86083984375,1128.8499755859375,1137.6500244140625,1105.5999755859375,1107.6500244140625,1112123
2023-04-12,1122.6319580078125,1135.699951171875,1144.0,1123.699951171875,1132.0,1393983
2023-04-13,1149.568359375,1162.949951171875,1169.5,1134.6500244140625,1135.699951171875,2035284
2023-04-17,1156.19140625,1169.6500244140625,1173.0,1156.1500244140625,1166.0,2075441
2023-04-18,1131.7755126953125,1144.949951171875,1172.800048828125,1142.25,1172.6500244140625,1071740
2023-04-19,1156.6856689453125,1170.1500244140625,1184.4000244140625,1147.0,1147.0,2292305
2023-04-20,1114.97119140625,1127.949951171875,1168.0,1124.5,1168.0,2592124
2023-04-21,1080.373779296875,1092.949951171875,1130.5,1084.0,1128.300048828125,2877179
2023-04-24,1089.1221923828125,1101.800048828125,1117.5,1088.050048828125,1090.0,1329750
2023-04-25,1098.71044921875,1111.5,1118.0,1102.1500244140625,1103.0,908834
2023-04-26,1112.54931640625,1125.5,1128.800048828125,1106.550048828125,1113.0,1009517
2023-04-27,1119.4688720703125,1132.5,1135.699951171875,1122.4000244140625,1123.5,733407
2023-04-28,1125.2515869140625,1138.3499755859375,1141.5999755859375,1126.0,1138.949951171875,713046
2023-05-02,1144.6258544921875,1157.949951171875,1167.0,1137.050048828125,1148.5,932329
2023-05-03,1143.9339599609375,1157.25,1166.699951171875,1143.1500244140625,1160.0,642953
2023-05-04,1155.5982666015625,1169.050048828125,1180.0,1147.5999755859375,1160.0,632211
2023-05-05,1200.9700927734375,1214.949951171875,1234.949951171875,1190.0,1190.0,5319185
2023-05-08,1215.6494140625,1229.800048828125,1243.449951171875,1221.550048828125,1224.0,2132720
2023-05-09,1215.797607421875,1229.949951171875,1239.0999755859375,1220.25,1230.0,848071
2023-05-10,1226.769775390625,1241.050048828125,1245.5,1226.199951171875,1231.0,801636
2023-05-11,1225.5341796875,1239.800048828125,1246.0,1231.199951171875,1244.949951171875,555502
2023-05-12,1223.211181640625,1237.449951171875,1249.949951171875,1231.25,1238.4000244140625,482504
2023-05-15,1220.2952880859375,1234.5,1240.449951171875,1227.199951171875,1237.0,436418
2023-05-16,1229.78466796875,1244.0999755859375,1252.5999755859375,1235.0,1239.3499755859375,673132
2023-05-17,1237.59375,1252.0,1256.800048828125,1225.550048828125,1235.0,691664
2023-05-18,1226.275634765625,1240.550048828125,1253.5,1220.0,1252.0,516649
2023-05-19,1225.8802490234375,1240.1500244140625,1244.699951171875,1221.199951171875,1235.5,615310
2023-05-22,1224.941162109375,1239.199951171875,1247.050048828125,1225.0,1228.1500244140625,418657
2023-05-23,1246.638427734375,1261.1500244140625,1265.9000244140625,1230.0,1239.25,793692
2023-05-24,1258.25341796875,1272.9000244140625,1279.0,1247.0,1262.949951171875,1070539
2023-05-25,1268.3359375,1283.0999755859375,1287.5,1262.3499755859375,1265.0,1004944
2023-05-26,1278.3197021484375,1293.199951171875,1301.0,1270.3499755859375,1278.050048828125,1409077
2023-05-29,1284.843994140625,1299.800048828125,1304.8499755859375,1278.550048828125,1296.3499755859375,875198
2023-05-30,1267.9405517578125,1282.699951171875,1306.949951171875,1280.050048828125,1299.050048828125,531133
2023-05-31,1287.809326171875,1302.800048828125,1317.0,1278.050048828125,1280.0,3346979
2023-06-01,1257.462646484375,1272.0999755859375,1290.5,1270.0,1286.050048828125,727641
2023-06-02,1290.5277099609375,1305.550048828125,1310.0,1281.5999755859375,1286.9000244140625,1923687
2023-06-05,1279.802490234375,1294.699951171875,1312.949951171875,1287.1500244140625,1309.949951171875,551021
2023-06-06,1316.6732177734375,1332.0,1339.0,1286.0,1296.0,1703583
2023-06-07,1331.994873046875,1347.5,1354.5,1327.949951171875,1342.949951171875,1067501
2023-06-08,1310.8411865234375,1326.0999755859375,1351.4000244140625,1317.9000244140625,1349.949951171875,511069
2023-06-09,1320.6273193359375,1336.0,1351.0999755859375,1331.0,1332.0,805323
2023-06-12,1324.185791015625,1339.5999755859375,1384.800048828125,1335.1500244140625,1368.0,2237766
2023-06-13,1330.6109619140625,1346.0999755859375,1353.0,1340.3499755859375,1345.5999755859375,651920
2023-06-14,1330.3638916015625,1345.8499755859375,1350.0,1333.0,1346.949951171875,663045
2023-06-15,1317.5135498046875,1332.8499755859375,1357.0,1330.0,1348.6500244140625,808772
2023-06-16,1337.2833251953125,1352.8499755859375,1356.800048828125,1322.949951171875,1339.0,1182213
2023-06-19,1322.5548095703125,1337.949951171875,1360.800048828125,1336.0,1352.0999755859375,445580
2023-06-20,1328.3375244140625,1343.800048828125,1349.050048828125,1327.0,1333.0,1139873
2023-06-21,1335.3558349609375,1350.9000244140625,1356.550048828125,1336.550048828125,1343.800048828125,846723
2023-06-22,1310.890625,1326.1500244140625,1348.949951171875,1323.0,1345.9000244140625,558699
2023-06-23,1286.277099609375,1301.25,1329.949951171875,1295.300048828125,1327.6500244140625,705445
2023-06-26,1275.50244140625,1290.3499755859375,1314.9000244140625,1289.1500244140625,1301.25,607694
2023-06-27,1289.193115234375,1304.199951171875,1309.550048828125,1289.0,1291.0,882785
2023-06-28,1314.7457275390625,1330.050048828125,1338.8499755859375,1297.0999755859375,1309.9000244140625,1266056
2023-06-30,1310.3963623046875,1325.6500244140625,1340.050048828125,1318.4000244140625,1330.050048828125,875476
2023-07-03,1303.1802978515625,1318.3499755859375,1338.5,1313.0,1335.0,651040
2023-07-04,1288.7484130859375,1303.75,1330.0,1300.050048828125,1321.9000244140625,576982
2023-07-05,1304.6136474609375,1319.800048828125,1323.8499755859375,1293.5,1308.0,1700571
2023-07-06,1299.3251953125,1314.449951171875,1327.75,1304.050048828125,1323.449951171875,1151516
2023-07-07,1306.788330078125,1322.0,1342.9000244140625,1310.9000244140625,1319.800048828125,1205329
2023-07-10,1294.18505859375,1309.25,1332.699951171875,1306.300048828125,1326.949951171875,588008
2023-07-11,1327.447998046875,1342.9000244140625,1355.0,1311.050048828125,1316.0999755859375,1492542
2023-07-12,1323.246826171875,1338.6500244140625,1354.4000244140625,1331.199951171875,1344.800048828125,831708
2023-07-13,1314.4490966796875,1329.75,1348.0,1325.3499755859375,1339.0,841814
2023-07-14,1335.20751953125,1350.75,1352.9000244140625,1322.6500244140625,1336.0,1109229
2023-07-17,1327.4971923828125,1342.949951171875,1363.0,1339.5,1346.1500244140625,739899
2023-07-18,1330.66064453125,1346.1500244140625,1368.050048828125,1338.550048828125,1346.4000244140625,1011369
2023-07-19,1318.7491455078125,1334.0999755859375,1353.199951171875,1327.4000244140625,1348.5999755859375,810110
2023-07-20,1329.6719970703125,1345.1500244140625,1348.0,1331.0,1334.0,898508
2023-07-21,1327.4971923828125,1342.949951171875,1344.949951171875,1331.1500244140625,1331.5,768440
2023-07-24,1292.059814453125,1307.0999755859375,1373.0,1295.0,1344.9000244140625,2508323
2023-07-25,1368.074951171875,1384.0,1388.449951171875,1313.6500244140625,1333.0,5467323
2023-07-26,1356.262451171875,1372.050048828125,1400.9000244140625,1365.4000244140625,1393.0,1745448
2023-07-27,1340.199462890625,1355.800048828125,1377.949951171875,1346.199951171875,1376.0,991461
2023-07-28,1342.225830078125,1357.8499755859375,1370.699951171875,1345.449951171875,1355.800048828125,722899
2023-07-31,1360.85888671875,1376.699951171875,1379.449951171875,1347.300048828125,1354.0,771838
2023-08-01,1353.939453125,1369.699951171875,1379.300048828125,1359.050048828125,1375.0,325587
2023-08-02,1363.8739013671875,1379.75,1396.0,1362.550048828125,1375.0,1941995
2023-08-03,1347.563720703125,1363.25,1391.4000244140625,1354.4000244140625,1381.949951171875,1042110
2023-08-04,1343.1650390625,1358.800048828125,1384.949951171875,1346.449951171875,1372.0,539333
2023-08-07,1324.8778076171875,1340.300048828125,1357.4000244140625,1331.6500244140625,1357.4000244140625,866160
2023-08-08,1316.2286376953125,1331.550048828125,1345.25,1318.300048828125,1344.9000244140625,1246119
2023-08-09,1324.581298828125,1340.0,1349.5999755859375,1317.0,1331.0999755859375,1333966
2023-08-10,1334.07080078125,1349.5999755859375,1355.4000244140625,1331.300048828125,1342.449951171875,960273
2023-08-11,1334.1202392578125,1349.6500244140625,1362.050048828125,1342.25,1352.0,724490
2023-08-14,1329.4249267578125,1344.9000244140625,1352.800048828125,1320.800048828125,1352.5999755859375,951927
2023-08-16,1324.3341064453125,1339.75,1345.550048828125,1322.449951171875,1334.0,1426246
2023-08-17,1321.2698974609375,1336.6500244140625,1340.949951171875,1324.0999755859375,1338.9000244140625,702360
2023-08-18,1325.965087890625,1341.4000244140625,1345.0,1329.3499755859375,1342.0,727872
2023-08-21,1333.971923828125,1349.5,1360.449951171875,1329.1500244140625,1340.050048828125,1480040
2023-08-22,1337.975341796875,1353.550048828125,1357.0,1335.6500244140625,1346.199951171875,819736
2023-08-23,1339.705322265625,1355.300048828125,1366.800048828125,1349.300048828125,1354.9000244140625,919117
2023-08-24,1346.8223876953125,1362.5,1383.199951171875,1354.5999755859375,1365.0,1183583
2023-08-25,1324.185791015625,1339.5999755859375,1358.0,1321.0999755859375,1355.0,1437121
2023-08-28,1333.724853515625,1349.25,1351.949951171875,1335.949951171875,1336.949951171875,784438
2023-08-29,1364.714111328125,1380.5999755859375,1388.75,1343.050048828125,1355.0,1231116
2023-08-30,1399.261962890625,1415.550048828125,1421.0999755859375,1385.0999755859375,1391.5,2457022
2023-08-31,1403.5618896484375,1419.9000244140625,1436.4000244140625,1409.300048828125,1421.0,2229952
2023-09-01,1437.3682861328125,1454.0999755859375,1460.4000244140625,1414.050048828125,1419.6500244140625,1801951
2023-09-04,1436.1328125,1452.8499755859375,1469.0,1443.6500244140625,1461.0,1530060
2023-09-05,1441.1246337890625,1457.9000244140625,1464.0,1452.0,1456.949951171875,554308
2023-09-06,1461.042724609375,1478.050048828125,1484.050048828125,1459.1500244140625,1459.9000244140625,1249970
2023-09-07,1462.772705078125,1479.800048828125,1486.300048828125,1474.0,1478.050048828125,645256
2023-09-08,1463.51416015625,1480.550048828125,1486.8499755859375,1474.0999755859375,1484.0,515325
2023-09-11,1471.86669921875,1489.0,1495.8499755859375,1476.050048828125,1484.5999755859375,754214
2023-09-12,1454.7657470703125,1471.699951171875,1498.550048828125,1462.0,1498.550048828125,623844
2023-09-13,1437.6650390625,1454.4000244140625,1475.550048828125,1439.199951171875,1466.0,801352
2023-09-14,1447.1048583984375,1463.949951171875,1467.449951171875,1451.3499755859375,1455.449951171875,285610
2023-09-15,1485.60693359375,1502.9000244140625,1508.449951171875,1463.0,1463.0,1369061
2023-09-18,1508.3916015625,1525.949951171875,1531.199951171875,1489.550048828125,1507.75,1464894
2023-09-20,1494.7010498046875,1512.0999755859375,1533.4000244140625,1508.949951171875,1524.5,537988
2023-09-21,1481.65283203125,1498.9000244140625,1510.0,1492.0999755859375,1506.0,542059
2023-09-22,1476.907958984375,1494.0999755859375,1498.5,1483.0999755859375,1489.949951171875,1048434
2023-09-25,1498.111328125,1515.550048828125,1521.1500244140625,1489.300048828125,1498.0,1238681
2023-09-26,1513.383544921875,1531.0,1544.0,1517.199951171875,1522.800048828125,1247558
2023-09-27,1510.6650390625,1528.25,1534.800048828125,1519.050048828125,1531.800048828125,1087855
2023-09-28,1506.365234375,1523.9000244140625,1546.5999755859375,1512.550048828125,1529.9000244140625,4734327
2023-09-29,1504.289306640625,1521.800048828125,1535.050048828125,1499.949951171875,1516.5,775781
2023-10-03,1512.39501953125,1530.0,1544.5999755859375,1521.8499755859375,1537.050048828125,791678
2023-10-04,1478.8358154296875,1496.050048828125,1530.0,1492.949951171875,1530.0,797755
2023-10-05,1480.911376953125,1498.1500244140625,1514.3499755859375,1489.449951171875,1507.0,586529
2023-10-06,1483.9759521484375,1501.25,1516.5999755859375,1495.0,1504.0,537906
2023-10-09,1504.9813232421875,1522.5,1533.8499755859375,1495.050048828125,1499.0,1131037
2023-10-10,1510.516845703125,1528.0999755859375,1558.949951171875,1522.5,1530.0999755859375,1691714
2023-10-11,1532.4119873046875,1550.25,1570.0999755859375,1542.6500244140625,1567.0,1007780
2023-10-12,1579.46435546875,1597.8499755859375,1600.9000244140625,1553.0999755859375,1566.0,1822514
2023-10-13,1582.4791259765625,1600.9000244140625,1605.949951171875,1579.199951171875,1579.199951171875,810988
2023-10-16,1583.2698974609375,1601.699951171875,1617.300048828125,1594.300048828125,1606.9000244140625,582454
2023-10-17,1590.8814697265625,1609.4000244140625,1615.949951171875,1601.25,1611.0,456174
2023-10-18,1582.1827392578125,1600.5999755859375,1607.0,1583.6500244140625,1607.0,359998
2023-10-19,1580.6505126953125,1599.050048828125,1615.949951171875,1584.5999755859375,1589.0,830994
2023-10-20,1578.080322265625,1596.449951171875,1609.800048828125,1590.699951171875,1599.050048828125,597980
2023-10-23,1567.00927734375,1585.25,1608.449951171875,1580.1500244140625,1584.0,950311
2023-10-25,1556.72900390625,1574.8499755859375,1608.449951171875,1570.0,1585.3499755859375,890501
2023-10-26,1558.854248046875,1577.0,1583.1500244140625,1548.5,1565.8499755859375,988912
2023-10-27,1573.5333251953125,1591.8499755859375,1600.0,1579.0,1585.0,737466
2023-10-30,1590.288330078125,1608.800048828125,1615.6500244140625,1563.1500244140625,1584.449951171875,912901
2023-10-31,1572.4954833984375,1590.800048828125,1634.0,1585.449951171875,1634.0,2389756
2023-11-01,1542.8900146484375,1560.8499755859375,1598.449951171875,1558.0,1592.0,1697994
2023-11-02,1551.984130859375,1570.050048828125,1574.5,1554.5,1570.0,802352
2023-11-03,1580.6998291015625,1599.0999755859375,1601.300048828125,1572.5,1577.9000244140625,552856
2023-11-06,1596.6640625,1615.25,1617.0,1600.199951171875,1606.949951171875,505748
2023-11-07,1591.96875,1610.5,1622.0999755859375,1604.5999755859375,1617.0999755859375,342837
2023-11-08,1627.9993896484375,1646.949951171875,1648.949951171875,1612.0,1614.800048828125,589975
2023-11-09,1627.9498291015625,1646.9000244140625,1653.8499755859375,1634.550048828125,1653.0,442148
2023-11-10,1613.171875,1631.949951171875,1645.0,1628.800048828125,1645.0,390701
2023-11-13,1629.086669921875,1648.050048828125,1652.0,1635.699951171875,1649.300048828125,364986
2023-11-15,1653.8978271484375,1673.1500244140625,1676.699951171875,1647.050048828125,1653.25,1011532
2023-11-16,1664.771240234375,1684.1500244140625,1688.5,1668.25,1674.5,468330
2023-11-17,1727.4912109375,1747.5999755859375,1754.6500244140625,1690.0,1696.800048828125,1721816
2023-11-20,1699.4674072265625,1719.25,1764.9000244140625,1706.0,1754.949951171875,1110928
2023-11-21,1704.8052978515625,1724.6500244140625,1738.25,1715.550048828125,1731.9000244140625,521686
2023-11-22,1719.2867431640625,1739.300048828125,1744.0,1724.550048828125,1729.9000244140625,2016499
2023-11-23,1755.6138916015625,1776.050048828125,1784.949951171875,1748.550048828125,1754.0,1599755
2023-11-24,1779.23876953125,1799.949951171875,1818.4000244140625,1778.75,1783.0,1298959
2023-11-28,1803.1109619140625,1824.0999755859373,1829.949951171875,1799.0,1800.0,957141
2023-11-29,1842.2059326171875,1863.6500244140625,1875.699951171875,1822.550048828125,1830.0,1212566
2023-11-30,1843.0460205078125,1864.5,1898.0,1850.050048828125,1853.25,2171737
2023-12-01,1887.8248291015625,1909.800048828125,1924.0,1867.699951171875,1883.0,1269657
2023-12-04,1882.0421142578125,1903.949951171875,1958.0,1890.0,1958.0,818769
2023-12-05,1881.10302734375,1903.0,1923.550048828125,1895.25,1918.0,970173
2023-12-06,1867.0169677734373,1888.75,1900.550048828125,1871.75,1889.0999755859373,1053331
2023-12-07,1898.1051025390625,1920.199951171875,1929.0,1893.800048828125,1894.3499755859373,720562
2023-12-08,1880.8065185546875,1902.699951171875,1930.0,1886.5999755859373,1924.5,493461
2023-12-11,1910.164794921875,1932.4000244140625,1940.0,1903.0,1907.1500244140625,674733
2023-12-12,1915.502685546875,1937.800048828125,1951.3499755859373,1926.1500244140625,1936.0,716644
2023-12-13,1999.0303955078125,2022.300048828125,2027.0,1932.050048828125,1940.0,2224533
2023-12-14,2025.176025390625,2048.75,2058.5,2006.0999755859373,2026.0,1066303
2023-12-15,1995.323486328125,2018.550048828125,2054.199951171875,2003.800048828125,2052.0,902030
2023-12-18,1976.6409912109373,1999.6500244140625,2035.300048828125,1996.550048828125,2024.0,936244
2023-12-19,1946.047119140625,1968.699951171875,2009.5999755859373,1958.0999755859373,2005.0,1139789
2023-12-20,1926.7713623046875,1949.199951171875,1998.75,1943.1500244140625,1984.0,743248
2023-12-21,1923.3116455078125,1945.699951171875,1971.949951171875,1924.699951171875,1936.0,733570
2023-12-22,1944.86083984375,1967.5,1988.800048828125,1934.4000244140625,1950.0,1070784
2023-12-26,1973.2305908203125,1996.199951171875,2010.9000244140625,1967.5,1967.5,890867
2023-12-27,1990.430419921875,2013.5999755859373,2026.0,1990.550048828125,2008.699951171875,477198
2023-12-28,1981.484619140625,2004.550048828125,2022.0,1995.3499755859373,2015.449951171875,1261169
2023-12-29,2002.4901123046875,2025.800048828125,2030.0,2000.0,2013.0,476136
2024-01-01,1995.8177490234373,2019.050048828125,2046.550048828125,2012.0,2032.0,474552
2024-01-02,1946.491943359375,1969.1500244140625,2039.800048828125,1952.1500244140625,2025.0,1407673
2024-01-03,1974.9111328125,1997.9000244140625,2015.9000244140625,1960.3499755859373,1977.0,837553
2024-01-04,1959.787109375,1982.5999755859373,2014.0999755859373,1979.300048828125,2008.0,982876
2024-01-05,1956.525146484375,1979.300048828125,2011.25,1969.25,1989.800048828125,2259906
2024-01-08,2014.35205078125,2037.800048828125,2062.89990234375,1980.0,1994.800048828125,2195125
2024-01-09,1995.66943359375,2018.9000244140625,2049.0,2005.0,2039.0,1424396
2024-01-10,1997.00390625,2020.25,2022.949951171875,1992.800048828125,2015.0999755859373,650058
2024-01-11,2063.331787109375,2087.35009765625,2095.5,2023.300048828125,2024.550048828125,1305313
2024-01-12,2061.7998046875,2085.800048828125,2100.0,2062.800048828125,2100.0,765951
2024-01-15,1998.33837890625,2021.5999755859373,2108.949951171875,2011.0,2098.300048828125,1349721
2024-01-16,2010.249755859375,2033.6500244140625,2043.9000244140625,2013.3499755859373,2030.0,1347953
2024-01-17,1993.5936279296875,2016.800048828125,2047.5,2003.449951171875,2023.6500244140625,727553
2024-01-18,1988.3546142578125,2011.5,2026.050048828125,1980.0,2016.0,815604
2024-01-19,2013.5611572265625,2037.0,2045.0,2011.0,2015.800048828125,747716
2024-01-23,1964.482421875,1987.3499755859373,2045.949951171875,1978.5999755859373,2015.449951171875,910575
2024-01-24,1977.9259033203125,2000.949951171875,2015.0,1959.800048828125,1975.0,903005
2024-01-25,1918.7645263671875,1941.0999755859373,2055.0,1923.050048828125,2055.0,2078701
2024-01-29,1942.093017578125,1964.699951171875,1974.0,1927.949951171875,1941.0,1563040
2024-01-30,1935.07470703125,1957.5999755859373,1996.8499755859373,1953.5,1973.0999755859373,1011435
2024-01-31,1978.3214111328125,2001.3499755859373,2006.8499755859373,1952.050048828125,1960.050048828125,1064182
2024-02-01,1972.291748046875,1995.25,2024.8499755859373,1985.0,2017.0,588605
2024-02-02,2021.7657470703125,2045.300048828125,2048.60009765625,1997.550048828125,1997.550048828125,830770
2024-02-05,2000.859130859375,2024.1500244140625,2077.64990234375,2010.199951171875,2049.25,829877
2024-02-06,2023.9404296875,2047.5,2068.0,2024.1500244140625,2034.0,707510
2024-02-07,2040.200927734375,2063.949951171875,2074.89990234375,2039.949951171875,2054.10009765625,413546
2024-02-08,2010.3486328125,2033.75,2073.550048828125,2026.5,2068.0,223855
2024-02-09,2014.154296875,2037.5999755859373,2046.0,2005.699951171875,2044.800048828125,235265
2024-02-12,2012.325439453125,2035.75,2054.449951171875,2015.550048828125,2044.0,309481
2024-02-13,2020.727783203125,2044.25,2060.199951171875,2021.0,2035.0,436456
2024-02-14,2063.9248046875,2087.949951171875,2105.0,2021.199951171875,2031.0,597383
2024-02-15,2068.9169921875,2093.0,2118.199951171875,2051.449951171875,2105.0,754820
2024-02-16,2114.140380859375,2138.75,2186.0,2097.10009765625,2098.75,2287490
2024-02-19,2096.001220703125,2120.39990234375,2160.0,2092.89990234375,2153.0,981429
2024-02-20,2093.826904296875,2118.199951171875,2138.5,2093.85009765625,2133.89990234375,611276
2024-02-21,2069.4111328125,2093.5,2139.0,2081.0,2122.0,407855
2024-02-22,2104.156494140625,2128.64990234375,2133.75,2090.85009765625,2104.449951171875,482482
2024-02-23,2091.602783203125,2115.949951171875,2139.0,2104.35009765625,2135.0,345944
2024-02-26,2137.221923828125,2162.10009765625,2167.0,2088.0,2107.050048828125,661221
2024-02-27,2108.60498046875,2133.14990234375,2168.14990234375,2127.39990234375,2167.0,626537
2024-02-28,2070.44921875,2094.550048828125,2142.14990234375,2071.85009765625,2135.0,808633
2024-02-29,2114.5849609375,2139.199951171875,2159.39990234375,2084.85009765625,2092.0,1749636
2024-03-01,2216.79541015625,2242.60009765625,2275.0,2121.64990234375,2139.949951171875,1643917
2024-03-04,2206.66357421875,2232.35009765625,2267.699951171875,2220.0,2263.39990234375,794390
2024-03-05,2254.654541015625,2280.89990234375,2289.89990234375,2232.050048828125,2239.0,942601
2024-03-06,2253.76513671875,2280.0,2295.199951171875,2231.10009765625,2295.199951171875,1248715
2024-03-07,2233.69873046875,2259.699951171875,2313.449951171875,2255.10009765625,2284.0,873474
2024-03-11,2242.249267578125,2268.35009765625,2304.35009765625,2255.050048828125,2276.0,715668
2024-03-12,2216.79541015625,2242.60009765625,2279.85009765625,2232.39990234375,2271.699951171875,471203
2024-03-13,2121.553955078125,2146.25,2257.5,2125.75,2242.60009765625,999329
2024-03-14,2125.063232421875,2149.800048828125,2200.60009765625,2108.89990234375,2139.85009765625,970661
2024-03-15,2042.6722412109373,2066.449951171875,2159.0,2054.949951171875,2153.0,1517532
2024-03-18,2008.0750732421875,2031.449951171875,2067.75,2012.050048828125,2061.0,1291028
2024-03-19,2026.2857666015625,2041.800048828125,2056.0,2010.0,2031.6500244140625,895151
2024-03-20,2019.487548828125,2034.949951171875,2105.0,2005.800048828125,2055.64990234375,1492834
2024-03-21,2039.4349365234373,2055.050048828125,2080.949951171875,2023.300048828125,2080.14990234375,1087462
2024-03-22,2035.21728515625,2050.800048828125,2085.0,2034.5,2062.0,833468
2024-03-26,2067.123046875,2082.949951171875,2088.0,2028.3499755859373,2053.300048828125,1066097
2024-03-27,2107.017333984375,2123.14990234375,2134.0,2084.14990234375,2100.0,1315796
2024-03-28,2135.49951171875,2151.85009765625,2165.0,2104.39990234375,2140.0,934714
2024-04-01,2122.846435546875,2139.10009765625,2195.0,2128.199951171875,2174.0,591922
2024-04-02,2134.209228515625,2150.550048828125,2175.300048828125,2116.89990234375,2175.300048828125,899959
2024-04-03,2088.409912109375,2104.39990234375,2150.0,2101.199951171875,2150.0,718065
2024-04-04,2070.84423828125,2086.699951171875,2118.85009765625,2067.75,2118.85009765625,797799
2024-04-05,2053.67578125,2069.39990234375,2094.0,2060.0,2086.0,586351
2024-04-08,2116.742919921875,2132.949951171875,2139.0,2066.300048828125,2080.0,935056
2024-04-09,2083.1005859375,2099.050048828125,2144.0,2096.0,2144.0,546070
2024-04-10,2081.462890625,2097.39990234375,2142.39990234375,2089.10009765625,2100.949951171875,592948
2024-04-12,2031.2972412109373,2046.8499755859373,2109.14990234375,2038.4000244140625,2097.89990234375,770726
2024-04-15,1984.9521484375,2000.1500244140625,2046.6500244140625,1988.800048828125,2011.0999755859373,1014530
2024-04-16,1960.588623046875,1975.5999755859373,2001.4000244140625,1960.699951171875,1990.0999755859373,1225387
2024-04-18,1925.9537353515625,1940.699951171875,1988.5,1927.449951171875,1980.0,2514361
2024-04-19,1884.620361328125,1899.050048828125,1921.449951171875,1873.0,1918.0,2046537
2024-04-22,1928.4844970703125,1943.25,1950.0,1890.0999755859373,1898.949951171875,1222136
2024-04-23,1938.259521484375,1953.0999755859373,1972.0,1918.5,1950.550048828125,1278413
2024-04-24,1949.3746337890625,1964.300048828125,1971.0999755859373,1940.949951171875,1959.0,1129487
2024-04-25,1990.509521484375,2005.75,2014.0999755859373,1951.300048828125,1968.0,1052042
2024-04-26,2001.1778564453125,2016.5,2038.800048828125,1995.6500244140625,2007.0,809102
2024-04-29,2021.1251220703125,2036.5999755859373,2042.0,2012.25,2020.0,420629
2024-04-30,2044.3472900390625,2060.0,2105.39990234375,2043.699951171875,2049.0,1223892
2024-05-02,2057.198974609375,2072.949951171875,2117.85009765625,2066.550048828125,2117.85009765625,1595338
2024-05-03,2037.15234375,2052.75,2085.85009765625,2035.8499755859373,2083.89990234375,527068
2024-05-06,2041.2213134765625,2056.85009765625,2070.0,2030.5,2060.0,304143
2024-05-07,1964.5582275390625,1979.5999755859373,2065.0,1973.0,2063.050048828125,725249
2024-05-08,1981.4786376953125,1996.6500244140625,2025.0,1918.5,1979.5999755859373,2130967
2024-05-09,2047.9200439453125,2063.60009765625,2123.0,2023.9000244140625,2023.9000244140625,5353261
2024-05-10,2047.870361328125,2063.550048828125,2087.35009765625,2022.75,2080.0,1125560
2024-05-13,2052.882080078125,2068.60009765625,2085.39990234375,1975.449951171875,2063.550048828125,1593052
2024-05-14,2118.5791015625,2134.800048828125,2139.949951171875,2065.0,2074.800048828125,1387841
2024-05-15,2083.99365234375,2099.949951171875,2149.89990234375,2085.0,2140.0,724319
2024-05-16,2111.731201171875,2127.89990234375,2133.949951171875,2090.5,2120.0,535364
2024-05-17,2167.8515625,2184.449951171875,2192.64990234375,2115.050048828125,2127.89990234375,1090700
2024-05-21,2139.5185546875,2155.89990234375,2199.449951171875,2142.10009765625,2199.0,772583
2024-05-22,2126.02197265625,2142.300048828125,2170.0,2121.10009765625,2167.0,609077
2024-05-23,2158.622314453125,2175.14990234375,2181.0,2137.050048828125,2143.75,457984
2024-05-24,2221.4912109375,2238.5,2254.0,2160.0,2165.050048828125,1224582
2024-05-27,2232.457275390625,2249.550048828125,2264.39990234375,2208.449951171875,2260.0,809083
2024-05-28,2234.541015625,2251.64990234375,2270.949951171875,2226.64990234375,2250.0,678357
2024-05-29,2236.724365234375,2253.85009765625,2265.10009765625,2215.050048828125,2230.60009765625,518041
2024-05-30,2213.899169921875,2230.85009765625,2259.25,2222.699951171875,2244.949951171875,741013
2024-05-31,2162.691162109375,2179.25,2238.800048828125,2145.75,2227.14990234375,2814422
2024-06-03,2232.903564453125,2250.0,2255.0,2207.300048828125,2234.550048828125,895334
2024-06-04,2194.646484375,2211.449951171875,2253.0,2069.0,2251.0,1169349
2024-06-05,2333.93017578125,2351.800048828125,2370.10009765625,2201.89990234375,2223.10009765625,1794260
2024-06-06,2379.9775390625,2398.199951171875,2409.949951171875,2335.5,2360.0,1606531
2024-06-07,2389.355712890625,2407.64990234375,2429.64990234375,2387.14990234375,2400.0,747356
2024-06-10,2418.333984375,2436.85009765625,2444.949951171875,2412.0,2419.64990234375,1482253
2024-06-11,2423.891357421875,2442.449951171875,2452.0,2418.0,2440.0,937870
2024-06-12,2402.108154296875,2420.5,2448.10009765625,2415.60009765625,2448.10009765625,630482
2024-06-13,2423.09716796875,2441.64990234375,2461.0,2411.0,2440.75,990069
2024-06-14,2484.82470703125,2503.85009765625,2519.0,2441.64990234375,2446.39990234375,813619
2024-06-18,2452.373046875,2471.14990234375,2510.550048828125,2453.300048828125,2510.0,1090211
2024-06-19,2419.22705078125,2437.75,2474.050048828125,2430.14990234375,2470.050048828125,674896
2024-06-20,2409.50146484375,2427.949951171875,2449.300048828125,2388.5,2431.64990234375,759638
2024-06-21,2416.894775390625,2435.39990234375,2468.949951171875,2425.0,2440.0,1274845
2024-06-24,2421.162109375,2439.699951171875,2463.0,2427.050048828125,2435.39990234375,838611
2024-06-25,2396.35205078125,2414.699951171875,2483.550048828125,2406.85009765625,2440.699951171875,709617
2024-06-26,2358.6904296875,2376.75,2419.949951171875,2353.0,2419.949951171875,1328074
2024-06-27,2326.338134765625,2344.14990234375,2403.199951171875,2334.550048828125,2368.85009765625,2892926
2024-06-28,2346.880859375,2364.85009765625,2376.0,2327.10009765625,2363.0,531757
2024-07-01,2336.708984375,2354.60009765625,2388.64990234375,2340.35009765625,2364.85009765625,531888
2024-07-02,2320.58251953125,2338.35009765625,2369.39990234375,2314.75,2354.60009765625,879900
2024-07-03,2297.0126953125,2314.60009765625,2373.199951171875,2301.199951171875,2350.0,745901
2024-07-04,2347.97265625,2365.949951171875,2393.949951171875,2317.75,2320.0,1348615
2024-07-05,2411.684814453125,2430.14990234375,2439.0,2369.050048828125,2369.050048828125,1253460
2024-07-08,2380.02734375,2398.25,2445.949951171875,2381.39990234375,2445.949951171875,752377
2024-07-09,2419.673583984375,2438.199951171875,2447.5,2397.5,2403.10009765625,761404
2024-07-10,2421.7080078125,2440.25,2476.449951171875,2406.449951171875,2452.0,1400944
2024-07-11,2456.888427734375,2475.699951171875,2491.89990234375,2444.199951171875,2444.199951171875,2112524
2024-07-12,2420.9140625,2439.449951171875,2491.0,2425.10009765625,2480.0,742628
2024-07-15,2432.2275390625,2450.85009765625,2455.550048828125,2424.300048828125,2445.0,320518
2024-07-16,2436.742919921875,2455.39990234375,2472.85009765625,2436.89990234375,2459.0,424872
2024-07-18,2389.30615234375,2407.60009765625,2464.949951171875,2383.0,2460.0,894461
2024-07-19,2386.279296875,2404.550048828125,2417.699951171875,2370.0,2410.550048828125,858204
2024-07-22,2407.66552734375,2426.10009765625,2440.949951171875,2371.0,2404.800048828125,510664
2024-07-23,2453.415283203125,2472.199951171875,2490.0,2359.949951171875,2425.89990234375,836325
2024-07-24,2430.9375,2449.550048828125,2485.0,2421.14990234375,2485.0,542901
2024-07-25,2430.689453125,2449.300048828125,2458.5,2421.0,2445.550048828125,395417
2024-07-26,2488.943359375,2508.0,2528.800048828125,2438.75,2449.5,1328315
2024-07-29,2465.72119140625,2484.60009765625,2539.949951171875,2465.75,2529.0,715525
2024-07-30,2477.72900390625,2496.699951171875,2511.949951171875,2470.60009765625,2484.550048828125,635216
2024-07-31,2511.7685546875,2531.0,2557.050048828125,2492.10009765625,2492.10009765625,1913288
2024-08-01,2564.564208984375,2584.199951171875,2602.14990234375,2520.0,2532.0,2477455
2024-08-02,2549.876708984375,2569.39990234375,2584.89990234375,2525.0,2574.800048828125,907741
2024-08-05,2474.40478515625,2493.35009765625,2561.0,2461.5,2515.39990234375,1605272
2024-08-06,2459.965087890625,2478.800048828125,2529.949951171875,2427.0,2514.89990234375,2149602
2024-08-07,2554.987548828125,2574.550048828125,2618.64990234375,2535.0,2535.0,2338106
2024-08-08,2509.833251953125,2529.050048828125,2590.64990234375,2504.14990234375,2579.0,608596
2024-08-09,2561.835205078125,2581.449951171875,2589.60009765625,2534.050048828125,2541.60009765625,554497
2024-08-12,2558.411376953125,2578.0,2583.10009765625,2535.0,2578.39990234375,788200
2024-08-13,2615.772216796875,2635.800048828125,2655.0,2555.5,2588.89990234375,2005430
2024-08-14,2585.702392578125,2605.5,2653.14990234375,2594.5,2635.800048828125,1364898
2024-08-16,2580.492431640625,2600.25,2635.14990234375,2572.85009765625,2625.0,1089926
2024-08-19,2587.786376953125,2607.60009765625,2625.0,2585.25,2622.550048828125,464963
2024-08-20,2616.169189453125,2636.199951171875,2647.39990234375,2612.050048828125,2624.0,546115
2024-08-21,2611.5048828125,2631.5,2636.199951171875,2605.60009765625,2636.199951171875,968366
2024-08-22,2685.68701171875,2706.25,2715.199951171875,2629.35009765625,2647.0,1415927
2024-08-23,2745.975341796875,2767.0,2818.0,2751.199951171875,2760.0,2526589
2024-08-26,2754.11279296875,2775.199951171875,2789.0,2740.699951171875,2781.699951171875,694903
2024-08-27,2720.272216796875,2741.10009765625,2786.85009765625,2722.14990234375,2785.0,917102
2024-08-28,2716.451171875,2737.25,2762.199951171875,2721.949951171875,2756.39990234375,615924
2024-08-29,2730.642578125,2751.550048828125,2765.5,2725.550048828125,2750.0,545401
2024-08-30,2791.923583984375,2813.300048828125,2824.0,2757.85009765625,2779.0,1691050
2024-09-02,2769.4951171875,2790.699951171875,2860.0,2780.35009765625,2859.5,1086763
2024-09-03,2761.456787109375,2782.60009765625,2806.0,2777.35009765625,2806.0,732254
2024-09-04,2753.81494140625,2774.89990234375,2783.60009765625,2746.050048828125,2756.699951171875,512770
2024-09-05,2740.715576171875,2761.699951171875,2802.5,2752.300048828125,2771.0,472195
2024-09-06,2731.38720703125,2752.300048828125,2783.050048828125,2732.85009765625,2761.64990234375,638798
2024-09-09,2744.08984375,2765.10009765625,2771.60009765625,2716.050048828125,2753.85009765625,420546
2024-09-10,2734.06640625,2755.0,2789.10009765625,2747.64990234375,2778.800048828125,361187
2024-09-11,2738.680908203125,2759.64990234375,2780.0,2726.39990234375,2764.800048828125,451598
2024-09-12,2801.40087890625,2822.85009765625,2828.0,2765.35009765625,2780.050048828125,640298
2024-09-13,2807.15673828125,2828.64990234375,2843.60009765625,2818.35009765625,2834.85009765625,372568
2024-09-16,2820.157470703125,2841.75,2849.949951171875,2805.0,2840.800048828125,237258
2024-09-17,2797.33203125,2818.75,2850.0,2783.10009765625,2850.0,998069
2024-09-18,2763.59033203125,2784.75,2835.0,2772.199951171875,2819.949951171875,537825
2024-09-19,2749.548095703125,2770.60009765625,2816.89990234375,2728.10009765625,2809.800048828125,541355
2024-09-20,2794.2060546875,2815.60009765625,2824.89990234375,2766.949951171875,2785.0,1029376
2024-09-23,2823.5810546875,2845.199951171875,2879.0,2813.449951171875,2832.89990234375,1352527
2024-09-24,2846.902587890625,2868.699951171875,2885.89990234375,2828.050048828125,2832.5,716361
2024-09-25,2849.68115234375,2871.5,2898.89990234375,2846.10009765625,2865.0,901475
2024-09-26,2869.13232421875,2891.10009765625,2902.0,2831.39990234375,2870.0,717570
2024-09-27,2927.287109375,2949.699951171875,2958.0,2869.14990234375,2887.449951171875,1294096
2024-09-30,2818.27197265625,2839.85009765625,2947.39990234375,2806.35009765625,2947.39990234375,1318103
2024-10-01,2817.080810546875,2838.64990234375,2875.25,2811.0,2857.0,853088
2024-10-03,2704.889892578125,2725.60009765625,2800.0,2716.25,2761.0,1164231
2024-10-04,2667.079345703125,2687.5,2751.300048828125,2658.0,2729.0,1039593
2024-10-07,2617.806884765625,2637.85009765625,2700.0,2621.14990234375,2688.0,658074
2024-10-08,2719.72607421875,2740.550048828125,2747.35009765625,2621.449951171875,2624.5,1114457
2024-10-09,2761.4072265625,2782.550048828125,2804.60009765625,2721.0,2760.0,884279
2024-10-10,2772.27392578125,2793.5,2828.0,2762.0,2780.0,498243
2024-10-11,2773.117431640625,2794.35009765625,2800.0,2764.64990234375,2791.550048828125,272568
2024-10-14,2808.8935546875,2830.39990234375,2845.0,2789.0,2794.300048828125,446302
2024-10-15,2812.0693359375,2833.60009765625,2848.0,2800.64990234375,2846.10009765625,671968
2024-10-16,2753.07080078125,2774.14990234375,2829.89990234375,2754.5,2824.050048828125,336618
2024-10-17,2658.891845703125,2679.25,2749.85009765625,2594.60009765625,2744.0,2812222
2024-10-18,2695.263427734375,2715.89990234375,2753.800048828125,2651.10009765625,2678.949951171875,570397
2024-10-21,2716.89794921875,2737.699951171875,2756.35009765625,2666.10009765625,2715.35009765625,685233
2024-10-22,2642.269287109375,2662.5,2749.0,2658.050048828125,2749.0,453367
2024-10-23,2543.475830078125,2562.949951171875,2771.89990234375,2485.89990234375,2689.85009765625,2474437
2024-10-24,2463.48828125,2482.35009765625,2649.0,2475.14990234375,2625.0,2651875
2024-10-25,2431.185546875,2449.800048828125,2502.10009765625,2375.0,2502.10009765625,2013642
2024-10-28,2443.64013671875,2462.35009765625,2481.699951171875,2408.5,2449.75,887553
2024-10-29,2428.605224609375,2447.199951171875,2474.39990234375,2410.199951171875,2460.0,817875
2024-10-30,2440.21630859375,2458.89990234375,2496.050048828125,2425.0,2425.0,844370
2024-10-31,2474.751953125,2493.699951171875,2500.699951171875,2448.35009765625,2460.050048828125,1006395
2024-11-01,2490.630126953125,2509.699951171875,2525.0,2501.75,2525.0,84638
2024-11-04,2393.8212890625,2412.14990234375,2523.85009765625,2404.699951171875,2523.85009765625,791508
2024-11-05,2439.719970703125,2458.39990234375,2468.14990234375,2395.0,2412.14990234375,496975
2024-11-06,2467.01123046875,2485.89990234375,2513.0,2462.39990234375,2478.0,606094
2024-11-07,2460.610107421875,2479.449951171875,2514.0,2443.199951171875,2497.0,626252
2024-11-08,2449.147705078125,2467.89990234375,2490.300048828125,2445.0,2486.0,229547
2024-11-11,2441.80419921875,2460.5,2493.60009765625,2441.050048828125,2455.0,304447
2024-11-12,2421.757568359375,2440.300048828125,2485.0,2430.0,2460.0,488274
2024-11-13,2367.6220703125,2385.75,2425.949951171875,2356.949951171875,2421.800048828125,1158274
2024-11-14,2377.943115234375,2396.14990234375,2415.0,2360.0,2375.0,308515
2024-11-18,2397.642333984375,2416.0,2443.300048828125,2395.050048828125,2409.0,369073
2024-11-19,2410.79150390625,2429.25,2469.89990234375,2413.60009765625,2419.800048828125,349283
2024-11-21,2370.301513671875,2388.449951171875,2429.25,2381.550048828125,2415.0,526062
2024-11-22,2395.90576171875,2414.25,2425.300048828125,2361.0,2378.75,483482
2024-11-25,2439.670654296875,2458.35009765625,2488.85009765625,2446.050048828125,2465.0,1152942
2024-11-26,2406.177001953125,2424.60009765625,2468.75,2413.050048828125,2463.199951171875,522817
2024-11-27,2422.104736328125,2440.64990234375,2446.0,2405.0,2430.0,560953
2024-11-28,2397.096435546875,2415.449951171875,2459.199951171875,2410.0,2441.5,920475
2024-11-29,2415.9521484375,2434.449951171875,2445.0,2396.89990234375,2402.0,598013
2024-12-02,2474.4541015625,2493.39990234375,2496.5,2451.0,2457.050048828125,886621
2024-12-03,2536.777099609375,2556.199951171875,2572.800048828125,2500.0,2500.14990234375,1504046
2024-12-04,2499.561767578125,2518.699951171875,2569.75,2503.5,2569.75,565355
2024-12-05,2493.111328125,2512.199951171875,2533.800048828125,2472.64990234375,2533.800048828125,518320
2024-12-06,2502.390380859375,2521.550048828125,2537.89990234375,2505.25,2519.89990234375,328425
2024-12-09,2469.93896484375,2488.85009765625,2532.0,2481.050048828125,2527.449951171875,343525
2024-12-10,2501.050537109375,2520.199951171875,2524.0,2483.949951171875,2497.800048828125,549109
2024-12-11,2512.21484375,2531.449951171875,2543.449951171875,2513.050048828125,2520.199951171875,394565
2024-12-12,2504.57373046875,2523.75,2537.60009765625,2496.60009765625,2530.0,282735
2024-12-13,2502.737548828125,2521.89990234375,2530.0,2465.0,2518.050048828125,286975
2024-12-16,2508.69189453125,2527.89990234375,2547.10009765625,2511.85009765625,2521.89990234375,311223
2024-12-17,2434.410888671875,2453.050048828125,2527.89990234375,2433.050048828125,2514.0,934501
2024-12-18,2460.41162109375,2479.25,2492.0,2428.449951171875,2438.050048828125,671227
2024-12-19,2440.96044921875,2459.64990234375,2466.25,2423.0,2449.0,622765
2024-12-20,2373.477294921875,2391.64990234375,2470.0,2381.75,2470.0,575609
2024-12-23,2370.15283203125,2388.300048828125,2419.85009765625,2380.0,2395.449951171875,624465
2024-12-24,2408.70751953125,2427.14990234375,2433.64990234375,2372.550048828125,2389.0,377743
2024-12-26,2420.02099609375,2438.550048828125,2448.0,2416.800048828125,2431.10009765625,384423
2024-12-27,2402.058349609375,2420.449951171875,2489.800048828125,2417.75,2439.5,456684
2024-12-30,2335.716552734375,2353.60009765625,2428.89990234375,2333.449951171875,2418.800048828125,2546678
2024-12-31,2350.50341796875,2368.5,2374.89990234375,2346.050048828125,2359.89990234375,649708
2025-01-01,2388.313720703125,2406.60009765625,2420.25,2347.0,2365.0,330907
2025-01-02,2482.443115234375,2501.449951171875,2508.0,2402.050048828125,2419.300048828125,1247379
2025-01-03,2464.08349609375,2482.949951171875,2514.0,2467.5,2514.0,766578
2025-01-06,2395.5087890625,2413.85009765625,2495.0,2401.75,2488.0,592677
2025-01-07,2366.381591796875,2384.5,2450.85009765625,2366.75,2420.050048828125,529516
2025-01-08,2343.854248046875,2361.800048828125,2395.0,2343.0,2381.10009765625,678020
2025-01-09,2308.772705078125,2326.449951171875,2366.39990234375,2311.0,2360.0,956229
2025-01-10,2265.901123046875,2283.25,2349.949951171875,2272.64990234375,2332.5,638304
2025-01-13,2160.0615234375,2176.60009765625,2278.25,2171.39990234375,2277.10009765625,896851
2025-01-14,2218.017578125,2235.0,2264.0,2178.449951171875,2178.449951171875,707155
2025-01-15,2233.39990234375,2250.5,2261.85009765625,2225.39990234375,2237.050048828125,1051263
2025-01-16,2260.74072265625,2278.050048828125,2306.14990234375,2263.0,2269.85009765625,661212
2025-01-17,2283.76416015625,2301.25,2307.14990234375,2254.10009765625,2288.0,569486
2025-01-20,2275.52734375,2292.949951171875,2314.800048828125,2245.0,2314.0,684192
2025-01-21,2274.485107421875,2291.89990234375,2326.5,2282.199951171875,2303.0,687145
2025-01-22,2255.97705078125,2273.25,2309.0,2244.10009765625,2304.0,600777
2025-01-23,2282.623046875,2300.10009765625,2306.5,2248.60009765625,2262.449951171875,336213
2025-01-24,2253.4462890625,2270.699951171875,2307.300048828125,2258.0,2301.0,576285
2025-01-27,2214.44482421875,2231.39990234375,2274.75,2218.14990234375,2264.800048828125,663070
2025-01-28,2318.0517578125,2335.800048828125,2374.89990234375,2217.050048828125,2254.0,1446186
2025-01-29,2446.02197265625,2464.75,2539.199951171875,2356.800048828125,2359.0,3167978
2025-01-30,2436.593994140625,2455.25,2505.10009765625,2429.85009765625,2459.050048828125,879247
2025-01-31,2439.223876953125,2457.89990234375,2492.5,2440.550048828125,2457.550048828125,681021
2025-02-01,2535.685302734375,2555.10009765625,2688.0,2435.550048828125,2466.0,2148989
2025-02-03,2633.5859375,2653.75,2661.199951171875,2527.64990234375,2549.89990234375,3036331
2025-02-04,2624.306884765625,2644.39990234375,2720.0,2637.449951171875,2659.89990234375,1473984
2025-02-05,2597.16455078125,2617.050048828125,2660.0,2597.39990234375,2655.0,594760
2025-02-06,2571.659912109375,2591.35009765625,2627.949951171875,2585.699951171875,2617.0,306299
2025-02-07,2585.85107421875,2605.64990234375,2630.550048828125,2576.800048828125,2610.60009765625,493929
2025-02-10,2538.960205078125,2558.39990234375,2650.0,2535.60009765625,2616.0,440811
2025-02-11,2466.117919921875,2485.0,2558.39990234375,2470.699951171875,2545.75,366437
2025-02-12,2474.503662109375,2493.449951171875,2502.5,2420.0,2500.0,527642
2025-02-13,2456.591064453125,2475.39990234375,2524.199951171875,2461.0,2490.0,396181
2025-02-14,2383.153076171875,2401.39990234375,2485.60009765625,2368.5,2476.0,483107
2025-02-17,2347.724365234375,2365.699951171875,2403.0,2356.050048828125,2401.39990234375,459708
2025-02-18,2335.76611328125,2353.64990234375,2371.949951171875,2337.10009765625,2360.5,514133
2025-02-19,2363.80126953125,2381.89990234375,2397.0,2330.050048828125,2342.800048828125,631536
2025-02-20,2400.867431640625,2419.25,2425.0,2345.0,2375.0,645674
2025-02-21,2307.283935546875,2324.949951171875,2417.300048828125,2302.550048828125,2414.60009765625,1384743
2025-02-24,2344.4990234375,2362.449951171875,2375.85009765625,2274.550048828125,2309.550048828125,505656
2025-02-25,2342.712890625,2360.64990234375,2396.0,2347.550048828125,2367.0,455790
2025-02-27,2321.177734375,2338.949951171875,2384.25,2304.10009765625,2360.64990234375,558324
2025-02-28,2208.58984375,2225.5,2318.0,2192.75,2318.0,1399849
2025-03-03,2306.192626953125,2323.85009765625,2335.0,2248.10009765625,2268.949951171875,1316845
2025-03-04,2276.469970703125,2293.89990234375,2335.0,2252.300048828125,2289.949951171875,1208564
2025-03-05,2312.990478515625,2330.699951171875,2347.39990234375,2280.5,2308.60009765625,695924
2025-03-06,2301.875732421875,2319.5,2358.0,2292.550048828125,2358.0,651917
2025-03-07,2315.173583984375,2332.89990234375,2359.10009765625,2307.699951171875,2332.0,683846
2025-03-10,2240.0986328125,2257.25,2341.39990234375,2245.0,2332.89990234375,480419
2025-03-11,2271.45849609375,2288.85009765625,2299.14990234375,2218.800048828125,2247.0,574902
2025-03-12,2241.835205078125,2259.0,2299.949951171875,2242.199951171875,2291.0,519721
2025-03-13,2233.796630859375,2250.89990234375,2287.949951171875,2246.050048828125,2255.050048828125,413139
2025-03-17,2249.575927734375,2266.800048828125,2313.449951171875,2256.050048828125,2258.550048828125,582066
2025-03-18,2249.575927734375,2266.800048828125,2266.800048828125,2266.800048828125,2266.800048828125,0
2025-03-19,2302.12353515625,2319.75,2342.5,2303.699951171875,2324.0,610676
2025-03-20,2328.96826171875,2346.800048828125,2353.050048828125,2308.5,2348.14990234375,597377
2025-03-21,2395.5087890625,2413.85009765625,2450.0,2350.050048828125,2355.85009765625,1871573
2025-03-24,2426.124267578125,2444.699951171875,2457.75,2395.050048828125,2434.0,703461
2025-03-25,2403.1005859375,2421.5,2464.0,2410.0,2464.0,767700
2025-03-26,2420.73876953125,2429.199951171875,2450.0,2407.0,2415.0,512282
2025-03-27,2447.0966796875,2455.64990234375,2460.949951171875,2370.0,2411.949951171875,636174
2025-03-28,2411.42138671875,2419.85009765625,2468.0,2401.5,2463.0,582409
2025-04-01,2432.348388671875,2440.85009765625,2459.199951171875,2392.89990234375,2425.0,463333
2025-04-02,2487.406005859375,2496.10009765625,2518.449951171875,2443.550048828125,2450.0,832671
2025-04-03,2467.42578125,2476.050048828125,2501.0,2441.25,2470.0,529522
2025-04-04,2456.3642578125,2464.949951171875,2550.949951171875,2450.39990234375,2473.050048828125,567198
2025-04-07,2359.9013671875,2368.14990234375,2394.89990234375,2221.10009765625,2245.25,1050483
2025-04-08,2429.1591796875,2437.64990234375,2449.0,2360.5,2395.050048828125,692612
2025-04-09,2466.62841796875,2475.25,2488.699951171875,2417.10009765625,2450.0,898839
2025-04-11,2504.5458984375,2513.300048828125,2530.0,2496.050048828125,2511.64990234375,912929
2025-04-15,2577.490966796875,2586.5,2600.5,2545.800048828125,2586.0,1045478
2025-04-16,2605.094482421875,2614.199951171875,2624.800048828125,2567.39990234375,2589.0,591510
2025-04-17,2669.9677734375,2679.300048828125,2690.0,2600.0,2600.0,891895
2025-04-21,2726.07177734375,2735.60009765625,2745.10009765625,2668.199951171875,2695.0,454985
2025-04-22,2728.96142578125,2738.5,2771.5,2723.300048828125,2755.0,1128946
2025-04-23,2796.923828125,2806.699951171875,2816.10009765625,2720.5,2738.5,465708
2025-04-24,2764.238037109375,2773.89990234375,2820.0,2750.5,2798.0,605270
2025-04-25,2728.363525390625,2737.89990234375,2809.699951171875,2695.0,2791.0,711996
2025-04-28,2783.371337890625,2793.10009765625,2848.89990234375,2710.0,2745.0,859499
2025-04-29,2693.1865234375,2702.60009765625,2797.800048828125,2680.10009765625,2774.0,2948364
2025-04-30,2662.693115234375,2672.0,2708.89990234375,2655.0,2702.89990234375,1551074
2025-05-02,2710.52587890625,2720.0,2752.0,2700.0,2700.5,1412488
2025-05-05,2772.907958984375,2782.60009765625,2796.199951171875,2727.300048828125,2731.800048828125,833618
2025-05-06,2763.839599609375,2773.5,2829.89990234375,2758.0,2794.0,961359
2025-05-07,2782.57421875,2792.300048828125,2811.0,2755.0,2755.0,779782
2025-05-08,2686.2109375,2695.60009765625,2808.199951171875,2680.199951171875,2800.0,888115
2025-05-09,2654.421875,2663.699951171875,2686.10009765625,2640.0,2645.0,964332
2025-05-12,2751.084228515625,2760.699951171875,2774.0,2719.699951171875,2725.0,701314
2025-05-13,2702.952392578125,2712.39990234375,2780.800048828125,2700.0,2764.0,657860
2025-05-14,2717.800537109375,2727.300048828125,2738.0,2689.0,2720.39990234375,609489
2025-05-15,2780.082763671875,2789.800048828125,2794.800048828125,2709.0,2727.300048828125,1126642
2025-05-16,2831.602783203125,2841.5,2853.89990234375,2777.0,2799.89990234375,823478
2025-05-19,2815.260009765625,2825.10009765625,2878.89990234375,2815.199951171875,2854.5,841294
2025-05-20,2741.6171875,2751.199951171875,2840.0,2744.300048828125,2840.0,680986
2025-05-21,2757.6611328125,2767.300048828125,2808.0,2741.10009765625,2761.10009765625,486324
2025-05-22,2793.03759765625,2802.800048828125,2810.0,2717.0,2767.10009765625,785085
2025-05-23,2770.9150390625,2780.60009765625,2824.199951171875,2777.5,2822.0,537902
2025-05-26,2767.128173828125,2776.800048828125,2815.0,2769.699951171875,2794.0,656043
2025-05-27,2789.9482421875,2799.699951171875,2805.5,2745.800048828125,2790.0,457064
2025-05-28,2791.741943359375,2801.5,2812.89990234375,2779.10009765625,2799.699951171875,479024
2025-05-29,2798.8173828125,2808.60009765625,2832.89990234375,2790.800048828125,2817.800048828125,601733
2025-05-30,2771.1142578125,2780.800048828125,2809.0,2733.10009765625,2795.10009765625,1690693
2025-06-02,2753.774658203125,2763.39990234375,2796.89990234375,2722.10009765625,2785.0,673513
2025-06-03,2735.239501953125,2744.800048828125,2778.5,2735.5,2764.10009765625,453177
2025-06-04,2750.78515625,2760.39990234375,2780.39990234375,2745.699951171875,2750.0,440642
2025-06-05,2708.13427734375,2717.60009765625,2769.699951171875,2704.199951171875,2769.699951171875,969443
2025-06-06,2738.229248046875,2747.800048828125,2759.0,2708.0,2739.0,825448
2025-06-09,2733.64501953125,2743.199951171875,2769.0,2718.0,2765.0,645071
2025-06-10,2735.43896484375,2745.0,2764.0,2732.10009765625,2745.0,570176
2025-06-11,2761.348388671875,2771.0,2809.0,2745.0,2750.0,1303148
2025-06-12,2729.858154296875,2739.39990234375,2790.0,2727.0,2782.0,418847
2025-06-13,2731.35302734375,2740.89990234375,2747.800048828125,2655.10009765625,2705.0,554368
2025-06-16,2786.759521484375,2796.5,2799.60009765625,2719.5,2740.89990234375,568490
2025-06-17,2767.526611328125,2777.199951171875,2808.0,2769.10009765625,2807.0,480492
2025-06-18,2766.231201171875,2775.89990234375,2825.0,2760.5,2777.199951171875,792908
2025-06-19,2770.21728515625,2779.89990234375,2817.0,2762.199951171875,2762.199951171875,597873
2025-06-20,2802.30517578125,2812.10009765625,2833.699951171875,2756.10009765625,2791.60009765625,1007979
2025-06-23,2768.921875,2778.60009765625,2809.89990234375,2767.10009765625,2800.0,414211
2025-06-24,2827.21826171875,2837.10009765625,2873.699951171875,2800.89990234375,2800.89990234375,1407004
2025-06-25,2906.640380859375,2916.800048828125,2925.0,2849.0,2850.0,1137136
2025-06-26,2918.6982421875,2928.89990234375,2936.89990234375,2896.60009765625,2929.0,949146
2025-06-27,2929.06201171875,2939.300048828125,2960.300048828125,2911.60009765625,2927.0,2231250
2025-06-30,2907.836181640625,2918.0,2951.10009765625,2882.0,2948.0,1372365
2025-07-01,2883.521240234375,2893.60009765625,2936.0,2884.89990234375,2935.0,840834
2025-07-02,2888.204833984375,2898.300048828125,2915.89990234375,2880.0,2904.60009765625,606782
2025-07-03,2889.101806640625,2899.199951171875,2946.60009765625,2893.199951171875,2918.0,787076
2025-07-04,2870.068359375,2880.10009765625,2912.5,2849.300048828125,2900.0,494247
2025-07-07,2866.87939453125,2876.89990234375,2892.5,2862.10009765625,2876.10009765625,256130
2025-07-08,2820.84033203125,2830.699951171875,2889.0,2800.0,2889.0,495704
2025-07-09,2830.207763671875,2840.10009765625,2844.0,2810.0,2810.0,316919
2025-07-10,2820.242431640625,2830.10009765625,2844.0,2822.0,2840.0,307147
2025-07-11,2744.90576171875,2754.5,2828.800048828125,2746.0,2810.0,553847
2025-07-14,2792.439453125,2802.199951171875,2807.699951171875,2750.5,2754.5,1072824
2025-07-15,2874.951171875,2885.0,2901.699951171875,2799.0,2800.0,916986
2025-07-16,2887.20849609375,2897.300048828125,2902.0,2865.0,2884.0,451252
2025-07-17,2868.77294921875,2878.800048828125,2909.800048828125,2872.0,2897.300048828125,586027
2025-07-18,2839.37548828125,2849.300048828125,2898.199951171875,2845.0,2890.199951171875,410749
2025-07-21,2825.62353515625,2835.5,2885.300048828125,2831.10009765625,2850.39990234375,485377
2025-07-22,2785.6630859375,2795.39990234375,2843.800048828125,2787.5,2835.5,355925
2025-07-23,2792.83837890625,2802.60009765625,2835.60009765625,2793.10009765625,2809.39990234375,545414
2025-07-24,2787.955322265625,2797.699951171875,2828.0,2782.0,2818.800048828125,395856
2025-07-25,2764.736328125,2774.39990234375,2799.89990234375,2728.699951171875,2797.699951171875,909208
2025-07-28,2789.151123046875,2798.89990234375,2832.800048828125,2750.0,2774.39990234375,601547
2025-07-29,2792.041015625,2801.800048828125,2825.0,2784.89990234375,2790.0,820647
2025-07-30,2783.86962890625,2793.60009765625,2825.0,2754.5,2814.89990234375,624411
2025-07-31,2792.041015625,2801.800048828125,2846.0,2755.0,2760.0,1287444
2025-08-01,2848.24462890625,2858.199951171875,2884.10009765625,2799.10009765625,2825.0,2512045
2025-08-04,2932.2509765625,2942.5,2968.0,2882.60009765625,2890.0,1942925
2025-08-05,2972.80908203125,2983.199951171875,2988.89990234375,2913.0,2951.0,1159503
2025-08-06,2942.415283203125,2952.699951171875,3001.800048828125,2939.89990234375,2980.0,700188
2025-08-07,3002.90380859375,3013.39990234375,3020.10009765625,2931.300048828125,2952.0,830216
2025-08-08,2958.558837890625,2968.89990234375,3024.199951171875,2960.0,3014.89990234375,387198
2025-08-11,2970.816162109375,2981.199951171875,2999.0,2957.300048828125,2985.0,569270
2025-08-12,2953.476806640625,2963.800048828125,3000.0,2955.5,2994.39990234375,612973
2025-08-13,3008.683837890625,3019.199951171875,3044.800048828125,2963.800048828125,2977.800048828125,1546062
2025-08-14,3009.780029296875,3020.300048828125,3039.89990234375,2985.60009765625,3034.0,1075908
2025-08-18,3208.4853515625,3219.699951171875,3255.800048828125,3132.39990234375,3155.89990234375,3748828
2025-08-19,3240.5732421875,3251.89990234375,3257.800048828125,3209.800048828125,3220.0,1233895
2025-08-20,3218.55029296875,3229.800048828125,3272.39990234375,3221.199951171875,3252.10009765625,886979
2025-08-21,3269.47216796875,3280.89990234375,3308.0,3228.0,3247.800048828125,1427568
2025-08-22,3283.12451171875,3294.60009765625,3305.0,3273.5,3281.0,1323997
2025-08-25,3273.259033203125,3284.699951171875,3318.0,3259.800048828125,3310.0,733843
2025-08-26,3260.90234375,3272.300048828125,3297.300048828125,3253.199951171875,3274.10009765625,1060760
2025-08-28,3244.658935546875,3256.0,3349.0,3246.0,3349.0,856511
2025-08-29,3265.187255859375,3276.60009765625,3313.89990234375,3238.0,3239.10009765625,1023381
2025-09-01,3344.510009765625,3356.199951171875,3373.699951171875,3280.60009765625,3295.10009765625,803428
2025-09-02,3357.86328125,3369.60009765625,3394.0,3333.10009765625,3361.0,641932
2025-09-03,3388.456298828125,3400.300048828125,3413.60009765625,3351.199951171875,3367.10009765625,752456
2025-09-04,3421.24169921875,3433.199951171875,3500.0,3422.39990234375,3500.0,1331870
2025-09-05,3464.49072265625,3476.60009765625,3481.300048828125,3446.10009765625,3450.300048828125,786141
2025-09-08,3578.791015625,3591.300048828125,3602.699951171875,3488.39990234375,3488.39990234375,1406946
2025-09-09,3553.878173828125,3566.300048828125,3597.300048828125,3544.39990234375,3591.300048828125,675896
2025-09-10,3483.12548828125,3495.300048828125,3592.39990234375,3479.5,3583.300048828125,916961
2025-09-11,3499.866943359375,3512.10009765625,3525.0,3455.5,3495.300048828125,545731
2025-09-12,3480.2353515625,3492.39990234375,3556.800048828125,3479.89990234375,3520.0,437676
2025-09-15,3465.28759765625,3477.39990234375,3529.0,3469.699951171875,3508.300048828125,561079
2025-09-16,3487.709228515625,3499.89990234375,3522.10009765625,3482.0,3489.39990234375,771880
2025-09-17,3487.908935546875,3500.10009765625,3524.60009765625,3491.10009765625,3504.89990234375,335818
2025-09-18,3534.246826171875,3546.60009765625,3552.5,3491.10009765625,3518.800048828125,637171
2025-09-19,3517.106689453125,3529.39990234375,3546.0,3515.699951171875,3544.10009765625,469027
2025-09-22,3513.320068359375,3525.60009765625,3569.5,3520.89990234375,3537.0,364825
2025-09-23,3500.46484375,3512.699951171875,3599.89990234375,3496.39990234375,3538.800048828125,491046
2025-09-24,3440.972900390625,3453.0,3515.39990234375,3443.300048828125,3500.0,693587
2025-09-25,3396.528076171875,3408.39990234375,3462.300048828125,3399.300048828125,3453.0,786698
2025-09-26,3402.507080078125,3414.39990234375,3453.800048828125,3392.199951171875,3404.0,610742
2025-09-29,3427.61962890625,3439.60009765625,3451.0,3387.800048828125,3415.89990234375,743356
2025-09-30,3426.72265625,3438.699951171875,3459.60009765625,3403.300048828125,3453.39990234375,499575
2025-10-01,3445.756103515625,3457.800048828125,3480.800048828125,3430.0,3448.300048828125,287239
2025-10-03,3444.06201171875,3456.10009765625,3465.0,3367.199951171875,3460.0,515537
2025-10-06,3498.671142578125,3510.89990234375,3521.10009765625,3427.60009765625,3460.0,806627
2025-10-07,3501.261962890625,3513.5,3541.89990234375,3494.5,3509.0,403033
2025-10-08,3470.868408203125,3483.0,3535.0,3474.199951171875,3522.800048828125,281210
2025-10-09,3474.455810546875,3486.60009765625,3494.60009765625,3447.199951171875,3487.10009765625,454868
2025-10-10,3478.142822265625,3490.300048828125,3523.0,3466.0,3484.699951171875,315926
2025-10-13,3490.997802734375,3503.199951171875,3535.0,3438.699951171875,3475.10009765625,610644
2025-10-14,3492.791748046875,3505.0,3518.0,3474.199951171875,3504.0,509821
2025-10-15,3562.447998046875,3574.89990234375,3578.699951171875,3505.10009765625,3522.89990234375,1116729
2025-10-16,3564.042724609375,3576.5,3629.699951171875,3556.39990234375,3585.0,757797
2025-10-17,3641.272705078125,3654.0,3658.0,3575.5,3576.5,1173044
2025-10-20,3639.279541015625,3652.0,3700.0,3638.800048828125,3699.0,607833
2025-10-21,3645.557861328125,3658.300048828125,3681.0,3640.0,3668.0,60230
2025-10-23,3584.67041015625,3597.199951171875,3720.0,3584.199951171875,3720.0,870969
2025-10-24,3587.261474609375,3599.800048828125,3639.199951171875,3584.10009765625,3596.0,450646
2025-10-27,3627.2216796875,3639.89990234375,3645.0,3603.300048828125,3619.800048828125,363802
2025-10-28,3549.593017578125,3562.0,3680.0,3523.800048828125,3650.0,1390930
2025-10-29,3486.712890625,3498.89990234375,3613.800048828125,3490.0,3600.0,2288619
2025-10-30,3479.537841796875,3491.699951171875,3535.0,3480.5,3505.89990234375,1453161
2025-10-31,3496.478759765625,3508.699951171875,3547.0,3493.699951171875,3497.0,838519
2025-11-03,3498.2724609375,3510.5,3535.0,3486.5,3511.89990234375,932956
2025-11-04,3461.0029296875,3473.10009765625,3531.300048828125,3455.10009765625,3510.10009765625,3540359
2025-11-06,3434.79443359375,3446.800048828125,3517.199951171875,3412.10009765625,3475.0,972150
2025-11-07,3444.759521484375,3456.800048828125,3469.0,3341.0,3430.0,1074925
2025-11-10,3478.64111328125,3490.800048828125,3503.89990234375,3451.10009765625,3451.10009765625,782233
2025-11-11,3462.098876953125,3474.199951171875,3505.0,3446.10009765625,3501.300048828125,633478
2025-11-12,3442.467529296875,3454.5,3491.89990234375,3444.300048828125,3481.699951171875,641642
2025-11-13,3438.581298828125,3450.60009765625,3475.0,3442.199951171875,3455.0,415874
2025-11-14,3374.704345703125,3386.5,3470.699951171875,3369.0,3445.0,1156532
2025-11-17,3463.294677734375,3475.39990234375,3481.0,3385.0,3407.5,1333551
2025-11-18,3467.779052734375,3479.89990234375,3497.699951171875,3461.0,3485.0,727156
2025-11-19,3465.586669921875,3477.699951171875,3504.89990234375,3441.199951171875,3475.0,652297
2025-11-20,3474.25634765625,3486.39990234375,3501.5,3464.0,3498.0,517982
2025-11-21,3429.911376953125,3441.89990234375,3485.0,3429.10009765625,3480.10009765625,535665
2025-11-24,3429.512939453125,3441.5,3469.0,3423.800048828125,3451.800048828125,1480534
2025-11-25,3435.791015625,3447.800048828125,3474.800048828125,3437.300048828125,3441.199951171875,361442
2025-11-26,3526.274658203125,3538.60009765625,3543.39990234375,3434.300048828125,3457.800048828125,689565
2025-11-27,3505.746337890625,3518.0,3574.800048828125,3503.10009765625,3542.0,565331
2025-11-28,3519.199462890625,3531.5,3570.0,3506.39990234375,3519.89990234375,542882
2025-12-01,3649.045654296875,3661.800048828125,3665.89990234375,3549.10009765625,3550.0,1616247
2025-12-02,3657.91455078125,3670.699951171875,3683.89990234375,3646.0,3659.800048828125,939558
2025-12-03,3619.150146484375,3631.800048828125,3675.0,3607.5,3670.0,506439
2025-12-04,3633.698974609375,3646.39990234375,3675.0,3623.5,3640.0,602960
2025-12-05,3652.6328125,3665.39990234375,3687.199951171875,3626.699951171875,3646.199951171875,331003
2025-12-08,3600.116455078125,3612.699951171875,3673.800048828125,3590.199951171875,3670.10009765625,472896
2025-12-09,3601.91015625,3614.5,3622.39990234375,3543.0,3588.0,606495
2025-12-10,3594.037841796875,3606.60009765625,3653.699951171875,3594.5,3632.0,400339
2025-12-11,3624.73046875,3637.39990234375,3642.5,3589.0,3595.10009765625,446958
2025-12-12,3642.468505859375,3655.199951171875,3660.0,3623.0,3631.0,290853
2025-12-15,3626.6240234375,3639.300048828125,3653.89990234375,3591.5,3651.89990234375,327503
2025-12-16,3606.99267578125,3619.60009765625,3651.39990234375,3597.89990234375,3639.0,266040
2025-12-17,3626.22509765625,3638.89990234375,3659.199951171875,3611.0,3617.800048828125,423064
2025-12-18,3579.68798828125,3592.199951171875,3652.300048828125,3561.39990234375,3638.89990234375,835779
2025-12-19,3653.23095703125,3666.0,3674.699951171875,3592.300048828125,3592.300048828125,602861
2025-12-22,3696.67919921875,3709.60009765625,3734.89990234375,3670.0,3677.60009765625,592689
2025-12-23,3673.659423828125,3686.5,3714.0,3675.5,3714.0,261018
2025-12-24,3652.43359375,3665.199951171875,3716.10009765625,3651.10009765625,3686.5,644417
2025-12-26,3621.442138671875,3634.10009765625,3675.10009765625,3626.39990234375,3664.89990234375,223878
2025-12-29,3561.75048828125,3574.199951171875,3663.89990234375,3568.89990234375,3634.10009765625,462957
2025-12-30,3621.9404296875,3634.60009765625,3654.0,3549.10009765625,3575.0,1497535
2025-12-31,3706.843505859375,3719.800048828125,3725.0,3641.0,3649.0,602873
2026-01-01,3781.18359375,3794.39990234375,3799.89990234375,3722.39990234375,3737.0,611579
2026-01-02,3834.397705078125,3847.800048828125,3897.5,3825.699951171875,3843.0,1002294
2026-01-05,3850.740478515625,3864.199951171875,3909.0,3842.5,3863.0,528557
2026-01-06,3852.634033203125,3866.10009765625,3882.0,3835.10009765625,3869.0,382299
2026-01-07,3826.823974609375,3840.199951171875,3882.39990234375,3820.60009765625,3850.800048828125,341204
2026-01-08,3788.458251953125,3801.699951171875,3854.0,3791.89990234375,3840.199951171875,367668
2026-01-09,3746.106201171875,3759.199951171875,3848.699951171875,3751.300048828125,3800.0,567897
2026-01-12,3741.7216796875,3754.800048828125,3771.199951171875,3654.300048828125,3746.0,588225
2026-01-13,3742.3193359375,3755.39990234375,3771.0,3699.5,3758.300048828125,1075385
2026-01-14,3677.5458984375,3690.39990234375,3770.10009765625,3682.0,3770.0,601520
2026-01-15,3677.5458984375,3690.39990234375,3690.39990234375,3690.39990234375,3690.39990234375,0
2026-01-16,3655.024658203125,3667.800048828125,3720.39990234375,3640.800048828125,3709.39990234375,1324087
2026-01-19,3689.005859375,3701.89990234375,3710.89990234375,3631.0,3660.0,589483
2026-01-20,3603.10595703125,3615.699951171875,3719.39990234375,3597.199951171875,3701.0,533454
2026-01-21,3589.453857421875,3602.0,3609.89990234375,3525.199951171875,3599.89990234375,965963
2026-01-22,3557.6650390625,3570.10009765625,3664.89990234375,3547.10009765625,3627.60009765625,436109
2026-01-23,3537.435791015625,3549.800048828125,3613.0,3536.199951171875,3570.10009765625,618661
2026-01-27,3555.572265625,3568.0,3600.0,3507.5,3600.0,963692
2026-01-28,3715.413330078125,3728.39990234375,3749.0,3496.0,3578.10009765625,2151909
2026-01-29,3642.269287109375,3655.0,3757.39990234375,3602.39990234375,3716.89990234375,950498
2026-01-30,3664.591064453125,3677.39990234375,3709.89990234375,3627.10009765625,3665.0,994421
2026-02-02,3633.101318359375,3645.800048828125,3655.0,3558.800048828125,3610.0,594725
2026-02-03,3713.32080078125,3726.300048828125,3820.0,3696.10009765625,3816.699951171875,895529
2026-02-04,3714.4169921875,3727.39990234375,3775.0,3705.89990234375,3718.800048828125,889710
2026-02-05,3699.76806640625,3712.699951171875,3739.0,3691.800048828125,3727.39990234375,593814
2026-02-06,3745.40869140625,3758.5,3773.0,3667.10009765625,3700.0,735378
2026-02-09,3751.587158203125,3764.699951171875,3785.0,3715.800048828125,3780.0,545338
2026-02-10,3749.294921875,3762.39990234375,3779.0,3745.0,3752.0,816771
2026-02-11,3851.637451171875,3865.10009765625,3889.0,3759.60009765625,3780.0,1125178
2026-02-12,3867.681396484375,3881.199951171875,3903.89990234375,3853.5,3875.0,445270
2026-02-13,3851.13916015625,3864.60009765625,3894.0,3832.199951171875,3861.60009765625,260604
2026-02-16,3794.13818359375,3807.39990234375,3889.800048828125,3793.60009765625,3860.0,333076
2026-02-17,3864.293212890625,3877.800048828125,3883.60009765625,3787.0,3807.39990234375,377690
2026-02-18,3871.667236328125,3885.199951171875,3898.300048828125,3854.10009765625,3885.0,245619
2026-02-19,3816.759521484375,3830.10009765625,3896.89990234375,3820.0,3888.0,309698
2026-02-20,3802.90771484375,3816.199951171875,3867.89990234375,3791.699951171875,3830.10009765625,386586
2026-02-23,3815.762939453125,3829.10009765625,3894.800048828125,3814.199951171875,3835.0,605954
2026-02-24,3802.90771484375,3816.199951171875,3835.0,3743.39990234375,3830.0,896496
2026-02-25,3918.304443359375,3932.0,3945.0,3800.199951171875,3812.10009765625,647290
2026-02-26,3940.427001953125,3954.199951171875,3970.0,3918.10009765625,3950.89990234375,642743
2026-02-27,3856.221435546875,3869.699951171875,3968.199951171875,3856.0,3954.199951171875,1408870
2026-03-02,3799.818603515625,3813.10009765625,3907.199951171875,3746.0,3780.0,1002069
2026-03-04,3733.649658203125,3746.699951171875,3765.800048828125,3645.300048828125,3725.0,1217791
2026-03-05,3805.099853515625,3818.39990234375,3833.699951171875,3736.0,3775.0,711113
2026-03-06,3770.81982421875,3784.0,3825.0,3767.89990234375,3806.89990234375,571666
2026-03-09,3615.1640625,3627.800048828125,3706.199951171875,3582.5,3699.0,1049321
2026-03-10,3771.916259765625,3785.10009765625,3793.10009765625,3661.5,3708.0,957425
2026-03-11,3588.258056640625,3600.800048828125,3797.5,3590.5,3780.0,1248097
2026-03-12,3410.6787109375,3422.60009765625,3564.800048828125,3402.800048828125,3554.10009765625,2588732
2026-03-13,3312.92041015625,3324.5,3406.0,3282.300048828125,3399.60009765625,1447445
2026-03-16,3363.045166015625,3374.800048828125,3389.699951171875,3287.300048828125,3329.89990234375,985489
2026-03-17,3479.8369140625,3492.0,3505.0,3352.199951171875,3390.0,1460188
2026-03-18,3560.35546875,3572.800048828125,3578.89990234375,3500.0,3510.0,1218633
2026-03-19,3442.16845703125,3454.199951171875,3507.89990234375,3420.300048828125,3499.89990234375,1045013
2026-03-20,3450.140625,3462.199951171875,3532.0,3450.10009765625,3469.10009765625,744363
2026-03-23,3400.61376953125,3412.5,3440.0,3382.0,3440.0,748254
2026-03-24,3467.579833984375,3479.699951171875,3500.699951171875,3410.60009765625,3458.5,1302031
2026-03-25,3530.858642578125,3543.199951171875,3590.0,3503.0,3520.0,1068845
2026-03-27,3433.199951171875,3445.199951171875,3521.0,3437.0,3521.0,950570
2026-03-30,3363.800048828125,3363.800048828125,3415.10009765625,3350.0,3395.10009765625,1324384
2026-04-01,3425.800048828125,3425.800048828125,3502.0,3394.300048828125,3434.699951171875,1234217
2026-04-02,3391.39990234375,3391.39990234375,3405.89990234375,3293.800048828125,3400.0,920766
2026-04-06,3487.800048828125,3487.800048828125,3504.10009765625,3410.39990234375,3467.89990234375,959786
2026-04-07,3470.60009765625,3470.60009765625,3478.89990234375,3410.10009765625,3465.0,617694
2026-04-08,3701.39990234375,3701.39990234375,3736.0,3573.89990234375,3640.0,1532962
2026-04-09,3727.10009765625,3727.10009765625,3768.5,3663.699951171875,3705.300048828125,796908
2026-04-10,3839.89990234375,3839.89990234375,3850.5,3755.0,3761.0,1331891
2026-04-13,3738.10009765625,3738.10009765625,3779.39990234375,3711.0,3769.800048828125,625221
2026-04-15,3783.300048828125,3783.300048828125,3824.0,3747.0,3790.5,567723
2026-04-16,3757.199951171875,3757.199951171875,3828.0,3739.89990234375,3828.0,784975
2026-04-17,3735.800048828125,3735.800048828125,3787.0,3722.0,3760.10009765625,574208
2026-04-20,3761.89990234375,3761.89990234375,3782.0,3701.10009765625,3735.800048828125,724613
2026-04-21,3752.699951171875,3752.699951171875,3807.89990234375,3748.10009765625,3781.0,439113
2026-04-22,3660.699951171875,3660.699951171875,3770.5,3648.39990234375,3724.10009765625,571597
2026-04-23,3513.0,3513.0,3636.0,3482.199951171875,3636.0,2250372
2026-04-24,3488.199951171875,3488.199951171875,3543.300048828125,3462.699951171875,3513.0,734340
2026-04-27,3552.60009765625,3552.60009765625,3564.10009765625,3483.60009765625,3500.5,1025395
2026-04-28,3495.89990234375,3495.89990234375,3565.0,3482.800048828125,3557.89990234375,446619
2026-04-29,3553.89990234375,3553.89990234375,3602.0,3501.0,3513.0,753712
2026-04-30,3492.89990234375,3492.89990234375,3519.0,3415.10009765625,3462.0,947815
2026-05-01,3492.89990234375,3492.89990234375,3492.89990234375,3492.89990234375,3492.89990234375,0
2026-05-04,3495.5,3495.5,3536.800048828125,3367.800048828125,3400.0,1154996
2026-05-05,3534.39990234375,3534.39990234375,3544.0,3462.800048828125,3499.89990234375,391351
2026-05-06,3617.89990234375,3617.89990234375,3625.0,3514.60009765625,3575.0,899005
2026-05-07,3706.699951171875,3706.699951171875,3730.0,3592.60009765625,3600.0,1058111
2026-05-08,3695.199951171875,3695.199951171875,3718.699951171875,3633.10009765625,3654.5,365671
2026-05-11,3613.699951171875,3613.699951171875,3684.89990234375,3601.0,3651.0,518265
2026-05-12,3561.0,3561.0,3613.0,3535.0,3596.199951171875,891189
2026-05-13,3527.199951171875,3527.199951171875,3647.5,3483.0,3565.0,1518811
2026-05-14,3460.800048828125,3460.800048828125,3543.800048828125,3382.800048828125,3543.800048828125,1847461
2026-05-15,3466.800048828125,3466.800048828125,3498.89990234375,3418.699951171875,3455.60009765625,1007746
2026-05-18,3291.0,3291.0,3435.89990234375,3275.0,3430.0,2579482
2026-05-19,3283.39990234375,3283.39990234375,3316.0,3228.0,3285.0,2484911
2026-05-20,3361.89990234375,3361.89990234375,3380.89990234375,3232.199951171875,3285.39990234375,1265474
2026-05-21,3380.699951171875,3380.699951171875,3400.89990234375,3342.0,3378.5,823043
2026-05-22,3417.5,3417.5,3443.39990234375,3380.0,3380.0,924915
2026-05-25,3469.5,3469.5,3501.699951171875,3420.0,3458.0,918345
2026-05-26,3454.89990234375,3454.89990234375,3484.5,3419.699951171875,3469.5,651538
2026-05-27,3384.60009765625,3384.60009765625,3475.39990234375,3361.10009765625,3441.0,2535619
2026-05-28,3384.60009765625,3384.60009765625,3384.60009765625,3384.60009765625,3384.60009765625,0
2026-05-29,3355.699951171875,3355.699951171875,3465.0,3315.199951171875,3417.89990234375,2519839
2026-06-01,3344.39990234375,3344.39990234375,3420.0,3335.10009765625,3382.0,1210591
2026-06-02,3366.89990234375,3366.89990234375,3383.0,3291.60009765625,3328.0,516666
2026-06-03,3316.89990234375,3316.89990234375,3366.800048828125,3301.39990234375,3360.0,846948
2026-06-04,3362.5,3362.5,3400.699951171875,3292.199951171875,3310.0,1089659
2026-06-05,3383.89990234375,3383.89990234375,3397.0,3345.0,3380.0,813580
2026-06-08,3317.60009765625,3317.60009765625,3378.89990234375,3301.0,3325.0,949326
2026-06-09,3358.0,3358.0,3372.699951171875,3325.0,3357.0,797346
2026-06-10,3334.89990234375,3334.89990234375,3381.199951171875,3323.0,3350.0,843833
2026-06-11,3287.39990234375,3287.39990234375,3333.89990234375,3278.699951171875,3300.0,913252
2026-06-12,3312.800048828125,3312.800048828125,3366.800048828125,3265.60009765625,3320.0,2401100
2026-06-15,3459.5,3459.5,3481.699951171875,3333.0,3362.10009765625,1924317
2026-06-16,3435.5,3435.5,3475.0,3411.0,3464.89990234375,886854
2026-06-17,3448.699951171875,3448.699951171875,3480.0,3415.5,3454.89990234375,492280
2026-06-18,3457.60009765625,3457.60009765625,3475.0,3447.0,3459.89990234375,349614
2026-06-19,3442.89990234375,3442.89990234375,3460.800048828125,3414.300048828125,3437.60009765625,926221
2026-06-22,3488.699951171875,3488.699951171875,3496.60009765625,3443.10009765625,3470.0,990508
2026-06-23,3456.199951171875,3456.199951171875,3520.0,3443.0,3495.0,820710
2026-06-24,3440.60009765625,3440.60009765625,3470.0,3375.699951171875,3450.10009765625,920550
2026-06-25,3569.699951171875,3569.699951171875,3602.300048828125,3452.0,3452.0,2126765
2026-06-26,3569.699951171875,3569.699951171875,3569.699951171875,3569.699951171875,3569.699951171875,0
2026-06-29,3456.800048828125,3456.800048828125,3578.0,3436.60009765625,3542.39990234375,4095846
2026-06-30,3460.60009765625,3460.60009765625,3509.800048828125,3429.0,3490.10009765625,1071980
2026-07-01,3494.0,3494.0,3509.0,3463.39990234375,3484.0,768295
2026-07-02,3626.800048828125,3626.800048828125,3634.39990234375,3527.0,3586.0,1765454
2026-07-03,3627.39990234375,3627.39990234375,3674.89990234375,3603.0,3674.89990234375,731645
2026-07-06,3705.0,3705.0,3737.0,3619.0,3627.39990234375,701935
2026-07-07,3712.699951171875,3712.699951171875,3775.0,3702.60009765625,3727.0,836397
2026-07-08,3639.699951171875,3639.699951171875,3767.699951171875,3624.699951171875,3666.0,1176977
2026-07-09,3626.10009765625,3626.10009765625,3698.89990234375,3617.5,3657.0,511357
2026-07-10,3623.10009765625,3623.10009765625,3668.0,3608.60009765625,3644.10009765625,345846
2026-07-13,3676.89990234375,3676.89990234375,3695.0,3572.800048828125,3599.800048828125,497827
2026-07-14,3608.39990234375,3608.39990234375,3655.0,3589.699951171875,3640.0,636848
2026-07-15,3612.300048828125,3612.300048828125,3650.89990234375,3582.5,3607.699951171875,709493
2026-07-16,3563.5,3563.5,3629.89990234375,3549.89990234375,3622.10009765625,1209278
2026-07-17,3618.199951171875,3618.199951171875,3628.0,3563.0,3563.5,825661
2026-07-20,3590.199951171875,3590.199951171875,3619.800048828125,3550.10009765625,3619.800048828125,438353
2026-07-21,3792.0,3792.0,3810.0,3576.800048828125,3590.199951171875,2391097
2026-07-22,3907.60009765625,3907.60009765625,3965.0,3828.0,3850.699951171875,3225267
2026-07-23,3919.800048828125,3919.800048828125,3974.699951171875,3897.0,3907.60009765625,1761279
2026-07-24,3870.199951171875,3870.199951171875,3899.89990234375,3823.300048828125,3879.800048828125,1226472
2026-07-27,3876.39990234375,3876.39990234375,3905.10009765625,3850.0,3905.0,576740
2026-07-28,3993.5,3993.5,4001.39990234375,3852.0,3855.0,2042411
2026-07-29,4075.60009765625,4075.60009765625,4085.0,3996.800048828125,4013.0,1925276
2026-07-30,4208.39990234375,4208.39990234375,4219.0,4070.0,4080.0,2913373
2026-07-31,4313.10009765625,4313.10009765625,4325.0,4198.0,4208.39990234375,2991859
2026-08-03,4389.0,4389.0,4389.0,4281.89990234375,4336.5,1612965
2026-08-04,4360.0,4360.0,4392.7998046875,4336.0,4389.0,1390832
2026-08-05,4455.2001953125,4455.2001953125,4455.2001953125,4365.0,4398.0,1392666
2026-08-06,4375.0,4375.0,4436.89990234375,4370.39990234375,4410.0,1143968
2026-08-07,4440.89990234375,4440.89990234375,4458.0,4378.0,4380.0,840158
2026-08-10,4466.2001953125,4466.2001953125,4475.0,4411.10009765625,4435.0,724181
2026-08-11,4400.0,4400.0,4460.0,4370.0,4460.0,944062
2026-08-12,4375.0,4375.0,4427.7998046875,4347.2001953125,4400.0,911635
2026-08-13,4342.2001953125,4342.2001953125,4384.0,4310.0,4384.0,533564
2026-08-14,4307.0,4307.0,4340.0,4297.10009765625,4307.39990234375,560053
2026-08-17,4385.89990234375,4385.89990234375,4386.0,4305.5,4307.0,604301
2026-08-18,4356.7998046875,4356.7998046875,4407.10009765625,4341.2001953125,4373.89990234375,444890
2026-08-19,4361.10009765625,4361.10009765625,4394.89990234375,4342.10009765625,4380.2998046875,456943
2026-08-20,4390.0,4390.0,4408.0,4356.10009765625,4383.89990234375,463670
2026-08-21,4390.0,4390.0,4390.0,4337.60009765625,4389.5,912628
2026-08-25,4382.5,4382.5,4399.0,4344.7001953125,4365.5,248029
