Price,Close,High,Low,Open,Volume
Ticker,BOSCHLTD.NS,BOSCHLTD.NS,BOSCHLTD.NS,BOSCHLTD.NS,BOSCHLTD.NS
Date,,,,,
2005-01-03,1595.515625,1696.8095334249115,1592.5400487191068,1696.8095334249115,4541
2005-01-04,1607.4176025390625,1659.5942396179605,1596.7308214506136,1651.212450528981,8153
2005-01-05,1587.6365966796875,1617.6852900232439,1575.7763446858542,1617.6852900232439,3740
2005-01-06,1556.33056640625,1592.5398526557194,1522.1328275909402,1592.5398526557194,7046
2005-01-07,1523.306396484375,1592.539955122671,1512.9129573665375,1592.539955122671,4469
2005-01-10,1541.913818359375,1592.4978923583806,1534.7055005894822,1584.0742561619106,1907
2005-01-11,1518.4031982421875,1545.6020656839407,1500.340399986038,1521.2948748461781,3715
2005-01-12,1478.4637451171875,1545.6018528610882,1471.0039326308079,1545.6018528610882,3079
2005-01-13,1495.1016845703125,1533.867460554266,1487.7676188436187,1529.6765658532981,3405
2005-01-14,1507.1292724609375,1533.0290177178804,1496.1491506978768,1501.1782234733319,2511
2005-01-17,1475.73974609375,1529.7603369319493,1466.8131200711075,1529.6765395027264,1919
2005-01-18,1492.1680908203125,1504.531230457779,1486.9294723298608,1490.2821881637499,11541
2005-01-19,1512.158203125,1525.485265190839,1450.049180648435,1479.3854357482587,14866
2005-01-20,1512.326171875,1512.9128561556709,1496.1492788021453,1496.1492788021453,679
2005-01-24,1508.6800537109375,1538.0582647629499,1491.9584257646054,1491.9584257646054,1218
2005-01-25,1536.004638671875,1542.249029958867,1500.3820387951077,1518.780022981232,2919
2005-01-27,1532.275146484375,1553.9840049893846,1525.485916440496,1553.9840049893846,2273
2005-01-28,1549.7926025390625,1590.8633637745488,1533.8672053253026,1590.8633637745488,2153
2005-01-31,1563.11962890625,1568.2324990062027,1538.0580628949128,1549.792565827081,4153
2005-02-01,1564.6705322265625,1575.77640315304,1554.821929706856,1554.821929706856,3094
2005-02-02,1582.314208984375,1588.3490562926604,1559.012794039234,1559.012794039234,2901
2005-02-03,1618.313720703125,1625.228695814248,1575.7761465347016,1579.9670405414429,12981
2005-02-04,1611.6083984375,1641.9923820252566,1609.3034065791182,1633.4429986045072,7457
2005-02-07,1630.6771240234375,1638.6398239351427,1609.806448002036,1621.876245173658,30082
2005-02-08,1635.2452392578125,1649.5362317861227,1609.8065276913348,1634.4490101539327,9194
2005-02-09,1662.6534423828125,1682.2248974326926,1649.6197207610057,1667.1376786216372,6946
2005-02-10,1618.5233154296875,1667.975866237741,1606.7888118481153,1667.1376874104858,3476
2005-02-11,1641.3221435546875,1659.5944874237405,1634.4491164021686,1659.5944874237405,20721
2005-02-14,1648.781982421875,1655.4036173546492,1616.1767970394835,1647.0218268870308,1397
2005-02-15,1642.8309326171875,1655.3198208846227,1633.6109630973972,1648.781983389333,42291
2005-02-16,1646.6025390625,1661.8573549497096,1642.830733806312,1661.8573549497096,5128
2005-02-17,1646.85400390625,1659.5942827257218,1642.8307041123305,1651.212493419026,9285
2005-02-18,1648.23681640625,1657.917823389652,1642.8306035610303,1647.0214979578698,6502
2005-02-21,1656.3673095703125,1675.519677618001,1645.387186073287,1675.519677618001,6999
2005-02-22,1651.0030517578125,1657.9180283675355,1642.8308066735942,1652.888954469555,1769
2005-02-23,1653.0145263671875,1680.5486825734304,1647.8597057054185,1661.1867705841905,2974
2005-02-24,1661.60595703125,1675.5197070214012,1655.4034123898286,1674.6395782045638,5145
2005-02-25,1658.6722412109375,1673.84325879677,1656.241501944125,1664.623290921575,1207
2005-02-28,1666.50927734375,1674.6815220082044,1647.021616990051,1664.623374728876,2577
2005-03-01,1677.8245849609375,1692.2831707436658,1664.6652173781433,1667.9759830509634,7160
2005-03-02,1676.441650390625,1695.6359682703849,1669.6524215494844,1680.548747593733,6787
2005-03-03,1680.7161865234375,1705.6939571419475,1676.3576974368036,1688.888430298442,5305
2005-03-04,1710.723388671875,1718.2669998909082,1677.1962276983938,1680.548943795742,13402
2005-03-07,1721.3681640625,1739.2214176133848,1709.8851527379784,1739.2214176133848,6469
2005-03-08,1721.4097900390625,1725.810228942388,1704.3109212656464,1706.5321156516281,3700
2005-03-09,1726.690673828125,1801.2466542584616,1698.9888172088888,1801.2466542584616,6547
2005-03-10,1699.36572265625,1743.286418575892,1686.0806079237693,1709.8849084856465,4093
2005-03-11,1717.3031005859375,1726.648714444197,1694.9655077864252,1726.648714444197,1201
2005-03-14,1713.237548828125,1726.6484102670927,1655.403208872577,1655.403208872577,5657
2005-03-15,1820.4825439453125,2011.62927493397,1701.5030950483163,1701.5030950483163,15044
2005-03-16,1771.0723876953125,1947.9281727420284,1768.767395236173,1927.8118749168095,6601
2005-03-17,1792.6131591796875,1835.611777356804,1776.9392547928878,1785.3210437305902,32319
2005-03-18,1829.912109375,1885.9025000819133,1793.702822300131,1834.7735878574704,8496
2005-03-21,1798.5223388671875,1892.6079185189838,1781.130127038459,1892.6079185189838,2447
2005-03-22,1752.8416748046875,1818.8482650692993,1747.6030565297183,1785.3211081094964,1897
2005-03-23,1757.07470703125,1823.0393544709132,1697.3125024384365,1760.1759284546747,2609
2005-03-24,1678.8724365234375,1751.7940051592532,1636.1253100817523,1636.1253100817523,2196
2005-03-28,1683.6917724609375,1718.2666501779327,1655.4032361470327,1676.2739100686424,3203
2005-03-29,1663.701171875,1683.8174636951821,1650.374108080779,1663.7849692942339,4458
2005-03-30,1684.697509765625,1693.1212479904964,1651.2123062085534,1668.3530224706672,2187
2005-03-31,1699.7847900390625,1760.175618249023,1675.5195527999035,1760.175618249023,5836
2005-04-01,1750.1177978515625,1760.1759461150773,1693.2054217971533,1719.9014031832103,628
2005-04-04,1808.3717041015625,1810.46715219438,1750.956426358361,1801.2471805859827,3342
2005-04-05,1804.3475341796875,1810.4662805917217,1781.130021415467,1781.130021415467,1169
2005-04-06,1808.2872314453125,1810.4665786248502,1795.3793571363096,1797.8938940510664,2807
2005-04-07,1807.951904296875,1817.549011865395,1786.1592526919983,1810.4664410205146,953
2005-04-08,1802.6712646484375,1810.4663691088033,1789.511897244118,1797.893685989992,8350
2005-04-11,1802.0843505859375,1808.7897807276524,1794.5407416765079,1807.9516019599382,1730
2005-04-12,1805.395263671875,1810.4662865586126,1797.8936040130668,1806.275392376764,1780
2005-04-13,1804.3475341796875,1809.1670624729295,1798.0192430592517,1802.2520870956694,1385
2005-04-15,1819.1417236328125,1822.9552740596994,1799.5701637525626,1802.0847005440194,7790
2005-04-18,1802.1265869140625,1810.2568813265725,1793.7028480328117,1793.7028480328117,11371
2005-04-19,1792.6131591796875,1827.2299884191018,1677.1959664342305,1810.466410543697,10876
2005-04-20,1773.3770751953125,1801.917108753662,1739.2632335931517,1785.3211249750755,1811
2005-04-21,1777.06494140625,1802.0846638248556,1760.1757181545102,1802.0846638248556,1278
2005-04-22,1796.5946044921875,1813.8192226021067,1777.7775282528041,1813.8192226021067,900
2005-04-25,1784.105712890625,1813.819113542048,1776.939242471877,1798.7318935587962,3784
2005-04-26,1835.40234375,1843.9936779312707,1793.702941260418,1810.466520150702,3473
2005-04-27,1778.4898681640625,1885.9024055418545,1703.5985063394753,1885.064226694947,14087
2005-04-28,1775.514404296875,1789.5119509962306,1764.366584003309,1764.366584003309,3595
2005-04-29,1776.981201171875,1797.893723603638,1776.939251300565,1797.893723603638,2955
2005-05-02,1780.7529296875,1785.153368682108,1776.9391749654712,1776.9391749654712,500
2005-05-03,1776.939453125,1785.3212429982311,1776.939453125,1783.644885023585,2839
2005-05-04,1777.52587890625,1792.8645930695927,1776.9391946271794,1785.3209832810812,3441
2005-05-05,1787.8355712890625,1841.4790202166294,1776.9392457256506,1835.6117679901768,12888
2005-05-06,1810.4248046875,1823.0394403624668,1781.1304877104562,1782.8068458165367,2810
2005-05-09,1801.6240234375,1811.305032957764,1797.8941673736251,1797.8941673736251,1239
2005-05-10,1813.86083984375,1842.316968655844,1802.08438699275,1806.275280915989,77804
2005-05-11,1788.925048828125,1835.611566932541,1785.3208390713755,1823.0388849672497,18100
2005-05-12,1809.5029296875,1822.7879448920191,1802.0849632180398,1814.657649007933,1449
2005-05-13,1846.5963134765625,1855.1013998591425,1810.4711800713374,1810.4711800713374,3189
2005-05-16,1844.4063720703125,1860.995293524394,1839.9433105659732,1860.995293524394,2821
2005-05-17,1838.72265625,1852.4905321462647,1831.522835709704,1839.9857754470413,1957
2005-05-18,1817.67041015625,1831.5225742558805,1789.6291268677287,1810.470590643744,36663
2005-05-19,1828.4915771484375,1840.4912115530635,1812.1553150003363,1817.6709775455959,20826
2005-05-20,1817.5443115234375,1831.5229134651297,1802.050130949599,1827.312515962911,1161
2005-05-23,1797.1239013671875,1822.9759067545056,1793.6293536401968,1810.4709438152222,3335
2005-05-24,1799.5654296875,1817.206948145723,1789.418334017452,1798.7654955494415,3497
2005-05-25,1796.450439453125,1810.4709813300267,1786.0506750702261,1810.4709813300267,3277
2005-05-26,1789.1661376953125,1801.2079147549673,1785.2084054607435,1793.6291998261245,4215
2005-05-27,1818.26025390625,1831.5230067134855,1789.4190295476583,1789.4190295476583,3219
2005-05-30,1817.839111328125,1831.5229031331426,1798.2607630532534,1818.8917106977417,5823
2005-05-31,1817.5443115234375,1831.5229134651297,1816.7865222073642,1827.312515962911,1195
2005-06-01,1819.1024169921875,1831.5230908265282,1810.471101276798,1810.5553914693312,6891
2005-06-02,1808.1553955078125,1827.3127061366647,1725.4210759788136,1735.6103212289336,1387
2005-06-03,1807.8602294921875,1817.2073933139875,1797.923856777736,1802.8920431349618,648
2005-06-06,1798.0504150390625,1823.1022824304275,1793.6294972641158,1823.1022824304275,1164
2005-06-07,1819.1861572265625,1823.0174536977058,1785.2081741308477,1796.1552053873104,3488
2005-06-08,1823.1864013671875,1827.059843702277,1810.470918726919,1810.470918726919,1258
2005-06-09,1868.953125,1893.626093088811,1747.3147940674967,1747.3147940674967,5682
2005-06-10,1869.8795166015625,1876.9950466572398,1852.7009729038264,1876.9950466572398,1670
2005-06-13,1865.4168701171875,1893.752766972995,1861.8801768456904,1873.6271463765906,1267
2005-06-14,1873.8372802734375,1886.2579520559489,1860.995568769485,1873.626760412717,2867
2005-06-15,1874.3431396484375,1877.8376880892372,1869.837931122041,1877.8376880892372,3578
2005-06-16,1884.19482421875,1894.6786717519522,1873.6266865102637,1873.6266865102637,2836
2005-06-17,1878.510986328125,1894.594581397619,1876.2374127993899,1894.594581397619,621
2005-06-20,1868.23779296875,1877.8374177128605,1852.5750309274856,1873.627019915298,3695
2005-06-21,1875.521728515625,1882.047845204814,1852.6172052526704,1877.753157149208,3954
2005-06-22,1878.1739501953125,1894.678789888217,1869.4585511133105,1894.678789888217,1924
2005-06-23,1878.97412109375,1882.131919128896,1852.5748472856064,1852.5748472856064,3167
2005-06-24,1878.59521484375,1889.5422491626416,1870.258709404465,1870.258709404465,2820
2005-06-27,1887.6053466796875,1894.6787317104197,1860.99555425779,1860.99555425779,8420
2005-06-28,1852.280029296875,1932.572389227423,1835.7332498979442,1932.572389227423,8807
2005-06-29,1833.5863037109375,1852.575241048859,1802.0504617475265,1838.2598869134813,4461
2005-06-30,1775.6090087890625,1856.7853945998218,1759.9462470356586,1856.7853945998218,3879
2005-07-01,1769.08251953125,1794.4711301995728,1734.6834951718067,1738.8938920047478,6120
2005-07-04,1725.1260986328125,1776.7877585871984,1696.7902054754525,1769.1668979367582,5594
2005-07-05,1745.2938232421875,1768.3245711715044,1701.1687399231316,1726.2627468233802,15378
2005-07-06,1764.3250732421875,1776.7878919903765,1735.525993076856,1755.7359027487844,4907
2005-07-07,1752.40966796875,1788.5769430973626,1747.3150456341937,1759.946238735164,8161
2005-07-08,1716.8319091796875,1810.4711184689122,1705.2111697207197,1776.703644676157,1664
2005-07-11,1752.2833251953125,1759.9463316487877,1720.368591176303,1742.2626603738477,2339
2005-07-12,1719.9053955078125,1751.5255248255562,1713.6319437596187,1751.441234633298,2171
2005-07-13,1712.8739013671875,1720.3684295237924,1698.0533226308016,1713.6317934806254,4318
2005-07-14,1714.9365234375,1738.051557540547,1705.2104670637636,1730.472844353597,1714
2005-07-15,1722.3897705078125,1743.1049097462108,1705.632364585,1718.684599416433,4597
2005-07-18,1714.9365234375,1740.5777952695305,1711.1050217647248,1718.6837349516748,2588
2005-07-19,1722.26318359375,1751.5254476836571,1706.8952319494101,1751.5254476836571,3945
2005-07-20,1751.69384765625,1793.6294505756061,1717.8422906921298,1726.2630862347382,53684
2005-07-21,1800.7449951171875,1813.839373400733,1747.399378308548,1764.1566793289394,8733
2005-07-22,1796.871337890625,1844.069727153281,1768.366865936329,1844.069727153281,2150
2005-07-25,1754.4725341796875,1792.9976690194862,1747.3148588542604,1768.3668451055166,952
2005-07-26,1803.7763671875,1871.1005795981848,1751.5252950334043,1751.5252950334043,12308
2005-07-27,1834.3017578125,1864.3639538922457,1795.3134370814219,1835.733251799953,2655
2005-07-28,1834.3017578125,1834.3017578125,1834.3017578125,1834.3017578125,0
2005-07-29,1809.1234130859375,1836.9963251913728,1786.0505183272526,1836.6174305549987,19622
2005-08-01,1821.250244140625,1826.471097816653,1793.629985407778,1810.4715815148934,1068
2005-08-02,1818.5125732421875,1839.1013730458037,1802.0920252685642,1827.3122616801256,9297
2005-08-03,1836.8284912109375,1873.6273329934563,1815.5238336781538,1831.4390577779996,28140
2005-08-04,1823.607177734375,1882.0474041571097,1814.9758641358917,1882.0474041571097,1849
2005-08-05,1839.5223388671875,1871.1003144714537,1824.8280953364913,1871.1003144714537,2769
2005-08-08,1806.7657470703125,1839.9435951093592,1793.6292254384143,1818.9758990744708,1544
2005-08-09,1833.5863037109375,1835.7336479484147,1772.5776738217492,1786.0509483021044,4642
2005-08-10,1810.2178955078125,1839.9433369891397,1727.1889968788973,1768.3665939026057,30803
2005-08-11,1805.039306640625,1814.681074480685,1785.208296008841,1786.9345998650638,8068
2005-08-12,1804.32373046875,1810.4709520276822,1790.8083131748217,1798.7661290372725,15615
2005-08-16,1807.692138671875,1818.8918378647822,1794.4715307823383,1804.3238204536067,3962
2005-08-17,1838.680419921875,1892.9945426995077,1810.4707592544225,1892.9945426995077,3489
2005-08-18,1838.6385498046875,1852.5750074552093,1831.5230187341274,1845.0384366102276,2041
2005-08-19,1832.4071044921875,1852.574867041224,1810.470892790287,1831.5228799157555,2726
2005-08-22,1815.0599365234375,1827.3122324712192,1802.049851377147,1819.7756632286444,2158
2005-08-23,1827.4384765625,1835.7330406548188,1802.8919449733794,1802.8919449733794,1309
2005-08-24,1818.4705810546875,1831.5228125927044,1789.418839889424,1789.418839889424,3489
2005-08-25,1804.5762939453125,1810.4708502017834,1786.0505457106894,1786.0505457106894,19434
2005-08-26,1797.2081298828125,1807.9024981598225,1728.11546744346,1728.11546744346,7751
2005-08-29,1803.1025390625,1827.101802279444,1768.3667633537652,1793.6291456873905,5819
2005-08-30,1813.544189453125,1814.6810788598118,1793.629094186264,1810.470681925102,2100
2005-08-31,1820.197265625,1847.522708505554,1786.2614154135854,1847.438418308202,6129
2005-09-01,1805.4185791015625,1826.428423035042,1802.0502608569702,1818.8918520799325,1056
2005-09-02,1809.5867919921875,1817.2076529700473,1793.629425776738,1802.892300745538,3139
2005-09-05,1799.14501953125,1818.0075183347994,1793.6293576195287,1793.6293576195287,4136
2005-09-06,1846.5963134765625,1852.575161003229,1797.8399857917698,1802.050383884959,3058
2005-09-08,1852.5748291015625,1886.2580078125,1828.1545245361326,1844.154034423828,12140
2005-09-09,1850.4276123046875,1860.995751467516,1835.7333657009885,1839.943763328743,1528
2005-09-12,1851.690673828125,1860.9956934123497,1823.1021159446775,1860.9956934123497,2519
2005-09-13,1843.9439697265625,1868.9958400767694,1823.102497754542,1856.78568478003,929
2005-09-14,1872.86865234375,1877.836837976736,1823.101683506562,1823.9437628061032,3917
2005-09-15,1871.6905517578125,1877.8377748284606,1855.943702117456,1870.2590573515745,2036
2005-09-16,1892.61572265625,1895.5208556626055,1852.5748034019246,1869.4163925237604,3046
2005-09-19,1912.573486328125,1915.7312851498004,1861.838185259872,1861.838185259872,1852
2005-09-20,1915.1416015625,1919.9414139802843,1898.889424791904,1903.09982262958,5418
2005-09-21,1908.0260009765625,1944.3616507605602,1869.416571974207,1877.83736734346,5494
2005-09-22,1913.54150390625,1936.7829819236658,1886.2582084821788,1908.15227697349,1996
2005-09-23,1914.7625732421875,1935.0987111445625,1887.9422586536593,1924.1516775306027,2860
2005-09-26,1926.593994140625,1957.835232121946,1903.1000535895046,1919.941646984102,10824
2005-09-27,1943.1829833984375,1949.4142902560643,1903.099911869851,1936.7830961507334,6656
2005-09-28,1957.9188232421875,1962.044929916282,1936.7825488443984,1936.7825488443984,524
2005-09-29,2011.6016845703125,2042.716480804308,1954.466508580206,1957.834826561387,2503
2005-09-30,1927.393798828125,2071.5156269833055,1769.2090781674492,2008.3596627460097,4627
2005-10-03,2001.7493896484375,2036.9905022755922,1945.2038281341952,1978.0449317260711,2531
2005-10-04,2103.556884765625,2298.9614876684336,2013.580601597029,2035.727335129461,17904
2005-10-05,2104.52490234375,2150.6708969266824,2063.3051547355535,2147.218288976857,19155
2005-10-06,2076.904541015625,2168.354445697615,2012.822422302016,2088.35690304081,7799
2005-10-07,2105.28271484375,2126.166118747874,2076.9044756105386,2076.9044756105386,4064
2005-10-10,2119.85107421875,2147.302951042888,2102.672732844742,2105.1989716106746,3478
2005-10-11,2105.0302734375,2138.0397471243064,2063.094675247952,2105.198648212196,3896
2005-10-13,2102.377197265625,2111.934879532905,2075.7676147984084,2096.7774521678366,1839
2005-10-14,2079.305419921875,2117.830568433134,2063.095384755936,2117.830568433134,2722
2005-10-17,2029.621826171875,2095.0934979838707,2012.6118638086166,2095.0934979838707,1783
2005-10-18,2096.103759765625,2122.0398434133867,2058.8838956927502,2074.7991122840435,5734
2005-10-19,2029.9166259765625,2130.4608212345015,1979.7286129337203,2105.1984399550406,1991
2005-10-20,2009.7076416015625,2093.4102876841052,1978.8874400875493,2079.0949317345357,3365
2005-10-21,1991.4334716796875,2020.990540569837,1987.3073648936731,2019.3063817860289,650
2005-10-24,1979.223876953125,2054.674293914828,1970.4663310494661,2054.674293914828,1859
2005-10-25,1983.64404296875,1995.7279632930388,1928.361618540531,1983.0967736519435,4888
2005-10-26,1978.171142578125,2004.1072344899296,1970.4661967354798,2003.9810047885746,1507
2005-10-27,1949.076904296875,2037.8319836651724,1945.2032571349373,2037.8319836651724,693
2005-10-28,1945.750732421875,2012.5698167304881,1911.5202861833507,2012.5698167304881,2411
2005-10-31,1893.4158935546875,1970.4661734124834,1861.8379100064105,1945.2037865738616,2629
2005-11-02,1924.698974609375,2020.990850053546,1894.6789219251993,1936.7828979679816,7633
2005-11-04,1924.698974609375,1924.698974609375,1924.698974609375,1924.698974609375,0
2005-11-07,1990.71826171875,2037.8325728541406,1948.4459081428267,2002.465230680639,6091
2005-11-08,1975.6451416015625,2036.90643778214,1936.783246946096,2036.90643778214,10518
2005-11-09,1980.4024658203125,2025.2010508593764,1963.7292518104223,2012.569859273975,16495
2005-11-10,1959.26611328125,2003.306907342508,1957.8346194078736,2003.2647622550398,4140
2005-11-11,1970.002685546875,1995.728253304735,1938.466851944093,1993.2020150094127,56622
2005-11-14,1971.68701171875,2008.359615201543,1962.0452425239394,1978.8868325885223,1932
2005-11-16,1981.581298828125,2016.7802605681447,1978.970975913317,1995.643984371294,3084
2005-11-17,1977.160400390625,2010.8857234270713,1967.0975920961637,2010.801433247883,3759
2005-11-18,1970.08740234375,2003.265256905945,1962.0455009116858,2003.265256905945,6249
2005-11-21,1961.455810546875,1985.0340364276253,1949.4140326406146,1950.677151884226,1943
2005-11-22,1992.275390625,2002.4646326807715,1962.0869702079162,1962.0869702079162,4578
2005-11-23,2098.883056640625,2105.1986525984203,2004.1491172736962,2009.0332192648857,11333
2005-11-24,2088.988525390625,2109.3668062786874,2075.725774498797,2105.198554258415,6101
2005-11-25,2070.7578125,2100.9462396873337,2063.094806697937,2089.199271599013,2485
2005-11-28,2188.9013671875,2206.2482870990166,2088.357157254031,2104.3566677329936,62313
2005-11-29,2152.48095703125,2271.9299899999905,2138.8814583395015,2197.827010340984,18569
2005-11-30,2189.65966796875,2214.6693914623925,2175.8074993940722,2187.6806986355773,15476
2005-12-01,2176.439208984375,2202.0383488552707,2105.2834764879044,2189.407153737554,19524
2005-12-02,2173.154541015625,2206.2061616413125,2159.9339338825134,2180.985921542187,4649
2005-12-05,2109.87255859375,2172.5231978777474,2105.1989757504166,2164.9866266617287,7985
2005-12-06,2098.419921875,2137.787137617645,2088.3571131927056,2137.787137617645,2339
2005-12-07,2169.1123046875,2180.9857067927755,2109.408955797646,2109.408955797646,5581
2005-12-08,2189.322021484375,2197.6165853224516,2165.996464588912,2179.3013594461177,58470
2005-12-09,2203.34326171875,2211.30087225536,2185.1964065128177,2210.37450252694,2518
2005-12-12,2204.396240234375,2241.4477463697394,2197.8279775750248,2203.722535369287,3524
2005-12-13,2181.99609375,2218.8792124787597,2051.3054123712554,2206.2480215158826,11696
2005-12-14,2183.133544921875,2223.9322611128923,2182.3336104055497,2214.58509516089,4648
2005-12-15,2200.437744140625,2223.0053074049883,2189.406421857718,2223.0053074049883,4249
2005-12-16,2192.649169921875,2206.248673979431,2185.1966828155046,2202.0382757466455,1885
2005-12-19,2458.872314453125,2488.345099044173,2193.6172531336956,2195.301412253184,21141
2005-12-20,2402.03125,2442.0300175284838,2367.92703768624,2442.0300175284838,8463
2005-12-21,2353.2333984375,2442.0306440138743,2239.8894111396303,2239.8894111396303,5122
2005-12-22,2320.223388671875,2397.399877847731,2301.4028332131543,2397.399877847731,3523
2005-12-23,2293.74072265625,2347.6338213430586,2282.0358975195513,2333.4027572054156,3139
2005-12-26,2305.992919921875,2488.345304778388,2244.9842918914323,2354.454643709094,1914
2005-12-27,2334.791259765625,2360.348450625151,2282.961439526445,2282.961439526445,4955
2005-12-28,2340.896728515625,2348.559734228431,2328.3498261533205,2340.138939197135,5438
2005-12-29,2340.6865234375,2340.9813335375707,2328.3501392918643,2339.2971743048097,8063
2005-12-30,2394.158203125,2399.926529825748,2336.9389432942116,2352.7700787133826,6568
2006-01-02,2394.748046875,2399.926753951827,2380.5589240076542,2399.926753951827,1241
2006-01-03,2389.569091796875,2399.9267113525093,2370.4539271780045,2370.4539271780045,2347
2006-01-04,2464.598388671875,2475.7137972566798,2399.9266401978016,2399.9266401978016,7456
2006-01-05,2499.460205078125,2521.943685480206,2420.9784407423513,2421.820520200001,12820
2006-01-06,2493.5234375,2509.3124269112145,2379.337589429575,2404.1367876809627,2653
2006-01-09,2474.029541015625,2509.3968795869855,2464.766666627888,2509.3968795869855,3222
2006-01-10,2429.52587890625,2479.08234566587,2417.6526798821124,2475.79831745588,1750
2006-01-12,2424.768310546875,2507.713154647888,2404.5162541948894,2463.0829339640945,9063
2006-01-13,2400.76904296875,2467.2933342330543,2396.558644787465,2467.2933342330543,8657
2006-01-16,2394.66357421875,2408.3052209793345,2378.8745836195058,2380.6008877088525,4302
2006-01-17,2427.926025390625,2436.9783811603115,2374.664490280608,2399.9268784750825,4526
2006-01-18,2384.34814453125,2442.030591255739,2375.927349388989,2391.505820402172,2687
2006-01-19,2377.485107421875,2458.872004373406,2324.2235819846774,2458.872004373406,2583
2006-01-20,2408.220947265625,2440.26190520356,2256.7728790964206,2431.925401056143,10723
2006-01-23,2394.958740234375,2420.9789183749185,2391.5061315425282,2407.421354197681,4027
2006-01-24,2345.781005859375,2407.5054791635607,2316.6030311321765,2407.5054791635607,2994
2006-01-25,2343.044189453125,2399.9267038492435,2333.402419777633,2399.0846243040332,4339
2006-01-27,2346.033447265625,2428.557236867933,2340.980970351198,2428.557236867933,2440
2006-01-30,2340.64453125,2394.8743750901385,2329.318396195899,2348.559997231504,7076
2006-01-31,2321.150390625,2366.243796620834,2308.982380901896,2340.644657710237,3982
2006-02-01,2291.677734375,2370.370040396207,2283.720122410763,2340.981541409263,5035
2006-02-02,2333.5283203125,2340.9808054707096,2298.876834149294,2318.5814104933975,10250
2006-02-03,2292.05615234375,2356.8543355679744,2236.563194474218,2236.563194474218,8579
2006-02-06,2286.962158203125,2329.1923714968243,2277.8255115325055,2329.108081295327,1733
2006-02-07,2273.025146484375,2404.1368783845423,2266.035845790824,2404.1368783845423,3043
2006-02-08,2270.751708984375,2315.718672981766,2255.552132577276,2306.4557982898386,8294
2006-02-10,2322.876220703125,2399.0844128269723,2273.7408013370173,2313.0660771005114,10016
2006-02-13,2286.371826171875,2356.8959767083165,2273.6144053539288,2327.5074875549108,8210
2006-02-14,2451.967041015625,2610.446356097684,2298.8769523053797,2314.0343827601405,15619
2006-02-15,2371.92724609375,2509.39671371594,2357.8224155720245,2451.966937425239,7329
2006-02-16,2413.526123046875,2429.3994041610767,2383.085030771524,2429.3994041610767,2602
2006-02-17,2489.14501953125,2535.5015401520254,2399.926731794511,2442.030709545292,8837
2006-02-20,2501.102294921875,2534.65924456346,2408.3473220769088,2458.872091071529,7688
2006-02-21,2510.617919921875,2524.5543769625647,2411.0841627211685,2411.0841627211685,3825
2006-02-22,2457.48291015625,2517.8178270209332,2451.2935432969684,2517.8178270209332,2594
2006-02-23,2495.249755859375,2523.712082052739,2485.818507247142,2517.8175259718682,2305
2006-02-24,2478.619140625,2505.1867929412592,2443.2096525689485,2484.1348030846098,3079
2006-02-27,2456.219970703125,2484.1348272907167,2442.9150718669084,2480.766508880831,1120
2006-02-28,2489.060546875,2522.0278740798212,2463.0823144185233,2488.3446971305084,2517
2006-03-01,2629.477294921875,2652.550188934158,2492.5550981730503,2492.5550981730503,23341
2006-03-02,2649.392333984375,2683.707069815877,2623.077352518499,2629.8139877737635,5782
2006-03-03,2625.140380859375,2652.5501064094306,2568.342166523417,2652.5501064094306,1857
2006-03-06,2661.223876953125,2686.0652221283176,2632.3405090729416,2652.466126828009,2156
2006-03-07,2677.85546875,2703.075713495505,2660.9717304192513,2660.9717304192513,2664
2006-03-08,2757.220947265625,2828.5450397803147,2710.6539098103103,2711.4959893100963,21045
2006-03-09,2684.88671875,2757.8108998945304,2669.3925351650873,2736.7589082922823,36859
2006-03-10,2594.447021484375,2760.0840232513315,2576.763351425572,2760.0840232513315,11523
2006-03-13,2514.1962890625,2652.5499682037434,2505.186081081313,2652.5499682037434,8715
2006-03-14,2475.96630859375,2585.1839748165585,2463.082451576037,2585.1839748165585,9756
2006-03-16,2402.62109375,2519.9649496923485,2391.5056859045067,2519.9649496923485,9990
2006-03-17,2443.293701171875,2475.6716172527326,2408.3474014652984,2475.6716172527326,11019
2006-03-20,2422.8310546875,2496.6813844524695,2408.347328653321,2482.450323381115,5884
2006-03-21,2349.401123046875,2463.081822549143,2317.4021113351255,2442.029841159834,11975
2006-03-22,2288.64599609375,2406.6633632504436,2252.5628050017276,2394.8742495046404,13031
2006-03-23,2393.905517578125,2408.3470971325573,2294.666377512664,2380.558476781028,8452
2006-03-24,2404.2626953125,2424.34636938769,2371.2953720721553,2415.925576163002,3379
2006-03-27,2414.999755859375,2442.030590491906,2404.1370123635834,2420.978602642838,4135
2006-03-28,2352.095703125,2429.398618838108,2340.9802982218166,2416.7674301786383,3147
2006-03-29,2414.999755859375,2442.030590491906,2358.664718609596,2390.6637401401795,4893
2006-03-30,2373.822021484375,2415.925994905524,2359.5066705211843,2408.3894247802996,5445
2006-03-31,2449.272216796875,2463.082236675887,2362.032709017389,2362.032709017389,10009
2006-04-03,2470.492919921875,2500.9761572193033,2399.926615513473,2399.926615513473,9194
2006-04-04,2449.609375,2516.1336584737023,2408.3474776555518,2516.1336584737023,10067
2006-04-05,2447.420166015625,2499.208063506463,2442.030938592381,2499.208063506463,4965
2006-04-07,2364.81201171875,2505.186629825772,2282.0355518749047,2505.186629825772,13864
2006-04-10,2375.337890625,2475.7137257349123,2358.664675436561,2437.820148300194,3225
2006-04-12,2374.453857421875,2433.6099469631063,2357.8227859850163,2416.768355634642,4803
2006-04-13,2383.759033203125,2399.9269208156616,2360.3913237109728,2390.6640449809347,11287
2006-04-17,2399.379150390625,2403.2947375780764,2391.5056253404823,2399.926419795907,4927
2006-04-18,2395.252685546875,2408.347061210123,2366.2430916085473,2375.0006350513595,3731
2006-04-19,2391.422119140625,2416.7688009951657,2374.6648149151106,2414.9584118280713,3697
2006-04-20,2400.76904296875,2492.5557233207646,2383.0853706073526,2391.506166969923,10633
2006-04-21,2418.66259765625,2425.188713116894,2391.5055365458265,2416.7679189741275,3492
2006-04-24,2481.987060546875,2543.0799664202577,2399.9264583767335,2408.347252967529,4993
2006-04-25,2505.733642578125,2525.396280043865,2468.9769566817645,2472.3452744944275,4154
2006-04-26,2510.365234375,2517.8177202294037,2404.979066546882,2404.979066546882,2407
2006-04-27,2554.869140625,2585.184001884888,2513.6072461323747,2513.6072461323747,6119
2006-04-28,2592.40625,2619.9671356007584,2368.0309605736447,2493.9990480872016,3396
2006-05-02,2787.23388671875,2833.013475812688,2730.717256602501,2763.688765273553,7609
2006-05-03,2757.390625,2827.9411637233634,2684.219191277034,2827.9411637233634,3060
2006-05-04,2794.29345703125,2806.805764974831,2643.216332588497,2643.216332588497,4891
2006-05-05,2802.5361328125,2832.1682629334805,2777.2157443989504,2811.0326788817383,3055
2006-05-08,2800.126708984375,2853.3037541678455,2789.8970040752265,2815.2173916651095,17843
2006-05-09,2790.869140625,2827.941036171256,2504.1439010879703,2827.941036171256,15046
2006-05-10,2785.500732421875,2806.805358319043,2773.0307387365724,2798.689212071468,4234
2006-05-11,2738.494873046875,2789.727603115836,2705.3120114182793,2764.5339496944584,1082
2006-05-12,2678.850341796875,2764.5340721284497,2604.749075299007,2604.749075299007,1712
2006-05-15,2611.42822265625,2739.171779242932,2578.5413353984395,2705.3548436967235,3684
2006-05-16,2727.843505859375,2772.9890375066757,2409.456938077447,2591.2229877920613,5725
2006-05-17,2734.267822265625,2756.0797833034894,2675.7645748943387,2725.9826331703543,849
2006-05-18,2672.29833984375,2730.7171705422224,2551.48743674812,2589.1087723794294,3280
2006-05-19,2551.9521484375,2671.5372144295593,2451.7695028963913,2671.5372144295593,4178
2006-05-22,2494.969970703125,2532.041851320865,2409.4555179514077,2510.9062766019933,4405
2006-05-23,2683.5419921875,2747.6251051511426,2373.10266774131,2473.0316379774586,3801
2006-05-24,2667.944091796875,2760.3065704560872,2595.49136949749,2595.49136949749,2683
2006-05-25,2582.049072265625,2663.082965048676,2536.2694905225485,2663.082965048676,1101
2006-05-26,2520.460205078125,2669.8464419122943,2500.7618034124657,2603.903432897361,2212
2006-05-29,2546.879638671875,2584.416345251175,2521.89734245695,2576.849849081054,3789
2006-05-30,2561.29443359375,2565.3946126315464,2513.443393722195,2528.661012654923,4262
2006-05-31,2557.828369140625,2561.463730859768,2462.7182413837845,2493.998905623812,1992
2006-06-01,2508.244384765625,2551.487707182343,2493.9989185513296,2518.516196055732,945
2006-06-02,2439.046142578125,2496.5349251414914,2265.7343716150344,2496.5349251414914,4465
2006-06-05,2367.988525390625,2654.6293576633416,2300.3969688541247,2654.6293576633416,1468
2006-06-06,2314.97998046875,2366.339437718262,2303.7781235377865,2305.4689698669886,4285
2006-06-07,2175.612548828125,2278.41611937257,2105.1043180844895,2248.8262996404583,5692
2006-06-08,2066.68017578125,2147.3334997088214,1987.5907615763183,2134.736771403068,9657
2006-06-09,2122.350830078125,2455.954987737535,2012.1500132476408,2012.1500132476408,3155
2006-06-12,2187.025390625,2231.91744915176,2054.378561151052,2198.058205659763,1631
2006-06-13,2124.844970703125,2155.829655544484,2037.47038033812,2113.5584858279253,6976
2006-06-14,2047.192138671875,2164.325556294647,2020.561309694727,2148.2202041566115,5396
2006-06-15,2203.595947265625,2240.329550300819,2073.8234638951003,2105.1041276391356,1434
2006-06-16,2100.073486328125,2265.734116756034,2005.2591530860223,2248.8256531981533,3277
2006-06-19,2148.263427734375,2181.1926318061987,2113.5587517501926,2113.5587517501926,1432
2006-06-20,2253.64501953125,2324.068827014041,2122.0126430721148,2122.0126430721148,1888
2006-06-21,2259.43603515625,2367.185191241431,2165.129026703323,2367.185191241431,9866
2006-06-22,2344.697265625,2388.3211973120056,2280.9524213620502,2280.9524213620502,26583
2006-06-23,2324.61865234375,2335.4824269176315,2291.0976930124093,2324.914633130674,3966
2006-06-26,2250.8544921875,2278.415369195768,2224.3929129471194,2278.415369195768,1033
2006-06-27,2168.299560546875,2240.3719019199607,2155.9141908952492,2164.3261120390016,827
2006-06-28,2172.9072265625,2214.1639306204424,2166.017108270171,2166.017108270171,649
2006-06-29,2181.192138671875,2241.21719365083,2143.1480897415518,2199.7914514822555,1458
2006-06-30,2234.9189453125,2256.3503034621526,2175.274286499025,2212.472914017858,6313
2006-07-03,2220.96923828125,2250.516740228079,2206.5547302762157,2223.463195642317,2300
2006-07-04,2266.706298828125,2282.64260848899,2205.0750309597806,2205.0750309597806,982
2006-07-05,2324.913818359375,2337.595166459517,2029.8611192294034,2282.642658025568,4315
2006-07-06,2363.6767578125,2384.0936474451796,2299.5513195215917,2299.5513195215917,2303
2006-07-07,2330.958251953125,2387.474869581803,2324.9135592599,2384.09317713197,6006
2006-07-10,2349.388671875,2367.184870845175,2330.747049736666,2330.747049736666,2554
2006-07-11,2303.7783203125,2349.388862658072,2282.642739392202,2349.388862658072,4306
2006-07-12,2276.68310546875,2299.5518517454116,2257.2806780000915,2282.643382247283,1714
2006-07-13,2247.388916015625,2285.1792982015627,2240.3718609819243,2240.8791975490576,1489
2006-07-14,2231.156982421875,2260.6621765860723,2223.4635469040277,2260.6621765860723,484
2006-07-17,2229.973388671875,2252.2080666463103,2202.6661700067953,2227.6907866415268,453
2006-07-18,2172.653076171875,2200.5943552032372,2164.283468755908,2168.510584905822,743
2006-07-19,2123.57666015625,2197.1705954305007,2100.8769613330874,2197.1705954305007,2030
2006-07-20,2180.346923828125,2184.4894158801812,2156.844112294711,2172.6958008646134,3171
2006-07-21,2187.533203125,2197.213260463217,2116.9403442028984,2156.67524682971,1397
2006-07-24,2165.636474609375,2165.9745613789296,2128.9449784168396,2129.663670804867,5811
2006-07-25,2150.7568359375,2198.945963157798,2122.012444262235,2177.8103810436323,1722
2006-07-26,2164.156982421875,2171.892523289614,2131.3968285575415,2150.756940151334,3749
2006-07-27,2311.68310546875,2597.0134473165062,2168.679641409536,2197.254988036498,42882
2006-07-28,2250.9814453125,2367.100190917353,2242.062189815424,2367.100190917353,8833
2006-07-31,2282.051025390625,2312.1479693203514,2266.6220510417156,2295.324129166515,5063
2006-08-01,2269.07421875,2278.4161891175468,2251.3626388200473,2278.4161891175468,1605
2006-08-02,2260.450439453125,2274.0195240447206,2243.7533300826904,2274.0195240447206,1252
2006-08-03,2289.70263671875,2536.2702983268796,2240.3720968554103,2536.2702983268796,53504
2006-08-04,2351.206787109375,2438.200760820501,2265.734410193808,2409.456369049385,5191
2006-08-07,2348.797119140625,2439.046050110934,2324.9139125840793,2439.046050110934,1290
2006-08-08,2360.8017578125,2388.320321738085,2341.8220499874324,2362.873003182785,3038
2006-08-09,2375.766357421875,2379.8667432526518,2357.8857360325565,2357.8857360325565,15733
2006-08-10,2413.049560546875,2443.273444856081,2325.759600968539,2325.759600968539,6565
2006-08-11,2436.0029296875,2443.2736535704234,2401.0024830934262,2401.0024830934262,8597
2006-08-14,2453.123046875,2493.1539326612233,2401.002770009452,2443.2316330818144,26407
2006-08-16,2491.3359375,2515.134522776488,2430.592185876438,2430.592185876438,66143
2006-08-17,2481.697021484375,2527.8148895967374,2456.8839791016726,2516.401678556752,2336
2006-08-18,2489.179931640625,2508.7937114573456,2451.727637144499,2452.573060467653,7391
2006-08-21,2538.805908203125,2570.0865670787543,2502.452710050366,2527.815406436012,6898
2006-08-22,2553.22119140625,2578.5415830478673,2540.497526904538,2565.014807530239,1778
2006-08-23,2536.6923828125,2553.178135675304,2519.3612067259623,2553.093510792069,4752
2006-08-24,2646.8095703125,2662.238548882556,2506.680627957059,2553.1789195380497,19884
2006-08-25,2634.212158203125,2663.0832800915055,2603.903651645028,2620.8121169154497,7943
2006-08-28,2658.560302734375,2687.6006757043174,2625.2083947677083,2687.6006757043174,1565
2006-08-29,2621.361328125,2688.4457407256637,2605.6365806526087,2671.537276947515,1851
2006-08-30,2619.07958984375,2654.6296879323313,2603.904279882669,2654.6296879323313,11841
2006-08-31,2621.53125,2684.219312968769,2613.203746893375,2684.219312968769,12989
2006-09-01,2719.261962890625,2743.145173143492,2620.8124525269463,2654.2066757123703,8183
2006-09-04,2690.306396484375,2723.024241930569,2629.731890312352,2629.731890312352,699
2006-09-05,2705.18603515625,2747.6262516708466,2696.9008439476925,2747.6262516708466,4350
2006-09-06,2684.7265625,2727.335818202422,2675.807304579129,2727.335818202422,826
2006-09-07,2670.31201171875,2705.3547689296033,2654.6293670121736,2679.9920679708885,7096
2006-09-08,2689.883544921875,2730.7175357304186,2663.083664876415,2696.900600303417,18830
2006-09-11,2664.30908203125,2742.5530457481786,2650.4019107338286,2730.717120150005,6715
2006-09-12,2639.32763671875,2662.91507705578,2629.267179268934,2656.320732238904,642
2006-09-13,2685.529541015625,2730.717377074077,2663.0835101496414,2663.0835101496414,2173
2006-09-14,2746.527099609375,2747.6261913663634,2704.509595747999,2705.355019191496,58698
2006-09-15,2748.9365234375,2756.883420911458,2684.3883636787637,2707.0457522925703,1996
2006-09-18,2811.074462890625,2823.713498497181,2722.262714120037,2722.262714120037,3995
2006-09-19,2815.175048828125,2874.439306502474,2802.62063628662,2840.6223734847977,2775
2006-09-20,2782.499267578125,2836.3949996884494,2764.53402354135,2764.53402354135,2021
2006-09-21,2771.8896484375,2840.622611843803,2756.0802722055946,2840.622611843803,924
2006-09-22,2791.71484375,2823.714202528153,2772.988797692318,2823.714202528153,866
2006-09-25,2734.39501953125,2798.3512116412735,2729.0264988453264,2789.896978373475,1037
2006-09-26,2792.433349609375,2806.805546685778,2726.490327729408,2764.5343788140044,1057
2006-09-27,2789.51611328125,2811.0320920739887,2747.6253531550265,2811.0320920739887,1163
2006-09-28,2804.3955078125,2806.8050465126857,2760.3067701397345,2781.4423503092576,1346
2006-09-29,2781.01953125,2817.7954393239856,2772.988011095911,2817.7954393239856,1337
2006-10-03,2791.123046875,2810.1873858543004,2739.214132597295,2739.214132597295,1410
2006-10-04,2728.4345703125,2797.505610438171,2706.1998969515216,2768.761219155337,2152
2006-10-05,2779.540771484375,2789.0517846937732,2731.562993739188,2781.4429741262547,1253
2006-10-06,2791.92578125,2832.168012283917,2713.808752069067,2832.168012283917,932
2006-10-09,2923.64306640625,3035.830706691373,2759.8846003826247,2789.8971301156876,4930
2006-10-10,2895.955322265625,2996.1802999335096,2875.2847630005267,2996.1802999335096,3402
2006-10-11,2871.01513671875,2932.6043050191715,2854.1489836202663,2932.6043050191715,1451
2006-10-12,2854.1484375,2915.0189018068722,2836.3945520771626,2865.984361115225,1358
2006-10-13,2893.41943359375,2942.073594226997,2874.439718497641,2937.8464769939123,4394
2006-10-16,2855.671142578125,2943.764217750768,2846.5405287670405,2894.7296615676705,1689
2006-10-17,2816.612548828125,2874.4394240931233,2781.4428544901107,2857.530956892576,2110
2006-10-18,2800.549072265625,2825.4044326490725,2798.350889308327,2815.259353896293,1217
2006-10-19,2798.35107421875,2857.107992544491,2781.442608513501,2832.1256931845514,1317
2006-10-20,2881.70947265625,2899.801445762836,2798.435291196297,2832.082967923379,3458
2006-10-23,2884.58447265625,2931.885867848591,2873.5939690968917,2931.885867848591,1396
2006-10-26,2873.171875,2914.935714941683,2857.5315396498454,2914.935714941683,8538
2006-10-27,2831.533447265625,2874.438671554266,2790.8264056984376,2857.530208780417,7447
2006-10-30,2826.50341796875,2865.984640018367,2714.653887639816,2714.653887639816,4980
2006-10-31,2908.84716796875,2980.116375331572,2849.921220210703,2888.8106821299234,18617
2006-11-01,2911.595458984375,2950.2735739793998,2911.299684678173,2949.6818189648275,14416
2006-11-02,2982.442626953125,2992.7990643934695,2908.4680738078064,2911.6384117997486,31617
2006-11-03,3036.337890625,3204.154421681401,2975.8901225114855,3017.315865694174,12770
2006-11-06,3064.997802734375,3130.602738800771,3051.978365398537,3081.906270132705,3757
2006-11-07,3041.19921875,3128.0664700465636,3001.252964504135,3001.252964504135,4313
2006-11-08,3020.73974609375,3081.4832860105353,2988.8673291462105,3003.7889677451226,4469
2006-11-09,3074.719970703125,3170.3374301575473,3001.252767215811,3035.0696998041585,4077
2006-11-10,3058.065673828125,3110.228259613424,3027.46138610079,3044.3698551658604,4205
2006-11-13,3029.6591796875,3094.2071281940016,3022.388456364463,3068.8867403085314,2453
2006-11-14,3010.08740234375,3119.6120341454716,3001.33739486977,3119.6120341454716,3898
2006-11-15,2981.131591796875,3047.7509889523285,2958.9815426721634,3002.943554163293,824
2006-11-16,2988.6142578125,3013.9346492798645,2975.9329058519957,3013.9346492798645,16836
2006-11-17,2982.484619140625,3009.7072104944345,2942.073340595683,3009.6648980453097,1456
2006-11-20,2966.886962890625,2984.3448751375545,2923.559009675101,2958.982170816272,2927
2006-11-21,2960.58740234375,3022.3879204243344,2950.5269488897698,3001.2523405612274,23401
2006-11-22,2966.210205078125,2996.9835331747104,2942.0733265924528,2958.981793986662,1915
2006-11-23,2948.751708984375,2975.8475657752942,2921.40239033693,2971.5781370275304,4455
2006-11-24,2912.906494140625,2937.00106244218,2911.3002721480716,2926.010557602874,1637
2006-11-27,2925.291748046875,2996.180583984476,2911.9763292551834,2996.180583984476,4751
2006-11-28,2897.349853515625,2925.1641934882255,2895.5743822824197,2925.1641934882255,2431
2006-11-29,2866.49169921875,2958.9385930975054,2833.0128612695744,2958.9385930975054,6288
2006-11-30,2926.30615234375,2958.9816817831397,2832.1681811352905,2832.1681811352905,5720
2006-12-01,2957.333251953125,2980.11737042673,2896.420457044532,2958.136362871809,7772
2006-12-04,2887.6279296875,2959.8269975378653,2875.2846668455527,2908.3408007071166,3221
2006-12-05,2882.302001953125,2954.7547451239366,2870.212406207658,2954.7547451239366,8161
2006-12-06,2889.191650390625,2958.9390686594693,2849.076358375825,2950.527148585053,1851
2006-12-07,2882.72412109375,2908.002192672844,2871.057239441033,2889.656550179461,1780
2006-12-08,2876.890625,2925.1643739635556,2864.9702813057775,2882.893212490094,1575
2006-12-11,2871.691162109375,2913.9200083088504,2840.664172949113,2867.6754020387134,1343
2006-12-12,2786.64208984375,2911.6380145811095,2756.080118331712,2874.4816996650193,5994
2006-12-13,2930.0263671875,3001.253293952427,2667.311026033777,2748.471678489955,6057
2006-12-14,2878.074462890625,2958.136004821568,2851.612673410445,2958.136004821568,1365
2006-12-15,2981.089599609375,3043.5241994279622,2893.92657207263,2908.256457231164,3706
2006-12-18,2878.708251953125,2963.2082578545983,2861.757475845311,2963.2082578545983,4086
2006-12-19,2862.687255859375,2949.681210725777,2833.012822339375,2949.681210725777,2593
2006-12-20,2894.1796875,2908.171276788939,2833.0555468908124,2853.303391902549,1030
2006-12-21,2864.251708984375,2899.759486109516,2861.757751633399,2866.830291222705,953
2006-12-22,2899.548095703125,2915.864805801175,2853.810821459805,2915.864805801175,1580
2006-12-26,2899.29443359375,2932.7732771156348,2844.0038351735357,2932.7732771156348,1125
2006-12-27,2909.01708984375,2916.71052480338,2857.5308909667897,2899.8020579929257,5582
2006-12-28,2892.320068359375,2920.092308515717,2874.3971342661785,2891.3479140485674,4736
2006-12-29,2959.869384765625,2979.271808869284,2876.1301628187584,2878.666432803607,6052
2007-01-02,2941.14306640625,2980.117163502572,2841.0450292057853,2959.827004091491,5793
2007-01-03,2976.651123046875,2992.7987923120354,2912.4835704844522,2954.7547398673905,8216
2007-01-04,2936.197998046875,2983.4993994986366,2933.619415205517,2975.8905883352795,5906
2007-01-05,2975.59375,2991.910459406075,2925.1643375507733,2925.1643375507733,7813
2007-01-08,2972.677734375,2984.3446186404935,2929.392097334082,2958.9819164990727,1906
2007-01-09,2985.570068359375,3051.132686485742,2935.3520069531473,2935.3520069531473,18738
2007-01-10,2972.72021484375,3001.253256365535,2958.9820837406687,2975.8905527906154,3094
2007-01-11,2946.30029296875,3001.252809193418,2930.2372497646165,3001.252809193418,855
2007-01-12,2928.461181640625,2999.3076832519178,2916.709882356623,2984.343734701124,27305
2007-01-15,3006.832763671875,3042.6786310854445,2958.9817195885125,3000.4074636627515,2488
2007-01-16,2967.393798828125,3026.6157488251,2960.672724130028,3001.2530470193033,1683
2007-01-17,2936.577880859375,2980.9202923934135,2930.237206005065,2966.5904085031084,17450
2007-01-18,2931.8857421875,2994.912091562785,2919.246704916386,2994.912091562785,1013
2007-01-19,2965.618408203125,2980.1173362284394,2927.32068881456,2980.1173362284394,860
2007-01-22,2934.88720703125,2979.271933624694,2933.619071985723,2979.271933624694,1901
2007-01-23,2949.51318359375,2967.4361182984753,2920.9378315445106,2920.9378315445106,763
2007-01-24,2950.907958984375,2967.4360271396217,2938.6916325747366,2950.527559748513,1046
2007-01-25,2993.982177734375,3001.2529011261463,2935.7325913128293,2942.0732664560533,8941
2007-01-29,3051.428955078125,3077.341099079553,2967.4360598267117,2967.4360598267117,5964
2007-01-31,3045.0458984375,3056.1631330573723,2997.0258103231126,2997.0258103231126,1422
2007-02-01,3016.4697265625,3039.2115261890162,2992.7978789325252,3001.2521102289447,1307
2007-02-02,3033.92822265625,3043.0165230703565,2994.912020183535,3019.852007366432,2468
2007-02-05,3116.695068359375,3140.7473181153855,3001.6751959538833,3005.4796005114927,6004
2007-02-06,3202.46337890625,3227.82607726084,3085.7949664751354,3085.7949664751354,3889
2007-02-07,3118.42822265625,3254.8794500263625,3111.1575002849386,3248.538775773064,3045
2007-02-08,3134.745361328125,3199.927588424683,3115.385247911481,3199.927588424683,1692
2007-02-09,3097.7998046875,3167.8008904649964,3094.2490683485153,3165.222308294274,1907
2007-02-12,3037.64794921875,3111.5378562638803,2999.561591785574,3061.27748699424,3686
2007-02-13,2964.434814453125,3060.3903695375434,2916.9220610574025,2959.8272982427266,2434
2007-02-14,2985.866455078125,2999.435542154322,2916.7107785271005,2942.158105851362,852
2007-02-15,3003.662353515625,3055.3175950163204,2963.208764709011,3043.5239808708816,1854
2007-02-19,3034.604248046875,3062.6722568592636,3002.9431906533273,3019.006231369097,7939
2007-02-20,3008.185302734375,3042.63630401834,3002.182920830504,3042.63630401834,3122
2007-02-21,3033.801025390625,3044.36881494542,2986.880039767334,2988.5708860961013,2080
2007-02-22,3005.4794921875,3026.615072301336,2993.2208557214753,3009.960276452063,4001
2007-02-23,2985.485595703125,3000.407234100803,2935.30964125049,2958.9814931960586,2345
2007-02-26,2958.769775390625,3043.4811367801412,2937.84555167724,2980.116710694179,3417
2007-02-27,2959.488525390625,3035.0692766265383,2937.845608990869,3035.0692766265383,4155
2007-02-28,2991.86865234375,3043.5241023076806,2625.2085816322874,2625.2085816322874,3483
2007-03-01,2923.685302734375,2958.981727628226,2895.574976321907,2937.8461438594527,5042
2007-03-02,2818.0068359375,2939.8323996529653,2789.051091804639,2916.7099929451365,5299
2007-03-05,2740.947021484375,2849.076581281333,2676.610224432255,2832.16811492358,2033
2007-03-06,2673.56689453125,2840.62264199012,2663.0837268657374,2762.8436886975333,2668
2007-03-07,2675.638427734375,2747.6261503116584,2663.929230656011,2709.582095922728,2296
2007-03-08,2728.984130859375,2756.079989211661,2658.89862105655,2739.1715230201785,3469
2007-03-09,2747.287353515625,2756.037359922482,2730.8437069130846,2739.1712081159026,1356
2007-03-12,2737.94580078125,2815.259723993055,2705.3546897230563,2815.259723993055,729
2007-03-13,2754.00830078125,2771.043495170537,2714.6538107648807,2726.4897351967425,1584
2007-03-14,2747.541015625,2810.9900736194395,2692.6731277030017,2705.354476813063,16381
2007-03-15,2700.49365234375,2912.483566509891,2637.72096589575,2815.175252162282,5371
2007-03-16,2615.105712890625,2696.900419985806,2603.9038537793986,2693.603351562996,19846
2007-03-19,2564.5068359375,2722.2628989136733,2544.724014201912,2722.2628989136733,2099
2007-03-20,2666.591552734375,2684.2187093392436,2595.449271707552,2684.2187093392436,21072
2007-03-21,2676.52587890625,2688.446431493563,2536.270218390154,2536.270218390154,3982
2007-03-22,2736.778564453125,2779.2955037364136,2694.4315188895002,2694.4315188895002,47584
2007-03-23,2777.68359375,2797.1173663633886,2741.955767815567,2779.295926832554,13034
2007-03-26,2776.45263671875,2783.538862735154,2745.562227336557,2783.538862735154,1207
2007-03-28,2750.78173828125,2766.566525874433,2732.6209243299613,2758.080125488315,1418
2007-03-29,2758.97119140625,2783.5392786630464,2732.620877224088,2733.893837260062,7597
2007-03-30,2769.451416015625,2800.5117197827526,2741.191872593255,2766.566123179325,3056
2007-04-02,2758.885986328125,2792.0254176006697,2707.1614231447224,2749.593420372696,3409
2007-04-03,2717.133056640625,2745.3503359826414,2698.6751370710354,2732.620736279476,678
2007-04-04,2715.903076171875,2749.5940482265264,2712.2538821394996,2728.3780447679883,6484
2007-04-05,2716.9208984375,2732.1539446548354,2703.342658745168,2732.1539446548354,7717
2007-04-09,2732.069091796875,2744.5015841251684,2712.253266191725,2732.6206248865315,7212
2007-04-10,2744.119384765625,2758.079468638627,2702.9178792658545,2713.101557303905,1366
2007-04-11,2794.869140625,2800.512514787359,2736.8645030876464,2749.594105427589,617
2007-04-12,2715.860107421875,2783.539146111632,2715.6479474259827,2782.6905061280613,20729
2007-04-13,2865.051025390625,2902.3487108069166,2725.87406966772,2749.041982393239,2679
2007-04-16,2885.07861328125,2965.4025058025795,2864.159722185318,2965.4025058025795,1734
2007-04-17,2875.7861328125,2919.2364564476266,2860.7652472620007,2885.3758056039164,3610
2007-04-18,2861.529541015625,2927.8084173382063,2847.1876058462844,2885.3764112898266,546
2007-04-19,2924.837890625,2932.0513309471567,2825.9713262095606,2842.944126967576,1094
2007-04-20,2907.949951171875,2946.4781248837753,2875.2348372360248,2932.0512446640105,873
2007-04-23,2874.895263671875,2940.53765170101,2865.0086903730476,2936.2944516264056,1164
2007-04-24,2840.52587890625,2885.334121584232,2800.512577529594,2884.485481409223,3023
2007-04-25,2851.302978515625,2872.646190080967,2801.3604352901834,2821.7277938018356,1971
2007-04-26,2926.02587890625,2992.3047481773538,2872.6465038514866,2923.0981122379058,8621
2007-04-27,3241.4228515625,3352.1278946456405,3097.8330095128995,3097.8330095128995,28433
2007-04-30,3303.500732421875,3426.8081601058775,3224.831849530048,3224.831849530048,6550
2007-05-03,3261.875732421875,3386.0743051616564,3258.7782786518196,3302.9075678418963,8860
2007-05-04,3267.773681640625,3275.7508157781313,3259.626653731555,3267.264414700986,3134
2007-05-07,3292.04443359375,3300.7854675278554,3267.3066590633207,3267.518819075374,2014
2007-05-08,3277.3623046875,3295.2686892216643,3272.440359080928,3295.2686892216643,1603
2007-05-09,3289.498779296875,3293.5722932950134,3263.0212490902672,3275.7508508422447,4113
2007-05-10,3289.8798828125,3305.0281883507514,3275.750110934369,3275.750110934369,2710
2007-05-11,3292.08642578125,3295.268825496834,3267.263707999694,3267.263707999694,8350
2007-05-14,3272.463134765625,3300.369819676335,3267.2812113557366,3296.122239470831,7635
2007-05-15,3271.910400390625,3298.670150517148,3270.636126575076,3270.636126575076,1592
2007-05-16,3288.221435546875,3398.0638923472725,3274.884076249684,3397.9788577894196,5297
2007-05-17,3278.324951171875,3321.565235115951,3270.6367894462774,3288.901384504224,172253
2007-05-18,3268.257568359375,3291.8741521440584,3262.141095285983,3279.1314134905974,6156
2007-05-21,3311.582763671875,3317.359513139171,3272.3351714755663,3272.3351714755663,17479
2007-05-22,3311.795166015625,3329.2527589622555,3302.0682505961436,3329.2527589622555,20884
2007-05-23,3300.412109375,3317.3173944666305,3296.1220121829942,3317.3173944666305,17082
2007-05-24,3619.872314453125,3682.65145702292,3313.112037460067,3317.3170997196507,99587
2007-05-25,3619.320068359375,3720.879525092368,3576.461826629879,3669.908572693843,33141
2007-05-28,3746.152587890625,3788.8407601320228,3645.272578862446,3661.413380306955,37988
2007-05-29,3783.1064453125,3822.1841742709857,3716.631830290729,3737.020210616895,39248
2007-05-30,3872.72998046875,3941.7531361392926,3742.1169320460313,3742.1169320460313,25220
2007-05-31,3773.2958984375,3940.9052622067006,3746.3660716386185,3924.764456002362,20061
2007-06-01,3901.57177734375,3929.0109745530704,3805.831171026542,3878.252400341277,51005
2007-06-04,4002.069580078125,4043.653551124408,3925.6131457314827,3984.2297453972415,31503
2007-06-05,3916.7353515625,4018.2101913431807,3882.2876478727985,3967.2392375417876,20009
2007-06-06,3723.938720703125,3950.2074085005097,3661.4142551032214,3907.773914959355,17410
2007-06-07,3735.364013671875,3780.3460500082288,3661.413814727071,3670.7584903563047,27729
2007-06-08,3567.37255859375,3737.8705945908487,3542.4819044190544,3729.375434148597,15632
2007-06-11,3615.412109375,3737.869736062986,3546.7709798857013,3572.2991800329096,29360
2007-06-12,3683.246337890625,3708.1369884095006,3619.7873327864563,3644.4232944505748,10689
2007-06-13,3806.00146484375,3848.307192562763,3678.4040052531486,3695.3943239841096,33524
2007-06-14,3933.5556640625,4022.457411754582,3856.801826687604,3882.287301313293,37095
2007-06-15,3851.535400390625,3988.4775428632724,3824.5209580341752,3988.4775428632724,11468
2007-06-18,3846.52294921875,3975.7344001853094,3835.5642771018533,3890.7828104377604,5470
2007-06-19,3926.25048828125,3950.2493147634145,3835.564657238025,3856.8448666577574,13372
2007-06-20,3864.150634765625,3950.249159075039,3848.3072452924575,3933.2588401112753,12090
2007-06-21,3893.798095703125,4161.607959668179,3873.792163935439,3928.840623501883,32076
2007-06-22,4060.599853515625,4098.91309305579,3894.1798173197394,3906.922552324058,36328
2007-06-25,3836.456787109375,4107.410096855075,3831.3173809341033,4056.4391339158187,28839
2007-06-26,3981.341552734375,3992.724983556739,3703.8895592143363,3835.564532076314,58991
2007-06-27,3810.71630859375,3822.8219113129076,3652.918715254556,3822.8219113129076,71969
2007-06-28,3830.72216796875,3975.734708847146,3814.3266757956594,3975.734708847146,32073
2007-06-29,3808.125244140625,3839.8120225650478,3805.8736950728444,3831.31686322309,40697
2007-07-02,3812.457275390625,3834.7147578058307,3805.831217317262,3834.7147578058307,26153
2007-07-03,3813.731201171875,3824.520217996656,3804.131838336078,3814.326028166367,42764
2007-07-04,3804.047607421875,3822.779684073884,3798.3984089913583,3822.779684073884,33601
2007-07-05,3830.595458984375,3835.5652111553995,3789.733651404422,3822.6524004481143,14468
2007-07-06,3732.56005859375,3814.3259546141535,3657.1655310944166,3809.2288597972974,5797
2007-07-09,3740.503173828125,3797.335698979845,3696.243316836981,3730.2239494900446,3045
2007-07-10,3708.56103515625,3793.087852931544,3674.1979568833376,3793.087852931544,2707
2007-07-11,3702.147705078125,3737.869680076889,3652.918096438778,3708.221660347719,2632
2007-07-12,3673.22216796875,3754.7757043801407,3663.9625264825872,3683.5013945811497,3332
2007-07-13,3706.735595703125,3730.2246293450385,3695.3944745276513,3725.1275335181035,4842
2007-07-16,3664.598876953125,3734.4715533088233,3652.9180344012607,3696.2433413209033,985
2007-07-17,3645.443115234375,3728.525611608877,3644.4235301440153,3728.525611608877,2452
2007-07-18,3650.07275390625,3695.3945144171757,3635.9283957943708,3695.3945144171757,1293
2007-07-19,3646.293212890625,3686.8999170233615,3610.8682251861283,3652.919272626833,1545
2007-07-20,3612.90673828125,3674.1569286535764,3610.4432246884853,3674.1569286535764,1220
2007-07-23,3593.409912109375,3631.680437110366,3576.461904148454,3631.680437110366,871
2007-07-24,3642.85205078125,3652.91889861356,3589.2051968935557,3652.91889861356,2095
2007-07-25,3670.546630859375,3682.6099252091617,3589.205465574463,3589.205465574463,1587
2007-07-26,3699.599365234375,3728.525215165752,3640.175563222886,3652.9183014838763,2853
2007-07-27,3659.71533203125,3686.8998470324104,3623.18613999844,3635.9288814052343,4046
2007-07-30,3697.17822265625,3754.8602691700676,3629.9814321637327,3652.068845511792,2570
2007-07-31,3738.548828125,3856.801589022237,3652.917804580533,3703.8887506909587,29803
2007-08-01,3694.672119140625,3838.962482621929,3674.156392418642,3838.962482621929,5677
2007-08-02,3735.66162109375,3746.3656057851126,3674.156744902633,3678.4043249545434,2184
2007-08-03,3722.578857421875,3793.0886805998794,3709.83611829332,3793.0886805998794,1306
2007-08-06,3718.458984375,3735.321960425028,3657.1664861564122,3720.880188005827,1365
2007-08-07,3742.329833984375,3754.860193226477,3697.5178712710954,3697.5178712710954,777
2007-08-08,3725.678955078125,3762.930306566237,3708.1365364401454,3730.223947653764,630
2007-08-09,3610.017822265625,3805.8312374985294,3601.9474212039654,3767.6030219432987,3200
2007-08-10,3564.909423828125,3644.42421697728,3525.4919581481845,3593.453248907668,1156
2007-08-13,3548.5556640625,3641.0255633005227,3535.7278895466948,3538.2341276590473,962
2007-08-14,3615.624755859375,3635.928103194714,3527.2751010153916,3568.9013807014994,3451
2007-08-16,3570.26025390625,3609.592669914362,3525.4906048822318,3556.0731739848243,1602
2007-08-17,3493.039794921875,3576.4624337635373,3483.057981716003,3525.4914727122755,1945
2007-08-20,3494.908447265625,4166.8755308307955,3483.0152245476575,4162.627951288664,1578
2007-08-21,3481.8681640625,3618.937633688685,3465.939741379011,3610.4424749241575,795
2007-08-22,3446.57080078125,3491.5101058004866,3415.053680126023,3491.5101058004866,2349
2007-08-23,3349.513916015625,3567.9668510928295,3229.0100002390104,3567.1173351759026,3553
2007-08-24,3400.399658203125,3457.5296006212525,3368.3304340204586,3368.3304340204586,978
2007-08-27,3462.5419921875,3482.973099752439,3366.3768277238673,3366.3768277238673,48074
2007-08-28,3478.42822265625,3508.501005456763,3470.272786268977,3483.0155259982394,474
2007-08-29,3440.964111328125,3567.924426968488,3419.301456140156,3440.5393533832626,1298
2007-08-30,3458.3369140625,3525.4911913687224,3450.0116162749005,3525.4911913687224,518
2007-08-31,3476.303955078125,3495.7577854314136,3425.7152438232674,3450.7334445740953,17256
2007-09-03,3476.60107421875,3559.471386279338,3454.1314216257247,3559.471386279338,702
2007-09-04,3491.34033203125,3525.491037642259,3474.520082881166,3525.491037642259,15994
2007-09-05,3483.2275390625,3518.694827582922,3483.015160089324,3487.2627395528475,1412
2007-09-06,3483.8232421875,3495.7587775603647,3457.5305527753785,3470.273294370374,409
2007-09-07,3483.10009765625,3512.7481185255933,3483.015063108811,3483.015063108811,804
2007-09-10,3510.412109375,3559.4716530416235,3466.0249032004353,3483.015221353379,3157
2007-09-11,3488.537109375,3558.622172451449,3483.9070817112965,3500.8550901581334,854
2007-09-12,3484.162109375,3508.4583470054513,3483.0151799527716,3484.799246298162,1256
2007-09-13,3487.2626953125,3503.318462520395,3474.519957083587,3474.519957083587,650
2007-09-14,3483.142822265625,3516.826047523614,3482.165961860436,3491.5106375326645,1030
2007-09-17,3484.204833984375,3507.6515585082125,3483.015594546784,3483.1429389860377,445
2007-09-18,3516.911376953125,3525.491571932113,3470.2730292392002,3500.0060906892304,887
2007-09-19,3504.380615234375,3567.9669666360373,3495.8854557900036,3525.4911694141797,767
2007-09-20,3535.47265625,3559.4714794707756,3491.510210173004,3559.4714794707756,1016
2007-09-21,3569.8359375,3584.1076389252007,3495.8002937990336,3508.50072262647,2530
2007-09-24,3542.481201171875,3567.9666774392986,3517.165794000637,3567.9666774392986,815
2007-09-25,3513.003662109375,3559.387322805635,3483.0159105566663,3483.8654266324115,1653
2007-09-26,3487.220947265625,3525.4914779911546,3483.015677051502,3512.748737709259,749
2007-09-27,3598.507080078125,3712.3845217404137,3483.8647422557065,3483.8647422557065,3249
2007-09-28,3610.5703125,3652.9187676859283,3569.6662004223886,3652.069251693443,17737
2007-10-01,3615.11474609375,3631.637995509476,3572.2141951178987,3572.2141951178987,771
2007-10-03,3621.316650390625,3652.918811612178,3567.9672113421275,3652.918811612178,2378
2007-10-04,3686.77197265625,3695.3944768082583,3568.8165970279297,3652.9186782242555,25928
2007-10-05,3614.350830078125,3678.361943169661,3610.442973546211,3652.91877323499,2754
2007-10-08,3620.67919921875,3720.879768963868,3601.9475389056624,3720.879768963868,1571
2007-10-09,3610.654296875,3635.9273903005706,3610.4419179386505,3610.4419179386505,623
2007-10-10,3616.6015625,3631.68046971343,3601.947413236244,3610.4425722297256,6011
2007-10-11,3615.36962890625,3635.928079764311,3610.442602569701,3610.442602569701,1600
2007-10-12,3628.707763671875,3635.928650009511,3597.7004282220278,3614.6907490164645,5365
2007-10-15,3630.958984375,3644.4238968846485,3567.96745149546,3644.4238968846485,1335
2007-10-16,3622.46337890625,3652.918608873329,3610.4428110957324,3652.918608873329,5157
2007-10-17,3657.42041015625,3686.898775968119,3355.587595639187,3398.0633879890497,2487
2007-10-18,3620.33935546875,3699.6417477642567,3618.9377371930505,3699.6417477642567,2608
2007-10-19,3597.742431640625,3652.9186596416484,3567.967062905796,3567.967062905796,1705
2007-10-22,3614.77490234375,3621.0612365446104,3528.039252872673,3528.039252872673,7093
2007-10-23,3620.042236328125,3695.3944687733965,3610.4428717901,3610.4428717901,3291
2007-10-24,3629.175048828125,3678.3623623147528,3589.205482687591,3652.069673390285,13867
2007-10-25,3619.2353515625,3661.4137354147992,3618.937938020196,3652.0690599879863,15451
2007-10-26,3652.154052734375,3669.908852881525,3572.2145199923175,3618.937896591504,6065
2007-10-29,3671.480224609375,3822.8213930191437,3533.9859988799194,3716.631909879723,3272
2007-10-30,3643.828369140625,3716.6320473958294,3567.966765499996,3671.48036045486,3089
2007-10-31,3626.9228515625,3737.8697034481047,3568.8160509512472,3641.7470689211013,3675
2007-11-01,3995.867431640625,4352.323911392796,3610.441966815105,3780.3451181946393,27598
2007-11-02,4077.123779296875,4416.632689270978,3907.772719878149,4024.1563856658245,21122
2007-11-05,4018.592529296875,4455.710756039299,3967.2391288281274,4192.360835281972,11468
2007-11-06,4013.325439453125,4247.579445894189,3976.58387724614,4115.904483071469,8906
2007-11-07,3885.897705078125,4162.627480982196,3865.2969466263253,4162.627480982196,2729
2007-11-08,3805.44873046875,3907.773085107473,3738.7194233821715,3898.4284103387376,1902
2007-11-12,3674.15625,3754.8602601156067,3646.1222254335257,3746.365101156069,1854
2007-11-13,3620.8076171875,3712.3852850720577,3610.443355047196,3636.8633882058607,3824
2007-11-14,3915.80078125,4043.695219378836,3661.413108303106,3720.8792144704416,5222
2007-11-15,3848.858642578125,4188.112857295433,3822.8210664968456,3973.185361779055,2349
2007-11-16,3773.80517578125,3907.774029631242,3718.3319408034668,3886.5361272962896,1780
2007-11-19,3892.65185546875,3984.144467432214,3780.345689513153,3984.144467432214,1818
2007-11-20,3903.611083984375,3948.550397762562,3781.195744501111,3781.195744501111,3697
2007-11-21,3864.447509765625,3933.2582919795213,3801.5833383603367,3933.2582919795213,4792
2007-11-22,3708.85888671875,3924.7632587841913,3661.413343151486,3924.7632587841913,1199
2007-11-23,3868.525390625,4332.531147258332,3750.6127480677515,4332.531147258332,977
2007-11-26,3795.63623046875,3934.956808310486,3776.0973689421653,3899.277148131505,1088
2007-11-27,3780.3466796875,3847.4584522033006,3699.897338358204,3822.822485077247,725
2007-11-28,4188.87841796875,4290.14089245639,3695.3946498696882,3801.5841513027253,23937
2007-11-29,3986.48095703125,4290.05556603594,3951.1410103980156,4290.05556603594,12213
2007-11-30,3950.377197265625,4052.191784497035,3908.623564040012,4005.468399141199,10210
2007-12-03,3930.412841796875,4056.4386144870828,3869.545107641605,3912.020904651941,5603
2007-12-04,4625.4873046875,5003.64927150826,3908.623140612819,3992.7252251424147,152728
2007-12-05,4444.0712890625,4672.336322216167,4375.005828984229,4672.336322216167,34073
2007-12-06,4393.99365234375,4638.3568182416775,4358.016570985313,4484.5944402010655,23501
2007-12-07,4202.1728515625,4493.896953346106,4162.670360874447,4493.896953346106,26104
2007-12-10,4245.49853515625,4536.415456324203,4205.953731135042,4237.38582324815,29928
2007-12-11,4245.4130859375,4425.977511187834,4222.943226125667,4311.2928731820075,24902
2007-12-12,4308.74462890625,4375.006868861827,4205.103689488552,4247.579484331871,5201
2007-12-13,4281.98486328125,4387.749592073734,4256.074628516826,4332.531058969224,4138
2007-12-14,4311.7607421875,4393.696725820382,4247.579974691012,4280.711098493602,5216
2007-12-17,4107.36669921875,4400.49196837238,4056.4380596482847,4375.006493652077,4024
2007-12-18,4178.76953125,4205.104529312361,3929.011807690842,4205.104529312361,6175
2007-12-19,4143.00439453125,4247.5798944942435,4120.152497659416,4203.405063591503,4510
2007-12-20,4059.539306640625,4196.608787969356,3973.1010588317417,4171.123309499907,2745
2007-12-24,4084.5146484375,4243.416842187767,4073.4286321584304,4137.1423229638285,2881
2007-12-26,4158.1259765625,4220.395331126839,4091.353938483887,4220.395331126839,5396
2007-12-27,4209.98974609375,4340.1780987323755,4144.7893802535245,4145.6388964208245,11297
2007-12-28,4338.1796875,4375.006279629837,4179.617649665786,4205.103123139358,44144
2007-12-31,4370.5888671875,4459.958098238987,4332.530724003587,4332.530724003587,16721
2008-01-01,4321.31787109375,4416.633733278324,4300.250039979781,4415.784217268846,2947
2008-01-02,4361.7119140625,4455.710762633987,4290.055167073714,4345.273698927138,9895
2008-01-03,4357.71875,4417.482270992125,4333.380204679006,4361.414226783379,7101
2008-01-04,4358.78173828125,4438.721280085055,4331.682259742333,4332.5317757768,12576
2008-01-07,4368.55029296875,4417.482489660912,4341.026061955243,4373.307664764303,7241
2008-01-08,4271.91796875,4415.783566720962,4247.579421624627,4415.783566720962,3993
2008-01-09,4238.4052734375,4281.560519097794,4206.973182325076,4281.560519097794,1906
2008-01-10,4054.866455078125,4268.81710267732,4015.6613819613312,4268.81710267732,3068
2008-01-11,4079.162353515625,4222.093381990452,4006.4014106879235,4147.33599414032,4579
2008-01-14,4041.912109375,4141.390516327749,4026.7058558755953,4140.541000324399,1684
2008-01-15,4014.726806640625,4098.913908953972,3993.573945283445,4077.6760130526563,999
2008-01-16,3957.384521484375,3996.9720427428488,3912.0204584125013,3993.573979369635,1524
2008-01-17,3999.223388671875,4035.200469502608,3933.258562904647,4013.9625722946994,2059
2008-01-18,3900.68017578125,3992.725320110735,3844.102325518706,3950.2495188329613,2865
2008-01-21,3351.1279296875,3866.9964727644337,3228.160500110907,3865.29744092227,21096
2008-01-22,3232.02587890625,3516.1464407370468,2727.795656247078,3228.1605399373707,36707
2008-01-23,3400.8671875,3610.4427273958613,3211.1702375426717,3398.0637434313985,17193
2008-01-24,3260.61181640625,3550.976386317973,3143.2087630087317,3550.976386317973,11669
2008-01-25,3367.226318359375,3474.5202239685527,3272.038014997521,3474.5202239685527,2810
2008-01-28,3281.93505859375,3381.073529912677,3228.075622143773,3355.588051043988,3178
2008-01-29,3303.17236328125,3457.5293443741516,3287.6261824884436,3389.5680796198685,1764
2008-01-30,3228.160888671875,3313.027456442463,3211.5953262168487,3308.7798763257892,6184
2008-01-31,3121.03662109375,3347.092902358234,3058.2574742359498,3227.311151283993,40909
2008-02-01,3188.5732421875,3355.5881692158528,3143.2091711642165,3355.5881692158528,1424
2008-02-04,3282.48681640625,3313.1119051119754,3185.68452414613,3304.616746380919,2179
2008-02-05,3335.3701171875,3347.0934810124418,3245.151547580591,3245.151547580591,1551
2008-02-06,3315.915283203125,3338.597315084886,3255.3447611718275,3291.8739429908223,1787
2008-02-07,3316.382568359375,3383.6216656233173,3313.0693320692326,3337.7478092478063,4570
2008-02-08,3320.078369140625,3344.5444712692483,3271.4860957220917,3313.112379464076,3812
2008-02-11,3273.184814453125,3313.1120623844245,3256.194496184487,3313.1120623844245,4916
2008-02-12,3260.994384765625,3304.6171126450176,3200.976164639184,3207.687257820002,2475
2008-02-13,3265.708740234375,3301.218543713411,3262.1408151980177,3291.873869503208,1942
2008-02-14,3318.8037109375,3428.6461578206963,3270.636201092587,3421.000514753207,1385
2008-02-15,3327.426025390625,3355.5873910409864,3296.121285376969,3320.7572434377757,1063
2008-02-18,3439.222412109375,3564.5685176455518,3296.1215082137132,3343.694395961128,2160
2008-02-19,3487.89990234375,3597.6998322902714,3440.5393909741674,3440.5393909741674,1266
2008-02-20,3607.469970703125,3644.3816096554456,3398.489018673696,3525.491670415158,2850
2008-02-21,3533.6044921875,4039.449014750742,3517.846134612581,3610.443388578476,2057
2008-02-22,3454.216552734375,3601.947279171955,3440.5392643034006,3600.2482474364965,807
2008-02-25,3400.102783203125,3508.4160740875614,3388.7193516707202,3508.4160740875614,637
2008-02-26,3438.8828125,3455.7880956153017,3318.633797751654,3338.59742100704,2761
2008-02-27,3482.25146484375,3541.632556188197,3409.1080470096513,3410.8070791786067,2314
2008-02-28,3359.495361328125,3516.9955121736316,3296.121397882534,3398.0632967861175,13356
2008-02-29,3370.70947265625,3397.2143291679868,3334.3501480330956,3359.7505923148938,956
2008-03-03,3355.587890625,3380.9883337226097,2854.3734968354433,3330.102412974684,1958
2008-03-04,3332.269287109375,3355.588461647382,3240.9888272721805,3352.190397382423,2821
2008-03-05,3366.207275390625,3398.064126577287,3304.6173630964117,3304.6173630964117,2100
2008-03-07,3181.77734375,3344.544702557656,3168.694879486933,3317.36018884624,2077
2008-03-10,3197.2802734375,3266.3884713909206,2930.872225023113,3143.208672079689,1704
2008-03-11,3309.9267578125,3346.2435672822426,3102.4324721286494,3228.1608417548923,1926
2008-03-12,3340.89111328125,3388.7188995712095,3291.8740877007863,3388.7188995712095,3950
2008-03-13,3282.3173828125,3327.554108955435,3196.134027725622,3321.607497068101,2625
2008-03-14,3250.88525390625,3313.1122990094404,3185.6849028936927,3313.1122990094404,991
2008-03-17,3155.95166015625,3228.1605137533647,3121.971023169372,3228.1605137533647,1233
2008-03-18,3101.15771484375,3143.2087508346463,3066.7523217602898,3130.466012655587,2647
2008-03-19,3055.66650390625,3240.903507318585,2994.7137315209,3240.903507318585,11030
2008-03-24,3080.939208984375,3100.73297052305,2930.8297940560337,2994.543485231165,4391
2008-03-25,3082.129150390625,3113.47620851995,3015.7393490887284,3015.7393490887284,3491
2008-03-26,3131.01806640625,3157.2257138148366,3079.495012129364,3134.713543381339,3071
2008-03-27,3090.072021484375,3172.8573165821713,2998.7915661425486,3071.0004282168024,12993
2008-03-28,3204.671875,3226.461878183581,3066.7528647295226,3143.209307340508,1964
2008-03-31,3167.75927734375,3270.635720231558,3110.5870318436087,3270.635720231558,11711
2008-04-01,3092.195068359375,3216.2668953839684,3066.921972707586,3079.494848327228,941
2008-04-02,3100.98779296875,3185.514621249468,3100.7328967298477,3185.514621249468,986
2008-04-03,3143.293701171875,3172.9417215803255,3103.2814214010523,3109.228032391966,1398
2008-04-04,3159.47705078125,3185.684699872742,3143.3787655781625,3143.3787655781625,1180
2008-04-07,3178.039306640625,3226.4617178885574,3143.2091511815856,3221.3646219677225,670
2008-04-08,3210.957275390625,3236.6551277831286,3144.100424861299,3144.100424861299,45771
2008-04-09,3194.2646484375,3227.9903863911413,3156.4611929007524,3227.9903863911413,547
2008-04-10,3186.151611328125,3206.922231719527,3166.9949880398403,3166.9949880398403,6817
2008-04-11,3156.46142578125,3201.4007348530117,3134.7137353343805,3186.534206297903,466
2008-04-15,3191.88623046875,3211.170200510062,3058.2573338191064,3138.9613467948884,2664
2008-04-16,3208.19677734375,3223.8277868506107,3185.6846061271185,3185.6846061271185,747
2008-04-17,3243.197265625,3257.8939342401777,3210.3210371560967,3228.1608735626273,3450
2008-04-21,3270.041748046875,3286.7771705780774,3246.84992141365,3274.883947422716,1081
2008-04-22,3285.03564453125,3308.822091009307,3241.7528485809135,3266.346293727062,5897
2008-04-23,3322.58447265625,3330.102772334952,3274.8842314671533,3283.3793916006607,7354
2008-04-24,3335.1142578125,3355.5876731586345,3291.873983161952,3355.5876731586345,1860
2008-04-25,3384.428955078125,3396.36469540041,3304.6169747642807,3368.3306696504815,1369
2008-04-28,3371.176513671875,3432.044245107867,3304.6168597697038,3432.044245107867,1460
2008-04-29,3408.51220703125,3423.123836973233,3389.56796364889,3389.56796364889,981
2008-04-30,3519.374267578125,3540.7822339540057,3398.1060815301053,3423.506523712377,3173
2008-05-02,3473.54345703125,3571.3651380200417,3398.91339610328,3571.3651380200417,998
2008-05-05,3497.71142578125,3511.8985063263217,3470.2722298846215,3470.2722298846215,505
2008-05-06,3503.7431640625,3511.0490834900106,3483.0150598376586,3483.0150598376586,933
2008-05-07,3556.49853515625,3576.462160040084,3483.01540526469,3483.01540526469,1194
2008-05-08,3618.130126953125,3652.9179651234376,3504.252699100972,3504.252699100972,1481
2008-05-09,3550.424560546875,3623.3555876496366,3500.005706068095,3610.4004694414966,1344
2008-05-12,3500.557373046875,3526.3402618244077,3500.0052707098434,3526.3402618244077,1400
2008-05-13,3466.70458984375,3567.117329586908,3229.0950297318645,3510.199763241987,6231
2008-05-14,3527.73388671875,3564.317118497165,3512.6046039482258,3512.6046039482258,1943
2008-05-15,3541.4521484375,3589.9593370994994,3504.4841147876064,3504.4841147876064,441
2008-05-16,3697.530029296875,3713.8558804133413,3581.4118550126923,3662.613317119185,5062
2008-05-20,3682.27392578125,3696.8047188959854,3590.857975094985,3675.4359054919623,925
2008-05-21,3608.422119140625,3664.322831843811,3598.506909741648,3611.3281932680434,322
2008-05-22,3590.087890625,3649.74985326337,3589.9597612482908,3590.0023319206825,382
2008-05-23,3596.412841796875,3631.8424912690657,3589.9596289315314,3604.490417905778,557
2008-05-26,3592.52392578125,3602.780953406607,3589.9596688749107,3590.0022395462074,2922
2008-05-27,3590.3017578125,3611.328749506389,3589.9599403377124,3590.4298871956016,420
2008-05-28,3597.438232421875,3615.601716220857,3589.959150857588,3590.813903036364,1762
2008-05-29,3573.07861328125,3602.7812582932766,3553.632996762585,3591.669477425468,3665
2008-05-30,3514.698974609375,3589.9597495580833,3483.970461713988,3525.853325458832,683
2008-06-02,3425.20654296875,3525.8110670421356,3387.5546581439485,3488.330090960782,212
2008-06-03,3414.692626953125,3478.8418281992367,3318.5757734603285,3478.8418281992367,1492
2008-06-04,3429.5224609375,3454.86578143074,3343.0215758177314,3380.5023364065555,752
2008-06-05,3466.191162109375,3495.936581112491,3444.6514478932368,3444.8223566013526,41585
2008-06-06,3470.55126953125,3521.5799469291933,3436.104705498873,3503.630146228826,508
2008-06-09,3471.70458984375,3487.303819291883,3419.009194111412,3423.3257349549294,9060
2008-06-10,3465.849365234375,3495.9366018320425,3354.902484643219,3466.020273943504,2553
2008-06-11,3410.290283203125,3476.7044857305505,3389.092387442319,3474.9949813737067,1852
2008-06-12,3339.987548828125,3440.378169452979,3248.0588928997067,3248.0588928997067,355
2008-06-13,3316.610107421875,3376.271864639305,3308.746427346519,3350.629293515462,499
2008-06-16,3331.09814453125,3419.009510029803,3305.413002530975,3419.009510029803,289
2008-06-17,3316.054443359375,3361.142628763774,3312.165278522189,3314.9860029469487,186
2008-06-18,3388.152099609375,3440.3775415379055,3286.522148375962,3316.4384748241177,1805
2008-06-19,3394.60595703125,3401.9141308825397,3376.271562056792,3376.271562056792,1050
2008-06-20,3342.038818359375,3405.3332698934228,3290.796458104839,3393.3667373184962,1992
2008-06-23,3282.334228515625,3342.0813278615046,3248.9133317651094,3312.164998839726,956
2008-06-24,3209.55224609375,3283.958478765822,3164.378710290999,3209.637804799358,317
2008-06-25,3129.803466796875,3207.8851676590357,3111.2981642096697,3162.5832987845542,408
2008-06-26,3226.47607421875,3248.015789306514,3154.03582061519,3162.5833431642827,7397
2008-06-27,3236.43505859375,3248.0597770572545,3183.99611345363,3205.1512396331477,3331
2008-06-30,3278.70166015625,3375.416798447928,3248.0587070402953,3248.0587070402953,2065
2008-07-01,3197.457763671875,3289.0443982563766,3171.9861008619,3206.1761962632677,1355
2008-07-02,3210.791259765625,3248.05854123698,3162.5833164675855,3171.1308389445253,1010
2008-07-03,3167.7978515625,3200.192883012105,3120.700912360362,3162.583778617732,245
2008-07-04,3204.637451171875,3238.5710775433677,3119.846060256475,3119.846060256475,1105
2008-07-07,3218.399169921875,3333.4914941227207,3142.069740847061,3248.0590356960915,1974
2008-07-08,3243.015625,3252.3323411387205,3162.5833540639333,3162.5833540639333,3406
2008-07-09,3226.56201171875,3292.463293101301,3210.6635344390356,3248.0589499815865,482
2008-07-10,3221.989013671875,3260.880245963179,3206.176095047938,3248.058960592419,77
2008-07-11,3244.383544921875,3256.60654560854,3192.5001175453795,3196.773879416257,735
2008-07-14,3247.97265625,3256.6057365563315,3205.320606846783,3205.320606846783,5649
2008-07-15,3235.75048828125,3248.0588383018558,3196.773698749721,3196.773698749721,2215
2008-07-16,3177.755859375,3205.3644047106663,3111.298857676014,3205.3216253530363,1291
2008-07-17,3161.38720703125,3195.9191193933834,3124.290828872949,3145.488729437724,910
2008-07-18,3158.523681640625,3184.3799407217775,3132.6674225594725,3132.7529812680154,367
2008-07-21,3146.385986328125,3192.92720718927,3137.7956840026263,3171.1310236038526,1145
2008-07-22,3183.568115234375,3186.0895930959045,3138.6508345669113,3179.678950051446,2415
2008-07-23,3178.524169921875,3248.0583445326456,3149.7618420007366,3248.0583445326456,2812
2008-07-24,3183.568115234375,3239.5116184663925,3162.58390193289,3239.5116184663925,1065
2008-07-25,3171.77197265625,3196.7734764493366,3162.5833857921243,3162.5833857921243,249
2008-07-28,3166.430419921875,3248.0592780950533,3154.079288876657,3248.0592780950533,330
2008-07-29,3184.807373046875,3215.4929000667457,3162.626590485846,3171.9860873260745,1265
2008-07-30,3186.345703125,3247.9306487997587,3176.302363481961,3222.4162088729836,2946
2008-07-31,3184.123779296875,3204.4669293063716,3164.293564228378,3164.293564228378,3936
2008-08-01,3184.9775390625,3201.046921821207,3163.4378258104907,3183.9518781799725,963
2008-08-04,3203.8681640625,3232.67327552197,3179.678631660954,3183.952393262649,11449
2008-08-05,3261.735107421875,3273.6160821242715,3196.944834778534,3239.29785727255,929
2008-08-06,3252.375,3316.4386376169878,3205.320848212295,3316.4386376169878,1018
2008-08-07,3249.854248046875,3269.4279949236525,3001.933267767752,3210.4500781524807,1505
2008-08-08,3241.43408203125,3269.3844376800794,3213.8683231425935,3248.0584116866635,167
2008-08-11,3258.315673828125,3269.4274534083365,3207.8852895794735,3248.0586465233146,808
2008-08-12,3265.281982421875,3269.4276146339053,3230.963760344094,3230.963760344094,1062
2008-08-13,3248.01611328125,3269.427701138385,3088.2202050230026,3269.427701138385,2670
2008-08-14,3233.82763671875,3290.7968017762864,3129.2485951436324,3129.2485951436324,1064
2008-08-18,3205.321533203125,3213.8690572916666,3192.5002470703125,3205.321533203125,1176
2008-08-19,3192.713623046875,3205.3639991971495,3171.9858791585443,3205.3212198449314,81
2008-08-20,3184.678466796875,3204.4658961271552,3172.8400657305947,3204.4658961271552,196
2008-08-21,3152.24072265625,3205.491829285983,3145.488263388809,3205.2781412246113,83
2008-08-22,3144.035400390625,3179.2511531185755,3141.2146760883898,3141.2146760883898,168
2008-08-25,3107.708740234375,3163.4385535900346,2860.8562115281943,3163.4385535900346,1011
2008-08-26,3543.376220703125,3675.435471963198,3513.075079926477,3567.651106394871,38762
2008-08-27,3569.744873046875,3589.4897347675333,3461.7468358204246,3568.59087396303,20292
2008-08-28,3535.170166015625,3564.2747339910256,3525.939007566067,3564.2747339910256,2514
2008-08-29,3523.802001953125,3567.2662409469763,3510.4677822738963,3525.5115065950895,2026
2008-09-01,3567.43701171875,3568.1210640048157,3530.127155640127,3530.127155640127,2078
2008-09-02,3480.4658203125,3718.172519330573,3436.104259243426,3568.1209194310527,18642
2008-09-04,3341.055908203125,3495.93698676083,3333.5340460555594,3495.93698676083,7022
2008-09-05,3304.3017578125,3375.417113349442,3273.7015811922925,3333.5342471670865,7611
2008-09-08,3325.884033203125,3419.0092560796415,3290.7964089766547,3419.0092560796415,6181
2008-09-09,3294.04443359375,3332.679195561149,3175.447552756584,3277.975048724546,305
2008-09-10,3289.08642578125,3333.5335396431587,3256.6058425744704,3323.4902014147465,1579
2008-09-11,3253.44384765625,3316.4390528783197,3177.9691748973178,3177.9691748973178,468
2008-09-12,3290.796142578125,3311.267417105746,3257.460805029931,3257.460805029931,2991
2008-09-15,3307.8916015625,3312.1225839680787,3188.226272307009,3222.4163663800064,2159
2008-09-16,3303.57421875,3312.164519433119,3196.772981336739,3196.772981336739,1176
2008-09-17,3317.336669921875,3324.986661765045,3295.1558880401426,3312.1653764369025,1506
2008-09-18,3337.765380859375,3376.2720186562087,3205.3215366989325,3205.3215366989325,12141
2008-09-19,3349.646240234375,3376.2716917493008,3312.592643385928,3374.5621870952505,3119
2008-09-22,3413.23974609375,3428.411599970458,3333.534091220341,3333.534091220341,29201
2008-09-23,3377.2119140625,3401.914172192698,3344.945014564944,3377.1263553601384,236
2008-09-24,3355.758056640625,3401.7437793361523,3355.758056640625,3376.314894418919,587
2008-09-25,3352.8515625,3393.2811806370073,3291.7367710987587,3384.819216068742,1382
2008-09-26,3344.17578125,3380.545535383059,3333.5341562563667,3380.545535383059,5412
2008-09-29,3323.19140625,3376.2716079121183,3291.73668834035,3376.2716079121183,8468
2008-09-30,3361.783447265625,3384.733420439048,3248.998927310359,3248.998927310359,5498
2008-10-01,3375.0322265625,3376.2715756581188,3308.318767996139,3308.318767996139,3813
2008-10-03,3332.123291015625,3354.0476012676136,3291.7362499453156,3333.533548660472,6156
2008-10-06,3229.382568359375,3350.6292749569607,3213.056923375487,3333.4914482814934,19839
2008-10-07,3206.090087890625,3235.2372226951265,3111.383706809423,3235.2372226951265,1570
2008-10-08,3052.1923828125,3162.5835606536816,2813.4172405112413,3162.5835606536816,3299
2008-10-10,2948.93798828125,2990.607159711833,2457.8828295762237,2848.889197500178,4839
2008-10-13,2831.025390625,2931.6724815694993,2803.587756245927,2863.4204217755655,944
2008-10-14,2916.329345703125,3077.108339936725,2906.157876606907,2948.8954924393615,566
2008-10-15,2842.05126953125,2906.1576891447367,2799.313656455592,2821.537215254934,252
2008-10-16,2761.57666015625,2863.4203172207153,2499.29582315026,2777.945083870843,3833
2008-10-17,2742.89990234375,2820.6823551680823,2698.324657081703,2803.5873105913056,1167
2008-10-20,2819.528564453125,2889.0627468772363,2735.207334321644,2735.207334321644,2043
2008-10-21,2805.08349609375,2861.7108387055305,2777.9451092571608,2818.9732216400357,786
2008-10-22,2802.646728515625,2820.6393029278747,2736.061619802993,2794.1847657407006,1549
2008-10-23,2734.8232421875,2812.092780168854,2628.363782840864,2795.0405105332115,7701
2008-10-24,2545.666259765625,2649.689582023114,2436.8990200929393,2608.7042473951774,10709
2008-10-27,2400.101806640625,2581.352083227005,2312.1050944135923,2581.352083227005,2347
2008-10-29,2381.89599609375,2521.391772527531,2324.9268248321946,2520.6651494228463,3204
2008-10-31,2820.55419921875,3094.20303923015,2394.160970409848,2394.160970409848,6120
2008-11-03,2811.579833984375,3037.789968632493,2718.11257744832,2889.0630540173966,1353
2008-11-04,2860.38623046875,2905.303512445668,2735.250558064808,2820.6830217919105,1562
2008-11-05,2855.941162109375,2912.1411266162786,2822.5202632424894,2904.4483558092497,1567
2008-11-06,2991.718505859375,3039.1144775291514,2735.207265975234,2777.9448795060966,3164
2008-11-07,2968.256103515625,3018.130993982413,2820.7259513059585,2820.7259513059585,1249
2008-11-10,2905.473876953125,2991.6329475793614,2855.8554659008937,2991.6329475793614,315
2008-11-11,2913.46630859375,2927.526943711532,2829.2304185942107,2833.5041805558335,517
2008-11-12,2816.580078125,2863.4205515702256,2745.507499249731,2745.507499249731,1758
2008-11-14,2615.328369140625,2837.7776568500285,2564.5133862682237,2820.7253900756923,634
2008-11-17,2559.769287109375,2708.70986588183,2410.486890910633,2707.855113636364,2101
2008-11-18,2532.80224609375,2559.983413893754,2504.424508416928,2504.467287772482,571
2008-11-19,2542.9306640625,2601.865788595829,2505.4069159507912,2505.4069159507912,845
2008-11-20,2569.385498046875,2569.385498046875,2418.949088314257,2542.8881758780617,1641
2008-11-21,2520.109130859375,2628.363430636275,2508.783662418422,2521.5193887404916,2497
2008-11-24,2533.101318359375,2547.1619525021665,2517.245620845262,2517.245620845262,610
2008-11-25,2585.07080078125,2602.7213563929104,2530.0673940633874,2598.4475939029385,11185
2008-11-26,2542.589111328125,2561.6929107006586,2530.921824686236,2548.145001858507,10863
2008-11-27,2542.589111328125,2542.589111328125,2542.589111328125,2542.589111328125,0
2008-11-28,2531.861083984375,2585.624903463861,2500.2352587188666,2542.8873017537144,334
2008-12-01,2516.091552734375,2554.5554066671734,2475.3626886529946,2531.861899790633,8388
2008-12-02,2467.4560546875,2521.519134434269,2436.0439095381917,2436.0439095381917,4707
2008-12-03,2509.894287109375,2547.161566657194,2440.317541210164,2440.317541210164,1557
2008-12-04,2563.188720703125,2572.804685057576,2487.3294463513444,2487.3294463513444,4448
2008-12-05,2510.87744140625,2579.6422162022673,2480.6190874198887,2495.876498114851,743
2008-12-08,2544.768798828125,2563.4024428495504,2538.6146232954866,2563.4024428495504,698
2008-12-10,2656.357177734375,2726.660573396398,2590.3275447265783,2726.660573396398,3880
2008-12-11,2692.17041015625,2756.5760773263028,2649.732043321407,2649.732043321407,20603
2008-12-12,2623.53369140625,2648.8770101124255,2573.231442059844,2573.6588181505367,1215
2008-12-15,2609.81494140625,2686.486172228003,2564.2566072809445,2632.6795628211717,891
2008-12-16,2607.165771484375,2638.6207020559855,2565.1119944509273,2565.1119944509273,10785
2008-12-17,2596.52392578125,2688.1961144208813,2570.7104468000307,2627.5086981652744,5576
2008-12-18,2588.1474609375,2641.1848885420764,2564.2571733418217,2592.464002248582,3188
2008-12-19,2607.33642578125,2615.9267284397038,2564.2569917910673,2570.2402581052465,10870
2008-12-22,2611.01123046875,2641.1840217083513,2585.625134520312,2620.669971054306,5371
2008-12-23,2619.217529296875,2630.0300624805345,2608.105749334635,2608.105749334635,1342
2008-12-24,2614.47412109375,2624.090086394054,2593.019750596262,2593.019750596262,10302
2008-12-26,2616.311279296875,2641.1846551522535,2589.9850749207226,2589.9850749207226,717
2008-12-29,2621.18359375,2628.5343386224854,2599.301850504037,2599.387409209437,595
2008-12-30,2683.0673828125,2771.961619133781,2606.9944305760196,2628.3632373840196,968
2008-12-31,2710.334228515625,2744.6098823021794,2641.5266621732626,2739.481368040637,1677
2009-01-02,2630.3720703125,2694.1792459491307,2615.542034455692,2690.760236753764,436
2009-01-05,2633.150146484375,2735.207492579333,2607.849393706108,2662.553543557695,603
2009-01-06,2608.10595703125,2661.698889073361,2606.9947372105817,2661.100604148318,1150
2009-01-07,2599.259033203125,2641.0991176508537,2598.4470602327556,2641.0991176508537,699
2009-01-09,2583.360595703125,2614.6871827932946,2564.256799078092,2564.256799078092,2505
2009-01-12,2589.2158203125,2606.9091525183126,2573.702148371701,2577.0783784748755,883
2009-01-13,2636.611328125,2690.759964244575,2564.25663682774,2605.2847430169836,3360
2009-01-14,2609.13134765625,2624.0467332803646,2585.625659839527,2606.9944669456386,174
2009-01-15,2583.061767578125,2599.943127574706,2572.804738719443,2575.368995934113,4736
2009-01-16,2579.215576171875,2590.5410463903595,2564.257407958782,2585.626219691772,1165
2009-01-19,2594.771728515625,2601.8662149243373,2568.530872486082,2585.625919890316,501
2009-01-20,2627.1669921875,2692.4699903872015,2577.2921074650826,2589.8997050391176,3383
2009-01-21,2607.678466796875,2649.1339550673138,2586.5661258466466,2615.499367194545,14567
2009-01-22,2609.08837890625,2614.601489003466,2594.3866824204274,2613.832295475386,3011
2009-01-23,2605.328125,2611.268612513459,2584.343911598836,2606.994850463519,30486
2009-01-27,2609.08837890625,2615.5417999197784,2581.351711031938,2589.8992332538983,2573
2009-01-28,2589.94287109375,2602.5076911889655,2582.3782279479533,2582.3782279479533,114
2009-01-29,2596.609619140625,2632.6373487366504,2586.138902412695,2590.8826112109114,2905
2009-01-30,2629.046875,2649.731836633904,2577.0778991778134,2605.8402274164764,55874
2009-02-02,2613.661865234375,2622.3802977608575,2608.7042597021305,2619.816040624846,2938
2009-02-03,2607.849365234375,2678.1955239020854,2606.994612902276,2678.1955239020854,7069
2009-02-04,2598.447021484375,2648.022655446906,2581.7793514452483,2648.022655446906,17011
2009-02-05,2586.86474609375,2619.6445763360416,2581.3516361564493,2585.625397143463,564
2009-02-06,2644.860107421875,2648.8774015320664,2589.8994923014398,2589.8994923014398,1271
2009-02-09,2665.67333984375,2692.4699095584074,2640.330016071721,2640.330016071721,7039
2009-02-10,2672.981201171875,2701.0171167781805,2671.1007879531057,2671.1007879531057,5110
2009-02-11,2664.861572265625,2689.051107434641,2662.553782472634,2671.1013066539267,1801
2009-02-12,2669.98974609375,2679.648488922149,2662.7243514666884,2662.7243514666884,354
2009-02-13,2692.17041015625,2692.4268775738124,2665.1603635676647,2665.1603635676647,292
2009-02-16,2675.374755859375,2683.9222790410345,2664.690351882301,2683.9222790410345,6330
2009-02-17,2638.834228515625,2669.3060667366717,2630.329484253125,2663.451138267209,13702
2009-02-18,2671.912841796875,2688.1959144294497,2649.7320619177403,2650.5868141957785,1032
2009-02-19,2663.0234375,2700.1623813511687,2662.5532820224407,2662.5532820224407,590
2009-02-20,2665.203125,2700.162409219481,2662.5533095025908,2700.162409219481,10809
2009-02-24,2630.71337890625,2671.1004172145335,2624.089049871558,2665.117152279973,1455
2009-02-25,2654.048828125,2659.1345628754193,2612.1231835896115,2612.1231835896115,4811
2009-02-26,2615.199951171875,2652.125204992418,2606.9942464652036,2627.465520205597,2866
2009-02-27,2620.41455078125,2654.0063638862043,2606.9949790186547,2624.0900280614,12445
2009-03-02,2617.123779296875,2624.0471486874244,2592.8914647304778,2619.4315690937246,9900
2009-03-03,2597.292724609375,2640.32958194035,2588.189697026669,2624.7731334233636,13244
2009-03-04,2606.439453125,2624.0900076524376,2591.2248178593295,2624.0900076524376,63452
2009-03-05,2606.9951171875,2618.9188727908054,2593.489985992009,2606.866987784808,17456
2009-03-06,2606.951416015625,2609.5584519469335,2601.096488686343,2606.823286658239,35308
2009-03-09,2574.726806640625,2607.421071842386,2564.512561601112,2607.421071842386,1791
2009-03-12,2539.7255859375,2589.8995049071746,2480.918585146229,2572.8044586701635,944
2009-03-13,2579.51416015625,2597.1647106401574,2496.7313213032417,2496.7313213032417,480
2009-03-16,2571.864013671875,2589.044617716939,2564.256801964614,2588.147086100301,68
2009-03-17,2546.6484375,2587.3347227568997,2543.8279223872532,2567.6754235750664,217
2009-03-18,2549.255859375,2562.547298875297,2509.9800344053733,2509.9800344053733,91
2009-03-19,2508.783447265625,2555.7092629699964,2501.090676908859,2555.7092629699964,459
2009-03-20,2541.905029296875,2542.887910899778,2478.781492977935,2505.2788123856303,8653
2009-03-23,2511.390625,2545.2816821177134,2393.30666702563,2521.5195241877173,47188
2009-03-24,2504.38134765625,2520.6216406300045,2488.183834031535,2517.2454109319374,11718
2009-03-25,2474.935302734375,2519.638890086977,2468.5246604375325,2519.638890086977,545
2009-03-26,2522.886474609375,2559.9826336416772,2507.842753624267,2533.4853175672556,3826
2009-03-27,2558.016845703125,2773.670865686433,2495.876403021382,2542.844994280649,8636
2009-03-30,2589.301513671875,2726.6601840278536,2504.4245577434517,2504.4245577434517,2926
2009-03-31,2626.35498046875,2649.7325429892985,2547.931444720599,2584.1730730971026,5966
2009-04-01,2597.8486328125,2692.469667979841,2565.1115789230166,2692.469667979841,3091
2009-04-02,2598.617919921875,2632.637103449151,2585.6257266018447,2632.637103449151,371
2009-04-06,2592.72021484375,2649.6465932883434,2567.7187098612544,2568.530682817041,459
2009-04-08,2605.926025390625,2636.0560433963715,2555.7948874146687,2592.720144341079,1227
2009-04-09,2626.31201171875,2676.6568389328245,2596.7374985399715,2615.5420492206426,5402
2009-04-13,2731.617431640625,2888.891854239805,2648.8773675807565,2648.8773675807565,2749
2009-04-15,2651.697998046875,2777.9448660704975,2636.1415485328307,2694.26470265369,4373
2009-04-16,2648.4501953125,2686.486675445276,2633.49202896815,2651.6982960260852,988
2009-04-17,2614.302978515625,2668.5369762227606,2608.78986730583,2668.5369762227606,1628
2009-04-20,2636.1845703125,2701.01762429154,2615.542383016491,2624.089907143996,1629
2009-04-21,2648.4072265625,2662.553418886759,2615.542042309304,2615.542042309304,59977
2009-04-22,2643.0224609375,2664.263140832151,2635.2015602135134,2649.7323505228323,614
2009-04-23,2618.020751953125,2657.4249166921604,2613.832549129825,2657.4249166921604,620
2009-04-24,2614.387939453125,2649.732029185288,2603.318939325221,2612.9776816836857,18272
2009-04-27,2566.479248046875,2639.4750083952304,2564.256808674123,2606.994422152025,4697
2009-04-28,2564.384765625,2582.2064327189382,2542.8878309628735,2566.8208929013476,1913
2009-04-29,2572.376220703125,2584.7701250726864,2564.2560764609984,2565.1108284864854,2361
2009-04-30,2571.906982421875,2571.906982421875,2571.906982421875,2571.906982421875,0
2009-05-04,2610.199462890625,2722.385686224033,2583.7449247243317,2583.7449247243317,5945
2009-05-05,2581.39501953125,2649.7324319681493,2572.8047162013318,2639.432623843413,4081
2009-05-06,2608.533447265625,2636.0564331389655,2579.642774064007,2580.497526474234,66005
2009-05-07,2643.393310546875,2654.3814154321867,2628.527050996159,2654.3814154321867,520
2009-05-08,2641.66943359375,2662.9992822134204,2628.526799595771,2662.9992822134204,2035
2009-05-11,2617.883544921875,2645.7201189332777,2611.2907662575167,2637.145130279868,318
2009-05-12,2604.009033203125,2624.2184898372843,2602.6731820389487,2604.4399393590916,493
2009-05-13,2637.662841796875,2663.000039565362,2588.927313555218,2588.927313555218,65952
2009-05-14,2606.68017578125,2611.2909551935168,2602.6728332291814,2603.534645425615,1061
2009-05-15,2601.509521484375,2632.8364816218186,2588.927188599834,2599.5704438792527,1827
2009-05-18,2669.894287109375,2669.894287109375,2669.894287109375,2669.894287109375,5
2009-05-19,2595.261474609375,2792.271850440716,2563.8915910682504,2712.9851188849925,3760
2009-05-20,2758.22998046875,2792.2715627929233,2588.280654591781,2588.280654591781,3334
2009-05-21,2849.452880859375,2951.7068152768884,2778.8272020222425,2778.8272020222425,53576
2009-05-22,2858.156982421875,2930.161432648966,2843.9802140416436,2930.161432648966,809
2009-05-25,2912.838623046875,2948.259184401697,2861.216162588025,2861.216162588025,4752
2009-05-26,2791.79736328125,2960.32477347025,2749.180793994206,2930.161347830815,2147
2009-05-27,2842.77392578125,2989.626646631731,2801.794711879491,2887.070990549524,25158
2009-05-28,2837.17236328125,2921.54370347694,2822.5215541487696,2921.54370347694,1279
2009-05-29,2896.50732421875,2929.0838635535038,2809.5074351406906,2809.5074351406906,2076
2009-06-01,2827.950439453125,2938.736438689476,2809.5077427266347,2908.616144693985,7135
2009-06-02,2792.48681640625,2921.5431857471453,2779.3441811311336,2863.8017717515527,3016
2009-06-03,2824.46044921875,2842.256787941263,2794.0815675404815,2800.8898001240464,1213
2009-06-04,2982.34521484375,3016.257409633959,2805.1996177901688,2842.257554369271,4802
2009-06-05,2990.057861328125,3085.2881232323643,2974.2005987108605,3063.742815109233,4706
2009-06-08,2914.864501953125,3101.6623083832646,2888.880946604126,2888.880946604126,7142
2009-06-09,2861.388671875,2968.942870784076,2826.743865361907,2968.942870784076,7441
2009-06-10,2975.62158203125,3041.3347514266256,2878.4522725318584,2878.4522725318584,3095
2009-06-11,2977.94873046875,3037.887807155858,2921.543167732868,3007.724382120268,1725
2009-06-12,2951.66357421875,3001.6918131858533,2930.1614024782953,2990.4882548822598,1719
2009-06-15,2908.228515625,2964.6340842460404,2887.0709832047196,2951.663768046789,1198
2009-06-16,2865.008056640625,2903.444960402422,2843.9799255945363,2891.379591021112,468
2009-06-17,2781.88671875,2970.623595288335,2770.2091210661542,2895.602799314226,2088
2009-06-18,2673.255126953125,2778.482478685017,2671.6177679663624,2778.482478685017,4058
2009-06-19,2673.64306640625,2727.6355146276615,2671.6177236479466,2727.6355146276615,3662
2009-06-22,2697.343017578125,2751.766374235113,2681.1409060218416,2714.7084493706875,7708
2009-06-23,2762.84033203125,2783.6530095356375,2671.6174394924074,2671.6174394924074,2520
2009-06-24,2748.663818359375,2800.8034578221277,2713.8466887307213,2774.17354430746,1058
2009-06-25,2755.25634765625,2795.7183826612622,2715.569859360554,2795.7183826612622,2050
2009-06-26,2746.638671875,2783.6534645630504,2716.518376931997,2783.6534645630504,796
2009-06-29,2767.623779296875,2800.8898163540016,2758.661016045895,2783.6535713302846,1894
2009-06-30,2770.122802734375,2872.678447359267,2759.522471335333,2798.304017622057,1520
2009-07-01,2765.08154296875,2783.653639517415,2740.5630259025943,2783.653639517415,2759
2009-07-02,2770.07958984375,2796.5803123723945,2757.7987672085246,2796.537179685987,1593
2009-07-03,2784.98876953125,2790.547415167641,2758.0140103119957,2765.5548657421123,550
2009-07-06,2701.56591796875,2843.0754456242475,2680.2791977322304,2739.7011095693933,1240
2009-07-07,2735.43505859375,2753.446849432835,2702.6861949565996,2702.6861949565996,1742
2009-07-08,2716.99169921875,2736.2532828673548,2690.8789621962583,2690.8789621962583,827
2009-07-09,2754.30908203125,2781.4993032028833,2710.830691936381,2781.4993032028833,1005
2009-07-10,2843.463134765625,2850.8748039675183,2757.799084853706,2757.8422175450814,3782
2009-07-13,2845.57470703125,2878.452758418908,2787.962477091368,2824.158589622384,1686
2009-07-14,2867.335693359375,2887.027977525859,2822.478322536322,2845.5749334987604,1217
2009-07-15,2933.99658203125,2951.7068653037477,2853.460271830864,2887.070948545271,2798
2009-07-16,2940.33154296875,2978.4236083794945,2921.5439908583585,2952.6123694789953,1506
2009-07-17,2950.069091796875,2986.1789347249965,2942.9591419522917,2947.483655489754,2025
2009-07-20,2941.49462890625,2964.634373805012,2930.161881086349,2938.7800042660147,339
2009-07-21,2941.14892578125,2956.0151828963994,2844.841434035281,2844.841434035281,3522
2009-07-22,2935.24609375,3002.5537108673584,2931.0664308135756,2943.1318016379564,961
2009-07-23,2990.18701171875,3024.961222757103,2932.7473051402912,2940.245030192941,2346
2009-07-24,3063.39794921875,3101.662329472112,2977.561363802764,3064.216628786586,11215
2009-07-27,3052.581298828125,3080.9779627255884,2956.877032199019,3080.9779627255884,1217
2009-07-28,3168.538818359375,3180.087017676854,2961.229851589767,2973.2520896978717,2764
2009-07-29,3214.128662109375,3266.268301218536,3072.3605524654567,3180.087079550501,2357
2009-07-30,3269.3271484375,3312.805524333584,3190.471345764107,3205.9408300002424,1971
2009-07-31,3370.677001953125,3391.231308914381,3287.813835707335,3350.6829992137737,2765
2009-08-03,3376.623046875,3442.9394479788025,3352.44917462767,3429.96913338447,1986
2009-08-04,3317.9765625,3433.37311774613,3317.9765625,3404.0715065448317,1247
2009-08-05,3361.19677734375,3442.939748910392,3303.9725312603796,3429.150753670701,2830
2009-08-06,3335.21337890625,3378.260858344015,3318.9252116822454,3322.3293279598847,3217
2009-08-07,3333.058349609375,3358.4818069625685,3275.7478440504806,3339.5219404618815,4626
2009-08-10,3291.86376953125,3317.97671929887,3260.235306261721,3310.435863118645,2674
2009-08-11,3289.92529296875,3300.741079317165,3275.10216362273,3279.195772010917,3329
2009-08-12,3303.49853515625,3316.253397998457,3258.899753101567,3258.899753101567,1521
2009-08-13,3361.498291015625,3376.580003640359,3281.780667142033,3281.780667142033,2065
2009-08-14,3370.547119140625,3382.6124885264517,3361.110318737379,3368.8234949426496,979
2009-08-17,3354.862548828125,3369.6856764751683,3275.7912800770773,3275.7912800770773,465
2009-08-18,3351.58740234375,3365.37639654213,3228.9514931112367,3228.9514931112367,675
2009-08-19,3359.085205078125,3382.6127190646475,3322.2858680240042,3352.449293544326,2207
2009-08-20,3347.364501953125,3378.303472553179,3333.144602132429,3378.303472553179,295
2009-08-21,3362.058349609375,3368.6513387298587,3345.554731271016,3345.554731271016,851
2009-08-24,3460.3486328125,3524.8122335906296,3345.555278923918,3361.067900000845,3091
2009-08-25,3423.333740234375,3481.678387992925,3405.0202297604674,3424.4110055563697,812
2009-08-26,3429.322998046875,3447.205600852124,3384.767350246518,3447.205600852124,554
2009-08-27,3442.724609375,3454.143622097753,3423.635551513036,3438.631001040428,1809
2009-08-28,3423.979736328125,3455.004974311466,3422.256111995717,3455.004974311466,746
2009-08-31,3417.7744140625,3446.3002678781377,3412.7758618810967,3430.012103607769,506
2009-09-01,3450.523681640625,3468.794057952147,3408.510337460459,3421.3943875950367,2385
2009-09-02,3428.2890625,3447.2489316239316,3417.3009565304487,3447.2489316239316,304
2009-09-03,3441.1728515625,3447.2486694230306,3362.1878505856894,3362.1878505856894,497
2009-09-04,3435.6572265625,3447.248557757288,3405.8815750642007,3424.0227626800693,649
2009-09-07,3462.11474609375,3468.7937900373,3423.634919019024,3430.1845649023016,716
2009-09-08,3461.554931640625,3515.3319282149023,3423.63519522448,3463.6231967383405,2424
2009-09-09,3428.504150390625,3529.1207178657974,3369.771737134982,3529.1207178657974,2189
2009-09-10,3432.769775390625,3523.0877218875885,3405.0194689769723,3523.0877218875885,1319
2009-09-11,3670.544921875,3791.801662339271,3423.635693163545,3485.1690084088104,35438
2009-09-14,3613.320068359375,3705.7923462584363,3589.8786089161663,3698.897848870048,5577
2009-09-15,3550.924560546875,3662.7017687293783,3533.429941597753,3594.618606440056,3983
2009-09-16,3535.326416015625,3615.302425301495,3498.957770375225,3615.302425301495,3457
2009-09-17,3462.67529296875,3533.4301615852596,3456.7288727118234,3533.4301615852596,2397
2009-09-18,3485.297607421875,3524.8117796262177,3464.484927652175,3490.2961600946824,1348
2009-09-22,3577.382568359375,3602.375123040758,3491.6753841275136,3602.375123040758,2149
2009-09-23,3537.739013671875,3588.4996671244808,3533.4299527538824,3585.138683769793,1479
2009-09-24,3459.055419921875,3533.4298513118674,3430.012392249081,3502.4046135930316,5190
2009-09-25,3482.885009765625,3563.5936425634177,3430.87455648004,3563.5936425634177,4006
2009-09-29,3611.51025390625,3697.1743015810707,3465.389954754931,3533.42998519403,10202
2009-09-30,3566.825439453125,3619.6114396141647,3540.324712841664,3540.324712841664,1091
2009-10-01,3562.688720703125,3597.893412508668,3516.1937840835403,3530.8445915172215,2400
2009-10-05,3554.58740234375,3589.1032340316356,3517.055648710714,3567.902569385532,2330
2009-10-06,3555.57861328125,3609.700248856906,3494.691457653597,3576.5204805434305,3572
2009-10-07,3550.924560546875,3660.1163321867457,3423.635153915305,3660.1163321867457,3152
2009-10-08,3533.731689453125,3610.1312557628644,3492.062985999314,3610.1312557628644,2798
2009-10-09,3529.077392578125,3598.0225705079833,3477.4117996186114,3477.4117996186114,2709
2009-10-12,3545.15087890625,3610.993249217505,3510.161218153436,3610.993249217505,890
2009-10-13,3548.080810546875,3548.080810546875,3548.080810546875,3548.080810546875,0
2009-10-14,3554.15625,3606.5546815153266,3533.4298359920504,3601.470073961462,3139
2009-10-15,3535.23974609375,3602.374829203934,3517.0554253543673,3575.6586522409384,1673
2009-10-16,3585.095703125,3619.7402998576763,3533.4298952365953,3533.4298952365953,9958
2009-10-20,3745.60791015625,3822.0937338845024,3592.9809033777465,3635.9852429238995,11635
2009-10-21,3655.549072265625,3789.3883420885595,3641.156639828102,3735.9559842969993,2225
2009-10-22,3665.24462890625,3705.2755560020346,3662.702114410011,3685.4972170682818,22483
2009-10-23,3641.673828125,3705.7925736093557,3641.156656627797,3705.7925736093557,3400
2009-10-26,3633.055908203125,3671.3202890259845,3586.8626861328985,3636.847798049215,4353
2009-10-27,3620.731689453125,3670.4584253129437,3619.6544241251977,3632.5386857699123,2249
2009-10-28,3597.16064453125,3641.1559822185827,3421.566225517964,3624.781552949434,1443
2009-10-29,3541.574462890625,3608.2786458208693,3490.33955711837,3550.6664136611566,2697
2009-10-30,3642.40673828125,3662.7022494821376,3536.0587645567416,3536.0587645567416,3881
2009-11-03,3620.774169921875,3654.94493382138,3559.2837954921715,3559.2837954921715,3105
2009-11-04,3619.482177734375,3644.603920073412,3593.756998511735,3632.581471144179,1260
2009-11-05,3640.63916015625,3705.749320534463,3619.611027869967,3632.53821011236,1815
2009-11-06,3681.834716796875,3708.2921022132155,3645.4660690149544,3649.7751305622537,2371
2009-11-09,3732.5087890625,3757.501343872662,3671.363042678384,3697.1744874343394,3072
2009-11-10,3763.10302734375,3787.664675409546,3710.1015762544016,3787.664675409546,2310
2009-11-11,3842.733642578125,3869.536081333998,3732.507966204353,3732.55088848393,6964
2009-11-12,3792.662353515625,3876.3443888836714,3748.88246909575,3876.3443888836714,1723
2009-11-13,3772.668701171875,3829.892939965924,3749.744415344675,3812.656698111892,3718
2009-11-16,3740.13525390625,3780.7696094728935,3728.199072391096,3740.26444155741,1327
2009-11-17,3745.047607421875,3791.9734471530796,3723.933209818409,3725.1830057543607,1703
2009-11-18,3754.4423828125,3787.665078833133,3723.201686769792,3740.2654020786795,1822
2009-11-19,3795.118896484375,3834.2021606832486,3743.238058819345,3791.973366375881,3758
2009-11-20,3771.2900390625,3791.67181263055,3714.4104360967494,3715.315170548516,1755
2009-11-23,3814.035888671875,3835.021098429708,3749.098259800241,3774.7371709499585,2406
2009-11-24,3806.62451171875,3829.031629061899,3792.8784387182377,3793.740250923743,1998
2009-11-25,3803.52197265625,3852.300628534615,3792.10296072603,3852.300628534615,612
2009-11-26,3823.47216796875,3835.0207863434302,3797.1439775726626,3800.5912258500775,2250
2009-11-27,3823.559326171875,3843.6827268516117,3688.8148935030654,3800.5921133218853,3882
2009-11-30,3873.931640625,3877.9819049960915,3791.973226055063,3805.8051418865207,2559
2009-12-01,3852.8173828125,3878.06830983507,3834.2021566901553,3834.2021566901553,567
2009-12-02,3871.56201171875,3877.2067131469694,3855.920204890932,3877.2067131469694,26186
2009-12-03,3969.76611328125,4028.9727908513537,3860.919380323864,3873.415659568216,11552
2009-12-04,3977.30712890625,4015.744045920221,3921.2464008823035,3921.2464008823035,4577
2009-12-07,4011.347900390625,4050.474511825119,3963.474399890984,3976.4015831913457,6740
2009-12-08,4025.308837890625,4040.175096511535,3969.721957829833,3969.721957829833,640
2009-12-09,4015.52734375,4044.1825969967813,3968.6877704469284,3968.6877704469284,1135
2009-12-10,3973.8154296875,4045.733814797725,3966.4900271387373,4020.3532811737555,1276
2009-12-11,3976.18603515625,4046.208276360573,3968.645178411169,3987.605046798801,1880
2009-12-14,3999.97119140625,4074.6471166910474,3978.555079146409,4074.6471166910474,503
2009-12-15,3968.85986328125,3998.8078314152326,3967.7825982404593,3998.8078314152326,701
2009-12-16,3967.783203125,4006.5647505056745,3964.33595446894,4005.7029383416593,14946
2009-12-17,3983.727783203125,3988.338563663061,3968.732331739238,3977.2641902612054,10703
2009-12-18,3980.278564453125,3998.5491464525976,3964.3779653598444,3964.3779653598444,758
2009-12-21,3966.016357421875,3983.295521684612,3955.7604567981493,3970.195809456786,867
2009-12-22,3980.192138671875,3985.8801815788006,3964.3348832999964,3982.519199208629,1202
2009-12-23,3968.386962890625,3985.8386606320632,3942.790971213814,3942.790971213814,11883
2009-12-24,3951.666748046875,4007.4261577472334,3942.876517346146,3998.7217716088553,3095
2009-12-29,3968.21435546875,3981.5724448399665,3931.6736016081913,3943.0492703951145,4099
2009-12-30,3964.46533203125,3981.5723884677245,3955.7180223088435,3967.7833931829878,1430
2009-12-31,3996.1796875,3998.8080460179217,3968.5583578877868,3981.5718044402583,2576
2010-01-04,4101.70849609375,4136.655229842076,3897.2006495207415,3897.2006495207415,4072
2010-01-05,4055.30029296875,4171.171113398138,4028.972098168656,4157.382117981946,6284
2010-01-06,3989.673095703125,4072.0624216657907,3982.64941081969,4072.0624216657907,1319
2010-01-07,4054.3525390625,4093.6079161249627,3967.826258253124,4024.6629406954894,1954
2010-01-08,4367.2333984375,4455.569150453256,4063.444592724778,4082.878289845546,50809
2010-01-11,4351.03125,4421.096410760118,4335.044381839632,4408.169228272515,7465
2010-01-12,4275.2783203125,4386.624638597253,4244.468530365574,4351.2903340427365,3668
2010-01-13,4238.564453125,4283.206151735909,4186.984914601208,4283.206151735909,5532
2010-01-14,4216.45849609375,4307.3367476578205,4202.1956745857415,4307.3367476578205,4176
2010-01-15,4268.5126953125,4438.332612684872,4222.8795732341505,4222.8795732341505,9654
2010-01-18,4240.89111328125,4290.876215488503,4224.689213991921,4268.512443795308,10697
2010-01-19,4238.00439453125,4341.809841823301,4216.976261118066,4216.976261118066,5006
2010-01-20,4238.73779296875,4247.873088072203,4192.803362875114,4192.803362875114,78145
2010-01-21,4164.18994140625,4248.690873127612,4150.530135002055,4196.163255549287,1086
2010-01-22,4146.56591796875,4178.926793385326,4046.207732510643,4078.0085142342145,12662
2010-01-25,4136.78369140625,4212.53687885944,4120.365921012646,4212.53687885944,1879
2010-01-27,4049.009033203125,4187.5453397188285,4030.695524565746,4055.7309998155674,2151
2010-01-28,3970.0244140625,4136.698819850976,3922.1075685712067,4054.869577998093,3538
2010-01-29,4002.902099609375,4023.8010448519667,3926.4162690823646,3967.783253480072,1567
2010-02-01,4078.267333984375,4128.079904382645,3990.23289248878,4007.4262119789764,2441
2010-02-02,4120.75537109375,4214.262002436148,4104.0362972086305,4136.698898096832,2342
2010-02-03,4110.4560546875,4158.200785406693,4085.0325957492773,4093.60779513757,2331
2010-02-04,4047.458251953125,4136.698740841705,4033.281272320663,4043.665941461948,853
2010-02-05,3997.47216796875,4023.8003570907495,3967.825497572319,3967.825497572319,3269
2010-02-08,4080.93798828125,4119.461151049908,4011.7346565140842,4011.7346565140842,1149
2010-02-09,4142.25732421875,4170.309142377644,4081.5424877661753,4092.573515356365,2218
2010-02-10,4077.103759765625,4201.20469919237,4059.2211591190626,4179.788584859127,2757
2010-02-11,4095.28857421875,4157.381973725015,4054.0074339785424,4103.9496183413185,2948
2010-02-15,4062.885009765625,4135.751073364558,4059.2223073922714,4135.751073364558,577
2010-02-16,4069.865478515625,4133.682508092268,4059.135747548125,4133.682508092268,835
2010-02-17,4068.2705078125,4128.037264405357,4060.126214695614,4102.225822264015,1192
2010-02-18,4057.54150390625,4105.6738051154025,4050.560740101434,4059.1359408256812,1163
2010-02-19,4029.919921875,4054.8262091150214,4024.6627835424338,4050.5171483189374,884
2010-02-22,3990.104736328125,4076.372232859296,3975.5401924270473,4054.826925074628,1989
2010-02-23,4008.288818359375,4049.6128845191774,3967.7836421686866,3990.1044955251805,787
2010-02-24,3969.119140625,4003.1178013618505,3964.5517041366747,3973.8161855930016,1469
2010-02-25,3967.48193359375,3983.29627275403,3942.877361850008,3981.572648230986,2231
2010-02-26,3968.558349609375,3989.1989171782425,3955.7174338221375,3955.7174338221375,1398
2010-03-02,4059.996826171875,4067.753135115952,3967.782930947848,3968.6876653353133,2707
2010-03-03,4152.16796875,4178.927067377631,4054.912384577611,4093.349290187714,14338
2010-03-04,4177.376953125,4205.644229624342,4110.844871989367,4162.553612517535,3359
2010-03-05,4135.70703125,4261.660784011469,4060.858567090403,4222.87923997092,14935
2010-03-08,4134.37158203125,4171.171132035334,4119.462398993574,4171.171132035334,2274
2010-03-09,4123.5986328125,4178.884219226478,4096.063986931652,4132.389285120218,4119
2010-03-10,4106.96630859375,4128.080708879249,4076.3719734861897,4110.844463748229,2119
2010-03-11,4078.870849609375,4110.8441661743,4072.1918051045845,4072.1918051045845,1218
2010-03-12,4021.344482421875,4052.283452928804,3975.625518428352,4052.283452928804,3869
2010-03-15,4057.670654296875,4132.389948486912,4041.899657644133,4094.470207562319,20832
2010-03-16,4042.545654296875,4091.022591471996,4016.2603816952537,4091.022591471996,1249
2010-03-17,4045.475341796875,4083.265888007419,4016.044541602907,4083.265888007419,2038
2010-03-18,4126.658203125,4145.316351606545,4011.7354712533192,4016.044531909875,23911
2010-03-19,4176.642578125,4240.114946361958,4136.740430922208,4178.926295713239,6975
2010-03-22,4138.982421875,4174.618441743638,4136.698703627057,4136.698703627057,3249
2010-03-23,4165.0947265625,4183.235701941082,4136.697851116027,4174.617581417923,21560
2010-03-25,4170.78369140625,4197.026045165374,4162.553551981265,4164.3200989342295,6942
2010-03-26,4166.861328125,4205.64287099276,4166.861328125,4186.683005590744,1022
2010-03-29,4183.02099609375,4274.588543007983,4158.243895164016,4166.904939514148,52566
2010-03-30,4139.0693359375,4222.5788699433,4128.081228283926,4222.5788699433,773
2010-03-31,4119.548828125,4179.789420351811,4105.759832099097,4140.31858755037,1067
2010-04-01,4131.4853515625,4178.066139268548,4128.081024566078,4178.066139268548,623
2010-04-05,4126.3994140625,4153.719026994493,4071.8039520958823,4071.8039520958823,659
2010-04-06,4178.9697265625,4196.938592713785,4106.534589069581,4106.534589069581,26116
2010-04-07,4181.814453125,4247.010460962809,4137.560313125496,4240.115963461246,23464
2010-04-08,4180.90966796875,4205.643848267952,4170.309545444389,4205.643848267952,7232
2010-04-09,4185.04638671875,4239.85772782346,4141.007698315173,4188.407370200154,3030
2010-04-12,4170.48291015625,4179.790316145751,4153.978865355264,4179.790316145751,426
2010-04-13,4160.744140625,4179.790279461856,4144.4559698829,4171.172155174306,10466
2010-04-15,4222.44873046875,4240.0729576827725,4162.552784603339,4162.552784603339,15828
2010-04-16,4183.451171875,4430.575778876114,4011.3471360087497,4011.3471360087497,43260
2010-04-19,4183.107421875,4203.058291053383,4081.111859192802,4174.230503326183,4316
2010-04-20,4211.54736328125,4238.349808959865,4184.098558402057,4205.600942797295,2557
2010-04-21,4259.46337890625,4274.588012927704,4216.889524551498,4244.424589449383,3418
2010-04-22,4227.92138671875,4307.294373020507,4201.33439668301,4291.652145236703,2865
2010-04-23,4230.8095703125,4265.109535249604,4222.880727969905,4265.109535249604,2050
2010-04-26,4194.05126953125,4291.824015064574,4171.213250173979,4291.6514843316645,13505
2010-04-27,4229.5595703125,4283.207389221767,4179.7899069870355,4197.026154026157,7863
2010-04-28,4241.064453125,4254.767184079477,4189.355716838841,4222.793864647848,1891
2010-04-29,4221.41552734375,4265.971396923239,4197.888217053151,4257.3532728890505,714
2010-04-30,4194.7841796875,4257.2655576570605,4175.479672586519,4257.2655576570605,1447
2010-05-03,4187.93408203125,4209.048484049145,4163.415352997954,4179.789787215914,674
2010-05-04,4174.48876953125,4213.399503034464,4154.839200485725,4213.399503034464,644
2010-05-05,4212.79638671875,4222.017945532811,4050.5173186373154,4174.489087114828,7837
2010-05-06,4304.23388671875,4321.987298567115,4077.232683852647,4132.388653365767,7035
2010-05-07,4298.67626953125,4321.988120883512,4227.188780245987,4227.188780245987,3333
2010-05-10,4370.50732421875,4395.241498621898,4270.278750131668,4309.060292766567,2941
2010-05-11,4324.74560546875,4395.241666223942,4295.31438590153,4295.31438590153,3046
2010-05-12,4304.837890625,4334.915050051491,4271.571857968233,4334.915050051491,4781
2010-05-13,4323.47900390625,4421.798918723293,4293.610016380247,4395.788336848451,1247
2010-05-14,4298.8994140625,4402.724998660692,4274.926409679011,4401.857979165091,804
2010-05-17,4335.40087890625,4369.778116122142,4074.9914971773946,4229.320962389645,1756
2010-05-18,4430.12255859375,4439.18265761619,4335.097144516091,4335.400685986074,4135
2010-05-19,4402.98486328125,4421.799355368345,4354.215017449982,4421.799355368345,5977
2010-05-20,4379.83544921875,4395.658553859461,4352.437550486063,4382.783230618934,1439
2010-05-21,4258.97265625,4335.096786480886,4248.394850751268,4335.096786480886,1218
2010-05-24,4248.48193359375,4404.458642177371,4241.458991640098,4404.458642177371,3631
2010-05-25,4256.24072265625,4274.404945466033,4231.053982530272,4248.481154300297,1017
2010-05-26,4259.97021484375,4297.772348558688,4248.438601836446,4248.438601836446,1047
2010-05-27,4262.61376953125,4288.277626490659,4248.394737121761,4261.486813736626,753
2010-05-28,4248.48193359375,4289.882110791382,4232.788797462584,4259.969940878957,2684
2010-05-31,4248.61181640625,4404.458553613336,4240.5918869533125,4291.74603157205,2166
2010-06-01,4254.98486328125,4287.151370497066,4248.612185465485,4248.612185465485,335
2010-06-02,4289.3623046875,4291.746608358811,4231.18521043765,4291.746608358811,3187
2010-06-03,4313.638671875,4334.230384544118,4277.050280445287,4291.746429984674,5378
2010-06-04,4351.0927734375,4368.042829846817,4267.468600338633,4350.702445448855,4212
2010-06-07,4374.373046875,4422.666199415568,4344.6344491808295,4422.666199415568,2640
2010-06-08,4353.564453125,4387.118274086698,4335.140290412679,4336.831147624835,749
2010-06-09,4361.23681640625,4421.798195975886,4348.101559376289,4369.777040729111,3362
2010-06-10,4393.404296875,4399.9937293481635,4361.107822444374,4387.075224245781,2654
2010-06-11,4386.5107421875,4419.63105004842,4366.656084131293,4419.63105004842,1291
2010-06-14,4400.77294921875,4411.35075338689,4365.701851288028,4391.4524923002455,2619
2010-06-15,4502.64892578125,4572.6607489665075,4387.118579782049,4404.458969425456,3199
2010-06-16,4806.40771484375,4933.3392408704685,4508.499833484435,4508.499833484435,38291
2010-06-17,4836.4521484375,5015.62166650586,4779.09888579969,4811.958844409649,73807
2010-06-18,4648.56787109375,4881.319407193911,4613.540370674694,4881.319407193911,10759
2010-06-21,4623.72802734375,4728.724169386691,4603.873366234567,4681.905118204644,3428
2010-06-22,4745.41357421875,4833.6327915351085,4548.383430384427,4603.915849438941,15764
2010-06-23,4789.67578125,4868.314621320611,4707.916009576298,4707.916009576298,13420
2010-06-24,4668.24951171875,4863.979154151867,4614.277550516263,4789.415480844013,13770
2010-06-25,4652.33935546875,4785.9471308755565,4630.750656885208,4690.574996021152,4422
2010-06-28,4668.4658203125,4751.092597332845,4631.617496909532,4722.654531199218,8844
2010-06-29,4724.64794921875,4768.605995645585,4603.872333977828,4681.904068452029,9311
2010-06-30,4658.4521484375,4762.104150456361,4639.897594224173,4733.058999971101,6316
2010-07-01,4658.0615234375,4707.828350158113,4647.223781409958,4660.229071843009,1634
2010-07-02,4661.22705078125,4723.5224898743045,4651.559867506542,4703.581040302515,2697
2010-07-05,4688.1904296875,4751.222906436397,4660.229055355368,4751.179301458862,2583
2010-07-06,4874.12255859375,4894.3239389044375,4700.241584310092,4707.047770471601,19127
2010-07-07,5002.26806640625,5063.392929684114,4779.8776063952955,4889.98906222918,51333
2010-07-08,5042.02099609375,5085.068421591328,4994.031391025755,5028.842132805495,72074
2010-07-09,4978.90185546875,5119.749319813324,4946.345447846743,5043.191679679798,12887
2010-07-12,4993.0771484375,5070.328649431624,4959.35018378059,5045.185090807562,10868
2010-07-13,4975.91162109375,5043.4523544419335,4968.108445712974,5043.4523544419335,2938
2010-07-14,4996.849609375,5028.625786047884,4924.670243569167,4924.670243569167,5689
2010-07-15,4956.83642578125,5015.7069551572295,4941.923523575723,4994.031471340647,2111
2010-07-16,4995.5927734375,5054.723672531387,4977.558937221731,5010.939187889391,3918
2010-07-19,4996.93701171875,5028.453255792136,4947.343326068662,5002.70260682971,1415
2010-07-20,5038.12060546875,5128.420606370038,4994.032576955437,5020.043163293747,14554
2010-07-21,4990.73779296875,5076.399149846743,4978.859456532011,5027.84605806341,6812
2010-07-22,5010.67822265625,5028.712055169562,4981.112779179277,4981.112779179277,4375
2010-07-23,4978.9462890625,5066.861982110979,4964.553680624139,5066.861982110979,1834
2010-07-26,4944.26416015625,5026.977713616621,4930.7385749116465,5026.977713616621,8028
2010-07-27,4871.1328125,4985.36264350554,4864.933707100132,4985.36264350554,14309
2010-07-28,4894.6708984375,4942.010239081719,4855.308305062742,4933.340045679822,1753
2010-07-29,4860.25048828125,4940.276204100981,4850.9732119945575,4910.797546512453,2510
2010-07-30,4901.9541015625,4983.627498168665,4847.505452724601,4847.505452724601,5666
2010-08-02,4923.8896484375,5548.92380977847,4902.170559828715,5079.866343983133,3622
2010-08-03,4896.36279296875,5026.979199574469,4885.655017178705,4924.670895754222,2673
2010-08-04,4933.861328125,4958.484597638187,4872.649665802869,4920.335739044712,1802
2010-08-05,5172.55078125,5248.892090883082,4916.910035017514,4942.140383385771,33367
2010-08-06,5111.38232421875,5262.8071605692285,5076.398010730285,5176.10523041158,5554
2010-08-09,5106.83056640625,5175.238305883524,5093.738490042838,5175.238305883524,2492
2010-08-10,5054.76611328125,5167.435449853944,5046.052737944623,5150.008275831388,1948
2010-08-11,5030.1435546875,5202.160137353386,5004.436511401197,5020.042862268352,15481
2010-08-12,4966.5029296875,5108.477329327237,4946.344732486743,4994.030790381006,23199
2010-08-13,5008.294921875,5045.186431978577,4950.6813072001505,5002.702476802954,12605
2010-08-16,5084.20166015625,5115.414357933471,4957.616830281964,5070.286168403629,5386
2010-08-17,5099.72265625,5149.055988326122,5028.713833512187,5084.159907964563,2591
2010-08-18,5073.36376953125,5142.291808440544,5037.382466201241,5037.382466201241,4331
2010-08-19,5069.375,5131.887175453806,5030.5327051632685,5102.408519605617,3369
2010-08-20,5169.34326171875,5327.3139431745,5028.712544999888,5028.712544999888,53532
2010-08-23,5192.92626953125,5271.478317284336,5124.085009070794,5167.435982074777,13973
2010-08-24,5202.63720703125,5261.0742356579085,5185.773508706084,5202.116910670311,13344
2010-08-25,5170.21044921875,5243.733527754946,5150.182215658153,5243.733527754946,10948
2010-08-26,5031.27001953125,5219.54318346238,4942.010209650567,5197.78091348336,42799
2010-08-27,5168.736328125,5243.733508764573,5116.281652648768,5167.435798980961,12029
2010-08-30,5201.81298828125,5267.1429863705425,5180.441044208064,5181.308063629689,25187
2010-08-31,5181.39501953125,5279.281430761023,5150.095532718095,5279.281430761023,2600
2010-09-01,5204.36962890625,5281.014042905398,5189.110006039863,5189.110006039863,7527
2010-09-02,5183.60400390625,5243.731867178743,5154.428893911645,5223.790426546284,1477
2010-09-03,5461.9189453125,5561.669786164145,5176.973090254969,5202.116654083037,38427
2010-09-06,5481.990234375,5574.9348857920095,5436.211778213981,5543.722186586953,26487
2010-09-07,5514.201171875,5642.563247273856,5454.420004394566,5504.620351810912,17897
2010-09-08,5503.4921875,5591.407866146508,5463.089000556543,5522.04631717896,5741
2010-09-09,5474.318359375,5548.925223707116,5444.882875762607,5548.925223707116,5452
2010-09-13,5466.34033203125,5574.067487946217,5423.206118697089,5423.206118697089,10165
2010-09-14,5449.26171875,5505.574814738162,5429.493839936072,5487.367401965012,4562
2010-09-15,5446.61572265625,5548.924009073544,5427.54129637506,5449.216780785503,8207
2010-09-16,5351.37451171875,5505.574019923005,5336.505211437181,5440.547555120765,4962
2010-09-17,5374.30712890625,5417.137807309536,5341.707111209034,5351.244325658523,2042
2010-09-20,5454.54931640625,5483.42131803844,5385.057792308842,5408.467317408236,5846
2010-09-21,5444.05810546875,5487.365894723385,5385.144390044556,5483.8978170525215,2983
2010-09-22,5355.10302734375,5462.2231225744845,5308.760663416439,5454.419946685092,8812
2010-09-23,5348.859375,5440.546675548081,5297.488476111359,5384.190415163917,2100
2010-09-24,5364.59619140625,5418.87169497297,5306.202345351351,5306.202345351351,1299
2010-09-27,5343.09326171875,5432.742973321063,5332.168733789425,5432.742973321063,1855
2010-09-28,5342.27099609375,5401.531867788241,5332.170302872822,5375.304526054598,6185
2010-09-29,5327.0537109375,5383.236395877846,5323.498846907329,5378.46778941889,1843
2010-09-30,5358.82958984375,5461.354623051536,5229.0802350248505,5326.966630263318,15848
2010-10-01,5394.76904296875,5492.568675780224,5345.175356935293,5375.521040226897,20552
2010-10-04,5406.255859375,5492.56746447707,5393.120177824725,5418.697248101295,12059
2010-10-05,5406.1259765625,5492.567981378702,5385.924593579241,5406.256368153909,2867
2010-10-06,5421.904296875,5487.407424829461,5393.769355898063,5406.081197263907,3489
2010-10-07,5374.30712890625,5460.488782079939,5343.701086708727,5397.19635891515,4851
2010-10-08,5279.6279296875,5409.334118562682,5264.541876568778,5388.525652647391,5970
2010-10-11,5315.26171875,5353.844076874847,5297.4878234340595,5330.347769616606,1653
2010-10-12,5301.86669921875,5339.105350991909,5289.251736558322,5310.493711403938,925
2010-10-13,5383.06396484375,5400.664290784621,5301.86725261603,5321.765518837053,3008
2010-10-14,5352.197265625,5440.546453239622,5320.030762881007,5440.546453239622,1783
2010-10-15,5304.03466796875,5375.607377588822,5288.818645958229,5375.607377588822,573
2010-10-18,5288.55908203125,5330.999433096672,5219.457457645924,5301.824311213426,1034
2010-10-19,5266.40625,5331.909825228928,5245.467814385999,5310.494274894917,758
2010-10-20,5288.2548828125,5316.562981663726,5254.137584618751,5262.807778652775,1717
2010-10-21,5308.54248046875,5340.8389497672615,5262.807211864818,5262.807211864818,3128
2010-10-22,5295.7119140625,5348.643285094781,5262.808354761764,5288.255461707133,1235
2010-10-25,5331.302734375,5374.653707983514,5242.8667482136325,5294.887916543849,2429
2010-10-26,5377.60009765625,5461.354241660018,5314.827988788047,5349.508758698572,14035
2010-10-27,5329.0048828125,5470.025506435833,5307.8928753209975,5470.025506435833,3950
2010-10-28,5374.65380859375,5401.531412734161,5298.963176596143,5298.963176596143,18242
2010-10-29,5428.712890625,5478.6964825206105,5362.602650588255,5388.526450208196,5506
2010-11-01,5641.04541015625,5779.551770082853,5444.925437277246,5470.025820199929,31607
2010-11-02,5520.61474609375,5730.996868714932,5488.23149454849,5712.7894656524495,12459
2010-11-03,5526.078125,5634.759091673443,5479.562618768451,5548.92417090476,6483
2010-11-04,5586.55224609375,5600.034650636169,5480.429165154539,5557.5938852460995,6254
2010-11-08,5594.52978515625,5678.110375427783,5580.137177623028,5678.110375427783,4439
2010-11-09,5549.833984375,5699.741967140521,5541.120609336085,5566.264170229645,2640
2010-11-10,5537.7822265625,5596.566388997814,5522.912930266251,5596.566388997814,3042
2010-11-11,5514.8076171875,5589.631655664167,5501.282028025321,5558.505316261992,2786
2010-11-12,5431.65966796875,5561.929329984361,5401.53074447429,5504.706050829417,1815
2010-11-15,5410.89404296875,5458.753679126727,5007.990415991947,5375.519823790614,4140
2010-11-16,5590.9306640625,5618.198166499693,5419.780718941502,5419.780718941502,19067
2010-11-18,5638.2275390625,5705.855056830742,5505.573561901719,5617.419072056887,8565
2010-11-19,5602.89697265625,5657.302448308566,5562.797319287013,5643.430135791641,4695
2010-11-22,5549.2705078125,5648.631009002962,5533.317436601213,5583.604558400472,4631
2010-11-23,5541.38134765625,5587.03026125317,5463.089659160379,5548.924586355567,1537
2010-11-24,5594.658203125,5619.151495789102,5527.334246188916,5541.986786157066,3811
2010-11-25,5408.857421875,5634.759160404704,5245.467444291193,5616.551752746834,18894
2010-11-26,5521.830078125,5635.496411782846,5306.158991658489,5635.496411782846,6637
2010-11-29,5442.3232421875,5564.486598316855,5380.7216912304075,5521.829080087602,1004
2010-11-30,5537.26220703125,5579.269463473575,5440.546368810674,5440.546368810674,2441
2010-12-01,5589.54345703125,5608.0544037499985,5482.163032091814,5482.163032091814,7494
2010-12-02,5535.181640625,5647.287499465393,5499.503878127127,5644.296113291439,6887
2010-12-03,5505.0966796875,5583.605119599277,5450.951147037368,5535.181999847171,1559
2010-12-06,5501.7158203125,5571.467713516624,5483.89873762724,5571.467713516624,6031
2010-12-07,5440.9794921875,5539.386180477402,5420.300997687567,5463.955503109812,13136
2010-12-08,5468.0751953125,5517.712061357871,5436.212228899096,5436.212228899096,1495
2010-12-09,5251.7958984375,5488.058660471623,5219.456247506117,5445.878255699422,2454
2010-12-10,5314.26611328125,5418.871932394316,5245.468030557698,5245.468030557698,5669
2010-12-13,5374.869140625,5418.870368013268,5288.81747918095,5418.870368013268,16090
2010-12-14,5388.17919921875,5496.903354397694,5375.520630483549,5496.903354397694,2249
2010-12-15,5374.35009765625,5461.355585243919,5358.18026937727,5461.355585243919,3183
2010-12-16,5411.76171875,5427.281705254902,5332.212685901746,5332.212685901746,1427
2010-12-20,5373.3525390625,5427.541249621823,5345.174409571652,5358.179700105889,14719
2010-12-21,5346.95166015625,5434.477435286036,5325.232994181052,5384.19031160279,4108
2010-12-22,5347.34228515625,5414.536290360888,5328.7013675833505,5371.185319261122,9096
2010-12-23,5368.583984375,5391.083306556216,5340.83936430071,5340.83936430071,291
2010-12-24,5410.720703125,5418.870599837302,5332.168670239905,5332.168670239905,943
2010-12-27,5380.15771484375,5409.332826457008,5345.173405210363,5384.189269481972,2053
2010-12-28,5396.2861328125,5423.206918680595,5375.520846653827,5379.032106254235,590
2010-12-29,5454.67822265625,5522.912809278562,5375.606318391675,5449.216170536227,1733
2010-12-30,5427.8017578125,5540.211169516478,5402.398256966215,5462.222599725109,1413
2010-12-31,5462.525390625,5505.572816242773,5436.254450578867,5446.658682672555,2043
2011-01-03,5780.02783203125,5874.013070748736,5457.886953316223,5466.557147046669,26430
2011-01-04,5612.04296875,5830.662247806,5535.918835234041,5722.328005097051,7075
2011-01-05,5572.20361328125,5660.943131912286,5549.010844756956,5660.943131912286,2930
2011-01-06,5660.509765625,5698.918555973332,5527.291895205805,5566.307768478101,2806
2011-01-07,5577.578125,5696.273401305427,5524.256440091303,5679.843216859714,3986
2011-01-10,5549.833984375,5720.5936129556385,5527.248299877569,5583.60455705279,5749
2011-01-11,5538.8662109375,5626.955459659968,5510.428146212984,5592.2746864109085,3055
2011-01-12,5527.63916015625,5583.561913045483,5507.697713389546,5566.264706184199,3837
2011-01-13,5543.2890625,5592.2324816369,5425.547986092109,5550.6587281027605,8185
2011-01-14,5463.26318359375,5579.270217851293,5427.541812548422,5510.775680600283,2117
2011-01-17,5462.00634765625,5548.058037009777,5429.276360018007,5500.371962305052,1008
2011-01-18,5468.98486328125,5488.232863516724,5440.546795982219,5483.897766468132,521
2011-01-19,5398.9736328125,5487.236472325544,5202.2038103977375,5486.499421077303,1881
2011-01-20,5407.07958984375,5444.881719573068,5387.658440354625,5387.658440354625,840
2011-01-21,5422.07958984375,5505.573391784145,5414.5363514475575,5430.87975240642,1280
2011-01-24,5418.26416015625,5483.810911382351,5402.44105612647,5462.222213019802,4185
2011-01-25,5391.1708984375,5462.223321941243,5378.252391441202,5462.223321941243,1317
2011-01-27,5376.041015625,5462.222666357662,5332.169745730099,5416.704144138014,2573
2011-01-28,5257.43212890625,5388.525633035185,5231.595119828529,5366.850147785647,2040
2011-01-31,5220.62744140625,5271.434863816779,5142.292152557732,5271.434863816779,2313
2011-02-01,5207.57958984375,5256.739769896549,5167.436752199147,5255.872750307254,2002
2011-02-02,5168.736328125,5248.935625340729,5137.957138382748,5248.935625340729,3591
2011-02-03,5256.21875,5283.616649920525,5158.765846246656,5175.239216175847,1544
2011-02-04,5262.63427734375,5338.84562262367,5220.323899219287,5254.137656414031,11001
2011-02-07,5232.37548828125,5304.771610891637,5210.78678908287,5215.078704613278,1114
2011-02-08,5255.4814453125,5286.217453379854,5228.127151694362,5274.946200814013,1287
2011-02-09,5238.18505859375,5284.4838148944045,5197.781865511395,5228.994567289278,12535
2011-02-10,5202.15966796875,5254.484374297028,5193.489473824853,5205.931287091209,61736
2011-02-11,5185.859375,5223.791470741902,5116.367860270692,5189.197484095144,1675
2011-02-14,5193.05615234375,5270.611211111671,5163.100799830564,5234.196394387425,28527
2011-02-15,5220.41064453125,5253.270595439394,5170.036732233884,5170.036732233884,968
2011-02-16,5195.1376953125,5241.132910739458,5176.149629462585,5240.265891233959,1569
2011-02-17,5211.740234375,5271.390997859507,5185.81643980875,5231.161383647911,2873
2011-02-18,5208.79345703125,5254.1384096094125,5202.160418874265,5244.6011946744775,443
2011-02-21,5207.44775390625,5245.4666339311225,5176.105091664265,5202.1156700143365,3176
2011-02-22,5216.9853515625,5232.374944890425,5186.509706346354,5202.116054509884,3011
2011-02-23,5219.58642578125,5261.073386114519,5176.105490293949,5176.105490293949,3328
2011-02-24,5189.9345703125,5245.466989514673,5168.432236742604,5245.466989514673,10425
2011-02-25,5204.84716796875,5245.467109511437,5190.0210522951475,5190.0210522951475,1022
2011-02-28,5201.509765625,5262.80821183071,5176.106264354092,5241.132724961555,4244
2011-03-01,5274.03564453125,5314.82873653804,5158.765249983906,5206.451315319891,13699
2011-03-03,5324.1064453125,5779.81152436249,5219.457029549733,5332.082770152044,6700
2011-03-04,5253.357421875,5322.632188460716,5203.937315222082,5322.632188460716,12406
2011-03-07,5249.06591796875,5253.3578337490435,5202.160079271847,5253.3578337490435,1660
2011-03-08,5287.73388671875,5323.498432375999,5256.737947149134,5269.569663281606,3372
2011-03-09,5221.45166015625,5288.819248447543,5202.3340484421915,5288.819248447543,7034
2011-03-10,5207.49169921875,5274.945634142063,5184.775623302027,5219.456396702041,4925
2011-03-11,5204.32763671875,5232.462588327129,5199.515847920098,5202.4636294971715,5243
2011-03-14,5203.37353515625,5245.0336462866635,5178.706664893007,5202.116187737827,4950
2011-03-15,5215.90185546875,5227.996945280047,5029.579473519189,5029.579473519189,3090
2011-03-16,5205.4970703125,5262.807130488996,5193.445586759322,5262.7639488638715,1758
2011-03-17,5199.34228515625,5249.802988589454,5184.776527128809,5202.116916851647,3317
2011-03-18,5164.0107421875,5244.600364978164,5137.219927323916,5244.600364978164,7927
2011-03-21,5156.4677734375,5200.382220186856,5151.829135103418,5199.515200810366,2264
2011-03-22,5179.57421875,5189.1114327450205,5159.632771305867,5159.632771305867,376
2011-03-23,5176.49658203125,5202.1168381192465,5160.066393677782,5189.111546023948,32036
2011-03-24,5330.435546875,5336.504682988879,5176.322840554728,5176.322840554728,11967
2011-03-25,5359.35107421875,5462.179671650479,5241.089699017483,5330.435889206483,11678
2011-03-28,5630.1650390625,5807.904047377199,5375.521227078709,5453.552986826625,15100
2011-03-29,5629.42724609375,5670.307127950314,5584.081875449317,5670.307127950314,12348
2011-03-30,5684.958984375,5739.667989000434,5597.519999902923,5634.758649624445,14580
2011-03-31,5816.400390625,5979.833568478888,5557.5950665433775,5679.844817617109,21347
2011-04-01,5773.6123046875,5895.732075059142,5636.536449272509,5636.536449272509,3139
2011-04-04,5815.9658203125,5891.396504028538,5758.742543010678,5847.178517022585,2474
2011-04-05,5804.6083984375,5895.732226789063,5787.354796149558,5787.7451242395955,3381
2011-04-06,5762.9912109375,5847.1788800156555,5739.668473562224,5817.70022018165,1653
2011-04-07,5758.74267578125,5795.200671078174,5744.263282911636,5795.157489449243,749
2011-04-08,5661.42041015625,5791.6469044863,5644.29677554534,5765.679501901154,1378
2011-04-11,5636.2333984375,5787.354716296337,5609.615732499969,5657.388587936567,2757
2011-04-13,5599.12451171875,5683.312180326014,5592.275143112553,5600.945337132883,2739
2011-04-15,5515.9775390625,5618.285830418893,5488.232917677715,5618.285830418893,5667
2011-04-18,5469.67919921875,5633.8926047520235,5463.089766473146,5516.844974459391,2967
2011-04-19,5449.1298828125,5533.837843497033,5419.73801122249,5533.837843497033,3476
2011-04-20,5553.302734375,5657.041949789152,5462.22251089419,5504.706463756701,15386
2011-04-21,5585.7294921875,5625.525599326451,5549.791367499718,5591.408300110245,3103
2011-04-25,5674.728515625,5749.422149053685,5584.471715295726,5591.407870197507,5893
2011-04-26,5757.095703125,5809.030081421877,5645.163411960872,5809.030081421877,5209
2011-04-27,6043.29833984375,6082.140636722879,5748.338192654695,5765.678579359536,54064
2011-04-28,5891.18115234375,6086.477308135417,5817.874817922418,6048.935530546077,15789
2011-04-29,5762.68798828125,5913.072682064399,5739.6687910947685,5913.072682064399,3181
2011-05-02,5746.30078125,5841.9764523727135,5722.4145672025315,5776.126162588099,2297
2011-05-03,5767.36962890625,5878.391289149959,5702.299571614856,5723.238004589977,6570
2011-05-04,5713.61474609375,5835.040645460825,5700.652636538621,5835.040645460825,28694
2011-05-05,5697.18408203125,5765.548641646803,5680.017268442306,5757.008416479608,1308
2011-05-06,5752.1962890625,5843.71000564201,5710.232216811418,5731.864517403462,10802
2011-05-09,5758.1357421875,5894.604933723227,5722.328010491875,5807.252729623673,12495
2011-05-10,5759.86962890625,5808.162777301908,5674.641793915657,5674.641793915657,7904
2011-05-11,5924.994140625,5947.753401088348,5778.684609074904,5807.036314306125,7408
2011-05-12,5905.58984375,6002.831705608986,5889.0194816395,5930.44538691575,8902
2011-05-13,5888.71337890625,5974.0508177263855,5865.035291855465,5930.313873915352,4043
2011-05-16,5860.5869140625,5952.247246201686,5799.625521940104,5850.208721981086,8017
2011-05-17,5933.93359375,5965.330067791006,5890.45811327761,5939.122903546328,7218
2011-05-18,5960.8818359375,5974.050997026334,5870.268213282373,5902.667543375236,4992
2011-05-19,6016.5224609375,6039.459153523174,5957.479491367048,5972.959693529508,4490
2011-05-20,5997.3369140625,6029.866977782909,5961.841287261204,6029.779680190781,1080
2011-05-23,5957.8291015625,6000.4758892505115,5945.27059840507,5969.690075705252,1462
2011-05-24,5958.13427734375,5974.050543390008,5935.7205159172,5952.247439217052,3172
2011-05-25,5957.96142578125,5985.389909194573,5930.446070599315,5930.446070599315,1993
2011-05-26,5955.73583984375,6000.214171639333,5930.662270449182,6000.214171639333,5211
2011-05-27,5961.66650390625,6007.148122127646,5952.291168649497,5965.329595924718,2910
2011-05-30,6099.0263671875,6139.75474013282,5961.012704172441,6015.040971973872,36322
2011-05-31,6146.1650390625,6226.0517070991555,5964.06523658251,6098.808435852681,6690
2011-06-01,6284.2216796875,6314.179231236122,6157.196874658429,6243.537170776161,21835
2011-06-02,6240.13623046875,6266.2126600583,6179.043671993931,6266.2126600583,2437
2011-06-03,6209.830078125,6288.015933095592,6179.872524537498,6253.130962592981,2391
2011-06-06,6252.345703125,6291.503994635179,6179.872096754211,6222.649618535121,1459
2011-06-07,6250.1220703125,6270.486257359637,6197.315115648916,6226.967341082643,665
2011-06-08,6165.22021484375,6261.851400379148,6148.475260817965,6261.851400379148,2685
2011-06-09,6142.32666015625,6235.643939763614,6135.393103157094,6157.239641737779,931
2011-06-10,6110.88671875,6187.284880674608,6091.7872847293165,6158.068721184496,1080
2011-06-13,6127.8486328125,6165.9167607426425,6054.328323144674,6113.589320057415,3171
2011-06-14,6151.310546875,6189.465983932496,6114.463296230904,6179.000492625297,8994
2011-06-15,6103.99755859375,6168.9273786286585,6069.984713217959,6148.475894854399,6156
2011-06-16,6068.8076171875,6092.573004136003,6039.460719940581,6044.736901568519,2303
2011-06-17,5994.10986328125,6094.011523999174,5957.480645434923,6070.856795911652,1537
2011-06-20,5995.3740234375,6045.564597850652,5957.4800588456155,6045.564597850652,5265
2011-06-21,6032.396484375,6051.6270806915745,5975.883000082332,6000.2151828793985,1245
2011-06-22,6003.791015625,6061.220486300655,5957.524565721041,6030.739571491911,1858
2011-06-23,5983.2158203125,6062.865050092824,5960.698625617282,6048.69263530974,2738
2011-06-24,6027.720703125,6082.997863278659,6006.351271504024,6017.830625595402,1848
2011-06-27,6140.43896484375,6198.851129639922,6012.179260202696,6026.660820483257,6132
2011-06-28,6142.5576171875,6189.137299387916,6057.610232822113,6189.137299387916,5997
2011-06-29,6099.37744140625,6260.662258055189,6058.449048309824,6193.5521971789985,7731
2011-06-30,6077.78759765625,6137.03880675749,6048.824479063263,6105.249828765654,2819
2011-07-01,6074.7861328125,6119.246642301263,6058.450128239925,6092.888191933462,1680
2011-07-04,6111.12158203125,6135.27246011586,6076.374378454212,6092.798769200593,6084
2011-07-05,6180.43994140625,6212.979581016361,6066.397061054918,6093.7709051441025,6821
2011-07-06,6176.81884765625,6247.417040245117,6141.542171972881,6141.542171972881,2582
2011-07-07,6180.92626953125,6216.512096709499,6164.413486808099,6164.413486808099,1910
2011-07-08,6192.095703125,6224.767708633139,6165.295742103444,6216.511318305392,2616
2011-07-11,6192.53662109375,6216.422331438073,6165.295149104423,6165.339127992743,2382
2011-07-12,6232.71484375,6416.958374531606,6167.061688142113,6167.944715302499,8949
2011-07-13,6235.71630859375,6313.643446234335,6209.446253695082,6209.446253695082,3350
2011-07-14,6269.8017578125,6298.632507323686,6238.586662588229,6243.001798230542,4152
2011-07-15,6258.94140625,6309.936232213539,6250.067154457677,6251.877187934704,2747
2011-07-18,6227.283203125,6295.011115556895,6207.679831191867,6282.648737514692,1474
2011-07-19,6348.0380859375,6693.345674140475,6185.869807884194,6225.3412932309175,9014
2011-07-20,6375.146484375,6552.061049207678,6359.649531313791,6411.482963125025,3201
2011-07-21,6368.47998046875,6423.580786541661,6340.1347236743595,6357.7952660801375,4982
2011-07-22,6346.49267578125,6419.607148694925,6326.0062741747515,6371.084636088281,2420
2011-07-25,6343.00439453125,6534.400517806181,6225.561790630139,6357.7950984060135,6717
2011-07-26,6290.55419921875,6374.574161674256,6270.376938917979,6374.574161674256,2536
2011-07-27,6287.109375,6367.508825128116,6270.419816810698,6291.612468565389,1919
2011-07-28,6207.59228515625,6321.502784012454,6172.359589185007,6321.502784012454,9033
2011-07-29,6259.69091796875,6304.813690417602,6199.733462243975,6199.733462243975,4162
2011-08-01,6240.794921875,6357.796029359745,6225.38592430981,6335.720348702246,1551
2011-08-02,6273.37744140625,6291.567885314799,6195.361913395234,6234.524250254832,8696
2011-08-03,6209.138671875,6356.913373051908,6207.681763099724,6356.913373051908,1796
2011-08-04,6212.09619140625,6274.879509936314,6183.000273452181,6183.927710687581,1465
2011-08-05,6175.2744140625,6278.323868591296,6057.567051833515,6057.567051833515,5419
2011-08-08,6152.5361328125,6242.1194167269,6013.41536680014,6013.41536680014,20623
2011-08-09,6194.47900390625,6251.831785763059,5986.9236592476755,6137.038264273059,5802
2011-08-10,6375.2353515625,6375.5000872448045,6205.0318661213605,6311.878152701791,26456
2011-08-11,6304.63818359375,6366.62687290859,6269.935382952488,6335.720917214859,1617
2011-08-12,6492.765625,6600.627294488871,6237.703171674834,6304.813228448233,9830
2011-08-16,6459.78564453125,6585.617023705018,6278.323550354342,6278.323550354342,2184
2011-08-17,6372.0576171875,6460.22798281984,6358.6798392954715,6460.22798281984,1301
2011-08-18,6309.7158203125,6481.4206585911825,6270.465513851918,6446.099565083873,2494
2011-08-19,6193.6416015625,6468.17469094932,6025.778032906233,6025.778032906233,7363
2011-08-22,6248.8310546875,6303.048844477187,6181.191077520357,6181.191077520357,1841
2011-08-23,6329.3623046875,6381.637688326987,6212.184851854987,6260.662959767308,2247
2011-08-24,6325.3447265625,6378.9886301172655,6291.304199735977,6378.9886301172655,1560
2011-08-25,6300.7958984375,6397.531344857276,6251.831873235267,6397.531344857276,3784
2011-08-26,6177.96728515625,6400.180988343182,6137.038889208764,6400.180988343182,2284
2011-08-29,6296.46923828125,6313.644289268653,6048.736137271366,6172.359941536766,1366
2011-08-30,6366.18408203125,6417.841169041282,6273.9077471158935,6399.253620455191,2357
2011-09-02,6427.8642578125,6468.174364032353,6323.401879349976,6366.626234085087,5136
2011-09-05,6434.619140625,6504.378288711919,6279.294743965858,6423.934425381094,4498
2011-09-06,6544.953125,6590.9145147649415,6419.6512300078875,6484.907280010179,9298
2011-09-07,6509.10205078125,6587.382318778659,6490.249335525891,6553.2089967498605,4470
2011-09-08,6382.78564453125,6544.07091530727,6185.826590556811,6544.07091530727,7610
2011-09-09,6349.1865234375,6463.715327326841,6326.93406483507,6393.117128011891,1368
2011-09-12,6290.90576171875,6401.902439676511,6278.366604543056,6340.134522109784,843
2011-09-13,6305.255859375,6388.701931598364,6251.83271260766,6292.672721500048,627
2011-09-14,6237.96826171875,6347.993526228475,6211.212712661859,6283.664914815175,2253
2011-09-15,6265.9609375,6291.524747105569,6225.341686777762,6260.5304065169985,1796
2011-09-16,6268.6103515625,6300.3993320747195,6203.266336065159,6265.078242616697,1521
2011-09-19,6290.59814453125,6322.475516539114,6226.402318027808,6295.101670028959,608
2011-09-20,6349.318359375,6401.902885074244,6251.876226736553,6251.876226736553,2104
2011-09-21,6307.90380859375,6400.136157557155,6270.375158511125,6400.136157557155,875
2011-09-22,6280.00146484375,6335.72057101149,6208.608624859221,6335.72057101149,1097
2011-09-23,6273.06884765625,6329.538606321466,6213.023001502531,6269.492760167746,1727
2011-09-26,6273.2021484375,6357.707594687367,6226.2689067646315,6226.2689067646315,1995
2011-09-27,6311.1279296875,6391.35103911818,6297.794132389067,6313.6446435058015,912
2011-09-28,6294.306640625,6373.602315380916,6278.3237611321665,6313.644851208859,1087
2011-09-29,6160.96923828125,6308.346393520488,6073.505134358159,6302.165203045313,6350
2011-09-30,6226.40234375,6356.03058045443,6075.227895738605,6269.493904032572,8514
2011-10-03,6285.34375,6331.261165271498,6181.190517316956,6225.341878154934,3545
2011-10-04,6258.54345703125,6309.229130361847,6226.312965322613,6309.229130361847,2653
2011-10-05,6238.18994140625,6288.125390732003,6198.8512501695095,6198.8512501695095,2387
2011-10-07,6252.4072265625,6278.235775339699,6218.3222862165485,6238.587935415699,6514
2011-10-10,6210.24169921875,6291.568587829286,6198.850734956012,6269.492908573745,6595
2011-10-11,6248.962890625,6290.685926846716,6216.555619125159,6290.685926846716,9371
2011-10-12,6283.04833984375,6291.569466993983,6220.971262403341,6220.971262403341,3193
2011-10-13,6222.1630859375,6300.355407093704,6198.8512529288455,6295.984249769611,7720
2011-10-14,6247.01904296875,6269.492254572847,6216.599018827239,6244.016837136293,4770
2011-10-17,6246.53369140625,6268.609368856795,6223.6633758006,6233.288284935923,5223
2011-10-18,6187.81201171875,6220.925525873507,6181.189308887799,6182.955362976053,3304
2011-10-19,6180.0869140625,6216.511787819254,6154.699880838097,6216.511787819254,5761
2011-10-20,6155.00927734375,6194.436359098321,6145.913837675184,6194.436359098321,5731
2011-10-21,6148.9150390625,6176.7303918399,6121.143665172491,6167.944100004306,7756
2011-10-24,6159.3359375,6182.868527907042,6142.33766262858,6151.167935289058,7331
2011-10-25,6131.03515625,6181.1909330692115,6092.844226556394,6160.881305717698,8364
2011-10-28,6124.01513671875,6266.844803762369,6095.5375060408105,6203.266837597667,5784
2011-10-31,6126.75244140625,6167.460085426679,6078.759822293735,6167.460085426679,5238
2011-11-01,6112.0927734375,6137.038288783996,6096.419042556073,6109.664448934744,3490
2011-11-02,6097.0380859375,6119.378501651883,6092.887685627416,6096.419794430679,10851
2011-11-03,6148.95947265625,6203.265641618461,6058.449191052564,6110.547792170783,12057
2011-11-04,6178.05517578125,6203.088649334444,6167.944342938977,6203.088649334444,5138
2011-11-08,6357.70703125,6378.988071597947,6168.430077194757,6194.435398983886,14946
2011-11-09,6215.18701171875,6406.362402503308,6163.529919982508,6375.456450182479,8615
2011-11-11,6259.73583984375,6378.944511804472,6185.605533961924,6198.85094195756,6609
2011-11-14,6298.5009765625,6335.676509844547,6229.757219242479,6229.757219242479,2899
2011-11-15,6175.185546875,6294.217432475213,6145.868873460646,6248.3440002422685,3125
2011-11-16,6112.44677734375,6258.896927837869,6093.7708378963225,6258.896927837869,1313
2011-11-17,6159.02685546875,6202.383580913564,6053.328749328261,6136.951173589075,1716
2011-11-18,6165.38330078125,6190.902696494894,6053.150475605834,6114.962369594515,1989
2011-11-21,6159.90966796875,6265.078299009781,6128.738978707729,6172.360438347903,5773
2011-11-22,6101.806640625,6216.776529012025,6005.556671097973,6145.8696138358955,1293
2011-11-23,6092.53515625,6158.938549539885,6051.474387400243,6145.8699181571965,8682
2011-11-24,6136.50830078125,6181.18955724243,6009.882303798854,6060.2148473363995,3387
2011-11-25,6192.7568359375,6241.234932755936,6115.138847667318,6241.234932755936,22659
2011-11-28,6190.32958984375,6267.726834841091,6098.715521216705,6267.726834841091,1298
2011-11-29,6196.599609375,6225.341973253339,6181.234590636161,6216.511700950852,438
2011-11-30,6163.30908203125,6223.531709369742,6160.880757238015,6203.266062719945,2212
2011-12-01,6142.68994140625,6212.095961192997,6137.038653914901,6191.7863368706885,2084
2011-12-02,6203.75146484375,6207.681108281811,6137.0389335076225,6147.635259723751,4059
2011-12-05,6169.357421875,6207.6807130166935,6153.860037071316,6153.860037071316,503
2011-12-07,6175.40625,6207.680719110362,6114.9628705319,6206.797691981043,2525
2011-12-08,6131.2998046875,6200.617444878753,6110.813399706115,6191.7871722429245,802
2011-12-09,6071.384765625,6180.968507238414,6057.5654787178855,6092.886560226445,1705
2011-12-12,6015.7998046875,6128.208999018807,5995.754914025605,6057.566820355766,1662
2011-12-13,6040.5673828125,6048.735383147407,5982.508353404917,6017.829435934245,1091
2011-12-14,6093.76953125,6335.718937359622,6010.764990467867,6048.735152740545,19006
2011-12-15,5961.97900390625,6123.793741191519,5944.009313832713,6123.793741191519,4196
2011-12-16,5825.4189453125,6054.034605788632,5750.273242837744,5987.807564447595,7539
2011-12-19,5785.32958984375,5897.738782096906,5693.715516083823,5897.738782096906,1631
2011-12-20,5842.15234375,5886.259727949094,5751.024189019398,5801.489110804912,2423
2011-12-21,5856.0146484375,5886.214346063229,5830.053739358052,5842.150951263552,1155
2011-12-22,5856.412109375,5871.2028123006085,5784.798530170735,5845.639007016696,1370
2011-12-23,5859.150390625,5907.452152439301,5828.023680853178,5871.2480361089565,1141
2011-12-26,5871.24755859375,5894.206264643297,5846.566777124246,5876.545721528261,8778
2011-12-27,5927.93896484375,5944.539705399096,5894.207149961225,5894.207149961225,678
2011-12-28,5785.1533203125,5960.39025938428,5761.753097006649,5925.113146500324,40866
2011-12-29,5861.31396484375,5892.396695641141,5745.019106803328,5745.019106803328,4026
2011-12-30,5983.03955078125,6004.5853295541665,5850.055560043582,5863.3009688587745,1687
2012-01-02,5950.322265625,5982.508776824112,5882.285198053701,5982.508776824112,496
2012-01-03,6049.39892578125,6053.15179158931,5886.303620432926,5886.392009390952,1835
2012-01-04,6091.1650390625,6114.9188134699825,6048.73575850738,6048.73575850738,1682
2012-01-05,6169.490234375,6181.190344670268,5962.994239270284,6131.7408219129065,13465
2012-01-06,6225.51806640625,6243.001831175839,6124.234681770867,6181.189931857266,18821
2012-01-09,6170.15283203125,6224.459007225514,6130.239828365306,6224.459007225514,815
2012-01-10,6233.06787109375,6259.337928705231,6194.170697752066,6215.628084948314,7093
2012-01-11,6279.24951171875,6287.15277650938,6199.114804630515,6215.6275834058315,3255
2012-01-12,6296.11572265625,6348.964981930892,6235.805142929733,6290.685192110664,8216
2012-01-13,6298.5888671875,6348.082367933478,6274.791112329294,6313.644308071271,1408
2012-01-16,6313.64501953125,6331.3055650404285,6274.791819411058,6274.791819411058,7476
2012-01-17,6346.7138671875,6357.795685812496,6326.889734562019,6326.889734562019,16664
2012-01-18,6332.01171875,6357.796287270191,6297.88280130216,6347.199960124741,2599
2012-01-19,6327.37548828125,6362.652597988449,6318.059723628805,6332.188159069485,1519
2012-01-20,6387.6416015625,6424.0224924740905,6331.304642067248,6333.953723507444,5041
2012-01-23,6373.380859375,6422.168109691218,6273.996325540965,6422.168109691218,1538
2012-01-24,6387.99462890625,6446.097637888389,6384.153374902615,6393.116013467388,9755
2012-01-25,6400.5791015625,6443.405923581162,6389.585239732685,6443.09677780769,2543
2012-01-27,6478.85888671875,6490.249851244954,6402.91854832323,6402.91854832323,3788
2012-01-30,6413.1611328125,6445.214844282073,6393.337001823987,6426.715253952064,2911
2012-01-31,6401.81494140625,6486.673943007576,6376.339520018362,6420.490880771848,5067
2012-02-01,6401.1513671875,6434.088103134684,6304.8570102983185,6410.7762756382,3160
2012-02-02,6449.4541015625,6468.1744512802425,6384.2868645400895,6431.97033489765,1195
2012-02-03,6501.50927734375,6640.36532078707,6481.464385092658,6533.519017088236,4778
2012-02-06,6572.01806640625,6733.082135116774,6525.570751280388,6534.401022933001,7318
2012-02-07,6443.44970703125,6605.043690365048,6402.874433285278,6574.137737268419,1951
2012-02-08,6492.32470703125,6534.40086420072,6483.185289859688,6507.910049886394,6562
2012-02-09,6522.70166015625,6564.822233230284,6481.420135451569,6481.420135451569,1830
2012-02-10,6537.8017578125,6591.710401982159,6523.9380567437065,6556.433720065587,6512
2012-02-13,6795.3369140625,6993.576552449483,6543.276586685021,6589.9446679682815,21934
2012-02-14,6735.86376953125,6887.6120782840035,6711.889667568808,6794.894223384026,4348
2012-02-15,6787.2568359375,6887.612800314071,6746.328435179424,6816.970617746747,5529
2012-02-16,6775.4248046875,6816.044062350091,6738.425614188368,6799.310521781506,3588
2012-02-17,6728.44580078125,6861.032234707891,6711.006015412251,6763.987641849716,2826
2012-02-21,6805.75439453125,6869.9506352731,6719.880011590336,6738.42358014313,5231
2012-02-22,6792.68701171875,6887.6124395718225,6775.291202706395,6816.970260704419,8415
2012-02-23,6753.2158203125,6816.970562024643,6711.139656897903,6777.278313552807,11486
2012-02-24,6936.35595703125,7152.476880530624,6729.6391876879925,6815.204443588014,26239
2012-02-27,6762.3994140625,7020.066591456232,6713.920873422945,6973.266147513191,3549
2012-02-28,6961.654296875,7064.217823161905,6783.8566783051665,6866.419724113371,21532
2012-02-29,6827.212890625,7055.3870230083185,6810.788499181872,7046.556751390035,9025
2012-03-01,6849.64208984375,7008.586988151327,6801.693884653883,6843.107774702009,4004
2012-03-02,6799.61865234375,6896.442499538849,6777.277805265585,6852.291139106463,1792
2012-03-05,6741.42724609375,6868.09724048554,6680.189222935755,6799.309507159224,11586
2012-03-06,6752.99462890625,6864.521225244919,6715.421993244619,6772.907151372582,2725
2012-03-07,6710.30078125,6808.140027071619,6683.633186109609,6808.140027071619,2509
2012-03-09,6747.0791015625,6860.238961646132,6666.855986668594,6666.855986668594,3256
2012-03-12,6732.1552734375,6839.045541618499,6696.480630263381,6839.045541618499,2701
2012-03-13,6734.00927734375,6803.4597102284015,6711.889618872914,6779.61797628424,6984
2012-03-14,6881.783203125,6905.271809836586,6764.8705032171465,6801.074613729077,15383
2012-03-15,6948.232421875,7019.8020406021205,6903.5071770112245,6903.5071770112245,16209
2012-03-16,6835.646484375,6993.090505763328,6799.3099983442535,6931.984846039218,1900
2012-03-19,6772.7294921875,6886.7283774367825,6755.157339068007,6886.7283774367825,1406
2012-03-20,6798.162109375,6869.952052833593,6755.158509534318,6834.630962587663,2841
2012-03-21,6806.85986328125,6869.952335798002,6763.98906069572,6869.952335798002,5304
2012-03-22,6764.87109375,6918.517820066734,6728.666980077666,6806.638106081352,1990
2012-03-23,6791.1416015625,6825.800419995205,6755.158242297972,6756.968275635209,893
2012-03-26,6747.69677734375,6824.034656336969,6730.433766899635,6759.617645338128,6269
2012-03-27,6719.70361328125,6794.760913990081,6649.193815735196,6755.157063794721,5915
2012-03-28,6819.927734375,6869.995114413969,6684.603825439403,6755.157607551825,2429
2012-03-29,6692.10986328125,6853.924593791379,6632.064015124694,6853.924593791379,8445
2012-03-30,7265.9892578125,7947.2447372318775,6711.006666995808,6711.006666995808,17100
2012-04-02,7201.7490234375,7329.125695923888,7121.614305738091,7153.40328466017,4035
2012-04-03,7259.18896484375,7329.124883183246,7181.747747367773,7240.822173747304,4584
2012-04-04,7223.2939453125,7306.166123727366,7189.694937091294,7202.057316319259,2565
2012-04-09,7254.2001953125,7293.803614558373,7152.563261928877,7240.86596912692,2702
2012-04-10,7466.52490234375,7519.860093406112,7196.672118513366,7313.585271849711,10676
2012-04-11,7499.55029296875,7671.74060347492,7421.887875328043,7465.995258100881,7886
2012-04-12,7477.2978515625,7611.69476925859,7435.972349411437,7594.034224550333,4477
2012-04-13,7483.21435546875,7593.151246996966,7435.177328615472,7565.777402520061,3078
2012-04-16,7566.748046875,7593.150905130376,7484.538559354002,7514.561484202755,2596
2012-04-17,7802.91357421875,7858.941820676219,7556.107479962682,7586.969452050571,7988
2012-04-18,7676.19921875,7924.727389865489,7652.225548323804,7797.12996295195,5960
2012-04-19,7689.0478515625,7770.639915608918,7638.185826138312,7770.639915608918,10742
2012-04-20,7680.216796875,7761.808852613115,7647.015320094377,7683.307391981273,3026
2012-04-23,7495.35498046875,7717.569101012797,7474.824599848965,7699.996516324037,3597
2012-04-24,7421.7099609375,7682.335753888368,7382.106540518019,7594.03304407356,5549
2012-04-25,7672.7998046875,7726.4876837840075,7365.329573764847,7505.73089281875,11095
2012-04-26,7523.7890625,7850.111582416431,7505.730984312673,7761.808864953929,4787
2012-04-27,7614.2998046875,7677.8337861794735,7513.722658531509,7513.722658531509,1928
2012-04-30,7669.576171875,7752.978257371849,7638.184729643109,7673.505815098106,2858
2012-05-02,7763.92822265625,7848.345272873035,7660.702004366563,7716.553471345548,4164
2012-05-03,7628.6494140625,7768.873973002555,7606.043398401729,7696.4657363821625,1417
2012-05-04,7581.97998046875,7713.242313949445,7516.327255447931,7516.327255447931,2199
2012-05-07,7749.0498046875,7885.433539320397,7505.731812343043,7532.222630504254,10024
2012-05-08,7959.5615234375,7997.752441784008,7770.637721370466,7903.0917734392815,25322
2012-05-09,8020.67041015625,8121.202731416108,7798.853762085778,7798.853762085778,8201
2012-05-10,8122.08447265625,8190.9605966905165,8027.512601126326,8079.69916555824,9414
2012-05-11,7990.81494140625,8157.065507545336,7930.839744471938,8123.859440174286,14265
2012-05-14,7994.49853515625,8092.562120752748,7911.92816545549,7990.902902142672,2171
2012-05-15,7974.25634765625,8012.877975571748,7937.410426771349,7990.6816376892775,1135
2012-05-16,7874.46240234375,7972.925718220675,7821.990598833423,7972.925718220675,2285
2012-05-17,7896.2138671875,7972.924759576267,7795.398271503979,7972.036906039566,1337
2012-05-18,7920.22998046875,7946.243912339872,7817.593604598202,7839.789940161336,7515
2012-05-21,7957.38720703125,7990.637494906342,7901.8963617939335,7919.653432269874,5640
2012-05-22,7903.40576171875,7989.7495155481465,7838.858638146396,7946.28891283387,7329
2012-05-23,7882.31884765625,7989.749116984634,7867.26955800674,7867.26955800674,2548
2012-05-24,7894.92822265625,7937.411673216876,7871.71050276743,7901.897527027986,13866
2012-05-25,7819.06005859375,7916.990132080499,7813.1112663797685,7901.896621679539,905
2012-05-28,7845.2080078125,7884.1400417187115,7768.7190726394965,7768.7190726394965,864
2012-05-29,7810.8466796875,7882.274664727037,7795.35346323381,7822.033286586908,1301
2012-05-30,7805.20849609375,7878.811897486871,7790.914401673123,7810.846886001389,1519
2012-05-31,7708.298828125,7857.502415268207,7644.461823266845,7805.207504353384,5478
2012-06-01,7734.40234375,7797.973175426058,7733.204088326763,7746.521891004708,1274
2012-06-04,7875.61669921875,7884.1397467217275,7555.7223624813605,7733.204638957911,3296
2012-06-05,7860.83349609375,7890.354627111129,7793.578588587992,7853.952630969398,1744
2012-06-06,7939.80859375,7972.037506149449,7768.807469482252,7819.370905612532,3844
2012-06-07,7889.7763671875,7989.749188527311,7857.4590209796925,7946.28858759188,1393
2012-06-08,7889.0654296875,7901.983522961627,7862.030120849284,7901.983522961627,1637
2012-06-11,7820.30419921875,7937.412454623286,7773.515000644346,7893.019767516892,1154
2012-06-12,7723.74951171875,7853.065746148408,7688.812816466389,7768.719647122506,1808
2012-06-13,7771.693359375,7946.290125543458,7684.417519449734,7946.290125543458,5866
2012-06-14,7710.03076171875,7794.687239606586,7679.932183568867,7747.497482897894,691
2012-06-15,7817.68212890625,7853.062737440379,7693.249137356798,7710.029912183283,1292
2012-06-18,7858.17041015625,7866.383056123422,7768.719158135434,7835.30817949088,1233
2012-06-19,7919.5654296875,7990.68215404066,7859.279825285325,7866.382653866694,2093
2012-06-20,7946.20068359375,7981.803263457236,7791.802607352693,7886.048606719532,4451
2012-06-21,7899.18701171875,7946.065495047625,7866.380657126953,7946.021275789116,5655
2012-06-22,7870.642578125,7924.135745007492,7820.212678854604,7820.212678854604,2982
2012-06-25,7739.95166015625,7901.718748274545,7693.428654967057,7901.718748274545,7516
2012-06-26,7639.40283203125,7802.235530276066,7560.20698396956,7750.961984502296,8678
2012-06-27,7645.26220703125,7798.905080547309,7557.986382100222,7639.091451847569,3354
2012-06-28,7774.9775390625,8234.30908052887,7546.754963829923,7663.06377562542,9649
2012-06-29,8090.30029296875,8345.780183599261,7675.494889663829,7726.990401936878,18993
2012-07-02,8026.81591796875,8122.082408578307,8000.490719444178,8090.253212944388,4480
2012-07-03,8043.5517578125,8168.2509359997475,7998.049272978806,8079.465599738881,3429
2012-07-04,8069.25634765625,8186.009080199222,8052.831058287087,8185.964860934134,2119
2012-07-05,8012.744140625,8128.254398721675,7968.4849914180095,8068.900873294325,4478
2012-07-06,7927.3779296875,8051.765861527823,7870.821486824495,8030.635121074738,14826
2012-07-09,7796.7724609375,7937.364556060212,7768.716642509117,7927.642388681589,2943
2012-07-10,7908.46630859375,7946.288519421504,7806.229635182539,7857.325428733738,2354
2012-07-11,7855.68310546875,7879.699367879721,7835.306695384624,7879.699367879721,1527
2012-07-12,7827.80419921875,7900.9636706719375,7817.593884494145,7857.547289938252,1624
2012-07-13,7866.11474609375,7901.895063816551,7821.988259800428,7839.7453273595665,1052
2012-07-16,7836.50537109375,7900.1204210094465,7777.685076882481,7839.746383177501,1690
2012-07-17,7727.0341796875,7883.207976354468,7640.024525990986,7883.207976354468,5904
2012-07-18,7775.6875,7817.55013972956,7730.185007704584,7730.185007704584,2163
2012-07-19,7863.71875,7891.242209551768,7715.491429101833,7715.491429101833,827
2012-07-20,7859.1015625,7890.354179604408,7790.914586027758,7813.199362413317,5304
2012-07-23,7733.95947265625,7813.111970860693,7724.3266075554575,7790.915630034384,6132
2012-07-24,7736.2666015625,7844.185011991496,7715.4462653317605,7844.185011991496,1403
2012-07-25,7736.75537109375,7789.893056059311,7648.857874910794,7648.857874910794,1759
2012-07-26,7700.71142578125,7807.786246270644,7679.935300232099,7741.197211875568,1800
2012-07-27,7741.23828125,7803.343802134044,7679.932175271303,7724.324846804663,1667
2012-07-30,7940.20654296875,7946.287991988456,7725.168274402384,7725.168274402384,4479
2012-07-31,7941.095703125,8051.05601884961,7929.508520622408,7951.616420910576,7032
2012-08-01,7811.42333984375,7988.81715842614,7768.717934359493,7941.095033972218,6395
2012-08-02,7813.689453125,7866.38321963509,7768.719319617047,7768.719319617047,1528
2012-08-03,7877.615234375,7963.869698434351,7768.719634621578,7768.719634621578,5273
2012-08-06,7921.650390625,7946.288323695677,7859.367124711466,7859.367124711466,782
2012-08-07,7992.501953125,8122.9722069593745,7871.443467237702,7959.695590728546,7421
2012-08-08,7929.99609375,8030.633928893583,7902.871478994837,8001.334766963955,2766
2012-08-09,7914.77001953125,7990.681493721605,7875.34897734445,7901.896143791365,1152
2012-08-10,7844.7626953125,7911.395923436564,7823.364906905404,7901.895718096941,834
2012-08-13,7812.35791015625,7901.897605304134,7738.532531216947,7814.000092615919,10028
2012-08-14,7738.443359375,7808.628011416441,7711.008336954215,7743.015285082123,1956
2012-08-16,7713.4931640625,7786.519111598933,7688.811011130798,7688.811011130798,7656
2012-08-17,7724.5478515625,7834.375509151539,7709.320816355948,7834.375509151539,5194
2012-08-21,7811.29248046875,7821.9909439354715,7715.448502020346,7746.523380912257,10641
2012-08-22,7784.43408203125,7900.121231214758,7745.678926071779,7745.678926071779,2217
2012-08-23,7699.244140625,7950.462479870073,7684.372593433779,7950.462479870073,2225
2012-08-24,7687.2578125,7763.968704173847,7650.633854452401,7658.624536208241,3526
2012-08-27,7681.44287109375,7755.400899739608,7679.933346622508,7755.400899739608,1251
2012-08-28,7699.509765625,7728.7647118374525,7679.932769373229,7693.294791129553,1136
2012-08-29,7663.86279296875,7795.353546404111,7649.7455758334645,7693.294615573912,1234
2012-08-30,7625.41845703125,7697.734300231901,7575.166294208597,7650.0563924114995,3232
2012-08-31,7556.033203125,7688.72308580791,7547.731252441905,7635.54031285755,2658
2012-09-03,7652.54150390625,7702.127766397274,7582.2675648452705,7622.220965362605,1016
2012-09-04,7567.310546875,7724.371344868617,7546.756387073534,7724.371344868617,1746
2012-09-05,7517.81201171875,7599.139055659009,7503.250865682238,7567.176325666752,4243
2012-09-06,7516.96875,7596.475871388044,7458.014920496312,7458.014920496312,6721
2012-09-07,7497.16845703125,7586.841660270364,7433.065261108859,7575.92036861659,4078
2012-09-10,7461.3876953125,7537.6546619318115,7342.5488446863665,7467.73619500085,7399
2012-09-11,7404.96484375,7510.974905212205,7357.642422598202,7464.140630107577,3588
2012-09-12,7421.923828125,7452.643216270605,7406.51904773598,7406.6083533238725,3183
2012-09-13,7481.4990234375,7527.223487889768,7395.8211434444165,7426.896022198384,4711
2012-09-14,7501.8740234375,7582.268985465839,7484.605099236186,7582.268985465839,4309
2012-09-17,7570.017578125,7596.387003594622,7484.605887940309,7491.708716778212,9945
2012-09-18,7556.2109375,7582.26909160007,7504.759652398108,7546.754950655807,2375
2012-09-20,7535.34716796875,7554.258276590972,7504.182985803397,7504.227205075312,23958
2012-09-21,7593.587890625,7617.781894894917,7512.215782657265,7591.146293863816,3853
2012-09-24,7604.68798828125,7706.569188089226,7582.269685055529,7657.737240468846,6881
2012-09-25,7557.8974609375,7635.451987702782,7520.119466307271,7635.451987702782,2881
2012-09-26,7491.48583984375,7616.007292723734,7467.779978079102,7599.759747147211,7075
2012-09-27,7707.67919921875,7901.897177600792,7435.774029483891,7480.166710256929,8507
2012-09-28,7751.49169921875,7884.137329485218,7636.559782797627,7662.174003767729,20399
2012-10-01,7847.11572265625,7936.522747013149,7813.688557300085,7877.702450336829,1678
2012-10-03,7822.7001953125,7936.523198347554,7724.32619147821,7884.1398368191385,1838
2012-10-04,7909.8857421875,7946.287730674388,7830.866791569621,7847.736005746471,8097
2012-10-05,7755.17919921875,7919.698297181691,7671.055070980852,7919.698297181691,4671
2012-10-08,7665.06201171875,7754.513260979534,7653.297951642269,7754.513260979534,1689
2012-10-09,7706.83349609375,7777.595583659883,7672.029470301386,7741.993010054691,4402
2012-10-10,7856.92626953125,7897.457129893683,7635.895827417855,7635.940046685354,23533
2012-10-11,7858.0361328125,7901.008590630005,7799.837507129833,7884.1393735020165,1867
2012-10-12,7789.53955078125,7879.70091288826,7760.816965818524,7857.504572288575,1882
2012-10-15,7781.814453125,7830.8683620824895,7724.325935387489,7746.610712820066,837
2012-10-16,7804.6767578125,7826.384950870853,7760.728006374958,7826.384950870853,8450
2012-10-17,7857.060546875,7857.548692953156,7791.492904384188,7829.936792411483,2401
2012-10-18,7831.7998046875,7856.527044453206,7787.362911204831,7787.407130470165,897
2012-10-19,7889.732421875,7946.288863507961,7768.718162647448,7768.718162647448,2368
2012-10-22,7906.02490234375,7919.653106555761,7848.669046838678,7848.669046838678,3368
2012-10-23,7918.765625,7941.84981675356,7821.989590340846,7821.989590340846,2461
2012-10-25,7925.33740234375,7936.524011846443,7894.794889063493,7919.610572723126,3254
2012-10-29,7858.17041015625,7917.34620061861,7847.072239930342,7884.140128484874,1254
2012-10-30,7898.25537109375,7923.29214322168,7853.551432385345,7901.895223199064,3142
2012-10-31,7900.25341796875,7906.334867202695,7870.066401069828,7888.622017701659,6730
2012-11-01,7895.7265625,7914.771196300481,7866.383173394163,7886.049478145474,2188
2012-11-02,7923.2041015625,7932.92627014306,7870.954273416451,7932.92627014306,2936
2012-11-05,7921.873046875,7932.926996628368,7891.242100378257,7925.424460961579,3207
2012-11-06,7895.68212890625,7990.63824560612,7814.088035585963,7990.63824560612,13801
2012-11-07,7874.0625,7929.41982038646,7760.727650878743,7853.064417346125,8948
2012-11-08,7870.77685546875,7924.092283361364,7734.13585852109,7734.13585852109,5824
2012-11-09,7864.6953125,7893.018188023982,7830.868438511982,7879.700384557124,1596
2012-11-12,7893.28564453125,7928.089683283671,7818.883677231383,7861.944582056879,3155
2012-11-15,7814.5771484375,7883.430023146341,7795.354770778296,7883.430023146341,2543
2012-11-16,7795.35302734375,7866.29286241716,7782.923079464159,7783.011517988413,660
2012-11-19,7799.08447265625,7813.112387397428,7646.240114759944,7646.240114759944,1529
2012-11-20,7891.59765625,8168.252469148146,7745.678408490225,8168.252469148146,1587
2012-11-21,7874.150390625,7893.017276691332,7814.9746105686045,7814.9746105686045,7690
2012-11-22,7922.62646484375,7935.23415681074,7836.238500526917,7901.895434314162,2816
2012-11-23,7894.57275390625,7986.065899842798,7852.2661803362425,7922.67366896556,2057
2012-11-26,7934.88232421875,7989.662205822962,7858.437597700886,7901.898211271813,4353
2012-11-27,7936.56591796875,7986.241490084707,7857.502744552491,7986.241490084707,7807
2012-11-29,8113.64990234375,8349.4192459855,7885.915460153985,7892.263960038676,18183
2012-11-30,8096.15869140625,8323.626941882922,8048.392344337993,8208.205981622144,6391
2012-12-03,8027.2626953125,8166.477975984288,7991.570804722176,8159.330927420313,7069
2012-12-04,8070.41162109375,8094.694937705398,8013.944477963454,8035.075220604311,5673
2012-12-05,8076.98095703125,8239.280401883607,8026.284002435246,8123.859447977909,5926
2012-12-06,8084.17138671875,8168.251277077536,8017.316199131537,8106.057319838655,2845
2012-12-07,8125.2802734375,8177.131268035238,8014.876030333453,8117.778604509042,4328
2012-12-10,8131.361328125,8239.10199382846,8079.466122315105,8212.644135320299,8034
2012-12-11,8174.24560546875,8307.512075430048,8137.3112449047285,8211.757417653404,13954
2012-12-12,8228.138671875,8433.676771610624,8194.932601816976,8433.676771610624,1592
2012-12-13,8137.5341796875,8245.940763390256,8049.281180177233,8123.905105951408,5142
2012-12-14,8025.52880859375,8123.680828098017,7986.24129582662,7990.680562805957,5896
2012-12-17,7980.9609375,8159.375307652421,7901.897740816817,8022.645841125927,1918
2012-12-18,8054.25146484375,8123.54912416343,7996.052841319966,8035.074176058996,4093
2012-12-19,8042.79833984375,8132.737722249706,8008.438237411829,8053.718764031341,2879
2012-12-20,8079.689453125,8123.948606786667,8006.6634969678025,8051.500102267966,2830
2012-12-21,8109.7001953125,8256.151841597166,8035.076262657743,8256.151841597166,5846
2012-12-24,8170.51416015625,8257.03563709574,8123.857642949034,8194.885906493944,2417
2012-12-26,8083.2841796875,8170.471563916989,8079.466583172464,8124.747110177057,4896
2012-12-27,8101.39794921875,8168.253152153008,8052.654439569066,8168.253152153008,8930
2012-12-28,8244.7822265625,8316.520588818947,8079.463793984459,8187.7818800137,9465
2012-12-31,8449.4365234375,8513.628165269913,8203.767259056627,8244.608524632018,14556
2013-01-01,8334.9912109375,8514.471149176665,8310.309056166752,8478.069154379353,3200
2013-01-02,8412.8994140625,8522.50509365026,8359.495550355057,8481.663835778823,4514
2013-01-03,8353.810546875,8505.633440223455,8315.810604287835,8505.589220973407,4328
2013-01-04,8298.099609375,8409.702952065492,8256.992171505108,8263.73951034005,7064
2013-01-07,8282.87109375,8392.876454072324,8243.717113727022,8392.876454072324,2293
2013-01-08,8238.5703125,8541.150609756933,8179.084128419572,8541.150609756933,3191
2013-01-09,8177.26318359375,8329.928879190136,8168.251124937097,8239.50135893451,2438
2013-01-10,8278.2578125,8328.066048338056,8177.219387915515,8328.066048338056,8688
2013-01-11,8169.1396484375,8347.110047096818,8142.504044758212,8278.257184994738,2123
2013-01-14,8175.2666015625,8236.084566402476,8168.25221208435,8187.784989113247,1277
2013-01-15,8088.21044921875,8212.643442354954,8030.633506605466,8212.465698277074,4799
2013-01-16,8156.39990234375,8219.747904302376,8088.34558308432,8219.747904302376,2943
2013-01-17,8181.2138671875,8203.721471858917,8141.70438956251,8185.964403263416,2006
2013-01-18,8151.20458984375,8256.149038589898,8030.590048297969,8194.887151971692,4333
2013-01-21,8240.791015625,8345.823924155193,8151.650166468335,8212.645882812292,4962
2013-01-22,8143.0810546875,8279.233027959586,8097.267298617171,8279.233027959586,3387
2013-01-23,8082.70751953125,8203.49980967794,8066.148705640272,8199.326724995917,1394
2013-01-24,8090.43212890625,8167.364987537303,8070.588948441578,8167.364987537303,3441
2013-01-25,8073.0732421875,8149.694817389178,8057.269625037066,8092.7837611253835,5161
2013-01-28,7995.787109375,8128.2992517367375,7991.569805011728,8106.058693714066,2884
2013-01-29,7891.55322265625,8147.788292619448,7835.485787873065,8147.788292619448,4119
2013-01-30,8058.69091796875,8212.600845985866,7830.868051408811,7894.793504889699,6896
2013-01-31,8221.5234375,8292.55171773758,8040.223578784687,8058.690758237571,6528
2013-02-01,8086.7021484375,8217.970924478912,7955.166322745361,8185.963983386106,6054
2013-02-04,8008.439453125,8167.365247150429,8001.33662434174,8167.365247150429,1173
2013-02-05,8002.490234375,8056.338899037765,7990.726174829313,8035.074633091572,1497
2013-02-06,8001.1142578125,8042.177484646781,7986.2427107968415,8004.044001129077,1895
2013-02-07,8002.66943359375,8033.300386659595,7987.1319936328155,7990.727627757703,10973
2013-02-08,8009.681640625,8056.737874532352,7990.681229550308,7990.725448814925,2239
2013-02-11,7952.326171875,8059.889971793344,7938.34247904517,8031.1231711542005,8189
2013-02-12,7919.0751953125,8034.807410888748,7902.871870110117,8034.807410888748,3873
2013-02-13,7970.39501953125,8008.439198172618,7911.7073783512,7955.123764724504,1897
2013-02-14,7965.46826171875,8021.314608745828,7928.622331533023,7928.622331533023,4853
2013-02-15,7963.51318359375,7990.636933430964,7928.619848924797,7948.064186547447,1098
2013-02-18,7986.375,8016.828198753256,7955.610532324601,7955.610532324601,776
2013-02-19,8013.189453125,8070.589537411878,7991.61478321608,8026.330380550938,905
2013-02-20,8048.3466796875,8060.776627021783,8009.325350182801,8009.325350182801,2648
2013-02-21,8030.591796875,8064.19670967146,7992.4583103767,7992.5025296489175,20770
2013-02-22,7981.35888671875,8018.2048062692065,7957.475281204422,7996.18621329613,9864
2013-02-25,7929.2861328125,8027.127762527927,7913.43829455703,8004.621022981177,1906
2013-02-26,7873.2626953125,7932.970841827655,7822.877010335027,7919.6972588960725,2000
2013-02-27,7885.7373046875,8044.618867196051,7822.87744820952,7952.504063512957,15615
2013-02-28,7779.2841796875,7906.335672822654,7724.325699444928,7857.5037287457035,3757
2013-03-01,7603.7998046875,7799.927001708812,7547.643067361233,7799.927001708812,3300
2013-03-04,7420.59130859375,7693.250778758869,7295.358875507067,7548.042508444043,9307
2013-03-05,7505.337890625,7528.999539060306,7418.19556830948,7418.19556830948,4936
2013-03-06,7457.0380859375,7626.662340961743,7391.381139523459,7513.061300669713,6106
2013-03-07,7369.36083984375,7480.164768886763,7361.192415292599,7480.164768886763,2324
2013-03-08,7417.08349609375,7446.426879183862,7263.30710526808,7446.426879183862,40754
2013-03-11,7490.06591796875,7591.147695730961,7378.240592246721,7416.152111457685,5485
2013-03-12,7611.5234375,7630.212579287072,7493.48314744972,7502.361681984612,5457
2013-03-13,7650.94384765625,7727.654735232201,7586.707995123845,7610.680039110778,2458
2013-03-14,7728.80908203125,7758.951882331679,7636.42809702881,7696.802136163557,2500
2013-03-15,7650.63330078125,7804.320388611887,7644.418326532037,7684.50525725722,1422
2013-03-18,7697.955078125,7735.866591307633,7644.417692087538,7735.866591307633,1616
2013-03-19,7744.390625,7786.431008629268,7704.526522908246,7714.514874825443,6340
2013-03-20,7769.29638671875,7812.223761102133,7719.886987473922,7742.971180880974,5605
2013-03-21,7774.57861328125,7848.625951542353,7637.672279572109,7782.392418723852,11318
2013-03-22,7838.859375,7870.822104357799,7715.491944805927,7724.414700009407,4407
2013-03-25,7847.9599609375,7990.682427631021,7702.707458293043,7857.54860644175,9075
2013-03-26,7996.27392578125,8110.230430222353,7773.6446850972925,7847.9581882977745,3869
2013-03-28,7976.29833984375,8165.588885147104,7897.45712008084,7991.569593912045,8061
2013-04-01,7859.32421875,8048.392814649767,7787.896223836565,8048.392814649767,1393
2013-04-02,7737.33203125,7879.7874166041765,7685.2590821714775,7859.278349743752,5510
2013-04-03,7749.00732421875,7857.503191411871,7724.325171218449,7857.503191411871,1171
2013-04-04,7760.37109375,7811.156481720851,7679.931922397879,7759.838728526875,5025
2013-04-05,7772.5361328125,7849.157720506937,7614.764384107402,7745.67856301672,7282
2013-04-08,7730.98486328125,7813.1113174705715,7724.281742321183,7791.891270597373,2057
2013-04-09,7726.279296875,7777.108912353665,7719.886577938657,7724.325845666051,12870
2013-04-10,7837.3486328125,7878.589599221387,7724.635463249668,7763.390613392513,1059
2013-04-11,7779.99365234375,7847.426295736207,7733.247821067332,7844.185283804032,2005
2013-04-12,7723.3935546875,7802.323212424337,7702.129289465042,7738.043137774091,1359
2013-04-15,7669.72412109375,7746.479246203613,7648.859559324264,7732.317806402208,738
2013-04-16,7676.8251953125,7694.138338354031,7564.511728914879,7617.782938273434,515
2013-04-17,7669.2783203125,7724.325235785916,7653.296957755701,7702.173118166361,1018
2013-04-18,7829.625,7870.821751699788,7635.540560024611,7635.540560024611,2051
2013-04-22,7854.35205078125,7870.821560389303,7768.7184042195595,7787.541072504962,1006
2013-04-23,7918.9443359375,7945.40220092254,7817.7732405490215,7857.504690821821,1096
2013-04-25,8020.06982421875,8035.07489653395,7857.5041805884475,7875.261252182998,4153
2013-04-26,8041.77734375,8088.478958356773,7932.971070081277,8035.118442460061,3678
2013-04-29,8012.744140625,8168.252024629046,7987.129914517706,8168.252024629046,3395
2013-04-30,7900.16552734375,7920.541940808878,7813.999509142354,7920.541940808878,4274
2013-05-02,7925.91162109375,8046.305063879833,7768.7173480486745,7768.7173480486745,2405
2013-05-03,7923.64892578125,8035.07454516447,7808.671892234422,8035.07454516447,820
2013-05-06,7975.630859375,7999.558680557556,7880.098185767854,7990.680147060822,1881
2013-05-07,7980.294921875,8013.722959172399,7946.290299922241,7981.804446514072,1797
2013-05-08,7991.302734375,8006.48468157799,7947.220463689994,7953.835145312588,2160
2013-05-09,8032.8994140625,8044.1311085690695,7979.450455605074,7990.682150111644,3221
2013-05-10,8044.2939453125,8106.054712968826,8043.132205014438,8079.777212282534,3739
2013-05-13,8075.53125,8110.970000291015,7954.647422594837,8061.9456101724145,1909
2013-05-14,8054.70703125,8105.875975545644,8026.195078221181,8044.026177481138,4155
2013-05-15,8044.60693359375,8133.4036895771205,8027.043795174958,8133.4036895771205,1494
2013-05-16,8044.87646484375,8075.309526511578,8018.152069795551,8052.965006515697,3432
2013-05-17,8058.28125,8079.731984066893,8027.937224534688,8027.937224534688,1150
2013-05-20,8059.6201171875,8150.338826376465,8044.023474883605,8088.712494188514,1748
2013-05-21,8193.376953125,8302.15024216448,8051.712707899366,8106.546679198965,4883
2013-05-22,8247.5849609375,8312.160617346455,8133.448989506961,8193.37681164935,7584
2013-05-23,8133.8955078125,8263.00230025594,8110.165805573001,8263.00230025594,3304
2013-05-24,8079.0625,8151.279804402288,8057.745307075054,8151.279804402288,2120
2013-05-27,8091.17529296875,8151.237545874792,8073.523119647259,8079.779586140951,1328
2013-05-28,8082.81689453125,8218.313702250929,8057.433173006213,8218.313702250929,1211
2013-05-29,8117.36083984375,8177.1996323340845,8053.857895612901,8053.857895612901,2326
2013-05-30,8174.02880859375,8212.90827822949,8089.655541446469,8122.099613955227,2801
2013-05-31,8176.52978515625,8289.816495758667,8137.873767534518,8137.873767534518,2934
2013-06-03,8075.71142578125,8262.958492294758,8045.9932159408,8094.972226314297,5820
2013-06-04,8080.49462890625,8213.757892097861,8077.098435866746,8128.893216426308,2269
2013-06-05,8089.83251953125,8167.367994859998,8068.873187656821,8080.447822229211,1923
2013-06-06,8113.0693359375,8150.340158696866,7972.522347248616,7972.522347248616,1933
2013-06-07,8060.875,8220.996187022361,8049.390265310219,8220.996187022361,1132
2013-06-10,8163.88232421875,8220.72730309463,7978.780681732408,8164.687076019441,2125
2013-06-11,8325.9697265625,8580.294854157466,8061.008259338144,8082.458996473538,3250
2013-06-12,8090.3212890625,8352.3778781693,8072.624611623875,8325.028546930736,3603
2013-06-13,8038.08251953125,8128.8012629549385,8008.275281539419,8088.715546644167,1104
2013-06-14,8050.90966796875,8128.7131137937,8021.727375058673,8053.009703762901,849
2013-06-17,8073.5654296875,8123.304673864528,8035.088345823816,8080.179755879433,1448
2013-06-18,8072.22412109375,8152.217485960423,8046.75137362224,8088.71454797078,2512
2013-06-19,8044.0263671875,8097.653209635417,8024.407706092094,8081.788602077909,3725
2013-06-20,8029.68115234375,8079.509425487643,8021.726155121331,8079.509425487643,1094
2013-06-21,7970.15576171875,8128.936267859595,7954.649014178163,7999.338053583659,1758
2013-06-24,7865.7607421875,8003.84984589562,7842.92482225731,7990.3986223339425,1805
2013-06-25,7667.47705078125,7882.878210300494,7619.5253646846295,7869.739458784014,1875
2013-06-26,7665.509765625,7785.678748911674,7646.472412294628,7666.850436603656,2209
2013-06-27,7756.2744140625,7793.679664807341,7650.763763594909,7771.379658943849,26413
2013-06-28,8086.83837890625,8400.644419350137,7774.997957647287,7774.997957647287,24487
2013-07-01,7968.18896484375,8026.1502912549895,7695.451448519539,7999.336871573737,1688
2013-07-02,7930.60595703125,8035.000251285363,7910.004484444381,8034.954863979744,1551
2013-07-03,7868.04150390625,7946.560671809634,7856.33332442164,7887.75006904435,957
2013-07-04,7710.19775390625,7934.089777015682,7687.495379276305,7820.57964953106,3482
2013-07-05,7797.61181640625,7833.631008807372,7713.328459830062,7773.614150574557,3163
2013-07-08,7718.9580078125,7844.087304563779,7696.434559830729,7798.236529677887,1005
2013-07-09,7799.7109375,7819.6865850724425,7741.07840557311,7816.111462619558,15224
2013-07-10,7746.8447265625,7838.368225392754,7731.203563284179,7777.724677211144,5201
2013-07-11,7741.39306640625,7892.084154238554,7703.451898368865,7892.084154238554,1826
2013-07-12,7688.03271484375,7769.27684719022,7680.2566491045045,7753.546657858906,1911
2013-07-15,7683.6982421875,7793.7676842466135,7664.303899312827,7793.7676842466135,2506
2013-07-16,7657.4658203125,7784.829564624672,7641.824658730303,7784.829564624672,6548
2013-07-17,7745.771484375,7762.440843516884,7637.356060332031,7673.107288232942,14675
2013-07-18,7728.7890625,7920.683938210029,7668.637800704361,7668.637800704361,1944
2013-07-19,7774.9091796875,7811.643216848754,7682.045017026892,7691.027338379039,1738
2013-07-22,7718.02001953125,7833.988068809983,7691.251112202482,7833.988068809983,853
2013-07-23,7683.92138671875,7738.352978214174,7668.682600985153,7731.202732912058,1171
2013-07-24,7682.537109375,7726.645713995903,7655.947131514681,7695.452416045139,2367
2013-07-25,7657.4658203125,7745.861076901527,7630.563371524193,7691.027109598049,622
2013-07-26,7722.53271484375,7786.840406671612,7632.931205386511,7664.213527890285,1923
2013-07-29,7915.0537109375,8088.71512180372,7664.16930049358,7756.04977946532,2033
2013-07-30,7985.216796875,8133.405482640499,7792.87498935632,7798.372090546402,1823
2013-07-31,8047.73388671875,8106.588982402863,7869.82618327664,8106.588982402863,8445
2013-08-01,7899.9931640625,8042.23871111444,7865.270133119257,7945.71039584434,798
2013-08-02,7800.78515625,7865.271796303992,7784.116666426889,7820.582752006811,1077
2013-08-05,7663.5458984375,7807.176673045117,7647.457841183371,7807.176673045117,1389
2013-08-06,7461.7275390625,7682.044462866645,7410.424182114604,7641.824334788809,3553
2013-08-07,7583.640625,7681.107241094891,7507.758290290035,7507.758290290035,1892
2013-08-08,7614.6103515625,7664.170673516415,7465.840356750239,7583.685883750605,794
2013-08-12,7604.77734375,7731.202794064565,7579.706970527693,7731.202794064565,1473
2013-08-13,7672.92919921875,7753.548401545473,7601.650180772265,7666.270357725212,2523
2013-08-14,7613.044921875,7722.265095829311,7601.604703706978,7722.265095829311,934
2013-08-16,7515.220703125,7681.956193270533,7427.406748141638,7615.011668786258,1873
2013-08-19,7362.876953125,7657.019855351302,7330.789874354077,7565.898731297986,3236
2013-08-20,7173.70703125,7400.503874007164,7151.228534906301,7370.204360462397,4630
2013-08-21,7285.6083984375,7320.063467665658,7195.023642967676,7320.063467665658,15461
2013-08-22,7321.31494140625,7338.744101002936,7237.8359135590645,7293.250315465791,11099
2013-08-23,7318.3203125,7418.379228589492,7258.481961174605,7337.938971893944,2636
2013-08-26,7285.07275390625,7485.413617348794,7256.605750358789,7485.413617348794,18883
2013-08-27,7301.919921875,7364.752526753954,7266.436655644374,7284.44624838709,594
2013-08-28,7270.72705078125,7395.141498565132,7186.0413296078095,7395.141498565132,470
2013-08-29,7373.19970703125,7489.8826081804455,7159.1837340722395,7159.1837340722395,1215
2013-08-30,7375.16552734375,7417.485692433686,7334.364091108668,7362.965072209749,2038
2013-09-02,7383.47802734375,7454.086704356611,7333.515335868643,7396.035471916832,559
2013-09-03,7252.89697265625,7402.8282604887745,7239.6242409312645,7402.8282604887745,7355
2013-09-04,7295.8427734375,7427.318008623118,7275.375281611574,7427.318008623118,849
2013-09-05,7259.28759765625,7409.44277081634,7239.713885581162,7328.957985007508,1386
2013-09-06,7380.3046875,7422.803782835536,7292.624282046605,7292.624282046605,1141
2013-09-10,7388.34912109375,7458.599934918677,7284.312698572464,7329.001733533031,4472
2013-09-11,7469.59375,7488.095186246585,7329.046725884785,7329.046725884785,1016
2013-09-12,7435.1826171875,7519.242516377327,7396.03519759637,7467.537652678873,6755
2013-09-13,7390.5380859375,7443.405562716435,7329.090663694854,7329.090663694854,3702
2013-09-16,7340.57568359375,7485.4126578273335,7330.788611283557,7373.5556646194045,840
2013-09-17,7471.0244140625,7507.758454510385,7329.89608159996,7329.89608159996,1982
2013-09-18,7518.52734375,7547.93307627387,7417.485615814089,7418.111436835746,4635
2013-09-19,7575.4169921875,7614.966786797943,7451.851814675779,7547.977751077673,2191
2013-09-20,7750.1962890625,7861.427477401441,7442.154406006906,7463.113739054475,3357
2013-09-23,7704.791015625,7820.580115801576,7641.868513331681,7686.51302810212,1010
2013-09-24,7690.224609375,7749.035212900856,7607.862357487814,7607.862357487814,6746
2013-09-25,7699.2958984375,7722.266239944641,7607.862295649165,7664.528348441148,5438
2013-09-26,7859.4599609375,8025.25626761333,7598.118155890628,7641.958794008224,8631
2013-09-27,8091.97705078125,8178.092462165101,7753.546678610082,7853.650105469371,9936
2013-09-30,8087.50830078125,8133.403586170158,7927.834044981242,8098.546142229428,8787
2013-10-01,7942.224609375,8036.831823507805,7916.215939220381,7939.990157546158,1443
2013-10-03,7770.08251953125,8020.788006012933,7686.514024037355,8020.788006012933,2228
2013-10-04,7950.1796875,8023.469708227937,7688.301930508713,7688.301930508713,2732
2013-10-07,7927.298828125,8043.13245681199,7883.145712754945,7950.179264734154,2356
2013-10-08,7921.80126953125,8024.362598127274,7909.958676033234,7989.817627205659,2883
2013-10-09,7902.095703125,7954.605329906751,7866.165537126484,7892.0851826868375,1392
2013-10-10,7842.390625,7949.24194540516,7803.33222935218,7803.33222935218,3711
2013-10-11,7791.578125,7909.959558725097,7766.954640149276,7900.083456102506,1430
2013-10-14,7726.82470703125,7856.333905181562,7713.328964927972,7774.999845412333,893
2013-10-15,7673.912109375,7856.153471547941,7659.700647022815,7856.153471547941,2402
2013-10-17,7790.86083984375,7865.268063283334,7664.167459392567,7695.494290009943,2817
2013-10-18,7809.72021484375,7892.082443611989,7783.041213926749,7798.682373922583,2533
2013-10-21,7800.73876953125,7901.021135432118,7776.785622103491,7809.721090712574,1567
2013-10-22,7837.11572265625,7936.772266315505,7758.909914851903,7758.909914851903,3694
2013-10-23,7836.357421875,7935.879562810464,7777.680364407778,7777.680364407778,1112
2013-10-24,7790.193359375,7860.623111003799,7767.848839642969,7767.848839642969,882
2013-10-25,7812.177734375,7847.393036313343,7793.900620842335,7793.900620842335,6289
2013-10-28,7821.876953125,7833.987506534911,7785.72335076162,7790.951618503989,594
2013-10-29,7935.701171875,8039.200818896699,7775.893331761236,7790.193825244935,2178
2013-10-30,7863.52685546875,7954.603454948276,7825.049772160756,7954.603454948276,1003
2013-10-31,7861.16015625,7887.615719331282,7811.644349796647,7825.095576541801,5797
2013-11-01,7878.05078125,7999.29247821064,7803.599026041114,7909.95892572029,2837
2013-11-05,7838.99267578125,7923.365923182632,7820.581142453247,7923.365923182632,1334
2013-11-06,7796.0458984375,7846.232028907337,7755.334366149341,7776.293696055985,2273
2013-11-07,7786.169921875,7829.473767762753,7784.829250936262,7789.298154065387,1733
2013-11-08,7784.07080078125,7811.643587193337,7775.892357961331,7791.131144854924,354
2013-11-11,7827.77587890625,7847.394539822349,7782.327479480114,7802.7055048575285,725
2013-11-12,7890.876953125,7954.647853921968,7763.378793164743,7827.775514988667,3817
2013-11-13,7879.6142578125,7935.698990275653,7793.766806035025,7833.986932901032,7596
2013-11-14,7854.9921875,7919.702263477849,7833.988339698185,7919.702263477849,7199
2013-11-18,7819.46435546875,7842.881585741922,7776.875353495171,7790.193035835477,8324
2013-11-19,7816.1572265625,7856.24381717323,7777.7246540502165,7777.7246540502165,3125
2013-11-20,7757.16650390625,7865.269444300982,7735.67125459375,7865.224929836576,1072
2013-11-21,7709.8857421875,7776.873898765054,7690.981933682306,7776.784869839598,2198
2013-11-22,7678.42578125,7775.0431295872,7632.8874782272815,7722.265551742823,13493
2013-11-25,7651.0751953125,7730.667064177167,7642.718694977913,7686.513948872653,4346
2013-11-26,7597.4033203125,7685.619643126099,7583.728651229788,7685.619643126099,7519
2013-11-27,7658.13720703125,7671.275959130369,7615.056798650445,7650.719001086228,17772
2013-11-28,7586.09765625,7730.308814483911,7552.446465763562,7656.1250207965295,1243
2013-11-29,7771.77978515625,7815.932020862777,7588.196910071663,7588.196910071663,21132
2013-12-02,7945.75390625,8029.680252220929,7708.991953247147,7784.828886666767,3743
2013-12-03,7911.92724609375,7945.711988644242,7866.344421411989,7866.344421411989,1722
2013-12-04,7962.82568359375,8017.211883301162,7885.06677235103,7976.991756796307,1298
2013-12-05,7976.54638671875,8130.723567704686,7941.2420467248685,7955.542538874289,3852
2013-12-06,7936.2373046875,8044.026916231895,7892.084185591959,8013.638370103908,2425
2013-12-09,7928.81640625,8114.589220038305,7914.426888313373,8114.589220038305,1318
2013-12-10,7868.7109375,7945.665980163395,7847.394616745915,7865.270230907067,1004
2013-12-11,7960.9052734375,8044.026884578141,7867.102807589114,7927.790870662542,5226
2013-12-12,7946.60498046875,8017.169148197834,7869.8742490065215,7914.116397981125,1501
2013-12-13,7896.55322265625,7989.506424145356,7866.164676015581,7930.516892431116,2515
2013-12-16,7908.75244140625,8044.025792686871,7867.101739713409,8044.025792686871,1616
2013-12-17,7891.41162109375,7985.035130147131,7870.45229342651,7909.957566801221,1168
2013-12-18,8043.04248046875,8057.431998798898,7883.144784182617,7936.727104986297,24904
2013-12-19,8000.77001953125,8040.454246895031,7976.995792967781,8040.454246895031,1674
2013-12-20,8367.978515625,8589.233785768845,8009.170026459378,8009.170026459378,26734
2013-12-23,8496.146484375,8575.827397603654,8383.664511675068,8383.664511675068,8756
2013-12-24,8789.529296875,8846.642238353115,8375.619763144781,8375.619763144781,22735
2013-12-26,9473.49609375,10278.480198611833,8843.068094353519,8843.068094353519,104667
2013-12-27,9305.6865234375,9822.649614809503,9217.872572149508,9563.45321915029,35809
2013-12-30,9149.142578125,9608.143530057121,9071.87505396091,9428.49359056489,18017
2013-12-31,8998.7197265625,9373.973255312962,8856.474159696429,9205.986975355847,17791
2014-01-01,8946.6552734375,9235.435452186108,8902.055269890025,9076.342496559559,14920
2014-01-02,8936.064453125,9084.610988344113,8884.225169624106,8946.745307654237,14316
2014-01-03,8956.845703125,9096.633374788245,8915.463825049983,8982.497387644344,10989
2014-01-06,8875.28515625,9066.50967475518,8826.842077072712,9002.157476748242,11449
2014-01-07,8738.806640625,8936.019707139607,8705.468794079694,8822.509554828472,6112
2014-01-08,8817.01171875,9205.046938080935,8669.672327350721,8705.423553442888,20468
2014-01-09,8716.5517578125,9027.185065371692,8678.610592550409,8761.732197607793,6508
2014-01-10,8683.8837890625,8848.383943556477,8633.921101464437,8733.130753872569,9322
2014-01-13,8685.8505859375,8774.245853570988,8669.67350307004,8687.549118540288,5055
2014-01-14,8722.2275390625,8803.740519248902,8642.85998184131,8642.85998184131,5239
2014-01-15,8690.9013671875,8775.944962505278,8670.567853254757,8680.39944240905,3091
2014-01-16,8572.921875,8735.768909172471,8535.695556039293,8705.42487684729,3740
2014-01-17,8506.513671875,8623.598948724093,8473.130437562268,8615.1525461711,3637
2014-01-20,8512.9931640625,8616.045903675815,8482.872580060908,8508.792220227568,3936
2014-01-21,8541.3720703125,8697.023479667863,8459.635638049194,8459.635638049194,5132
2014-01-22,8536.72265625,8584.763367442089,8473.04078327444,8473.04078327444,2563
2014-01-23,8475.095703125,8571.311534918745,8464.14689065316,8536.722050747307,1844
2014-01-24,8346.4814453125,8516.835685502214,8336.694372775957,8437.28920885097,3380
2014-01-27,8273.7275390625,8392.600366403465,8176.30544748231,8313.053887957256,4929
2014-01-28,8131.39404296875,8343.443531764808,8102.1227225975335,8276.409973662787,4520
2014-01-29,8136.4443359375,8258.534441864851,8111.060612545835,8131.394125376184,3223
2014-01-30,7972.1669921875,8134.299180833115,7874.297993143305,8134.299180833115,4809
2014-01-31,8020.564453125,8088.536299916325,7972.523741119932,7985.930451446928,10026
2014-02-03,7994.24365234375,8106.547562051919,7914.518228248388,8003.807281730476,17731
2014-02-04,8039.87060546875,8077.990704941073,7909.959917982795,7981.462380518233,6569
2014-02-05,8235.0703125,8289.769855198378,8004.92182730464,8070.302221843641,8242
2014-02-06,8225.0625,8347.912848118372,8187.926081543084,8285.348190798428,4162
2014-02-07,8143.14599609375,8289.815043032031,8106.590020517576,8231.719304185985,2314
2014-02-10,8129.203125,8221.799325789436,8106.590648694214,8142.341875369822,2106
2014-02-11,8138.67724609375,8178.09262205717,8047.600652350028,8177.198841442738,2409
2014-02-12,8093.8544921875,8195.968936130013,8088.268362868982,8195.968936130013,2722
2014-02-13,8046.75439453125,8140.556879651133,8021.6840134902195,8140.556879651133,2408
2014-02-14,8001.212890625,8088.714359737972,7925.1525113587395,8088.714359737972,3912
2014-02-17,8031.11328125,8070.842019244657,7960.013180885152,8062.797990654048,1293
2014-02-18,8026.5537109375,8079.7336668878215,7964.480461736491,8026.151335023419,5565
2014-02-19,8019.759765625,8066.37077803504,7999.337225863003,8066.37077803504,1222
2014-02-20,8055.82421875,8078.8835857824415,7999.337105072779,8069.9457789611315,2202
2014-02-21,8119.72998046875,8311.267016531594,8033.748099590733,8035.088770687065,6067
2014-02-24,8309.0322265625,8356.849493719074,8146.855544976137,8204.012994956938,3814
2014-02-25,8468.7958984375,8508.792586277406,8312.16082482982,8347.912054183926,9012
2014-02-26,8487.119140625,8574.933105353053,8340.003168188283,8468.79663398963,7503
2014-02-28,8405.78515625,8508.79339562455,8142.343259888619,8271.941478624498,10036
2014-03-03,8282.4873046875,8481.979343259914,8232.614513252589,8481.979343259914,3055
2014-03-04,8255.6748046875,8303.224120612153,8204.908226826648,8303.179606136096,3993
2014-03-05,8234.669921875,8343.398698089833,8222.782812592912,8343.398698089833,3246
2014-03-06,8272.521484375,8329.14214121315,8234.98269588579,8234.98269588579,4141
2014-03-07,8327.890625,8399.482982114674,8268.36518005765,8280.878109743177,6820
2014-03-10,8666.9033203125,8798.378125822665,8258.534526879463,8327.802538333266,15940
2014-03-11,8407.9755859375,8619.62272166651,8356.85114553939,8579.402582463379,3978
2014-03-12,8453.64453125,8570.461825494494,8358.635831893263,8402.43107951546,4281
2014-03-13,8491.9453125,8557.280336118838,8459.634789290523,8459.634789290523,3146
2014-03-14,8588.4716796875,8662.07415849151,8401.581643885545,8491.943380753684,3673
2014-03-18,8537.4375,8616.045684729605,8490.916390553033,8589.232264548911,4363
2014-03-19,8768.6142578125,8826.084180746926,8518.623628020146,8580.294494700809,12872
2014-03-20,8712.3046875,8803.738261579128,8651.795570770148,8767.093259678139,8857
2014-03-21,8987.3671875,9134.438625042138,8669.672667603594,8735.767924002019,8700
2014-03-24,9032.7705078125,9384.696631493507,8982.495347286642,9238.786943389572,6137
2014-03-25,9294.11328125,9365.928213340485,8982.49628247656,9009.309704215297,7670
2014-03-26,9382.9970703125,9406.14633526492,9116.561442389033,9304.255354438219,10965
2014-03-27,9409.052734375,9458.836493192382,9290.939267490592,9383.803429974887,6243
2014-03-28,9583.2958984375,9617.080635396787,9407.042164270557,9407.042164270557,8742
2014-03-31,9735.373046875,9831.58890010782,9450.838275430917,9577.755150323217,22986
2014-04-01,9623.4248046875,9719.90859558107,9433.854287466067,9599.203699420708,6382
2014-04-02,9511.3017578125,9723.440258326795,9447.262021372757,9653.233958742077,8572
2014-04-03,9491.546875,9639.9144433271,9474.073640164132,9621.54742795914,3069
2014-04-04,9140.560546875,9563.453222378974,9036.301554837184,9503.033997882814,8377
2014-04-07,9267.2109375,9333.708579575516,9161.43232669051,9228.286957393975,4529
2014-04-09,9264.6650390625,9384.699641819376,9134.440984704192,9170.192221434932,7074
2014-04-10,9179.3056640625,9370.530197402724,9118.349652766057,9264.661711096333,14021
2014-04-11,9156.5146484375,9246.116157120581,9116.56247947562,9204.063952798942,3380
2014-04-15,9138.28125,9295.318683478765,9071.918037283818,9086.933377513675,3108
2014-04-16,9225.5146484375,9384.785658687842,8984.282906888096,9147.844762435303,6176
2014-04-17,9218.005859375,9424.916060222948,9116.561765222767,9314.981050701144,14674
2014-04-21,9127.4228515625,9295.319205580208,9028.078778419778,9130.416667750445,9269
2014-04-22,9246.65234375,9340.007908367152,9125.500549706088,9203.214952754206,4358
2014-04-23,9297.4638671875,9384.69650653423,9197.672911868298,9250.629413583742,2609
2014-04-24,9297.4638671875,9297.4638671875,9297.4638671875,9297.4638671875,0
2014-04-25,9575.921875,9616.18652084092,9197.003373868674,9295.31925055726,10490
2014-04-28,9434.662109375,9858.403283042418,9317.66584095351,9652.833676959031,9723
2014-04-29,9424.8291015625,9536.64072569883,9376.74299832509,9518.765110467904,2480
2014-04-30,9418.0810546875,9599.206088535886,9277.444990596137,9429.387731289908,2718
2014-05-02,9354.486328125,9536.236256965454,9286.38007447523,9536.236256965454,7613
2014-05-05,9364.7646484375,9436.713982751959,9205.93967004888,9259.566503078291,2606
2014-05-06,9380.7197265625,9496.151851565433,9359.268990047778,9384.429265551253,2995
2014-05-07,9376.8779296875,9449.944510957792,9340.903252059006,9340.903252059006,8867
2014-05-08,9336.56640625,9419.509069963655,9299.786986047679,9299.786986047679,3067
2014-05-09,9568.5478515625,9634.955580486703,9356.185041599103,9356.185041599103,8880
2014-05-12,9515.9462890625,9725.137463142019,9433.158740230134,9662.24973820715,6664
2014-05-13,9656.1875,9700.613370057834,9515.948196224803,9515.948196224803,5411
2014-05-14,9655.962890625,9846.916838007963,9612.839870644539,9680.21958936401,5274
2014-05-15,9661.3515625,9820.007961232755,9612.838173586573,9820.007961232755,10805
2014-05-16,9566.5263671875,9855.405464942127,9522.998899579448,9792.51773636,5400
2014-05-19,9863.5361328125,9882.357707732954,9576.90301494848,9657.758668920842,8259
2014-05-20,10214.3154296875,10330.65773569432,9792.518420651195,9882.35803918928,12110
2014-05-21,10334.880859375,10556.11093043145,10242.750501698489,10252.49774983236,9334
2014-05-22,11068.779296875,11140.067558052775,10381.192151791962,10590.293856500173,28130
2014-05-23,11542.9541015625,11625.246842650191,11231.973905604586,11408.73335817734,13896
2014-05-26,11180.8984375,11975.61922428357,10790.724335094983,11589.668636078322,11752
2014-05-27,10912.548828125,11337.804300147927,10681.930358047184,11186.829000706774,6568
2014-05-28,11092.0478515625,11229.95165792178,10780.708847266273,11104.176199353056,14764
2014-05-29,11158.3046875,11229.951779855477,10799.66477199054,10981.140792753004,13666
2014-05-30,11099.8642578125,11409.631074023502,10870.593385486958,11229.95184451132,10431
2014-06-02,11015.9091796875,11319.477594873417,10960.43321648113,11207.492161934597,13535
2014-06-03,10991.876953125,11176.048164844708,10960.43308770944,11050.272703182469,3410
2014-06-04,10829.8505859375,11095.102026824146,10784.34647384689,11050.271711789132,4348
2014-06-05,10814.9384765625,10960.433920341937,10771.770713516378,10960.433920341937,4785
2014-06-06,10706.5009765625,10957.199123373042,10601.97293574576,10861.609422351177,6775
2014-06-09,10753.48828125,10906.484976578757,10692.71142820359,10906.484976578757,13336
2014-06-10,10571.966796875,10870.594045388465,10529.203488591142,10722.358672042259,8434
2014-06-11,10760.181640625,10780.755266194032,10520.220347261009,10520.220347261009,6248
2014-06-12,10645.9482421875,10915.062598290193,10601.971580922884,10780.57253673933,8669
2014-06-13,10637.1455078125,10753.801896750612,10556.154744095213,10606.86938214229,4778
2014-06-16,10649.634765625,10707.087385994386,10559.75038890569,10610.060583033537,2871
2014-06-17,10714.6328125,10796.027157450228,10569.945402322453,10581.310465211682,27373
2014-06-18,10952.529296875,10996.370861442789,10690.916115291599,10690.916115291599,9159
2014-06-19,10745.35546875,11005.35163713802,10709.779336026311,11005.35163713802,4723
2014-06-20,10625.2421875,11068.240995228534,10592.091017349385,10744.953479108295,5113
2014-06-23,10634.451171875,10733.094901412762,10571.06861664997,10690.915023394467,2556
2014-06-24,10778.0576171875,10816.688648073477,10637.00943465033,10637.00943465033,12294
2014-06-25,10753.7587890625,10969.373897501773,10690.915793447279,10788.97609890894,4099
2014-06-26,11523.5029296875,11768.98968007533,10691.812685692863,10691.812685692863,27789
2014-06-27,11679.7802734375,11746.530939176428,11526.468602824949,11652.199333163922,14623
2014-06-30,12179.6015625,12281.030840541573,11587.513744974849,11759.736465404214,9486
2014-07-01,12074.8466796875,12307.126789750593,12020.53846608241,12273.79664912512,9851
2014-07-02,12520.095703125,12577.548322537763,12148.204375648791,12153.50526480649,6237
2014-07-03,12307.892578125,12666.487764963205,12164.284299425619,12586.530504797114,11011
2014-07-04,12208.1259765625,12433.578676009964,12173.268379843204,12299.043846498413,6968
2014-07-07,12180.9482421875,12397.866155573105,12129.245722202355,12306.814061953477,6020
2014-07-08,12030.1533203125,12298.504421748896,11499.470547022162,12298.45880007009,17778
2014-07-09,11748.9541015625,12113.972238196207,11590.29683403832,12028.624614150773,5207
2014-07-10,11679.958984375,11948.668924823565,11572.240933883635,11768.989692871331,4557
2014-07-11,11507.4228515625,11858.830907769303,11411.654158955502,11679.196395937,7110
2014-07-14,11682.880859375,11804.927648549705,11392.383882806633,11507.423356151143,5997
2014-07-15,11674.5234375,11836.28037419643,11589.355653726943,11836.28037419643,18066
2014-07-16,11794.3251953125,12123.856746758993,11670.166664720216,11670.166664720216,3302
2014-07-17,11903.3466796875,12126.284075436919,11676.007668413557,11679.152055505423,4189
2014-07-18,12021.7548828125,12101.398065112488,11783.365777432471,11784.30891807197,26447
2014-07-21,12023.8193359375,12341.356736171383,11957.652112119658,12128.347371421141,2435
2014-07-22,12032.130859375,12105.888836713131,11963.043840420933,12105.888836713131,8603
2014-07-23,11946.693359375,12155.301142025448,11903.7054501746,12083.429442737788,1548
2014-07-24,11827.8349609375,12034.016885173964,11768.990010883084,11958.50686137367,1865
2014-07-25,11910.576171875,12036.711339354153,11858.828905767637,12036.711339354153,4767
2014-07-28,11860.626953125,11993.589594320463,11770.113533527412,11770.113533527412,2543
2014-07-30,12001.8994140625,12259.514523966305,11786.958123584782,11786.958123584782,10317
2014-07-31,12043.2685546875,12193.031353693701,11966.635546065436,12038.507231026791,5822
2014-08-01,12128.2587890625,12550.594477042581,11994.756591986445,12039.407057039918,9922
2014-08-04,12162.66796875,12486.359953681413,12038.509434782958,12038.509434782958,5676
2014-08-05,12508.4609375,12604.499851093346,12264.007659820047,12396.97030971041,9001
2014-08-06,12332.82421875,12619.009050890554,12264.09690446484,12510.167992429713,18912
2014-08-07,12320.423828125,12478.721390854944,12299.042177163728,12332.282831696602,6650
2014-08-08,12245.544921875,12352.903270073015,12173.268770569915,12263.10839249294,5417
2014-08-11,12315.21484375,12622.466337517326,12128.348438183908,12263.10786527484,20880
2014-08-12,12183.9140625,12486.808689990463,12132.930078533027,12348.455676229865,5387
2014-08-13,12107.505859375,12308.028068781106,12003.78584153175,12200.220523653097,4004
2014-08-14,12245.0029296875,12285.745716554771,11948.667346470573,12107.503591066956,5929
2014-08-18,12307.623046875,12388.883155732123,12163.385717582103,12218.187883825733,11961
2014-08-19,12489.1884765625,12566.22594202685,12218.18694245077,12218.18694245077,11433
2014-08-20,12868.04296875,12936.636045601934,12417.497270654056,12488.695170103912,9648
2014-08-21,13063.4423828125,13139.04276442377,12757.224427679832,12936.903644971097,9391
2014-08-22,13253.587890625,13323.168841021223,13008.774963989154,13080.646648873073,6493
2014-08-25,13277.3984375,13474.14722008424,13217.205887576967,13217.205887576967,5475
2014-08-26,13240.607421875,13377.927802076072,13208.220415600219,13377.927802076072,3600
2014-08-27,13196.9912109375,13422.039462977382,13161.50456041624,13185.761258240898,3664
2014-08-28,13305.1591796875,13339.3877264061,13117.573337912834,13286.337602490748,3805
2014-09-01,13471.8994140625,13565.781811366325,13360.093838169036,13386.102582076706,5754
2014-09-02,13476.482421875,13605.312794918225,13408.564016386325,13471.900951941114,7861
2014-09-03,13328.4248046875,13565.781231908484,13285.571134864407,13475.941621101143,7823
2014-09-04,13226.32421875,13351.964578777648,13184.278573916929,13323.215899829936,5415
2014-09-05,13220.484375,13293.56855484296,13162.402709806325,13183.96421857947,9982
2014-09-08,13358.2060546875,13384.304284338332,13165.994045306636,13165.994045306636,9302
2014-09-09,13424.5517578125,13498.400085495294,13342.617866018594,13475.94018518665,9637
2014-09-10,13295.095703125,13564.883900078588,13242.35967197552,13493.910601972342,12251
2014-09-11,13346.5283203125,13430.977557528253,13318.722784293146,13342.081083948568,9415
2014-09-12,13329.591796875,13475.940865611501,13296.261654070015,13307.222261442024,6729
2014-09-15,13374.6025390625,13412.155320416363,13295.094484547339,13318.722126409846,3556
2014-09-16,13316.658203125,13790.382367890781,13280.453009900768,13280.453009900768,41869
2014-09-17,13220.1240234375,13386.147457458383,13161.59316298743,13318.723001475404,4962
2014-09-18,13419.3427734375,13466.957767545566,13161.503088361744,13161.503088361744,9516
2014-09-19,13320.5654296875,13519.964645157686,13273.310139694868,13386.103609067017,5146
2014-09-22,13466.779296875,13521.850808931482,13161.504441008225,13161.504441008225,17786
2014-09-23,13441.892578125,13602.615999018353,13371.054393196611,13556.797795732577,6103
2014-09-24,13182.572265625,13476.167976541123,13134.552811921882,13475.943377484831,8465
2014-09-25,13096.6845703125,13310.278264857774,13027.643173926517,13310.278264857774,11657
2014-09-26,13271.0625,13295.94824754138,13017.759543084618,13139.043017088512,5554
2014-09-29,13327.7080078125,13341.183951197549,13251.344328630561,13273.804234272307,4585
2014-09-30,13489.1943359375,13610.702421915325,13222.550519403892,13341.183562075417,23381
2014-10-01,13298.5087890625,13520.861832487122,13260.326953322918,13498.401929110898,2725
2014-10-07,13211.94921875,13394.188531344971,13165.995903605914,13206.42373135496,2181
2014-10-08,13209.927734375,13328.785371652528,13183.963734245153,13328.785371652528,3578
2014-10-09,13287.5498046875,13363.599397749802,13206.514287934315,13206.514287934315,3412
2014-10-10,13220.4384765625,13341.183274100467,13179.47196168713,13284.944024163837,2728
2014-10-13,13090.2158203125,13263.336051339806,13021.353406549686,13228.882910959303,6214
2014-10-14,13114.3837890625,13175.47473306256,13029.84505425727,13125.568997659937,20631
2014-10-15,13114.3837890625,13114.3837890625,13114.3837890625,13114.3837890625,0
2014-10-16,12901.912109375,13152.519895836414,12699.054430165415,13152.519895836414,3932
2014-10-17,12854.2509765625,13004.283120334232,12806.63598482656,12856.946164773968,2118
2014-10-20,13043.5009765625,13116.585160062845,12856.050249349268,12936.905911294862,2075
2014-10-21,13138.326171875,13206.379685518674,12852.725662690471,12896.477734058773,5406
2014-10-22,13386.146484375,13655.62056701913,12981.823499567528,12981.823499567528,9620
2014-10-27,13479.8056640625,13601.718201481697,13369.078334582142,13484.028301587767,3315
2014-10-28,13507.970703125,13608.905161729552,13387.585616534576,13387.585616534576,2401
2014-10-29,13472.1240234375,13538.7851930231,13306.145335253843,13507.386072212646,3128
2014-10-30,13394.5009765625,13550.821891356554,13343.158168021155,13475.896186186796,3098
2014-10-31,13386.77734375,13565.782788827744,13332.199773920776,13341.183736032583,5264
2014-11-03,13939.9189453125,14051.14021184359,13391.178759124252,13516.325165808703,9503
2014-11-05,13743.169921875,13926.397986290478,13610.701238315285,13926.397986290478,6983
2014-11-07,13649.51171875,13779.509809095229,13601.716871053477,13655.62063672476,7200
2014-11-10,13826.9482421875,13857.763060104338,13655.354547245526,13857.763060104338,6116
2014-11-11,13975.9892578125,14257.771562439148,13746.539406494221,14014.980001830514,27562
2014-11-12,14382.4248046875,14774.978323466863,14029.984149942571,14095.836416112616,21326
2014-11-13,14742.1865234375,14819.045018661838,14419.618427173047,14598.937954122757,7964
2014-11-14,14880.2255859375,15530.66442759736,14557.925952725518,14783.0198200366,26726
2014-11-17,15302.6064453125,15430.852497596612,14938.891109612965,15003.215923955719,11289
2014-11-18,15930.5888671875,16260.974128838345,15362.577768129044,15362.577768129044,24291
2014-11-19,16236.716796875,17249.209456094726,16080.395836179141,16080.395836179141,57672
2014-11-20,16991.23046875,17581.611821658535,16305.889349162104,16977.88963749121,60524
2014-11-21,16501.787109375,17433.37835195326,16331.046208802181,17069.52788905498,27633
2014-11-24,16490.283203125,16880.86086469641,16417.28852801821,16844.925024643835,14550
2014-11-25,15955.470703125,16490.06205753509,15901.612553438907,16490.06205753509,12158
2014-11-26,16136.2294921875,16296.90730394779,15910.59693235476,15928.564856614901,13354
2014-11-27,16147.6376953125,16291.202105560316,15991.451871648165,16161.248748262857,31861
2014-11-28,16997.521484375,17191.934778603987,16193.591972530505,16193.591972530505,53727
2014-12-01,16839.40234375,17279.75156809249,16738.917085198053,17068.628472610442,17302
2014-12-02,16710.884765625,16970.700183018835,16675.217392157287,16912.3044439031,14250
2014-12-03,17774.587890625,17873.59043913721,16659.85730602465,16659.85730602465,38192
2014-12-04,18437.201171875,19001.07990592954,17872.694262343368,17966.127468500184,98372
2014-12-05,18456.828125,18866.317761913862,18356.88156066605,18595.90054065976,43086
2014-12-08,18139.564453125,18821.401590741876,18037.236768480823,18484.502994248884,27230
2014-12-09,17988.18359375,18351.67434649727,17528.60831429718,18219.474994308173,33317
2014-12-10,17681.513671875,18146.568791604066,17460.82406054313,17990.38297127632,21631
2014-12-11,17693.28515625,17941.870685344606,17265.602939193028,17697.50691655918,22929
2014-12-12,17609.01171875,17909.66030680642,17491.72541294539,17698.402125424094,12655
2014-12-15,17492.935546875,17664.21330929914,17359.343033227477,17432.922003146457,22956
2014-12-16,17046.396484375,17466.575744068792,16889.805302919933,17318.026262537624,25362
2014-12-17,16720.63671875,17069.528547359605,16362.715306063019,16875.969779467003,27750
2014-12-18,17110.986328125,17249.20420988124,16642.7868743776,16674.23073621853,30325
2014-12-19,16771.796875,17276.156790265406,16665.33693846092,17244.7129271526,30250
2014-12-22,16732.134765625,17068.62977145507,16624.822039095536,16624.822039095536,30103
2014-12-23,16654.693359375,16800.008944766225,16575.499383386516,16701.230984420235,27882
2014-12-24,16550.029296875,16880.863679524544,16445.141546231866,16575.454609823657,42260
2014-12-26,16654.421875,16755.08786347263,16530.488830450206,16530.488830450206,13078
2014-12-29,17356.431640625,17414.513310459166,16709.946035194636,16710.1706342623,46124
2014-12-30,17666.337890625,17801.725532825287,17254.55647688962,17339.05136429614,44775
2014-12-31,17482.384765625,17718.168123380932,17339.044964063076,17599.579836580084,20438
2015-01-01,17477.48828125,17594.0551823159,17345.38017951664,17345.38017951664,10416
2015-01-02,17554.525390625,17732.49731426651,17442.360983958763,17442.360983958763,12616
2015-01-05,17730.794921875,17844.800008108185,17500.759848381836,17500.759848381836,14811
2015-01-06,17239.0546875,17653.48556187551,17150.38368326735,17553.4933616301,21643
2015-01-07,17210.30078125,17320.175306451827,16979.68324560089,17268.966737933348,13903
2015-01-08,17625.546875,17653.486647969905,17262.72989347891,17262.72989347891,16732
2015-01-09,17474.07421875,17720.862923472625,17394.025723169278,17662.55666613699,11213
2015-01-12,18261.0234375,18315.60099970789,17460.327926096183,17725.354771385526,32456
2015-01-13,18330.47265625,18672.266791798073,18157.48576448378,18327.282647838754,37481
2015-01-14,18853.697265625,18867.21883047493,18238.790680771715,18239.23987887729,36893
2015-01-15,19167.1015625,19286.003933825505,18812.41408504188,19135.8366767618,45461
2015-01-16,19263.0078125,19480.823270092733,19001.483274005703,19180.758938225412,17239
2015-01-19,19319.962890625,19476.77863485095,19140.329288752026,19140.329288752026,8870
2015-01-20,19343.0546875,19427.863640562366,19270.6443039934,19364.930284252292,12152
2015-01-21,19440.083984375,19656.911586427243,19046.00208556936,19495.20024796486,36699
2015-01-22,19474.890625,19629.95343022223,19342.826407414523,19533.825054156612,18159
2015-01-23,19615.80859375,19763.549157240464,19399.070495430056,19669.487770432348,19476
2015-01-27,20712.4765625,21089.399349922664,19446.771561920992,19586.831865514232,62349
2015-01-28,20926.16015625,21137.013006717974,20663.244202023594,20712.520874291058,25647
2015-01-29,21055.89453125,21550.731949726687,20865.12041455541,20995.522997545137,26404
2015-01-30,21403.66015625,21551.625300683503,21067.389774522828,21274.020889582116,24924
2015-02-02,22437.041015625,22585.141274939113,21383.536384374736,21403.660809739635,41833
2015-02-03,22037.97265625,23268.28237300661,21921.046041037887,22540.760435554203,47303
2015-02-04,21161.185546875,22280.227594813965,21022.47281123576,22228.12061092287,31880
2015-02-05,21228.60546875,21525.616629386608,20936.402131093186,21202.148404921758,25717
2015-02-06,20698.958984375,21363.861661863943,20447.54315843664,21291.98996577693,26572
2015-02-09,20086.970703125,20887.711949540055,20016.3132447258,20601.03406894497,26755
2015-02-10,20676.451171875,20939.09692129135,19764.714238930148,20087.23843946542,47486
2015-02-11,21299.26953125,21520.00656079412,20708.035261551486,20788.890930685528,48419
2015-02-12,22784.498046875,23237.109035342848,22032.27014738406,22032.27014738406,187847
2015-02-13,22411.794921875,23896.61922421653,22082.623961754012,23087.883676221456,160312
2015-02-16,23002.623046875,23245.998899330923,22208.530389576954,22393.421007332276,52493
2015-02-18,24362.439453125,24391.45835407024,22145.46771373228,23358.30265951478,100841
2015-02-19,23539.640625,24615.06642968893,23309.11252567675,24435.47668979416,111134
2015-02-20,23860.638671875,24077.01703560412,22909.102030145714,23604.90985455151,51765
2015-02-23,23464.494140625,24077.021455495516,23314.328598985445,24077.021455495516,53236
2015-02-24,23820.166015625,23942.25840850155,23287.32758749601,23554.15125531308,66444
2015-02-25,23614.8359375,23894.64069658042,23475.988120552804,23894.64069658042,49608
2015-02-26,23387.857421875,23623.3267012258,23152.56711988173,23623.3267012258,101052
2015-02-27,23887.7265625,24286.254762213102,22981.872980511867,23672.73965194823,839405
2015-03-02,23270.662109375,23533.488621370416,23022.301180043454,23259.477778479864,70096
2015-03-03,23588.294921875,23786.30183134175,22955.46417244072,23268.46581644434,49786
2015-03-04,23461.708984375,23803.010091443895,23314.461479108402,23627.82281203904,25358
2015-03-05,23993.287109375,24166.856544469232,23487.6690519927,23627.81885202754,93844
2015-03-09,23639.36328125,24216.26873202917,23479.58387355156,23897.3380920785,50051
2015-03-10,23857.08984375,24044.675670415883,23607.20234681679,23677.23162807542,41472
2015-03-11,23752.15625,24098.577441770045,23584.694862859647,23972.801985393377,54289
2015-03-12,24516.916015625,24610.66329976716,23681.721712121718,23681.721712121718,26685
2015-03-13,23910.3671875,24749.065715289926,23830.588897987727,24655.586882855212,43832
2015-03-16,23558.73046875,24083.25868190727,23448.138259542313,24076.117134769134,44890
2015-03-17,23899.58203125,23977.293293187904,23659.306698378678,23659.306698378678,31973
2015-03-18,24540.859375,24696.639863163797,23810.28257536731,23976.396373902775,51794
2015-03-19,24847.75390625,25108.33268483614,24670.859334312325,24683.436881768,49526
2015-03-20,24586.904296875,25146.110324969995,24127.374628021047,24996.97655169579,294706
2015-03-23,24169.416015625,24840.607414539223,24095.073735742648,24773.273326354618,38060
2015-03-24,23661.23828125,24345.63716733832,23546.962993318473,24345.63716733832,31885
2015-03-25,23153.197265625,23737.739119742884,23043.863147029468,23654.772579387365,35335
2015-03-26,22962.109375,23178.577245994886,22758.219051297652,23178.577245994886,37290
2015-03-27,22650.58984375,23052.846746745134,22165.231291336553,22962.108729542437,37390
2015-03-30,22907.98046875,23032.36272274436,22729.4242211628,22943.2425201603,15688
2015-03-31,22838.4453125,23266.66623887663,22693.489427524277,23266.66623887663,29465
2015-04-01,22972.619140625,23095.969641461274,22640.482765460772,22898.32247633285,16121
2015-04-06,22768.771484375,22963.004016792198,22612.629542357576,22954.02005590926,16783
2015-04-07,22721.921875,22998.941983462457,22504.824089286507,22998.941983462457,22236
2015-04-08,23199.822265625,23349.361356294725,22715.85696571794,22909.101624959545,26541
2015-04-09,23082.041015625,23447.193396201288,22967.49551676377,23358.297806996205,19940
2015-04-10,23420.380859375,23501.99980611157,22985.60270479516,23084.291179938773,19246
2015-04-13,23754.12890625,23879.36565947831,23313.511290300536,23448.135579848902,22720
2015-04-15,23663.98046875,24074.277310753907,23493.06059197663,24074.277310753907,16172
2015-04-16,23573.513671875,23798.29170839955,23129.300599881448,23717.660646164954,16311
2015-04-17,22976.080078125,23624.181716742485,22870.651876458604,23403.221865150674,13387
2015-04-20,22169.005859375,23165.058880251763,21884.933653965334,23165.058880251763,23979
2015-04-21,21816.69921875,22405.10311551901,21741.098826626647,22405.10311551901,25005
2015-04-22,21222.091796875,22005.988021170004,20806.899440160705,21822.041418435354,36581
2015-04-23,21310.41015625,21606.431747130646,21083.519461124735,21395.30860947677,16777
2015-04-24,19727.33984375,21399.793551389474,19279.62453069204,21381.825630691415,48109
2015-04-27,18803.791015625,19854.554795399374,18357.737329836957,19787.175084555256,68844
2015-04-28,19515.412109375,19674.877440226148,18530.94881850752,18956.1604561083,35316
2015-04-29,19424.447265625,19742.25489562858,19180.757316116957,19495.195960643465,26659
2015-04-30,20217.326171875,20528.350189282264,19562.574414512965,19764.713530162353,51345
2015-05-04,20405.31640625,20725.99819487041,20056.69309494937,20465.463323760207,26605
2015-05-05,20233.681640625,20618.195260294102,20133.959650477173,20618.195260294102,32148
2015-05-06,19524.302734375,20298.360422752285,19405.3547460144,20124.071588459377,21560
2015-05-07,18808.95703125,19719.7956230201,17786.626072782972,19674.87581522279,25196
2015-05-08,19413.22265625,19674.880600306587,18866.323863307687,18866.323863307687,28261
2015-05-11,19867.177734375,19989.313986953643,19531.177580167332,19719.79514668011,29896
2015-05-12,19304.33203125,19903.965812871662,19167.684579203764,19903.965812871662,12424
2015-05-13,20286.09765625,20385.775754537597,19288.699026066508,19288.699026066508,35527
2015-05-14,20478.173828125,20609.204535668887,19989.31128677562,20392.69109656269,27743
2015-05-15,20545.109375,20792.48242694416,20453.787046933878,20555.305821313617,24846
2015-05-18,20648.560546875,20796.97490632414,20359.096220715226,20663.113864333456,16022
2015-05-19,20829.18359375,21075.479296108897,20492.420083730933,20654.131421524515,21741
2015-05-20,20893.28125,21045.694518056403,20797.872274311267,21020.674534528513,13008
2015-05-21,21001.359375,21157.231120195494,20843.152150553164,20968.56791275426,20691
2015-05-22,20794.322265625,21022.469258980298,20654.08122720897,20931.01183187054,10461
2015-05-25,21078.708984375,21361.524791936718,20308.423780775804,20308.423780775804,16485
2015-05-26,20785.068359375,21197.477806603023,20708.07651255509,21197.477806603023,13637
2015-05-27,20693.609375,20888.1577450811,20528.35012043195,20731.252521123977,25168
2015-05-28,20748.056640625,21026.110264230745,20537.426598949856,20922.749079658097,93071
2015-05-29,21264.005859375,21471.670504753452,20151.92640552823,20928.63559003146,121011
2015-06-01,20961.609375,21435.738074446315,20812.250973705923,21381.834290520634,22837
2015-06-02,20433.2109375,21112.308918719387,20286.682880578832,21022.469306299306,21635
2015-06-03,19507.37109375,20660.506458823667,19328.993830177693,20660.506458823667,25922
2015-06-04,19929.796875,20016.22188831926,19499.689690511073,19719.796761424466,20950
2015-06-05,19744.369140625,19984.825255991986,19477.231357604236,19944.39742337703,21029
2015-06-08,19243.91796875,19766.065169358724,18980.912465564772,19665.893987103722,14957
2015-06-09,18679.2734375,19134.04085857913,18524.973901512538,19048.693225864088,27494
2015-06-10,19088.35546875,19162.78722854471,18704.605255429015,18704.605255429015,20152
2015-06-11,18356.1640625,19306.3530401608,18193.508748167853,19270.417196480004,36148
2015-06-12,18222.9765625,18435.087525638264,17631.068657282616,18326.83079820944,31912
2015-06-15,18272.83984375,18442.547235217815,18112.565612290568,18349.74220678711,18007
2015-06-16,18243.150390625,18363.221413868487,17878.087384343587,18272.843091896775,23702
2015-06-17,18730.0390625,19028.036457557526,18114.007575369338,18283.26581434151,35862
2015-06-18,18952.56640625,19001.079801487842,18468.509827449278,18731.560939055387,33109
2015-06-19,18963.5703125,19092.219937810514,18731.513887784164,19001.078351325905,31099
2015-06-22,19535.98046875,19638.936298040757,18417.117754338313,19126.85058487135,28398
2015-06-23,19821.265625,19964.156212824986,19535.98102370907,19674.872696465987,32494
2015-06-24,19756.314453125,20071.965570417753,19585.124375214953,19944.39332482652,26969
2015-06-25,19687.5,19914.61350714626,19566.349868368914,19719.796641602483,29926
2015-06-26,19589.52734375,19809.634392556178,19498.61035852325,19688.350916683386,15572
2015-06-29,19493.671875,19629.95788300675,18866.36669917348,19308.332028447647,18876
2015-06-30,19632.0234375,19822.21320588203,19496.18488302731,19710.8120801782,25525
2015-07-01,19800.068359375,19977.63672300618,19381.10163355724,19674.877197186463,22630
2015-07-02,20676.451171875,20815.748189326325,19683.94807844509,19683.94807844509,46739
2015-07-03,20652.6015625,21112.310184953112,20403.1158910383,20784.39557995278,37195
2015-07-06,20846.5625,20928.137569388622,20149.991420825423,20214.8110516769,16953
2015-07-07,20597.98046875,20914.665153745504,20443.00711226284,20798.772034981193,21211
2015-07-08,20328.55078125,20552.700647231388,20213.915769864496,20501.40257192479,18203
2015-07-09,20526.244140625,20708.034277150182,20349.035474196895,20349.035474196895,16725
2015-07-10,20728.29296875,20797.87305600049,20447.498520715817,20574.17239116489,19807
2015-07-13,21109.84375,21202.153975465215,20601.979588707065,20752.057401664024,22801
2015-07-14,21152.01953125,21309.958288226182,20868.08245939559,21111.412724073652,17659
2015-07-15,21066.849609375,21247.06751396978,21021.570095533993,21164.415073746306,13060
2015-07-16,21306.224609375,21390.808944440258,21000.0066810706,21000.0066810706,15503
2015-07-17,21344.365234375,21413.271514889944,21233.72740128845,21261.442570647592,10971
2015-07-20,21436.541015625,21543.53964600004,21305.510288272042,21453.38594341326,10767
2015-07-21,21137.46484375,21644.114656100748,20941.614480950888,21449.162689461264,11500
2015-07-22,21438.296875,21495.166065522986,21022.428855873168,21094.21107479032,11510
2015-07-23,21224.923828125,21516.588498731708,21157.67922502635,21516.588498731708,14114
2015-07-24,20892.29296875,21273.12346611475,20757.84762745527,21224.924159396942,17305
2015-07-27,20751.06640625,21173.402118445392,20438.514010295006,20913.31641268801,14799
2015-07-28,20665.271484375,20941.61783641976,20532.758029597142,20794.50544170874,19211
2015-07-29,21626.37109375,21740.288427408235,20622.773105818367,20663.11144387741,30550
2015-07-30,21649.369140625,21974.767489642225,21410.304546816005,21757.35564448714,29941
2015-07-31,22163.162109375,22377.296228800962,21741.186152737027,21830.127368816407,19232
2015-08-03,22737.646484375,22854.752088142835,22163.165932254262,22163.165932254262,18788
2015-08-04,23327.259765625,23445.39886013235,22305.020050513947,22908.20358055439,34570
2015-08-05,23627.326171875,23829.96014464716,23183.114855141186,23358.302121049055,26942
2015-08-06,23715.546875,23986.27819696015,23449.26191199693,23479.582781285946,17831
2015-08-07,23391.001953125,23807.49805879494,23250.671421193092,23807.49805879494,14809
2015-08-10,23382.87109375,23672.559990204747,23187.829637101237,23421.188041155325,10858
2015-08-11,23879.681640625,24005.097381125826,22805.738627056227,23310.682840332516,74201
2015-08-12,22901.2890625,23843.436509360654,22747.393082781153,23819.179810575697,25847
2015-08-13,22405.193359375,23244.476181139176,22235.217492325537,23061.606924277807,26135
2015-08-14,22807.8984375,22909.955894975115,22246.132345946426,22680.01208925182,19945
2015-08-17,22664.2890625,22916.424295029126,22551.585966417755,22819.262399663065,11517
2015-08-18,22813.2421875,22886.19124830691,22432.95041984037,22664.73661160324,15470
2015-08-19,22813.333984375,23078.899545134336,22549.78981502742,22774.34323909671,24952
2015-08-20,22373.84765625,22881.299413770874,22309.98286549512,22881.299413770874,21663
2015-08-21,21744.03125,22229.75754535773,21445.43803857712,22229.75754535773,40591
2015-08-24,20334.177734375,21273.36091431267,19426.1848733891,21264.70769588594,52354
2015-08-25,20642.14453125,20885.75153829463,19472.1097666101,20480.11544885861,37314
2015-08-26,20465.064453125,20843.387043544913,20317.908680307515,20660.400079490093,26435
2015-08-27,20843.205078125,21228.288226566143,20562.41476888613,20723.496659395143,59549
2015-08-28,21336.7265625,21483.2062417592,20986.030970788983,21062.425757356472,38769
2015-08-31,20922.2109375,21480.861918629693,20827.15759419375,21362.59717917324,30180
2015-09-01,20519.103515625,20955.162352815805,20151.687677478254,20742.518528466877,29147
2015-09-02,20216.498046875,20901.97727265206,20120.677082852544,20901.97727265206,30029
2015-09-03,19973.296875,20450.37001514707,19876.169561158058,20450.37001514707,24445
2015-09-04,19668.572265625,19973.34159120019,19452.549919759553,19966.30986137634,21051
2015-09-07,19070.123046875,19696.01911317122,18839.540786039586,19695.883549041384,19643
2015-09-08,19514.56640625,19681.192349078654,18696.264240794997,19021.718547119566,26837
2015-09-09,19501.71484375,20047.340990929602,19357.84964044592,19740.04886035507,39010
2015-09-10,19821.04296875,20095.208196519347,18938.69484631371,19200.10472282161,26238
2015-09-11,19769.4375,20231.998131976205,19652.16397038413,20051.940807797397,17816
2015-09-14,20104.677734375,20181.973948678704,19691.37960891438,19921.24007127525,17317
2015-09-15,19930.25,20146.589213025778,19718.417853912255,20104.673490502035,19079
2015-09-16,19598.26171875,20101.521593639813,19452.593645325098,19965.408151458665,17136
2015-09-18,19722.43359375,20159.168494187215,19481.35122445631,19740.056934312823,38084
2015-09-21,19466.25,19668.707121172298,19290.24901309316,19506.498465125613,25197
2015-09-22,18847.296875,19740.05729587753,18777.347528673676,19650.817345546835,44348
2015-09-23,18268.13671875,18659.260408608396,17960.75469945843,18659.260408608396,77304
2015-09-24,18304.775390625,18590.569195059656,18118.40818208539,18299.771842345548,34790
2015-09-28,18111.3359375,18538.3805909381,18029.1717433571,18416.328848690424,17748
2015-09-29,17630.294921875,18368.957467574444,17201.493248910916,17938.127614352456,80365
2015-09-30,17475.5234375,17649.63004149999,17298.124561632925,17576.66132502764,58092
2015-10-01,17403.05078125,17711.874709012565,17317.641848038184,17600.099429664122,34727
2015-10-05,18250.107421875,18321.2292987953,17487.42181533229,17487.42181533229,49926
2015-10-06,18666.92578125,18883.58021395906,18438.417406160213,18523.872129949876,42363
2015-10-07,19311.703125,19362.361859154527,18614.23443372808,18834.133551451338,45607
2015-10-08,19260.6796875,19379.440902896044,18959.42803358609,19308.275019227596,25426
2015-10-09,19174.328125,19524.120589170332,19110.868260337455,19280.062875784814,25626
2015-10-12,19024.376953125,19245.177477140485,18957.580806912076,19193.796909637113,10593
2015-10-13,19133.810546875,19218.138495770403,18780.681759083345,19061.292524932505,15991
2015-10-14,19097.3046875,19227.154033951232,18929.687515845093,19153.05853276151,12406
2015-10-15,19049.796875,19245.178251392947,18997.379327788465,19105.90986545195,14206
2015-10-16,18974.751953125,19181.626327150756,18875.59647973575,19146.020498070073,20251
2015-10-19,19049.076171875,19168.5592427929,18862.980047716163,19029.74155535391,12285
2015-10-20,19436.8203125,19497.575940545925,18922.202942148717,19109.968097067667,21002
2015-10-21,19599.61328125,19736.448554585764,19439.88351350521,19439.88351350521,16995
2015-10-23,19599.83984375,19876.0790838196,19538.13879018519,19740.956839910294,18613
2015-10-26,19400.130859375,19802.251055134337,19335.815360579956,19655.230870691597,23701
2015-10-27,19492.48046875,19632.785830715464,19344.604641919974,19380.39005327743,16184
2015-10-28,19058.359375,19608.175809070213,18940.49956545388,19447.99534193163,20813
2015-10-29,18990.484375,19206.418697238612,18929.684734688642,19055.92840782718,20537
2015-10-30,18440.666015625,19153.187586945074,18387.753749299845,18990.48245602388,25832
2015-11-02,18498.58203125,18601.34316768147,18132.83351276694,18443.0993274825,11538
2015-11-03,18659.349609375,18830.52838853527,18569.118468349763,18598.053490159087,9950
2015-11-04,18266.376953125,18785.501289444324,18182.589520098005,18678.141543568294,12448
2015-11-05,17931.45703125,18332.31665300929,17884.493742127524,18257.22820760822,22513
2015-11-06,17456.09765625,18195.12115683421,17372.942261468674,17938.128521933617,45837
2015-11-09,17413.41796875,17595.142596654558,17097.021798180787,17127.75964953166,20624
2015-11-10,17219.43359375,17412.60724055072,17135.87325375934,17397.28320870885,15849
2015-11-13,17114.9609375,17359.874315442412,16914.171052318663,17253.056800766815,24145
2015-11-16,17268.919921875,17376.052570478776,16932.19794567063,17207.984717838495,18399
2015-11-17,17486.43359375,17668.608940161215,17313.406187420474,17433.339977690826,16827
2015-11-18,17248.99609375,17660.491310326357,17191.0802828737,17574.85703743533,26770
2015-11-19,17307.142578125,17473.228047917684,17200.009914853774,17329.6779200236,22297
2015-11-20,17171.65625,17505.404602325936,16675.112969761532,17126.856702748955,61157
2015-11-23,17139.521484375,17307.138614803156,17036.714573946858,17217.898681320577,13627
2015-11-24,16618.232421875,16855.529504177513,16487.030994648117,16810.458833274854,60582
2015-11-26,16628.42578125,16811.367003744883,16327.082450245582,16586.059333573,38416
2015-11-27,17003.453125,17126.856988786494,16576.72360980684,16721.22090220997,36665
2015-11-30,16875.900390625,17179.046414687087,16721.218206660735,17035.631897977983,43408
2015-12-01,16849.267578125,17036.715818576788,16784.320028671948,16991.645141808065,33294
2015-12-02,16760.701171875,16844.57663235476,16622.063086802496,16768.227621646227,31061
2015-12-03,16670.42578125,16793.24336808222,16568.881200462703,16759.98085850623,18003
2015-12-04,16564.689453125,16714.63923523732,16513.308884138307,16670.29039570967,13001
2015-12-07,16672.58984375,16829.390017590325,16586.00837298672,16631.07904791331,12853
2015-12-08,16684.533203125,16793.333105759117,16591.191133189797,16676.149353545017,8937
2015-12-09,16533.775390625,16708.558093630887,16504.974167384,16684.536827667187,13726
2015-12-10,16760.384765625,16901.501741729855,16523.223245299665,16586.007042550897,13044
2015-12-11,16425.515625,16922.96221283251,16283.00246282834,16922.96221283251,14380
2015-12-14,16416.49609375,16631.078271284372,16229.949283169382,16539.899948051017,16082
2015-12-15,16982.9921875,17036.71608292726,16338.39171046645,16387.698327387174,27036
2015-12-16,16872.83984375,17227.817234188235,16802.66514502326,17036.717545320094,19315
2015-12-17,16533.23046875,17108.82878197457,16405.726229290685,17036.71569964802,27310
2015-12-18,16419.744140625,16675.24910474202,16365.162846456098,16496.76922351931,34004
2015-12-21,16484.51171875,16585.920750583202,16428.26315697849,16585.920750583202,11981
2015-12-22,16257.890625,16676.146405106454,16111.00602886634,16567.97680680306,46292
2015-12-23,16421.40625,16494.961219790188,16340.504410037369,16494.961219790188,9022
2015-12-24,16410.45703125,16540.936626711387,16351.63980428036,16414.7387450907,6130
2015-12-28,16595.65234375,16631.078597512187,16450.79590268821,16450.79590268821,12711
2015-12-29,16720.99609375,16788.602110382635,16559.371939090903,16621.164542522474,8684
2015-12-30,16742.900390625,16855.531305014956,16545.129913459794,16698.685353516343,11524
2015-12-31,16809.51171875,16892.533303375632,16721.218978293316,16748.261380953627,21369
2016-01-01,17306.328125,17397.281102151293,16739.249226266817,16811.362308555526,19323
2016-01-04,16960.681640625,17505.450549030775,16892.48935575884,17306.238161217396,21211
2016-01-05,16795.765625,17154.66374093751,16741.050533011625,17036.668368643514,18359
2016-01-06,16876.0390625,17034.101575748315,16739.15976759232,16768.140565224065,14987
2016-01-07,16502.1328125,16874.462399972344,16360.656653819342,16874.462399972344,21853
2016-01-08,16427.0,16676.151063133602,16360.656313290534,16587.541404876898,13280
2016-01-11,16323.1552734375,16486.851599865004,16191.999619649618,16387.69612277451,10744
2016-01-12,16344.298828125,16459.318872461718,16243.476050591658,16405.730528344517,17092
2016-01-13,16227.111328125,16498.751952067803,16060.48538382612,16468.825726132527,26593
2016-01-14,16270.919921875,16397.29916113302,15894.354401815663,16162.34536125421,18408
2016-01-15,16106.0068359375,16403.112394169824,16047.41495434601,16234.458268657303,64885
2016-01-18,16084.8251953125,16309.277194507344,15955.067404425055,16106.459122945736,13944
2016-01-19,16235.26953125,16306.570990375727,15995.898460713634,16084.823258831646,34476
2016-01-20,16134.21875,16401.216692895585,15924.909503708923,16225.441081182771,17630
2016-01-21,15752.7392578125,16322.65786537827,15644.750991599749,16225.440784790668,20116
2016-01-22,15597.9716796875,16006.627197137183,15532.168484632466,15864.879903679592,31882
2016-01-25,15761.98046875,15839.72738101332,15539.241551064448,15684.640248894579,7935
2016-01-27,15579.8525390625,15887.278580247366,15540.415695441656,15810.793991076815,10885
2016-01-28,15284.4140625,15727.773968833813,15193.325518245814,15612.482822664935,16747
2016-01-29,15771.08203125,15936.942085909974,15315.914069171815,15315.914069171815,16908
2016-02-01,15493.85546875,16035.154251506949,15473.663455130361,15909.947569792083,12459
2016-02-02,15335.5693359375,15603.46874205705,15286.035604412891,15549.383928393074,13295
2016-02-03,15093.673828125,15290.453115730515,15013.088862997687,15233.889413912586,9577
2016-02-04,15304.96484375,15429.495475701558,15062.620167025358,15143.79316006621,12855
2016-02-05,14502.931640625,15909.948329729745,14332.474699303282,15558.397063520419,107805
2016-02-08,14778.9013671875,14940.930462245638,14557.829681162417,14675.013449493756,30932
2016-02-09,14742.03125,14829.288779421646,14512.982435984693,14754.335896162946,11931
2016-02-10,14768.580078125,14788.591636257495,14575.902919631153,14697.54886195163,13816
2016-02-11,14647.9697265625,14827.35101736779,14512.89326246021,14827.35101736779,21390
2016-02-12,14376.013671875,14828.207255101403,14184.688644177775,14647.9703183976,17733
2016-02-15,14825.6826171875,15143.746001782936,14373.66866538054,14557.827257666333,16414
2016-02-16,14610.201171875,14907.262722979123,14557.78450009021,14825.549229401244,13556
2016-02-17,14549.580078125,14718.279970692565,14288.12526241975,14629.941445635739,11680
2016-02-18,14765.5126953125,14814.368598309058,14604.069024075283,14702.954252026855,9942
2016-02-19,15147.353515625,15233.889217689984,14648.015296245807,14823.746046444485,11596
2016-02-22,15607.705078125,15762.973567963723,15224.875433242572,15233.889569082266,31902
2016-02-23,15187.103515625,15729.664620465006,15098.675208755809,15639.794404197964,14972
2016-02-24,14891.53125,15323.128756912407,14873.323400732672,15143.747462564175,10987
2016-02-25,14724.6796875,15088.671172318132,14522.673269109571,14961.66165481228,21483
2016-02-26,15063.65625,15124.81680259099,14828.25176724607,14837.265902058985,12944
2016-02-29,15086.5068359375,15528.829730094647,14762.358897895712,15080.64764826782,24574
2016-03-01,15346.517578125,15448.783986151702,15089.97567295498,15260.883303908415,10614
2016-03-02,15212.119140625,15540.369229095524,15125.719006045412,15423.18547040745,13565
2016-03-03,15583.5029296875,15662.061477934682,15198.734882270888,15504.314096142534,12129
2016-03-04,15556.7314453125,15711.639020082563,15381.586078914335,15711.639020082563,11294
2016-03-08,15721.7783203125,15819.807039144807,15446.08135146291,15505.21372537492,13039
2016-03-09,16165.0048828125,16224.543957417332,15503.909533764223,15721.826279233728,20095
2016-03-10,16115.5595703125,16339.921731830374,15956.821012680603,16339.921731830374,7613
2016-03-11,16240.1337890625,16443.58207476172,16091.129460397518,16171.175668860807,26563
2016-03-14,16217.328125,16602.817909200436,16000.087500347396,16360.6528524679,17159
2016-03-15,16341.3212890625,16411.631545846245,16062.423585038972,16225.44387317226,13525
2016-03-16,16254.6943359375,16495.868239482337,16144.316949132715,16450.797561232386,27771
2016-03-17,16410.90625,16494.963045672383,16317.430388961346,16403.920296472268,21391
2016-03-18,16923.228515625,16991.646159171043,16227.382999558766,16446.290937616744,43610
2016-03-21,17443.0234375,17559.53110667545,16887.166573222625,16887.166573222625,29607
2016-03-22,18183.853515625,18397.849431435025,17423.150315142495,17460.379396712222,38670
2016-03-23,18224.328125,18518.278726344593,17970.1295083931,18163.482711450477,35765
2016-03-28,18431.248046875,18605.310645741774,18028.270427905918,18163.482456115213,25311
2016-03-29,18557.583984375,18650.25001978057,18344.670766194027,18344.670766194027,14726
2016-03-30,18689.18359375,18781.985159589563,18456.800275659632,18641.04952666621,14843
2016-03-31,18735.4296875,18929.684305010946,18412.272934007313,18658.358829972454,36807
2016-04-01,17927.806640625,18771.934536476605,17779.432582720954,18771.934536476605,34323
2016-04-04,18102.275390625,18309.73605626221,17862.138486164444,18154.467583508518,17053
2016-04-05,17860.697265625,18177.003621750177,17761.091071714593,17853.125039946113,14650
2016-04-06,17341.345703125,18027.36709476204,17262.067096589482,17902.07062863014,20565
2016-04-07,17051.271484375,17530.73362523887,17027.788961012637,17396.37725337837,17122
2016-04-08,17120.861328125,17211.54317188587,16991.64405818443,17036.714732078817,10588
2016-04-11,18014.119140625,18117.51056845207,17120.862345298603,17120.862345298603,26965
2016-04-12,18003.482421875,18204.046940030825,17878.050372226022,18095.877312261393,16966
2016-04-13,18054.45703125,18253.623642767332,17983.19958880041,18208.552967106178,15074
2016-04-18,18082.943359375,18253.62567499165,17788.675828877786,18234.967117419932,13785
2016-04-20,18017.5,18297.793842063063,17953.95034406299,18101.150121967403,12408
2016-04-21,17841.5390625,18198.63431702125,17685.68434051008,18016.54881838148,10187
2016-04-22,17837.16796875,18076.132303744536,17801.24699766091,17835.365141989463,8063
2016-04-25,17888.685546875,18117.508999906207,17712.77435932917,17866.014646407337,7489
2016-04-26,18353.724609375,18388.833958217943,17847.9859006233,17893.05657208952,16945
2016-04-27,18233.251953125,18351.06599445133,18136.754932815125,18317.623905402143,8928
2016-04-28,17982.208984375,18325.737333579928,17890.534170685944,18163.48289580106,13957
2016-04-29,17725.39453125,18118.185452069374,17618.036538741373,17981.395957555687,10962
2016-05-02,17671.71484375,17892.878050152234,17577.65269896054,17721.789066934944,7944
2016-05-03,17520.14453125,17941.68916091107,17442.35183923124,17663.198154508325,16606
2016-05-04,17383.623046875,17609.022187229897,17353.246117441267,17489.223986040695,9087
2016-05-05,17211.994140625,17554.1263355945,17160.56955727264,17554.1263355945,7940
2016-05-06,17242.193359375,17373.799743398704,17094.40730565446,17216.99955378613,6241
2016-05-09,18002.12890625,18073.340572345525,17173.053844334052,17307.139101697463,15229
2016-05-10,17754.9609375,18073.339460068568,17730.8023530947,18028.26878809832,10914
2016-05-11,18069.82421875,18118.410756924248,17375.691832140204,17666.397676374436,20076
2016-05-12,18862.302734375,18956.229316315377,17979.593569483935,18010.241628310894,29685
2016-05-13,18637.76171875,19006.078935157875,18479.87878678531,18794.472108895847,22362
2016-05-16,19257.4375,19301.066266428832,18605.175029847334,18614.278954273446,20703
2016-05-17,19473.505859375,19695.883852926843,19019.82376644194,19173.064052711852,28245
2016-05-18,18977.32421875,19362.36337513321,18830.52937181251,19267.804740055246,20061
2016-05-19,18918.95703125,19211.286144407484,18821.514580388608,19022.52979836881,22700
2016-05-20,18974.3515625,19155.03921643221,18875.600997274847,18893.629269478548,10185
2016-05-23,18981.337890625,19284.843154903407,18809.257676947665,19032.447339096503,11884
2016-05-24,19129.482421875,19245.178494103115,18501.332767731303,18974.75444032181,17793
2016-05-25,19736.314453125,19961.352701874184,19109.96758923131,19290.250302337263,87836
2016-05-26,19666.455078125,20017.69122919752,19543.862832113795,20011.38133418224,21427
2016-05-27,19783.322265625,19920.33711887943,19519.433461083983,19666.499427070084,18004
2016-05-30,20026.884765625,20191.574080405837,19660.73127950386,19660.73127950386,15763
2016-05-31,20144.384765625,20318.808284797353,19740.956433459833,20029.40876490765,30374
2016-06-01,20071.59375,20268.777942554043,19926.91689100606,20101.565747268214,18590
2016-06-02,19898.205078125,20056.403135825338,19842.813926823274,20011.33246411584,18902
2016-06-03,20073.892578125,20236.057220537758,19898.703214734167,19898.703214734167,32609
2016-06-06,20003.896484375,20137.57680544615,19933.49644488241,20073.576449439584,9876
2016-06-07,20154.029296875,20236.733989236356,20020.394739462783,20020.394739462783,21566
2016-06-08,20051.53515625,20178.137957768802,19993.348219937994,20033.911820925245,10531
2016-06-09,19725.82421875,20171.699375081265,19655.2442853277,20074.561832996682,14763
2016-06-10,19447.8984375,19816.679404303875,19364.243801465887,19658.326943310578,12332
2016-06-13,19543.36328125,19635.433930816158,19184.22129645965,19319.001162038858,14930
2016-06-14,19745.283203125,19843.82402335469,19364.242321011872,19545.442766095173,10166
2016-06-15,19799.982421875,19906.665307992324,19585.798377553143,19727.094349692066,7062
2016-06-16,19753.3828125,19807.629130071382,19558.78956813581,19684.56665580506,8273
2016-06-17,19975.57421875,20052.262052602546,19736.14565378011,19736.14565378011,10205
2016-06-20,19989.64453125,20138.812185910487,19744.288367027628,19771.43450135443,8961
2016-06-21,19890.154296875,20088.14082418089,19795.234720985965,20042.89726376607,6453
2016-06-22,19667.421875,19907.166797294045,19608.559295334635,19889.974244150926,9453
2016-06-23,19771.978515625,19829.573921629722,19554.31280636887,19667.37575717271,8320
2016-06-24,19146.84765625,19897.800590436807,18850.276131570554,19404.057285205403,26480
2016-06-27,18939.5859375,19210.414580556855,18821.319984718917,19146.16872868594,18299
2016-06-28,19475.904296875,19509.022227896763,18827.744377428524,18827.744377428524,15972
2016-06-29,20528.083984375,20631.059012164435,20044.566514017864,20108.04356878588,55617
2016-06-30,20494.201171875,20900.714550161432,20329.19826539477,20721.550056225507,34040
2016-07-01,20526.3671875,20721.54716720557,20369.552326679674,20540.572956138272,30630
2016-07-04,20132.478515625,20246.538232708615,20020.274491357057,20246.538232708615,23061
2016-07-05,20394.52734375,20448.277040351695,20133.381898744366,20142.430609710096,12329
2016-07-07,20567.1328125,20607.98809857196,20262.643669152418,20361.863144662475,14804
2016-07-08,20621.244140625,20676.4412792202,20368.64901275235,20540.574526409524,10631
2016-07-11,21159.0078125,21246.780310843264,20676.305022098462,20744.170355869028,19384
2016-07-12,21223.70703125,21299.98837669522,20736.02742824634,21173.985068116788,13572
2016-07-13,21028.80078125,21219.184273104904,20925.147075508565,21173.98666235245,10644
2016-07-14,21200.1328125,21264.468788006132,20857.27683249112,20857.36696612711,7991
2016-07-15,21633.298828125,21680.7144335234,21183.035262470068,21183.850000033475,17922
2016-07-18,21746.90625,21877.02567185133,21535.935170276276,21667.141497994347,10214
2016-07-19,22070.123046875,22167.260608487875,21656.14450799976,21716.906957389572,16127
2016-07-20,22530.205078125,22612.728614879008,21989.272431779704,21989.272431779704,23478
2016-07-21,22195.267578125,22700.1397177636,22131.51834667296,22531.291118509453,17069
2016-07-22,22002.57421875,22437.68291527269,21816.442934324677,22195.267586191247,14097
2016-07-25,22138.126953125,22250.78342062675,22001.943833775495,22001.943833775495,18614
2016-07-26,21771.740234375,22191.96270736317,21649.040072320648,22033.610272142436,9235
2016-07-27,21791.15234375,22018.59134714655,21717.811832269395,21771.19922854888,10391
2016-07-28,22292.720703125,22564.364066913506,21592.57669163236,21791.1517143184,21196
2016-07-29,22600.55859375,22749.454070316915,22395.559342614644,22395.559342614644,15537
2016-08-01,22370.1796875,22847.951677503188,22259.83135242136,22644.4016095262,11048
2016-08-02,22127.22265625,22620.875862348792,22019.27257898534,22359.368077068626,7984
2016-08-03,22399.1328125,22530.38506986969,22010.03824725465,22127.219052369237,11777
2016-08-04,22583.099609375,22648.838863825888,22169.34720090104,22462.479556245096,11320
2016-08-05,22653.541015625,22712.267510981263,22409.54213887936,22667.023950202416,15223
2016-08-08,23022.052734375,23074.21892002623,22712.31633844462,22712.31633844462,23740
2016-08-09,22964.951171875,23119.45792099476,22671.59265148713,23074.21436341943,10940
2016-08-10,22641.6875,23228.812833305325,22608.207265106706,23073.311068759493,11891
2016-08-11,22423.658203125,22847.99682737046,22215.49188549593,22641.686202553017,22825
2016-08-12,22213.048828125,22440.758235774854,21675.555373018557,22423.61163466794,47233
2016-08-16,21719.53515625,22212.780136515077,21583.4881130425,22212.780136515077,30957
2016-08-17,21694.373046875,21870.054110563604,21559.50308044204,21718.71443101245,17699
2016-08-18,21799.203125,22010.98890710869,21695.18890182273,21695.18890182273,12368
2016-08-19,21698.857421875,21943.080745967312,21583.892828479013,21852.639576060377,15973
2016-08-22,21441.419921875,21982.939345483006,21395.72392957456,21730.163947480414,12204
2016-08-23,21353.556640625,21586.787187814854,21241.85100012365,21490.69057520497,12212
2016-08-24,21426.12890625,21535.934673483305,21083.499071099202,21353.15069012013,8534
2016-08-25,21510.4609375,21807.440709931117,21319.849475898747,21521.4554754602,22305
2016-08-26,21441.23828125,21584.70630921759,21346.951414216186,21445.446285568793,9629
2016-08-29,21503.494140625,21716.86169787428,21318.85447512573,21490.689860358692,7964
2016-08-30,22381.310546875,22445.330184470295,21508.78848961334,21508.78848961334,24945
2016-08-31,21868.744140625,22349.817439668026,21784.771396908043,22196.4877410656,25207
2016-09-01,21823.771484375,22286.92940686009,21677.99710255532,21970.270470010568,13804
2016-09-02,21726.72265625,22114.95828644721,21628.227796109426,22077.948707107098,12728
2016-09-06,22133.28515625,22169.34391932286,21763.056759332,21763.056759332,14683
2016-09-07,21959.09765625,22480.84603019693,21907.836349944067,22142.19798782088,11188
2016-09-08,22122.015625,22237.206418484868,21981.21804077589,22033.610428895485,10301
2016-09-09,21865.353515625,22124.10072701296,21780.249672768998,22124.10072701296,18427
2016-09-12,21247.732421875,21716.908124480975,21173.98542136895,21671.664565888306,13562
2016-09-14,20830.72265625,21353.828321217712,20766.79315522841,21264.472294024734,25509
2016-09-15,20990.4765625,21114.08337679763,20802.98796510826,21083.45207417529,9965
2016-09-16,21208.45703125,21355.092086493405,20917.723033867616,21083.49469726066,20666
2016-09-19,21167.51171875,21219.22545108644,20951.203361487638,21219.22545108644,13319
2016-09-20,21043.234375,21264.475406355486,20803.895917766764,21264.475406355486,9110
2016-09-21,21125.935546875,21370.657230200013,20993.009628135023,21042.77753889138,19016
2016-09-22,21177.201171875,21378.03664762575,21107.978518236203,21246.468008682223,7690
2016-09-23,21119.78125,21265.511445117736,21017.21446601715,21176.69799469144,8147
2016-09-26,20671.5078125,21113.89964036194,20559.485832334736,21083.043889763132,12090
2016-09-27,20583.78125,20902.522090096823,20460.040128968798,20723.40356552369,6951
2016-09-28,20983.4609375,21101.592558172757,20469.54013956711,20540.61846637087,21508
2016-09-29,20481.033203125,21345.90972679444,20322.95292534717,21110.733369175116,27601
2016-09-30,20629.1171875,20724.627047988903,20381.3645174908,20574.0561293687,10748
2016-10-03,20588.486328125,20926.954072317207,20536.682457296956,20748.694464402368,20044
2016-10-04,20665.763671875,20848.231292708988,20542.747145982506,20766.792889221844,15870
2016-10-05,20634.318359375,20753.218775938523,20546.954114655637,20685.35344311989,6767
2016-10-06,20901.029296875,21309.714688084365,20595.77138070014,20676.30490966997,36818
2016-10-07,20934.6875,20997.530079603883,20685.52987379618,20902.518631279883,11285
2016-10-10,20903.927734375,21011.6074059237,20839.229444326833,20956.816748469773,13865
2016-10-13,20616.673828125,20846.375009545744,20555.052458030157,20721.54874488865,17617
2016-10-14,20634.54296875,20817.869486715706,20495.328913677968,20667.254410084097,10420
2016-10-17,20043.712890625,20703.40821390715,19961.459740676102,20703.40821390715,12647
2016-10-18,20346.615234375,20416.786927891764,20070.041028770695,20133.382005867807,8992
2016-10-19,20247.533203125,20450.088259254127,20097.18850610771,20367.11228063722,9333
2016-10-20,20274.904296875,20531.479438508675,20173.64886667863,20298.973514822123,4992
2016-10-21,20480.494140625,20512.346669907634,20124.337160176427,20274.908093833015,7370
2016-10-24,20754.443359375,20901.48493762684,20363.90128100345,20450.090267640295,14343
2016-10-25,20470.494140625,20756.523566048054,20405.749901016563,20754.48760590095,6098
2016-10-26,20325.353515625,20499.767444033736,20249.66068427957,20472.711440973493,6781
2016-10-27,20095.15234375,20365.980986715727,19997.652477035044,20323.40609204557,12314
2016-10-28,19808.58203125,20252.32946824082,19726.192798890956,20222.96710378046,14299
2016-11-01,20191.4765625,20248.845751006767,19739.765558820363,19816.679612109372,15876
2016-11-02,19616.65234375,20088.090131991798,19590.45703538373,20088.090131991798,9251
2016-11-03,19464.00390625,19794.055645528006,19373.29057694878,19635.70320036378,10490
2016-11-04,19464.6796875,19680.94385212798,18931.43851104959,19454.726106701222,12202
2016-11-07,19384.69140625,20107.140850906664,19273.754562094953,19608.55687138956,19171
2016-11-08,19527.93359375,19726.190503556703,19369.671280694256,19499.97272255261,9100
2016-11-09,19237.017578125,19363.337233905626,17729.139979621148,18459.370978628664,29109
2016-11-10,18881.359375,20088.14124041484,18708.39288648489,20088.14124041484,19765
2016-11-11,18118.234375,19002.247505788877,18009.333489538483,18730.83212118564,21086
2016-11-15,17655.119140625,18350.784703576694,17474.01061570785,18233.151468297354,14998
2016-11-16,17350.228515625,17916.451731325866,17310.187960619387,17825.964601369677,16487
2016-11-17,17207.70703125,17717.32971422574,17161.784824151735,17373.52465589546,20250
2016-11-18,17397.818359375,17502.37690871171,17107.12855519491,17247.745859849514,15036
2016-11-21,16656.779296875,17644.988803529395,16499.195620325852,17644.988803529395,18215
2016-11-22,16761.65625,16966.337437920345,15990.523842158806,16740.57204107975,21669
2016-11-23,17170.064453125,17247.9734979507,16719.800966990006,16912.04011681808,15582
2016-11-24,17036.958984375,17494.731859012143,16855.666646021677,17102.063752948405,17981
2016-11-25,17048.58984375,17260.41985930501,16966.336690011478,17058.63356160514,11669
2016-11-28,17561.333984375,17636.166126621345,17102.065894133906,17138.260742587103,11037
2016-11-29,18252.248046875,18393.95053061207,17464.01505751141,17622.367525649468,24774
2016-11-30,18572.798828125,18621.345524336855,18233.155756615368,18405.533730393792,27498
2016-12-01,18443.357421875,18595.10361892949,18260.301266666527,18559.81364125853,17813
2016-12-02,18424.669921875,18696.583701225252,18097.42291848618,18404.17423695452,10905
2016-12-05,18867.287109375,18984.195749001698,18368.883398700404,18368.883398700404,21038
2016-12-06,18518.732421875,19000.486221591167,18459.82565785173,18993.247251700097,10891
2016-12-07,18326.806640625,18730.8315827357,18252.335042908995,18708.209805461865,9624
2016-12-08,18932.255859375,19273.754568433076,18459.823008137042,18504.61412790875,19477
2016-12-09,18766.16796875,18951.032076796775,18550.762693303714,18931.803565639624,10307
2016-12-12,18789.55859375,19227.560397139194,18549.857881609674,18730.832104844892,15397
2016-12-13,18926.828125,19002.29473469739,18506.19911144511,18803.223075571987,10935
2016-12-14,18428.787109375,19046.679821581758,18368.88534292132,18990.531856743335,8939
2016-12-15,18074.666015625,18549.859476609403,17916.449640822742,18313.688094980378,17422
2016-12-16,18209.130859375,18358.933003474842,18015.986795760466,18142.66877222488,16707
2016-12-19,17936.53515625,18266.63283944394,17859.757197116727,18266.63283944394,8890
2016-12-20,17405.826171875,17871.202028333144,17329.138355576204,17871.202028333144,29631
2016-12-21,17476.908203125,17735.47514302911,17409.721517953065,17500.208636029747,12884
2016-12-22,17405.15234375,17554.411915122608,17168.43838092867,17509.25848679985,9509
2016-12-23,17840.39453125,17988.839357729696,17396.328992275863,17476.682261327533,14261
2016-12-26,17480.529296875,17780.72033872601,17405.24471463611,17735.476775523144,9934
2016-12-27,18060.142578125,18368.92985058352,17418.769215608794,17418.769215608794,15170
2016-12-28,18253.05859375,18537.05201579776,18061.225933534104,18061.225933534104,15350
2016-12-29,18685.5859375,18746.302427444272,18276.358032403907,18278.39399213075,14150
2016-12-30,19047.494140625,19183.270780604245,18685.59158582442,18730.83514898622,19048
2017-01-02,19089.251953125,19260.228417663362,18857.46885411275,19183.26841926774,9070
2017-01-03,18820.05078125,19141.86852560029,18771.55004614099,19088.254915562506,7701
2017-01-04,18402.1875,19002.251493273623,18115.523563060422,18911.810313085058,23297
2017-01-05,18915.248046875,19002.29595283304,18468.512057340275,18577.00647198392,15126
2017-01-06,19103.0078125,19861.017699532593,18744.40665387114,18776.077145441766,16352
2017-01-09,18915.69921875,19273.439684477293,18767.074128191296,19255.65861241547,6288
2017-01-10,19134.72265625,19204.98625806334,18919.09291070471,19049.212328254005,6876
2017-01-11,19178.201171875,19250.22856088628,18943.341161429427,19250.22856088628,10729
2017-01-12,19408.8515625,19518.068792670798,19097.575917405946,19178.19957550429,11682
2017-01-13,19246.607421875,19453.822894353107,19133.226371269782,19453.822894353107,5416
2017-01-16,19435.548828125,19997.65412771641,19003.20064869558,19273.757145717624,12358
2017-01-17,19378.8984375,19694.56411329984,19183.22007532636,19463.776047884312,7806
2017-01-18,19093.595703125,19535.895653914144,19003.244673679437,19318.95279910317,12980
2017-01-19,19223.98828125,19314.47539954254,19013.153295628385,19093.596697255758,6799
2017-01-20,19275.4765625,19551.552417794297,18993.246875989367,19228.513392795336,19780
2017-01-23,19243.216796875,19357.9092193286,19022.56431234969,19275.475808016603,17178
2017-01-24,19743.787109375,19830.248241561294,19274.295137942496,19355.19095993594,11537
2017-01-25,20701.595703125,20843.706420620292,19605.118114447483,19769.624392346956,47992
2017-01-27,20323.138671875,20766.79780867919,20118.90991190297,20686.26425726427,25267
2017-01-30,20137.859375,20309.830825903016,19998.601133521017,20241.96549678995,9050
2017-01-31,20025.4765625,20400.04725613412,19970.505641895328,20137.86084880566,14254
2017-02-01,21083.22265625,21716.904540244366,20071.216318535586,20195.816351404752,25976
2017-02-02,20764.21484375,21128.741841498737,20495.332021839244,21092.909296594727,16019
2017-02-03,20286.625,20764.080670758474,20178.62896927328,20590.345389946793,14480
2017-02-06,20412.853515625,20529.717985709427,20088.18678629631,20529.717985709427,11155
2017-02-07,20341.369140625,20535.23780140827,19997.65415780782,20359.556698859764,18508
2017-02-08,20777.7890625,20812.038084752414,20232.784419115167,20296.261488738983,12262
2017-02-09,20781.36328125,21065.402720364928,20413.57906826261,20810.907681056393,18162
2017-02-10,20522.83984375,20915.463786518587,20247.396714106042,20830.133730725825,30293
2017-02-13,20220.38671875,20721.50329916002,20179.53143303049,20522.477597467892,17356
2017-02-14,20279.337890625,20413.84556246429,20157.58678018972,20263.682914050234,16335
2017-02-15,19994.21484375,20612.96649399015,19727.0975652098,20269.115428682147,28461
2017-02-16,19816.70703125,20218.114429671125,19748.339241435155,20218.114429671125,15828
2017-02-17,19901.51171875,20172.672229663076,19821.657963860387,19974.965469167113,12401
2017-02-20,19719.1953125,20020.362597427822,19638.16051151041,19901.965177783437,13169
2017-02-21,19731.6328125,19866.00984435395,19611.783027332967,19866.00984435395,9882
2017-02-22,20030.53125,20271.04834519225,19659.04371290061,19783.387162168026,19259
2017-02-23,19966.705078125,20138.352538187446,19747.97883375235,20138.352538187446,21905
2017-02-27,19653.32421875,20147.477653306654,19571.881541630366,20147.477653306654,10566
2017-02-28,19596.57421875,19838.362782764998,19226.81040419075,19702.577718688102,30212
2017-03-01,19534.24609375,19793.37624569072,19446.084208352342,19611.78563793209,14741
2017-03-02,19619.271484375,19735.943421516702,19543.684412257902,19678.969382173185,16755
2017-03-03,19211.330078125,19611.783430142128,19130.614480739445,19611.783430142128,24389
2017-03-06,19398.73046875,19565.476367757044,19139.19249589933,19312.11141040631,11292
2017-03-07,19397.958984375,19566.33813385179,19339.39602458225,19520.98659758302,12413
2017-03-08,19874.41015625,19965.886420774466,19357.55791227429,19357.55791227429,13323
2017-03-09,20000.84375,20120.239576003813,19648.05788329452,19675.342581769073,13934
2017-03-10,20666.0546875,20955.5551455764,19974.965909994837,19974.965909994837,32936
2017-03-14,20511.97265625,21010.030948863914,20176.530153226184,20882.91753776448,31420
2017-03-15,20687.484375,20809.10398328774,20247.85419374816,20474.342384983378,23086
2017-03-16,20816.63671875,20894.35713448805,20692.247167981528,20791.214036841113,15540
2017-03-17,20700.236328125,20882.86962683374,20556.05270493771,20882.734852581383,15797
2017-03-20,20587.560546875,20814.82188512699,20533.5834520226,20700.23892938769,7963
2017-03-21,20794.755859375,21109.905971925466,20610.577959144975,20718.578252617943,25079
2017-03-22,20871.298828125,20944.20817152311,20480.51723186627,20701.33071684088,29900
2017-03-23,20866.7578125,20953.013351985977,20655.931824273644,20864.67058449887,9615
2017-03-24,20858.314453125,20905.618451172726,20715.221410708167,20855.68103467698,11932
2017-03-27,20714.62890625,20882.91762908308,20603.7682068969,20801.20186444754,11885
2017-03-28,20870.478515625,20905.61558361952,20755.757247698195,20755.757247698195,12762
2017-03-29,20806.927734375,20901.08176783959,20692.298647789867,20885.419575811124,26648
2017-03-30,20519.689453125,21245.189927919153,20451.639092541518,20792.12143037517,31712
2017-03-31,20657.068359375,20882.92169729685,20519.786557381576,20574.217637423768,16558
2017-04-03,20552.19921875,20773.96676164916,20474.342241048453,20556.0580193941,9154
2017-04-05,20791.349609375,21019.109235340253,20537.16713584575,20537.16713584575,15196
2017-04-06,20790.080078125,20835.931703020255,20583.293789612242,20760.3446184157,11543
2017-04-07,20725.666015625,20881.106888130573,20556.967608233947,20633.23567409198,25152
2017-04-10,20638.0,20917.468660636707,20564.228814025362,20766.88322726598,13573
2017-04-11,20653.88671875,20746.724907889242,20556.100895371408,20664.101189437693,11355
2017-04-12,21211.912109375,21518.482746720463,20565.13224528348,20593.278783897335,19311
2017-04-13,21130.564453125,21473.089743000128,21051.3916560959,21336.896784799283,22062
2017-04-17,20712.224609375,21223.40216746189,20572.172853895598,21073.58991686804,20492
2017-04-18,20529.1328125,20864.757961798296,20429.84851603235,20733.15089626433,9785
2017-04-19,20406.560546875,20655.884079200467,20339.054597836745,20655.884079200467,8491
2017-04-20,20518.466796875,20560.959707619237,20339.05563449685,20560.959707619237,9238
2017-04-21,20343.8203125,20601.451956066947,20275.950831066944,20528.81572175732,7336
2017-04-24,20411.736328125,20474.338974542625,20338.14603236163,20474.338974542625,5610
2017-04-25,20512.5625,20577.935109254395,20369.65035787754,20438.01992106097,10323
2017-04-26,20544.615234375,20791.214904513323,20392.62355366476,20560.594851858343,17259
2017-04-27,20450.3671875,20609.622477743178,20339.05251878607,20609.622477743178,16619
2017-04-28,20875.29296875,20955.55637295857,20360.847125805714,20520.73730308101,12765
2017-05-02,20984.87890625,21085.388575212502,20615.069009180548,20973.664270121008,9130
2017-05-03,21152.123046875,21200.698523148596,20838.425344958607,20838.425344958607,11880
2017-05-04,21064.236328125,21264.259081685967,20928.406915133153,21155.304722599616,8831
2017-05-05,21294.58203125,21563.743948141815,20901.211453364547,20973.711134804296,16244
2017-05-08,21238.92578125,21548.266414364352,21147.132092958404,21335.078353026343,8014
2017-05-09,21188.443359375,21309.655074434093,21109.90543164008,21237.018840690816,6706
2017-05-10,21077.220703125,21404.129886408315,20996.63987528825,21335.987305192313,8245
2017-05-11,21307.751953125,21621.67672335012,21036.727964947997,21132.607453332406,10386
2017-05-12,21323.998046875,21518.480822438425,21224.485003804723,21418.606016933438,9758
2017-05-15,21967.923828125,22063.258897434902,21355.055525418473,21355.055525418473,20847
2017-05-16,22404.646484375,22598.721423021263,21805.487991634927,21908.904184955776,26450
2017-05-17,21964.19921875,22295.37505493937,21886.251813208404,22244.847118957194,19226
2017-05-18,21122.84375,22056.673329585632,20428.940729875238,21881.6654039997,13498
2017-05-19,20880.603515625,21881.667829329577,20710.40843099617,21336.896016151248,14131
2017-05-22,20957.09765625,21437.8587606998,20882.918606884683,20891.998136713763,11933
2017-05-23,21011.484375,21242.42186131815,20747.63359308213,20971.89797965126,9389
2017-05-24,20724.841796875,21175.27686159697,20665.007347995328,21155.30189843107,14687
2017-05-25,21393.4609375,21862.50908632452,20701.327680323557,20744.001469840015,63201
2017-05-26,21433.412109375,21653.77159823756,21104.550461155148,21427.191212504436,22780
2017-05-29,21405.12890625,21609.281787289765,21251.54829887833,21445.85024436068,12255
2017-05-30,21371.759765625,21588.396981710655,21286.95660664534,21404.944381462945,6787
2017-05-31,21189.759765625,21491.065369699794,21088.38823779034,21490.973155728632,20144
2017-06-01,21630.435546875,21738.299289955663,20998.22721821549,20998.22721821549,13256
2017-06-02,21619.583984375,22040.64714279448,21438.81091620568,21630.435085564222,15553
2017-06-05,21694.943359375,21781.789406278796,21551.94078198905,21563.88071692878,9094
2017-06-06,21522.568359375,21714.19251794205,21428.595239284077,21572.95974261216,6934
2017-06-07,21696.171875,21775.43688153873,21518.486181564775,21518.486181564775,8851
2017-06-08,21730.939453125,21817.611860777302,21645.406277382033,21745.612404107273,6909
2017-06-09,21748.80078125,21802.344677364334,21546.063796408045,21736.543358755207,8546
2017-06-12,21795.6953125,22055.530984744164,21508.69963801497,21690.976753591367,13477
2017-06-13,22012.01171875,22246.693498608114,21872.84385685022,21954.366582532424,30628
2017-06-14,22223.408203125,22236.897422126745,21918.91462787829,22046.41783029001,25869
2017-06-15,22158.15234375,22281.326458937227,22038.21435934027,22137.5553859797,7582
2017-06-16,22299.14453125,22338.059982479805,22052.614738297703,22215.02293239271,18132
2017-06-19,22835.99609375,23003.37241425596,22297.09485953952,22338.06093000846,21769
2017-06-20,22524.392578125,22875.77799961719,22352.733460580093,22875.77799961719,17270
2017-06-21,22079.2734375,22584.590462488002,21987.632905016213,22556.793202178247,17382
2017-06-22,22134.2734375,22409.146951696297,22055.529373314235,22082.870938653054,11720
2017-06-23,21686.875,22327.98845741333,21569.44332710746,22260.59220756025,11444
2017-06-27,21187.4375,21864.141332401334,20975.540340359177,21777.559697279277,17202
2017-06-28,21243.533203125,21463.130851129616,21089.50903693218,21180.60131550965,8558
2017-06-29,21202.10546875,21417.55733772324,21144.141712135282,21326.418795860587,14244
2017-06-30,21260.119140625,21371.991719883667,20702.76058057539,21144.145326281498,17763
2017-07-03,21424.669921875,21507.787571928002,21059.2043167077,21260.11854897485,11973
2017-07-04,21427.951171875,21536.041145099407,21142.276295257157,21353.76403003297,9778
2017-07-05,21620.98046875,21722.874082908358,21395.003138862783,21427.950081744882,4115
2017-07-06,21678.126953125,21781.750783127463,21428.49808295536,21554.26929490874,11662
2017-07-07,21495.30078125,21826.268995931798,21371.989613167763,21678.1243534448,17033
2017-07-10,21773.001953125,21872.34298338413,21417.56156962903,21508.70012949979,5755
2017-07-11,21743.609375,21909.709397365637,21613.509083133362,21826.7733093806,9909
2017-07-12,22043.95703125,22099.870180268877,21743.6092029747,21745.659820518547,13545
2017-07-13,22103.880859375,22311.402644919348,21984.76169546597,22055.531142103417,13174
2017-07-14,22204.130859375,22281.552344330335,22003.124078574736,22037.301034273052,13104
2017-07-17,22422.453125,22502.10857576582,22148.62805647766,22237.80677394435,9381
2017-07-18,22204.908203125,22665.24871838675,22102.012411821826,22465.65526994384,17873
2017-07-19,22188.546875,22325.07314583102,21968.037847671978,22205.90948218253,14152
2017-07-20,21917.2734375,22265.14858362037,21845.957519502936,22237.8070176151,12371
2017-07-21,21847.232421875,21998.978115889902,21715.902120181992,21873.253191337157,21659
2017-07-24,21911.26171875,22028.60263216135,21758.4230429714,21873.257645610858,10794
2017-07-25,22098.232421875,22192.242214617607,21763.89092751821,21921.560656599475,11600
2017-07-26,22128.671875,22237.810308790067,21763.889761225688,22014.520820033773,8180
2017-07-27,21857.396484375,22324.800245082588,21782.11638793132,22128.4429246432,8974
2017-07-28,21694.98828125,21964.393515412434,21554.269985041665,21818.57181572505,8103
2017-07-31,22035.57421875,22328.949631344934,21595.739836307504,21785.763754598745,9832
2017-08-01,22480.689453125,22681.19425436099,22035.477655835093,22218.66613332797,18007
2017-08-02,22811.755859375,22948.691558607756,22556.79571388173,22556.79571388173,19080
2017-08-03,22647.5234375,22921.348537330512,22486.024836236767,22875.77925594417,19217
2017-08-04,22383.810546875,22693.546348335924,22010.051690937486,22602.361512552623,21218
2017-08-07,22195.748046875,22496.140387444426,22147.58167347292,22420.08597043059,8954
2017-08-08,22045.869140625,22310.717415371033,21840.98896475803,22310.717415371033,10131
2017-08-09,21902.416015625,22146.667326052244,21679.900893044854,22009.95950305192,9346
2017-08-10,21457.48046875,21950.40300226623,21256.24582124441,21782.115299392935,29585
2017-08-11,20618.45703125,21519.226370994205,20286.896033480167,21236.19487410859,31577
2017-08-14,20176.345703125,20919.85480633678,20051.395090230388,20670.22592820441,31086
2017-08-16,20332.921875,20634.955417684672,19686.840269642762,20351.24036947932,29738
2017-08-17,20085.072265625,20506.17875061041,20050.48588948573,20332.92468082085,20311
2017-08-18,20081.46875,20187.189471385132,19841.82063712149,20050.481642007806,8709
2017-08-21,20022.685546875,20342.07991211678,19960.25563449825,20096.052086237454,9562
2017-08-22,19958.06640625,20255.542993215444,19907.895701871505,20114.278238932053,6204
2017-08-23,19943.302734375,20231.847032195983,19868.204211985787,20141.61986627917,6174
2017-08-24,19755.419921875,20150.733382049766,19721.880223493277,19950.228572278127,10131
2017-08-28,19907.712890625,20049.570405305174,19503.65046927273,19793.608133544345,20425
2017-08-29,19771.005859375,19959.3440440011,19695.08850919194,19777.066929444012,9535
2017-08-30,20474.458984375,21154.9916771089,19795.295150085436,19977.572269331158,8896
2017-08-31,20038.453125,20688.498888074115,19960.25553043987,20615.541760583987,22864
2017-09-01,20203.544921875,20270.896657798025,20017.487019672968,20178.0724123986,8753
2017-09-04,20477.693359375,20533.515722357442,20146.17687717316,20232.75850139082,14259
2017-09-05,20265.75,20642.882040422897,20198.307471479413,20642.882040422897,10807
2017-09-06,19742.345703125,20214.53426518496,19594.88278893601,20214.53426518496,25764
2017-09-07,20146.859375,20186.002668958467,19685.926173054522,19685.926173054522,19971
2017-09-08,20029.01953125,20214.532783763014,19913.957098249546,20159.849647287552,7752
2017-09-11,20102.70703125,20364.821183244618,20050.483922468273,20077.825491453455,7119
2017-09-12,20151.01171875,20268.6712552321,19961.169367643088,20187.19301859622,7349
2017-09-13,20061.78515625,20228.841072187377,20005.825723231817,20148.913265418843,6704
2017-09-14,19995.798828125,20143.48956749672,19884.06331648101,20061.783497496705,5797
2017-09-15,19885.521484375,20004.912992439215,19737.695458929196,19950.276140272545,16402
2017-09-18,19968.638671875,20178.02949890761,19922.8878299579,19922.8878299579,6460
2017-09-19,19914.732421875,20050.43630955221,19858.1802350931,19987.596986361317,4001
2017-09-20,19889.53125,19978.482121353933,19818.0782687305,19978.482121353933,7204
2017-09-21,19647.560546875,19936.879201889344,19595.702348734718,19890.99129162063,9984
2017-09-22,19590.28125,19767.95517427431,19414.337534457878,19594.79189704461,8371
2017-09-25,19296.359375,19553.277571274593,19149.124308024857,19551.0916697072,10917
2017-09-26,19590.77734375,19617.57243283895,19150.031682174777,19239.347459104774,12367
2017-09-27,19241.671875,19959.295364754642,19139.094729086835,19673.166610574684,13426
2017-09-28,18849.685546875,19411.601025420292,18745.059552708684,19321.373855059403,14920
2017-09-29,18724.5078125,19031.553975148614,18637.835398514948,19031.553975148614,11104
2017-10-03,18590.259765625,19079.85534161637,18546.694826935425,19079.85534161637,7396
2017-10-04,18872.060546875,18957.549223317466,18594.087954669616,18594.087954669616,11848
2017-10-05,18941.146484375,19066.14160279688,18827.176996307797,18873.885511081222,11954
2017-10-06,19206.177734375,19248.466387752076,18975.05067201696,18975.05067201696,14988
2017-10-09,19391.185546875,19441.722943938486,19009.67990949564,19184.665936086072,5886
2017-10-10,19345.6171875,19411.601860835908,19189.4053399201,19402.488004851664,10886
2017-10-11,19274.07421875,19485.378622513115,19025.72163286181,19458.08333472635,7937
2017-10-12,19283.9609375,19336.59345401239,19138.13924672975,19231.146855894123,8791
2017-10-13,19660.044921875,19777.067186954348,19250.286319025334,19250.286319025334,7313
2017-10-16,20232.12109375,20272.222056248644,19691.030447641824,19731.496320354967,16245
2017-10-17,20137.248046875,20228.20504922679,19945.812553941352,20201.365453127917,11107
2017-10-18,19807.00390625,20228.201068928363,19776.15386324292,20228.201068928363,9736
2017-10-19,19630.0625,19913.777580942155,19442.90980217725,19913.777580942155,2196
2017-10-23,19396.609375,19945.947018826104,19332.310412010425,19630.05936110699,10201
2017-10-24,19431.197265625,19661.868611870083,19066.187321914356,19394.286147721676,14726
2017-10-25,19375.28515625,19767.134715753647,19321.37633748703,19431.198311480763,8603
2017-10-26,19167.759765625,19654.03025946448,19056.161312086384,19366.943798452132,20975
2017-10-27,19415.701171875,19503.64987340695,19078.079122418123,19287.560725445663,11230
2017-10-30,19375.189453125,19530.899300365807,19322.829291289177,19462.636174537427,5663
2017-10-31,19150.216796875,19428.91923999507,19139.098603991766,19428.91923999507,8680
2017-11-01,19155.046875,19316.636254127767,19095.53268321611,19166.439195016057,8805
2017-11-02,19129.75390625,19275.89421598723,19056.250309251503,19230.234158190306,6771
2017-11-03,19182.75,19320.45998427137,19085.322540243724,19190.178147361974,7075
2017-11-06,19012.869140625,19211.27705751065,18956.818930805548,19093.526759633474,12245
2017-11-07,18918.22265625,19137.273817625788,18810.997790065543,19047.95803354505,15975
2017-11-08,18924.05859375,19037.88924146023,18693.478016065124,18747.20349003132,11008
2017-11-09,19254.111328125,19383.34650196448,18972.31164808137,19102.63977248333,7010
2017-11-10,18644.259765625,19301.687351000426,18460.11361026006,19020.615702104544,45041
2017-11-13,18165.052734375,18774.54180385701,18136.571936735654,18592.26469896519,24429
2017-11-14,17932.5625,18217.642885335485,17890.501692989877,18190.34759502725,15932
2017-11-15,17503.892578125,17954.252407749627,17462.559811671174,17863.16011703007,13229
2017-11-16,17551.873046875,17643.83220861819,17316.326153922295,17507.717127202486,14752
2017-11-17,17285.24609375,17817.5397110832,17243.413144540555,17635.30889782557,29233
2017-11-20,17659.4609375,17726.44777097902,17165.034309440558,17316.3243006993,25945
2017-11-21,17532.779296875,17806.696932490835,17460.32414656433,17771.92721818712,17382
2017-11-22,17324.34765625,17661.37698992741,17288.98518223364,17635.31171724939,16632
2017-11-23,17296.458984375,17485.436228990708,17225.18933628409,17453.035756076206,12446
2017-11-24,17277.45703125,17369.188356305163,17248.15562551517,17296.45906674112,12064
2017-11-27,17252.1171875,17376.839930542566,17136.278672560897,17275.31123522353,17231
2017-11-28,17300.330078125,17339.110245648375,17216.61967061,17225.187050867506,10109
2017-11-29,18287.54296875,18388.341849892535,17272.85226975332,17389.235487067694,77162
2017-11-30,18531.888671875,18821.93716611852,18212.1293603113,18405.43390808462,81020
2017-12-01,18216.91015625,19493.442593103166,18064.571716269787,18681.579690232484,43713
2017-12-04,18321.94921875,18591.217376249428,18088.999420591226,18227.71159380006,24074
2017-12-05,18131.287109375,18518.307369344726,18027.20758347626,18437.33111292845,51143
2017-12-06,17452.986328125,18216.727389571188,17396.345142416798,18109.320962655816,28391
2017-12-07,17986.51171875,18067.487965528555,17571.512681628254,17658.09430531885,52036
2017-12-08,17817.8125,18188.016539198168,17751.964904540862,18045.431004718608,22138
2017-12-11,18161.455078125,18244.84686098061,17827.15812619857,18045.434978591125,21742
2017-12-12,18184.6484375,18428.39779625269,17988.65425859028,18209.483694290262,22591
2017-12-13,18104.4921875,18364.874324265067,17999.864415485226,18182.14152349014,19682
2017-12-14,18118.52734375,18200.41676417892,17691.908099207394,18074.5992697272,19341
2017-12-15,17981.912109375,18409.989215905025,17864.297085062295,18227.71209495547,27418
2017-12-18,18121.447265625,18257.243738538717,17653.541478783387,17954.298767786924,13739
2017-12-19,18107.45703125,18300.578233438657,18054.550380331486,18122.90430655687,11120
2017-12-20,18085.673828125,18331.108914631197,17972.25081641861,18107.456301080492,20612
2017-12-21,18121.447265625,18262.347142584487,18049.994268833503,18181.233813125957,9026
2017-12-22,18160.724609375,18202.922473399296,18077.379110794656,18121.4442472125,10446
2017-12-26,18492.65234375,18646.950648378577,18111.602354398976,18136.574677552966,26344
2017-12-27,18312.2421875,18546.696122513094,18226.7997913582,18546.696122513094,10852
2017-12-28,18293.875,18492.010550374223,18227.708773163355,18318.84731702917,23658
2017-12-29,18378.591796875,18438.422834866633,18174.987906701226,18327.963616982164,14246
2018-01-01,18038.05078125,18792.768747237493,17956.481780140508,18378.088350535596,20401
2018-01-02,17974.115234375,18188.518652372222,17840.36942527365,18091.000413368172,14797
2018-01-03,17947.869140625,18106.405723185133,17908.816626283613,18044.5222890688,12104
2018-01-04,17911.140625,18036.319067571694,17844.928112332178,18036.319067571694,16677
2018-01-05,17948.052734375,18009.387913977556,17852.220187598938,17954.29536939448,15105
2018-01-08,18226.20703125,18358.220873413597,17908.772509194638,17954.295505830312,19162
2018-01-09,18072.8671875,18221.969515294833,18027.297907608547,18200.370388646286,13251
2018-01-10,18055.595703125,18192.212749359038,17954.29484599158,18135.66056550185,18250
2018-01-11,18186.42578125,18337.352662815592,17984.09817514688,18080.067792223912,12507
2018-01-12,18019.55078125,18289.95995092198,17917.840506510925,18186.425124972568,19820
2018-01-15,18139.900390625,18191.94015248165,17963.41021281331,18045.43491698141,8708
2018-01-16,18099.205078125,18317.937603365444,18059.28568024868,18146.59712526043,12326
2018-01-17,18186.013671875,18227.709557487753,17954.293914125436,18097.381434151714,10905
2018-01-18,18139.94140625,18318.84707753957,18091.000720853754,18209.480826330375,9788
2018-01-19,18205.974609375,18245.208688838826,18054.638328450565,18139.943658977532,15241
2018-01-22,18210.849609375,18386.65623066277,18113.78705233982,18154.980965465336,6083
2018-01-23,18023.560546875,18282.44032308083,17898.791509692528,18227.71090905643,14150
2018-01-24,17981.912109375,18089.95580478784,17954.296413531138,18023.56171949197,8531
2018-01-25,17901.892578125,18127.46052584479,17777.670002370793,17990.752678741886,14671
2018-01-29,18117.61328125,18166.646531442355,17788.056652071085,17895.05366201127,12310
2018-01-30,17767.962890625,18091.002779881066,17680.8792911684,18091.002779881066,8399
2018-01-31,17681.10546875,17922.348483876838,17581.62739147801,17767.459239611926,34590
2018-02-01,17788.28515625,17880.472155746058,17589.740180738005,17749.232643516716,14331
2018-02-02,17748.685546875,17931.509116084188,17589.739564951706,17699.1058213141,22653
2018-02-05,18183.556640625,18254.096464201008,17540.937210201526,17588.831236978956,61031
2018-02-06,17823.146484375,18136.526047728617,17619.770444183006,17772.01811135692,31736
2018-02-07,17539.38671875,18005.332572032632,17466.794505108806,17874.093055411216,23455
2018-02-08,17856.095703125,17954.29750802294,17621.68802331441,17726.451092946507,19788
2018-02-09,17756.16015625,17844.01808123856,17571.560077012236,17679.057293011163,19118
2018-02-12,17813.802734375,17908.677602604945,17745.176478819194,17830.70964629545,5107
2018-02-14,17785.78125,17899.567389242915,17744.678114332743,17899.567389242915,6351
2018-02-15,17774.251953125,17900.89005433917,17744.678201475897,17817.58905181581,6087
2018-02-16,17820.87109375,17899.615174355986,17772.704715444117,17790.24889019495,5355
2018-02-19,17705.900390625,17893.236443703707,17638.959819255415,17813.034497641165,6655
2018-02-20,17679.10546875,17794.805167279814,17453.946927455865,17705.89878334846,8434
2018-02-21,17462.193359375,17767.096326051265,17407.51022656265,17717.335031202005,13402
2018-02-22,17215.80078125,17402.088363908635,16940.69937911968,17352.782756309603,38563
2018-02-23,17243.9609375,17335.873813440936,17143.208333817747,17216.072895912574,11409
2018-02-26,17424.91796875,17589.286002101337,17216.210670919423,17305.25233006995,11302
2018-02-27,17332.595703125,17528.134211714463,17288.986254586693,17458.457708831284,6822
2018-02-28,17031.3359375,17298.097776544022,16983.66976111158,17298.097776544022,16160
2018-03-01,17049.748046875,17097.2771673188,16962.7569935029,17044.005604923324,13447
2018-03-05,16722.1015625,17049.74465775391,16678.355057431327,17007.5930773492,13019
2018-03-06,16550.533203125,16829.91914640737,16409.54257514723,16747.757385738103,27935
2018-03-07,16266.638671875,16568.07947087337,16230.86678567489,16568.07947087337,13795
2018-03-08,16491.341796875,16541.64957281194,16140.63988619832,16382.157083817889,15431
2018-03-09,16590.45703125,16637.34711677345,16441.5807427055,16517.955581725662,7157
2018-03-12,16630.4609375,16687.83372381587,16421.390523973532,16666.506946711517,8342
2018-03-13,16849.607421875,16860.634832431053,16588.44914708559,16622.763173443782,8229
2018-03-14,16664.048828125,16832.381040364846,16587.21830822677,16832.381040364846,7672
2018-03-15,16427.908203125,16693.942035175838,16404.94199635016,16664.0496533459,36190
2018-03-16,16333.5771484375,16578.05631397803,16223.619909579089,16410.407659730754,49848
2018-03-19,15962.9609375,16476.11539885538,15918.303054647908,16314.70940684273,15211
2018-03-20,16292.611328125,16404.939595074607,15894.563696561177,15894.563696561177,15492
2018-03-21,16027.3095703125,16381.245834977537,15995.729701217913,16359.372579161389,13341
2018-03-22,15812.72265625,16162.422399592464,15721.402525772512,16085.9567872397,15389
2018-03-23,15823.294921875,15930.10860014836,15470.770266463665,15675.832022572904,21555
2018-03-26,15759.314453125,15903.67828421925,15659.152822419554,15823.294788521858,20667
2018-03-27,16120.40625,16203.114489722957,15767.881602720096,15767.881602720096,16081
2018-03-28,16420.93359375,16860.584509908913,15722.310366433077,16091.96794820212,174111
2018-04-02,16874.302734375,17499.922606314656,16202.383766461526,16678.354849530788,45197
2018-04-03,17374.15234375,17498.46569015821,16815.063583924,17042.909973950067,33949
2018-04-04,17941.03515625,18204.927571820477,17385.956818141476,17480.376011390075,32374
2018-04-05,17807.470703125,18227.710205912343,17490.5363919197,18172.11568978431,35426
2018-04-06,18151.837890625,18227.710736565958,17681.790800005805,17945.181220149185,15643
2018-04-09,18193.169921875,18437.284196035755,17991.07016738419,18160.269258100925,20297
2018-04-10,17997.994140625,18235.821249170338,17903.939871302893,18193.076914236546,8427
2018-04-11,18127.095703125,18182.14375250099,17822.192701360615,18044.06882626019,8960
2018-04-12,18391.033203125,18499.30653393665,17920.03015169808,18060.1557000079,16540
2018-04-13,17832.21484375,18482.851523397017,17748.27481577466,18455.465457352388,20592
2018-04-16,17820.232421875,17954.296891895334,17677.235660670147,17863.15832899231,9112
2018-04-17,17661.05859375,17924.174913248076,17589.74266816534,17908.72763883155,9149
2018-04-18,17681.607421875,17858.5977629588,17613.070168503284,17731.185365954916,8661
2018-04-19,17816.99609375,17844.93041898073,17651.53510266021,17808.474994222855,7372
2018-04-20,17755.248046875,18040.83034768192,17690.35810893368,17760.16988476406,12262
2018-04-23,17948.009765625,18063.618688191174,17692.912546599702,17754.705210432705,21505
2018-04-24,17919.02734375,18068.12967967546,17726.497125709844,17945.092617259266,13741
2018-04-25,17838.322265625,17975.2579502074,17749.643735902064,17953.38469609773,9711
2018-04-26,17905.85546875,18175.716383616073,17817.725194975606,17863.157410236036,15894
2018-04-27,17840.0078125,18104.67454085657,17694.915940230814,17885.942001727166,11785
2018-04-30,17685.255859375,17916.883083695226,17663.154758754365,17872.271470957272,25718
2018-05-02,17800.81640625,17854.04167465402,17681.97138283959,17725.308474728303,5649
2018-05-03,17726.357421875,17840.37139339061,17618.904714024382,17772.017480005972,7218
2018-05-04,17621.591796875,17831.165953918287,17576.06880462779,17772.016680852576,5749
2018-05-07,17858.783203125,17954.297130335854,17644.472293652452,17703.66607902406,6104
2018-05-08,17338.515625,17854.041166609364,17270.754472039174,17854.041166609364,22364
2018-05-09,17246.876953125,17362.804472108848,17098.093276148895,17271.84749079514,11495
2018-05-10,17037.03125,17419.448252583585,16921.148226818517,17271.666736669085,15299
2018-05-11,17004.630859375,17171.688535513455,16920.78339238698,17103.06049453485,4477
2018-05-14,16598.884765625,17134.04969075451,16527.0205853022,17043.82251419149,21812
2018-05-15,16721.873046875,16805.902076644783,16408.402721057973,16587.215841349756,8210
2018-05-16,16515.67578125,16700.824140182584,16443.083555031837,16587.265839219202,8364
2018-05-17,16310.978515625,16660.13000898266,16229.363217045626,16660.13000898266,6435
2018-05-18,16143.419921875,16465.092767492897,16040.387064534207,16404.94131600089,11592
2018-05-21,16059.9345703125,16222.526112312751,15994.81678323492,16149.75233042295,7335
2018-05-22,16597.927734375,16723.92680142113,15721.402578992615,15994.818276018574,44922
2018-05-23,16410.81640625,16665.32080219017,16379.966363683141,16623.671197667674,13619
2018-05-24,16183.9287109375,16574.95938851723,16149.75175322047,16541.64753504241,12452
2018-05-25,16229.087890625,16314.84891022227,16076.84023072848,16262.535026477399,8311
2018-05-28,16490.431640625,16651.017092352722,16268.23509022967,16291.019733213185,11072
2018-05-29,16912.349609375,17015.563997307247,16423.209818054944,16486.960509442317,11277
2018-05-30,16907.25,17052.023235166198,16815.244562884567,16887.973840065722,11885
2018-05-31,16739.87890625,17038.311478446605,16527.98170490506,16997.34539820675,32745
2018-06-01,16671.427734375,16896.630725394094,16415.054292613026,16677.442522397396,9383
2018-06-04,16535.1796875,16848.696362895473,16422.258645206537,16698.408507546155,7038
2018-06-05,16325.1494140625,16669.15300073686,16259.485145045757,16669.15300073686,6950
2018-06-06,17278.6875,17407.46701248417,16211.547399175366,16403.119962863355,23856
2018-06-07,17060.16796875,17533.852849143877,16881.322865100927,17440.21605086546,19461
2018-06-08,16904.455078125,17133.234050030653,16722.35670835888,16995.84784483781,19779
2018-06-11,16690.42578125,17060.48665128864,16621.16004675392,16926.992592651368,15036
2018-06-12,16508.603515625,16778.293798239953,16455.326854173632,16747.553959115554,15986
2018-06-13,16460.41015625,16656.84770601628,16400.306597232753,16656.84770601628,9621
2018-06-14,16708.294921875,16762.21401161776,16317.848130468015,16444.286257475575,13516
2018-06-15,16667.01953125,16835.05433718391,16384.733011067503,16675.63234177342,24998
2018-06-18,16461.279296875,16749.33684076315,16401.67859267341,16667.01500099296,11210
2018-06-19,16362.6943359375,16519.414175119222,16245.647460681177,16446.11671899002,10112
2018-06-20,16263.3330078125,16532.24308008049,16194.158525849185,16446.118559490402,11729
2018-06-21,16478.736328125,16556.06551443554,16327.010927904888,16354.359687638856,11268
2018-06-22,16454.59375,16812.606056071385,16223.477680373624,16446.11873059844,25537
2018-06-25,16409.423828125,16693.498038254314,16354.497254821048,16423.213629841306,14997
2018-06-26,16206.57421875,16656.80246790444,16102.583439823218,16418.632232316588,13811
2018-06-27,15782.13671875,16316.565810599355,15722.306944476886,16221.645947084106,21600
2018-06-28,15821.2099609375,16010.822398431883,15714.975172346709,15783.233430878649,18233
2018-06-29,16042.935546875,16092.778179176135,15806.597757480291,15814.065294355767,18972
2018-07-02,15979.443359375,16124.526172074871,15806.644942566643,16079.63147451071,9037
2018-07-03,16023.4677734375,16217.065434219017,15896.664580390543,16061.308308579626,7835
2018-07-04,16041.880859375,16157.460345957452,15905.546884568988,16056.722877423474,4665
2018-07-05,16569.12109375,16646.770596090173,16042.98272538604,16047.56381696953,12928
2018-07-06,16281.107421875,16766.794369736657,16208.08375193756,16474.062631969944,10621
2018-07-09,16527.294921875,16620.153287858517,16264.340272107569,16372.820875763055,8103
2018-07-10,16347.21484375,16735.55364576563,16226.227491015454,16629.363577748758,21727
2018-07-11,16131.078125,16423.213989163276,16066.85157630698,16328.981289388244,13779
2018-07-12,15984.345703125,16348.084396472506,15943.207140362454,16262.876087955332,8613
2018-07-13,16149.0830078125,16331.546470776682,15942.200177075289,16123.611420469593,8076
2018-07-16,15913.6591796875,16214.774706812246,15850.577902407225,16214.774706812246,10160
2018-07-17,15955.0732421875,16029.240403537731,15887.226556007103,15977.565329506206,5522
2018-07-18,16173.4990234375,16248.217350881063,15972.711189637681,15972.711189637681,13106
2018-07-19,16218.6181640625,16330.21425089951,16077.200250036836,16171.250401345209,6158
2018-07-20,16118.9375,16306.762253970692,16034.278570068604,16143.813185069996,8176
2018-07-23,16486.109375,16622.029982147567,16196.904752750781,16295.85631476555,10955
2018-07-24,17160.62890625,17187.383551088347,16501.914554414965,16620.197964833664,15964
2018-07-25,17448.4609375,17524.460528087875,16853.78874662127,17110.238601284753,12643
2018-07-26,17133.6015625,17401.915718629443,16961.078740030305,17307.36271119597,8006
2018-07-27,17076.982421875,17277.816770500867,16995.85057033798,17138.780634433548,14665
2018-07-30,17050.587890625,17160.763104899648,16925.982242879865,17054.528343812253,9607
2018-07-31,17152.248046875,17307.36452840157,16870.09932346882,16997.682727946318,11285
2018-08-01,17261.642578125,17402.23733807959,17087.46985190228,17162.59974615729,10515
2018-08-02,17084.583984375,17382.53923414128,16997.727567626316,17247.80862415285,6531
2018-08-03,17477.32421875,17857.005484422185,17042.12047552407,17133.28420699982,17559
2018-08-06,17306.765625,17664.595353155368,17234.201860501245,17490.605161824926,9344
2018-08-07,17491.890625,17652.778202555,17134.28990232962,17134.28990232962,12011
2018-08-08,17569.400390625,17673.84926653923,17399.030330313013,17499.767806682183,6549
2018-08-09,17486.02734375,17792.96049335211,17342.501380224832,17584.153971889176,10234
2018-08-10,17747.654296875,18164.02901543318,17518.095070622065,17518.095070622065,57762
2018-08-13,17580.806640625,17727.90619041037,17392.66158862038,17717.827790074716,14961
2018-08-14,17586.62890625,17744.812574638072,17438.613114279196,17673.852178395475,8176
2018-08-16,17214.55078125,17647.005837033823,17142.53637773972,17563.859022812674,9359
2018-08-17,17268.83203125,17406.311271431015,17202.085901300354,17362.286276417173,6450
2018-08-20,17207.447265625,17408.1455755427,17171.120646054325,17408.1455755427,7399
2018-08-21,17308.142578125,17362.337249918968,17225.911983498074,17234.06668448421,6652
2018-08-23,17283.40625,17387.534829919703,17142.446405891063,17198.197938094716,10737
2018-08-24,17224.537109375,17279.73926167628,17153.30113690322,17171.76329345445,5733
2018-08-27,17148.078125,17313.775833434298,17046.698220297498,17313.775833434298,9008
2018-08-28,17302.373046875,17485.065565778572,17152.524810500483,17152.524810500483,16232
2018-08-29,18395.6484375,18498.447414617785,17176.344412176306,17289.039262696264,32905
2018-08-30,20161.384765625,20324.104786476357,18466.4273470344,18507.61064601795,134315
2018-08-31,20147.958984375,20523.288136246556,19797.82583356357,20161.381939201136,56140
2018-09-03,19595.345703125,20477.481505894935,19545.687380995823,20147.963196158413,39269
2018-09-04,19167.8828125,19790.315359198114,18919.907970714867,19597.909515428135,35044
2018-09-05,18965.03125,19240.630424676892,18875.19533176658,19167.239908789295,27828
2018-09-06,19484.84765625,19582.333640844347,18819.123800259338,19011.987751571636,37057
2018-09-07,19610.001953125,19790.314422548177,18977.995670861157,19515.35768052896,24228
2018-09-10,19066.2734375,19693.60738082609,18966.634699104387,19423.82762286909,18165
2018-09-11,18785.451171875,19466.888471282753,18507.654524066544,19078.00036457925,26768
2018-09-12,19286.3515625,19423.73959075301,18846.613239677128,18910.748530235098,28277
2018-09-14,19300.505859375,19630.389193564097,19057.341158047133,19423.828488009578,16759
2018-09-17,19227.84765625,19332.205273896423,19048.177613474247,19080.24525255417,33202
2018-09-18,18990.2734375,19378.016291180975,18875.103727976868,19227.847759754866,11388
2018-09-19,18894.986328125,19139.799127255425,18675.229950594683,19056.42326700745,11364
2018-09-21,18322.900390625,19056.42440298692,18092.424961690776,19056.42440298692,33697
2018-09-24,18054.6328125,18484.98166551179,17683.014990087984,18434.314072568406,9694
2018-09-25,18463.353515625,18828.283939106408,17885.037305757985,17885.037305757985,8769
2018-09-26,18058.755859375,18601.799576686557,17776.193747990048,18601.799576686557,23779
2018-09-27,18112.078125,18484.703375135974,17912.06696326683,18141.030264086345,52493
2018-09-28,18263.984375,18341.175756288678,17957.87624045206,18278.552601888703,18495
2018-10-01,18127.287109375,18276.72195050104,17729.968700853882,18141.121647278953,10967
2018-10-03,18047.76171875,18278.557496871475,17957.881049557942,17957.881049557942,17910
2018-10-04,17521.576171875,18049.500438446612,17133.282142078762,17788.378223981774,34396
2018-10-05,17237.63671875,17545.577275861007,17132.500687815012,17521.57307653227,14961
2018-10-08,16823.052734375,17536.190961619446,16675.174728064572,17224.905763055714,28702
2018-10-09,16899.142578125,17077.302307321934,16560.73769349132,16904.228305687328,11141
2018-10-10,17025.53515625,17238.14253732882,16777.10220834377,16858.41658180219,14421
2018-10-11,16751.814453125,16885.124210796777,16511.169367718707,16766.79426387283,16480
2018-10-12,17046.423828125,17287.847347749786,16882.376016851256,16950.038379728783,16880
2018-10-15,17130.71484375,17353.082082767552,16787.13300610428,17087.47005891382,11176
2018-10-16,17370.53515625,17544.571885340574,17103.73311947009,17142.443340267862,16287
2018-10-17,16840.08984375,17581.31033796076,16734.724754956133,17545.577829587186,15393
2018-10-19,17462.98046875,17499.766986045088,16656.846272581137,16656.846272581137,9876
2018-10-22,16753.28125,17591.162914353783,16569.855055786138,17545.58105235094,19178
2018-10-23,16250.59765625,16675.127061094532,16138.316173724359,16656.849221226545,14470
2018-10-24,16814.02734375,16999.33250246977,16182.386064114715,16414.371831324555,16158
2018-10-25,17437.28515625,17563.905816765153,16447.126909047067,16720.068714144356,13227
2018-10-26,17050.638671875,17422.530218519823,16753.32585729624,17307.362303213464,34083
2018-10-29,17124.578125,17491.523553911076,17069.146917886093,17221.192628876546,13189
2018-10-30,18085.048828125,18214.41812435968,17041.887863059415,17128.699538979086,18700
2018-10-31,18092.103515625,18214.87676005281,17522.673878222882,18049.499367372067,20360
2018-11-01,17980.552734375,18741.47193313669,17886.090997881,18741.47193313669,50101
2018-11-02,17981.197265625,18782.476764564504,17673.76126232575,18003.691142619147,31948
2018-11-05,17782.23828125,18273.971869921155,17545.578406066186,18122.79586798899,63766
2018-11-06,17753.333984375,17977.30284513278,17661.987730310204,17820.44697878095,11241
2018-11-07,17849.99609375,17926.7293854823,17780.82160388984,17806.704773936854,1555
2018-11-09,18183.453125,18241.03888376191,17863.556898172337,17912.069947272255,14064
2018-11-12,17976.892578125,18278.55749314342,17875.421388031486,18250.15472210144,13690
2018-11-13,18008.41015625,18182.353858825765,17867.632843431125,17967.0425382501,8195
2018-11-14,17586.62890625,18203.42639089483,17438.246269037107,18049.501706292944,27968
2018-11-15,17610.5390625,17768.815759284233,17481.44355799214,17664.687201157674,16236
2018-11-16,17155.36328125,17742.56796706367,16996.76624616567,17742.56796706367,45744
2018-11-19,17139.556640625,17771.289110307574,17114.956539043447,17408.14637268873,48818
2018-11-20,17037.3515625,17362.333414629073,16954.707614189498,17215.738515086032,29951
2018-11-21,17146.841796875,17493.766401113975,16924.65887415278,17087.470139255172,32426
2018-11-22,17438.4296875,17522.675245630493,17183.674469636597,17183.674469636597,16656
2018-11-26,17131.314453125,17522.677514303065,17106.94340072842,17453.961131894033,29569
2018-11-27,16810.451171875,17460.370192475046,16748.468652906744,17179.091205798766,64225
2018-11-28,17121.552734375,17159.804845795898,16899.598866310025,16908.80757539367,17806
2018-11-29,17209.052734375,17407.23146830808,17121.553886792317,17178.176893484302,62651
2018-11-30,17383.638671875,17447.773952179177,17087.471109613205,17316.525682128125,31941
2018-12-03,17595.056640625,17764.465766115554,17408.14810309701,17425.785305780413,22537
2018-12-04,16962.7265625,17659.7395827358,16915.312268977552,17600.505716118707,63880
2018-12-05,16815.30859375,17279.87781681035,16760.290756367038,16967.356100301244,49108
2018-12-06,16844.767578125,17078.312020465793,16766.797745414377,16830.933037336727,23837
2018-12-07,16980.318359375,17027.090224604686,16858.414812557214,16931.712268263982,11688
2018-12-10,16935.240234375,17023.152448595178,16775.95605052595,16858.415692500137,15029
2018-12-11,17504.85546875,17615.991676188765,16881.322381359638,16904.18131242514,72553
2018-12-12,17565.783203125,17683.01261500251,17439.29855512735,17588.137497327014,27868
2018-12-13,17977.166015625,18094.39543277917,17637.29375930017,17655.526861595754,25703
2018-12-14,18041.57421875,18107.221615495622,17787.507966937188,17960.626692736965,19324
2018-12-17,18014.591796875,18171.35638006682,17940.469383254596,18095.310266037395,25278
2018-12-18,18197.517578125,18214.421091158973,17869.053294363406,18015.601706008998,31179
2018-12-19,17979.8671875,18324.365254280474,17948.715766567722,18309.705762077047,56190
2018-12-20,17964.337890625,18106.305193743083,17591.344006631745,17866.256010423545,60826
2018-12-21,18231.095703125,18315.205265512603,17850.86507855333,18040.339753774042,31018
2018-12-24,17788.837890625,18221.659809622506,17710.54774614125,18196.096959017923,14555
2018-12-26,17890.583984375,17994.528239494422,17564.592782448457,17820.44675448913,10735
2018-12-27,17783.017578125,18085.414333988225,17638.528888249188,17956.594407578625,30265
2018-12-28,17985.13671875,18029.344253062955,17655.66496599622,17770.054466315476,8290
2018-12-31,17968.140625,18134.7098371526,17921.826861009955,18018.350106474158,9793
2019-01-01,17936.34765625,18067.8249830792,17857.873200492148,18040.01811540718,4603
2019-01-02,17845.916015625,17984.400968408507,17803.76997737673,17879.998617717247,10810
2019-01-03,17682.876953125,18050.922950267966,17601.562571855025,17875.420603686292,18865
2019-01-04,17810.13671875,17860.070611164476,17607.240912065008,17683.011442190214,6798
2019-01-07,17875.787109375,17948.71773318017,17799.60319458522,17875.42026413196,8827
2019-01-08,17683.560546875,17907.393367840046,17637.47584533271,17879.998085895768,6385
2019-01-09,17844.587890625,17934.561601183283,17655.573129438053,17737.986249548856,8981
2019-01-10,18053.166015625,18086.10334886829,17765.47345934677,17811.284375951585,8856
2019-01-11,17882.568359375,18049.502637516194,17820.448035517256,17960.720715883588,11700
2019-01-14,17514.5234375,17838.773510098603,17435.45485767931,17838.773510098603,18658
2019-01-15,17527.302734375,17673.851136740235,17447.316160402286,17559.323848399512,8369
2019-01-16,17490.05859375,17682.922552734926,17454.921978597562,17597.347402584448,6336
2019-01-17,17546.0859375,17618.878769193365,17376.080907839423,17545.581301614817,7450
2019-01-18,17600.96484375,17673.850724144064,17426.104941891266,17622.54250016521,7530
2019-01-21,17450.294921875,17659.604290868985,17421.434043473284,17554.74381513835,5432
2019-01-22,17599.0390625,17702.251398038065,17399.074445367252,17495.18609003348,7505
2019-01-23,17490.744140625,17662.808853863546,17426.47107264596,17599.040421716283,5495
2019-01-24,17550.529296875,17627.994484486037,17371.591137758878,17493.356914076023,9082
2019-01-25,16974.087890625,17616.86150215859,16773.436099353326,17486.02482383527,19282
2019-01-28,16732.34375,16995.847748570668,16401.497713180277,16995.847748570668,13237
2019-01-29,16649.470703125,16752.36272339494,16421.196368822686,16752.133668843573,7895
2019-01-30,16907.984375,17023.33662098075,16670.36350832021,16903.312019401175,18985
2019-01-31,17272.271484375,17334.84990887965,16885.90295035158,17041.66005841234,21091
2019-02-01,17697.8125,17770.97218173466,17165.260552143056,17344.014405044192,14994
2019-02-04,17452.220703125,17860.762877325258,17339.434567219683,17650.948847423366,9148
2019-02-05,17459.8203125,17609.666720680387,17362.609922450403,17499.76706685961,9772
2019-02-06,17635.59765625,17682.095731714246,17446.398590567893,17554.741396945177,10117
2019-02-07,17614.068359375,17681.821989158736,17545.67230306619,17564.8216240824,8422
2019-02-08,17335.126953125,17698.040687636214,17270.716086619097,17660.10888963306,9120
2019-02-11,17223.71484375,17385.24487025054,17054.490013957497,17298.204118594476,16064
2019-02-12,17034.51171875,17206.62474341922,16950.128378364505,17206.62474341922,12840
2019-02-14,16569.21484375,16952.790057485607,16401.22654807598,16480.93755358867,45120
2019-02-15,16633.8984375,16699.91268866724,16309.60365232707,16630.280090634722,21066
2019-02-18,16232.6845703125,16629.360528952842,16171.25142347205,16629.360528952842,12603
2019-02-19,16273.2724609375,16409.973295885957,16092.686203933092,16281.19810660239,14644
2019-02-20,16652.86328125,16698.031769147135,16267.455700572958,16400.307352309545,10625
2019-02-21,16536.4140625,16761.75725868745,16428.071238381286,16739.30990823579,8542
2019-02-22,16602.55859375,16660.509386683774,16264.24507136587,16414.04672582709,38884
2019-02-25,16804.041015625,16868.496620862148,16583.64396817177,16583.64396817177,21822
2019-02-26,17191.873046875,17305.530638768534,16546.99317710984,16711.82120135208,37919
2019-02-27,17241.16796875,17453.959681932618,16978.717936467398,17206.580725810738,22036
2019-02-28,17432.24609375,17669.271067619597,17241.168039030264,17241.3970936202,27618
2019-03-01,17178.865234375,17408.14887948506,17134.199589223692,17408.14887948506,11992
2019-03-05,17337.875,17399.90226500274,17101.39761797986,17133.28273158608,18202
2019-03-06,17293.802734375,17444.155587205216,17158.93611801697,17408.147492648568,12834
2019-03-07,16937.39453125,17351.29616072782,16862.998318847232,17293.849987385016,22652
2019-03-08,16885.767578125,16965.84542540056,16675.17513358032,16938.129818379086,11836
2019-03-11,17500.046875,17563.90658115045,16939.961855967173,16950.04025828291,18632
2019-03-12,17483.873046875,17794.744834307912,17412.81960375752,17545.579989881597,14924
2019-03-13,17049.81640625,17591.39272758531,16952.788522839113,17591.39272758531,22948
2019-03-14,17004.55078125,17174.509248338116,16734.72453565728,17160.76597606684,28714
2019-03-15,16826.578125,17124.02875383235,16771.880608315045,17124.02875383235,30082
2019-03-18,16922.873046875,16959.568307162757,16826.57885730392,16931.714911747807,6788
2019-03-19,16896.2109375,16974.272021846788,16790.616777096184,16948.20632667932,8466
2019-03-20,16851.8203125,16950.03819641559,16816.728436546484,16896.210372413458,10493
2019-03-22,16754.9296875,16904.22673574731,16693.496537957508,16824.51574788769,10908
2019-03-25,16659.228515625,16766.792889106397,16555.237750984914,16726.479288717288,7894
2019-03-26,16659.228515625,16727.39550690795,16560.643796207547,16727.39550690795,17010
2019-03-27,16454.642578125,16676.961551443354,16400.310108728914,16675.175641277445,22614
2019-03-28,16387.619140625,16491.930241504728,16324.811657159687,16414.18947268076,25602
2019-04-01,16588.91015625,16766.794290734982,16538.83847004685,16766.794290734982,8461
2019-04-02,16442.68359375,16655.42877921338,16401.407241211447,16547.361540428887,17086
2019-04-03,16497.37890625,16565.225581909453,16443.415084147706,16446.117212128025,16319
2019-04-04,16338.279296875,16539.618255853497,16286.648967270625,16519.41492779189,24726
2019-04-05,16487.212890625,16583.55361663271,16317.345635460671,16401.226148692935,17558
2019-04-08,16487.30078125,16578.96913239761,16405.025456596235,16578.96913239761,7904
2019-04-09,16360.681640625,16505.673191138332,16244.504440753031,16505.626664426327,8785
2019-04-10,16298.2861328125,16384.455385542587,16262.873939547788,16345.33358205817,8167
2019-04-11,16337.4541015625,16447.90313547712,16246.381651618123,16308.684491247608,9027
2019-04-12,16474.111328125,16514.836519863802,16317.849565535329,16317.849565535329,6742
2019-04-15,16539.208984375,16582.638097775052,16417.6722463639,16491.932469194482,8112
2019-04-16,16742.46484375,16814.43449095693,16538.652844173037,16628.671272068445,12691
2019-04-18,16650.892578125,16899.599309454803,16557.48484214514,16899.599309454803,11005
2019-04-22,16581.62890625,16648.421583763607,16446.11985053083,16620.201341984917,6574
2019-04-23,16442.822265625,16625.928155122725,16409.471557938858,16583.55305408673,5583
2019-04-24,16497.197265625,16582.54335615223,16355.503750978478,16455.371543319987,8862
2019-04-25,16488.587890625,16669.58756501482,16400.31059901362,16501.094630627675,29378
2019-04-26,16508.97265625,16582.866028787743,16366.271639136932,16488.586796662417,5333
2019-04-30,16509.291015625,16673.93651777482,16400.30756467096,16447.95091625548,21101
2019-05-02,16479.05859375,16524.86951646897,16185.274577944572,16423.215794751242,20578
2019-05-03,16513.416015625,16582.866087023565,16376.625680459376,16582.866087023565,6131
2019-05-06,16510.986328125,16552.398676659457,16419.042396412075,16455.279543496286,6476
2019-05-07,16294.6689453125,16559.64038488182,16100.523694576335,16512.088291199223,25690
2019-05-08,15877.009765625,16336.172942948397,15591.836808334328,16218.163305388842,22326
2019-05-09,15723.083984375,15850.484850966845,15577.543069680201,15844.024796349931,12275
2019-05-10,15799.5908203125,15897.58145444226,15679.933052048753,15724.140591002013,11292
2019-05-13,15759.1826171875,16017.96774056438,15614.328872861304,15804.764474149175,15378
2019-05-14,15384.771484375,15746.037090794945,15236.299376415616,15667.38010438611,16433
2019-05-15,15580.154296875,15667.332825435942,15409.279585065422,15483.172948365029,14937
2019-05-16,15546.208984375,15713.876926780618,15444.737811580344,15593.89707134955,8071
2019-05-17,15787.1298828125,15932.94639617943,15548.225939748887,15548.225939748887,11099
2019-05-20,16145.369140625,16228.974056940464,15741.592468801611,16079.630480398868,10948
2019-05-21,15952.0009765625,16201.534458037475,15529.89992851917,16145.598615950725,56544
2019-05-22,15400.990234375,15918.286770588787,15346.657768985317,15850.66913877222,31915
2019-05-23,15379.408203125,15667.329745375542,15300.842499869681,15667.329745375542,32061
2019-05-24,15550.5166015625,15612.36134279717,15359.760648838728,15533.566561372256,15106
2019-05-27,15506.8583984375,15803.850946272949,15438.37107405731,15580.293660001826,12614
2019-05-28,15508.138671875,15658.078141723254,15450.508187844125,15548.223219066169,39129
2019-05-29,15591.8828125,15637.509410444012,15508.277892080174,15621.522116800375,6240
2019-05-30,15771.046875,16015.494613848974,15553.720627271177,15598.615320410685,19995
2019-05-31,16238.0,16308.68660348537,15762.666994486173,15771.048960783875,26187
2019-06-03,15946.6416015625,16379.234426569103,15914.711751944136,16262.874703339574,15636
2019-06-04,15943.3896484375,16308.59389183683,15823.638847224072,15959.8815772467,18088
2019-06-06,15821.66796875,16198.600506248233,15716.12034451152,16070.467744755779,13042
2019-06-07,15623.35546875,15931.204837592364,15556.059946029309,15931.204837592364,10975
2019-06-10,15654.0009765625,15969.684702352033,15548.45334596039,15684.558287948374,11388
2019-06-11,15702.4697265625,15847.828119446121,15653.589837586691,15673.33505797692,6762
2019-06-12,15485.1884765625,15841.414877989195,15451.105870584719,15702.149692248631,7922
2019-06-13,15587.1162109375,15621.429657563871,15406.20963606155,15507.131432639773,9519
2019-06-14,15494.5341796875,15574.794543124974,15430.032054871916,15530.357956540965,5423
2019-06-17,15138.583984375,15566.549202249482,15071.791311183284,15566.549202249482,8779
2019-06-18,15061.1640625,15163.367145613149,14959.417299072282,15138.584512971998,10663
2019-06-19,14897.2509765625,15154.38799220326,14853.82187262156,15127.130498642404,7357
2019-06-20,15201.619140625,15299.930084461947,14713.459081975036,14911.453507672206,11069
2019-06-21,15086.8173828125,15252.239523291577,15008.892300551362,15118.976287265607,28819
2019-06-24,15027.263671875,15211.606084030227,14968.258853539683,15132.261934569467,5669
2019-06-25,15089.4736328125,15119.15767191616,14935.456811281616,14935.456811281616,4962
2019-06-26,15140.4609375,15288.2476656391,15044.25801563966,15090.115457521972,8068
2019-06-27,15164.60546875,15282.522054417457,15117.602751671944,15140.416946449533,7685
2019-06-28,14969.771484375,15253.203276500351,14935.275505179736,15253.203276500351,10347
2019-07-01,15198.275390625,15337.447516088958,15011.045647825787,15116.685436806096,11772
2019-07-02,15318.482421875,15383.122337088162,15126.763747486057,15126.763747486057,5325
2019-07-03,15314.7705078125,15380.55569366251,15105.18558406643,15319.169071188251,10671
2019-07-04,15467.8720703125,15565.631841744855,15228.921635032204,15314.5880413659,9836
2019-07-05,15116.0439453125,15552.392877508999,15046.135778542535,15484.088092642118,10136
2019-07-08,14624.2177734375,15115.402025278165,14568.786568645157,15025.97948089935,11547
2019-07-09,14643.5029296875,14725.091980981872,14533.098637219107,14622.842388344563,7240
2019-07-10,14582.0263671875,14705.257725541684,14477.348428957273,14643.916732899028,8206
2019-07-11,14682.169921875,14741.953168877439,14507.81374979609,14613.682600596343,10272
2019-07-12,14688.583984375,14751.115888685734,14612.858177520682,14682.399510322291,5245
2019-07-15,14669.80078125,14796.926074927784,14567.871491724569,14796.926074927784,6643
2019-07-16,14656.46875,14696.14082152319,14578.910516756738,14587.110849094184,3784
2019-07-17,14659.0810546875,14817.90804176878,14533.651300001937,14659.49353189198,7009
2019-07-18,14265.8388671875,14661.324843681381,14212.37788871301,14659.49240713049,9671
2019-07-19,13892.7109375,14381.88030177599,13790.003212208092,14381.88030177599,12744
2019-07-22,13877.9130859375,13954.050469470885,13834.896457407467,13884.784723250781,14812
2019-07-23,13753.4453125,13979.385300973841,13743.275646419454,13862.384035355088,12152
2019-07-24,13443.6708984375,13812.219703650919,13367.71604469836,13754.268897113321,15929
2019-07-25,13745.51953125,13811.02914025983,13390.530568932458,13390.530568932458,17367
2019-07-26,13769.2958984375,13875.210379410546,13566.077957195994,13743.274939986675,9761
2019-07-29,13574.646484375,13778.963192119696,13524.987267041506,13747.85739779889,6880
2019-07-30,13084.5146484375,13649.775755357377,13018.867243795032,13578.356353885845,16929
2019-07-31,13229.091796875,13578.721215482881,13023.951068977538,13056.109971430467,22663
2019-08-01,13416.275390625,13468.40856808221,13070.495152397205,13101.005041837247,15351
2019-08-02,13547.1572265625,13724.949196585414,13212.05040622531,13212.05040622531,18569
2019-08-05,13092.34765625,13537.126030215344,13056.11139970008,13530.712501808475,17177
2019-08-06,13284.7998046875,13376.78848890628,13037.925475391625,13056.112052528391,11668
2019-08-07,12805.43359375,13367.579143447772,12740.015250316625,13366.708557128317,12764
2019-08-08,13200.232421875,13282.417386612622,12644.958471200072,12805.983845808416,17954
2019-08-09,13092.71484375,13294.328516633295,13028.625189974187,13282.692364413462,13859
2019-08-13,12396.5234375,13270.962440369136,12259.73223998802,13175.217639028491,32902
2019-08-14,12346.662109375,12643.068437417802,11726.979333780602,12396.894570525312,39288
2019-08-16,12689.74609375,12765.786421065692,12020.338545159097,12225.606670156221,25058
2019-08-19,12588.5888671875,13084.354208442888,12468.54892032105,12650.363631310343,35334
2019-08-20,12524.5517578125,12714.4920577136,12465.686018281725,12593.482745269785,21602
2019-08-21,12639.23828125,12766.480457156767,12483.232323765607,12484.155708063541,40423
2019-08-22,12376.0712890625,12718.185103243599,12200.905142316862,12600.222782699373,18075
2019-08-23,12703.55078125,12802.491764211001,12339.553431748185,12353.957865333237,17314
2019-08-26,13137.078125,13204.393189438893,12610.657187983705,13017.86959333633,21359
2019-08-27,13383.7158203125,13572.82472932836,13088.971395212566,13088.971395212566,24608
2019-08-28,13110.6240234375,13436.208917967238,12915.097427310873,13436.162929107648,10376
2019-08-29,12926.455078125,13232.095240340828,12783.330530863812,13047.418405165101,20266
2019-08-30,13367.6943359375,13439.857172624881,12861.864646195707,12973.548146711068,17501
2019-09-03,12732.822265625,13307.813818784847,12608.811941125943,13282.882444020262,16778
2019-09-04,12368.3154296875,12903.37057494598,12327.17884467789,12903.37057494598,20711
2019-09-05,12545.189453125,12615.08981593248,12373.3480178428,12373.3480178428,16427
2019-09-06,12749.396484375,12816.572684866645,12558.025109091239,12558.948493290436,10111
2019-09-09,13039.0615234375,13106.51455488517,12650.408776087676,12733.467360283677,12071
2019-09-11,13157.53125,13384.452898836782,12973.546962998053,13120.549896122977,17322
2019-09-12,12705.3955078125,13342.900251457966,12650.362176122779,13286.573821330705,15199
2019-09-13,12995.43359375,13097.282700049524,12667.031612052408,12779.638505970488,18336
2019-09-16,13151.9912109375,13195.159419675769,12785.176859680245,13001.248749407614,9982
2019-09-17,12621.599609375,13130.56915463008,12479.352455427643,13130.56915463008,24243
2019-09-18,12572.5673828125,12786.053972569644,12484.153352964398,12696.53170142459,15960
2019-09-19,12445.3720703125,12659.597201660808,12365.037646056886,12612.504608131656,12050
2019-09-20,12969.439453125,13295.80979615499,12364.530792538471,12447.21967165562,54824
2019-09-23,13672.7353515625,13757.50184477265,13034.307124869436,13377.990920670258,40525
2019-09-24,13458.92578125,13877.54166335577,13389.07140319773,13758.425097079045,18597
2019-09-25,13003.4658203125,13515.66630684117,12771.418653000195,13481.40911424097,23616
2019-09-26,13055.22265625,13405.692979438205,12939.245049615776,13010.484507527504,21859
2019-09-27,12926.3623046875,13113.855269709553,12763.292128220139,13052.034522591548,13599
2019-09-30,12986.19921875,13039.247824104435,12696.579388895223,13013.162219118916,14062
2019-10-01,12232.5322265625,13195.1602579791,11760.175217969816,12989.615295133288,31559
2019-10-03,12524.5068359375,12596.4848168716,12271.360689088546,12308.988596386353,18342
2019-10-04,12273.4365234375,12604.192886341827,12156.35160063664,12525.705238331639,14524
2019-10-07,12053.857421875,12168.541920577765,11911.656254189329,12097.44133673493,15465
2019-10-09,12253.2158203125,12411.89902744463,12005.009436815319,12005.009436815319,11755
2019-10-10,12305.708984375,12371.50010112415,12188.76202808118,12262.540777946611,12487
2019-10-11,12126.205078125,12354.881553677606,12006.073145090035,12331.704969158047,12277
2019-10-14,12322.978515625,12456.453528571923,12149.889957668596,12149.889957668596,20733
2019-10-15,12791.8271484375,12878.440412607732,12327.180003464058,12327.180003464058,31448
2019-10-16,13046.44921875,13156.239057787026,12793.487939801127,12793.764774709378,22292
2019-10-17,12922.2548828125,13250.655949899647,12761.35517743613,13019.717909938769,20203
2019-10-18,13056.1904296875,13286.574779360899,12984.72013446262,13003.003862363646,14639
2019-10-22,13452.6455078125,13573.747706036438,13076.967007679457,13111.963629468844,21606
2019-10-23,13482.470703125,13576.793852027247,13296.731622575222,13534.964730813028,16553
2019-10-24,13399.2275390625,13758.423977122959,13389.070313307577,13499.922401311698,15050
2019-10-25,13390.595703125,13644.84919819875,13340.08640379827,13499.877869504346,10698
2019-10-27,13559.8974609375,13666.086647727272,13356.7529296875,13524.808860085226,2589
2019-10-29,14455.39453125,14526.679970543679,13532.195205207068,13532.195205207068,36658
2019-10-30,14391.8662109375,14628.899116574546,14210.14437984542,14628.899116574546,16512
2019-10-31,14132.716796875,14562.598995837643,13956.166474318346,14515.598383377748,21813
2019-11-01,14152.75390625,14346.757444192637,14084.331506023122,14129.623315193045,15871
2019-11-04,14552.02734375,14634.7162186974,14258.8988484526,14266.193944345952,23444
2019-11-05,14479.6328125,14537.852002678323,14342.32540935481,14497.131122451681,21492
2019-11-06,14126.716796875,14579.313948493114,13739.957663789824,14450.963537520885,50078
2019-11-07,14090.5654296875,14192.73734582273,13472.682559072595,13943.10079916508,53604
2019-11-08,14177.501953125,14344.773359465149,13899.748169744662,14081.608865905602,17292
2019-11-11,14157.0029296875,14212.636824589985,13914.706568618583,14127.731471855072,10472
2019-11-13,14129.9013671875,14307.83767662834,13898.870468110897,14127.731775090631,15649
2019-11-14,14031.7001953125,14146.245824002373,13898.317168405465,14127.77814015903,8304
2019-11-15,13895.6845703125,14207.141848533636,13781.553753906313,14118.54296332377,23230
2019-11-18,13895.869140625,13993.886728390135,13788.895448040243,13956.859384843685,11422
2019-11-19,13825.6015625,13982.715753713035,13769.505969177339,13982.715753713035,11380
2019-11-20,13905.8876953125,14215.54419219862,13741.80216058055,13864.612245740958,13794
2019-11-21,14573.3115234375,14677.192248695648,13906.166421224061,13906.166421224061,59979
2019-11-22,15085.6513671875,15143.50175134311,14045.828720434018,14589.471199464704,47256
2019-11-25,15208.4619140625,15369.731339247292,14958.825334683455,15097.332976671265,33475
2019-11-26,15324.8984375,15836.038464552965,15100.332129472348,15235.838755983901,82463
2019-11-27,15342.2119140625,15937.888483910601,15190.639845600916,15328.177196096101,35879
2019-11-28,14967.7802734375,15608.054303577743,14917.77866089502,15344.797842461832,34275
2019-11-29,14905.8212890625,15093.453137124423,14737.303674113167,14959.747286543236,21533
2019-12-02,14665.556640625,15284.315992766167,14589.469426715326,14940.35540026924,22534
2019-12-03,14457.9814453125,14770.731883535469,14434.343168272295,14654.108628485243,13445
2019-12-04,14450.9619140625,14600.735003194412,14336.969960660294,14386.325023712061,8551
2019-12-05,14458.626953125,14534.021635392508,14294.126595360973,14533.14424003494,14070
2019-12-06,13982.8525390625,14520.216139597871,13940.56172423173,14418.643880433752,16190
2019-12-09,14052.431640625,14197.033257694191,13859.997996617223,14007.739480924934,21027
2019-12-10,13822.3701171875,14146.247153017854,13763.088666132497,14095.461017677384,13826
2019-12-11,13871.3544921875,13979.991005618984,13670.79526063682,13849.839820358211,21636
2019-12-12,13818.3984375,14035.439711372454,13733.447091878536,13878.233552763166,13378
2019-12-13,14033.5458984375,14358.623098265527,13840.234891435724,13840.234891435724,29483
2019-12-16,13839.265625,14180.410071875413,13786.494763062536,14035.438763593558,10454
2019-12-17,13999.10546875,14253.3589554476,13941.855646565642,14127.778700333525,21002
2019-12-18,14035.9462890625,14095.458575877736,13953.303410415854,14081.561825235895,15267
2019-12-19,13946.287109375,14173.947300819162,13897.024021847576,13953.304468514287,11997
2019-12-20,13872.7861328125,14076.946931961906,13804.594566503702,13947.81110328263,21039
2019-12-23,14219.3779296875,14349.390242657311,13810.179867186589,13900.625528504708,20770
2019-12-24,14186.64453125,14401.70108013853,14103.03226917364,14266.286421466926,21458
2019-12-26,14154.1416015625,14333.693851055988,14064.065647454343,14220.30244441036,18958
2019-12-27,14323.0283203125,14422.799804800195,14172.10098940897,14220.02499105917,13003
2019-12-30,14488.3125,14542.37645970588,14342.002106302096,14377.136691608077,12505
2019-12-31,14196.6630859375,14607.938790326729,14151.971829419632,14497.13268066559,17808
2020-01-01,14113.7421875,14349.113173233878,14081.608598718281,14219.793400516743,10221
2020-01-02,14231.056640625,14266.284104142169,14035.438083039544,14147.121568397448,12982
2020-01-03,14010.4169921875,14279.121804040458,13970.803447887469,14206.266427346247,12150
2020-01-06,13683.4443359375,14007.737017306259,13629.241508066569,13989.223346158544,10161
2020-01-07,13691.939453125,13850.71552968096,13571.714662795637,13712.299892208792,12015
2020-01-08,13414.3720703125,13615.484969961424,13394.334452700736,13612.529960154767,10878
2020-01-09,13739.86328125,13790.741383911209,13490.641554666405,13582.979963664808,10637
2020-01-10,13718.810546875,13928.788467148295,13604.68062453044,13740.879789163298,12854
2020-01-13,13658.05078125,13795.358174486415,13622.269648099977,13781.50741326705,6553
2020-01-14,13973.849609375,14034.51613025626,13613.960625772963,13697.480905074108,16359
2020-01-15,13813.50390625,14081.608130516712,13667.932035928417,13970.940902069875,12863
2020-01-16,13689.400390625,13923.80108820097,13667.931709888957,13887.69712989663,14103
2020-01-17,14208.251953125,14266.240302166594,13720.289378569756,13772.27573014263,33609
2020-01-20,13823.3837890625,14358.623781592234,13776.891757000394,14293.986889970918,17559
2020-01-21,13791.2041015625,13970.802320420516,13749.190122343787,13786.079499830445,14888
2020-01-22,13539.166015625,13931.881112165445,13482.33190184576,13832.248503960163,15276
2020-01-23,13826.5234375,14035.439101761416,13529.424586776859,13582.057483408464,21615
2020-01-24,13871.494140625,14074.176986917097,13783.0800971969,13896.841219063323,10465
2020-01-27,13741.6650390625,13941.855458556309,13703.021770306137,13795.268214214255,6658
2020-01-28,13564.0966796875,13896.930657749293,13527.715887316568,13751.959354542209,19596
2020-01-29,13608.421875,13746.375847733523,13541.846228817238,13564.515132642086,14115
2020-01-30,13148.9453125,13573.748042839148,13070.503642611438,13543.276363559306,29296
2020-01-31,12821.8369140625,13250.56404277754,12779.638073312972,13250.472065049129,24677
2020-02-03,12576.03125,12832.224379451785,12468.272132328198,12558.025257902273,13218
2020-02-04,12939.61328125,13019.716858375108,12605.117364090682,12668.830872121027,16428
2020-02-05,12736.884765625,13333.667791194024,12516.472777675554,13042.801769433212,73277
2020-02-06,13030.013671875,13110.947758179187,12763.478454538319,12815.649663269114,21721
2020-02-07,13106.5595703125,13158.223089739615,12846.719832238368,13111.361347858612,20872
2020-02-10,13003.697265625,13125.629972644714,12904.294592734272,13106.561727630044,8908
2020-02-11,13111.59375,13162.84157232649,13024.333944417056,13093.587758371774,14836
2020-02-12,13277.8037109375,13335.607203803218,13029.829053039017,13166.535909750533,12694
2020-02-13,13558.00390625,13595.86265757463,13166.350146178873,13277.802796890339,15744
2020-02-14,13495.3525390625,13638.385117409209,13416.772901554217,13574.625616487745,12034
2020-02-17,13731.18359375,13804.592631489357,13481.40818861168,13481.40818861168,14321
2020-02-18,13437.919921875,13757.502871729419,13329.0525507359,13731.278396557818,20019
2020-02-19,13501.4921875,13645.448137099169,13296.731752355225,13555.279314206577,10379
2020-02-20,13437.9638671875,13527.393263554957,13325.541844238705,13400.19709385314,13302
2020-02-24,12982.275390625,13426.469221415173,12928.303398716263,13328.682464751893,11390
2020-02-25,12739.7919921875,13019.71625230907,12715.045477815262,13019.71625230907,8883
2020-02-26,12272.376953125,12774.789950987632,12209.03225402554,12696.533137648308,14261
2020-02-27,12160.1376953125,12270.851814194539,11835.937885043691,12262.54135694962,23014
2020-02-28,11199.21875,11877.582379330406,11089.843716345857,11795.309211707074,35280
2020-03-02,11495.1181640625,11817.42524534073,11366.582900435298,11422.816458324298,34896
2020-03-03,12147.6728515625,12273.94564123203,11653.108633487967,11653.108633487967,37746
2020-03-04,12438.81640625,12641.129520939305,11923.059447170155,12223.29817629175,39121
2020-03-05,12120.572265625,12566.566849325362,12050.164217991143,12374.31807202778,21125
2020-03-06,11984.9736328125,12067.616521378563,11405.642006346294,11773.148929802077,27391
2020-03-09,11266.810546875,11828.181218094998,11175.718340004274,11773.193872446005,28079
2020-03-11,11457.673828125,11559.523825452205,11091.414031011342,11265.241104397064,29903
2020-03-12,10443.0126953125,11528.496716208534,10360.415805507768,11264.36286927956,56598
2020-03-13,10626.4443359375,10961.632803502862,8956.826819239694,9788.7959908,37443
2020-03-16,10221.494140625,10563.516034465876,10162.028734763162,10415.589694264114,24474
2020-03-17,9667.6015625,10517.48472633217,9520.090939074476,10235.80565954888,22858
2020-03-18,9395.0634765625,9860.772787124291,9303.094781159809,9787.871432287242,21180
2020-03-19,8822.5654296875,9339.52256313305,8568.26598761774,9090.71653510713,33440
2020-03-20,8894.4970703125,9094.409721827958,8495.179448172546,8845.973417694959,33696
2020-03-23,7767.36865234375,8460.23049487873,7560.346195080802,8449.888411982538,28935
2020-03-24,7717.138671875,8324.217889639714,7248.567105813733,7689.713976489213,35443
2020-03-25,8506.3056640625,8864.48669008045,7442.475283546712,7534.813686568383,25034
2020-03-26,9110.80078125,9316.022913525858,8316.875250323863,8576.53105990055,25106
2020-03-27,9170.5888671875,10477.408168832479,9049.16386230051,10021.856999787957,56943
2020-03-30,8572.3759765625,9233.795889996589,8310.457690971758,9233.795889996589,24146
2020-03-31,8675.703125,8772.150794877436,8322.000951456095,8588.582177539443,24602
2020-04-01,8528.1904296875,9002.994699739116,8375.647200682955,8678.886890548507,57719
2020-04-03,8141.15625,8455.983394117076,8042.676957328386,8448.966034392048,34590
2020-04-07,8549.4296875,8647.585250331227,8218.119607708502,8329.387406891523,28486
2020-04-08,8872.984375,8965.922461435655,8290.28290734087,8328.556464229,29889
2020-04-09,9423.689453125,9506.240361497317,8952.163851324525,9012.229813328198,23791
2020-04-13,9257.203125,9510.810947599723,9090.717139751996,9510.810947599723,16241
2020-04-15,9718.1103515625,10064.887083527688,9289.42926637647,9289.42926637647,55033
2020-04-16,9584.9580078125,9856.202092954469,9342.24685266409,9695.53325613846,34918
2020-04-17,9917.1015625,9972.365753101822,9559.843810031678,9972.365753101822,28346
2020-04-20,9847.0615234375,10249.565074773549,9694.611145950224,9972.549802482372,35034
2020-04-21,9240.166015625,9642.808382331323,9141.502783152244,9561.688546386957,24151
2020-04-22,9616.21484375,9714.001589266654,9049.164978594412,9049.164978594412,36578
2020-04-23,9788.6572265625,9998.911993346877,9658.87575507275,9690.917367785418,25489
2020-04-24,9430.0146484375,9695.533580574185,9326.179920361836,9667.83205605826,22577
2020-04-27,9339.7548828125,9778.639237851236,9280.01174130358,9603.104252078378,29015
2020-04-28,9217.3134765625,9603.150122926361,9150.829811173184,9473.922317977394,42651
2020-04-29,9256.001953125,9381.582187125898,9196.905372418696,9372.348346390538,31297
2020-04-30,9799.3681640625,9935.70529083136,9338.691457462888,9417.594812310017,71215
2020-05-04,9165.142578125,9511.088856653614,9127.653537343363,9469.30571830614,37610
2020-05-05,9156.6484375,9404.66909989902,9095.335359254328,9388.971566791677,23770
2020-05-06,9107.8916015625,9316.946135203953,8977.325622933193,9215.373878031263,24152
2020-05-07,9137.1181640625,9303.096485983648,9048.242428402358,9104.56886866489,20333
2020-05-08,9041.91796875,9326.181465902317,9003.08893739154,9326.181465902317,34107
2020-05-11,9105.953125,9224.607992572124,9050.688942318024,9111.955122192365,26023
2020-05-12,9019.0634765625,9105.491879676274,8913.012256845435,9072.250047441376,35394
2020-05-13,9041.1318359375,9260.528470154391,8894.03690836422,9234.811678288974,51558
2020-05-14,8787.5244140625,9095.334169655363,8729.720023370339,8993.761909892713,35711
2020-05-15,8848.9296875,8910.657560786316,8666.006735802572,8818.36512932897,40860
2020-05-18,8375.4169921875,8947.592336508527,8338.158802752529,8901.4231294058,40937
2020-05-19,8448.2734375,8644.03090054342,8376.987992307399,8419.509657115277,24817
2020-05-20,8554.5078125,8622.931120756113,8400.949204897875,8494.211006359152,24354
2020-05-21,8630.5966796875,8725.982102640877,8495.136015269425,8569.00676322829,29393
2020-05-22,8790.89453125,8864.48843327893,8522.83627491297,8623.48515399916,102226
2020-05-26,8672.2861328125,8838.680157412165,8541.350424621496,8836.787400020838,40023
2020-05-27,8708.7138671875,8771.227162484956,8542.412721203404,8675.241187469626,28661
2020-05-28,9115.740234375,9187.672219787655,8689.645343123533,8741.67767886731,59908
2020-05-29,8976.3564453125,9049.164926910134,8746.294917111509,9014.076328213952,211974
2020-06-01,9519.3984375,9589.2059213965,9049.16503989136,9049.16503989136,68851
2020-06-02,9694.8876953125,9870.977245227383,9469.305112236372,9593.961981095652,58406
2020-06-03,10197.2548828125,10304.044629783728,9741.74962218309,9833.118672154038,86297
2020-06-04,10118.12109375,10471.176676825926,9979.058894192234,10197.254397153634,94397
2020-06-05,10607.74609375,10751.840022998826,10110.872496797394,10249.564988978724,75829
2020-06-08,10483.5966796875,10942.102930577701,10297.303914603614,10712.641953510312,93860
2020-06-09,10332.068359375,10644.957628165672,10269.140268884812,10483.642232420723,52191
2020-06-10,9978.181640625,10332.068635193496,9911.09831955588,10324.173880633793,58612
2020-06-11,9956.8505859375,10172.876472914913,9834.040502664784,9981.781956225945,42239
2020-06-12,10077.21484375,10128.601536428203,9418.519069337923,9418.519069337923,34859
2020-06-15,9833.4404296875,10147.668770698307,9755.784185007447,10046.419340089542,30417
2020-06-16,9756.5693359375,10138.204743319513,9649.3647921021,9972.549258823223,32772
2020-06-17,9762.3408203125,9901.449014075817,9616.769838736564,9741.70354364449,24994
2020-06-18,9794.796875,9862.24990339241,9677.065401838323,9695.5330839029,27624
2020-06-19,10110.2255859375,10226.388039719148,9787.872522337471,9861.743258355113,58972
2020-06-22,10469.9765625,10610.60779518844,10185.851065070376,10230.173506473999,48288
2020-06-23,10468.2216796875,10602.712947334754,10334.561818506196,10511.805593699239,40337
2020-06-24,10527.78125,10696.483742130895,10396.47582205732,10525.195954305855,40167
2020-06-25,10570.0224609375,10626.348884000074,10369.60214742148,10470.251001746406,35402
2020-06-26,10354.369140625,10687.75683901399,10266.1859459998,10607.838113657644,39854
2020-06-29,10115.2568359375,10341.901637438568,10073.242860535405,10338.438947158176,35590
2020-06-30,10543.29296875,10692.789234197966,10111.011188552799,10176.802314022281,66211
2020-07-01,10424.5,10572.749153856914,10295.733892183807,10549.664548717488,31740
2020-07-02,11001.8447265625,11075.992289511061,10461.757005287427,10471.175703464396,72592
2020-07-03,10874.7421875,11148.340757568089,10756.503015871293,10989.19584444023,47869
2020-07-06,11115.052734375,11198.803863803874,10877.46615399156,10942.011071918065,47140
2020-07-07,12448.28125,12737.161635843102,11126.779593439856,11241.002399158333,248802
2020-07-08,12491.6328125,12733.467483119264,11984.879769154786,12456.452236931029,213525
2020-07-09,12383.59765625,12686.09886542496,12266.512718409153,12558.025294754243,77152
2020-07-10,12310.6962890625,12557.100987450889,12236.363865392392,12370.57739016689,41548
2020-07-13,12797.0908203125,12890.444610772325,12313.329432997776,12463.84107136138,61390
2020-07-14,12231.3310546875,12802.53611734717,12097.255498536617,12664.213354891206,64205
2020-07-15,11999.654296875,12523.859678082226,11911.655964555093,12372.054957650951,63992
2020-07-16,11829.8427734375,12208.799046338234,11713.172657728204,12160.967932918633,59445
2020-07-17,12177.4521484375,12511.85610230416,12004.91816871265,12004.91816871265,109426
2020-07-20,12240.5654296875,12419.517101704103,12128.651087798022,12419.517101704103,40007
2020-07-21,12154.0439453125,12410.283048433048,12030.079622451478,12299.568927504928,47983
2020-07-22,12248.416015625,12463.841394419944,12050.1652242688,12281.011301362072,47894
2020-07-23,12309.6337890625,12502.621071480477,12154.505255826996,12271.775039880025,40613
2020-07-24,12188.0703125,12354.880021165816,12110.183219550798,12306.86404499985,28090
2020-07-27,11921.4912109375,12328.703664606066,11812.20814406058,12233.917910781933,31452
2020-07-28,12191.94921875,12253.077432863662,12016.460232677424,12040.8839250061,26471
2020-07-29,12164.5224609375,12327.176920096943,12094.806965996127,12167.847184523085,18308
2020-07-30,11989.08203125,12398.972653601657,11902.422781547568,12188.579916488257,39960
2020-07-31,12076.619140625,12187.748068513974,11962.719158390752,12074.679492757547,16982
2020-08-03,11909.482421875,12329.299113651407,11867.361124085903,12174.358625038562,31958
2020-08-04,11885.0947265625,12143.034952077849,11841.437150278445,12049.949210781737,29889
2020-08-05,11963.4716796875,12087.788409081586,11822.586779902816,11978.17995341294,23894
2020-08-06,12162.3037109375,12333.860547920489,11921.67707307807,12072.289618564591,53334
2020-08-07,12713.3251953125,12836.523811130925,12147.642959840578,12147.68932090345,116364
2020-08-10,12652.2138671875,12929.423020992159,12569.832986725016,12710.857883787912,44968
2020-08-11,12345.54296875,12859.608982065365,12205.402565126442,12770.898451208985,88879
2020-08-12,13336.859375,13483.469415241669,12057.62859530405,12333.860528267318,209342
2020-08-13,13401.6005859375,13707.666322663745,13104.936145501391,13311.261055477471,107444
2020-08-14,12757.541015625,13404.254212341792,12699.408787562914,13404.254212341792,85542
2020-08-17,12934.357421875,13026.233237066666,12543.304557685367,12845.83323903956,61158
2020-08-18,12859.7021484375,13162.323522962426,12784.209068521573,12995.700049793382,60135
2020-08-19,12674.4619140625,13022.695311418564,12641.974626474303,12984.437435056236,55444
2020-08-20,12806.830078125,12901.033037984158,12567.506980902017,12650.35329756747,33183
2020-08-21,13215.1494140625,13385.72902771541,12800.731529671742,12891.443762505613,85025
2020-08-24,13215.525390625,13483.518749278259,13163.024658165474,13310.332873935831,52366
2020-08-25,13268.953125,13534.66655074973,13200.53510632874,13311.168053373121,43362
2020-08-26,13307.119140625,13427.618820269065,13209.844536346447,13334.53307454796,35289
2020-08-27,13167.67578125,13432.271991477122,13109.962623698262,13432.271991477122,30520
2020-08-28,13039.1259765625,13311.261793743568,12986.392537378779,13218.176046934173,30109
2020-08-31,11928.0068359375,13231.25356927334,11835.89831353194,13162.323759962248,133776
2020-09-01,11535.697265625,12274.193566153848,11403.934575894618,12194.232547891559,94365
2020-09-02,12057.861328125,12156.997641202184,11542.631757343575,11542.631757343575,89002
2020-09-03,12160.9541015625,12337.537936704413,11845.16072046867,12098.353939798137,72433
2020-09-04,11967.427734375,12276.79872540529,11728.802812204754,11881.696134578138,68035
2020-09-07,12162.3037109375,12233.467940963588,11767.061113539881,12073.220475964434,61989
2020-09-08,11891.1923828125,12222.15857427817,11831.198437096386,12156.99855141454,58804
2020-09-09,11894.587890625,11955.931753349352,11700.923201576308,11891.19080673595,42769
2020-09-10,12055.7216796875,12123.67427630752,11836.783816714622,11942.808848207816,54842
2020-09-11,11982.13671875,12138.380773293118,11884.256697287825,12023.698957185203,34008
2020-09-14,11964.8232421875,12378.543040039021,11877.601712593889,12073.221779914733,76633
2020-09-15,12177.0576171875,12233.002693169661,11942.760624374048,12006.198920727673,49683
2020-09-16,12228.9521484375,12356.991395813904,12036.497390284892,12138.379909601084,72399
2020-09-17,12066.9375,12175.615104236977,11882.581369010373,12175.615104236977,96566
2020-09-18,12166.865234375,12311.520848241977,11923.120570461168,12147.68993418704,89575
2020-09-21,12031.8916015625,12208.1963795351,11868.433384603319,12175.616366322463,87236
2020-09-22,11538.5361328125,12003.406702495075,11283.155757473316,11952.674971957193,106829
2020-09-23,11867.9189453125,11914.973600653888,11403.094800865909,11589.173541261009,103685
2020-09-24,11533.8349609375,11803.27181682928,11273.753949136039,11646.00327749333,97035
2020-09-25,12036.0322265625,12101.145881788358,11579.865751495936,11710.185784069043,100853
2020-09-28,12558.0107421875,12735.990857629466,12037.242391595553,12193.300997229086,90572
2020-09-29,12702.201171875,12873.711650078378,12488.429403540204,12580.630648413497,72355
2020-09-30,12780.7197265625,12920.767418045685,12579.142718472704,12702.202260726443,73855
2020-10-01,12614.5126953125,13074.309840250082,12530.083756432166,12808.875517657572,39876
2020-10-05,12473.6298828125,12852.767942230706,12439.09452582549,12715.512828753524,30511
2020-10-06,12372.7236328125,12689.447857693682,12299.185899482261,12601.016406220611,76880
2020-10-07,12308.263671875,12508.398040523374,12256.64744010618,12422.293719128143,30601
2020-10-08,11953.7919921875,12390.643200507746,11896.357907181204,12390.643200507746,42918
2020-10-09,11857.076171875,12114.504624965473,11775.766134990783,12026.678585751515,33004
2020-10-12,11662.8056640625,11933.080668956061,11627.386720047258,11857.262148164764,37951
2020-10-13,11318.52734375,11728.802724777433,11227.768751236841,11706.881215778487,45049
2020-10-14,11240.5224609375,11535.371549949854,11175.455163392468,11319.13355219182,62663
2020-10-15,11036.7109375,11386.247896723316,10984.117493568929,11286.64615334943,51324
2020-10-16,11132.2158203125,11240.19527339306,10946.92884577846,11128.399668776668,38590
2020-10-19,11080.6015625,11329.373214086001,10974.80925051057,11170.242952432718,33701
2020-10-20,11073.0146484375,11168.427535786905,10942.229178460999,11080.69422229733,28573
2020-10-21,10936.2724609375,11234.985007230749,10848.586408462328,11128.401819581888,50224
2020-10-22,10995.0087890625,11046.065955023596,10900.573121828438,10977.32249805123,22523
2020-10-23,11368.283203125,11416.734152619523,10985.979858473724,11077.203890513245,50372
2020-10-26,11022.6083984375,11430.789386429624,10921.3312906366,11397.418510776673,50034
2020-10-27,11117.0439453125,11356.320666146697,10855.240292839657,11048.346848711717,54636
2020-10-28,10990.26171875,11205.848859661244,10837.787443128227,11053.932734919343,52643
2020-10-29,10962.427734375,11064.123897996213,10826.80163916088,10904.99365512593,33533
2020-10-30,10807.3955078125,11155.86164740511,10767.694072039603,10974.809864650695,40856
2020-11-02,10769.8798828125,10929.196486844596,10640.630699354448,10872.414186725568,38084
2020-11-03,11003.4775390625,11237.960851200492,10751.401569779964,10874.740159216833,59568
2020-11-04,10986.865234375,11135.941524671269,10928.034855766746,11049.279050912606,31121
2020-11-05,11173.5478515625,11207.245074419177,10965.501203099617,11032.522942201755,43860
2020-11-06,11042.5302734375,11649.030321311222,10797.947455006217,11261.514509540104,103282
2020-11-09,10890.1474609375,11113.460522550075,10815.120715514464,11113.460522550075,76944
2020-11-10,11170.380859375,11216.78464343608,10914.302367444541,10993.42524175011,51522
2020-11-11,11392.53125,11587.266804088757,10933.33946648279,11077.110576822186,84766
2020-11-12,11072.7353515625,11432.04631527267,11012.043266039636,11393.694807804322,61962
2020-11-13,10926.68359375,11147.017729339696,10872.414787364312,11147.017729339696,60754
2020-11-14,11030.2880859375,11058.586516059433,10917.747965554416,11049.277941550965,4332
2020-11-17,10817.634765625,11140.595041028044,10784.030265177955,11140.50231889626,85398
2020-11-18,10706.4912109375,10881.678789958954,10486.15703911665,10859.38456902618,134113
2020-11-19,11102.84765625,11151.624946117927,10650.870041463717,10748.610065441491,129425
2020-11-20,11089.537109375,11188.906138516988,10945.44056320951,11077.24960967769,66468
2020-11-23,11002.26953125,11160.980725046533,10920.819505108084,11147.017863422205,67710
2020-11-24,12082.529296875,12380.40367091198,10984.117542613636,11030.660413556914,411535
2020-11-25,12032.0771484375,12830.333779712702,11758.405055793935,12287.318445221332,443533
2020-11-26,11893.099609375,12432.485113348965,11672.951833566509,11836.782736493758,407884
2020-11-27,11929.9609375,12238.633790993796,11654.334430128853,11984.788800951197,811403
2020-12-01,12339.3994140625,12400.836002864418,11775.346187034374,11961.052239549264,186863
2020-12-02,12381.2421875,12454.08178276941,12194.232562674548,12454.08178276941,138798
2020-12-03,12107.3828125,12426.945967827129,12054.603017480249,12381.24123428821,214721
2020-12-04,12212.5224609375,12528.408525215858,12072.148451470102,12101.145020269421,239535
2020-12-07,12507.3740234375,12613.119071371684,12162.258606779858,12265.909225347947,218997
2020-12-08,12330.462890625,12600.551536161716,12287.31801258336,12520.032368882288,157904
2020-12-09,12575.2783203125,12702.8057868226,12333.860812108282,12380.40368309737,162516
2020-12-10,12294.951171875,12529.340888713119,12219.970788409253,12483.82159720258,118375
2020-12-11,12252.96875,12474.420090371596,12147.689141060318,12361.786344312723,111843
2020-12-14,12277.4970703125,12362.71688176741,12156.997400488093,12360.855167004702,71210
2020-12-15,12321.712890625,12371.048332215947,12193.300932072176,12278.474383120698,58737
2020-12-16,12402.8828125,12622.471506891596,12338.51366578398,12371.093671691367,108504
2020-12-17,12430.1572265625,12520.031321639502,12380.402719539434,12426.945586906124,49405
2020-12-18,12290.25,12515.098418690171,12240.774566557786,12450.217477392425,64307
2020-12-21,11587.9189453125,12374.818926154301,11086.512216826968,12340.563553841554,112236
2020-12-22,11749.142578125,11812.580876075666,11235.449265109006,11587.918797261525,106445
2020-12-23,11772.0888671875,11849.769104027962,11662.759476708927,11766.03829369786,55199
2020-12-24,11809.1357421875,12011.737213601653,11772.087800446949,11849.81439130903,46406
2020-12-28,11952.861328125,11999.310569020874,11868.432376392297,11922.422107986866,33109
2020-12-29,11946.671875,12061.632779703956,11840.275041361454,11998.753535497879,47137
2020-12-30,11932.2421875,12054.603577045747,11791.170927446987,11984.78927061498,50895
2020-12-31,11901.384765625,12031.332097233097,11604.999400866925,11891.61076276071,44397
2021-01-01,12088.1611328125,12189.578233177655,11896.358138221492,11927.076433883567,40773
2021-01-04,12412.33203125,12448.589109910467,12118.181083744217,12129.258650763308,66155
2021-01-05,12504.673828125,12572.719145592357,12216.99250871733,12333.86148231334,66025
2021-01-06,12383.1025390625,12678.277039561244,12262.50924277916,12473.488423650564,65687
2021-01-07,12905.08203125,13031.073221352657,12380.403874847514,12493.9684818198,142981
2021-01-08,12898.47265625,13201.187681719504,12846.810067617747,13032.00433966704,91160
2021-01-11,12957.208984375,13106.471598085047,12722.585660104525,12966.842994412265,47341
2021-01-12,13614.8134765625,13915.806771607095,12867.149516938389,12915.879539722775,196125
2021-01-13,13758.5380859375,14286.799671389246,13520.750376369677,13685.465778522588,191862
2021-01-14,13767.9873046875,14039.005909732785,13715.905647802043,13812.993899426805,72742
2021-01-15,13744.341796875,13953.551991002945,13464.153728209763,13776.689090516584,68211
2021-01-18,13510.556640625,13739.45483237676,13416.447323783621,13739.45483237676,80529
2021-01-19,14132.7431640625,14195.576041623784,13637.061574412357,13637.061574412357,71780
2021-01-20,14783.9697265625,14852.760451004011,14037.794809561668,14116.126822209671,174212
2021-01-21,14713.3173828125,15079.888819341253,14582.671010487382,14809.940192328355,103614
2021-01-22,14587.1396484375,15405.68867046316,14484.186283257806,14753.064965990978,131272
2021-01-25,14778.6650390625,14919.409953091857,14266.180761587835,14748.504895175955,88902
2021-01-27,14467.8974609375,14800.632619464297,14349.166781700764,14800.632619464297,61551
2021-01-28,14681.6240234375,14844.291366479112,14313.283540390108,14382.259715368378,75419
2021-01-29,14267.7177734375,14959.996650930183,14195.576320007951,14786.391733967463,68777
2021-02-01,15071.234375,15307.020392746921,14201.20806817771,14450.631511615375,90065
2021-02-02,15388.2353515625,15544.852098505435,15033.345991847826,15144.118014945652,64405
2021-02-03,15406.66796875,15619.787041466638,15305.715393715138,15452.232710866876,54280
2021-02-04,15228.0830078125,15666.37777291892,15133.135550219682,15382.41898746411,52012
2021-02-05,15057.736328125,15442.877685533918,14941.937298777562,15311.67405637707,59820
2021-02-08,15526.0966796875,15637.474136010014,15009.983499264017,15154.359124605216,84227
2021-02-09,15195.083984375,15612.340827685888,15079.890377325983,15524.514792715609,47103
2021-02-10,15158.12890625,15327.591321306998,14963.346987029896,15266.06200817074,64242
2021-02-11,15100.9267578125,15433.615553196609,14830.187249073588,15210.209779205827,113237
2021-02-12,14535.6640625,15079.56478071429,14447.093524333768,15061.273068779105,129893
2021-02-15,14618.7431640625,14921.27182741563,14558.65649904153,14683.345033022395,63995
2021-02-16,14502.3857421875,14753.997227359641,14270.044096252173,14707.081650276335,58454
2021-02-17,14702.8935546875,14786.67072593928,14370.298366626028,14562.566792840767,46935
2021-02-18,14726.7216796875,14856.483560113169,14629.214370607184,14701.030380004215,62229
2021-02-19,14504.1083984375,14892.787728860534,14429.3134599878,14661.981451835809,54003
2021-02-22,13896.3974609375,14558.469788732056,13792.514138392868,14558.469788732056,82348
2021-02-23,13723.2578125,14054.08489296338,13639.062488694548,13907.009425147231,56624
2021-02-24,13931.2119140625,14479.440564184573,13746.809425869522,14147.170831880389,77159
2021-02-25,14064.373046875,14230.019329268138,13888.39460932038,14037.331816927031,86192
2021-02-26,13827.7939453125,13999.5834965556,13361.154403782897,13869.775250407292,59346
2021-03-01,14175.330078125,14284.054047360194,13874.430404967947,13962.861863436377,53119
2021-03-02,14381.65625,14428.291849070123,14149.034587475217,14195.577464407701,39280
2021-03-03,14192.3642578125,14557.679440347254,14140.09715820989,14557.679440347254,39743
2021-03-04,14185.84765625,14521.37538665552,14093.180984228498,14521.37538665552,76917
2021-03-05,13874.4296875,14230.575368730351,13835.240954179326,14176.95834556357,48228
2021-03-08,13927.6767578125,14079.220182330566,13804.617210179324,13939.591552423155,39764
2021-03-09,13961.51171875,14154.71099922065,13869.868621686102,14054.085673256823,31364
2021-03-10,13960.1611328125,14101.558735315357,13909.988464438256,14101.558735315357,21778
2021-03-12,13863.447265625,14072.192062481681,13778.180172186978,13922.928515157831,28343
2021-03-15,13953.3681640625,13987.996246340692,13614.58238074672,13860.376041288966,28853
2021-03-16,13793.91015625,14021.318433541817,13684.53441353924,14003.81849651618,29407
2021-03-17,13612.71875,13956.577840324246,13534.666719911595,13793.910508185005,28295
2021-03-18,13235.44140625,13818.623527838938,13174.098453170294,13818.623527838938,35767
2021-03-19,13523.0771484375,13580.836667910206,12869.149829343949,13234.930424017244,60778
2021-03-22,13357.6181640625,13543.976008893307,13297.06606825008,13523.078077160835,22321
2021-03-23,13330.9033203125,13441.582643507183,13257.831004695096,13371.76832922304,40413
2021-03-24,13047.6884765625,13346.44734760928,13004.49723765689,13197.696513557134,25039
2021-03-25,12741.576171875,13031.957321451673,12650.352146097403,12985.460812219188,40457
2021-03-26,12803.6181640625,12937.288923749653,12678.185128790055,12845.83218374581,31444
2021-03-30,13270.861328125,13378.142644145171,12814.136687386164,12929.60936676942,55183
2021-03-31,13114.2900390625,13356.871082094493,13059.927610410881,13255.314916680267,21985
2021-04-01,13198.53515625,13408.95530252623,13062.86268193772,13260.018109456147,56398
2021-04-05,13065.189453125,13198.534779994232,12859.795397545842,13198.534779994232,24374
2021-04-06,13150.3623046875,13346.354145806376,12939.848542900203,13046.012646130446,39009
2021-04-07,13557.751953125,13730.146928915128,13056.252518687506,13126.25317839759,53727
2021-04-08,13693.0986328125,13821.184246739682,13553.37639240818,13567.246531208913,38710
2021-04-09,13488.775390625,13795.213825846828,13395.084230514016,13682.440089201877,28021
2021-04-12,12735.9462890625,13385.731202227616,12678.744912374217,13111.128232501806,47149
2021-04-13,12927.701171875,13068.726067557598,12517.332142875342,12682.932037461376,58287
2021-04-15,12703.96875,12907.92014632794,12636.38886817751,12900.752362730911,43056
2021-04-16,12897.9140625,12929.051425036163,12703.969373437643,12752.746665907365,27064
2021-04-19,12578.630859375,12675.440038012304,12430.903594396319,12613.165308522679,25052
2021-04-20,12489.1279296875,12743.298372085168,12384.127392175287,12613.164683671817,23995
2021-04-22,12576.162109375,12636.38876285577,12383.520995377381,12490.244156169334,17030
2021-04-23,12602.552734375,12677.439483975846,12451.148416664153,12454.918207275889,20116
2021-04-26,12563.5029296875,12785.326060601763,12540.091503062664,12668.968888590462,16995
2021-04-27,12624.1484375,12776.576341228678,12520.032397867006,12543.303833550774,35763
2021-04-28,12876.5517578125,12938.64013467924,12622.474022162502,12622.474022162502,27858
2021-04-29,12633.1318359375,13001.053241688838,12579.328457334646,12938.825785002746,23377
2021-04-30,12574.953125,12687.586874953735,12529.387471619715,12543.303972120439,15105
2021-05-03,12581.0498046875,12617.26052189452,12315.243650560773,12315.243650560773,24130
2021-05-04,12401.9541015625,12732.222151082828,12366.487886426776,12649.422197074435,26467
2021-05-05,12420.943359375,12505.27959393985,12310.590385028463,12310.590385028463,17413
2021-05-06,12675.1591796875,12703.363975765096,12395.34291306084,12395.34291306084,19525
2021-05-07,12689.8212890625,12726.682879955253,12547.95825203312,12707.181234840033,17888
2021-05-10,12890.69921875,12920.300301321027,12607.81130026558,12659.660237605618,39331
2021-05-11,13222.45703125,13393.595714463872,12789.981034697304,12835.593048576502,45443
2021-05-12,13306.234375,13385.683602789712,12995.002554095017,13218.175624945774,24304
2021-05-14,12819.8154296875,13374.18741378253,12743.43875613106,13334.34689590017,31659
2021-05-17,13235.72265625,13264.719230675719,12774.017341273497,12920.301959423086,34234
2021-05-18,13451.400390625,13516.048614878204,13141.09945907795,13327.084574325843,47060
2021-05-19,13758.5849609375,13809.270331119676,13364.366829139106,13438.78906440005,63153
2021-05-20,14750.1796875,15126.432422235313,13544.161229808591,13748.763500087114,534380
2021-05-21,14231.0888671875,14745.713051289595,14012.197371445129,14745.713051289595,256287
2021-05-24,14142.796875,14493.823778761362,14102.490927622226,14316.588149625732,83457
2021-05-25,13991.0654296875,14288.567992332557,13941.869981006666,14203.952693280311,62425
2021-05-26,13853.3447265625,14193.387648840777,13827.932502335116,14121.106210914959,41168
2021-05-27,14026.0654296875,14159.410741291289,13813.92268202596,13911.662701002559,63604
2021-05-28,14060.08984375,14139.631793819297,13965.328738150363,14055.947346333218,20109
2021-05-31,14201.626953125,14372.43929841379,13967.60902217582,14086.66605588704,46291
2021-06-01,14063.90625,14311.933401223116,14037.795880139525,14214.193368239154,20001
2021-06-02,14244.677734375,14278.421314311357,14074.56354862688,14074.56354862688,22045
2021-06-03,14476.740234375,14605.990326115452,14243.048672555537,14259.15232330972,65871
2021-06-04,14555.6767578125,14645.411772237854,14442.344872584084,14497.172735501714,37524
2021-06-07,14567.220703125,14772.707481738344,14493.450251459735,14706.291167419933,31299
2021-06-08,14808.453125,14920.667809576002,14602.081845080289,14606.08435033525,48383
2021-06-09,14733.1455078125,15079.889889531669,14567.918319208064,14848.292750073368,53501
2021-06-10,14695.0732421875,14898.372864384215,14551.163050050238,14828.465836428055,44899
2021-06-11,14818.5517578125,14920.80608022712,14717.972796920294,14837.867048983542,34637
2021-06-14,14814.22265625,14876.031950566225,14478.834920419074,14847.175371474332,33998
2021-06-15,14763.02734375,14958.833765630503,14308.44344415073,14892.789243748395,17675
2021-06-16,14736.63671875,14840.148246985254,14640.804764327913,14799.515956466681,22251
2021-06-17,14335.0634765625,14676.968115098995,14311.932034581303,14661.003547619872,41012
2021-06-18,14159.55078125,14470.17807292854,14045.707104690817,14381.746621212347,55028
2021-06-21,14053.0146484375,14079.218648745398,13916.318598264046,14055.016355531026,48503
2021-06-22,14082.568359375,14230.389236073295,14036.863626399349,14135.069078343055,19918
2021-06-23,14022.9462890625,14211.771239571231,13973.47176852544,14167.648239519272,43267
2021-06-24,13916.318359375,14121.014268625062,13880.01492017663,14033.606393708194,26840
2021-06-25,14034.1650390625,14100.25591788068,13935.91321721906,13958.067442676778,28461
2021-06-28,14104.6298828125,14135.953596789626,14028.020503410844,14130.41481365472,19698
2021-06-29,13986.6923828125,14195.577173825868,13934.937068339228,14149.03429784611,30973
2021-06-30,13986.2724609375,14103.606854682228,13907.940446922525,14028.672833801613,30497
2021-07-01,14137.4892578125,14189.524549253858,13944.89541026659,14055.946514496884,17673
2021-07-02,14295.8759765625,14330.504055447193,14096.299776031721,14208.608090784783,37494
2021-07-05,14629.6806640625,15061.086717607837,14311.979208101851,14335.297004688447,147154
2021-07-06,14315.33203125,14674.8757400036,14260.364168737578,14628.84465490005,45131
2021-07-07,14426.7548828125,14530.592763531522,14316.58826198102,14445.977453685531,55609
2021-07-08,14217.2646484375,14521.375953581168,14130.788538343337,14479.487369099683,32624
2021-07-09,14241.234375,14335.204615635914,14070.096597799002,14263.528592557735,88403
2021-07-12,14274.716796875,14534.704923100751,14237.434976038536,14420.045738264078,34443
2021-07-13,14292.162109375,14569.40811055913,14183.552606164134,14415.637995728037,64925
2021-07-14,14416.7177734375,14443.776039452967,14274.999395339359,14344.357840739849,29264
2021-07-15,14384.5927734375,14537.565108303821,14341.589168384578,14489.73182956037,25939
2021-07-16,14338.6826171875,14462.533114794183,14303.088845694638,14420.327278856068,24889
2021-07-19,14273.5458984375,14348.671926026354,14170.048167761763,14303.08998594946,22645
2021-07-20,14111.990234375,14305.340225190823,14068.658726186832,14273.544795669082,18879
2021-07-22,14197.38671875,14331.179587188579,14117.899059792391,14209.298326935192,29430
2021-07-23,14120.525390625,14248.831870063717,14106.128876791745,14239.968460955406,16832
2021-07-26,14051.072265625,14160.245055819552,14039.864088756947,14143.643911279758,14224
2021-07-27,14105.0029296875,14237.435650012329,14025.046316435619,14100.266680064087,19346
2021-07-28,14079.8671875,14232.746107801258,13974.82154901079,14089.246262365108,18401
2021-07-29,14006.0537109375,14176.424972546265,13896.740776368277,14112.131597412523,25122
2021-07-30,14038.833984375,14373.432486132106,13917.843916465634,14028.423577459895,47095
2021-08-02,14350.0791015625,14394.06733252477,14073.396371185567,14137.127373113392,43686
2021-08-03,14292.537109375,14425.485490000308,14241.186676646706,14350.077364884006,36212
2021-08-04,14496.205078125,14807.68379642635,14108.70822325136,14396.880306254401,201351
2021-08-05,13953.0615234375,14293.709696233576,13762.995126146081,14293.709696233576,129925
2021-08-06,13976.0400390625,14101.438447752336,13920.328886336534,13952.311163868557,39646
2021-08-09,13797.5556640625,14067.672993356906,13756.19431438437,13951.37247657737,29425
2021-08-10,13546.7607421875,13876.341812367422,13438.901376968017,13825.132427946384,31050
2021-08-11,13422.205078125,13596.186901361509,13262.010676896049,13422.39284279062,51436
2021-08-12,13418.595703125,13598.861705295407,13387.691468246046,13424.269860235789,22560
2021-08-13,13540.3828125,13822.365068738558,13426.473763442591,13438.71418905754,43632
2021-08-16,13324.1015625,13786.30219020923,13272.328885886851,13552.763225289025,36817
2021-08-17,13125.7333984375,13384.642563367843,13083.85546498408,13327.7581109148,49220
2021-08-18,13110.3056640625,13317.348747090906,13069.741164216619,13194.858392539125,21023
2021-08-20,12827.150390625,13083.809134753183,12783.678745998988,13083.809134753183,33217
2021-08-23,12802.953125,12975.153492685788,12579.262184781317,12896.181497482225,31017
2021-08-24,13021.908203125,13052.155721098983,12729.281052492977,12802.437840150984,40176
2021-08-25,13004.791015625,13201.001449281095,12974.074544769712,13027.53527267052,28155
2021-08-26,12800.935546875,13028.799413802482,12755.540462974928,13004.78935106578,22624
2021-08-27,12795.6376953125,12850.646337201126,12727.404923889291,12811.863312067253,15023
2021-08-30,12967.5087890625,13008.77671808888,12803.0470791877,12839.906659883027,17752
2021-08-31,12998.6484375,13058.440043524342,12957.099316420308,12993.443233807655,21977
2021-09-01,13141.490234375,13173.425799859293,12990.018181214984,13035.975646260438,22207
2021-09-02,13210.9892578125,13331.370232643396,13093.188444481544,13172.910580425738,33332
2021-09-03,13421.83203125,13453.345357295182,13233.030516271641,13271.063398638093,37460
2021-09-06,13399.931640625,13562.096219504834,13383.94050036709,13505.868479697694,27334
2021-09-07,13468.9140625,13572.552841129733,13242.831643072413,13435.524921908864,24389
2021-09-08,13385.8154296875,13533.066902673832,13308.953729233466,13533.066902673832,18720
2021-09-09,13438.94921875,13488.470553600873,13318.287047544194,13318.287047544194,14711
2021-09-13,13661.6533203125,13684.06967470353,13370.620822204848,13522.702881361318,28821
2021-09-14,13664.3740234375,13805.998052371475,13599.658407567009,13679.380543059644,24239
2021-09-15,13674.8798828125,13749.724722331528,13613.352597801295,13664.375135037382,22586
2021-09-16,14330.8515625,14630.419594652029,13750.943518531187,13750.943518531187,229057
2021-09-17,14139.892578125,14481.759840311692,14032.361123662438,14431.581792226676,74362
2021-09-20,14213.5654296875,14471.865512630191,13984.29376605158,14125.120938679396,65331
2021-09-21,14231.7158203125,14326.537907787028,13936.368364766444,14181.162236709646,47581
2021-09-22,14351.390625,14392.1428862595,14209.297648514852,14231.714002594483,37973
2021-09-23,14414.9814453125,14513.415019862865,14274.952039828282,14389.376753945171,40458
2021-09-24,14308.0595703125,14481.056785449244,14223.36670939217,14443.774963708502,30453
2021-09-27,14815.9375,14950.152617218504,14331.227071246567,14396.88059840542,104132
2021-09-28,14758.1611328125,15221.299637214905,14631.355865460135,14861.893327898813,75531
2021-09-29,14667.185546875,14944.806172500214,14556.324694943653,14678.252672414184,42636
2021-09-30,14513.6494140625,14774.997701801865,14443.775306249798,14667.185052938015,26957
2021-10-01,14488.373046875,14573.206964772617,14273.076560040525,14468.723701255134,28274
2021-10-04,14517.9638671875,14677.314720555021,14401.99215236818,14598.530489196684,30173
2021-10-05,14512.6171875,14605.094493688197,14443.774415797472,14537.565158757197,23529
2021-10-06,16204.556640625,16361.749579615487,14547.273999979276,14579.772862952907,645475
2021-10-07,16425.94921875,16577.09337544986,15991.040421371572,16225.799396243568,212870
2021-10-08,16598.005859375,16731.657661089353,16226.735589193302,16395.980243255653,81400
2021-10-11,16684.90625,17182.466201973075,16650.15604276284,16661.927515177493,80381
2021-10-12,16970.076171875,17152.451543831765,16614.279513199468,16684.904677329134,73119
2021-10-13,16797.923828125,17416.94279666562,16729.035252926908,17068.979103743543,71000
2021-10-14,16754.63671875,17069.914657209134,16704.178399807603,16947.986695371925,30860
2021-10-18,16563.119140625,16987.80257269063,16525.930740550964,16882.101126403642,28231
2021-10-19,16186.7822265625,16733.347790521333,16118.690512377621,16638.478086022646,38110
2021-10-20,16080.7060546875,16352.933704229661,15946.209753969943,16188.283311275389,33419
2021-10-21,16054.9599609375,16172.104977183677,15841.258097729904,16075.734978987006,22924
2021-10-22,15879.947265625,16375.865884551495,15782.826205717181,16089.804080726282,24198
2021-10-25,15578.1259765625,15944.426459524288,15475.472740126514,15944.426459524288,27959
2021-10-26,15964.8740234375,16018.521597705241,15625.538369797372,15655.551408682937,22206
2021-10-27,15887.5908203125,16080.752139002027,15804.162848297656,16038.21839984974,16029
2021-10-28,15674.453125,15947.195560516091,15569.266419536403,15869.303432148114,27756
2021-10-29,15899.6884765625,15982.270124680867,15490.38531756817,15681.811853064746,19471
2021-11-01,16472.65625,16731.941877150715,15962.575623153432,15979.177684992357,93824
2021-11-02,16643.873046875,16791.68691164119,16450.89856682234,16483.725331351347,22481
2021-11-03,16633.974609375,16778.17787231256,16460.884897590102,16721.951056349582,22119
2021-11-04,16675.857421875,16755.533778038425,16608.141220428002,16694.75662791105,3175
2021-11-08,17112.54296875,17210.601926636245,16620.7515574508,16682.56002556288,42094
2021-11-09,17597.01953125,17716.133777090996,17136.506974494656,17210.60166285244,107274
2021-11-10,17618.310546875,18054.719645913614,16794.12431888297,17351.289010358538,291611
2021-11-11,17116.716796875,17611.46295532471,16931.104554187958,17538.820927357723,119078
2021-11-12,17412.95703125,17538.871119366308,16882.47688932529,17205.44498658905,69916
2021-11-15,17140.63671875,17674.820886966,17069.96574828748,17412.957820851865,53207
2021-11-16,17461.4453125,17769.033177281086,17076.529538671835,17116.811933193552,85141
2021-11-17,17719.18359375,17778.037291457145,17281.508677020676,17461.445870891435,54984
2021-11-18,16675.66796875,17632.568125464448,16516.317113160774,17543.560334568763,143050
2021-11-22,15882.9453125,16859.120071788762,15646.358169728204,16694.751799159396,113635
2021-11-23,16229.3134765625,16507.16851477281,15757.828208599381,15910.003668344943,56937
2021-11-24,15951.2734375,16426.275912871977,15850.635239599538,16313.961500449372,36851
2021-11-25,15822.6875,15999.10937878797,15691.33464438581,15999.10937878797,29632
2021-11-26,15172.9052734375,15709.950745693288,15016.930522248973,15709.950745693288,51884
2021-11-29,15290.564453125,15475.473277474139,14717.690752802102,15101.248196400673,66281
2021-11-30,15164.5576171875,15630.181069068758,15073.064922520154,15194.101703833845,33552
2021-12-01,15312.7001953125,15378.728334226264,15149.082047590407,15194.101607910143,18165
2021-12-02,15607.904296875,15663.053986165265,15212.577233448801,15295.394275831326,39236
2021-12-03,15475.66015625,15850.636296768196,15428.108980099909,15646.923526333378,58734
2021-12-06,15119.162109375,15522.321276146682,15072.220022852607,15470.783992494811,58479
2021-12-07,15285.0322265625,15404.334246957447,15203.480984058258,15269.134510824704,17842
2021-12-08,15658.130859375,15695.834007228794,15318.842829402769,15318.842829402769,19804
2021-12-09,15647.017578125,15755.908273757574,15577.284521067902,15755.814849376617,13292
2021-12-10,15757.6416015625,15907.800213998009,15597.400484304004,15653.674929827652,15426
2021-12-13,15701.8857421875,15922.246387172409,15565.795723761195,15836.427846794226,38018
2021-12-14,15824.1884765625,15863.34611465118,15531.982662468303,15732.319337912362,14190
2021-12-15,15652.87890625,15924.731021569145,15588.912517330442,15803.740957267219,38083
2021-12-16,15469.283203125,15767.162244818328,15426.749466360097,15744.465617120446,15834
2021-12-17,15101.435546875,15540.516367994802,15039.580367650193,15475.472853009975,27342
2021-12-20,14682.05078125,15090.885028653925,14256.194062201981,15058.104978200841,32386
2021-12-21,15276.02734375,15466.094664870636,14668.404336643074,14682.941902883553,59826
2021-12-22,15438.8935546875,15522.3673124402,15286.34255125589,15286.34255125589,27634
2021-12-23,15810.869140625,15849.698877581062,15475.473784252768,15546.989231286057,31315
2021-12-24,15460.373046875,15850.635972102042,15391.248168407075,15756.845226704987,35956
2021-12-27,15591.4921875,15639.60757502878,15121.413680863658,15457.653519883017,24531
2021-12-28,15644.2958984375,15888.15182970811,15569.26330420039,15643.826944723518,26060
2021-12-29,15640.4033203125,15751.92088060953,15541.126184772023,15732.272452603125,17589
2021-12-30,15824.5166015625,16037.280554378338,15400.488981580529,15756.75278379223,87023
2021-12-31,16244.7919921875,16338.348263097027,15686.502566033167,15841.257299868472,52947
2022-01-03,16219.140625,16413.333269596587,16179.090876499258,16244.792028204312,26614
2022-01-04,16153.20703125,16337.412449870837,16042.90946409327,16337.412449870837,21725
2022-01-05,16256.1416015625,16478.84884901896,16085.114525730483,16150.768054406934,28716
2022-01-06,16201.9296875,16482.73770933218,16160.145178341061,16352.416203388068,53694
2022-01-07,16020.4453125,16345.85158032167,15944.427178417971,16233.30268259166,30563
2022-01-10,16337.7373046875,16500.229765744356,16038.21693548179,16085.112306638172,35333
2022-01-11,16213.2783203125,16439.64191886238,16168.821140446616,16338.347913428952,17202
2022-01-12,16324.3271484375,16366.485356486635,16225.79923594377,16310.21090826949,14693
2022-01-13,16316.40234375,16428.905455039752,16160.147310127843,16286.717203011573,14882
2022-01-14,16400.248046875,16644.94844272177,16242.679610876201,16272.692646304544,37139
2022-01-17,16593.740234375,16816.632467993328,16506.70169277155,16535.307869175966,36236
2022-01-18,16122.537109375,16741.18055336363,15948.038679671054,16741.18055336363,30371
2022-01-19,15916.2890625,16249.198571523779,15877.88248604104,16169.524068208602,34034
2022-01-20,15773.4453125,16063.540818115958,15580.566111824866,15944.426572544597,23497
2022-01-21,15448.0400390625,15831.878685510677,15316.076269914682,15489.542446161662,29796
2022-01-24,15062.55859375,15502.343746596174,14820.156239388278,15448.038540949132,40889
2022-01-25,15259.333984375,15325.409756135332,14793.944063062976,15044.037483990864,22180
2022-01-27,15225.005859375,15306.650524730245,14839.619298114461,15100.310873048833,36739
2022-01-28,15283.9990234375,15616.159319108645,15252.720175796057,15278.512631127918,13654
2022-01-31,15507.2705078125,15564.576294596909,15391.204444753967,15456.716922865746,9687
2022-02-01,15779.404296875,15803.742265130579,15398.284097303302,15686.503821027236,16446
2022-02-02,15660.4755859375,15970.595058896432,15602.0908456225,15841.257251732133,17997
2022-02-03,15555.7119140625,15825.547159439775,15521.47829153456,15653.67561620019,22185
2022-02-04,15411.9775390625,15660.099859322125,15381.682395263331,15586.80202470874,9011
2022-02-07,15064.998046875,15420.137085305882,14969.003581380808,15396.313868624546,15529
2022-02-08,15061.24609375,15212.8124908521,14969.049972393814,15117.708306776178,13313
2022-02-09,15212.9521484375,15678.577397582387,15044.035384338804,15166.666782499795,67238
2022-02-10,15601.951171875,15686.456276464676,15041.785882965458,15306.74476805034,33726
2022-02-11,15250.6103515625,15436.409460024846,15222.23864982761,15379.807109049485,25471
2022-02-14,14841.5888671875,15031.467501869265,14725.19400053149,15005.581622050948,48691
2022-02-15,15050.1796875,15119.069177825962,14567.626269882665,14841.448552724443,35897
2022-02-16,15003.376953125,15269.132651672073,14936.3165732359,15259.753577561709,19365
2022-02-17,15009.333984375,15140.59432447522,14912.729510189494,15063.404719063514,18033
2022-02-18,14871.4609375,15032.734311162043,14800.695635260054,14959.624240232404,11702
2022-02-21,14806.74609375,14896.03507329441,14612.740288618754,14865.834267811333,16251
2022-02-22,14978.5234375,15078.691772706863,14442.83721645252,14612.598469532455,37505
2022-02-23,14960.9384765625,15206.388143375723,14856.455211796281,14978.383190175922,20424
2022-02-24,14084.2294921875,14692.883851708111,14045.165277150038,14537.56673093994,50909
2022-02-25,14625.0732421875,14693.259302513681,14278.516411325838,14365.929575935277,21886
2022-02-28,14770.916015625,14818.937058137677,14228.47763214863,14303.087983329086,23677
2022-03-02,14555.1513671875,14763.554587588116,14462.533005688681,14530.155767055945,13753
2022-03-03,14228.0576171875,14696.917970560411,14162.404088301335,14671.59446656146,17555
2022-03-04,13816.7373046875,14246.533406627803,13787.23993130927,14232.74598351144,24004
2022-03-07,13286.3505859375,13674.268751439833,13181.304948679972,13599.658394947777,28624
2022-03-08,13762.384765625,13841.027937783387,13161.32715148255,13286.350029547908,23021
2022-03-09,13340.984375,13806.09216621062,13190.731406594765,13787.240591363983,102323
2022-03-10,13419.251953125,13732.513042820103,13349.28350748825,13646.553458274686,49214
2022-03-11,13331.3251953125,13434.588455650464,13273.409401041597,13434.588455650464,28496
2022-03-14,13152.2294921875,13390.270220410166,13027.534513211845,13341.733509750791,68198
2022-03-15,13057.0341796875,13397.963598514463,13004.885966619797,13185.105281621598,68263
2022-03-16,13207.2373046875,13350.081343394502,13136.331867176512,13224.495168298501,104762
2022-03-17,13680.0830078125,13785.36311460351,13337.84022747325,13372.590429760025,95719
2022-03-21,13364.244140625,13734.624183543148,13318.286672529652,13712.207827632641,31935
2022-03-22,13418.4072265625,13505.867095077498,13090.889766321825,13411.138443924525,34108
2022-03-23,13307.828125,13540.616943737481,13260.229320591114,13505.867654935357,21070
2022-03-24,13274.9541015625,13346.32940708913,13130.704120905033,13260.135347239668,16425
2022-03-25,13180.2744140625,13414.845653732991,13140.08543988312,13318.381307782898,17789
2022-03-28,13154.90234375,13271.109445071925,13059.423546966565,13224.495260861,20939
2022-03-29,13231.341796875,13337.044151358086,13158.841733020672,13158.841733020672,22986
2022-03-30,13560.78125,13583.666557596542,13300.60627921834,13365.180839218794,44166
2022-03-31,13541.9775390625,13618.323576498153,13366.166593700118,13580.900700600825,31457
2022-04-01,13650.0712890625,13705.126642541672,13484.06166142948,13524.626160836984,16286
2022-04-04,13938.5244140625,14021.716991706713,13667.329012570715,13707.517982193553,41357
2022-04-05,13969.8515625,14148.33518345222,13911.1380011792,14040.475816790171,22667
2022-04-06,14068.470703125,14115.507128131363,13869.259710220671,13969.850284273301,24737
2022-04-07,14045.4912109375,14161.791728493761,13978.009506273036,14059.231920712411,23081
2022-04-08,14102.8466796875,14129.670468874783,13990.110010558335,14068.613054588002,17007
2022-04-11,14027.533203125,14226.135128545378,13978.62095760174,14199.920429112377,13198
2022-04-12,13742.314453125,14012.291683210056,13638.675671820327,13978.573724568858,18977
2022-04-13,13657.7626953125,13828.1806761451,13564.95656233534,13749.677632953988,14284
2022-04-18,13668.3134765625,13693.449213852187,13412.076969731936,13622.543774703994,10940
2022-04-19,13250.3349609375,13779.878086691071,13171.128489123405,13693.449543918752,25638
2022-04-20,13478.9482421875,13562.140810565981,13323.302328192407,13400.820740066856,14664
2022-04-21,13728.5751953125,13741.190235177737,13524.62701323506,13583.715189506474,10746
2022-04-22,13600.7841796875,13721.539768159466,13555.107902066835,13684.070181017478,8985
2022-04-25,13281.1923828125,13592.436618940637,13157.294253055372,13554.639130042888,23722
2022-04-26,13620.24609375,13665.359078431095,13367.52673300258,13367.52673300258,34502
2022-04-27,13493.392578125,13579.961247981517,13358.146147826285,13566.830544378248,12430
2022-04-28,13488.236328125,13595.766879869918,13435.525740290415,13493.394819683226,22006
2022-04-29,13591.7802734375,13871.652244248722,13505.868310830398,13552.763686909671,24674
2022-05-02,13562.658203125,13695.700932410416,13346.423810795037,13524.626236940578,18509
2022-05-04,13286.5380859375,13655.93257143976,13229.5602079351,13655.93257143976,23857
2022-05-05,13269.1875,13586.01247249381,13231.717911932255,13393.319192108562,15579
2022-05-06,12989.033203125,13177.599307540022,12950.484658442474,13130.70393633881,20697
2022-05-09,12767.546875,12989.034094757395,12661.751093492761,12935.338891046102,23929
2022-05-10,12681.7744140625,13028.987931989725,12661.750456562402,12767.546232747742,19109
2022-05-11,12562.56640625,12802.295175399822,12258.027685102074,12790.90014985101,26773
2022-05-12,12313.4130859375,12498.931937964428,12129.44306371278,12484.487794865188,20938
2022-05-13,12285.369140625,12661.047806173217,12214.041458509431,12380.378987090873,28821
2022-05-16,12389.3349609375,12502.306094541716,12263.515228228363,12474.168871523243,17260
2022-05-17,12782.7880859375,12823.024684234668,12455.411654807018,12521.065180095911,14982
2022-05-18,13305.390625,13412.077605956472,12774.30048902987,12774.30048902987,49824
2022-05-19,12562.00390625,13233.216792413676,12359.228141701999,12910.295455417088,73307
2022-05-20,13294.9794921875,13372.122381899318,12661.750894948893,12855.897742004776,69654
2022-05-23,13282.9736328125,13482.561077293783,13134.08082036469,13421.924992342565,32397
2022-05-24,13186.6982421875,13385.722396589605,12982.703361227519,13281.708088617364,20099
2022-05-25,12885.76953125,13278.800384822565,12842.72012842189,13172.910266294071,13882
2022-05-26,13003.9931640625,13130.704092181964,12643.133278386285,13037.101113338456,22958
2022-05-27,13304.919921875,13411.137935103228,13102.56639998546,13177.552279926322,29521
2022-05-30,13540.3369140625,13623.060543717193,13370.856835445904,13402.698980168883,13313
2022-05-31,13719.1484375,13787.193442971879,13496.488832161494,13557.40610705252,26185
2022-06-01,13634.595703125,13857.583209594102,13547.135829399474,13768.481997755765,9840
2022-06-02,13848.1103515625,13907.995377071415,13599.658296723292,13634.59534993384,10731
2022-06-03,13456.4404296875,13947.622782964592,13426.708578005364,13926.988817446118,11194
2022-06-06,13477.8232421875,13534.004263817653,13303.560224248686,13456.439135891254,8304
2022-06-07,13244.7080078125,13452.173338367978,13145.43086130217,13413.015698663121,10559
2022-06-08,13233.3125,13383.940078734631,13076.025228433455,13383.940078734631,12830
2022-06-09,13470.5556640625,13506.524966904375,13168.924972883746,13206.11337231299,14211
2022-06-10,13333.24609375,13458.972408921454,13272.000918168325,13341.733973303672,6282
2022-06-13,12999.818359375,13267.075247018065,12947.904637011508,13206.673646160907,9177
2022-06-14,12940.2158203125,13205.221390340956,12897.306553954271,12971.260190914145,8777
2022-06-15,13009.85546875,13074.00778964919,12901.761633664279,12965.632765509687,13446
2022-06-16,12709.1162109375,13205.73825689089,12661.751879831463,13205.73825689089,13252
2022-06-17,12502.0732421875,12807.972157888229,12464.791416843667,12727.171055584226,17576
2022-06-20,12461.2275390625,12603.882911792252,12347.55296022387,12567.961235624753,11196
2022-06-21,12813.87890625,12877.515558175648,12478.248187245677,12516.374490148137,14668
2022-06-22,12603.458984375,12858.664145481665,12572.695803874303,12802.436411901494,13706
2022-06-23,12963.7099609375,13006.338037393674,12614.855104436818,12661.750476572272,38229
2022-06-24,13380.9384765625,13437.963069116407,13036.91419032236,13036.91419032236,28919
2022-06-27,13687.0263671875,13736.453363912266,13436.745179914025,13576.118795854603,28254
2022-06-28,13746.62890625,13787.240117424431,13559.422021494971,13646.553993777243,20876
2022-06-29,14559.1376953125,14659.493794867898,13655.932799313921,13706.57980282786,128714
2022-06-30,14283.9560546875,14725.148120147918,14246.815283124004,14556.324765904183,46647
2022-07-01,14712.298828125,14754.411242945553,14257.648149141904,14324.661825907871,71619
2022-07-04,14948.5576171875,15006.520117958053,14682.895315724274,14687.631565451444,33501
2022-07-05,14663.2919921875,15048.631823007061,14623.477637188711,14950.24496374506,29221
2022-07-06,15107.4384765625,15147.206120921912,14631.403708250722,14675.438648548925,48854
2022-07-07,15166.5732421875,15296.191317067167,14969.752817241435,15114.378327018241,25335
2022-07-08,15137.357421875,15278.512494336488,15029.967017909283,15137.826375604107,17133
2022-07-11,15527.0107421875,15573.953744419332,15006.51971759767,15100.310465832654,47938
2022-07-12,15487.5712890625,15536.435897655776,15402.315141038524,15527.009195656863,11692
2022-07-13,15351.060546875,15630.884893941478,15317.624692763313,15489.542960970673,16505
2022-07-14,15210.302734375,15612.003815433032,15088.880446254696,15429.585075622716,23633
2022-07-15,15614.236328125,15700.363047836996,15210.302884835655,15210.302884835655,27102
2022-07-18,15549.4423828125,15778.130164863254,15522.55387470692,15675.662495499417,24177
2022-07-19,15588.9169921875,15676.611750485848,15444.787916115029,15549.48886622059,18990
2022-07-20,15569.3447265625,15771.620886046152,15468.11200818819,15676.61112167238,35675
2022-07-21,15558.5625,15657.610185793017,15415.572795329985,15657.610185793017,20935
2022-07-22,15988.53125,16272.894402808437,15553.10069416638,15629.108516740192,109380
2022-07-25,15685.11328125,16151.611210285177,15638.606745252517,15988.528439173417,33185
2022-07-26,15547.9208984375,15864.920434603648,15498.990867619288,15769.721388751253,26746
2022-07-27,15609.818359375,15766.87024058233,15410.58362773398,15648.108036299547,38519
2022-07-28,15744.8291015625,16104.155293336453,15564.499823919634,15639.557538856128,30048
2022-07-29,16261.6806640625,16370.181063847025,15798.745624981859,15951.188037198359,72333
2022-08-01,16768.603515625,16853.731883412907,16131.279204161472,16341.677560489072,74234
2022-08-02,16913.689453125,17006.750791308496,16626.711667480373,16738.72857036067,89734
2022-08-03,16436.544921875,17281.276292348553,16152.608636861569,17281.276292348553,168277
2022-08-04,16685.375,16902.234757356186,16389.182100303216,16626.706478568478,99421
2022-08-05,16531.556640625,16925.990061089564,16249.188354196369,16720.76896352036,70018
2022-08-08,16450.466796875,16721.719693031853,16341.68060909931,16436.690380082444,53429
2022-08-10,16374.26953125,16726.47000633049,16309.187838808442,16484.195092861915,51020
2022-08-11,16558.158203125,16663.23862728989,16422.43713114527,16579.20323624443,58850
2022-08-12,16399.58984375,16631.461953610513,16342.632223025104,16550.703640782358,24628
2022-08-16,17143.80078125,17190.118045092273,16446.191530456377,16446.191530456377,95435
2022-08-17,17060.99609375,17315.241823269276,16965.74881575943,17196.765402785608,61622
2022-08-18,16726.658203125,17051.782728416703,16693.215508513444,17006.74772921973,41793
2022-08-19,16509.275390625,16940.0017425248,16448.895949235535,16871.35719473824,47005
2022-08-22,16236.8359375,16666.84974321424,16205.814879505495,16476.260534418296,38621
2022-08-23,16430.037109375,16600.10457265946,16153.083670562602,16200.113499794896,62061
2022-08-24,16399.58984375,16550.655393628553,16355.933592196801,16417.689949065392,63336
2022-08-25,16347.572265625,16588.70783309159,16328.429279199983,16453.79394349829,41923
2022-08-26,16391.2265625,16555.83097051028,16341.678601886246,16455.690313062198,28888
2022-08-29,16208.5712890625,16313.17666931626,15962.733521841441,16199.164951184755,43541
2022-08-30,16664.759765625,16712.2163973834,16259.969950245566,16259.969950245566,45150
2022-09-01,16781.623046875,16976.29657092266,16490.796671547618,16617.2079062025,52573
2022-09-02,16691.412109375,17004.849731963797,16592.032254673693,16834.782232688933,43637
2022-09-05,16713.26171875,16921.190209847922,16674.164830913727,16716.778193307393,25136
2022-09-06,16586.1875,16864.18571233541,16531.69976873324,16750.222236940634,19596
2022-09-07,16446.048828125,16655.16496746292,16389.946670538295,16545.951975612694,16691
2022-09-08,16384.0078125,16626.709524408187,16279.923868613387,16564.953174746097,31682
2022-09-09,16324.103515625,16578.206401406103,16284.67446135742,16484.19497692831,35223
2022-09-12,16378.6845703125,16498.39687003984,16343.579205632412,16462.959342325725,28905
2022-09-13,16611.83984375,16816.63413900936,16398.780441016283,16514.21730804927,37983
2022-09-14,16645.140625,16718.773190594413,16307.475559516442,16390.134052506302,32140
2022-09-15,16476.212890625,16805.659247853524,16423.911128850003,16693.215563100784,20307
2022-09-16,16089.0498046875,16484.195826791336,15971.237684657408,16455.69289452599,73191
2022-09-19,16015.46484375,16289.425145745867,15868.674748385885,16010.09642058697,27328
2022-09-20,16030.6640625,16389.088369148252,16009.143981505758,16151.658616355959,42108
2022-09-21,15839.7421875,16176.36252584669,15766.584668735159,16056.650222413311,18761
2022-09-22,15764.5908203125,15985.393898246948,15689.249185646971,15880.55098755589,35868
2022-09-23,15413.767578125,15994.895223596872,15344.221166817879,15771.622257897718,36144
2022-09-26,15064.7001953125,15389.680893158393,14820.857275641973,15389.680893158393,36710
2022-09-27,15020.3310546875,15241.466279507054,14911.782399754595,15144.556320617281,30976
2022-09-28,14877.81640625,15053.821993315652,14821.52312131807,15011.542648514456,18018
2022-09-29,14888.4580078125,15101.802251027184,14536.49414537376,15101.802251027184,57959
2022-09-30,15025.65234375,15130.21133862279,14727.464549672275,14888.45879161795,18069
2022-10-03,14839.4814453125,15161.231477053712,14726.609095469857,15101.897689692327,36325
2022-10-04,15111.3505859375,15142.656489367966,14916.533246522593,15106.552778325427,12884
2022-10-06,15149.876953125,15396.332658512887,15107.50296840564,15192.061660575197,30447
2022-10-07,15073.6318359375,15312.818926555086,15059.048207701064,15200.612761830242,28071
2022-10-10,14971.4951171875,15039.854825174616,14803.85113768312,14916.532342078024,13100
2022-10-11,14795.158203125,15049.54685016616,14693.260229660333,15006.792455705461,19107
2022-10-12,14879.00390625,14909.359711036574,14625.422478154534,14798.720656668049,12892
2022-10-13,14768.033203125,14954.44254983309,14707.511796535837,14916.53328201632,10921
2022-10-14,14696.0634765625,15094.24903991168,14666.61044871971,14916.533455864921,28592
2022-10-17,14791.7392578125,14854.493026729762,14631.599544645589,14688.510769275545,16787
2022-10-18,14887.6982421875,14956.390117776542,14827.271474017209,14859.5274752984,11193
2022-10-19,14894.2529296875,15011.54266857213,14818.957691935326,14916.53290484699,15358
2022-10-20,14985.7001953125,15002.042060640515,14741.809940274326,14868.078290497999,10560
2022-10-21,14779.4345703125,15059.000810836016,14727.464041988225,15002.042269724152,9445
2022-10-24,14843.5185546875,14916.533188366173,14784.089204084068,14831.024399388278,2298
2022-10-25,14865.5595703125,14902.281214567944,14767.367352121744,14854.776333424916,8065
2022-10-27,14957.53125,15044.7973542065,14812.451142994993,14916.53416236451,14228
2022-10-28,15310.25390625,15357.331059130729,14954.5369757955,14964.037952273135,23435
2022-10-31,15665.7783203125,15728.865169684595,15318.042611940133,15434.334924888326,30738
2022-11-01,15770.9560546875,15819.125261417967,15562.789110916005,15686.111595556195,53465
2022-11-02,15751.0048828125,15823.876631550796,15676.611493280585,15770.956933803947,26775
2022-11-03,15731.6220703125,15827.865847762105,15629.106163916984,15629.106163916984,19015
2022-11-04,15507.73046875,15763.069197385852,15304.694427148781,15763.069197385852,50207
2022-11-07,15625.4951171875,15802.593689010233,15407.020906399464,15557.84890725607,32977
2022-11-09,16364.1005859375,16636.494680149663,15524.594721110196,15569.724356927376,151023
2022-11-10,15974.37109375,16437.638304686516,15942.637463304998,16247.618787841404,38820
2022-11-11,15931.5224609375,16218.117919835257,15834.944667961834,16150.709236817982,28041
2022-11-14,15981.6875,16018.646670389206,15828.627136932631,16011.188774832937,15577
2022-11-15,16047.6240234375,16237.120253523544,16016.222554494552,16065.200829596797,21179
2022-11-16,15842.640625,16246.669646471462,15789.720928707731,16047.624190861183,12774
2022-11-17,15869.765625,16009.14419750026,15772.569900457082,15857.128584942395,13940
2022-11-18,15710.43359375,15926.43791321997,15615.377441719133,15926.43791321997,15665
2022-11-21,15541.0791015625,15695.612852259765,15495.142252270249,15695.612852259765,19098
2022-11-22,15602.646484375,15661.123881300444,15562.599497320512,15589.10759287092,18998
2022-11-23,15816.8935546875,15919.83626419691,15602.64653406346,15680.12588422383,59286
2022-11-24,15808.009765625,15979.929185443742,15725.160140852777,15895.132973971717,20170
2022-11-25,16091.421875,16140.257260447079,15774.042900224373,15887.008014959196,27789
2022-11-28,16126.576171875,16196.313706499397,16009.144480231995,16030.046627327847,17734
2022-11-29,15957.080078125,16153.561023878894,15929.337967671658,16060.071039480914,24072
2022-11-30,16155.83984375,16223.248525551926,15983.016720855689,16036.886511989034,28048
2022-12-01,16188.1435546875,16347.37954363426,16084.202504602139,16175.411875530239,37807
2022-12-02,16287.810546875,16379.684251660805,16145.533417136821,16244.770379054318,29867
2022-12-05,16340.4443359375,16409.042502287586,16172.182406817095,16289.424832444405,26790
2022-12-06,16423.623046875,16464.239715340045,16269.326840451382,16327.425674194626,30608
2022-12-07,16236.6923828125,16460.34572137548,16161.159626182196,16441.43840864685,9071
2022-12-08,16583.765625,16625.75919993358,16203.964079758933,16341.679995363023,59599
2022-12-09,16642.669921875,16959.193444037548,16492.55450522478,16626.707540372514,71665
2022-12-12,16516.546875,16745.472176476418,16444.0054301504,16642.672346286654,12681
2022-12-13,16700.53125,16774.638869051218,16452.93616568643,16516.498071619957,16680
2022-12-14,16709.12890625,16784.424140777148,16535.21279893648,16700.815552280128,35770
2022-12-15,16782.759765625,16882.614641750602,16687.65537699975,16764.47038874864,22428
2022-12-16,16598.39453125,16736.82486648345,16390.7982033738,16702.715991137586,31397
2022-12-19,16655.068359375,16699.86583319991,16403.435376355264,16531.69855479766,19232
2022-12-20,16722.859375,16807.228795445622,16512.746747141446,16564.953874991206,25213
2022-12-21,16541.390625,17004.51687320024,16460.7752043827,16777.775680607476,30969
2022-12-22,16383.2451171875,16650.41181396418,16285.62259100897,16551.317749934762,24046
2022-12-23,16008.6220703125,16351.18051950882,15866.630719105015,16351.18051950882,30648
2022-12-26,16418.78125,16468.043444644627,15788.343178497496,15961.689617369233,33905
2022-12-27,16362.154296875,16500.868548436167,15967.245852719834,16483.195248298798,17196
2022-12-28,16426.474609375,16593.359620681353,16208.7129859798,16362.105498234543,22164
2022-12-29,16234.3681640625,16441.15545052537,16125.9605285124,16317.928517174807,27430
2022-12-30,16402.67578125,16482.294709857262,16256.360737134366,16315.50431827851,9551
2023-01-02,16312.84375,16482.293287085304,16237.168104466673,16472.649425241878,9526
2023-01-03,16278.736328125,16389.18518480521,16241.92004256493,16360.634006900611,6877
2023-01-04,16016.1767578125,16278.687629399054,15961.640780679943,16278.687629399054,24307
2023-01-05,16158.0244140625,16194.224617827507,15915.085195459511,16104.154621398047,14393
2023-01-06,16214.080078125,16340.728832093982,16120.781234871483,16246.669168486953,21331
2023-01-09,16361.9189453125,16389.091369533257,16237.93119029413,16294.888807519552,8080
2023-01-10,16537.115234375,16624.809996680775,16341.68087455191,16341.68087455191,15811
2023-01-11,16485.09375,16650.410717754152,16389.1821480408,16579.20165120649,8578
2023-01-12,16511.748046875,16555.452541388855,16294.17567201256,16437.640425742815,10485
2023-01-13,16467.947265625,16531.698444240737,16322.676969658383,16511.746394394242,10030
2023-01-16,16236.220703125,16499.72994706777,16184.915423824354,16454.69494188304,8833
2023-01-17,16150.7568359375,16266.572245166983,16067.1000026541,16266.572245166983,6812
2023-01-18,16211.515625,16327.427534174823,16042.49288794844,16151.659475180215,14160
2023-01-19,16285.3388671875,16316.692091216384,16081.353633724011,16201.114190801196,11012
2023-01-20,16108.4814453125,16285.340666782335,15972.045916297642,16285.340666782335,13266
2023-01-23,16081.4482421875,16208.714941970777,15991.046075275262,16075.653017373432,9369
2023-01-24,16198.689453125,16294.126017267074,16081.495282244336,16146.909132576286,9194
2023-01-25,15885.96484375,16189.56928954963,15838.127798286589,16175.41246345706,10286
2023-01-27,15862.9248046875,16056.555445600186,15549.345264791858,15885.964672411916,14922
2023-01-30,15762.7841796875,16008.670191276928,15719.365459786744,15914.135476060923,8527
2023-01-31,16178.833984375,16294.127973850564,15771.62246464272,15772.572562381554,13928
2023-02-01,16263.8193359375,16474.692760816946,15942.638092647541,16246.669331601488,13466
2023-02-02,16311.9423828125,16422.439492619997,16140.165824223006,16263.821416643019,7224
2023-02-03,16546.37890625,16574.455036667114,16230.614294209885,16246.671317111357,17688
2023-02-06,16578.779296875,16721.62612556688,16447.142508481484,16703.668906568826,9895
2023-02-07,16545.85546875,16607.706452886017,16408.280590652255,16607.706452886017,7133
2023-02-08,16576.78125,16620.201827961984,16419.5883289709,16537.400442892464,11346
2023-02-09,16650.271484375,16744.472178707165,16455.69074987256,16455.69074987256,19549
2023-02-10,16625.759765625,16686.280247263694,16531.70009268387,16645.711817460997,7263
2023-02-13,16539.39453125,16773.97401218699,16351.228805047063,16645.662582279707,16189
2023-02-14,16543.48046875,16785.37495604392,16126.196473105252,16548.895283018144,71926
2023-02-15,16964.23046875,17149.261979582338,16375.027060685266,16550.889758385558,70046
2023-02-16,17230.259765625,17269.92634563988,16892.737548851685,16968.74536684427,31924
2023-02-17,17115.580078125,17309.20883994969,16962.04283385479,17196.76516921542,19869
2023-02-20,17275.955078125,17392.39026950319,17007.695419004012,17136.86043240838,27323
2023-02-21,17554.291015625,17600.560031717152,17054.253849895973,17277.52681116202,37541
2023-02-22,17588.533203125,17739.668570995127,17511.742389009567,17619.606712799305,24230
2023-02-23,17589.251953125,17718.151477783667,17394.320288511153,17588.53158204222,33232
2023-02-24,17106.69921875,17669.40465410969,17012.666414004605,17622.1959652036,27827
2023-02-27,17172.0625,17288.90707215595,16789.49853186657,17096.808104687552,16150
2023-02-28,17285.302734375,17422.79792578972,17130.71186289039,17316.13423903303,22621
2023-03-01,17579.212890625,17649.08887515111,17285.301533030644,17285.301533030644,17785
2023-03-02,17462.03515625,17712.052696899158,17414.779563644148,17577.054405708117,18731
2023-03-03,17273.294921875,17658.597709407688,17231.322057854744,17485.804354082677,20886
2023-03-06,17380.966796875,17473.318732983815,17192.854294217803,17274.496339749003,16396
2023-03-08,17984.25390625,18081.312645632024,17312.965664232404,17383.993496589323,70670
2023-03-09,17741.15234375,18200.36446364643,17682.75539423775,18031.317404169797,52910
2023-03-10,17662.826171875,17751.574382561692,17339.041903428213,17625.077979276757,29144
2023-03-13,17256.341796875,17699.705732613307,17097.860186598355,17625.124827095337,26039
2023-03-14,17291.544921875,17548.237115032774,17144.829365261907,17346.53324014734,29189
2023-03-15,17330.783203125,17523.217956726206,17252.838676688043,17384.95548380372,12219
2023-03-16,17402.578125,17495.41030949395,17239.534155741883,17330.781148846574,24600
2023-03-17,17398.017578125,17577.583199794637,17356.140381617188,17481.004700909398,15709
2023-03-20,17422.701171875,17626.037136754814,17264.939927271873,17437.731412216515,49184
2023-03-21,17644.048828125,17738.802012523323,17406.662170164076,17479.08385112583,40044
2023-03-22,17696.34765625,17889.215763702417,17653.84576107986,17653.84576107986,16984
2023-03-23,17699.806640625,17762.621499114615,17578.0151508728,17697.116504826587,24300
2023-03-24,17723.671875,17817.175653438164,17585.60076986891,17699.803958280125,21757
2023-03-27,17617.251953125,17913.228814058355,17578.06488912776,17771.075577356984,24228
2023-03-28,17800.078125,17913.225144664808,17640.25331670735,17653.891590291645,40504
2023-03-29,18227.451171875,18287.81788460444,17724.872353171257,17800.077957652768,50052
2023-03-31,18604.6875,18734.401189478904,18153.399420137197,18210.980329600865,46121
2023-04-03,18666.494140625,18730.46271251053,18441.498256943283,18729.646667208024,29923
2023-04-05,18386.365234375,18878.47431244633,18350.299784430004,18635.51793156849,46684
2023-04-06,18052.498046875,18500.13735617323,17994.86836436303,18386.750205444434,72459
2023-04-10,17810.26171875,18191.76945988767,17763.820299635674,18191.76945988767,46233
2023-04-11,17869.763671875,18182.11579621641,17726.025265614633,17816.21609264351,51741
2023-04-12,18024.162109375,18162.953584411887,17903.62003243985,17903.62003243985,43141
2023-04-13,18160.123046875,18210.980493594798,17903.622173027798,18105.181621493863,25704
2023-04-17,18139.134765625,18297.329377081936,18020.851337522698,18160.123076758802,21810
2023-04-18,18070.98828125,18299.29713206752,18018.881441261277,18139.134633116013,13612
2023-04-19,17947.994140625,18154.309139097684,17876.34161587765,18153.2041950716,13542
2023-04-20,18000.19921875,18092.06903357341,17947.994832429125,17961.250409320863,5156
2023-04-21,18025.5546875,18105.22884591522,17936.277458355875,18090.86832502641,9208
2023-04-24,17992.130859375,18070.98709769123,17904.96596685388,18033.28768136667,13782
2023-04-25,18034.583984375,18129.33716014297,17933.30057033567,18056.339564160407,13444
2023-04-26,18212.03515625,18285.65744807703,17942.184928446433,17942.184928446433,17670
2023-04-27,18362.546875,18422.28889673952,18148.88369701775,18212.036225430715,14870
2023-04-28,18606.55859375,18657.56048634486,18402.309023733047,18422.28806357324,24308
2023-05-02,19016.1640625,19066.20546405328,18597.09945041448,18606.559948560058,29017
2023-05-03,18554.451171875,18967.752772299937,18514.063497212708,18964.966962607265,22537
2023-05-04,18435.013671875,18701.550933357306,18326.23765435114,18551.90511868639,27882
2023-05-05,18561.416015625,18633.59756903024,18465.559768143452,18470.26469149871,10241
2023-05-08,18548.736328125,18766.71983203678,18508.7801270732,18566.312254114684,18577
2023-05-09,18466.806640625,18669.61546887303,18278.262659244465,18589.078364603116,22253
2023-05-10,18590.134765625,18687.33607872584,18223.465914475935,18593.59217134633,43422
2023-05-11,18704.578125,18894.131378968064,18297.424046226937,18441.498251315337,61928
2023-05-12,18228.55859375,18864.068455799803,18048.705948562085,18758.462806515254,59933
2023-05-15,18469.40234375,18575.824036590504,18182.214413175392,18350.972590554615,25309
2023-05-16,18256.794921875,18536.587787000786,18118.868253894343,18393.47407228691,41812
2023-05-17,18379.69140625,18460.65998663361,18196.668384554814,18345.449393837356,13967
2023-05-18,18263.375,18555.652407657068,18221.255807204598,18489.473948533454,13824
2023-05-19,18138.173828125,18403.079025019884,17976.71503922087,18403.079025019884,25164
2023-05-22,18086.3046875,18191.767745088662,18000.67809458355,18138.989317143885,10716
2023-05-23,18109.69921875,18282.588294559573,18050.339885668764,18090.920793740734,17174
2023-05-24,18010.4765625,18162.906323704396,17951.646261082595,18109.696417154548,12145
2023-05-25,18039.197265625,18115.941175242184,17942.378639519673,18087.028781025263,10507
2023-05-26,18193.40234375,18238.354247665793,18030.40713785619,18039.196039861257,11558
2023-05-29,17573.2109375,18249.399202694578,17524.897303961123,18249.399202694578,62648
2023-05-30,17808.435546875,17889.163996244766,17567.447065140295,17577.05201159472,23849
2023-05-31,17834.849609375,17940.070674915954,17711.521718527812,17808.43600594444,14053
2023-06-01,17867.123046875,17979.549705907717,17754.21614047515,17865.153282283238,43911
2023-06-02,18010.236328125,18045.149935680798,17870.00410030215,17903.621415191188,13726
2023-06-05,18127.080078125,18220.58385889717,17992.46637516032,18011.387369740663,20032
2023-06-06,18133.708984375,18191.865814549907,18069.836084991264,18186.96766663253,8268
2023-06-07,18224.04296875,18367.925833912992,18135.292877900225,18153.350929740678,13222
2023-06-08,18025.5078125,18308.180268534714,17988.528767674467,18224.04131056647,10888
2023-06-09,18017.34375,18195.562411992556,17980.46037915721,18058.26044810549,6743
2023-06-12,18244.40625,18286.810592026468,17998.662169832813,18033.19308133879,23105
2023-06-13,18307.125,18522.94928872191,18220.58480109842,18239.79469545909,27247
2023-06-14,18318.84375,18583.65138743216,18271.970858425455,18307.12458912326,9755
2023-06-15,18272.78515625,18521.21746092872,18237.342530146238,18319.513593958072,9818
2023-06-16,18245.220703125,18439.57642174046,18134.18789598917,18393.377003940368,23506
2023-06-19,18195.322265625,18408.071836619394,18166.411751035248,18246.517382304926,7450
2023-06-20,18305.732421875,18393.041764022528,18063.303187944002,18248.438538663904,18548
2023-06-21,18443.130859375,18681.526776329625,18316.77890354717,18345.4980710938,40492
2023-06-22,18133.466796875,18566.216521551756,18011.2438567016,18551.953551663828,18492
2023-06-23,17881.48046875,18210.690016385837,17759.595196087506,18133.46774580961,30239
2023-06-26,17854.060546875,18056.051462251144,17797.967279661658,17881.579095978792,10300
2023-06-27,17838.884765625,17984.688621897425,17754.74579908175,17882.49160331642,10360
2023-06-28,17981.8515625,18047.694220219913,17778.755721994177,17870.002712463625,25510
2023-06-30,18290.07421875,18489.52130033356,17981.8511222437,17981.8511222437,32352
2023-07-03,18264.81640625,18490.483890767442,18156.231727555813,18345.49796288729,16376
2023-07-04,18300.880859375,18518.288452620516,18184.085082758415,18377.144511325627,18105
2023-07-05,18405.529296875,18513.536180391726,18269.570515550247,18345.44960028441,44656
2023-07-06,18743.908203125,18823.773706581414,18408.984476958467,18532.503710840992,46120
2023-07-07,18960.88671875,19200.29003496891,18744.05502913548,18744.05502913548,46319
2023-07-10,18476.314453125,19104.237804803754,18412.730460289793,19065.818020379815,23190
2023-07-11,18536.251953125,18694.637908926274,18407.881457566305,18479.918562148483,17815
2023-07-12,18744.96484375,18777.334639085555,18499.798583952073,18662.315404567235,16452
2023-07-13,18375.2734375,18871.80043732079,18291.6616209455,18744.96635795687,27463
2023-07-14,18424.498046875,18604.486176708877,18267.024615829097,18568.17632254988,87365
2023-07-17,18490.34375,18605.268485269888,18364.599545326673,18452.571750534174,19450
2023-07-18,18699.087890625,19154.057683175753,18519.438638965108,18519.438638965108,63808
2023-07-19,18619.109375,18870.062808497365,18515.980774012867,18729.9884704511,23023
2023-07-20,18577.388671875,18660.77834770967,18423.960882878397,18647.084095562943,19877
2023-07-21,18430.443359375,18578.947842396385,18305.137049829194,18470.749352863015,40717
2023-07-24,18544.1015625,18617.939726598946,18336.233727594386,18430.785568090727,20082
2023-07-25,18539.71484375,18715.415554883737,18393.354064777344,18617.939432202053,19520
2023-07-26,18659.07421875,18773.90185664322,18519.29497721205,18617.94005513424,19083
2023-07-27,18409.583984375,18745.779507967807,18335.25844178139,18715.415315374943,16906
2023-07-28,18474.50390625,18554.53142640453,18365.770427991745,18422.013392197885,12540
2023-07-31,18491.513671875,18695.920339708635,18435.318306354766,18616.964680296936,20246
2023-08-01,18516.41796875,18715.415857185086,18448.331276723173,18656.930182631382,39655
2023-08-02,17801.333984375,18520.51361015846,17651.8547245435,18520.46411056277,71009
2023-08-03,17779.3515625,17944.963875471843,17624.754812908064,17801.33318966634,31358
2023-08-04,17795.923828125,17925.86027068403,17653.99896389866,17925.86027068403,22731
2023-08-07,17737.29296875,17934.632626547314,17678.270412254038,17934.632626547314,26010
2023-08-08,17698.154296875,17807.912025147813,17560.3226850423,17807.912025147813,28087
2023-08-09,17848.171875,17924.78772933208,17633.43120771543,17701.664495970825,23710
2023-08-10,17723.158203125,17874.196694348928,17697.228031313796,17838.180028392664,20259
2023-08-11,17695.623046875,17862.501425536535,17643.180125632265,17758.152463316455,15586
2023-08-14,17642.7890625,17711.412638077392,17478.591284743092,17711.412638077392,15806
2023-08-16,17726.763671875,17758.1026255375,17535.954165048526,17672.37123483365,10178
2023-08-17,17750.546875,17852.65310395863,17703.85543583662,17726.76232252424,19190
2023-08-18,17826.53125,17847.878902637654,17663.01504650915,17711.46182405935,18326
2023-08-21,17802.306640625,17875.07294151606,17716.333468399298,17857.13695552159,12593
2023-08-22,17898.515625,17967.773169676846,17802.30745625241,17802.30745625241,13006
2023-08-23,17907.875,17994.042367567083,17876.14576120475,17898.515769355727,27636
2023-08-24,17900.46484375,18003.839028616487,17803.13532050919,18003.839028616487,34364
2023-08-25,17818.001953125,18038.785379703426,17759.712371761594,17877.02450926794,28473
2023-08-28,18063.107421875,18124.711574374167,17808.88891383328,17808.88891383328,22053
2023-08-29,18158.58203125,18199.228810250785,18005.837718405353,18101.265313282893,26259
2023-08-30,18156.33984375,18271.898544597305,18063.299649502944,18159.801007513885,22726
2023-08-31,18105.068359375,18213.65714037324,18038.053525299958,18110.08876043909,21914
2023-09-01,18507.59765625,18568.177544850845,18040.05304209272,18129.5844821063,24442
2023-09-04,18585.580078125,18705.669912382473,18369.084063786835,18507.59917176801,20109
2023-09-05,18667.45703125,18769.02638393262,18519.92540466927,18585.57709272752,20402
2023-09-06,18788.669921875,18841.209934668146,18609.21675428906,18676.425781778413,14855
2023-09-07,18806.068359375,18905.49400456529,18687.147489637595,18788.669252232805,11157
2023-09-08,18913.537109375,18934.73816755489,18725.16448899508,18847.984412244085,13230
2023-09-11,18953.744140625,19007.746291834697,18793.395923333075,18963.9791332181,29532
2023-09-12,18676.765625,19005.84462971207,18424.011184790925,19001.995084453276,36608
2023-09-13,18873.423828125,18944.484301795703,18620.132505993155,18620.132505993155,16344
2023-09-14,18997.8515625,19251.48365806259,18904.127894994253,18910.366747264587,21565
2023-09-15,19168.2890625,19196.265851748747,18965.1008481848,19057.312878621215,25736
2023-09-18,19092.353515625,19220.340416557396,19044.78631365261,19202.79471580184,16545
2023-09-20,18827.90234375,19129.68802217709,18803.14302918706,19092.35390771502,14856
2023-09-21,18703.572265625,18900.62063303203,18598.444645603464,18900.62063303203,9683
2023-09-22,18636.705078125,18785.550367846296,18515.640485592485,18703.573322872908,13390
2023-09-25,18623.349609375,18714.390782406183,18521.584159311515,18636.459385985054,6836
2023-09-26,18660.439453125,18715.366869880756,18558.041924089328,18686.173531399152,15216
2023-09-27,18733.498046875,18851.88203576907,18535.621518784974,18715.4154646725,23854
2023-09-28,18832.142578125,19202.79552215026,18364.50089529497,18715.365425549488,78557
2023-09-29,18539.6640625,19007.892108497053,18481.47158281412,19007.842608906925,33903
2023-10-03,18289.296875,18578.947531686357,18155.023526495814,18578.947531686357,28949
2023-10-04,18269.314453125,18422.985930821982,18130.557582713696,18289.297056912397,15586
2023-10-05,18452.66796875,18472.3592878984,18269.315762115064,18269.315762115064,8247
2023-10-06,18816.7421875,18853.832615613992,18422.98813127414,18491.22142064923,18284
2023-10-09,18770.63671875,18812.892238426153,18570.469875621773,18715.41611283845,20739
2023-10-10,19220.09765625,19273.660022671607,18720.43544576741,18802.996957896485,26329
2023-10-11,19200.943359375,19446.486088293535,19118.33234704503,19220.09779786716,26535
2023-10-12,19939.421875,20045.720345166643,19106.537930959417,19106.537930959417,81609
2023-10-13,20011.3125,20403.800516078132,19704.849072010027,19738.91621772762,60488
2023-10-16,20152.263671875,20236.043640153523,19982.65521361938,20033.731180282473,25227
2023-10-17,19822.064453125,20251.34781151179,19763.285584527523,20177.559141786423,30590
2023-10-18,19613.267578125,19982.555485087993,19552.053715884864,19937.522278313256,18121
2023-10-19,19721.61328125,19773.95719879218,19444.390801251844,19495.224981156323,12124
2023-10-20,19581.68359375,19719.418106067485,19430.15773419524,19592.69915630037,12024
2023-10-23,19325.2265625,19627.74334045002,19222.632939316907,19592.604339130794,21454
2023-10-25,19198.8984375,19627.793406656176,19113.119443668766,19325.17952460995,22214
2023-10-26,19152.451171875,19316.064478421576,18988.350484669165,19010.819494593212,23748
2023-10-27,19244.369140625,19460.912716960203,19212.249617529975,19240.810881561247,23336
2023-10-30,18986.49609375,19424.260975853747,18910.367623413596,19244.369935425195,17238
2023-10-31,18960.03125,19113.946429509662,18873.814380443757,19072.76276740127,8370
2023-11-01,18869.818359375,19090.698875478094,18812.891922222476,18968.853720541418,10874
2023-11-02,18963.0546875,19057.557028310097,18890.92235564511,19007.8442050047,12097
2023-11-03,19026.853515625,19113.119892127103,18941.855090366505,19017.593283119124,6856
2023-11-06,19071.30078125,19177.306066240584,19031.335570356998,19113.11841926757,8576
2023-11-07,19259.041015625,19324.593714548144,19018.568158951486,19031.24005614109,14641
2023-11-08,19151.083984375,19393.411144132748,18831.50890259115,19256.407694598736,31879
2023-11-09,19041.958984375,19212.5421849005,18870.107832827736,19212.5421849005,32754
2023-11-10,19078.466796875,19300.27450096766,18827.709442563188,18837.35996057982,35887
2023-11-13,18984.83984375,19202.796072209585,18963.979572834392,19061.455695028348,7171
2023-11-15,19224.630859375,19285.650530324765,19007.843585611976,19056.581646087903,27938
2023-11-16,20069.505859375,20177.557762569315,19174.187656238773,19251.437484870832,72642
2023-11-17,20130.671875,20372.460256384475,20013.21314650261,20060.5861616284,32860
2023-11-20,20059.806640625,20373.388487774588,19967.984889266412,20138.56811385131,21881
2023-11-21,20195.25,20306.810662577624,20060.635853290627,20128.819640613656,19085
2023-11-22,20295.796875,20682.143109938625,20094.752370170678,20192.178994130296,59486
2023-11-23,20672.0546875,20713.676230676014,20295.503661124956,20295.503661124956,42759
2023-11-24,20505.3203125,20794.580698868027,20469.791028259267,20713.67551919306,26207
2023-11-28,20736.6796875,20811.688704876,20469.985401323145,20616.199582761168,24561
2023-11-29,21117.130859375,21298.53354925032,20718.550599053346,20762.414855790932,55002
2023-11-30,21054.40625,21249.796391526517,20955.90585886389,21123.07742221925,14343
2023-12-01,21526.1875,21566.931374045063,20947.617254004632,21152.317096877643,49102
2023-12-04,21390.59765625,21639.698642470627,21160.165631608066,21639.698642470627,32269
2023-12-05,21106.455078125,21569.466655015778,21054.84223334906,21390.597972153762,115959
2023-12-06,21047.580078125,21249.11195016909,21015.900340076958,21146.565932712252,15706
2023-12-07,21119.12890625,21279.03925965337,20972.038948587022,21132.775564501724,19313
2023-12-08,21080.431640625,21197.84087810381,20918.328074314468,21119.227902038056,14151
2023-12-11,21337.279296875,21405.756272199316,21041.146078353086,21080.4297168329,25624
2023-12-12,21186.09375,21551.96998312656,21077.992352900634,21348.244893733823,23219
2023-12-13,21395.6171875,21493.48358877916,21065.807129614677,21235.171881249615,19356
2023-12-14,21505.03515625,21682.588290890657,21298.53237529045,21444.74655635652,28367
2023-12-15,21160.263671875,21604.51110866362,21116.252820958573,21522.72825955617,34392
2023-12-18,21415.943359375,21486.71255188542,21166.941350108944,21203.15411269209,9700
2023-12-19,21336.158203125,21571.465943985004,21269.339463341967,21464.242209062348,12777
2023-12-20,20951.6640625,21520.437229072846,20826.35774730381,21415.50380395102,30828
2023-12-21,21078.48046875,21152.318631715552,20792.63173885366,20951.66441384854,18909
2023-12-22,21087.935546875,21343.322996360774,20964.04377180279,21147.445483182448,20236
2023-12-26,21353.021484375,21442.79660900437,21018.725992724154,21098.121433767916,10747
2023-12-27,21452.982421875,21506.79038254187,21231.420342883805,21440.75031108405,15391
2023-12-28,21544.85546875,21678.690954565613,21308.281666672854,21493.48631061923,21913
2023-12-29,21643.404296875,21737.175566260914,21427.05489821203,21639.649943051372,25019
2024-01-01,21867.255859375,22064.64500218334,21648.715160079388,21738.14950009255,19391
2024-01-02,21770.65625,21902.395599827094,21543.1961170377,21834.649700087983,10969
2024-01-03,21726.599609375,21817.49609390078,21574.39026283195,21703.058744948867,6363
2024-01-04,21921.2109375,21980.865562772302,21642.1855376178,21726.599478702523,14386
2024-01-05,22118.94140625,22243.905036441913,21834.701407712222,21834.701407712222,28782
2024-01-08,21899.66796875,22234.304269774275,21834.652154447336,22224.556657205325,10072
2024-01-09,22180.302734375,22356.587931838032,21948.84642899813,21998.218468803832,13943
2024-01-10,22044.419921875,22248.731403517853,21961.420524266985,22224.06918229081,9397
2024-01-11,22498.7578125,22678.357574499576,22044.420066542712,22044.420066542712,35821
2024-01-12,22643.36328125,22695.073223788084,22401.963274475536,22468.296539742347,13938
2024-01-15,22809.55859375,22884.468610937245,22522.24773107275,22764.37879305692,19671
2024-01-16,22515.375,22974.097240295087,22479.84571576576,22809.606287672745,22573
2024-01-17,22341.0390625,22596.085708267645,22127.07898159864,22419.507338183645,27741
2024-01-18,22238.10546875,22451.91896246609,21985.739407092904,22137.802158035334,21477
2024-01-19,22599.158203125,22675.57796271392,22196.288613523328,22409.761329098474,19057
2024-01-23,22199.994140625,22537.455736955028,21816.13238392762,22441.34465473669,56122
2024-01-24,21877.689453125,22315.892258068026,21751.992839807164,22245.222063039655,35408
2024-01-25,22204.37890625,22260.03739086007,21816.861823696847,21940.70599759406,10866
2024-01-29,22662.029296875,22759.40641918932,22200.236171267712,22225.48096367187,64222
2024-01-30,23272.814453125,23561.97775030571,22614.216652923442,22661.248881870026,37640
2024-01-31,22973.318359375,23443.006658797753,22906.888003399054,23267.54964430363,31087
2024-02-01,23082.052734375,23248.055333360935,22993.886342661823,23004.36502588336,18754
2024-02-02,23352.111328125,23660.086380262044,23107.055971709415,23246.10604331243,24154
2024-02-05,23553.25390625,23745.184783066445,23151.555163489786,23569.7277526497,14936
2024-02-06,24263.21875,24325.750061333205,23405.868684499284,23491.74476488616,19634
2024-02-07,24586.548828125,24661.458847058362,24164.037435342212,24261.80674716532,20225
2024-02-08,24660.533203125,24745.5316185938,24281.35109471462,24586.35235242558,21046
2024-02-09,24814.642578125,24874.93117785777,24125.339811590573,24660.483712865855,23943
2024-02-12,24600.92578125,25012.32259857889,24473.52335160836,24747.28655447674,36672
2024-02-13,25636.951171875,26610.98132152838,24484.34552814562,24651.71126818508,85754
2024-02-14,26708.01953125,26807.88305664797,24962.366878376924,25977.3864976972,152203
2024-02-15,27249.546875,27683.218520547493,26660.0124341565,26708.067019782953,89838
2024-02-16,27614.05859375,27913.114177424723,27098.360436924497,27215.3812765305,48546
2024-02-19,28262.033203125,28365.55208528547,27366.421814240195,27683.21921725455,54538
2024-02-20,28412.73046875,28463.027767188927,28083.017484426313,28170.59939971781,44221
2024-02-21,27346.193359375,28462.976462385144,27220.399669747192,28433.783127083017,66555
2024-02-22,27726.205078125,27830.407432711872,27217.282628845955,27537.00430717349,45835
2024-02-23,27766.265625,28189.437571119804,27555.318229820652,27943.094168375024,42212
2024-02-26,28250.162109375,28432.979466573266,27646.627425405142,27903.81896580749,32625
2024-02-27,28341.1796875,28767.83792799431,28129.791230380986,28313.297037417808,32611
2024-02-28,27813.05078125,28620.56224112651,27698.764516249168,28537.106056203844,28212
2024-02-29,28071.56640625,28227.826217345133,27695.72018724075,27884.183115568758,28396
2024-03-01,28414.080078125,28816.928745156114,28071.56647212381,28071.56647212381,47200
2024-03-04,28780.9921875,28964.20265875362,28031.554949611527,28511.525768445088,38585
2024-03-05,29502.154296875,29700.583264676683,28748.29872549651,28787.47442381224,67247
2024-03-06,29563.666015625,29713.787425671595,29016.389444527606,29651.490607333573,59027
2024-03-07,28965.185546875,29914.672185028172,28915.11183876712,29587.915926628415,50513
2024-03-11,28896.65234375,29474.758976410423,28725.66689333591,29278.341635957848,46917
2024-03-12,28937.693359375,29258.75418550453,28770.192284380162,28942.01382741584,26775
2024-03-13,27786.294921875,29307.84763840711,27605.341514286578,29013.296405860307,58216
2024-03-14,28867.00390625,29091.35377164839,27725.224711026996,27913.5898490577,54457
2024-03-15,29034.455078125,29223.21332181876,28429.102450729606,28866.020101932325,53434
2024-03-18,29272.796875,29415.849823536602,28858.607215109336,28964.254458209398,34319
2024-03-19,29206.619140625,29406.02993168997,28846.77573595173,29258.804181613305,28685
2024-03-20,29327.876953125,29648.88793161961,29013.345718094068,29191.00843278368,44864
2024-03-21,29520.169921875,29651.490679437076,29364.744288107388,29389.14448260534,35457
2024-03-22,29630.576171875,29896.9494309094,29356.202471990735,29519.92386173143,38966
2024-03-26,30123.1171875,30291.747774922387,29631.952987453133,29695.674623523213,39017
2024-03-27,29790.517578125,30584.235323963163,29682.5154630163,30142.408489427577,51920
2024-03-28,29485.85546875,30040.052844506114,29190.959059626835,29945.992050726098,36810
2024-04-01,29732.294921875,29879.029751563703,29504.311131169536,29504.311131169536,17643
2024-04-02,30354.337890625,30436.910033771415,29749.673701577147,29779.078965122677,23277
2024-04-03,30255.958984375,30338.77658806817,30036.713919187787,30240.59284506471,18469
2024-04-04,30231.658203125,30579.42425027587,30072.943800630146,30255.95867927331,25484
2024-04-05,30233.572265625,30419.582516977192,30083.35113911931,30230.77441248504,19278
2024-04-08,30522.724609375,30829.844136245563,30245.50318397826,30417.324740777356,34117
2024-04-09,29521.7890625,30724.44207401124,29374.661112041376,30572.403018914833,153880
2024-04-10,29254.58203125,29794.151547386216,28841.523799609426,29725.12761035026,86951
2024-04-12,29307.2578125,29676.035558189145,29258.754661175735,29407.35536885251,39244
2024-04-15,29259.1484375,29613.19863007818,28964.204090955416,29190.026699122187,28572
2024-04-16,29441.869140625,29583.646854083934,29032.98369543623,29259.149571941085,25386
2024-04-18,29380.599609375,29896.7526715109,29261.356226431333,29455.121450174167,51782
2024-04-19,29245.9921875,29352.276091696356,28886.787339157392,29259.73791183024,22176
2024-04-22,28612.755859375,29579.963515136402,28473.285087257795,29441.326921293236,32663
2024-04-23,28745.6484375,29030.183782842625,28525.912446871873,28802.20189167079,51227
2024-04-24,28333.86328125,29013.29475226757,28277.407631562848,28905.24278089283,30991
2024-04-25,28376.134765625,28641.81960322032,28020.56194000076,28424.588061557217,36654
2024-04-26,28352.71484375,28659.784497569657,28286.78599496453,28376.133200392473,14760
2024-04-29,28755.21875,29160.569925177166,28481.924701251668,28571.467502446314,29397
2024-04-30,28822.869140625,29111.479482974988,28719.726352664467,28771.81359482012,23608
2024-05-02,30113.39453125,30338.72621764398,28822.86896909101,28831.705505812344,87649
2024-05-03,29546.875,30211.08802497442,29389.14435014148,30130.62721421281,46475
2024-05-06,29489.046875,29760.13181255503,28958.95244998497,29700.582987431793,36056
2024-05-07,29070.09375,29637.74341989518,28630.428117862637,29637.74341989518,26812
2024-05-08,29501.857421875,29993.071445902562,29070.094420173467,29070.094420173467,35553
2024-05-09,29338.970703125,29886.78804662946,29222.77062705969,29356.988954048502,25858
2024-05-10,29879.2265625,30028.515709551244,29213.099730713213,29651.490139564725,30547
2024-05-13,30238.43359375,30467.397315555074,29435.290575345047,29879.226835566114,31139
2024-05-14,31302.94140625,31516.981969155793,29622.378960803686,30436.960780181606,82044
2024-05-15,30373.533203125,31320.613179240383,30018.30366339214,31320.613179240383,101787
2024-05-16,30477.755859375,30708.928710786717,30044.274642320543,30536.1751853427,66955
2024-05-17,30464.205078125,30588.162048614748,29987.473166341395,30479.718875947743,56789
2024-05-21,30322.13671875,30436.37312588578,30024.590103719158,30253.751354816723,52316
2024-05-22,30373.58203125,30775.644459820076,30032.002322637094,30436.960404572274,85634
2024-05-23,30300.779296875,30436.909518161603,30091.25481234246,30304.55898733192,51535
2024-05-24,30280.013671875,30749.52755874734,30181.632411865474,30397.68650305377,74133
2024-05-27,30993.12109375,31644.129162860932,30339.758148949433,30339.758148949433,121384
2024-05-28,30501.712890625,30993.12254285426,30261.753347813312,30976.972083582772,76953
2024-05-29,30561.703125,30748.252234151318,30262.242712941308,30400.141011040312,52833
2024-05-30,30054.38671875,30731.511279726354,29917.12699787409,30574.417292353948,68887
2024-05-31,29841.720703125,30585.119279717004,28966.853714143257,30535.045571936313,868375
2024-06-03,29444.666015625,30136.86140536851,29323.311292527873,30000.04274271328,44990
2024-06-04,29011.578125,29800.0434479405,27000.52958931578,29749.674420227933,72953
2024-06-05,30306.42578125,30578.29503123145,28783.350469444646,29207.699839217206,49866
2024-06-06,30094.986328125,30602.6461508844,29940.88770674737,30289.635603421983,20538
2024-06-07,30040.88671875,30436.960321430735,29955.859980866186,29955.859980866186,19067
2024-06-10,30205.984375,30368.18315835838,30008.68490200799,30044.176792509475,12586
2024-06-11,30607.798828125,31025.02986038486,30093.316035222662,30206.32513540056,39791
2024-06-12,30840.791015625,30976.97110091623,30594.054500936603,30687.329057341896,18859
2024-06-13,31844.080078125,32089.637228525888,30879.572491014544,30977.656513229944,56576
2024-06-14,31740.64453125,32329.892725074584,31399.16070932079,32086.446903708675,57427
2024-06-18,32772.9453125,33726.113802394946,31767.936959840077,31767.936959840077,156530
2024-06-19,32295.138671875,32982.375038343955,32014.185497774757,32793.37132635821,42616
2024-06-20,31668.87109375,32696.413826661403,31616.68796828953,32449.727171537386,45408
2024-06-21,32014.134765625,32204.26796903953,31482.56759311798,31668.87124699375,45227
2024-06-24,32415.85546875,32493.91154876592,31615.167000159014,32007.90199394981,27730
2024-06-25,33203.7265625,33303.87397497223,32474.271250185535,32474.271250185535,54500
2024-06-26,33529.16015625,33801.62006386413,32842.514398368796,33203.73088230621,35727
2024-06-27,34118.50390625,36011.83155922216,33362.834298008864,33677.02226079176,107957
2024-06-28,33465.3359375,34153.21272929353,33348.892327234025,34153.21272929353,58629
2024-07-01,33627.8828125,33853.60954349649,33090.031490186615,33382.523167800835,30255
2024-07-02,34015.5625,34461.51229807774,33677.07404264331,33834.11817407216,35059
2024-07-03,33918.99609375,34443.347127582194,33794.54820251638,34143.395799993465,23302
2024-07-04,34635.6875,34689.73841620631,33943.100928626365,34118.84982412329,27710
2024-07-05,34436.96484375,35031.95830601015,34309.32598220904,34364.308876411305,33743
2024-07-08,33787.28515625,34839.51956904945,33718.75213617632,34533.28600696972,28099
2024-07-09,34965.6328125,35103.63081927877,33928.37150983126,34069.756088411414,30550
2024-07-10,34747.1796875,35027.05323733003,34234.21944646405,35002.45744059617,30144
2024-07-11,34964.4609375,35127.986741427856,34659.50067356213,34806.13963942223,23755
2024-07-12,34500.83203125,35050.12016217489,34268.23246501785,35002.50105134767,21287
2024-07-15,34447.9609375,34722.43435099002,34364.309157696596,34599.01815630413,14038
2024-07-16,34471.18359375,34756.06218172367,34364.35891738781,34747.175786178086,14283
2024-07-18,34511.44140625,34742.36881265038,34152.92115209543,34531.27375612787,48057
2024-07-19,33617.02734375,34728.63900380212,33493.40445741689,34728.63900380212,24779
2024-07-22,33678.49609375,34186.006287652854,33263.52675290666,33617.02957428281,20371
2024-07-23,33608.9375,33961.499931749764,32656.759564005773,33740.00619996368,36942
2024-07-24,33659.55078125,34111.96117666562,33382.957219088436,33673.60996160315,18849
2024-07-25,34285.703125,34452.389962578694,33347.43786570984,33633.5044050489,20428
2024-07-26,34449.48046875,34531.318923811064,34100.31719160956,34285.70335613993,18411
2024-07-29,34468.2265625,34685.376918989976,34353.72980252199,34434.6317509369,19618
2024-07-30,34456.87890625,34580.64824451371,34343.862065378664,34477.05429114212,10838
2024-07-31,34510.0546875,34560.81495253027,33959.526835473254,34436.65251547308,32525
2024-08-01,33910.4453125,34711.67212048792,33807.2483109055,34386.287661899514,23238
2024-08-02,33455.66796875,34116.94271881612,33357.25371090726,33910.444663150716,28189
2024-08-05,31921.93359375,33337.420881536564,31717.212207986915,33051.45454974051,35807
2024-08-06,32261.525390625,32775.15369314936,31921.933388530924,31921.933388530924,29693
2024-08-07,31996.572265625,32809.339709399246,31374.170282382678,32459.440323597173,60281
2024-08-08,31409.341796875,32084.280684264453,31195.59255393285,31995.732519182842,44900
2024-08-09,31589.939453125,32064.795175231466,31422.512662644524,31502.478099554482,32494
2024-08-12,31174.875,31561.57567412111,30660.801546802926,31561.57567412111,36237
2024-08-13,31170.779296875,31453.09787413504,30949.53220784505,31360.356619424605,16810
2024-08-14,30578.125,31225.142108248714,30486.221974575656,31225.093933975015,26467
2024-08-16,31512.88671875,31619.243952154186,30668.74434520084,31024.860134534723,25740
2024-08-19,31182.521484375,31652.837285463618,31102.951072712967,31512.88716588455,25158
2024-08-20,31625.26171875,31912.068216259082,31307.27683178596,31324.83924473358,29425
2024-08-21,31782.328125,31847.592700985642,31326.71320839128,31847.592700985642,22620
2024-08-22,32067.904296875,32123.745987137787,31672.223942301694,31782.329133644576,32048
2024-08-23,32163.60546875,32386.530954071663,31727.079110409457,32064.79618066371,39122
2024-08-26,32374.984375,32463.285890174244,31992.82364934563,32222.653470287314,32218
2024-08-27,31867.423828125,32480.20828169957,31812.618848803624,32459.439389356627,45779
2024-08-28,31512.443359375,32084.478165337714,31388.77229279452,32084.478165337714,26366
2024-08-29,31306.931640625,31768.762975769634,31078.18670577367,31512.44308731218,17160
2024-08-30,31955.873046875,32064.79507461494,31413.582981088148,31413.582981088148,50047
2024-09-02,31894.703125,32195.27396488017,31494.879797639253,31955.8728876067,26466
2024-09-03,31965.39453125,32345.585885325978,31788.544852022038,31963.56968982927,29277
2024-09-04,32017.291015625,32084.8737408308,31536.96074749447,31946.403535237634,16544
2024-09-05,33269.19921875,33685.74481511409,31989.46892476604,32059.863099524217,92016
2024-09-06,31924.0078125,33475.647193223034,31581.209320116875,33269.1992363948,65916
2024-09-09,32662.384765625,32729.82104053812,31724.16959396684,31841.822731499567,65068
2024-09-10,33084.94921875,33495.37860012413,32656.760873758725,32662.38377478247,90744
2024-09-11,32764.89453125,33340.13387370936,32542.21377815271,33084.948976070315,51904
2024-09-12,33657.08203125,33820.959341397465,32990.13429161217,32992.207712261705,38720
2024-09-13,33883.26171875,34575.17142987919,33741.043562978695,33959.03406606504,50320
2024-09-16,33581.21484375,34091.24166098279,33396.718937066646,33890.023500391115,28975
2024-09-17,34255.36328125,34329.012105926115,33455.96329121243,33643.368911177124,57197
2024-09-18,33903.734375,34400.49204901245,33595.02593405734,34236.32183893935,18444
2024-09-19,33975.7109375,34323.44054206808,33594.03966771607,34047.03969187891,22135
2024-09-20,35208.87109375,35517.92638374187,33962.09398756237,34038.01278441929,73949
2024-09-23,35973.640625,36087.15077218576,35025.80603807441,35083.919626144016,70172
2024-09-24,36211.8125,36455.20820728296,35883.075100973336,35973.6427380749,40922
2024-09-25,36466.3046875,36846.889138328996,35995.54570875768,36226.60878342404,41395
2024-09-26,36644.53515625,36701.85868679723,36260.401213784324,36470.00554724354,37856
2024-09-27,37467.56640625,37668.63425242905,36405.87483987154,36524.31803002374,67836
2024-09-30,37174.34375,37614.078505162295,37008.74372638414,37467.46685261292,32053
2024-10-01,37334.47265625,37570.02558614402,37145.83376129708,37195.16421781939,21533
2024-10-03,36625.69140625,37589.805004231624,36549.37565425137,36887.33935690845,49118
2024-10-04,36242.59375,36652.5298510256,35932.848578749916,36652.5298510256,35351
2024-10-07,36291.7265625,36627.86351832967,35735.27901975689,36242.59265761835,68090
2024-10-08,37459.2265625,37639.086167937654,36081.280537357154,36208.749659254994,35793
2024-10-09,38089.17578125,38565.36495593775,37355.87859815376,37459.22589708323,42324
2024-10-10,37710.41796875,38516.97087156062,37466.87198184148,38089.17564355132,26527
2024-10-11,37971.4296875,38122.28068449137,37493.417555804284,37710.42146688683,16882
2024-10-14,38276.09375,38378.10758991888,37804.097641624285,37971.42808747234,11537
2024-10-15,38184.87890625,38414.66248076816,37701.09744061275,38280.43354031073,17392
2024-10-16,37749.1953125,38270.51803499096,37570.865712329214,37984.45148865891,18602
2024-10-17,35996.33203125,37899.05774062595,35899.00458722006,37749.19336315907,53057
2024-10-18,36307.953125,36432.46241676135,35577.26891841313,35998.30433198741,21112
2024-10-21,36345.83984375,36766.48218389659,36021.098993279695,36317.081729461126,18769
2024-10-22,35582.35546875,36559.1948681258,35429.1342981703,36257.885977659666,16532
2024-10-23,35770.3046875,36392.70475560518,35323.42084509342,35582.35564497071,18922
2024-10-24,35566.37109375,36109.64584461623,35468.59659188802,36109.64584461623,10745
2024-10-25,35450.7890625,36085.228832627305,34896.66158770369,35711.747176682635,16693
2024-10-28,35639.578125,35832.06325264746,35152.09301545698,35320.60662455468,9154
2024-10-29,35928.90234375,36100.028930655564,34852.06855382881,35859.64315195485,43179
2024-10-30,35688.95703125,36199.673678871426,35431.498309206945,36050.69570810176,14672
2024-10-31,34651.29296875,36045.81488108932,34356.05018483407,35688.959127425274,36099
2024-11-01,34711.02734375,35073.70638565701,34494.42040188294,34865.778520600936,3850
2024-11-04,34867.8515625,35051.607502931874,34289.744891179886,34777.919832844425,29676
2024-11-05,35135.66796875,35356.56821279721,34640.78328439076,34679.50769299166,32121
2024-11-06,35786.9765625,35892.84049395363,35221.74972807387,35221.94627911337,16879
2024-11-07,34896.015625,36280.278238514096,34753.354267176364,35786.97370812467,18762
2024-11-08,34649.1171875,35165.36038570354,34532.30421466235,34985.15777983277,14426
2024-11-11,34522.29296875,35123.284367409426,34459.09988437364,34629.979811687386,32585
2024-11-12,32832.87109375,34873.818476796856,32667.614068697698,34797.70312593905,56027
2024-11-13,32767.26171875,34018.28206860472,32390.870343773993,33544.709696419966,124257
2024-11-14,33408.65625,33495.37764494737,32695.831202916805,33051.403567179295,25998
2024-11-18,33341.765625,33960.36954825305,33159.93279192208,33408.658494666466,19760
2024-11-19,33842.6640625,34363.00014049545,33440.12756499257,33544.7081256195,23271
2024-11-21,33651.953125,33939.252924871136,33364.653325128864,33842.665435309245,13115
2024-11-22,33858.0078125,34049.013021454935,33569.37455017152,33749.87391381237,11065
2024-11-25,34573.3515625,34728.64230212645,33988.68543489365,33988.68543489365,52738
2024-11-26,34519.7265625,34876.63241186327,34403.11013523796,34753.25617054863,19667
2024-11-27,34422.05078125,34782.75660181305,34277.759203564674,34532.304345737764,21638
2024-11-28,34211.359375,34669.24618619373,34101.15591261397,34669.24618619373,22971
2024-11-29,34497.96875,34580.64735955382,33939.351474141265,34407.99077501967,34200
2024-12-02,34460.4296875,34669.24781947291,34125.922949543055,34255.1687438668,13448
2024-12-03,34456.0390625,34695.09521549601,34161.38979971715,34460.42870215665,19833
2024-12-04,34709.546875,34821.33045354198,34293.59480299665,34383.32612722326,19108
2024-12-05,35685.15625,35821.8016042522,34498.61241041123,34768.103132473494,35438
2024-12-06,35768.1796875,36501.92396305931,35621.91488748095,35764.5300045948,35941
2024-12-09,35414.48046875,35988.54052123165,35271.275697947516,35880.803577160834,14815
2024-12-10,35446.44921875,35558.87255705465,34985.15935444302,35517.928278622356,26238
2024-12-11,35732.56640625,35846.41955871886,35380.4933952609,35616.58973177822,13857
2024-12-12,35785.05078125,36038.46286143323,35466.67280643452,35863.23954973188,10448
2024-12-13,35981.2421875,36041.768345796074,35310.29787191649,35567.25945131101,9544
2024-12-16,36010.24609375,36188.82234359161,35821.853854001056,35985.18776380201,11736
2024-12-17,35289.4765625,36086.06704122104,35189.0389879774,35823.77547731869,10906
2024-12-18,35292.734375,35491.48600910778,35144.00305190199,35289.03459084333,10725
2024-12-19,35058.46484375,35356.56724455134,34888.47132342748,35172.614746908825,19139
2024-12-20,34113.93359375,35453.25548014718,34004.41998093962,35058.66193162465,19486
2024-12-23,34062.73046875,34487.95900570568,33890.86392831407,34309.33265112187,8983
2024-12-24,33944.53125,34378.392582709035,33833.5377311148,34018.280276992606,10858
2024-12-26,33732.265625,34168.93650409451,33623.688521811884,34107.076883774615,15783
2024-12-27,33633.15625,34264.88280658979,33544.70828869192,33732.26421396507,13919
2024-12-30,33345.21875,34136.675821524535,33090.18029046636,33544.710344850704,78500
2024-12-31,33643.56640625,33840.69167255369,33192.096400557886,33273.39144772225,9597
2025-01-01,33576.82421875,33827.076074805125,33308.02334086974,33664.08902265329,7620
2025-01-02,33967.6171875,34134.06122258136,33449.74762257404,33594.03920063846,35540
2025-01-03,33794.86328125,34451.64815671482,33722.297414649875,34137.41317349171,18369
2025-01-06,33022.89453125,33941.32743264304,32666.678532580798,33806.01553147267,11515
2025-01-07,32518.33984375,33224.9485247507,32432.5549515489,33022.89406011531,11801
2025-01-08,32572.65234375,32717.583677003397,32153.640235434596,32607.33011156934,16497
2025-01-09,32390.029296875,32780.086738894795,32315.49213693642,32577.831877149918,23782
2025-01-10,31289.171875,32755.371238175358,31201.265391679044,32459.43861647098,31884
2025-01-13,30564.90234375,31272.744250404943,30403.09845623073,31078.18571254206,19575
2025-01-14,31198.255859375,31305.008118989146,30565.494505528237,30584.88175952159,12720
2025-01-15,31042.619140625,31341.51352865425,30870.850878834804,31201.513309627302,13843
2025-01-16,30934.486328125,31371.55415488872,30880.864509490715,31197.812679576145,16830
2025-01-17,30979.330078125,31088.003532032384,30634.263535496033,30964.72749223752,14832
2025-01-20,30719.80078125,31127.17206253338,30527.263630700145,31078.18653550467,11609
2025-01-21,30201.091796875,31127.517761308234,30120.979907054243,30863.106516933254,12806
2025-01-22,30173.169921875,30454.255245170018,29799.640094951686,30454.255245170018,21434
2025-01-23,30575.509765625,30942.478255007463,30046.538903444707,30152.747760024242,17809
2025-01-24,29950.0,30696.86311004233,29835.06003656548,30486.22206117306,15495
2025-01-27,29306.287109375,29943.636594537023,28902.072200760747,29943.586493293147,32267
2025-01-28,29398.041015625,29740.344266977976,28964.326120154878,29253.354407873067,29454
2025-01-29,27778.669921875,28813.919653186887,27654.40727269013,28611.71488270081,183316
2025-01-30,28200.791015625,28562.28304450082,27605.372430013384,27723.71541953011,27625
2025-01-31,28344.44140625,28513.00318675398,28054.526705608623,28200.248099895813,26318
2025-02-01,28305.07421875,28730.005973768915,28068.584795816492,28512.01547086997,9383
2025-02-03,28096.111328125,28662.47506857468,27878.465739985033,28325.54805152158,24413
2025-02-04,28237.935546875,28473.538570282326,27976.385860370985,28118.309193734087,17251
2025-02-05,27983.244140625,28502.988660849962,27917.634635155944,28261.41780693439,14484
2025-02-06,27778.818359375,28198.620545275953,27559.051175099004,28033.511892337538,14983
2025-02-07,27669.6015625,28019.699428592998,27467.198313099612,27921.038515112035,17579
2025-02-10,27325.767578125,28117.373011740972,27220.545331202266,27842.109070189486,33234
2025-02-11,26858.90234375,27437.598673765136,26650.48117439247,27437.598673765136,41878
2025-02-12,27023.716796875,27057.656535614777,26283.563414178923,26859.446380245885,17532
2025-02-13,26984.154296875,27265.13941635897,26813.47092015341,27023.71693695212,12420
2025-02-14,26642.935546875,27193.80835256262,26538.79818556334,26984.647223325865,15110
2025-02-17,26550.884765625,26772.821717091345,26146.17847409337,26460.8566831367,13329
2025-02-18,26616.345703125,26914.646583961454,26276.36058713642,26618.71395039765,36286
2025-02-19,26929.890625,27220.44700723158,26420.256919604763,26550.637698587754,15846
2025-02-20,27050.798828125,27179.749796659617,26787.227742541454,26934.42905287723,17645
2025-02-21,26968.072265625,27224.985668763526,26802.223656077476,27023.22410144895,20941
2025-02-24,26636.8671875,26869.410178758895,26435.94386132975,26869.410178758895,26865
2025-02-25,26800.79296875,26948.73423234411,26555.323854151313,26688.762734779717,25766
2025-02-27,26462.978515625,26974.97855389492,26337.530779095316,26922.589994379206,19778
2025-02-28,26188.552734375,26462.583420103325,25958.42615491098,26131.329404861975,30508
2025-03-03,26334.126953125,26667.94575746666,25912.30146068286,26188.55200930421,17747
2025-03-04,25908.05859375,26290.913031427524,25717.54475913054,26149.432899011295,31707
2025-03-05,26710.912109375,26758.369549979623,25656.770357994592,25656.770357994592,37194
2025-03-06,26707.55859375,26946.21779485289,26490.454489242537,26933.441977721865,31682
2025-03-07,26671.3984375,27025.097794653742,26490.45394582411,26707.55804587795,18774
2025-03-10,26440.482421875,26885.098201937184,26253.816749367714,26643.37897039683,17291
2025-03-11,26621.23046875,26668.192677092247,26046.480559701995,26293.132837729478,18143
2025-03-12,26448.12890625,26761.77233030983,26184.605996181486,26539.785278722004,17579
2025-03-13,26025.119140625,26448.127782059386,25930.5029448202,26391.79278920072,8806
2025-03-17,25993.0546875,26401.314299402366,25859.96073597175,26025.811265444212,16075
2025-03-18,25993.0546875,25993.0546875,25993.0546875,25993.0546875,0
2025-03-19,27188.283203125,27301.29811718972,26944.294006565015,26970.93245175642,20377
2025-03-20,27253.94140625,27501.728667151085,27134.760183132385,27190.996901841896,17337
2025-03-21,27064.908203125,27467.147973102106,26992.588983383688,27304.407568518236,76189
2025-03-24,27898.1484375,27977.22361377989,27159.719714508283,27159.719714508283,18555
2025-03-25,27080.544921875,28118.359422224916,27000.08810574588,28118.359422224916,31106
2025-03-26,27696.140625,27802.644306051185,27023.519874267196,27259.022694531162,35123
2025-03-27,27975.794921875,28078.797299469777,27230.411731189717,27624.068770347134,45542
2025-03-28,27978.703125,28177.55495324021,27739.50052749656,27792.77741711403,21915
2025-04-01,27510.70703125,27970.31850530416,27280.333801280718,27723.86470283008,46358
2025-04-02,27648.83203125,27828.246512879796,27366.563549690316,27510.706755564777,18267
2025-04-03,27638.76953125,27722.581204960265,27218.572322877935,27218.572322877935,15941
2025-04-04,26923.673828125,27408.544023309696,26761.376632243715,27378.402344714817,21549
2025-04-07,26232.208984375,26441.123457965456,25574.485652963936,26055.852610564874,40276
2025-04-08,26161.224609375,26727.191398787283,25997.150739234254,26441.124850530472,11659
2025-04-09,25832.08984375,26240.299367281386,25728.150958318733,26145.141688415133,10681
2025-04-11,26006.275390625,26490.257245581943,25947.81880263807,26326.87324036583,21080
2025-04-15,26727.240234375,26801.235916087,26224.06959873339,26727.240234375,18573
2025-04-16,27003.490234375,27116.950277376574,26668.043150718167,26727.2396948929,13059
2025-04-17,27136.68359375,27210.67927706326,26663.111220545128,27116.95141153313,10197
2025-04-21,27427.732421875,27555.991602265065,27146.548834096786,27230.410605890287,13857
2025-04-22,27644.787109375,27970.368113875134,27284.67478621576,27526.394016829498,20011
2025-04-23,28034.498046875,28217.020733437446,27541.19348859812,27822.37708681594,18101
2025-04-24,28049.296875,28217.020422968697,27822.376780689414,28034.497738414528,19139
2025-04-25,27620.12109375,28241.68481188047,27477.062777672352,27975.300361253125,29555
2025-04-28,27935.8359375,28014.764663440314,27486.92880871446,27486.92880871446,12875
2025-04-29,28774.455078125,28858.316853596993,28014.76605326108,28083.82869188507,34323
2025-04-30,29060.5703125,29287.490399815397,28675.79277313911,28804.051952926075,30652
2025-05-02,29050.705078125,29539.076584787315,28947.111122166327,29198.69644378025,10630
2025-05-05,29958.384765625,30160.63962737218,29198.695772720956,29351.62018038346,21026
2025-05-06,29514.412109375,30190.23936309126,29400.95205948103,30066.91322190216,15039
2025-05-07,30066.912109375,30436.89051925246,29030.97256171811,29188.83001659916,26296
2025-05-08,29608.138671875,30343.162440970198,29381.21858208722,30101.44321489191,17004
2025-05-09,29598.2734375,29830.126579427084,29164.165427083335,29465.08120703125,19095
2025-05-12,30589.814453125,30668.743179338515,30012.64814268868,30269.1665028826,14375
2025-05-13,30727.94140625,30905.531049952842,30589.816127814454,30698.343132299524,18815
2025-05-14,30999.2578125,31329.771859832512,30629.279401306892,30629.279401306892,19016
2025-05-15,31305.107421875,31393.902242800585,30885.79854528197,31166.98214487965,24393
2025-05-16,31231.111328125,31458.03142306952,31048.58864306093,31305.107011259082,18391
2025-05-19,31137.3828125,31650.419538181242,31028.85581283666,31211.378494088643,19249
2025-05-20,31092.986328125,31571.491749960336,31033.789781093827,31374.169926523085,25442
2025-05-21,31231.111328125,31423.500104273615,30831.534639200956,31092.98605294138,14371
2025-05-22,31314.97265625,31467.89706588197,30885.79770018608,31231.110883226014,10408
2025-05-23,31699.75,31763.879590725177,31186.713274198566,31418.566409897292,10400
2025-05-26,32049.99609375,32267.05009223007,31443.23150708981,31699.74986892989,22230
2025-05-27,32049.99609375,32173.32222925004,31882.272549469948,32074.66132085001,21918
2025-05-28,31206.4453125,32005.598670170722,30782.203406576034,32005.598670170722,79649
2025-05-29,30836.466796875,31458.030517304735,30747.671979670755,31216.31129269317,17502
2025-05-30,30994.32421875,31586.289666187527,30594.747541729666,31028.85553651719,51998
2025-06-02,30811.802734375,31097.919378402177,30663.81136677474,31028.856740188723,14075
2025-06-03,30935.12890625,31137.383775514274,30777.271447312032,30940.061951841813,10737
2025-06-04,30994.32421875,31413.633077351584,30880.864174657807,31127.516444423443,55704
2025-06-05,31033.7890625,31255.77610872675,30831.53419816007,31255.77610872675,62802
2025-06-06,31171.9140625,31305.10628906868,30900.596563934167,31201.512335070816,29686
2025-06-09,31265.642578125,31453.09830831887,31181.7808040909,31181.7808040909,18145
2025-06-10,31122.583984375,31541.892850862856,31028.856120101245,31265.642303529683,21674
2025-06-11,31467.896484375,31517.226938183394,31097.91808081204,31127.516353097075,9731
2025-06-12,31097.91796875,31512.293779247302,31018.98924294099,31374.168509081534,9072
2025-06-13,31162.048828125,31305.10714948255,30530.618995926172,30683.543408411828,12905
2025-06-16,31847.7421875,31941.470053293448,30984.459213086662,31270.575856035084,21513
2025-06-17,31783.611328125,31961.200961496488,31571.4903771535,31936.535734639336,10902
2025-06-18,31956.26953125,32148.658310459443,31675.085930866975,31675.085930866975,15987
2025-06-19,31941.46875,32355.84456081081,31773.745207528955,32045.0627027027,20928
2025-06-20,31857.607421875,32183.18842061203,31719.482149683532,31941.46919427696,23579
2025-06-23,31152.181640625,31857.60713145784,31058.45377820665,31818.142768334325,13460
2025-06-24,31078.1875,31571.492063492064,31014.05790674603,31571.492063492064,15696
2025-06-25,31329.771484375,31655.352482323156,31048.587895237953,31280.44103014043,28913
2025-06-26,31783.611328125,31966.134006867916,31102.851066867624,31467.896424353465,40409
2025-06-27,31828.009765625,32059.86290557918,31591.22358013988,32054.92986004824,83020
2025-06-30,32242.384765625,32454.50571803043,32005.598586195687,32222.652584005893,32831
2025-07-01,31882.2734375,32232.51967207566,31689.884660761258,32222.653580960854,13798
2025-07-02,32010.533203125,32109.1941160642,31783.613103364827,31966.135792302357,18343
2025-07-03,33944.28515625,34407.99142055569,32015.4644185529,32109.19228048703,120903
2025-07-04,35448.86328125,35537.658096037434,33870.28879614006,33919.61924879975,173114
2025-07-07,35562.32421875,35853.373896778336,34901.29613644836,35281.14063150229,90278
2025-07-08,35014.7578125,35848.44252232143,34906.230808854605,35508.06237452452,83073
2025-07-09,35320.60546875,35611.655150685234,34792.76960490136,35024.62274135824,40693
2025-07-10,35710.31640625,35813.91036184211,35143.01617324562,35246.61012883772,40853
2025-07-11,36035.8984375,36909.04751668378,35670.85305976215,35715.250470568106,81825
2025-07-14,37338.22265625,37476.347934936086,36035.89860006688,36292.41697476962,75464
2025-07-15,37806.859375,38329.76217950809,37377.68443167732,37481.27838351383,69592
2025-07-16,37959.78515625,38053.513020833336,37338.22142269737,38053.513020833336,42632
2025-07-17,38127.5078125,38334.695718842995,37762.4624537052,38083.11040399793,40326
2025-07-18,37737.796875,38532.0171752451,37639.135968137256,38127.507457107844,32786
2025-07-21,37806.859375,38048.578595951854,37501.010564816024,37979.51596139418,24276
2025-07-22,37249.42578125,37999.248681362566,36923.84478514849,37984.44954517613,26390
2025-07-23,37471.4140625,37550.342791436284,37012.64082555786,37293.824422393365,20844
2025-07-24,37402.3515625,37836.45957324914,37318.489787696184,37471.41420057372,19341
2025-07-25,37323.421875,37604.60546565226,37106.36787519825,37604.60546565226,17581
2025-07-28,37723.0,38014.04969268994,37303.69112070093,37629.27213286256,37336
2025-07-29,39915.0,40120.0,37615.0,37700.0,89125
2025-07-30,40060.0,40415.0,39125.0,40000.0,100405
2025-07-31,40385.0,40490.0,39325.0,39500.0,46071
2025-08-01,40390.0,40730.0,40105.0,40375.0,59925
2025-08-04,41115.0,41280.0,40035.0,40150.0,66056
2025-08-05,40595.0,41290.0,39445.0,41145.0,114355
2025-08-06,38255.0,40555.0,38150.0,40500.0,103119
2025-08-07,38570.0,38750.0,37900.0,38225.0,54977
2025-08-08,38325.0,39150.0,38220.0,38570.0,32516
2025-08-11,38710.0,39080.0,38320.0,38540.0,31256
2025-08-12,38610.0,39010.0,38540.0,39000.0,20383
2025-08-13,38660.0,38910.0,38510.0,38795.0,13806
2025-08-14,38585.0,38950.0,38430.0,38880.0,23267
2025-08-18,39335.0,39895.0,38870.0,39000.0,28210
2025-08-19,39860.0,40245.0,39365.0,39495.0,25516
2025-08-20,39935.0,40280.0,39830.0,39920.0,18625
2025-08-21,39475.0,40105.0,39360.0,40075.0,21473
2025-08-22,39325.0,39780.0,39165.0,39725.0,14967
2025-08-25,39085.0,39535.0,38950.0,39325.0,33832
2025-08-26,39510.0,39655.0,38800.0,39200.0,32640
2025-08-28,39225.0,39960.0,39070.0,39700.0,33810
2025-08-29,39960.0,40350.0,39060.0,39455.0,46252
2025-09-01,40785.0,40950.0,40010.0,40220.0,45616
2025-09-02,41315.0,41575.0,40675.0,40900.0,38339
2025-09-03,41100.0,41835.0,41000.0,41500.0,31045
2025-09-04,40740.0,41660.0,40540.0,41660.0,27591
2025-09-05,40910.0,41095.0,40755.0,41075.0,16404
2025-09-08,41355.0,41760.0,41000.0,41100.0,16171
2025-09-09,41495.0,41640.0,41095.0,41450.0,25999
2025-09-10,41005.0,41945.0,40955.0,41700.0,29476
2025-09-11,40655.0,41200.0,40400.0,41190.0,24790
2025-09-12,39885.0,40890.0,39790.0,40780.0,24810
2025-09-15,39445.0,40040.0,39260.0,40040.0,21503
2025-09-16,39920.0,40050.0,39595.0,39605.0,34458
2025-09-17,39775.0,40190.0,39725.0,39995.0,29814
2025-09-18,39885.0,40060.0,39780.0,40000.0,19976
2025-09-19,39790.0,40130.0,39400.0,39985.0,31662
2025-09-22,39570.0,40050.0,39400.0,39790.0,32201
2025-09-23,39390.0,40055.0,39300.0,39570.0,30113
2025-09-24,38760.0,39595.0,38665.0,39520.0,22613
2025-09-25,38525.0,39000.0,38365.0,38890.0,34109
2025-09-26,38150.0,38720.0,38050.0,38430.0,28075
2025-09-29,38345.0,38600.0,37635.0,38165.0,67770
2025-09-30,38145.0,38470.0,37905.0,38000.0,16286
2025-10-01,38320.0,38465.0,37895.0,38145.0,31571
2025-10-03,38630.0,38705.0,38010.0,38320.0,22284
2025-10-06,38800.0,38900.0,38385.0,38700.0,11383
2025-10-07,38770.0,39125.0,38690.0,38800.0,15407
2025-10-08,38350.0,38945.0,38255.0,38750.0,14990
2025-10-09,38465.0,38555.0,38105.0,38450.0,17549
2025-10-10,38625.0,38890.0,38315.0,38480.0,11241
2025-10-13,38535.0,38810.0,38370.0,38655.0,14360
2025-10-14,38010.0,38640.0,37340.0,38535.0,32330
2025-10-15,38380.0,38595.0,37985.0,38070.0,22583
2025-10-16,38510.0,38665.0,38270.0,38480.0,16716
2025-10-17,38755.0,38850.0,38345.0,38490.0,19212
2025-10-20,39215.0,39515.0,38585.0,38585.0,19865
2025-10-21,39200.0,39510.0,39020.0,39510.0,1943
2025-10-23,38920.0,39520.0,38825.0,39490.0,11758
2025-10-24,38585.0,39190.0,38400.0,39190.0,11903
2025-10-27,39005.0,39090.0,38435.0,38775.0,9671
2025-10-28,38540.0,39370.0,38445.0,38855.0,16377
2025-10-29,37380.0,38095.0,36800.0,37915.0,49599
2025-10-30,37210.0,37570.0,36970.0,37500.0,24286
2025-10-31,37245.0,37550.0,37010.0,37410.0,19072
2025-11-03,37025.0,37250.0,36520.0,37200.0,36510
2025-11-04,37850.0,37925.0,36805.0,37025.0,29198
2025-11-06,37020.0,37950.0,36845.0,37950.0,28881
2025-11-07,36810.0,37100.0,36610.0,36985.0,13122
2025-11-10,37280.0,37495.0,36715.0,37000.0,17223
2025-11-11,36680.0,37365.0,36500.0,37280.0,36836
2025-11-12,37255.0,37345.0,35750.0,36610.0,53670
2025-11-13,37385.0,37650.0,36945.0,37150.0,24679
2025-11-14,36955.0,37285.0,36655.0,37235.0,23119
2025-11-17,37450.0,37585.0,36915.0,37000.0,24671
2025-11-18,37045.0,37470.0,36720.0,37450.0,17257
2025-11-19,36870.0,37185.0,36600.0,37065.0,18670
2025-11-20,37050.0,37195.0,36805.0,36970.0,18123
2025-11-21,36500.0,37140.0,36420.0,37140.0,12455
2025-11-24,36200.0,36685.0,36080.0,36500.0,30421
2025-11-25,35770.0,36400.0,35680.0,36400.0,14140
2025-11-26,36485.0,36590.0,35805.0,35925.0,14212
2025-11-27,36320.0,36700.0,36050.0,36700.0,12118
2025-11-28,36110.0,36455.0,36070.0,36205.0,14473
2025-12-01,36335.0,36485.0,36160.0,36280.0,16521
2025-12-02,36660.0,36900.0,36345.0,36360.0,26398
2025-12-03,36580.0,36850.0,36160.0,36850.0,22910
2025-12-04,36845.0,37250.0,36570.0,36580.0,38002
2025-12-05,36920.0,37035.0,36595.0,36985.0,9244
2025-12-08,36595.0,37080.0,36395.0,37000.0,17000
2025-12-09,36780.0,36885.0,36285.0,36660.0,15770
2025-12-10,36400.0,36950.0,36315.0,36850.0,8636
2025-12-11,36880.0,36970.0,36215.0,36590.0,7160
2025-12-12,36715.0,36950.0,36285.0,36880.0,11065
2025-12-15,36400.0,36870.0,36340.0,36870.0,4956
2025-12-16,36230.0,36410.0,35950.0,36400.0,11179
2025-12-17,35975.0,36380.0,35850.0,36380.0,9258
2025-12-18,35720.0,36090.0,35550.0,36090.0,10780
2025-12-19,35940.0,36295.0,35615.0,35745.0,40192
2025-12-22,36160.0,36230.0,35800.0,35800.0,16457
2025-12-23,36305.0,36500.0,35840.0,36165.0,11103
2025-12-24,36195.0,36470.0,36010.0,36210.0,16626
2025-12-26,35855.0,36340.0,35755.0,36045.0,14945
2025-12-29,35630.0,36030.0,35540.0,36000.0,13152
2025-12-30,35525.0,35750.0,34990.0,35630.0,88747
2025-12-31,36040.0,36310.0,35700.0,35700.0,13573
2026-01-01,36140.0,36270.0,35755.0,36040.0,6055
2026-01-02,39420.0,39600.0,36150.0,36170.0,185984
2026-01-05,39170.0,39550.0,38760.0,39010.0,47881
2026-01-06,38960.0,39375.0,38695.0,38710.0,31988
2026-01-07,39145.0,39265.0,38105.0,38700.0,39290
2026-01-08,38660.0,39200.0,38405.0,39025.0,27794
2026-01-09,37995.0,38895.0,37665.0,38500.0,33463
2026-01-12,37660.0,38205.0,36870.0,38200.0,30844
2026-01-13,37905.0,38015.0,37300.0,37745.0,28392
2026-01-14,37455.0,38255.0,36930.0,37900.0,22519
2026-01-15,37455.0,37455.0,37455.0,37455.0,0
2026-01-16,36835.0,37520.0,36730.0,37420.0,34171
2026-01-19,36510.0,36875.0,36325.0,36540.0,19572
2026-01-20,35575.0,36380.0,35425.0,36350.0,40077
2026-01-21,35130.0,35655.0,34610.0,35510.0,34584
2026-01-22,35710.0,36010.0,35305.0,35305.0,21264
2026-01-23,35265.0,35865.0,35140.0,35865.0,26686
2026-01-27,35310.0,35840.0,34930.0,35395.0,18829
2026-01-28,36185.0,36285.0,35035.0,35500.0,15229
2026-01-29,36015.0,36335.0,35750.0,35960.0,16931
2026-01-30,36530.0,36750.0,35555.0,35900.0,24729
2026-02-02,36605.0,36720.0,35670.0,36000.0,11666
2026-02-03,37740.0,37995.0,37235.0,37995.0,28817
2026-02-04,36710.0,38620.0,36320.0,37700.0,33811
2026-02-05,36275.0,36745.0,36070.0,36710.0,16466
2026-02-06,36340.0,36460.0,35775.0,36275.0,18833
2026-02-09,35630.0,36680.0,35525.0,36630.0,31240
2026-02-10,35575.0,35925.0,35200.0,35650.0,19847
2026-02-11,36570.0,36645.0,35440.0,35580.0,24918
2026-02-12,36495.0,36750.0,36310.0,36570.0,9373
2026-02-13,35695.0,36420.0,35600.0,36415.0,13848
2026-02-16,35485.0,35805.0,35275.0,35695.0,9980
2026-02-17,35370.0,35655.0,35220.0,35485.0,12706
2026-02-18,35695.0,35775.0,35205.0,35430.0,10776
2026-02-19,35015.0,35960.0,34890.0,35800.0,10448
2026-02-20,35215.0,35665.0,34730.0,35055.0,25449
2026-02-23,35340.0,35630.0,35140.0,35165.0,9208
2026-02-24,35330.0,35490.0,34855.0,35320.0,11570
2026-02-25,36570.0,37455.0,35430.0,35430.0,62472
2026-02-26,36740.0,36825.0,36200.0,36590.0,16218
2026-02-27,36425.0,36835.0,35960.0,36795.0,32321
2026-03-02,35370.0,36175.0,35000.0,35855.0,20579
2026-03-04,33390.0,34900.0,33300.0,34900.0,50693
2026-03-05,33230.0,33715.0,33005.0,33450.0,22632
2026-03-06,33335.0,33610.0,32920.0,33305.0,17779
2026-03-09,31600.0,32850.0,31470.0,32850.0,23866
2026-03-10,32080.0,32270.0,31650.0,31940.0,17509
2026-03-11,31715.0,32430.0,31620.0,32175.0,18909
2026-03-12,31305.0,31620.0,30815.0,31620.0,27041
2026-03-13,30185.0,31325.0,30100.0,31000.0,20427
2026-03-16,30355.0,30580.0,29815.0,30260.0,16874
2026-03-17,30645.0,30910.0,30390.0,30595.0,11579
2026-03-18,31005.0,31275.0,30635.0,30780.0,14836
2026-03-19,30135.0,30600.0,29945.0,30520.0,12551
2026-03-20,30390.0,30825.0,30280.0,30300.0,30424
2026-03-23,29135.0,30300.0,29000.0,30220.0,25264
2026-03-24,30080.0,30250.0,29400.0,29650.0,27727
2026-03-25,30390.0,30705.0,30180.0,30340.0,17887
2026-03-27,29615.0,30480.0,29515.0,30395.0,31803
2026-03-30,28745.0,29470.0,28610.0,29220.0,39061
2026-04-01,30635.0,31085.0,29120.0,29445.0,70699
2026-04-02,32135.0,32325.0,29900.0,30035.0,85448
2026-04-06,33460.0,33535.0,32155.0,32155.0,65114
2026-04-07,33445.0,33800.0,32555.0,33360.0,57128
2026-04-08,35935.0,36300.0,34250.0,34250.0,107352
2026-04-09,36770.0,37570.0,35825.0,36180.0,262676
2026-04-10,37330.0,37670.0,36850.0,36990.0,83719
2026-04-13,36615.0,37385.0,36420.0,36665.0,57408
2026-04-15,37080.0,37235.0,36415.0,37100.0,92805
2026-04-16,37440.0,37565.0,36950.0,37375.0,31261
2026-04-17,37505.0,37935.0,37200.0,37445.0,28289
2026-04-20,37790.0,38195.0,37225.0,37700.0,36644
2026-04-21,38100.0,38360.0,37790.0,37790.0,24080
2026-04-22,37885.0,38395.0,37765.0,38110.0,26733
2026-04-23,37380.0,37905.0,37210.0,37885.0,20767
2026-04-24,36690.0,37690.0,36295.0,37495.0,30157
2026-04-27,37225.0,37460.0,36730.0,36800.0,30944
2026-04-28,37320.0,37565.0,37000.0,37180.0,21761
2026-04-29,36345.0,37470.0,36190.0,37165.0,34734
2026-04-30,35995.0,36500.0,35675.0,36500.0,32877
2026-05-04,35850.0,36490.0,35475.0,36150.0,21982
2026-05-05,35870.0,36285.0,35810.0,36100.0,14802
2026-05-06,36645.0,36750.0,35795.0,36000.0,40352
2026-05-07,37895.0,38380.0,36645.0,36880.0,54499
2026-05-08,38145.0,38855.0,37650.0,37750.0,30045
2026-05-11,37315.0,38020.0,37220.0,38020.0,19312
2026-05-12,36510.0,37625.0,36345.0,37315.0,17005
2026-05-13,36315.0,36880.0,36235.0,36510.0,19079
2026-05-14,36945.0,37180.0,36065.0,36545.0,20799
2026-05-15,37740.0,37980.0,36780.0,37390.0,25058
2026-05-18,37155.0,37740.0,36930.0,37735.0,21448
2026-05-19,37130.0,37650.0,36920.0,37205.0,20017
2026-05-20,36830.0,37380.0,36370.0,36995.0,38556
2026-05-21,35210.0,37600.0,34830.0,37190.0,115544
2026-05-22,36065.0,36860.0,34825.0,35425.0,93254
2026-05-25,36310.0,36760.0,36200.0,36400.0,21720
2026-05-26,35835.0,36595.0,35735.0,36430.0,21187
2026-05-27,36035.0,36135.0,35850.0,36000.0,14903
2026-05-28,36035.0,36035.0,36035.0,36035.0,0
2026-05-29,36625.0,37950.0,36290.0,36365.0,168254
2026-06-01,36705.0,37350.0,36515.0,37155.0,45064
2026-06-02,37220.0,37500.0,35755.0,36550.0,53220
2026-06-03,37760.0,38350.0,36735.0,37220.0,41647
2026-06-04,37000.0,38100.0,36875.0,37755.0,30639
2026-06-05,37240.0,37475.0,36600.0,37320.0,26904
2026-06-08,36610.0,37200.0,36335.0,36895.0,32707
2026-06-09,37820.0,37990.0,36745.0,36855.0,46439
2026-06-10,37790.0,38250.0,37500.0,37800.0,48524
2026-06-11,37565.0,38350.0,37470.0,37800.0,34810
2026-06-12,39060.0,39450.0,38310.0,38320.0,78501
2026-06-15,39070.0,39775.0,38960.0,39400.0,45458
2026-06-16,39045.0,39900.0,38960.0,39300.0,22828
2026-06-17,39230.0,39470.0,38870.0,39250.0,26887
2026-06-18,40035.0,40500.0,39245.0,39430.0,53616
2026-06-19,40195.0,40385.0,39840.0,40000.0,41782
2026-06-22,40300.0,40790.0,40090.0,40450.0,27709
2026-06-23,40190.0,40450.0,40070.0,40225.0,35585
2026-06-24,40365.0,40480.0,40135.0,40300.0,29152
2026-06-25,40440.0,41385.0,40180.0,40465.0,64902
2026-06-26,40440.0,40440.0,40440.0,40440.0,0
2026-06-29,39885.0,41030.0,39505.0,40630.0,175135
2026-06-30,39900.0,40720.0,39750.0,40200.0,32837
2026-07-01,40785.0,40850.0,39905.0,39950.0,44664
2026-07-02,41515.0,41675.0,40510.0,40750.0,43251
2026-07-03,41895.0,42565.0,41390.0,41400.0,44049
2026-07-06,42125.0,42260.0,41510.0,41895.0,44661
2026-07-07,41935.0,42520.0,41660.0,42180.0,33064
2026-07-08,41610.0,42055.0,41310.0,42000.0,64656
2026-07-09,42225.0,42320.0,41610.0,41610.0,25168
2026-07-10,41815.0,42485.0,41720.0,42325.0,12016
2026-07-13,41695.0,42050.0,41310.0,41700.0,18121
2026-07-14,41460.0,41860.0,41400.0,41600.0,11517
2026-07-15,41445.0,42040.0,41365.0,41470.0,17566
2026-07-16,41110.0,41550.0,40985.0,41500.0,21013
2026-07-17,40855.0,41550.0,40760.0,41110.0,13320
2026-07-20,40960.0,41120.0,40400.0,40800.0,26595
2026-07-21,40870.0,41325.0,40720.0,41000.0,8634
2026-07-22,41560.0,41635.0,40715.0,40830.0,15755
2026-07-23,42240.0,42985.0,41125.0,41540.0,39162
2026-07-24,41755.0,42200.0,41500.0,42200.0,20543
2026-07-27,,,,,9164
