Price,Close,High,Low,Open,Volume
Ticker,JINDALSTEL.NS,JINDALSTEL.NS,JINDALSTEL.NS,JINDALSTEL.NS,JINDALSTEL.NS
Date,,,,,
2005-01-03,30.597522735595703,31.339443026465844,28.589790723486928,28.767035993283763,4326330
2005-01-04,31.52610206604004,32.31194016669948,30.586546436229266,30.900253408104284,8356950
2005-01-05,30.103431701660156,31.370812253922985,26.696562366151646,31.370812253922985,4344360
2005-01-06,28.723115921020508,30.241460877501787,27.920022104013913,29.49169985827496,1970610
2005-01-07,28.997610092163086,29.708158198734562,28.547437907888934,28.610180369985688,1182750
2005-01-10,28.928598403930664,30.398321015782187,28.861151099377686,28.861151099377686,1549530
2005-01-11,28.52077865600586,29.488566879709897,28.014139433250676,28.92859844064802,1033950
2005-01-12,27.567102432250977,28.892520651089786,26.982037416462788,27.637687482355975,1468110
2005-01-13,28.3356876373291,28.547439193190264,27.825910719379465,28.12079653490118,544830
2005-01-14,27.829050064086914,29.080745527192583,27.60631636517399,29.080745527192583,400680
2005-01-17,27.39927101135254,28.233735293853663,27.167127635756028,28.233735293853663,890100
2005-01-18,28.191383361816406,29.488565461732,27.66905899496661,27.9466907847763,1214850
2005-01-19,28.663516998291016,28.986635446097768,28.076881234993426,28.75762801732722,1239630
2005-01-20,27.916885375976562,28.547436957000517,27.763167874754135,28.547436957000517,509070
2005-01-24,27.860422134399414,28.39058911537632,27.67219830725155,28.01413966602802,955560
2005-01-25,27.673765182495117,28.230595834064047,27.218886329221206,27.763171359297708,632340
2005-01-27,27.794544219970703,28.70429841903615,27.606318594283852,28.139623337028198,2945400
2005-01-28,28.78428840637207,28.86114716096197,27.916886821127378,28.007861867052377,1812390
2005-01-31,29.308183670043945,29.551307366587565,28.641553253042435,28.82977886103537,1854180
2005-02-01,29.127798080444336,29.457190152539866,28.861144876533064,29.41013465511255,595230
2005-02-02,29.079179763793945,29.45406035399591,28.93958031435913,29.33171495062016,785970
2005-02-03,29.810115814208984,29.990498835599475,29.26897034014233,29.300340676018102,1434120
2005-02-04,29.753650665283203,30.210094824281665,29.535623586554905,30.05324134028399,898800
2005-02-07,30.707319259643555,31.04141796861554,29.61404450114816,29.833642214272285,2436690
2005-02-08,31.508840560913086,31.966855288087554,30.898677216529766,30.898677216529766,4571310
2005-02-09,31.849214553833008,32.56289854919174,31.527663280500576,31.74725918448116,1349640
2005-02-10,32.7526969909668,33.31737018998112,31.998229319850118,31.998229319850118,4203930
2005-02-11,33.6404914855957,33.754994286876126,32.688388522493845,32.93935479588407,2222010
2005-02-14,33.693817138671875,34.63337253635691,33.40991169919592,33.88047383580432,2349360
2005-02-15,33.100914001464844,33.72362486960329,32.80602996849229,33.72362486960329,978810
2005-02-16,32.69466018676758,33.56676474305861,32.31507127463735,33.40991308442197,1675470
2005-02-17,32.282135009765625,33.002094599833306,31.84451202108267,32.751128333035254,669300
2005-02-18,32.333900451660156,33.00209798108913,32.15508450004886,32.313508655058165,399750
2005-02-21,31.700210571289062,32.31193933011236,31.527670125677755,32.31193933011236,417480
2005-02-22,32.272727966308594,32.7511346360878,31.684525104345433,31.684525104345433,4249440
2005-02-23,31.919801712036133,32.45781482461178,31.770790820199984,32.45781482461178,583080
2005-02-24,31.413166046142578,32.20841375944395,31.220233812019597,32.00136882319337,725790
2005-02-25,31.0555362701416,31.96685920964398,30.90024988278707,31.96685920964398,421290
2005-02-28,31.460222244262695,32.468794009428464,30.464197895790896,30.464197895790896,1676550
2005-03-01,31.485313415527344,31.809998839563264,31.373944796468994,31.68451393121258,1019400
2005-03-02,33.10248565673828,33.660887023409664,31.55904200624616,31.7770690926872,4043340
2005-03-03,34.559654235839844,34.97061351603916,33.017779677433964,33.253060776299534,4300560
2005-03-04,37.81594467163086,38.39787187428873,34.55965176743114,34.55965176743114,10966860
2005-03-07,37.54145050048828,39.58996416048797,37.174412571039056,38.17200569449698,4538760
2005-03-08,37.12422180175781,38.0214284816008,36.81364901600666,37.64497727283057,2369550
2005-03-09,36.38856887817383,37.648106602874236,35.60900292669045,37.33125838481463,1598370
2005-03-10,37.72340774536133,38.22220619676079,36.39014677316047,36.60974633033532,5997330
2005-03-11,36.86227035522461,37.798691672532094,36.60973881454845,37.798691672532094,1144560
2005-03-14,37.1210823059082,38.42924463025395,36.97364029894142,37.29989464711433,4539990
2005-03-15,36.112518310546875,37.64184576596895,35.51960881490758,37.17442122410577,1106820
2005-03-16,36.47641372680664,37.29362571856387,36.23329182194478,36.4215174325473,1185240
2005-03-17,35.56195068359375,36.86069964280282,35.17452098561331,36.546992737068464,963960
2005-03-18,35.601173400878906,35.914880377175436,34.50789663640265,35.60587643859819,1242030
2005-03-21,34.75728988647461,36.076430640311365,34.445148265732236,36.076430640311365,696510
2005-03-22,34.216148376464844,34.962775317281526,34.13144703099493,34.962775317281526,1344330
2005-03-23,32.22880935668945,35.097669653275545,31.998234846116034,35.097669653275545,1130190
2005-03-24,32.384090423583984,32.93935396255699,32.15508123671204,32.93935396255699,2177220
2005-03-28,33.02406311035156,33.3785537195083,32.785644202764054,33.21542291478207,688830
2005-03-29,32.99268341064453,33.25305932974267,32.24919430894707,33.06483374081737,1146540
2005-03-30,32.04214859008789,33.25306222307268,31.37081335025527,32.75112966900201,1263480
2005-03-31,32.675838470458984,33.09620380313596,31.533937531017255,33.00052392884119,3312960
2005-04-01,34.49064636230469,35.10394402474896,31.858632575102394,31.858632575102394,1728810
2005-04-04,33.72833251953125,34.95806912495459,33.44128926687089,34.78866643190569,607650
2005-04-05,32.798187255859375,33.88048186250933,32.374684104662045,33.566771303712365,742200
2005-04-06,33.42403793334961,33.723628627174485,32.628786537041265,33.22012713480361,886350
2005-04-07,32.50330352783203,33.56520634829458,32.37468442332441,33.31580892876867,383190
2005-04-08,32.41389083862305,33.25305982797143,32.139398624511095,33.221689494364604,489180
2005-04-11,32.06724548339844,32.500161841873364,31.841374049787156,32.500161841873364,342510
2005-04-12,32.76367950439453,32.84524669179514,32.12371455317718,32.84210893995587,270240
2005-04-13,33.03189468383789,33.441285072374264,32.81386763644096,33.441285072374264,778650
2005-04-15,31.968425750732422,32.53153003684275,30.743392374504342,32.029597539720776,1108890
2005-04-18,31.290817260742188,31.684518907691498,31.245330634743922,31.37081197269904,1053900
2005-04-19,31.301799774169922,31.904122479167967,31.08847931850495,31.841378212121118,731310
2005-04-20,31.84137535095215,32.44996991489485,31.24690066914717,31.37238201175527,843960
2005-04-21,32.87190246582031,33.12757532741619,31.408453925270788,31.684514988689333,930300
2005-04-22,32.99582290649414,33.56676802591652,32.84837730680932,33.13385166157285,520680
2005-04-25,32.144100189208984,32.84524039659451,31.87274214880286,32.578585392940816,455160
2005-04-26,31.896272659301758,32.5472160468108,31.527665859980594,31.99822803699523,327540
2005-04-27,31.499435424804688,31.93078291976191,31.43355700274154,31.74726394542818,362460
2005-04-28,31.212392807006836,31.872745916464368,30.96299540568032,31.872745916464368,456780
2005-04-29,30.969270706176758,31.21396150685409,30.774773166415684,31.21396150685409,450810
2005-05-02,30.137943267822266,31.315917713823538,29.650125200605437,30.74339650689822,1060620
2005-05-03,29.835205078125,30.429681412496333,29.80226587457487,30.115974541061583,657090
2005-05-04,29.998342514038086,30.178723746957257,29.5293473593328,30.178723746957257,516450
2005-05-05,29.681493759155273,30.429685888463045,29.493268172566353,30.429685888463045,1601760
2005-05-06,29.02271270751953,29.739536464770936,28.81409707446019,29.739536464770936,693900
2005-05-09,29.72698211669922,30.115980727646672,29.174856329907712,29.174856329907712,2288790
2005-05-10,30.813982009887695,31.308073792626544,29.742669564479478,29.927757424760973,2732250
2005-05-11,30.275972366333008,30.90025212237371,29.960696531656964,30.680656174166856,754770
2005-05-12,30.28695297241211,31.18258717433078,30.158330289588154,30.5206652014337,4223520
2005-05-13,30.59125518798828,31.119851526150573,30.277544604226748,31.052404217355534,3575220
2005-05-16,29.941877365112305,30.71202851996228,29.646989717040338,30.68065818103859,1337640
2005-05-17,29.19211196899414,30.269699894134177,29.054079617223273,30.269699894134177,855240
2005-05-18,28.96623992919922,29.551304910074425,28.767034002034574,28.767034002034574,808770
2005-05-19,29.51836585998535,29.791292790855266,29.19367859624052,29.791292790855266,1141560
2005-05-20,29.35367202758789,29.667378980132536,29.14348574860643,29.667378980132536,480750
2005-05-23,28.969379425048828,29.485430093830825,28.578813696531103,29.485430093830825,1143390
2005-05-24,28.765470504760742,29.080746346905176,28.555284216594444,28.861150393496438,800640
2005-05-25,28.60076904296875,29.007021685156076,28.519205457413435,28.861146761520516,993360
2005-05-26,27.529457092285156,28.950555219397252,26.978900153679927,28.704295567567584,3095310
2005-05-27,27.963939666748047,28.202356696350027,27.295740484521193,27.606311429766876,1853700
2005-05-30,27.598474502563477,28.233732771910507,27.44946181878442,28.233732771910507,1971150
2005-05-31,28.89252281188965,29.363085060975457,27.520048987038532,27.797680785801262,5920110
2005-06-01,28.409408569335938,29.20309096551672,28.296472850788582,29.018001322742556,1952220
2005-06-02,28.191383361816406,28.296474708497353,27.825912474586175,28.296474708497353,1002450
2005-06-03,28.252552032470703,28.453325025820384,28.084716451099542,28.318430446532048,786240
2005-06-06,28.392154693603516,28.516068953049135,28.32784514776326,28.32784514776326,234630
2005-06-07,28.2933349609375,29.143482465719444,28.233730251756697,29.143482465719444,424920
2005-06-08,28.219615936279297,29.17171888406421,27.490243084348023,29.17171888406421,1609440
2005-06-09,28.233732223510742,28.390585693068353,28.108249088854183,28.390585693068353,3312360
2005-06-10,28.23529815673828,28.836050097972176,27.05732561459468,28.547438002465043,917370
2005-06-13,28.233732223510742,28.538029498197528,28.076876958900783,28.233732223510742,957720
2005-06-14,27.811796188354492,28.798409080969208,27.182811598823548,28.798409080969208,553440
2005-06-15,28.211774826049805,28.445488874323743,27.96708223631822,28.17099302693663,2360070
2005-06-16,27.59219741821289,28.43764011812454,27.29574273848188,28.233731153939985,338700
2005-06-17,27.794544219970703,28.170993676291804,27.44946510291321,27.44946510291321,1913190
2005-06-20,28.086288452148438,28.340392473278094,27.480833448610355,27.637686918356543,520950
2005-06-21,28.166288375854492,28.434508721221526,27.924731741387337,28.17099320864489,1227270
2005-06-22,28.672924041748047,29.018003131811337,28.236869897905358,28.39058742035647,2515740
2005-06-23,28.870561599731445,28.92389260924933,28.61332160245913,28.829779802180557,1872540
2005-06-24,28.936439514160156,29.143486250005957,28.57881300768969,28.57881300768969,1477230
2005-06-27,28.947418212890625,29.01800146666199,28.83762024530504,28.986631131652494,1045980
2005-06-28,28.166288375854492,28.90820693941732,27.794543758572964,28.672925808740793,1420860
2005-06-29,27.876110076904297,28.014140648982245,27.60945680358865,28.014140648982245,521040
2005-06-30,26.84243392944336,28.076875198966064,26.037773042324194,27.763168279514847,3373380
2005-07-01,27.378877639770508,27.446326735347224,26.50833823629856,26.978900464132572,1315380
2005-07-04,27.64552879333496,27.920022807116595,27.4180902807551,27.606314080614506,1213440
2005-07-05,27.76944351196289,27.88865293772335,27.512203536679014,27.606314540650843,603090
2005-07-06,28.925460815429688,29.20936631088782,27.888654675905425,28.07687849063262,1477020
2005-07-07,29.144289016723633,29.336162635568385,28.841413575860017,29.272734059976912,916920
2005-07-08,30.154403686523438,30.382749820325166,29.023771929167378,29.023771929167378,904440
2005-07-11,30.90128517150879,30.945688075289414,30.130616773714557,30.130616773714557,1104900
2005-07-12,31.280282974243164,31.37859800262322,30.573041216078416,30.82041849399956,1691430
2005-07-13,31.59583854675293,31.65134036236399,30.921900891002274,31.280278132386748,1174860
2005-07-14,31.275529861450195,31.714779035526224,31.017053628163975,31.683064739210018,3524430
2005-07-15,31.65451431274414,31.7147707340789,30.79662794112425,31.080474085378334,1361820
2005-07-18,31.386526107788086,31.714771537686765,31.332610365009582,31.714771537686765,251310
2005-07-19,32.4521369934082,32.72329811793374,31.50862069819522,31.524477840423966,1548570
2005-07-20,32.00496292114258,32.6662156616296,31.90506181964466,32.507640583498976,298200
2005-07-21,31.729047775268555,32.44104420072664,31.706849947158886,32.34907347405905,1059390
2005-07-22,31.9415340423584,32.25392596339204,29.986317974085104,29.986317974085104,633390
2005-07-25,32.12548065185547,32.349070395598744,31.879689452647003,32.28564181366158,610620
2005-07-26,32.63132858276367,32.821617946928136,31.754416511459386,32.380782795172124,571560
2005-07-27,32.7645263671875,34.37880818218671,32.06839090332258,34.37880818218671,497370
2005-07-28,32.7645263671875,32.7645263671875,32.7645263671875,32.7645263671875,0
2005-07-29,32.21110153198242,32.34906119910286,30.810893118135713,30.810893118135713,944610
2005-08-01,32.18732833862305,32.3474858786879,31.334200078431234,32.19049686429841,1168410
2005-08-02,32.74074935913086,32.919936199058384,31.88127679599135,31.88127679599135,343410
2005-08-03,33.37663650512695,33.617665883260536,32.34907588202364,32.34907588202364,740700
2005-08-04,34.32331085205078,34.53738409959536,32.85650151717885,32.892974035312776,1189410
2005-08-05,34.94650650024414,35.61568958649966,34.34709629887093,34.34709629887093,1074780
2005-08-08,35.23511505126953,35.77426526621821,32.526671726871626,32.526671726871626,723990
2005-08-09,34.93540954589844,35.51261832638791,34.584959024514816,34.88624840468505,606840
2005-08-10,37.24266052246094,37.83572647849057,32.628158564540236,35.23511467652828,1911810
2005-08-11,37.20618438720703,38.02601216399468,36.9477082207667,37.38854335859869,1442970
2005-08-12,36.928680419921875,37.613720685276384,36.31341304303628,37.613720685276384,567690
2005-08-16,37.209354400634766,38.02600997572158,35.67594434111283,35.67594434111283,615300
2005-08-17,37.172889709472656,37.899157180926345,36.855743150335144,37.10628896834846,277680
2005-08-18,36.52749252319336,37.69935338379637,36.164356987891495,36.471990698084056,609420
2005-08-19,36.27219009399414,36.82085680040301,35.99627066319031,36.82085680040301,1086060
2005-08-22,36.16117858886719,36.408555828116874,35.68228851238607,36.18655219548115,557370
2005-08-23,35.39527130126953,37.07456784794986,34.886245741538005,34.965535088822065,544800
2005-08-24,35.4222297668457,35.83769131183613,35.04482319131621,35.04482319131621,475740
2005-08-25,36.80974197387695,37.10627668505175,35.36989249889632,35.996258651317625,1227510
2005-08-26,37.10311508178711,37.26485869426454,36.535422731126936,37.10628723682942,387660
2005-08-29,37.11896896362305,37.26485541752903,36.154840795215776,36.34513015687361,284130
2005-08-30,37.59786605834961,37.96258766981844,37.25693198025822,37.48686603801354,195000
2005-08-31,37.104698181152344,37.58200585160447,36.963566328841615,37.42343077742914,108360
2005-09-01,38.336814880371094,38.53344855057748,37.423430304318536,37.548705010574764,1074150
2005-09-02,38.704708099365234,39.167741061283024,38.057726459201405,38.057726459201405,1266450
2005-09-05,38.6904411315918,39.10431662782304,38.39073418111482,38.6920235796446,436170
2005-09-06,38.8680419921875,39.26289181814542,38.10530202872846,39.16774531398615,453870
2005-09-08,39.33107376098633,39.38974773373756,38.52710314042028,38.692018887907004,467070
2005-09-09,40.453773498535156,40.594901703470036,39.0091656808057,39.32472608225253,545340
2005-09-12,42.22187805175781,42.49779382119463,40.75348249874394,40.75348249874394,779010
2005-09-13,43.81078338623047,44.08353061121279,42.244076549354645,42.49462232153427,1362600
2005-09-14,43.750526428222656,45.50435407083677,42.830797593875765,44.1136619077854,1704360
2005-09-15,44.380069732666016,44.6829451973072,42.91326021542048,43.95667778725921,1529460
2005-09-16,44.39591598510742,44.81296351834583,44.04387946448251,44.71782067083298,1832310
2005-09-19,44.1200065612793,44.9715486669166,43.16380512217728,43.16380512217728,472260
2005-09-20,44.39909744262695,45.35212308292508,43.44923669820186,44.368965601413784,748260
2005-09-21,44.12158966064453,44.55925263516723,43.61098164721219,43.61098164721219,1319760
2005-09-22,43.6442756652832,44.55924615537122,43.52058705848136,44.55924615537122,716670
2005-09-23,43.495216369628906,44.08352392925371,41.22919496341425,43.30651312307749,295650
2005-09-26,44.55924987792969,45.19354647690163,42.6563637104812,43.50949178317364,154260
2005-09-27,45.38225555419922,45.66927386740321,44.08353398162911,44.71783066183231,409470
2005-09-28,45.490081787109375,45.66927223519674,45.03497557766312,45.58681435931623,546930
2005-09-29,45.71208953857422,45.89128000274448,45.22844115200168,45.56461699517493,362490
2005-09-30,45.90396499633789,46.77929105065446,45.03973785513769,45.669276337106226,508350
2005-10-03,47.675228118896484,47.91784712500834,46.581067104991355,46.630224611218694,1542150
2005-10-04,47.754520416259766,48.26988670826198,45.71843248768665,45.71843248768665,588840
2005-10-05,47.0774040222168,47.73072629830043,46.688898574720646,47.73072629830043,318960
2005-10-06,46.03874969482422,47.540445612451606,45.08413434196097,45.08413434196097,1212180
2005-10-07,45.989585876464844,46.29563344492173,44.44349089168562,44.449835200470446,975570
2005-10-10,44.86054611206055,47.191578933145436,44.46411025518717,47.191578933145436,270810
2005-10-11,43.81713104248047,45.288695130267875,43.604643850455055,45.288695130267875,1322370
2005-10-13,42.53902816772461,44.40068396991379,42.02524792557308,44.08195134226108,468330
2005-10-14,42.041099548339844,42.65636689604925,41.86349881022361,42.025242404391385,441000
2005-10-17,41.746158599853516,42.02207438348597,40.634554189431654,41.86350292840248,548430
2005-10-18,41.39569854736328,43.748936146373325,41.26091102678948,43.748936146373325,349530
2005-10-19,40.106502532958984,43.10037803500787,39.67835597864357,40.658341354161486,284280
2005-10-20,40.94060516357422,41.86350635138691,39.643469504016345,41.16578100356591,939960
2005-10-21,40.52513885498047,40.910472195892645,39.64346489947856,40.910472195892645,322260
2005-10-24,40.33167266845703,41.07062497492729,40.087467583001654,40.912053543627934,376650
2005-10-25,40.75507354736328,40.91206256548927,39.67518698126347,40.90889041027029,158310
2005-10-26,40.31105422973633,40.9120504341381,39.92889311693661,40.75347538542372,113880
2005-10-27,39.61808776855469,40.91205088901503,38.44305502858567,40.02879464495903,507660
2005-10-28,37.420257568359375,40.34118749377825,36.94770455976871,39.61174442155393,329910
2005-10-31,38.65713119506836,38.850589051110866,36.53699612850521,37.78814603160401,533700
2005-11-02,40.24940490722656,40.34812487668427,38.53293549143344,38.849799333153015,214110
2005-11-04,40.24940490722656,40.24940490722656,40.24940490722656,40.24940490722656,0
2005-11-07,43.303382873535156,43.62820250653585,40.34812845763182,40.34812845763182,577890
2005-11-08,44.12818145751953,44.45618999270639,42.706286342213396,43.405292964947186,490050
2005-11-09,43.99283218383789,44.54216613043603,43.48489881729425,44.128174907560066,1165170
2005-11-10,45.078765869140625,45.31601380418892,44.42434146248787,44.5835660632077,348300
2005-11-11,45.444984436035156,45.53892658258832,44.90361352451797,45.22047374835774,398490
2005-11-14,46.739501953125,46.940127138994576,45.47523892898513,45.89878220284897,322650
2005-11-16,46.28252410888672,46.9401301416642,45.85738819736045,46.90191842125724,86970
2005-11-17,46.41785430908203,46.74904797403963,45.37969480798916,45.857375805968,268920
2005-11-18,47.538814544677734,48.08655584830664,46.336652561789016,46.96878398642467,574290
2005-11-21,46.78248977661133,47.44964770912432,46.53091201792004,46.8159273037512,145050
2005-11-22,46.21723937988281,46.49429165019001,45.69815769239653,46.33506704528187,420210
2005-11-23,46.19972610473633,46.45767434801537,45.69815946873525,45.73000439095472,681600
2005-11-24,45.72999954223633,47.1216458199457,44.74438509081837,47.099352918988664,1440960
2005-11-25,45.32237243652344,46.143984348123425,44.9020144641681,46.143984348123425,302580
2005-11-28,45.23003005981445,46.01183412971966,45.156784558455826,45.5389272361333,368520
2005-11-29,45.261871337890625,45.79369019632733,44.615410049815516,45.22047075930105,750150
2005-11-30,45.201358795166016,46.01660025205067,44.48802252039194,46.01660025205067,773850
2005-12-01,45.23161697387695,45.40517139851716,44.15364945788373,44.999143260186344,1815750
2005-12-02,45.333526611328125,45.72044710950216,44.83833047453652,45.28416662312764,406860
2005-12-05,44.645660400390625,46.76338007964271,44.32880021137748,46.76338007964271,2276490
2005-12-06,44.43229293823242,44.89882931721539,44.2651053151143,44.55171318966206,292950
2005-12-07,45.76184844970703,46.749055518934426,44.2651117419073,44.6472580597322,1555620
2005-12-08,45.90674591064453,46.4942916268541,45.30486670002459,45.30486670002459,1357080
2005-12-09,46.08030319213867,46.93853436574358,45.38448184145994,46.112148112539195,457200
2005-12-12,46.19017028808594,46.78090489099118,45.86216540366355,45.86216540366355,801810
2005-12-13,47.592952728271484,48.56423725470047,45.72999596629554,46.49428489201419,1750470
2005-12-14,48.30470275878906,49.232997862731274,47.80632501502166,48.723471845692124,2766960
2005-12-15,48.156620025634766,48.9782320476874,47.417805521054376,48.56424081590881,1445430
2005-12-16,48.40342330932617,48.56424051213635,46.68695377632474,47.73626169817558,872130
2005-12-19,49.1724853515625,49.35878065775818,48.09451783643288,48.850843688281344,1169190
2005-12-20,49.10401916503906,49.29349605293265,48.81900023923472,49.29349605293265,545820
2005-12-21,49.105613708496094,49.51323448500426,48.277631272900976,48.277631272900976,678900
2005-12-22,49.7218132019043,50.12465974440184,48.245780671281196,48.27762558514198,382800
2005-12-23,48.737796783447266,49.992507662815605,48.2792234143293,49.67882903186923,310410
2005-12-26,47.45124053955078,50.489292270188876,46.97196688537767,47.18055510060703,463710
2005-12-27,48.408203125,48.62793964807525,46.814342538352925,46.814342538352925,598260
2005-12-28,48.68365478515625,48.78715257971173,47.80313087076645,47.83179056499457,1048260
2005-12-29,48.80308151245117,49.04192204782111,47.863641830368266,49.04192204782111,1309320
2005-12-30,50.34917449951172,50.63100456124099,48.40819440619466,48.40819440619466,693360
2006-01-02,49.745704650878906,50.63419170249493,49.519601362162575,49.710674512564864,132270
2006-01-03,50.194725036621094,51.42077256505961,49.744111078230695,50.28388934658898,1169310
2006-01-04,50.27433395385742,50.95264011692604,49.041916066986104,50.95264011692604,853140
2006-01-05,50.6946907043457,50.95263888216664,49.68360192499374,49.8062037511014,250890
2006-01-06,50.74247360229492,50.95265081370853,50.25205160535528,50.315741448546206,573990
2006-01-09,50.38739013671875,50.952646558880396,50.032314552837114,50.474965486002084,440850
2006-01-10,49.97021484375,50.95264402848816,49.64698419485677,50.95264402848816,194280
2006-01-12,48.64704132080078,50.857114528758224,47.95759040670661,48.8221920287581,438000
2006-01-13,48.39228057861328,49.3603800603247,48.15025844149872,49.20115544964641,296070
2006-01-16,47.51493453979492,49.038738252724364,47.32226878095122,48.086557730671394,606990
2006-01-17,46.19493865966797,48.56105451900184,45.63446012752471,48.56105451900184,249690
2006-01-18,46.287296295166016,47.0356628170233,45.191813599919335,46.17583543542449,187380
2006-01-19,46.86050796508789,47.253798871227474,46.494284144087665,47.131193394149484,148590
2006-01-20,46.470401763916016,48.3699812213932,46.17583082903321,46.81274007202975,391800
2006-01-23,46.040489196777344,46.74905133846183,45.72999579686225,46.494284719749146,353580
2006-01-24,45.75387954711914,47.44964496013614,44.96889036553546,44.9736681961121,307980
2006-01-25,47.473533630371094,48.08496478589426,45.22047112136483,46.653514258778685,1852650
2006-01-27,50.701072692871094,52.54492206789802,46.71721398722548,48.564244938857435,1413750
2006-01-30,49.69157028198242,51.39848422705668,47.277690369094294,50.95264805997997,1132500
2006-01-31,49.516422271728516,50.47337339327085,48.79034499263308,50.27274821526451,934200
2006-02-01,48.57856750488281,49.6788279605104,48.086556618765265,48.43685799038106,159150
2006-02-02,48.31904220581055,49.13746915483663,47.32227930664134,47.32227930664134,262080
2006-02-03,47.510154724121094,48.564236751018434,47.13119366350231,48.564236751018434,84360
2006-02-06,46.69968032836914,47.92732024171516,46.52612592676203,47.76809568570712,879690
2006-02-07,46.220420837402344,47.31112569209247,45.85738220782025,47.13119716545394,511410
2006-02-08,46.36531066894531,48.33972455522836,46.17583014462914,47.686896508581164,232380
2006-02-10,46.88121032714844,48.08655757378231,46.49428620041407,47.49264148492969,595140
2006-02-13,47.79835510253906,48.23623180778807,46.18379453999615,46.18379453999615,709170
2006-02-14,46.53887176513672,48.08496472071279,46.209270677764835,48.0690422621687,139530
2006-02-15,46.83344650268555,47.70441853983453,46.18379993717554,47.70441853983453,117810
2006-02-16,46.704471588134766,47.86364418238972,46.17583789246446,46.64078174741769,124830
2006-02-17,47.64231491088867,49.36037337385779,45.89241153009768,45.89241153009768,1608840
2006-02-20,47.384368896484375,48.08656066465212,46.6853623491297,47.16622864821553,387420
2006-02-21,47.737857818603516,48.405015834391484,47.32545916945786,48.008543290078556,167430
2006-02-22,48.373165130615234,48.56423827717202,47.44964795927173,48.08655723298863,569520
2006-02-23,47.83498001098633,49.16930318688847,47.45124110326385,49.16930318688847,5494530
2006-02-24,47.1423454284668,48.21394260302396,46.812744327701076,47.92733104874909,381690
2006-02-27,47.60887145996094,47.76809967367879,47.16462798721905,47.763321843274724,333960
2006-02-28,48.67889404296875,49.6788384853581,47.76811392822894,47.895493621681354,1541040
2006-03-01,50.8443717956543,50.95264378526022,47.83179452196733,48.723466781313064,529290
2006-03-02,50.11351776123047,52.54331980337517,49.360369837704155,52.54331980337517,587520
2006-03-03,54.130821228027344,54.770915786739856,49.04192425622501,51.072068898288784,3415350
2006-03-06,57.62903594970703,59.29614184465347,54.45564136209008,54.77409419033747,5095740
2006-03-07,57.0494499206543,58.24524519732991,56.20713761276908,58.24524519732991,4055460
2006-03-08,56.348854064941406,59.544541752486126,55.76448993624377,57.170466130363536,3302880
2006-03-09,57.269187927246094,57.5414660138884,55.09414481071131,57.000095061625125,1624470
2006-03-10,56.9029541015625,58.59394537112978,56.49374073783366,57.64017592925078,1366200
2006-03-13,55.41736602783203,57.28987842678446,54.8377834556349,57.28987842678446,880230
2006-03-14,54.90147399902344,57.28987916925696,54.14514448031047,55.092543497108466,580410
2006-03-16,53.622886657714844,55.53679256150633,53.37449045428272,55.53679256150633,2059230
2006-03-17,54.00979995727539,55.09254165454668,52.56242705562778,52.56242705562778,2332590
2006-03-20,54.91421127319336,55.05751704126949,53.372892538913206,54.45563791753365,2087490
2006-03-21,53.61332702636719,55.888682438357364,53.1818207453497,54.947650193681696,1351890
2006-03-22,53.78211212158203,54.71040721194032,53.18182553877337,53.786889952914294,1582020
2006-03-23,55.71512222290039,56.366361322992105,53.818727957994696,54.10533584600786,1790880
2006-03-24,56.15936279296875,56.78034955492509,55.58136921639921,55.981026899629946,1566180
2006-03-27,57.928375244140625,58.28026920998887,56.207131704114886,56.652967805258044,2184480
2006-03-28,57.67042922973633,58.754763505522476,56.525583056731534,58.34077233011604,2499150
2006-03-29,58.2802734375,59.22926509815403,57.643364154750344,58.5955410360353,1650210
2006-03-30,57.963409423828125,59.23245015486919,57.6433639952321,58.3200776007441,2258100
2006-03-31,60.372520446777344,61.42979147992949,56.49374865933687,58.81846428395546,1843140
2006-04-03,62.28483581542969,63.67329325463262,60.54926219421731,61.3660927603948,762480
2006-04-04,63.62076187133789,64.48377468268247,62.89469171889724,64.48058946116123,1291410
2006-04-05,63.2147216796875,65.56650062017921,62.8946762395175,64.32771944024954,434520
2006-04-07,60.547664642333984,65.91998375087043,58.97768618818435,63.652587768791186,2493570
2006-04-10,63.98538589477539,64.61433222991198,59.55091298166265,61.33425416596228,1883340
2006-04-12,61.276920318603516,64.32611650731339,60.538105894195255,64.32611650731339,1153350
2006-04-13,58.61783981323242,62.06669793004823,56.049505779458386,62.06669793004823,1053930
2006-04-17,62.87716293334961,63.69080827810188,58.62102275848629,59.50950985941229,2983230
2006-04-18,62.48386764526367,64.13505102076115,62.16222596361505,63.37235468451137,1381050
2006-04-19,62.38036346435547,64.0729473447266,61.78007696111829,63.181275123943706,1796670
2006-04-20,62.37560272216797,63.85004669583585,61.78009027685923,62.574638955602225,803370
2006-04-21,61.565120697021484,63.05230520432114,60.34862525753262,62.22591179791923,825630
2006-04-24,61.3676872253418,63.62711663008008,60.67027330525253,62.098538674325155,661290
2006-04-25,58.21976852416992,61.44411944782987,57.83284801687439,61.44411944782987,552330
2006-04-26,59.842288970947266,61.30239921279828,57.48095079872598,59.80407361214641,715440
2006-04-27,58.75954055786133,62.098529711935626,57.800993342016724,61.14316771636739,1579470
2006-04-28,58.77388381958008,60.506272314818595,56.684823460316,57.09881472473181,663420
2006-05-02,63.342105865478516,63.88188784196146,60.37889188697118,61.11133599877584,2237190
2006-05-03,63.9376106262207,65.63337250059173,61.46321902921807,64.48694091104029,2975400
2006-05-04,63.948753356933594,65.8785815094954,63.05389590931716,64.64616357842593,1317960
2006-05-05,63.09050750732422,64.96302333486487,62.48067269972114,64.61431097676257,617370
2006-05-08,63.2131233215332,64.58247663962425,62.44883801320791,63.69080437254941,652290
2006-05-09,63.47425842285156,64.00925885097004,61.7800782524194,63.37235323231308,684300
2006-05-10,65.67000579833984,66.17475033690616,62.9026392162008,63.65896518544704,1183680
2006-05-11,66.09355163574219,67.70334203023847,65.2830914124084,65.2830914124084,1075320
2006-05-12,68.04407501220703,69.67774332526653,64.0092605714708,66.1428991890638,2277960
2006-05-15,62.59850311279297,68.4676106980866,61.78804308809911,67.8291161328017,2716110
2006-05-16,62.17178726196289,62.89467933943299,54.137187821880104,62.25776635960387,2965290
2006-05-17,64.16849517822266,65.59835332800169,62.1001350382379,62.1001350382379,3740550
2006-05-18,57.63859176635742,63.68285097090657,55.72945999257037,63.6446356085613,1513200
2006-05-19,54.61804962158203,60.50626524470936,53.50027771157124,58.91399385991639,1574460
2006-05-22,52.89680480957031,55.72786091605121,44.58356136329897,55.72786091605121,1791570
2006-05-23,56.35044479370117,56.812203412466644,49.39222423733093,53.81714100991044,759270
2006-05-24,54.78207015991211,56.68165023804866,52.56244456769963,53.183427911432574,1121010
2006-05-25,54.0352783203125,55.251770125033666,50.98767107882362,53.532119181092085,3738570
2006-05-26,56.281978607177734,57.480955521625994,54.29482351926607,54.774097220722574,882690
2006-05-29,55.39188766479492,57.576482273217955,55.12438747418533,55.920521249924256,1188060
2006-05-30,56.818565368652344,58.11785837435511,55.772446374251075,56.398207367449665,1758330
2006-05-31,57.54783248901367,58.117863102340074,52.38728279378959,54.626015598759096,979350
2006-06-01,54.35374069213867,58.9140004416475,53.500283688494875,58.9140004416475,452370
2006-06-02,56.75328826904297,60.18781641984955,52.54491909669405,54.93332451018014,880890
2006-06-05,55.32501983642578,58.85030472257626,54.45564045908377,58.85030472257626,495990
2006-06-06,54.108524322509766,55.251774367296505,52.59427624677857,55.04477875671503,2590200
2006-06-07,47.66300964355469,54.070302574876166,46.500652056494516,53.18340823260013,831450
2006-06-08,38.82910919189453,46.99586366074632,36.7066110717711,46.99586366074632,5445240
2006-06-09,41.48500442504883,42.9817410027581,38.15079285171347,38.96284915098893,3911400
2006-06-12,42.54227066040039,43.46897300945271,40.28443043262874,40.762111454710634,1083930
2006-06-13,38.655540466308594,41.04872343361841,38.21607479583431,38.71604872205043,570240
2006-06-14,37.83711624145508,41.39902389348924,37.06804944500529,41.39902389348924,508050
2006-06-15,41.327369689941406,42.035931848501114,38.21448349863738,41.23979434600141,996060
2006-06-16,44.526248931884766,45.37970595510203,42.19516275671115,42.95945545675229,2246370
2006-06-19,44.06768035888672,45.37971096018642,42.03594278417268,44.583573250571085,444660
2006-06-20,42.65850830078125,43.62183345487451,42.0757368351428,42.991294612993954,299850
2006-06-21,42.89097213745117,43.46896563883539,40.79713831753478,42.991284697749286,4012260
2006-06-22,44.30970001220703,45.507084342956794,42.991299151135294,44.07404103791895,978390
2006-06-23,44.679100036621094,45.029397767878415,42.072554586096885,42.072554586096885,519390
2006-06-26,41.878292083740234,47.121638418124405,41.14425552201746,47.121638418124405,1220160
2006-06-27,41.4754524230957,42.959448119288396,40.15705174956674,42.35120219973799,3939810
2006-06-28,40.98344039916992,42.195154373723746,39.36091681108877,41.39902055450421,1081890
2006-06-29,41.406982421875,42.9912906083724,40.28442914045623,41.39901937103447,6011160
2006-06-30,44.62974548339844,45.31601482566447,42.19516155936312,42.19516155936312,2661660
2006-07-03,45.25550079345703,45.69655908669738,44.26510857431006,45.53892346854366,406350
2006-07-04,44.860618591308594,46.33506233606035,44.615411266904445,45.47682758960276,555150
2006-07-05,46.06755447387695,46.494279216447886,44.58355531318519,44.58355531318519,1251990
2006-07-06,46.94012451171875,47.207628388989995,44.010348255681734,44.29695616865625,530520
2006-07-07,47.846126556396484,49.23299499488825,47.13119756371921,47.13119756371921,672120
2006-07-10,48.59449768066406,48.91454312834411,46.20927386646004,47.736262892687606,987300
2006-07-11,49.73137283325195,50.15650866274471,46.85573096238103,48.59449328221989,833460
2006-07-12,51.877750396728516,52.38568371941498,48.1183994759331,48.1183994759331,1266570
2006-07-13,50.78226852416992,53.01940847376724,50.36350314502695,52.86336547132382,1566240
2006-07-14,49.79347610473633,50.43993746173971,49.392225736010445,50.22179720678552,213060
2006-07-17,48.56742858886719,50.315739498749195,48.08815488415077,48.72347161417224,285690
2006-07-18,46.82866287231445,49.29668028480145,46.17583116679896,49.29668028480145,787140
2006-07-19,45.897178649902344,48.40341484295592,43.55335953045094,47.29041727880485,311610
2006-07-20,47.48786544799805,48.62793393731613,46.18539079010867,47.6200265973163,398130
2006-07-21,46.24429702758789,46.81273859097744,45.85737657891668,46.81273859097744,328920
2006-07-24,45.282569885253906,48.65818196613713,44.105878749875494,48.65818196613713,628500
2006-07-25,45.476829528808594,46.33506431186271,45.07876439560349,46.01660783199777,596250
2006-07-26,46.514984130859375,46.806369846651535,44.933861109809804,45.220468994931785,1083570
2006-07-27,46.457672119140625,47.4178085045724,45.22206878756552,46.526139791952986,3071280
2006-07-28,46.83504104614258,47.76811035070495,44.69662070937792,44.69662070937792,633270
2006-07-31,47.39870071411133,48.37316687224304,46.81592923611875,47.60887790291558,654750
2006-08-01,46.16787338256836,47.44964768522945,45.507078602691806,45.53892351953116,299970
2006-08-02,47.65822982788086,48.54830935337435,46.526128236357685,46.812736095816085,2191140
2006-08-03,47.11528015136719,48.401836140577316,46.81434235783925,47.76811198703472,896790
2006-08-04,46.56116485595703,47.608876481243456,46.26181607414865,47.417803333513,320280
2006-08-07,46.876434326171875,47.44965014786439,46.016606949215785,46.016606949215785,370980
2006-08-08,47.126426696777344,47.29042913274303,45.22047647441643,45.22047647441643,84060
2006-08-09,48.89384460449219,49.19796760352032,47.035665435005775,47.035665435005775,1239750
2006-08-10,48.41934585571289,49.64698605219391,48.245787769660986,49.04192166656579,861450
2006-08-11,48.070640563964844,49.207520274053614,47.449653673969735,48.91454554438762,375720
2006-08-14,47.81427764892578,48.53239180244503,47.608874660742885,48.46870197044268,336930
2006-08-16,48.78715896606445,50.95264623992955,48.150253302491826,49.03874038403716,985980
2006-08-17,49.25687026977539,50.15650179036126,49.081719609139235,49.296674587617005,884370
2006-08-18,48.27763366699219,50.31573765060273,46.9687885372412,50.31573765060273,233820
2006-08-21,48.77760314941406,48.94638339222543,48.40500888260836,48.46870235953905,533280
2006-08-22,49.32852554321289,49.838051487110135,47.7681027955797,48.88587465167609,1379130
2006-08-23,48.1183967590332,49.36036660588161,47.965538987796734,49.36036660588161,428070
2006-08-24,48.01968765258789,48.242605741580554,47.14712297789291,47.927334467158445,606540
2006-08-25,48.23464584350586,49.36037726151634,47.131200038658335,49.36037726151634,5140770
2006-08-28,48.28400421142578,48.783974545985224,47.83498283214771,47.83498283214771,434970
2006-08-29,48.25852584838867,49.16930584121717,48.17891355063732,49.16930584121717,449460
2006-08-30,48.03720474243164,48.40183602363431,47.449655362866885,48.31903849757143,901980
2006-08-31,47.19647979736328,48.564240549573825,47.067507512942484,48.500550712547124,3064020
2006-09-01,47.79039764404297,47.98943019900478,47.134380686753396,47.134380686753396,778260
2006-09-04,48.030826568603516,48.498951913196215,47.768100557769046,48.498951913196215,120300
2006-09-05,48.720279693603516,48.8667706804228,47.79994777292859,47.79994777292859,544980
2006-09-06,50.46859359741211,50.94468201187236,48.882689096807205,49.83805114618346,1101150
2006-09-07,52.23442840576172,52.538551412676206,49.36356392762732,50.17403138698195,1821750
2006-09-08,51.69145965576172,53.02259763963492,51.11187340036879,52.234423162054185,935580
2006-09-11,48.731422424316406,52.003540258204794,47.76810099788147,51.63731644982649,1395690
2006-09-12,49.352413177490234,49.99728186411517,47.131195572966845,49.99728186411517,1467900
2006-09-13,51.357086181640625,51.90801279816948,49.682020718109,50.63419771817842,1739760
2006-09-14,52.65166473388672,52.90481221210474,50.7979134716033,51.911445533443654,1281450
2006-09-15,51.741615295410156,52.17100633936157,50.950125532762975,51.65509606763052,499590
2006-09-18,51.47243881225586,52.392106639874726,51.2705618502748,51.2705618502748,415680
2006-09-19,50.37012481689453,54.154531265953224,47.99725822782538,47.99725822782538,1833690
2006-09-20,50.47747039794922,51.26415614413592,49.03068181356136,49.82857805716134,429900
2006-09-21,52.22708511352539,52.48824168025158,50.004824805017286,50.004824805017286,2262540
2006-09-22,53.23006820678711,53.89818755124622,51.30261412408024,51.33466140961308,1578030
2006-09-25,53.36624526977539,54.05038629331893,53.19320682972733,53.513646619704005,823920
2006-09-26,53.327789306640625,53.987899427794595,52.07807014251444,53.0682353242454,835140
2006-09-27,52.19662857055664,54.44291924898528,52.071655564530666,53.35342189876099,1450020
2006-09-28,52.566749572753906,54.25066753314207,50.102556039336704,50.102556039336704,2046840
2006-09-29,54.85950469970703,55.38823167870599,52.90481485785837,52.90481485785837,2659140
2006-10-03,54.80342483520508,55.22801188637751,53.994310750885695,54.82745937915775,3609300
2006-10-04,54.90275955200195,55.11585066516889,54.15452766713016,54.79541088820805,1737600
2006-10-05,55.08702087402344,55.724699101574735,54.47497607245413,54.47497607245413,5200920
2006-10-06,56.14767837524414,56.33032844844569,55.14790144716297,55.14790144716297,2564040
2006-10-09,56.2021598815918,56.79817925357648,55.0854225409679,55.66061612793266,1239240
2006-10-10,56.256622314453125,56.68601330269514,56.11883258687197,56.557835191550616,264270
2006-10-11,55.9089469909668,57.51916239787998,55.11585472572404,57.51916239787998,1316610
2006-10-12,56.5738639831543,56.71806391760409,54.47497419925541,54.47497419925541,146160
2006-10-13,57.117008209228516,57.67938129675436,56.55783654915426,56.81098401583264,1068390
2006-10-16,57.17789077758789,57.35893828560549,55.43629222760405,55.43629222760405,296910
2006-10-17,56.373592376708984,57.1666847215511,55.75674359008886,56.109227039375995,106080
2006-10-18,56.03872299194336,57.19872157684514,55.53242804273446,55.53242804273446,152190
2006-10-19,55.75513458251953,57.48711789358024,55.28088324496932,57.48711789358024,267600
2006-10-20,56.2646369934082,57.0064587635683,55.916957545259486,56.94237153518442,427560
2006-10-23,56.118831634521484,57.2788264684176,55.59811379676516,57.2788264684176,186930
2006-10-26,56.71645736694336,57.676177868987914,55.95060475555931,57.615295738303814,813840
2006-10-27,58.542972564697266,58.961145743754194,56.89750481761261,57.487117558554885,495240
2006-10-30,57.708229064941406,59.28159339125433,57.03850720362818,57.64734692625697,829740
2006-10-31,57.84921646118164,58.41639720848082,57.35893965111203,58.320262702998335,447180
2006-11-01,59.36330795288086,60.05065416215527,57.39099365162936,57.999829699969695,1557480
2006-11-02,61.2555046081543,61.845117337479635,59.66611504811428,59.66611504811428,1888920
2006-11-03,60.40634536743164,62.06943407515493,60.08590552088048,61.68490332556794,948540
2006-11-06,62.10628890991211,62.80645186216181,59.7638593698967,60.24291842497054,589200
2006-11-07,64.23401641845703,65.01748983141826,62.03738940758963,62.03738940758963,2392020
2006-11-08,64.08180236816406,64.31251786216279,63.319151132255875,64.08820522368941,428010
2006-11-09,64.20356750488281,64.88931114061428,63.190970191785276,63.190970191785276,474030
2006-11-10,64.67621612548828,65.36996878992406,63.79980973068875,64.40384174448447,399180
2006-11-13,65.64554595947266,66.8119510483807,64.60090513032071,64.74030107785259,1104000
2006-11-14,66.73666381835938,66.94013969928355,65.5318046722476,65.97881645866458,1443420
2006-11-15,66.57804870605469,67.13241288467077,64.12346626216207,64.12346626216207,661800
2006-11-16,67.86299896240234,68.89481947723482,65.59427586771402,65.59427586771402,582960
2006-11-17,66.75267791748047,68.73140244581039,66.04450591126295,67.29262276736786,1590900
2006-11-20,63.70527648925781,66.40178794097238,63.12848412545897,66.40178794097238,961410
2006-11-21,63.33356475830078,64.53681742535022,62.80803925297892,63.51301338625369,892320
2006-11-22,63.47456741333008,64.37660730482634,62.80804699915072,64.37660730482634,1524930
2006-11-23,65.05754852294922,65.94676805542387,63.44732927800171,64.37660883213881,323070
2006-11-24,64.98704528808594,66.00284031629872,64.41185178425134,65.12963900312008,208050
2006-11-27,66.48511505126953,66.84400503121465,64.89252013750531,65.36997663525628,636330
2006-11-28,67.81173706054688,68.47344617786138,64.28047770382805,64.4086521702404,1394880
2006-11-29,68.36610412597656,69.37389021374167,67.48488629540769,67.48488629540769,552570
2006-11-30,69.0806884765625,69.53571666728912,67.86941914294935,67.86941914294935,687240
2006-12-01,70.4874267578125,71.77559641547461,69.21047126698728,69.21047126698728,1109910
2006-12-04,69.15597534179688,71.16994827569121,68.28758538219796,70.46498147197597,2095140
2006-12-05,69.97792053222656,71.705092767531,68.89482573559405,69.21526924166936,624030
2006-12-06,71.21000671386719,71.89895543430897,68.25553995325481,70.49703078303345,1988760
2006-12-07,70.86393737792969,73.38100796483153,70.49703831557152,73.38100796483153,956190
2006-12-08,68.8547592163086,71.87491170078334,68.25393234705633,70.9776832657707,405060
2006-12-11,66.35211181640625,69.21525116925218,61.68488575004901,69.21525116925218,1177230
2006-12-12,63.887908935546875,66.33126843180332,59.92244900344692,65.69038905597631,994590
2006-12-13,63.993675231933594,64.7290867665674,60.883790961482546,63.60753833679646,1138080
2006-12-14,65.35556030273438,66.01085927224355,64.72909985660158,65.36997956442256,96270
2006-12-15,69.72797393798828,70.49703541318743,63.15892978479642,66.17108111739826,653220
2006-12-18,69.0950927734375,70.33359414764072,66.65493027755748,68.99094553356585,454710
2006-12-19,69.58538818359375,70.33361295906502,66.65175034390818,68.25395337748127,313530
2006-12-20,69.25051879882812,71.2020037124869,67.93350338044844,70.17659328171285,726180
2006-12-21,69.08389282226562,71.13791884743523,68.28759899787028,71.10587522880057,354510
2006-12-22,69.44116973876953,69.69591975526791,68.57437866374714,69.69591975526791,418170
2006-12-26,68.89803314208984,69.535715080484,68.41416643875236,68.57439186432207,584280
2006-12-27,69.28256225585938,69.74400061579546,66.01246305096105,67.29262353886826,940950
2006-12-28,71.39585876464844,71.93900861927114,68.89160906426038,69.47160650543412,1791090
2006-12-29,72.8650894165039,72.90033812604138,71.29492296179554,71.45835346421404,2275110
2007-01-02,72.67761993408203,74.02186731968536,71.13789846307425,72.83463288696882,371400
2007-01-03,71.40547180175781,73.18872184494228,71.13790141755027,72.6439731273108,490440
2007-01-04,70.7293472290039,71.7723892921235,69.9522767114211,71.42631237430697,343500
2007-01-05,71.37344360351562,72.06719636124765,68.99095772155738,68.99095772155738,339300
2007-01-08,69.48604583740234,71.61857829706939,68.894826789546,70.08046264614278,202710
2007-01-09,69.39149475097656,70.43292303974269,68.90282421543344,69.53569465791229,188370
2007-01-10,68.14019012451172,69.53571200733064,67.61306565997877,69.53571200733064,216510
2007-01-11,68.12897491455078,68.7330069839551,66.6837850810725,66.9721776281668,327540
2007-01-12,69.10309600830078,70.17657525685924,67.36951400681976,68.86276527111976,135150
2007-01-15,71.0882339477539,71.58651979992504,68.96050590598173,70.14133020718653,346830
2007-01-16,69.84332275390625,72.41966869622425,69.21525624032718,71.15392038542525,285270
2007-01-17,70.63481903076172,71.74194093523053,69.85614233782461,71.74194093523053,104040
2007-01-18,70.41851806640625,71.13791153269545,69.85614491616404,70.65724996828536,91530
2007-01-19,69.2969741821289,70.49702916643864,68.92686273823247,70.49702916643864,47340
2007-01-22,68.47504425048828,69.92022658950579,67.54896257126576,69.92022658950579,138990
2007-01-23,67.93990325927734,68.57437999257296,67.29261348148796,67.48487515770994,155400
2007-01-24,69.91703796386719,70.29515851167585,67.97516103706843,70.1765919948322,361680
2007-01-25,73.62612915039062,74.63070996582908,70.56111252373849,70.56111252373849,1672200
2007-01-29,75.13861846923828,75.61768115536174,70.56111942263462,74.02188123425665,1657590
2007-01-31,74.82939147949219,76.89944284166407,73.70144004405813,75.30365020509689,2171520
2007-02-01,76.67031860351562,76.90264030063099,74.07314304060952,74.98319926050688,494220
2007-02-02,81.0443344116211,82.83399462763404,76.65268755079273,76.90583867457313,1538070
2007-02-05,83.1899642944336,88.3308171106894,79.33713856561914,80.30074750628758,1674840
2007-02-06,82.51705169677734,84.12307165550268,81.58556247327776,83.19158243200312,1561860
2007-02-07,83.22529602050781,84.30614335243298,81.2788092137878,81.42495470594419,559530
2007-02-08,81.14551544189453,83.83077279849039,79.56359454037704,82.8382566749986,722190
2007-02-09,78.49718475341797,82.71137111408127,77.7311174232146,81.29968756918144,388110
2007-02-12,75.51966094970703,78.53415252098087,74.29427042373028,76.60693405420834,419250
2007-02-13,77.30553436279297,80.26863659481013,73.87669118865115,73.87669118865115,1107930
2007-02-14,74.84834289550781,77.89174127277327,72.91630186454809,77.86603953972823,1610220
2007-02-15,76.43669891357422,79.33395212715813,75.67544671608894,76.12513152746524,1186620
2007-02-19,78.25147247314453,81.81040471464408,75.96611383821217,77.50788675173514,629640
2007-02-20,78.52772521972656,79.97635175229972,74.29587869134019,74.29587869134019,1886580
2007-02-21,78.47632598876953,79.65834832618215,77.92385638967583,79.65834832618215,281310
2007-02-22,76.19898223876953,80.78255002833107,74.23482184707316,80.78255002833107,1596810
2007-02-23,77.15135955810547,79.01594068387732,75.16792998550198,75.48431269671067,2495910
2007-02-26,76.69524383544922,79.49773941145328,75.96450899930635,76.47843328922312,1229550
2007-02-27,76.77717590332031,80.3007767209842,75.80553849511661,77.08874329958309,717570
2007-02-28,74.85636901855469,76.1203046400297,69.7010617267727,73.07369362723342,862140
2007-03-01,75.3976058959961,75.64332359991182,72.70431254481838,75.48272451419123,478350
2007-03-02,75.4312973022461,77.89171545110622,73.88952465959643,73.88952465959643,521250
2007-03-05,71.35042572021484,74.40988719645149,70.02225064618362,73.94092621540203,647730
2007-03-06,69.9066162109375,73.45911535170696,67.12981518021542,71.14645986347985,788100
2007-03-07,66.79096221923828,70.66788058098699,65.62178328407552,70.50406878581555,863160
2007-03-08,67.52812194824219,68.06292532837143,65.20421765151228,67.77063427349235,798000
2007-03-09,66.15657806396484,70.30812802912412,65.91888851810957,70.30812802912412,522810
2007-03-12,67.40766906738281,68.57684796030864,65.84662696689928,67.16355406593908,636180
2007-03-13,67.96977996826172,69.04902490039332,66.48903366026411,68.54473129122468,293160
2007-03-14,67.5056381225586,69.05865209762742,64.33696587444533,68.73745395438664,3438900
2007-03-15,68.34397888183594,69.98692682259075,67.7738430031841,69.50833498542094,119280
2007-03-16,67.42855072021484,69.34774095906135,67.14107506053932,68.89645350364407,648180
2007-03-19,69.782958984375,70.63254228745332,67.45262966265544,67.77383511163343,1702050
2007-03-20,69.88414001464844,70.66466836921502,69.37985381101895,70.60042139231444,87450
2007-03-21,71.48052215576172,71.62827770517805,69.05864857962875,69.70105953689301,389190
2007-03-22,73.76426696777344,74.67969251597788,67.19245432043749,72.2385503690133,483360
2007-03-23,74.38258361816406,75.4714591396796,73.46876069262592,73.46876069262592,308400
2007-03-26,76.8767318725586,77.53841177945338,72.33653126745327,73.45912938554956,814860
2007-03-28,76.0946044921875,77.05661094424121,73.80282008117935,74.03890696575911,505020
2007-03-29,75.1390380859375,76.87995571840572,74.19791052504178,74.67971513884075,1368720
2007-03-30,76.36441040039062,77.03572104205406,72.78459915032651,77.03572104205406,720420
2007-04-02,72.11328887939453,75.48271536842368,71.14647441356911,74.52231163209152,844530
2007-04-03,72.37185668945312,72.95643869571597,71.6282709653039,72.91307805543052,139410
2007-04-04,73.8670654296875,74.6797062724688,71.79530436597142,72.59188897780169,230760
2007-04-05,77.01483154296875,77.57051373410359,73.55547924192868,73.55547924192868,967290
2007-04-09,77.57212829589844,78.37353557578335,77.40992656194894,77.40992656194894,274080
2007-04-10,79.8494644165039,80.30075917838987,76.44632285545522,77.18669593050896,727680
2007-04-11,83.59147644042969,84.31578585853397,79.36926171530081,80.30075088728339,945240
2007-04-12,80.51918029785156,84.95820646530092,79.661568720376,82.87038903704548,662100
2007-04-13,83.02456665039062,83.51278929965754,79.37248714433298,82.38858109206596,2121210
2007-04-16,83.0968246459961,84.4763885245265,82.85431235636757,84.4763885245265,436110
2007-04-17,82.46405792236328,84.28206580380842,81.90677291802751,84.28206580380842,239010
2007-04-18,81.7734603881836,83.02455230656196,81.45707769786642,81.90676237356365,150600
2007-04-19,81.40731048583984,82.0978975637976,80.39873060999008,81.10377123769251,380520
2007-04-20,85.02243041992188,86.08240619821694,81.5855593102315,83.44853768500359,623280
2007-04-23,89.0985107421875,89.6156478307342,85.11880773784122,85.11880773784122,1351920
2007-04-24,88.3163833618164,91.21845166435651,87.1439917310817,89.63170780218262,1072110
2007-04-25,88.74358367919922,89.45504969188562,87.24998659245787,87.24998659245787,1764660
2007-04-26,89.82122039794922,91.50111097136126,88.32280788076721,88.77730803844408,534150
2007-04-27,88.8302993774414,91.5396485338231,88.20234933201147,91.5396485338231,279060
2007-04-30,93.04126739501953,94.43368210753499,87.85544358178697,87.85544358178697,567630
2007-05-03,96.17781829833984,99.25173356420005,92.34587105805225,92.98827464995442,609900
2007-05-04,93.93260955810547,97.581468521374,93.21632088102852,96.36090102927166,1653210
2007-05-07,92.64781188964844,96.3512803479198,92.02467716583918,96.3512803479198,402540
2007-05-08,93.0589370727539,94.27308651717922,90.25804396411095,90.25804396411095,407130
2007-05-09,93.25166320800781,94.40157311986829,92.06000268469269,94.40157311986829,296910
2007-05-10,94.10284423828125,96.03969300384922,93.47007149578654,94.4336804802792,1009170
2007-05-11,97.33094024658203,97.9299831912034,91.57498028029431,91.57498028029431,1232550
2007-05-14,97.09967803955078,98.28653056236546,95.88071305362548,97.96692774441478,1203390
2007-05-15,98.22871398925781,99.89093838591148,96.8427244254865,97.13983824185172,516570
2007-05-16,99.88129425048828,100.64414898000142,98.12752603789167,98.19015562822293,2687370
2007-05-17,102.67255401611328,103.42738066513984,100.63291276476842,100.64255091439757,1557120
2007-05-18,102.85240936279297,103.39524811539086,100.21533549084545,100.21533549084545,531390
2007-05-21,101.58206939697266,103.65222044958924,99.89414339594454,102.78658080187454,1532460
2007-05-22,99.66609191894531,104.06978531844258,99.41716152255572,104.06978531844258,505110
2007-05-23,100.19286346435547,101.91771726191543,98.76993149614445,101.91771726191543,616290
2007-05-24,101.06171417236328,102.46376713695983,99.09434074861088,99.12325519625261,428040
2007-05-25,102.84117889404297,103.584764694373,99.57294197728743,99.73675375853945,437700
2007-05-28,103.75981140136719,104.55158055194084,102.92950435884282,102.92950435884282,472920
2007-05-29,104.46165466308594,104.8631560092404,103.26677407072725,104.06978411479027,825930
2007-05-30,102.56977081298828,105.03018239875259,99.73836030212162,99.73836030212162,720510
2007-05-31,102.97608184814453,104.51946493347762,101.2110727923138,101.2110727923138,371820
2007-06-01,106.25716400146484,107.60300539119532,103.94129550554204,104.22716108587613,516570
2007-06-04,119.0265884399414,120.45112293634828,103.07082870807272,103.07082870807272,2992920
2007-06-05,114.95052337646484,119.02659275931947,111.7786461412872,115.63308221512469,1886100
2007-06-06,113.57418060302734,117.62454855504284,109.24115241635958,109.24115241635958,688110
2007-06-07,113.62236022949219,116.11489895656693,109.24115586123793,109.24115586123793,716100
2007-06-08,110.55806732177734,113.7058600999965,108.57143248532948,112.4210456708811,615420
2007-06-11,109.82894134521484,112.06772658629015,109.3744339173635,112.05327303982433,1105710
2007-06-12,105.79785919189453,109.68923089608649,104.46807389729656,109.21224173366492,1135620
2007-06-13,106.17045593261719,108.23579163224964,104.71219134794589,105.99700599237767,841560
2007-06-14,108.2936019897461,111.1362532789222,106.63940585868714,108.56662408114386,1076040
2007-06-15,109.18494415283203,110.87928822526992,108.5698375877005,109.20903585113886,811410
2007-06-18,108.37068176269531,110.59019080444172,107.99326480064758,109.36962330523036,273120
2007-06-19,109.83697509765625,110.33323315646427,107.63512495080133,108.56661416334543,1023390
2007-06-20,110.24169921875,111.81077674138568,109.85465142143005,111.0960980232618,757320
2007-06-21,113.68017578125,114.82205017564108,108.438140092469,109.95903415208564,1060470
2007-06-22,112.90447998046875,115.46928653807674,111.46066893380771,114.01744737561066,559290
2007-06-25,110.88249969482422,112.71978390228469,110.18869996121322,112.71978390228469,422160
2007-06-26,109.87713623046875,112.00349882888321,105.33853806785682,106.17527063125209,194490
2007-06-27,109.46278381347656,111.1346462548808,109.22509424576607,110.80862535946498,139890
2007-06-28,107.8535385131836,112.41783021085446,103.16879569546543,112.26044388407392,933960
2007-06-29,111.18925476074219,111.55381355104194,108.40602763257247,108.40602763257247,1015350
2007-07-02,111.98420715332031,113.43925871643658,109.8514195545076,109.8514195545076,206940
2007-07-03,113.7620849609375,115.15128709559471,111.6501760035046,112.45317868319718,800790
2007-07-04,116.47142791748047,117.3900662858561,113.86646636857664,113.86646636857664,570810
2007-07-05,114.65340423583984,117.6887739719137,112.59931708729736,117.6887739719137,359940
2007-07-06,115.79048156738281,118.04211803037045,114.03189785171367,114.66788340422951,846030
2007-07-09,114.44464111328125,116.91791093347821,114.03189892498185,116.85366395290131,653430
2007-07-10,115.19464874267578,116.24337645635804,114.50888447765954,115.63309265006157,301500
2007-07-11,116.74446105957031,117.56031463852527,113.70587809299985,116.08278111952414,705090
2007-07-12,121.31194305419922,121.73593334549705,117.56029210432207,117.88149753879796,1195890
2007-07-13,122.70114135742188,125.26755733796556,121.57532336373964,122.0571278253552,612960
2007-07-16,123.77880859375,124.78255829142843,122.39602450733334,124.30557648214287,610440
2007-07-17,124.05021667480469,124.88212644428701,121.09353974765844,124.88212644428701,1031820
2007-07-18,122.89227294921875,124.62676481775995,121.73594503685794,124.62676481775995,489270
2007-07-19,129.2761993408203,130.02138783898957,121.1256624643545,121.1256624643545,1060950
2007-07-20,128.51654052734375,131.33992282662163,125.62250787238587,131.33992282662163,538380
2007-07-23,133.83885192871094,135.2200257381769,126.07216613921702,128.4811885157849,1828980
2007-07-24,133.6188507080078,138.11730080285855,132.67291521523094,138.11730080285855,749880
2007-07-25,129.4833526611328,134.90525579951878,128.81043200499172,130.11933811017198,311670
2007-07-26,128.73818969726562,144.54137404475532,127.51760731164782,127.99941189179701,442230
2007-07-27,124.3328857421875,127.83881980512561,120.93294927472218,123.37409933553067,432870
2007-07-30,129.1428985595703,131.69325148491583,120.45114016806072,120.45114016806072,379230
2007-07-31,134.85546875,136.80034558660643,130.08721000595966,131.69322984547347,679920
2007-08-01,130.92556762695312,134.898852600895,129.12362326119202,134.898852600895,842340
2007-08-02,130.2349853515625,136.99309998499507,128.9710423846304,132.49625257228158,619500
2007-08-03,128.30935668945312,132.97804352424802,126.39338684994085,131.69323641068988,1070790
2007-08-06,124.4709701538086,127.5143753110034,122.53893683761262,126.8751845049374,818070
2007-08-07,124.88533020019531,127.99778303449742,123.8558789374895,126.87356767620875,492780
2007-08-08,126.33879852294922,127.51440288342998,125.62411976334334,126.87521193915178,138600
2007-08-09,121.72148132324219,129.8944912526615,120.65187478535213,127.77455447313784,627840
2007-08-10,118.02765655517578,118.81300029331996,114.02867747725514,115.63630016417443,1162170
2007-08-13,124.3971176147461,125.590380803002,118.81300465930255,118.81300465930255,1300440
2007-08-14,126.91053009033203,128.09576511491713,125.3013047275845,125.30290740988647,794670
2007-08-16,123.5250473022461,125.42978375248866,120.80767005705333,124.30074553502591,1035090
2007-08-17,121.27983093261719,123.34195363175787,116.78940940436941,123.34195363175787,1139790
2007-08-20,124.59624481201172,128.09253267484218,123.6663656895187,128.09253267484218,337350
2007-08-21,119.70914459228516,125.68672993243308,119.2642753180499,123.6631452306912,413820
2007-08-22,118.79693603515625,121.57534018782532,116.59829852838327,120.03356716764932,494580
2007-08-23,114.85417175292969,122.05714818523204,113.70587190810289,120.8044607871273,758040
2007-08-24,116.02976989746094,118.83386836113084,114.03348945881474,118.83386836113084,425940
2007-08-27,118.70379638671875,120.1299337584209,116.91790827967037,117.23910641649296,310530
2007-08-28,118.54959869384766,120.4511222732454,117.88150078200053,118.84510976018649,583380
2007-08-29,121.25894927978516,121.86120489947493,115.95428442818877,115.95428442818877,1178730
2007-08-30,122.79109191894531,123.66315693587924,119.6481216644817,122.86015429265193,1056720
2007-08-31,126.3243408203125,127.19480322940557,119.6481318983018,125.68835526191127,1365600
2007-09-03,129.25051879882812,130.24785792232092,125.99191207779621,127.3570301117405,1201020
2007-09-04,129.8832550048828,130.72963299371872,126.90891192676602,129.44160575709057,434040
2007-09-05,128.2403106689453,130.72964406719763,126.07219011766598,130.72964406719763,560610
2007-09-06,127.14491271972656,128.90074540750535,125.71769123455734,127.99866474014968,896130
2007-09-07,126.10431671142578,128.86854775615578,125.6468388552984,127.25770067964481,808260
2007-09-10,127.29312133789062,128.70745330249682,122.4251048934418,124.03595911114607,387990
2007-09-11,133.55612182617188,133.86218359729696,127.2947230021009,127.2947230021009,1804830
2007-09-12,141.1174774169922,142.72189406701895,134.34865018765643,135.63411547367798,1852620
2007-09-13,148.80772399902344,151.09835756812106,141.75539829118753,144.97710686104386,1540740
2007-09-14,148.30514526367188,152.70923230186926,146.9101475309122,152.70923230186926,2312640
2007-09-17,148.40823364257812,150.4540236582355,146.92302353929801,148.5209955801761,891270
2007-09-18,150.58934020996094,151.37865905244402,148.1988194959494,148.1988194959494,995310
2007-09-19,151.4173126220703,152.38705646681618,150.93889287720594,152.06487527858232,277350
2007-09-20,159.02700805664062,159.69551265743394,150.9372897813474,151.4205468300093,1064460
2007-09-21,173.3153076171875,182.99332303727303,158.18613876282834,160.9890236263584,2972340
2007-09-24,182.16371154785156,186.8593473876454,176.77538480600433,176.77538480600433,2376960
2007-09-25,176.5772705078125,186.53718953320362,172.84490386568584,186.21502313734595,2345700
2007-09-26,168.76461791992188,181.99458944740164,166.27584731541563,178.4845313885263,1266300
2007-09-27,164.2977294921875,173.48927284453566,162.69975742516274,170.78303054140505,3041820
2007-09-28,167.07159423828125,173.16707959294226,165.27709281207794,168.72110973000937,2854500
2007-10-01,166.86865234375,170.7508281010563,165.95530419426592,169.46213281116567,528510
2007-10-03,173.99185180664062,176.19550251384945,166.4014960934029,166.7236625059725,1705140
2007-10-04,203.83621215820312,208.2837904723772,173.14294439611845,173.14294439611845,8543400
2007-10-05,208.55599975585938,224.6822836796588,206.5359890111071,211.02222094883558,6458130
2007-10-08,215.65023803710938,222.2982373331185,194.92333661202397,213.24522019418893,9460560
2007-10-09,216.1511993408203,218.7543394961584,206.1896569746974,214.7787511736008,4789680
2007-10-10,238.89968872070312,241.78957065170786,212.63145495879857,216.82128454464103,6459780
2007-10-11,237.10198974609375,244.68913048003182,232.31774843677073,240.98415034664603,2513850
2007-10-12,233.2939453125,241.62852180065303,226.32538700255654,233.57424265657613,2009340
2007-10-15,247.0297393798828,251.1326019558107,235.5072850218923,241.4674457535588,2652450
2007-10-16,249.33804321289062,259.15461378352927,244.20587107510585,244.8502038979907,4509450
2007-10-17,240.77316284179688,246.30000235466596,206.90489335512217,225.8421306146999,3746220
2007-10-18,229.2732391357422,255.28858110776613,221.3317220746302,244.52805975930758,2081400
2007-10-19,209.6642608642578,233.57421427121858,200.55164872228727,231.96335273903105,3654150
2007-10-22,209.1681365966797,214.5661241828494,201.35709360399647,204.9332074719781,5162580
2007-10-23,235.5636749267578,238.08465526993862,210.37792521551535,222.29826187856554,4352430
2007-10-24,240.5137939453125,248.7807069291824,225.51993678286547,247.42759317812306,3520650
2007-10-25,254.4541778564453,259.0258005517901,241.628545290849,243.5519138205851,6084090
2007-10-26,269.4898376464844,273.4912192748992,250.97142813243576,250.97142813243576,5471880
2007-10-29,286.6084289550781,297.97623506186585,273.84562539152915,273.84562539152915,6925350
2007-10-30,304.8691711425781,309.6067068034489,279.4836630326541,298.6528700235534,7183500
2007-10-31,382.62518310546875,394.3055267436296,305.64396647844626,309.2844988340496,26679870
2007-11-01,393.1006164550781,446.1107057817916,372.10792899530827,383.44836504982595,18382410
2007-11-02,407.620849609375,418.7872895432684,361.0251884136712,379.42119318459163,13252230
2007-11-05,412.17633056640625,432.6438746526972,399.49245678077017,405.9036642452656,6697080
2007-11-06,391.6476745605469,431.70967089146336,380.1622659912627,422.04452878571664,4785240
2007-11-07,374.1117858886719,415.5687994041614,365.0716593083151,415.5687994041614,5440650
2007-11-08,345.155029296875,373.71871993455676,326.1984602487291,367.27530339116163,7463520
2007-11-12,345.18084716796875,350.45800570157354,309.2877156808717,323.7822116211179,6304470
2007-11-13,358.1772155761719,380.93539414176905,346.36641295747114,347.945050572394,8161920
2007-11-14,361.87249755859375,376.94044674943086,359.25325296945454,376.94044674943086,3638880
2007-11-15,345.4127502441406,367.2752904455679,339.0853108792216,362.12053969514557,3613650
2007-11-16,339.7458190917969,356.66627580710656,333.44737265223296,352.16553147957205,1723980
2007-11-19,356.8982238769531,362.76818661767703,340.22585551908,351.1345635301551,2462340
2007-11-20,353.035400390625,374.33092111224124,349.5656181073616,356.9659050594012,3881370
2007-11-21,322.48388671875,360.76749648935044,314.14929527933174,353.8859207398094,2640960
2007-11-22,324.8034973144531,344.01455700520194,297.04199732935996,323.46002861438,4697130
2007-11-23,390.0013427734375,396.2707950379378,340.8573081763522,352.4554777872187,8764350
2007-11-26,454.5032653808594,469.08152987054416,409.32840480586117,425.10513736692036,15187890
2007-11-27,427.7951965332031,467.0839837789465,410.0725487711754,451.07529966012726,8108580
2007-11-28,423.4458923339844,450.7499127308761,415.9650834408474,431.7418139678786,7417350
2007-11-29,409.70849609375,439.60279670303544,404.32503549937803,431.7095793270238,7459560
2007-11-30,435.7593078613281,440.56934355853525,409.2542638462927,418.50059562041145,7310490
2007-12-03,456.6295471191406,461.99368797413024,431.72246267895747,451.03985290436117,7026930
2007-12-04,499.18194580078125,515.1519614736739,451.52311337346066,457.48330269781553,15147660
2007-12-05,493.97564697265625,513.2189446515181,488.78225637652855,500.94420479849737,5988120
2007-12-06,488.208740234375,505.8089511313451,480.389645862264,497.27143084221063,3407280
2007-12-07,487.01678466796875,500.97643560961046,474.8805854415203,495.82171361141235,4793910
2007-12-10,478.04425048828125,495.49952010404263,473.62405949289877,495.49952010404263,3054180
2007-12-11,497.0781555175781,512.7356946549793,464.216678386062,480.0675321283861,5512020
2007-12-12,524.21142578125,527.4170147422739,483.2569887505915,488.572815626848,8021160
2007-12-13,512.9901733398438,532.2270703495357,509.4205487344243,525.1392615818546,4567890
2007-12-14,512.2330322265625,523.5283968626987,509.15952501722796,513.057789991168,2486430
2007-12-17,460.96112060546875,513.4766486458236,452.6507168672151,509.0307080024361,8060160
2007-12-18,433.811767578125,467.1484486527724,427.84352586061675,463.8912716581508,8380410
2007-12-19,438.0338134765625,460.7050092406156,420.43360132141163,441.3747287200909,5974500
2007-12-20,445.0667724609375,457.4832672578649,434.9634751280186,446.2072518124626,4091490
2007-12-24,456.12213134765625,459.8996120573883,452.65075668080425,454.2616035992669,2547360
2007-12-26,472.5367431640625,481.64615535283696,455.8724289053295,461.51043709615925,3614070
2007-12-27,463.0166015625,480.0030979872907,459.5774361258529,477.4579462590354,9374430
2007-12-28,490.1048278808594,495.1033118662294,457.4833819938879,457.4833819938879,6560010
2007-12-31,495.99566650390625,510.31941161337835,490.34479801090555,510.31941161337835,3078510
2008-01-01,491.7236633300781,502.61305027024997,487.4452284928071,495.8216731785548,2062350
2008-01-02,512.9224853515625,517.7292754250198,486.7041747344698,492.92206677953004,4565640
2008-01-03,522.7664794921875,527.0722566843175,504.5202840838114,512.2523957172798,4905270
2008-01-04,531.2879638671875,540.7936510734016,528.3529678354209,528.3529678354209,3611700
2008-01-07,518.6958618164062,533.9345618177,504.3591982802848,525.1392490994428,4203810
2008-01-08,512.458740234375,536.4154223286134,504.5204512712364,525.1313799724932,4549500
2008-01-09,506.3148498535156,518.6958924575038,502.5873053156591,517.6971691393751,2307210
2008-01-10,487.05377197265625,524.9781769320746,480.0352490387862,510.1582571293195,4393410
2008-01-11,480.8439636230469,492.9221744392732,474.3973313102096,492.9221744392732,3990060
2008-01-14,515.3678588867188,520.1456853709664,483.2570446334966,492.6000043311878,5133420
2008-01-15,502.01385498046875,529.0375502663253,497.8191580158775,524.1727707104169,5335290
2008-01-16,499.51861572265625,508.7085216520195,480.0352824800415,483.2570056831514,5955540
2008-01-17,510.9781799316406,524.8170739859062,498.3990457265125,502.5872531725068,5644260
2008-01-18,462.7620849609375,516.4245245453662,454.2937905959102,511.45019835760644,4604430
2008-01-21,338.96453857421875,476.9746796274386,307.67364647100027,476.9746796274386,9474672
2008-01-22,326.85089111328125,347.139634718214,206.18966794908195,309.4455851475763,6149286
2008-01-23,349.79754638671875,380.9676256537235,322.17137176475495,362.28170632539667,5989176
2008-01-24,311.5960998535156,374.36315259266024,285.92710897146287,354.3885074115237,6170790
2008-01-25,373.3966369628906,382.9006729508484,322.17138785691213,322.3324637140345,4130496
2008-01-28,378.43048095703125,386.6055881210631,335.87970931358984,378.5432428866109,5284680
2008-01-29,374.7577819824219,392.726897441387,360.83193282010706,378.55133794592774,3573600
2008-01-30,355.9027099609375,376.7633156245687,351.3278726565873,371.858244806405,3482970
2008-01-31,371.31048583984375,384.67255302913435,334.41382750773994,351.97215447659516,10810344
2008-02-01,359.23712158203125,377.5847824431694,346.6885740569607,370.65810879902233,5247606
2008-02-04,366.5987548828125,380.9675985698829,362.44275640760543,362.60383224523093,4223238
2008-02-05,419.1932067871094,423.65528138543885,357.8034677582455,365.5033404171639,12307584
2008-02-06,398.91253662109375,410.7684373910769,388.3775402436086,402.5530686432553,6440838
2008-02-07,370.5695495605469,410.76848939835673,361.67763760508996,404.3331242632943,5764542
2008-02-08,367.0014953613281,379.3567585711489,348.7988045449209,368.87007539686385,8305986
2008-02-11,324.4587707519531,366.6309975086788,310.98394059048786,356.80475190101475,7053720
2008-02-12,327.2294616699219,338.2799254706511,303.64649469771865,330.2256316989841,6590316
2008-02-13,344.70721435546875,347.9450421748402,331.99756107516,338.1188262786433,5080182
2008-02-14,379.9608459472656,383.38390679958565,354.38848453333964,354.38848453333964,4004166
2008-02-15,374.9188537597656,384.18934240318214,364.5368798362032,370.49706959177166,4652790
2008-02-18,380.411865234375,391.905323656119,370.98030138637364,378.3902322455427,4470426
2008-02-19,378.7768249511719,391.8892117834416,375.973940292852,385.59076624513864,3273558
2008-02-20,363.8361511230469,380.66959328856944,355.19389142863116,370.49703943998475,4962918
2008-02-21,374.95916748046875,381.7730802795959,367.67807275805825,373.7187860536215,3565224
2008-02-22,369.45001220703125,371.89850671149844,364.05363202025353,364.37581321661423,1883112
2008-02-25,375.32159423828125,376.94049353403796,360.1875728784133,372.10792310411443,1996668
2008-02-26,391.3173522949219,396.91506933027546,375.4181853370346,386.444520753168,3832758
2008-02-27,387.28778076171875,400.54524486832145,383.00829564394496,394.2590215550236,2499090
2008-02-28,379.2123718261719,386.8444872541036,375.2391526364805,386.68331188904517,3407340
2008-02-29,371.51580810546875,386.84452844799983,365.5680793833598,370.72601626729823,2809026
2008-03-03,344.7671203613281,366.6963572326761,342.3573994101281,364.2785789882543,3801924
2008-03-04,331.5580139160156,352.6652011828948,306.25191420107,348.1600820654296,5667084
2008-03-05,341.63201904296875,346.35474326455227,323.9822402813717,338.48085046454116,3751152
2008-03-07,323.41815185546875,338.48898059118477,314.4723716541303,338.48898059118477,3712794
2008-03-10,327.3994140625,330.2685188757656,298.1926696330683,307.0578469782008,3477738
2008-03-11,350.27154541015625,353.31796931051747,317.5912558489138,322.37041081657117,3830778
2008-03-12,354.1239013671875,374.75561836685415,347.40249572675054,372.6602204462084,3539796
2008-03-13,319.24346923828125,344.920264314145,309.6368138859055,338.48897960444003,5281788
2008-03-14,329.3739318847656,332.0415451645783,310.4910607670911,322.2092275979096,4953240
2008-03-17,303.3424987792969,322.3704305714255,300.2880469132189,320.7585587918292,3741588
2008-03-18,306.21966552734375,315.92300747442397,298.19265372976,313.3440539057569,2251518
2008-03-19,303.9469299316406,323.8210832028906,301.41632027274403,318.82432222566194,3345852
2008-03-24,286.95001220703125,307.21903496778594,278.68924958970723,303.9469768044469,3472584
2008-03-25,311.1278076171875,313.5052701416149,291.2617078602873,291.7452635620553,2878992
2008-03-26,308.79052734375,314.4723054649325,298.5149711671433,311.0874163714621,2737638
2008-03-27,307.9765930175781,314.31115997458545,301.4163333171508,302.5446494647834,3446340
2008-03-28,359.2657470703125,382.81491402654495,303.0282287325041,311.8934061494323,5073846
2008-03-31,333.65338134765625,362.66671885614807,328.0441479015717,362.66671885614807,3464922
2008-04-01,324.6512145996094,346.87057287858516,322.5638444216169,338.3277761586146,2458944
2008-04-02,317.3736877441406,354.6074734939966,314.3353502880505,338.488961362327,2644830
2008-04-03,312.77178955078125,328.3342272910336,309.63673568293797,317.8571802542893,3964134
2008-04-04,302.0046691894531,318.9694325760314,296.90316308803204,306.2518956274321,4359900
2008-04-07,305.8408508300781,312.6992887613722,294.1629716234904,306.25186127259127,4452750
2008-04-08,291.463134765625,311.0390790626994,288.52151473522287,306.2518668686241,5392074
2008-04-09,303.7857666015625,306.25188850370387,283.6859788281414,296.4196005528042,4012380
2008-04-10,295.065673828125,303.672958795669,291.74524250819235,302.8670228462503,4819992
2008-04-11,303.18133544921875,307.54139359522685,295.29132695874875,296.25843825936266,5503794
2008-04-15,308.2667236328125,313.48911869510715,296.90316597732846,296.90316597732846,3021948
2008-04-16,312.0223083496094,318.1795849603043,309.4755841559191,312.6992979955071,2519892
2008-04-17,325.2073059082031,334.94290726786375,315.9875189118814,316.08423594962596,5783922
2008-04-21,342.7603454589844,354.6074586093844,314.3595089730174,354.6074586093844,3771234
2008-04-22,363.6177673339844,368.1470585617216,338.4889858315865,344.9283279535814,6902616
2008-04-23,357.3395080566406,367.25239721718845,351.3837231712024,357.0251851313601,3316644
2008-04-24,358.5646057128906,362.9891521348122,353.80159391504293,361.0388147636966,2938488
2008-04-25,374.8684387207031,376.3191055869275,359.78955470196627,360.2489384457159,6648894
2008-04-28,372.69244384765625,380.3971047419302,370.8871675313666,377.1733907098643,2135994
2008-04-29,381.8558654785156,386.68336493892815,368.9529803360166,370.72602765047657,2124570
2008-04-30,386.7880859375,396.04815813637697,382.01698819060465,382.01698819060465,3841764
2008-05-02,390.50335693359375,397.80506384224964,387.1668411662841,393.95273381682824,2346012
2008-05-05,394.0252990722656,402.9630210652928,389.29451702464723,394.9037801231569,3085536
2008-05-06,375.79522705078125,397.32150743794625,371.7333484137771,393.2918579689163,2638374
2008-05-07,366.8897705078125,387.65043306054065,359.60420701449976,373.14376441603673,3949224
2008-05-08,357.9037170410156,365.8904423559181,355.41339370136006,365.8904423559181,2519238
2008-05-09,341.3661193847656,359.28185043858076,336.87711500469163,346.62880100464065,2492634
2008-05-12,343.0826721191406,346.37084404639825,325.59406941064583,331.2355608197482,2145840
2008-05-13,351.1983947753906,359.09646031517957,344.93634339453587,347.1929461975729,3844392
2008-05-14,372.635986328125,374.75558545557135,344.97662995464617,351.1983648260496,3743262
2008-05-15,384.8135681152344,386.68333230978055,369.4365048375999,373.9496809226078,3281676
2008-05-16,386.8605651855469,390.87407045776433,380.71940362946293,386.60267282033084,2613168
2008-05-20,392.6391296386719,395.66135244449003,379.59118441076004,385.2004181328007,2286264
2008-05-21,397.926025390625,400.54526556390203,384.42675325289866,390.06824584300284,1928610
2008-05-22,391.9944152832031,397.31352764766876,387.070198845121,394.9038065937496,2348586
2008-05-23,384.8296813964844,396.5156190310971,382.1862400010913,392.0024429613906,1654584
2008-05-26,370.403564453125,379.59112022937745,364.4558368796974,378.78518444612894,1281528
2008-05-27,355.5101013183594,376.04510079033554,341.7126514234881,370.70987433095485,2390916
2008-05-28,347.6684265136719,362.6667077255745,337.5782170379867,357.83115162256684,4120788
2008-05-29,369.2189025878906,377.01222338419643,352.02850550875166,352.189680883932,5054190
2008-05-30,377.07666015625,382.0089332990927,362.6667088282526,372.33782106367266,2410026
2008-06-02,361.2563171386719,383.6207634824569,356.3804747106933,378.7852075162331,1552776
2008-06-03,361.98974609375,364.2785781273195,347.3541304563661,354.60746517248896,2476890
2008-06-04,340.0605163574219,365.08452164927627,336.2887881292547,362.50556797890204,2680656
2008-06-05,357.0494384765625,360.8936821968589,330.5908818180554,338.4889474198881,3859962
2008-06-06,347.49114990234375,366.6963731950618,345.11368753443384,361.0387954679547,2682576
2008-06-09,330.9776916503906,338.32774262953654,326.25496728601905,334.4592978525009,2593482
2008-06-10,323.796875,341.712633577455,313.54551989892855,328.173076787777,3604716
2008-06-11,332.7990417480469,338.32770126973173,322.57183031345613,325.5940524260553,1660200
2008-06-12,342.5265808105469,344.13039511613556,318.5019495614614,322.3703941734877,2090112
2008-06-13,337.6265563964844,354.41399758316476,332.8635164050814,348.160004447715,2236068
2008-06-16,340.5762634277344,348.160035023975,337.6829870950118,339.27874419998517,1730322
2008-06-17,350.3924560546875,352.18967508685813,336.8770997660557,340.06855512823813,2550822
2008-06-18,341.6723327636719,358.63709547949776,338.6501101318612,352.99560339548685,2210472
2008-06-19,339.8026123046875,346.54821940295227,334.6205037474019,339.2948847841502,2163120
2008-06-20,324.2643127441406,344.77513905958557,320.3233523552305,338.8112965622503,2597688
2008-06-23,307.2673645019531,325.49741711040855,299.88508407237526,321.40330896369153,2745786
2008-06-24,297.1207580566406,311.68382777664243,291.83387538189305,307.8637560684015,2157198
2008-06-25,304.0033264160156,305.44593579114434,285.458953150472,290.13333335922243,2281866
2008-06-26,305.655517578125,313.9887953296849,301.57755319970676,306.4131097474631,3372102
2008-06-27,297.1610107421875,305.44594323654286,290.955390798702,293.6552328786418,2454126
2008-06-30,282.3158874511719,302.5446511235535,278.86653967379493,296.58077863592126,2698524
2008-07-01,264.1503601074219,285.94259592300347,261.12007966898,281.2682438023919,3632082
2008-07-02,298.6762390136719,306.25192509664953,256.284513971599,265.1496917238459,4565010
2008-07-03,272.6608581542969,296.0166161838809,265.95556791220463,294.8077272388254,4060092
2008-07-04,271.79852294921875,275.62668113629746,261.28118906375477,274.0148390377914,3333546
2008-07-07,284.0406188964844,294.4854098031559,272.5884006448781,278.02034476373905,3604590
2008-07-08,281.3246154785156,286.1037709513922,269.9852295225932,280.4622784999231,2653908
2008-07-09,296.2503662109375,299.8044882581176,288.52153348421734,290.1333757336622,2003970
2008-07-10,299.30474853515625,304.63997377023315,290.13330835260297,294.96886349181307,2154540
2008-07-11,291.4228515625,304.6400281301843,286.9177035770543,302.2222501291511,2589294
2008-07-14,292.897705078125,300.57816450974593,286.26492982409826,290.2945501919911,1620060
2008-07-15,288.7633056640625,292.7123235252479,282.49319723117367,286.2810397247268,2204838
2008-07-16,286.70013427734375,298.1926373596404,280.4622550744415,294.96892344036087,2362830
2008-07-17,278.0847473144531,298.1684186386163,267.61578662716397,293.57464058972835,5246118
2008-07-18,281.44549560546875,286.7162638596715,272.40299928161977,279.011602831953,2381076
2008-07-21,282.6463623046875,284.97548104247227,276.51325634155427,282.07414685930036,962280
2008-07-22,301.23095703125,314.31112967895774,281.26817460195394,282.5576364836841,2687970
2008-07-23,338.94830322265625,342.50242507185544,309.31440818156693,309.31440818156693,3790530
2008-07-24,318.8081970214844,351.22253638377055,312.6992937618575,340.9066935562038,3471378
2008-07-25,315.2056884765625,323.821058579635,306.0906777304303,312.6992803998563,2395338
2008-07-28,318.9209899902344,322.3703665805274,314.30304053267463,315.76176442934224,1018092
2008-07-29,306.8644104003906,315.7618463606753,299.61107549164615,315.7618463606753,1192524
2008-07-30,335.0072937011719,340.90667757041666,309.4594508701465,309.4594508701465,4027638
2008-07-31,334.6285095214844,346.22578583297,328.81778542796036,336.8770547126873,3088146
2008-08-01,341.3258056640625,345.7100652603114,322.2092426436131,326.4000681716837,2773590
2008-08-04,346.07269287109375,350.09425575630263,335.2652074608894,345.7422553394425,2947920
2008-08-05,352.2702331542969,355.89689993351067,322.7249995985247,346.07267046196665,3128712
2008-08-06,334.6365966796875,366.53515235211285,332.04152867936796,354.6074374683896,3255258
2008-08-07,336.1920471191406,346.0646509333952,325.5941098698933,338.488936329951,2327382
2008-08-08,333.8064880371094,340.9067040944115,328.65663851338013,330.42965606914873,2016144
2008-08-11,338.36798095703125,342.0994217192522,330.80032513293037,337.6829341205849,2044734
2008-08-12,321.4355163574219,341.71262166548223,318.4374658414401,340.9066858562274,3421782
2008-08-13,313.6986999511719,327.04482533245925,311.8289355224143,320.72637211920414,2244084
2008-08-14,309.47564697265625,316.43886083510006,306.2519324787252,314.504638041521,2320854
2008-08-18,304.80926513671875,313.9887643792977,301.4243758869433,306.42919412887505,1858818
2008-08-19,305.3009338378906,307.7025977273584,298.4344665730092,301.41637368595053,1313166
2008-08-20,312.6670227050781,313.45684391667515,306.25185405017197,306.25185405017197,1689234
2008-08-21,306.68707275390625,312.6750870124874,304.8253955556354,310.2815104758222,1463790
2008-08-22,309.0484619140625,312.48978203633396,303.18939305168504,306.2519023354543,1194228
2008-08-25,308.06524658203125,314.1500084056948,307.1384512288368,312.05458083782975,855078
2008-08-26,308.83087158203125,310.12033358353057,303.2296658697733,304.640046292425,696696
2008-08-27,303.1893615722656,310.4426955811715,301.4163145321248,309.31440901775005,1012344
2008-08-28,297.7574157714844,305.44596155969344,295.2912940354354,303.8340898957884,2135748
2008-08-29,307.3157043457031,309.4755900027832,300.6104136687925,302.22225586209294,1498620
2008-09-01,307.2270202636719,309.13707067211357,301.8676225224521,303.51172326959204,805992
2008-09-02,314.730224609375,317.85722159209786,305.1235999478235,308.34731395850656,1190196
2008-09-04,305.0591125488281,314.79471293819273,303.22160707040075,313.5052214292066,1074288
2008-09-05,290.1172180175781,301.75478048819826,288.53760517434375,301.75478048819826,2015334
2008-09-08,295.7990417480469,304.70453442891824,293.88899110882573,304.70453442891824,1470336
2008-09-09,290.536376953125,295.7990886617721,288.7714163339396,295.7990886617721,1756824
2008-09-10,267.45458984375,289.95606928266403,265.47202369457483,288.5215170712905,4862778
2008-09-11,266.2779235839844,274.4661089733348,259.89498463983733,263.0542101897746,3758838
2008-09-12,256.36614990234375,271.20153328499254,252.7985720977966,267.52902237463206,5057352
2008-09-15,242.58816528320312,262.3229355495407,234.2341890340939,262.3229355495407,2906340
2008-09-16,227.3169708251953,237.30138732479483,222.03822863444523,234.07280194749396,4069194
2008-09-17,211.12557983398438,231.1670514965147,209.05119989775952,230.03704005751402,7330416
2008-09-18,224.18521118164062,232.29704348366107,192.9163251952565,211.47263817101154,5817114
2008-09-19,239.6017303466797,243.43567596478252,223.5798478814801,234.07277501414862,4938882
2008-09-22,243.37109375,248.94041112221058,236.51841489570748,243.59709897581905,3718218
2008-09-23,233.92747497558594,241.16759366725367,230.94103427372997,237.46278974909825,2061492
2008-09-24,235.1624298095703,237.9470886935477,228.4792396204373,234.07278068105742,2137830
2008-09-25,227.4460906982422,236.46192924382757,224.06414070818218,235.68706468922872,4301592
2008-09-26,211.8116455078125,228.42273495571567,210.01977216662348,225.19414991915437,4452546
2008-09-29,202.2550048828125,214.37835551161604,200.53578674433717,211.3112050871384,4836606
2008-09-30,205.08811950683594,213.32909388340255,187.2582235296706,193.71540874769812,3988794
2008-10-01,210.2699737548828,215.51643706770548,198.5824797501912,209.85834038186147,3473154
2008-10-03,185.24034118652344,209.80991172231734,182.77046701484085,209.80991172231734,5765466
2008-10-06,160.17840576171875,185.2403331938244,153.37415891168294,177.5724277648109,7551636
2008-10-07,157.94261169433594,170.308106660851,148.19227150438903,161.42949458263428,7032114
2008-10-08,152.93023681640625,158.5237780028298,138.99887257874025,152.55088142280113,8473590
2008-10-10,143.7529754638672,146.90085073111015,124.47828419069971,140.44366576930253,6533616
2008-10-13,145.722412109375,152.38944873655595,136.8922161606583,148.51514059258153,6426252
2008-10-14,140.9037322998047,159.81519061029908,135.6007677905568,151.7437212634886,5479434
2008-10-15,125.51142883300781,138.34507382834656,122.96084475419464,138.34507382834656,10806120
2008-10-16,126.43160247802734,139.47510033452048,111.2410768097053,114.07416774111294,7327614
2008-10-17,126.22979736328125,133.66362895869432,121.39498915034208,127.5293127493463,4288422
2008-10-20,125.91499328613281,133.98646228829435,122.1375420096178,129.14357793113538,4112826
2008-10-21,128.02972412109375,131.7829596057836,122.36355073826728,130.5964469924477,4688826
2008-10-22,115.86602020263672,126.22172133647034,112.27421147051018,122.84784833463142,4284288
2008-10-23,102.80636596679688,116.03551946655068,98.95627413813378,109.44919336984805,6462420
2008-10-24,99.70692443847656,105.73631446799719,96.37340642432947,100.4091412485619,6280644
2008-10-27,89.85972595214844,102.83058136877007,83.63661623533936,96.85769277738328,3948492
2008-10-29,111.45092010498047,113.0006417476556,99.92485291754016,100.07014093802815,7106736
2008-10-31,127.9409408569336,130.56418003414305,112.99257585001523,112.99257585001523,6006312
2008-11-03,130.37045288085938,140.44364643777575,125.90692385464735,133.17931989789082,5040282
2008-11-04,134.49496459960938,136.73076370662704,124.02626266167114,129.14356889192553,4429860
2008-11-05,123.275634765625,141.0893829051505,122.54112514768464,140.1208059396216,4161810
2008-11-06,115.54315185546875,121.03982879603409,113.00063745725802,119.44167541065627,3136170
2008-11-07,118.6103286743164,121.07212610864005,110.25635197282024,113.32351003768709,3270714
2008-11-10,136.56936645507812,141.08939769444987,121.07213338216145,121.08020288714518,7101780
2008-11-11,127.83604431152344,136.5693776402772,126.56075205407089,136.40794318944157,3023070
2008-11-12,125.65673065185547,132.2107646146811,120.74926729475615,125.59215983513337,3319974
2008-11-14,125.7374267578125,132.37218460205892,123.1706964300736,125.65671694054484,3055746
2008-11-17,123.00926971435547,129.14358532485483,119.8210397932452,129.14358532485483,2337660
2008-11-18,114.47772216796875,123.49356019493896,112.75849661673553,119.61925242411735,4097640
2008-11-19,115.26065063476562,121.70168847169829,113.6463582711666,116.2292275308561,3166620
2008-11-20,106.9874038696289,112.67779375959641,102.70951718193936,111.38635529298084,4507752
2008-11-21,107.32640075683594,112.8392170268668,103.69423711863207,104.92917423355256,4533576
2008-11-24,113.33963775634766,115.7449410299181,104.45294901901538,104.92916797151241,4477848
2008-11-25,113.83200073242188,121.8469759932154,112.19349247508983,117.03637693603392,4736508
2008-11-26,116.6247329711914,118.06952885760997,104.12201963343296,104.12201963343296,3890010
2008-11-27,116.6247329711914,116.6247329711914,116.6247329711914,116.6247329711914,0
2008-11-28,116.03553009033203,117.82739610153908,111.38635743292151,113.0006500049625,2998098
2008-12-01,117.30274200439453,119.85333350777456,114.97008623639778,117.35117380995882,3211278
2008-12-02,120.14390563964844,121.39498921949166,110.66799426714162,113.64637304355935,2107986
2008-12-03,125.59215545654297,129.48260245083722,117.88389439716421,120.91069751083964,5138820
2008-12-04,131.30674743652344,132.5336076311074,123.5016305350883,123.5016305350883,4227846
2008-12-05,131.66189575195312,136.08506288413335,128.33644720389802,132.35603567629548,4016118
2008-12-08,133.42953491210938,141.234651266434,132.39638722393573,137.215063120474,4768332
2008-12-10,146.1259765625,147.33669773952104,134.18019920899624,134.79362930144538,6972102
2008-12-11,149.70162963867188,152.87371301690192,142.86509015824154,145.4721752814916,5735658
2008-12-12,151.88902282714844,158.03949298295245,141.89653728465427,145.286556946745,6920322
2008-12-15,148.4989776611328,157.23230858765524,144.49552852785794,153.68086988066224,4725744
2008-12-16,152.23611450195312,153.95533300883287,145.9322936043084,147.6595816167566,2948556
2008-12-17,152.72036743164062,158.7981816377886,149.80656719431116,153.68087483916997,4402452
2008-12-18,153.971435546875,156.586605021394,148.03083248291944,151.1867769369389,2823516
2008-12-19,145.3753204345703,156.42517593060148,142.21937587321196,153.35801069179968,5206626
2008-12-22,138.77284240722656,149.95990799148763,137.37647843240347,145.12509323995263,4079298
2008-12-23,135.47161865234375,138.02220241052498,133.17931811541885,137.21505995444394,3756966
2008-12-24,136.82765197753906,139.15224584421762,132.87263381524647,134.7936489709229,3574458
2008-12-26,139.14414978027344,142.83279967310276,135.81870144491333,136.40790821975057,4098846
2008-12-29,146.10174560546875,148.01469087651495,135.92361874859594,138.82934942098382,3183084
2008-12-30,147.441650390625,150.12944584811598,143.75298506380042,146.09370313006224,2909934
2008-12-31,147.1026153564453,151.91320701923848,144.96367964806961,146.09367616830448,4256994
2009-01-02,151.6872100830078,156.26372683040802,150.613700133405,153.325718268518,2581260
2009-01-05,160.97747802734375,162.83392201445739,152.06657349195743,153.35800443381743,4353714
2009-01-06,168.21759033203125,170.63096299621347,159.3308946214472,161.42948275971654,6735912
2009-01-07,155.86825561523438,173.53671624001495,153.53559245916983,168.21761228080524,4592052
2009-01-09,148.18421936035156,162.559510201298,144.51976261885068,155.13376266005628,3315228
2009-01-12,132.8968048095703,148.48282785131158,126.11676714311143,146.85238923670917,7037022
2009-01-13,128.12661743164062,136.89222857912335,124.70430469698839,132.04934295982284,5064378
2009-01-14,132.4125518798828,135.27793556184963,128.98218461342356,129.95076168241218,3500382
2009-01-15,132.42872619628906,133.97037137304562,126.72218124212597,130.5964901186171,3356724
2009-01-16,138.13522338867188,139.7818013121651,132.04932441796296,133.9864783936754,2549322
2009-01-19,138.8535919189453,141.7350997000861,136.08507198195832,138.82936862573823,2855442
2009-01-20,139.28945922851562,142.38083348267617,133.34078548957908,136.23844727989803,2212536
2009-01-21,134.05105590820312,139.31365879056392,132.53361953666584,134.79364247417365,3008616
2009-01-22,130.29782104492188,138.0222288892191,128.578602702062,136.62586463486716,3446430
2009-01-23,125.9876480102539,130.27360411257075,116.95567060663879,129.14359270684227,7655538
2009-01-27,141.5091094970703,142.5261035515437,124.30071348642569,127.36787899707672,4796760
2009-01-28,149.6693572998047,151.48543920254934,137.53793610119533,142.17096971898746,7338936
2009-01-29,147.9582061767578,150.93657749433197,142.42925073109748,150.12943492119302,4413396
2009-01-30,166.71630859375,170.6148249309134,145.28654343681916,146.0936859739199,13622592
2009-02-02,158.10403442382812,167.0795094441214,155.7794410770195,158.56409956775485,10961874
2009-02-03,157.89418029785156,164.8195142895086,152.30872388252496,161.38106319512192,6058944
2009-02-04,161.64743041992188,164.77109724430156,159.19370983336657,159.79907047535391,7322226
2009-02-05,165.84463500976562,168.20957665969115,161.752390476698,163.04382180157063,6472890
2009-02-06,174.57797241210938,177.08012527553063,166.5952799442074,167.4427850020631,5592990
2009-02-09,176.64422607421875,179.83246354803168,171.97084511886464,175.79672121985308,6161790
2009-02-10,173.5851287841797,177.24958521152104,170.63098085410365,176.76529672733656,5031414
2009-02-11,169.6704864501953,172.406713640595,165.22309564579928,165.8284562976272,5323626
2009-02-12,169.36376953125,175.31244286407906,165.6266725400968,168.6696147757312,4221810
2009-02-13,175.9500732421875,181.2691619390927,170.63096976597163,170.63096976597163,5444922
2009-02-16,163.25364685058594,177.55629578105945,160.9936241286065,175.95814973534524,5382072
2009-02-17,157.36146545410156,163.0437856712493,154.97231581562286,161.25192713721822,4296030
2009-02-18,162.18014526367188,165.21501787576796,153.68895755330604,157.0709075295702,5979426
2009-02-19,161.3245849609375,174.34387421193972,159.694145892742,169.30727635723522,3819036
2009-02-20,161.01788330078125,163.80254263502962,156.5866457508402,158.52380007031735,3089430
2009-02-24,158.52377319335938,159.65376983525906,155.95703528764173,158.2009043419777,3016806
2009-02-25,165.08587646484375,166.54681146285404,161.10663536616613,161.42950421762322,3794298
2009-02-26,171.54307556152344,174.18243922580683,159.22599586382333,165.46524554256197,6944472
2009-02-27,168.3628692626953,173.05240342904315,164.33521171342676,170.30809248051284,3960468
2009-03-02,159.79100036621094,166.27239396328198,158.20090891444366,166.27239396328198,3635208
2009-03-03,160.07347106933594,164.14149107662854,156.7964545418138,158.20088808513606,4270644
2009-03-04,166.1351776123047,168.20955769526574,161.10664926098093,161.10664926098093,5506380
2009-03-05,161.78466796875,169.01670339464042,160.33987182875552,165.1423950073707,5449956
2009-03-06,161.5667266845703,162.9953837652406,158.03949581877706,159.81521550910722,4125408
2009-03-09,162.09945678710938,166.11097642632254,159.83136414407986,160.94523670199055,4772484
2009-03-12,164.43206787109375,166.17550924789856,160.1784049241099,164.17378463877026,5196234
2009-03-13,172.70535278320312,173.52056486696327,165.86881242450656,166.27239110380165,3984480
2009-03-16,175.33663940429688,177.05587238698362,169.75118284005205,171.11526896453768,5062920
2009-03-17,177.91952514648438,184.83677538556978,172.89099713027053,175.31243966710906,6051528
2009-03-18,184.16683959960938,188.54965935568464,179.186743507247,179.186743507247,6390432
2009-03-19,185.63584899902344,188.22678049114234,181.002815737102,186.92727999311865,3035364
2009-03-20,184.2233428955078,185.96678445564189,178.3796028634897,185.48249595445532,2630772
2009-03-23,191.32623291015625,193.55394798426195,185.8053326884208,187.22592004162408,3831792
2009-03-24,189.155029296875,197.75115052386522,187.29051553966528,193.2311194123436,3857250
2009-03-25,195.73326110839844,197.75113968328165,188.06536981764032,191.1325204222188,4443456
2009-03-26,199.0183563232422,202.5940186073023,197.58969939870832,197.58969939870832,4224960
2009-03-27,199.5914306640625,206.27460598032468,197.1215563848136,200.97972533439074,4253010
2009-03-30,190.80160522460938,198.5582909619377,187.09680104423086,198.5582909619377,3562002
2009-03-31,194.61134338378906,199.35736493552966,182.7866222486398,191.8912552298146,8315466
2009-04-01,187.48422241210938,196.14491419870956,185.6520015077621,195.97541026595087,4758264
2009-04-02,197.6946563720703,206.4521975700072,191.28590275693756,191.28590275693756,4648470
2009-04-06,206.7669677734375,211.14977250663281,198.56634181519254,198.56634181519254,4404366
2009-04-08,211.480712890625,214.70124328952116,198.71972253918636,201.78687323435548,4658142
2009-04-09,220.52883911132812,234.05662420242962,211.9569268205002,212.44121531649475,7093296
2009-04-13,229.7948760986328,236.97849323890134,223.16820251524499,223.74127030046017,4207704
2009-04-15,238.45556640625,240.20707733040493,224.90355896397662,226.3322158396621,3031398
2009-04-16,217.38905334472656,243.48413321374173,214.89497031729832,238.91568487922498,5283060
2009-04-17,229.2379608154297,233.58848774239019,216.3155216619365,216.3155216619365,4673544
2009-04-20,247.3826446533203,257.96435135477054,230.2146113831933,232.78133452646227,10317168
2009-04-21,243.45181274414062,251.6685774887979,237.99548333111068,242.14422800120977,6927084
2009-04-22,242.10386657714844,249.27941412315792,238.63313755637614,242.46708292046102,5651286
2009-04-23,253.06494140625,254.89716222959422,240.08601594658106,243.95225431448029,4630746
2009-04-24,261.6046142578125,264.3731344430405,250.21576369079713,254.09007213731977,4877898
2009-04-27,262.1938171386719,266.8429751176342,257.48007356287303,259.89344666351985,3478020
2009-04-28,254.17074584960938,270.87869962236715,251.83002787924784,262.64579486477635,3741534
2009-04-29,263.1139221191406,266.3586608079806,252.8873776330521,257.9158905255252,4113516
2009-04-30,264.7443542480469,264.7443542480469,264.7443542480469,264.7443542480469,0
2009-05-04,267.70660400390625,276.6901496537592,266.0358027882762,271.20155657593045,2710116
2009-05-05,272.54949951171875,276.0444522192706,263.1946676243657,273.34858738106664,3542316
2009-05-06,266.77032470703125,276.0444618723329,262.3552414061981,274.26872741092205,2592162
2009-05-07,270.1119689941406,273.4616416927539,262.4844234779457,270.39446082704876,3272196
2009-05-08,257.9078674316406,273.94590605272737,255.38149149548275,272.815879703841,3862272
2009-05-11,252.4757080078125,261.6771887738349,248.1816974443589,259.90148412122767,3775608
2009-05-12,263.06549072265625,264.7282222755201,245.55038200994815,250.21570785050787,4620636
2009-05-13,258.351806640625,267.63401385367325,256.04336648510514,263.93726406750875,3378786
2009-05-14,258.4648132324219,262.80727130943313,250.27225514925078,255.05865426403093,4261476
2009-05-15,258.94903564453125,264.24393048851334,256.1885856155881,262.73454908087484,2984052
2009-05-18,313.9561767578125,323.6661558161583,274.43017525804095,274.43017525804095,141054
2009-05-19,325.2562561035156,343.037721756066,299.31454000014253,306.71607958570746,7001646
2009-05-20,337.00830078125,349.8984322299292,307.0389010848098,307.0389010848098,6824622
2009-05-21,341.94805908203125,348.6877511622324,331.03542784791904,339.0019802966149,6633342
2009-05-22,352.8848571777344,354.98343058891527,337.22617773250334,340.61619685136066,2901816
2009-05-25,335.0792236328125,359.1483383396136,334.48193251462726,359.1483383396136,4492782
2009-05-26,329.42108154296875,343.0376447688721,326.24899808372015,337.6943327721488,4735740
2009-05-27,335.39398193359375,345.2976872914764,328.12965471147294,330.9304524881853,3682878
2009-05-28,335.0146179199219,351.2060036150756,330.5188105740526,339.00192828508796,6205602
2009-05-29,337.4522399902344,345.29772004606366,334.9662413141105,337.5813816269697,4405764
2009-06-01,367.0906677246094,381.7646027522722,340.6162209733903,347.07342041044257,7109646
2009-06-02,360.65771484375,371.2878531382316,351.2302282730937,371.2878531382316,3601362
2009-06-03,367.833251953125,373.54785029781084,360.29450224292816,362.9580889726111,2871426
2009-06-04,364.64501953125,372.0788359288774,358.69634660059353,364.34635920185195,2412408
2009-06-05,367.7444763183594,375.32360348969837,364.08003439454507,369.10050782302903,3753528
2009-06-08,359.2855529785156,375.16213914757867,355.14486297343853,368.07537084579366,2856780
2009-06-09,368.90673828125,374.5164031489857,353.5386490185299,356.92059877030687,2460384
2009-06-10,390.70782470703125,394.69513540748966,371.2878672914133,371.2878672914133,3910302
2009-06-11,386.5106201171875,393.8556718417148,378.55216785345596,383.3950526039965,3124272
2009-06-12,406.8184814453125,424.3981481888734,387.43080232034833,387.43080232034833,6551358
2009-06-15,406.5924987792969,427.6913574035207,387.63262057315177,400.3451944801676,6341406
2009-06-16,423.92999267578125,437.45779254702643,376.97017712876567,395.502281606054,9781920
2009-06-17,404.1549072265625,431.7916307677775,401.95946988640526,431.7916307677775,8398218
2009-06-18,383.7339782714844,408.41654810671287,379.6821123798204,406.8022632640933,4497942
2009-06-19,398.54522705078125,401.0716026673372,384.54120807065567,399.48959553765786,3983796
2009-06-22,387.2209167480469,407.609479437076,383.39505550138085,400.34515225636744,3132354
2009-06-23,377.2042541503906,381.780756818559,369.834993550234,378.39073732591623,3771786
2009-06-24,376.8975524902344,387.77790552136923,363.28098697060705,384.5573749390879,4925970
2009-06-25,372.9344482421875,384.52509500845383,368.0754239046834,380.97365562111685,4727262
2009-06-26,394.63055419921875,398.73086756809863,368.70497963275403,375.9693073590471,3843162
2009-06-29,417.9732360839844,424.23670830503397,377.76115325238527,395.50226835642576,6022962
2009-06-30,402.08856201171875,426.17384330867793,395.5668068320576,420.2655182056287,3447948
2009-07-01,405.3091125488281,414.68815237090865,395.67982942260693,404.4373696329628,3690852
2009-07-02,420.5561218261719,427.7800718435241,401.18458290389077,409.2237597331884,5320104
2009-07-03,424.5918884277344,429.37018800878786,412.81561385354837,416.4881252602354,3313788
2009-07-06,403.2347717285156,431.016775565511,389.2953084443433,424.5757442693469,5336496
2009-07-07,402.0482177734375,406.8023082956249,391.4664971379555,403.57370869437295,2682648
2009-07-08,392.2171936035156,401.9594500136369,383.85511801919904,395.5022799466138,5023266
2009-07-09,410.25689697265625,417.1337692191293,388.41547044938704,392.596507802994,4157922
2009-07-10,410.0228576660156,423.7524243928961,403.089439179149,411.6452122673848,3801282
2009-07-13,382.8381042480469,406.6408943228233,377.95487203850894,403.39615566880195,4421172
2009-07-14,402.500244140625,404.1871844453357,388.2379709625603,390.3365446832511,3327546
2009-07-15,408.1341247558594,413.2433624112356,400.5873056431109,405.70461280274174,3040896
2009-07-16,417.7715148925781,426.1739091182198,409.8695186513519,413.6954098862046,5206086
2009-07-17,423.33270263671875,432.4695978529516,420.2171056396148,423.0905584049982,3898626
2009-07-20,429.74951171875,431.8238766329741,424.0026063626113,427.78811985451546,3401814
2009-07-21,451.9057922363281,456.0383838256926,426.4967829630287,429.72535351549226,9872208
2009-07-22,450.0815734863281,467.33840076633595,445.9247737296232,456.03834566113,6509244
2009-07-23,471.63238525390625,476.2169867213981,453.616877776164,453.616877776164,4968036
2009-07-24,484.7889099121094,490.2613638517468,471.39025204557555,477.83131250867905,5053818
2009-07-27,498.4458312988281,504.24925325681954,486.87135407588175,487.5170917709264,3715212
2009-07-28,487.3394775390625,503.4501385412223,484.48219332416164,500.26998549603786,3925938
2009-07-29,503.43402099609375,522.7087264160659,463.30266218721965,484.28848676063956,15366378
2009-07-30,488.85699462890625,514.9440192956141,483.67510142907673,505.2582486636436,8945004
2009-07-31,474.384765625,500.0762630872975,464.4568519743412,496.8799710037051,7183602
2009-08-03,478.56585693359375,482.35137102267294,469.0092280672549,476.7013283766941,4752312
2009-08-04,477.27435302734375,487.43634131545724,472.9884119241739,480.5755781902179,4783764
2009-08-05,466.03887939453125,479.986382050921,460.07406735099954,478.63844968948104,6024150
2009-08-06,455.8284606933594,471.85839750155395,453.66530154914796,465.95817121728754,4734978
2009-08-07,439.4837341308594,459.1781425304674,435.64170423698386,452.32544858973245,4292832
2009-08-10,435.843505859375,451.79274815388277,429.3540282123347,451.79274815388277,4366290
2009-08-11,460.3484802246094,463.6254969827122,435.9080508882967,437.4739189508999,4950552
2009-08-12,478.84027099609375,483.96564794612664,453.77834025116545,477.18560871078375,6248154
2009-08-13,506.46087646484375,509.63299002838727,484.449956551379,492.36002235969863,7827126
2009-08-14,503.67620849609375,509.3100826113239,496.0002471451616,505.2743842865568,4277646
2009-08-17,471.06744384765625,497.20285505613884,466.0631094933287,486.14494383070564,5958954
2009-08-18,483.7396545410156,489.13141395420627,464.36004388941166,468.14558756482194,5279664
2009-08-19,477.72637939453125,491.2622483898835,470.8252685200521,485.90276750811637,4645368
2009-08-20,485.0391540527344,491.0685519484417,480.8984931802787,480.8984931802787,3068562
2009-08-21,498.77679443359375,501.5614534007929,479.9783364184825,486.7099586148141,5896272
2009-08-24,518.9232788085938,526.5831014687998,502.07001367301564,502.07001367301564,6957828
2009-08-25,527.244873046875,530.7802027889934,512.7000788519883,514.9601312923947,5169492
2009-08-26,512.5546875,534.2830491788843,508.987080716113,531.1028967408182,4737384
2009-08-27,517.9384765625,523.0154661105369,507.5827894047367,511.4893756100624,4085982
2009-08-28,519.1331176757812,522.4666807412078,511.35222240285015,517.3977896823334,3184038
2009-08-31,505.6375427246094,515.7672235757876,500.99642515413365,515.7672235757876,3861948
2009-09-01,494.53125,514.8794084435918,491.7142833413237,514.8794084435918,3610866
2009-09-02,511.9656677246094,517.3654970416027,486.0723685378944,500.0279427876325,4689312
2009-09-03,511.8767395019531,519.9562928176678,508.1800201931197,516.5743136994604,3007278
2009-09-04,529.7389526367188,531.1030240004121,513.9915367757848,514.7986645528717,3993384
2009-09-07,566.0928955078125,569.6524633777755,536.1073847363631,536.5916732501267,7637178
2009-09-08,576.8440551757812,584.6976034149575,559.554922186039,571.2827779925872,8328462
2009-09-09,557.88427734375,580.8234277044072,554.5991905809614,577.9176963692278,6123636
2009-09-10,560.9594116210938,569.8460934317002,550.474554174903,565.0032086175008,5207610
2009-09-11,544.2353515625,569.022859656165,541.1117143231094,552.8960286428348,5895108
2009-09-14,557.841796875,572.394191576087,485.5649031929348,572.394191576087,3982242
2009-09-15,598.3944702148438,611.1520935097495,558.8604638207975,558.8604638207975,11227177
2009-09-16,613.140869140625,626.6746074462286,601.8384860793152,616.0513479498369,6910662
2009-09-17,608.2416381835938,629.4396040275972,595.6780581757172,625.7530089956638,4993379
2009-09-18,615.03271484375,625.5589232389134,601.4989760400792,606.3497742339508,3721902
2009-09-22,608.5812377929688,622.4545112519529,606.4468743653122,615.0813203715273,2848070
2009-09-23,598.7340698242188,615.1782290188875,596.6482028279803,611.2005980189066,2756790
2009-09-24,590.875732421875,596.64819427429,583.0659589574768,587.1406413952901,3571435
2009-09-25,579.4278564453125,595.4839869619739,574.7226057838276,587.6257174081536,3341112
2009-09-29,566.5248413085938,591.3609091280175,563.6628579838049,590.8273330673618,4298369
2009-09-30,569.4837036132812,577.730060479913,560.5582231619226,565.5060728102085,5407381
2009-10-01,575.5472412109375,583.745102507112,565.6031043000027,572.3942221903972,3422640
2009-10-05,579.3309326171875,588.7899904118514,567.5434676798342,570.6479907988023,3741025
2009-10-06,580.8346557617188,587.8683139685207,572.4912463605114,587.8683139685207,4788634
2009-10-07,580.9317626953125,590.8274059680926,578.2153266945538,583.9877902048308,4700790
2009-10-08,578.6517944335938,586.9466484490706,575.7898113297907,584.0361692005628,2960127
2009-10-09,582.7265014648438,593.737791394211,578.2152347564538,583.066033705753,3470690
2009-10-12,600.6744995117188,603.9245113490982,582.0959145533477,582.1929068535632,3497938
2009-10-13,602.3721313476562,602.3721313476562,602.3721313476562,602.3721313476562,0
2009-10-14,649.7160034179688,654.954830596102,604.7005668474208,608.2901698038663,9199007
2009-10-15,684.6417236328125,692.4514975062248,654.3727286416092,654.3727286416092,9923643
2009-10-16,677.510986328125,689.5894861420696,665.044458171929,683.9140757206709,4490788
2009-10-20,678.9661865234375,692.5969765585637,674.4064836794921,684.9326918733107,3166360
2009-10-21,693.8097534179688,712.485328188785,669.4587087079707,669.4587087079707,5764291
2009-10-22,680.906494140625,715.9777874983369,671.3504457301478,693.6641166142423,6540165
2009-10-23,687.940185546875,706.2762266551924,680.0819160512224,692.6939915272079,4289706
2009-10-26,674.1640014648438,702.3956251434971,665.1900242099026,700.4553057370234,3130628
2009-10-27,657.9138793945312,669.4102491177512,642.8278474237655,669.4102491177512,4342222
2009-10-28,677.2684936523438,682.9924598279194,644.1860700649695,659.7086259701495,4774897
2009-10-29,647.775634765625,670.3803436269179,643.700952238003,659.7085870713519,5316190
2009-10-30,622.357421875,674.16397140329,613.7229772156695,665.5295267439595,5116200
2009-11-03,599.170654296875,619.8351049079603,582.09586591556,613.3350225624657,6849269
2009-11-04,626.917236328125,629.6336717595098,584.0361639433357,609.260317203347,6513130
2009-11-05,639.044189453125,642.2457045362917,605.3796369042991,606.5923364974568,5692595
2009-11-06,637.200927734375,664.2684091151087,633.3202886382901,654.8578474643322,3619652
2009-11-09,654.0332641601562,658.3504279736921,635.988256039945,654.8578763188673,4033869
2009-11-10,654.8577270507812,668.4399613896122,646.6113704879195,659.7085250289351,4735001
2009-11-11,678.5297241210938,680.9551233934542,650.1039972779499,660.6787617909812,3796424
2009-11-12,659.9511108398438,680.6639959619944,654.8577726084447,679.9363762146517,3115243
2009-11-13,676.2012939453125,681.0520923236863,654.8577810804677,659.80557174087,3376397
2009-11-16,687.6976928710938,699.8732447110822,682.0222822026006,682.0222822026006,3810625
2009-11-17,686.1939086914062,703.365746341407,674.8915842957449,703.365746341407,3408353
2009-11-18,707.3920288085938,715.9779191946959,685.9029659493902,686.8731257314969,4868014
2009-11-19,687.55224609375,721.1197507066196,683.9626430745595,704.7240859966905,4753327
2009-11-20,702.0075073242188,704.8694901682026,674.3094608332007,680.1789149420746,3268559
2009-11-23,699.53369140625,710.1569527470815,695.5075638827855,707.2464734325442,2628848
2009-11-24,682.8953857421875,706.7127927635908,677.9475361117513,706.7127927635908,4557650
2009-11-25,672.1265869140625,692.6939831298754,668.682532033987,683.9625463677341,4040815
2009-11-26,653.839111328125,675.4251636518125,650.0069688481169,654.8577671231028,3676417
2009-11-27,655.682373046875,659.5630116307763,613.1408962563959,648.5517233344947,5244818
2009-11-30,667.7124633789062,676.2013613877191,657.9138733628465,667.0333396954305,3456846
2009-12-01,685.7088623046875,690.7537045741221,670.3803509279753,679.0632920627934,4451671
2009-12-02,689.4925537109375,701.8135945135023,685.5634185232225,701.8135945135023,2961622
2009-12-03,687.9888305664062,696.0896410308404,683.1865278203566,691.7239220278595,1838485
2009-12-04,702.5896606445312,709.0897424223629,681.5371834896956,683.9625827191962,4545029
2009-12-07,684.8358154296875,709.5748899295822,681.0521685853384,708.2166425460072,2651596
2009-12-08,704.2388916015625,708.2165223566582,680.0818933863252,693.5185804331708,3784897
2009-12-09,703.2688598632812,715.0077697102964,694.6829101396684,694.6829101396684,3404241
2009-12-10,707.634521484375,713.0673922157167,698.5149964562123,703.3657950427138,2669284
2009-12-11,722.6234130859375,727.4742114800537,709.4292651394808,717.9181623291839,5471657
2009-12-14,701.9590454101562,723.739142713956,697.6903782200458,723.739142713956,2815846
2009-12-15,692.0634155273438,712.2912813039032,687.940236699763,705.645651665257,2644720
2009-12-16,692.9365844726562,699.1456304061838,683.962607004862,683.962607004862,2337228
2009-12-17,693.033447265625,700.4551914702009,687.9401096545189,692.0147915861717,1522218
2009-12-18,686.5335693359375,697.544858789847,683.9626223182784,692.6940600500011,1449051
2009-12-21,676.0557861328125,689.2499940275284,673.8729267339586,687.8432505721635,1536516
2009-12-22,692.2089233398438,694.0522503951732,679.4998553705094,683.7685223827693,1678515
2009-12-23,705.257568359375,707.7314636204195,692.6939890678267,697.3507435381185,2283915
2009-12-24,704.5299682617188,711.5636259098011,697.059726916848,708.1195709041992,1910980
2009-12-29,706.227783203125,710.8845380373654,701.425480724688,708.1196065084306,1864633
2009-12-30,690.65673828125,711.127084981957,689.7835708351588,708.2166057801209,2866787
2009-12-31,682.3132934570312,698.9515557120168,680.1789303108925,692.694013911642,4728714
2010-01-04,691.0447387695312,693.4216418645825,677.6565468239397,689.3469593036159,2054651
2010-01-05,705.74267578125,711.369590120133,694.0037080463901,696.5746549011326,4020799
2010-01-06,702.78369140625,714.522599774025,699.582117111541,710.1568812418008,3035406
2010-01-07,699.2910766601562,708.0225136697655,694.6343220978007,703.8508389412772,1827314
2010-01-08,690.3656005859375,703.3172677668937,687.8432091181518,700.4552848847751,1892096
2010-01-11,692.4515380859375,697.399329243462,684.3507276656749,693.3732017132008,2540318
2010-01-12,687.0185546875,697.8842949987269,683.0893608777357,690.7536455177537,2511399
2010-01-13,680.8580322265625,684.3020871498892,669.4101601707592,679.1117566949732,3058049
2010-01-14,674.5519409179688,687.6975913215805,671.9324982216783,684.0594929139107,2074615
2010-01-15,658.4473876953125,677.5109899090143,654.8577850308922,677.5109899090143,3247252
2010-01-18,645.2047119140625,657.768292169209,641.2755768788306,650.977174108465,5427132
2010-01-19,646.514404296875,660.193631461607,645.1561571226578,647.0964763921996,4558173
2010-01-20,657.1862182617188,661.1638494296808,648.3092331348264,648.988356781853,3631979
2010-01-21,650.4920043945312,663.4921665720691,646.2232785175911,654.033110579755,3791359
2010-01-22,654.4696655273438,658.1563195082758,631.5739218464067,640.3053585539608,3789327
2010-01-25,653.111572265625,659.5146030940332,646.7570375831882,650.0070491433636,1751475
2010-01-27,626.3350830078125,653.7906500805987,621.9693643273291,649.7159674693777,3881267
2010-01-28,630.4097900390625,640.0628913381644,625.898582756123,630.506841541809,4552935
2010-01-29,609.2118530273438,625.7530656326928,598.4915991720661,622.017974120272,4384029
2010-02-01,634.2904663085938,643.2159483241891,601.4990768642492,604.7005923660782,3886417
2010-02-02,614.7901611328125,644.2829779611692,611.2005587071604,640.3053472170252,2061548
2010-02-03,625.122314453125,632.0589792773156,616.0513458804228,620.9021438794812,2498241
2010-02-04,614.1111450195312,624.2978227805188,610.0364620723655,622.8425831003777,1751170
2010-02-05,590.77880859375,606.2043135340158,586.9466656282822,606.2043135340158,3149818
2010-02-08,592.136962890625,606.349826509549,582.095833449167,596.890769216,1991497
2010-02-09,586.267578125,596.64830023197,584.1332146391223,591.7975010430922,2641949
2010-02-10,584.5697631835938,598.4915915450789,582.1443637353058,594.0288210319168,1984673
2010-02-11,598.1033935546875,600.5287925553148,586.946558151802,586.946558151802,2099735
2010-02-15,615.5662231445312,618.3797094732805,594.1742173035528,601.4989099284624,2487232
2010-02-16,615.1298217773438,622.3575242761672,607.7566308338935,618.961964907552,2020068
2010-02-17,616.4395141601562,627.4508033749731,613.1409474031434,617.991746037662,2077342
2010-02-18,602.711669921875,629.6335996447434,597.3272958200702,620.8051707004397,2464395
2010-02-19,590.2451171875,597.6183063727964,584.4726557945398,595.8720309566833,1588008
2010-02-22,599.2676391601562,606.0587568406188,594.5623292389562,596.7451884933905,1676023
2010-02-23,598.9765625,603.0997408122149,593.0100572567871,593.0100572567871,1316209
2010-02-24,603.2453002929688,605.2826712273337,591.7974274731434,599.5587052104962,1238055
2010-02-25,607.4655151367188,612.8498895872558,600.5288496498922,605.9617202422841,2957707
2010-02-26,613.5289916992188,625.7529797103475,604.4094672241031,604.4094672241031,2837537
2010-03-02,632.49560546875,634.2903771635442,616.4394748550274,620.9021856286948,2234614
2010-03-03,657.3316650390625,664.0742865111266,620.9021816904617,623.8126606671358,2664921
2010-03-04,658.2533569335938,663.7832790704261,648.648752210998,658.5443930010377,1754785
2010-03-05,675.6677856445312,680.0820007682306,662.6191248569208,662.8616648001334,3629060
2010-03-08,676.5894165039062,686.2910137625579,670.234822928409,681.9252949961647,1769128
2010-03-09,668.1973876953125,678.0930269130237,665.6264412113845,672.3205657682055,1494850
2010-03-10,661.9884033203125,670.8168915279676,641.4210664274125,669.4101482143135,3578403
2010-03-11,656.2645263671875,667.4698588111459,652.8689674924215,663.5892200971275,1656121
2010-03-12,656.5555419921875,661.0668080423562,651.9472836627262,658.7384012008797,1282875
2010-03-15,657.1376342773438,663.1526361243502,650.8801517246592,653.8876230412386,973461
2010-03-16,673.8729248046875,675.4737120448044,655.6824298663175,659.7086164315504,1515457
2010-03-17,677.510986328125,683.9625718617214,672.5146995229755,679.1117734797233,1935085
2010-03-18,678.4326171875,681.9252273826293,672.805703178166,674.2609426226754,1358252
2010-03-19,672.3206787109375,683.8656029399984,669.5557472242895,678.4326730382671,1598284
2010-03-22,664.365478515625,677.0260531932634,645.1563246032915,654.8579234695064,1650309
2010-03-23,682.5558471679688,685.9029099859173,667.5668679146156,669.2646473947788,3044617
2010-03-25,689.8320922851562,692.6940754480554,682.0223179831694,682.7014416646147,3415691
2010-03-26,695.8956298828125,702.8807924580865,689.783634834644,689.783634834644,2133894
2010-03-29,695.1679077148438,707.9255312080483,690.8992406459107,707.9255312080483,1571069
2010-03-30,689.6380004882812,702.6866603230858,686.1454492465848,697.5448257452025,1291445
2010-03-31,682.1192626953125,695.1194263858349,673.5333730193522,674.7945687890061,2101298
2010-04-01,688.5222778320312,693.082039780689,684.0110120204549,687.8431542713644,1811857
2010-04-05,694.828369140625,697.4478120985916,687.7947115164845,693.6641656911013,1804398
2010-04-06,694.4888916015625,700.3098505897899,690.8993475965743,696.5747589245534,1285032
2010-04-07,688.2312622070312,699.1940541354675,682.2647568230058,698.41793827762,1549458
2010-04-08,682.50732421875,688.6678144049797,675.3766743676749,683.8655714350723,1079786
2010-04-09,698.708984375,701.1343834743204,678.6266679898578,682.0222267289064,2341634
2010-04-12,700.164306640625,703.3658219875912,689.7835854250721,695.604543951866,1803331
2010-04-13,702.0075073242188,707.246393181472,697.6417888477899,698.4664600883121,1873591
2010-04-15,710.8845825195312,717.8212486684159,704.3360039702213,704.3360039702213,2921188
2010-04-16,708.5560913085938,712.8733136829218,701.4254414195356,706.3732320510641,1287601
2010-04-19,697.3992919921875,702.7351704595,683.7685597502777,698.5149993572566,1356254
2010-04-20,698.8060302734375,705.7426959152884,692.9365758454826,696.5746747736179,1273493
2010-04-21,700.7948608398438,704.2389752699196,693.8097581194415,703.2202601771642,1145912
2010-04-22,697.5447998046875,727.6197494485614,693.8582049169174,727.6197494485614,1268954
2010-04-23,697.3021850585938,701.813450706596,688.8132888926631,698.5148845108696,905208
2010-04-26,714.425537109375,716.8509360550019,699.4850559187772,699.4850559187772,1488477
2010-04-27,724.07861328125,731.4033658296541,709.1866867055963,715.1046367394897,2797468
2010-04-28,715.5897216796875,723.4480502360019,706.6157450736296,717.9181284846351,2125404
2010-04-29,721.1681518554688,725.679417911715,715.977821415569,716.9479810651836,856956
2010-04-30,721.2652587890625,728.4929605770204,714.3285930755904,727.6197931397127,1663237
2010-05-03,708.99267578125,721.2652193059292,706.6157727443388,721.2652193059292,1169113
2010-05-04,698.0299682617188,717.9182439383903,690.2686899488713,712.0972852037547,2317322
2010-05-05,669.4102172851562,684.0596056010736,658.1563880424245,684.0596056010736,4018040
2010-05-06,639.2382202148438,683.9625566142969,632.5440949113781,683.9625566142969,4601152
2010-05-07,629.9246826171875,636.812852029165,606.592353628659,630.6038062513048,4219510
2010-05-10,671.0594482421875,676.2012825941803,635.5515691802398,673.3877958964134,2163186
2010-05-11,652.77197265625,674.2610350858955,650.1040333087878,674.2610350858955,1517711
2010-05-12,648.357666015625,654.8577473506148,639.1896457099475,654.8577473506148,1856903
2010-05-13,648.7457885742188,657.7197655964497,644.2830185267467,651.4622238300706,1195438
2010-05-14,631.4284057617188,646.8539684012586,628.6634743517294,645.1561889566359,2186541
2010-05-17,637.97705078125,641.9547414271321,582.0958708638609,582.0958708638609,1673739
2010-05-18,618.28271484375,638.9471029357417,605.9616758098329,635.4545519844183,2811309
2010-05-19,599.898193359375,614.790179452313,595.1929427622774,611.2005769196982,4234754
2010-05-20,608.9207763671875,613.6260273578299,595.0960002567542,602.7117304285405,3014323
2010-05-21,615.6148071289062,620.9021891763807,588.9839123284936,591.7973990587379,2599355
2010-05-24,628.906005859375,635.600131265592,620.4171087498192,630.6037852812862,3021784
2010-05-25,599.0250244140625,625.7044119688615,593.7376430377071,620.9021103662296,2980093
2010-05-26,603.4393920898438,610.0364668486982,594.950493889223,606.8349513700921,2619185
2010-05-27,603.6819458007812,609.939488459808,598.78265057036,603.9244857548997,1991974
2010-05-28,634.9696044921875,637.2980117541721,610.2305289924919,610.2305289924919,3271458
2010-05-31,634.5814819335938,640.3539444084296,622.1149525734144,640.3539444084296,1290180
2010-06-01,613.1895141601562,636.2308103274999,610.5215746039376,636.2308103274999,2033421
2010-06-02,605.816162109375,618.9618125872288,599.4130733474091,611.6856157307959,2285452
2010-06-03,616.0513916015625,622.5999693863035,612.6558327502153,618.3797984994537,1402669
2010-06-04,610.861083984375,616.0514147379662,606.931889794888,613.1409356132199,713642
2010-06-07,596.211669921875,610.8125624978791,586.9466560371175,610.8125624978791,1219327
2010-06-08,594.5138549804688,608.1445869837604,589.9055963848251,596.2116344630742,1260804
2010-06-09,596.9391479492188,606.349707248483,591.8458104083315,597.6182714641049,1377273
2010-06-10,610.5700073242188,612.9954066688194,595.8721228242498,599.0736381163523,853209
2010-06-11,622.7940673828125,630.1187616999101,613.2865136140986,617.1185972802987,1789863
2010-06-14,629.7305908203125,632.0589976129432,584.1330883064087,584.1330883064087,853023
2010-06-15,636.5217895507812,637.783044599362,626.7231997419052,630.7008310392465,1111675
2010-06-16,632.9805908203125,645.1560809564984,628.7118652457418,637.3948047946157,1565486
2010-06-17,645.6412353515625,649.618866158799,628.7119379236925,636.0366313054228,1779821
2010-06-18,651.7533569335938,661.1639190549163,642.6338901301156,645.9323979984074,1847752
2010-06-21,665.4324951171875,668.6825061004009,654.6151918625253,654.7607394884542,2606282
2010-06-22,651.0256958007812,657.7198218374742,647.1450567566352,655.2459262896016,1899157
2010-06-23,641.7605590820312,651.7531908651812,637.5403886148741,648.0665963216884,1853199
2010-06-24,637.637451171875,648.0666677562762,631.1858655992412,644.1860290271967,1945973
2010-06-25,622.4544067382812,638.1710048853924,620.368599022494,630.7978152429679,1709681
2010-06-28,618.81640625,628.4210119789094,612.7044113379009,622.4545055088513,1749111
2010-06-29,602.6630859375,618.8162058883956,596.987617402994,618.8162058883956,2331134
2010-06-30,605.86474609375,608.1445977537988,592.9131374969016,603.439346789932,1747926
2010-07-01,595.1929931640625,602.9057748449,592.0399740478715,593.7377535719743,1372753
2010-07-02,596.8422241210938,602.8572257495026,592.7675417783751,595.1929408854879,1067460
2010-07-05,597.5698852539062,600.4318682413516,592.816078989075,596.8422654713617,692800
2010-07-06,611.2975463867188,613.4804055085448,595.6780003560788,595.6780003560788,2150716
2010-07-07,605.6221313476562,615.0811874640193,603.4392722438802,615.0811874640193,1112977
2010-07-08,602.8572387695312,613.7229796329899,601.3049477791467,612.1707478564521,1228606
2010-07-09,612.5587158203125,616.7303897174561,606.3496714986325,607.3198309730302,1115648
2010-07-12,606.9804077148438,619.9320153356128,605.2826283301218,615.0812170935501,1107177
2010-07-13,614.30517578125,616.5365314006691,604.0214467315424,609.0177932128561,976525
2010-07-14,610.9095458984375,622.0663819181932,608.2901029901604,617.0215398751867,1025544
2010-07-15,610.9095458984375,614.6931330203079,606.9318557891735,611.6856617787818,889553
2010-07-16,605.816162109375,612.8983152068681,604.4579150106375,612.1706955212247,1165147
2010-07-19,606.0103149414062,610.6185737799004,596.3572135316849,603.342375613857,937336
2010-07-20,600.9169921875,610.230502401892,599.0736649175966,610.230502401892,1699898
2010-07-21,617.894775390625,619.3500150319464,601.9356354813627,601.9356354813627,1725353
2010-07-22,627.6448364257812,629.5366597036495,605.5252068735551,617.0215757551514,1887676
2010-07-23,620.80517578125,638.365041536144,617.4096170496748,632.5440837105864,1224017
2010-07-26,621.5327758789062,624.734290739077,616.3423864534108,623.4730950928089,655505
2010-07-27,620.4170532226562,624.5402314497029,615.2267231400284,624.2976915539942,1280328
2010-07-28,611.5886840820312,623.133548710319,609.2602771716325,623.133548710319,1049253
2010-07-29,603.2453002929688,613.529028823271,591.7974274731434,591.7974274731434,1627350
2010-07-30,603.8759765625,609.9879714314878,599.5587536296772,602.4692330162289,986497
2010-08-02,606.1072998046875,608.2901592277536,602.0811131832694,605.4766722858167,733753
2010-08-03,599.558837890625,610.2305971411054,596.9878903856459,609.2604372092436,858805
2010-08-04,603.0997314453125,606.3497423789267,595.2414032557764,603.2937159918001,863096
2010-08-05,599.1221313476562,606.1557894128017,597.2303080252952,606.1557894128017,877968
2010-08-06,607.9506225585938,609.2603145173182,598.5885574159003,599.1221334282009,963436
2010-08-09,618.6708374023438,620.126076916754,603.0512310860329,609.2602766997219,965633
2010-08-10,614.2566528320312,625.2679420120248,611.8312535224424,616.051424635587,856683
2010-08-11,634.7269897460938,641.7606476378159,610.0364133041063,614.40213199552,3627305
2010-08-12,634.7754516601562,644.1860121747555,622.1633761205903,625.9470224679985,3287121
2010-08-13,642.7308959960938,646.902571478278,631.1374740293172,636.9099369380159,1381508
2010-08-16,643.8950805664062,649.861527895785,634.241978571759,640.3054774108771,1898959
2010-08-17,641.1300659179688,656.7011777335343,639.5778339579543,646.1264124626433,1672775
2010-08-18,651.0256958007812,653.0145114681355,638.5106704117218,642.4398056011491,1139806
2010-08-19,665.0444946289062,668.3915575387365,649.2793990231881,654.8578174682884,1894823
2010-08-20,668.7794189453125,676.0556151007218,659.70845142377,664.5592488607095,1503669
2010-08-23,688.5709228515625,690.753782416784,669.9438427189006,670.3804264747159,2303447
2010-08-24,676.9773559570312,692.402917257955,674.7944968605142,688.2312428273799,1187208
2010-08-25,678.2385864257812,687.5521545775598,665.626510998164,677.0744422189239,1377242
2010-08-26,687.4066162109375,690.7536788853845,674.8915921077546,681.5371621025037,2296558
2010-08-27,669.0706787109375,772.344134170936,666.98481161453,772.344134170936,1136487
2010-08-30,680.2760009765625,688.8133945878391,672.9513070036448,680.0819571916552,815677
2010-08-31,663.8316650390625,678.0445259811889,656.5554684913197,676.2011991702252,1187822
2010-09-01,677.3655395507812,678.3841954308604,665.5780750722698,669.5557655183732,1282007
2010-09-02,677.7535400390625,685.2722776841608,671.2049620901059,680.081946995342,1223713
2010-09-03,663.2981567382812,680.0819066429049,661.2122898298013,680.0819066429049,768807
2010-09-06,674.5035400390625,679.1117986729145,667.7124220523334,669.555749191414,1103110
2010-09-07,686.8245849609375,690.074596334294,672.5632252477852,675.2311644752377,1508103
2010-09-08,689.2984619140625,691.4328250815485,679.2087774207732,685.6603630651142,1106365
2010-09-09,693.61572265625,698.2239814524792,687.1156405114301,696.5746980405321,1411677
2010-09-13,697.5031127929688,702.6539528660968,694.8790820183392,699.4954115841953,951647
2010-09-14,690.7001342773438,699.7384102124087,688.3676491829451,698.7665513093359,833914
2010-09-15,688.7564086914062,696.628441990354,684.3344625958848,691.8663690096229,1247611
2010-09-16,678.0173950195312,689.9712477971684,674.8102131495646,688.7564241547752,658196
2010-09-17,688.46484375,694.6361238162376,679.4265088507058,680.2040433968164,1806559
2010-09-20,692.5952758789062,699.1553235208416,685.1605314910221,690.0198260406038,1349232
2010-09-21,683.8970947265625,699.7383823524183,682.2449227936078,694.3931585983373,1250093
2010-09-22,685.0147705078125,692.3523531771195,679.4265814365913,688.2219525592603,1152898
2010-09-23,682.7308349609375,688.8049527097003,675.4418936624221,686.7154324771034,1145069
2010-09-24,673.8869018554688,685.0146374336891,668.930386486375,685.0146374336891,1783508
2010-09-27,679.4264526367188,684.1885844086295,675.2960528018655,678.940523244383,1536065
2010-09-28,688.1732177734375,691.9634909593665,680.6899521932306,680.7871143497699,1257827
2010-09-29,686.278076171875,694.8790023338827,684.1885561441306,690.991567355791,1033748
2010-09-30,687.34716796875,692.9353563262194,676.9968475448491,690.0683608706152,953774
2010-10-01,711.2549438476562,715.9199142290253,688.9508285554618,690.0198496659475,2684900
2010-10-04,711.9837646484375,723.4031060535858,705.8610658011033,719.175543813596,2013853
2010-10-05,717.0860595703125,724.5208038194269,708.8252589902118,712.3725676722199,1219246
2010-10-06,728.9426879882812,734.2393303620145,719.3213213675842,723.8404292399019,2104787
2010-10-07,715.2881469726562,732.7816070888354,710.4288524959399,730.4005409317324,1090349
2010-10-08,704.69482421875,723.7432931560459,699.7383678402376,720.8277166233783,813836
2010-10-11,708.9224853515625,715.2881492730211,704.6948635526875,708.8252638711798,857054
2010-10-12,694.9762573242188,712.1295901836073,690.0198007920317,712.1295901836073,986904
2010-10-13,699.6412353515625,711.789471419498,694.9276841666682,695.9967645311818,1933002
2010-10-14,698.9124145507812,709.3112582624306,694.4904087038375,702.6540479254328,771252
2010-10-15,690.6514892578125,701.7792252137845,688.076039676071,699.9327290594238,378835
2010-10-18,690.8458862304688,706.5414314399626,683.5083632832908,706.5414314399626,1509537
2010-10-19,687.8331909179688,697.7947454314399,681.7590723121937,697.7947454314399,1160540
2010-10-20,680.7385864257812,690.0198271671227,677.6286260454596,685.1605326096078,637372
2010-10-21,694.2473754882812,695.850966386447,675.7334754667907,681.2730830124292,620131
2010-10-22,685.889404296875,691.2346281348244,680.3012157390187,682.2449334982731,455828
2010-10-25,697.0657958984375,699.7384078729523,687.590171625158,692.6924308492315,535089
2010-10-26,686.0838012695312,704.9864687091422,679.3293700613465,700.6616847472426,1089932
2010-10-27,673.1580810546875,686.3267570952974,670.5826312799944,685.1605145686899,1320445
2010-10-28,673.1580810546875,681.856170629562,668.1529840652119,681.7590084679944,2471992
2010-10-29,677.920166015625,680.2040700285193,661.8359130323164,675.4419376761525,980028
2010-11-01,685.889404296875,687.1042278964089,676.6081638599472,687.1042278964089,375736
2010-11-02,676.1221923828125,688.0760439954945,671.3600604416974,683.2653309769303,509017
2010-11-03,690.4571533203125,693.9558215621039,680.3012161584355,680.3012161584355,497921
2010-11-04,698.5721435546875,700.7102449311652,692.1093176628475,692.4494445401598,694065
2010-11-08,693.7128295898438,703.9659285099314,690.0197778535753,702.1680133791664,796453
2010-11-09,698.7665405273438,700.6130961417136,688.1732549202811,688.1732549202811,463100
2010-11-10,696.4826049804688,699.7383081036527,692.9838778494196,694.4902470658548,460137
2010-11-11,690.6028442382812,701.390512582001,687.1041762615665,694.3931173110174,515541
2010-11-12,667.5698852539062,692.9353781753786,662.8077530373185,692.9353781753786,1342582
2010-11-15,659.4547729492188,667.2782243791168,647.3551190977655,663.3422081260678,1014046
2010-11-16,652.7975463867188,666.6951149068349,636.5674930961761,666.6951149068349,1697902
2010-11-18,641.6212768554688,667.5212817254524,630.7364449860341,667.5212817254524,2368497
2010-11-19,629.7645874023438,646.2861892323435,619.900195523878,646.2861892323435,2382283
2010-11-22,639.3373413085938,645.5086807951177,630.3476466569567,631.7082728177414,1613617
2010-11-23,632.4371337890625,636.4703716616469,618.6853076139186,635.3041292018287,3476076
2010-11-24,625.4883422851562,637.5394159477776,619.657189090512,637.5394159477776,1216362
2010-11-25,609.2098388671875,636.5676956197037,604.4963460693981,622.6701226780855,1810587
2010-11-26,594.6804809570312,616.1585387870971,558.1871320338109,612.2711032111533,4635967
2010-11-29,606.7315063476562,614.6521802002948,584.0386245000676,599.539785995917,2348508
2010-11-30,618.7825927734375,632.4857799633752,597.4502773902568,599.8313436329576,2668863
2010-12-01,642.3987426757812,645.3143194201493,618.1022698060467,618.1022698060467,1693860
2010-12-02,650.9510498046875,659.7950009837267,641.5240070391433,653.7694642137614,2223474
2010-12-03,660.6695556640625,665.7232329455533,642.9331337644182,652.1172106663741,1734108
2010-12-06,679.3294067382812,692.8868509680299,665.7233814244959,670.5826761794192,2132575
2010-12-07,682.0504760742188,694.8790237610093,671.2628674043904,682.2448596926274,1742200
2010-12-08,672.963623046875,679.9610181157003,662.5161411778287,672.623436883863,867330
2010-12-09,660.8154296875,680.3011875531909,656.1018787260621,678.0173430077133,1193114
2010-12-10,677.5314331054688,683.8970968231504,652.3602647138803,664.6543031129787,1940462
2010-12-13,677.4827880859375,683.459743806433,659.6006206390907,675.4419082054333,1008633
2010-12-14,667.3754272460938,683.8970262871654,664.168305178102,683.8970262871654,829304
2010-12-15,647.4524536132812,670.4855229212094,643.370634101391,670.4855229212094,716938
2010-12-16,652.0687255859375,655.8589396168608,631.999816042731,653.9638622601784,1387571
2010-12-20,657.7055053710938,660.6210820480251,650.1250178745842,655.8103686675764,2282845
2010-12-21,667.3754272460938,670.4853871643941,655.3729358816078,657.9483853415013,852193
2010-12-22,676.7053833007812,679.2322521922345,668.6389657806035,673.4496795054738,977516
2010-12-23,680.3497924804688,682.1963480670072,670.9227495446956,681.273070273738,730487
2010-12-24,678.6975708007812,684.9660719385876,669.8050983510337,669.8050983510337,698183
2010-12-27,676.5109252929688,686.0351895267816,671.6516310175774,683.0223914855047,373954
2010-12-28,680.2041015625,682.2449816266658,674.76165586212,675.5391311571564,367035
2010-12-29,690.6028442382812,692.9353291011272,678.8433764055222,683.2167410351927,1872180
2010-12-30,701.390625,704.5977477122811,686.2295895966182,694.8791580886634,2533379
2010-12-31,692.01220703125,708.3880671964366,689.145211043392,698.2807096073135,1094979
2011-01-03,698.23193359375,702.5567169120582,693.1296751358424,702.5567169120582,587424
2011-01-04,707.31884765625,713.3443842917075,699.738360613119,699.738360613119,3529303
2011-01-05,705.0349731445312,715.1909093934395,701.68204844565,707.707584824899,1578904
2011-01-06,700.4186401367188,709.4569149985319,696.8227507588321,703.0426707269363,608020
2011-01-07,688.221923828125,699.6898473189768,680.3498309180669,695.8509926885375,926379
2011-01-10,670.1452026367188,685.1604324888137,664.3626310947567,683.5568417921384,555693
2011-01-11,656.539306640625,680.204107837818,651.6314307705193,665.8205478179154,662870
2011-01-12,673.7412109375,678.3575409078614,651.339874207995,660.7669178004562,878011
2011-01-13,659.1632080078125,673.0607764974341,656.0046670184643,671.6515694232914,886581
2011-01-14,661.7387084960938,680.2526075517347,645.7516186997711,657.9484352895597,1592609
2011-01-17,651.291259765625,662.0788697325929,646.5777085520391,656.0047516616517,879491
2011-01-18,674.2271728515625,683.6542168976488,638.5113550464528,655.1787604158634,1278490
2011-01-19,671.1656494140625,686.1322983457934,656.927953884529,676.4137105505272,1006354
2011-01-20,686.8612670898438,689.9226463051348,661.8844818776104,666.549392662887,1072332
2011-01-21,680.1553955078125,685.1604923348702,671.1657011048372,675.4904848703205,620778
2011-01-24,680.4468994140625,690.0196839788626,674.664328227068,687.7844208097647,723271
2011-01-25,669.1734619140625,685.3549370075773,665.9663392725049,682.0991739649234,699590
2011-01-27,654.25537109375,676.4137403806392,648.3756370818259,676.4137403806392,1671771
2011-01-28,645.2657470703125,685.1605441988013,636.5675978017232,649.298926030733,2146225
2011-01-31,644.5853881835938,655.8103461406937,624.6622815755823,631.7082583028058,1743179
2011-02-01,617.421875,652.1172455303251,610.473120269307,651.1453867441398,2088328
2011-02-02,625.0023193359375,631.708168233435,611.5906808584913,619.5599342289458,1060872
2011-02-03,631.5138549804688,635.5470928463068,615.2352196009109,619.6085843297474,909849
2011-02-04,618.7825927734375,644.2453086103126,613.4859497398936,631.5139210330942,885272
2011-02-07,625.3426513671875,632.0970829129606,615.6240618963091,621.9897261362219,986471
2011-02-08,614.11767578125,632.4857737938545,611.1048775362299,631.659717438198,1257915
2011-02-09,597.255859375,624.5651293350771,591.2789628882152,611.2992319730271,1854270
2011-02-10,596.6242065429688,610.2302312366048,587.0513607215529,594.3403025217151,1888353
2011-02-11,599.1024169921875,603.329979382951,586.9055999411645,590.890197612515,2711165
2011-02-14,627.82080078125,630.979341961651,604.4961889875193,607.4117654617356,1753760
2011-02-15,632.4371337890625,637.4908115699046,612.9513761059417,629.4729762202929,887086
2011-02-16,650.8538818359375,656.0047218626066,635.1097566477237,637.5394037657333,1055483
2011-02-17,650.2708129882812,657.9485225769881,645.6544828815742,655.0329456674889,957014
2011-02-18,660.0864868164062,677.385561016149,646.2860804529973,650.1735155233913,1760886
2011-02-21,670.1452026367188,680.7384869511552,654.5468812499519,654.5468812499519,1344547
2011-02-22,653.8666381835938,670.4368201121498,648.4728332995409,666.6951871764481,866402
2011-02-23,651.4368896484375,658.9202136731318,649.4445911313721,655.0327787842048,685794
2011-02-24,613.6317138671875,654.7899132593217,608.0435253681284,642.3987126744514,2195302
2011-02-25,628.0151977539062,634.2350587738622,600.3658017390769,623.738995107172,1478601
2011-02-28,639.2401733398438,660.8640332513778,624.1763608172021,624.1763608172021,1607140
2011-03-01,652.65185546875,656.4907101227656,641.7670235410259,646.7721207797194,1327281
2011-03-03,649.9791870117188,657.9484414451716,641.4268409952929,644.8769280492562,2570617
2011-03-04,659.2603759765625,665.626098403787,652.6031670980411,661.2527339183943,1371832
2011-03-07,645.6058349609375,653.5750895520729,633.6519827330134,649.9306187924888,892005
2011-03-08,651.9716186523438,658.4345050488545,643.8080382393273,649.20184409245,503217
2011-03-09,647.1608276367188,658.6287501269159,641.4268367328419,651.145425168188,432970
2011-03-10,641.9127807617188,646.286145657143,634.3322934731616,639.580295757136,610638
2011-03-11,631.5624389648438,641.3296676915717,625.8770885182146,641.3296676915717,438414
2011-03-14,645.4600830078125,649.2017158767861,631.9512211809583,635.8872376846639,1014380
2011-03-15,642.9818115234375,648.2298732044399,618.2966315526642,631.7082722382098,1937322
2011-03-16,645.9459838867188,653.429249293925,643.8564637114259,649.2016871837471,460802
2011-03-17,634.47802734375,643.2733974020545,631.9026369783409,636.6647097591735,1279274
2011-03-18,631.5138549804688,641.4268268960091,628.1609301581831,638.5112504101181,1008247
2011-03-21,643.662109375,648.9101709318402,633.4575913725776,637.539410437058,1091353
2011-03-22,642.6903076171875,650.6595628191875,640.2606602578926,648.2299154598925,1094947
2011-03-23,638.365478515625,651.6799569707852,635.6442855282888,642.5931002137272,1279145
2011-03-24,641.7184448242188,644.8284052889742,637.5394632548109,637.6366254215749,509593
2011-03-25,647.40380859375,656.004735847843,639.9690645271179,656.004735847843,1486511
2011-03-28,650.7080688476562,654.2553773100915,641.4268288691965,647.2579818589164,1072174
2011-03-29,660.5725708007812,667.5699674286733,645.0228268799393,645.8003022124683,1465821
2011-03-30,669.3677368164062,676.3165508421384,661.1069371605957,664.7028265213414,1137960
2011-03-31,677.6771240234375,681.2730134185439,666.2092021375347,666.8895151556716,2128989
2011-04-01,680.9816284179688,683.7028218154122,675.4420201303645,675.4420201303645,523152
2011-04-04,692.157958984375,698.7665880088459,683.411228397338,685.1605626512328,1000221
2011-04-05,693.664306640625,697.2116154383862,678.6004933265378,693.0325746133324,617811
2011-04-06,693.664306640625,703.5286984410678,688.707849857853,691.0402756836911,1424981
2011-04-07,688.6592407226562,697.2116470916908,685.4521179930503,691.0403070568178,1501456
2011-04-08,680.6412963867188,692.2550210729029,678.3574519017504,684.8689178164673,722822
2011-04-11,660.2322998046875,679.4265124929208,656.587829041099,673.012267676028,931154
2011-04-13,661.8844604492188,665.9662794982723,650.5136999974114,651.1454319793396,2462417
2011-04-15,653.089111328125,667.3268664256182,649.2988382942885,661.9816430442123,1708320
2011-04-18,647.5009765625,659.7950150790402,637.1992961971218,653.0891651031895,1100410
2011-04-19,642.9331665039062,651.1453850898182,638.0252915096503,646.2860911712376,554243
2011-04-20,657.7055053710938,665.9663059557325,646.286163386446,646.286163386446,2205024
2011-04-21,675.63623046875,679.3292819405387,660.8639652640434,663.7795415813847,2017088
2011-04-25,669.7078857421875,673.0122294404695,659.6005896559249,665.7232883273958,613080
2011-04-26,675.5877075195312,680.3011992444161,664.4599117540932,666.8409778149602,1718270
2011-04-27,673.5953369140625,676.4137512713824,667.7641838858609,673.6925583883994,1072278
2011-04-28,659.6006469726562,674.4700762719112,656.4906866306571,670.5826406738022,1499199
2011-04-29,636.3245239257812,661.8843974830393,628.5010727612616,653.0890875572737,2161680
2011-05-02,627.82080078125,644.3424008018092,616.2556570398365,642.5444857030645,1027487
2011-05-03,615.8184204101562,637.9282105538338,606.0026098547347,627.8208541897,1720051
2011-05-04,604.3018188476562,618.8797015441303,599.7827108022833,618.8797015441303,1737558
2011-05-05,604.3990478515625,613.6317070076698,596.9157227773114,601.9694007052185,1094267
2011-05-06,612.5140991210938,616.9846265340244,597.8390528017427,603.7187875462154,801080
2011-05-09,620.1917724609375,622.7671629209308,611.3478209987753,614.2148165789134,544075
2011-05-10,614.9436645507812,625.731273659024,613.4858763297996,620.0459233242173,406565
2011-05-11,624.2249145507812,625.8770864250417,615.1866392966637,615.1866392966637,329451
2011-05-12,608.8695678710938,631.5138671510724,606.6343043856768,615.1866503789342,777553
2011-05-13,621.98974609375,626.8490409851074,602.5525665283203,616.1585922241211,803257
2011-05-16,614.2634887695312,625.8772160551869,608.869683010209,625.8772160551869,519639
2011-05-17,627.0433959960938,630.3963211814558,611.4936530541822,616.1585640732434,726586
2011-05-18,622.0868530273438,632.582976514741,618.2966389391697,625.7799642709032,1240809
2011-05-19,623.2045288085938,627.7236964872125,618.5396178833631,627.7236964872125,690897
2011-05-20,622.6213989257812,627.5292742779941,619.9001466788588,623.6904199388172,704029
2011-05-23,608.4322509765625,622.0382755429087,605.8082200895409,622.0382755429087,317955
2011-05-24,610.3273315429688,615.6239739111121,600.6087434610744,604.7391433958795,759676
2011-05-25,617.373291015625,628.1608997644378,607.4117385041568,609.3554560673701,1109974
2011-05-26,622.6213989257812,628.6955167670242,617.2761752254876,617.2761752254876,1400646
2011-05-27,624.3707275390625,631.6110878060026,618.7825391739999,618.7825391739999,856191
2011-05-30,617.373291015625,627.8207729178965,615.380992376842,622.9614790098633,551790
2011-05-31,630.9307861328125,641.3296878371766,622.038253803565,624.9052493147882,2128103
2011-06-01,637.5880126953125,640.3578461213676,632.2427888022045,632.2427888022045,500010
2011-06-02,630.6392211914062,638.2197082340781,624.9052303430403,630.3962564828747,913965
2011-06-03,621.3579711914062,637.7338294367881,619.4142533688727,629.9589581466538,975159
2011-06-06,614.2147827148438,626.654563918975,608.8209780529319,621.0177945487108,1142349
2011-06-07,618.1507568359375,621.0177520618618,608.869517475362,609.9871787843407,792219
2011-06-08,613.29150390625,620.9206313259454,610.5217299628122,613.6316900878925,763080
2011-06-09,614.749267578125,617.7620654266115,608.4321854243497,612.2710395197699,676660
2011-06-10,612.5140991210938,616.9360454503635,609.1611739026146,616.9360454503635,631494
2011-06-13,613.1943359375,614.7007052489072,605.468046434892,611.2991993700596,444253
2011-06-14,625.7799682617188,627.9180103836553,611.2992469518917,611.2992469518917,590322
2011-06-15,621.212158203125,628.695482843255,617.2275015237435,626.0228711373196,419174
2011-06-16,615.6725463867188,618.7339253167679,609.3554642217406,609.3554642217406,346536
2011-06-17,615.1867065429688,620.3861281240086,611.2992707986214,612.5140944687299,411602
2011-06-20,602.6011352539062,618.0537164185043,593.6114398892806,614.8465937195019,846407
2011-06-21,604.9336547851562,610.2788793591285,597.6932932714441,606.4400243924897,882759
2011-06-22,596.0410766601562,606.0512118890844,587.0999625393182,606.0512118890844,974611
2011-06-23,598.7136840820312,601.5806797991908,588.9465136644743,601.5806797991908,525284
2011-06-24,616.74169921875,617.9079418851862,600.3173176681241,602.4067789328216,951370
2011-06-27,620.434814453125,625.8772011710641,608.4809012003077,609.3555980345609,503376
2011-06-28,611.542236328125,626.8490145914035,608.5780784327169,626.8490145914035,1320177
2011-06-29,613.5346069335938,621.0179334885977,609.4527870565399,614.6036874800624,1049224
2011-06-30,633.89501953125,641.329764453238,615.2353152568517,615.2353152568517,1302756
2011-07-01,632.4371337890625,638.9485998152885,626.8489455150908,633.1660279117544,444087
2011-07-04,630.83349609375,641.5725828237415,629.8130562613554,639.4830627670112,1128477
2011-07-05,624.5164794921875,631.5138751452699,620.0459524647623,630.7363999210513,644928
2011-07-06,621.5523681640625,630.7364469359645,620.483347065772,626.8490112075456,404397
2011-07-07,637.6851806640625,644.8283191766008,619.5599901659125,619.5599901659125,3028649
2011-07-08,625.4883422851562,637.6852185046668,616.1585209007485,637.6852185046668,1133589
2011-07-11,616.9359741210938,628.4038964646059,613.4858871341869,627.8208048929658,750200
2011-07-12,597.3045043945312,612.2711563888398,595.0206595223289,610.3274384320499,2087759
2011-07-13,605.7596435546875,607.849163927226,598.1791559600542,598.2277370417867,961603
2011-07-14,612.9027709960938,624.6136575779843,599.6368747562319,604.4961687169794,2193784
2011-07-15,614.554931640625,617.8592755198582,607.4117926856648,613.97184004667,477663
2011-07-18,612.2225341796875,617.033247663114,608.8696090659321,613.2429741749451,1276451
2011-07-19,612.5140991210938,616.1099890754401,606.4399807244149,614.9923275634262,937652
2011-07-20,611.2020874023438,618.9769586209835,607.8491623257934,616.6444735283676,560633
2011-07-21,611.4935913085938,615.5754102821961,607.4117723349914,607.4117723349914,495541
2011-07-22,610.0358276367188,617.1303855599593,608.0921098869236,617.1303855599593,852870
2011-07-25,614.6035766601562,618.7825579617497,604.2046748276621,609.3555150048613,594019
2011-07-26,611.9796142578125,618.7826271476968,608.4808863239045,616.8389091791583,442864
2011-07-27,612.6598510742188,615.2838225507523,608.6751941446558,614.5063473237218,527449
2011-07-28,596.4298095703125,610.1329961213822,592.8339198324074,604.7391911733041,1394784
2011-07-29,571.3072509765625,588.5577470656816,566.1564104867041,575.243327115735,3160544
2011-08-01,556.6807250976562,574.3685676397519,541.5683321780909,570.6269348770735,2593034
2011-08-02,550.7523803710938,560.9083164465404,548.2741523551365,552.9876436929856,889329
2011-08-03,539.8674926757812,552.9875847570108,530.5862542151614,544.2408567028579,2793641
2011-08-04,531.5096435546875,547.0107451886847,528.3996832847971,543.0747286003733,1613713
2011-08-05,524.9495849609375,533.9878604610758,504.5405489785026,515.0851938424045,2813149
2011-08-08,510.2259216308594,522.3741578601655,500.50733264741444,511.19778052920384,2475847
2011-08-09,504.05462646484375,517.9036153571873,486.36678317391807,490.83731024723033,2478519
2011-08-10,508.03912353515625,518.9239525839237,502.45093614093884,518.0006749770221,1890494
2011-08-11,497.0086669921875,509.98299006030413,494.3846655913388,505.26949782393274,1291070
2011-08-12,509.93426513671875,514.307629229971,500.7016076065196,500.7016076065196,1480618
2011-08-16,499.00091552734375,518.000743310591,495.7451825972948,511.2948938258901,1003031
2011-08-17,500.45880126953125,510.03158864193074,492.87828331431024,492.87828331431024,755833
2011-08-18,481.3616638183594,508.087781486947,477.27987455151435,506.3384474666959,1335643
2011-08-19,471.05999755859375,476.21083761211133,450.8453156361187,471.4487351677459,2346519
2011-08-22,486.3668212890625,488.9422415636759,468.4360118755422,468.4360118755422,1398955
2011-08-23,490.3513488769531,494.67613242869123,485.0547361776489,487.9703125966785,935282
2011-08-24,478.9805908203125,488.7963701260646,468.1929527646597,485.9779560243323,1811965
2011-08-25,457.16241455078125,483.4997963224112,450.06785653860743,483.4997963224112,3883438
2011-08-26,449.5818786621094,471.15712583574515,437.5794167679246,456.87081952998153,3392638
2011-08-29,479.95257568359375,494.57904184937104,453.8581554603785,453.8581554603785,2550164
2011-08-30,506.24139404296875,511.29501356077634,482.38223698631157,485.92951652518866,3353328
2011-09-02,511.1492004394531,534.3280114829134,506.5328706633609,516.0570760221024,3181560
2011-09-05,519.0213012695312,525.3869660299695,502.2081519735996,508.28227088958414,2340532
2011-09-06,534.0850219726562,539.1872809620837,515.8140873597416,519.021209718156,3751549
2011-09-07,547.205078125,553.9595085577675,529.6630388841812,537.9238385732006,2725222
2011-09-08,537.778076171875,547.934013117059,533.0160033509075,542.4916272309368,2037983
2011-09-09,524.9982299804688,539.381730942078,521.0135725937814,534.5224360687259,1466448
2011-09-12,508.3818664550781,518.2736657180324,488.79307386425086,513.9856153198465,2079118
2011-09-13,517.1530151367188,522.7079888464102,503.85017718770166,507.7484377462138,1812757
2011-09-14,528.4578247070312,536.8878350076641,514.5702746801521,521.0511551524511,2547030
2011-09-15,536.351806640625,545.6589496763227,529.6760603992443,534.8412428359394,2090387
2011-09-16,531.5765380859375,542.8327529333409,527.7269940994688,538.8370598736032,1110785
2011-09-19,531.47900390625,533.7692673672141,524.3646912365441,530.163364937089,896507
2011-09-20,541.1758422851562,551.4574894226789,531.3327612209855,534.0615308690283,1849635
2011-09-21,542.296630859375,555.4045401861463,536.1081082788928,547.0719630067782,2132218
2011-09-22,517.7863159179688,540.2988006430147,512.8160587551864,534.0128451846343,4208511
2011-09-23,510.67205810546875,520.9049905675058,501.17004939072007,510.7207744587426,1992187
2011-09-26,497.759033203125,514.1804283223663,490.98579510831973,514.1804283223663,2149630
2011-09-27,512.3775024414062,527.9218246830584,497.1255675181463,502.9242108992477,2510872
2011-09-28,505.9941711425781,520.417721566605,502.2420601195489,519.4431565449447,1464818
2011-09-29,508.5766906738281,511.64659403110414,497.36922359355617,502.8755095619995,1717294
2011-09-30,493.1299133300781,511.54921649459,487.2825230534369,507.99203028320795,1940530
2011-10-03,462.38238525390625,484.2613520900294,452.1981689067664,481.58129828724145,3834633
2011-10-04,445.23004150390625,464.86752098070946,433.8763648118746,459.0201307796942,3398154
2011-10-05,434.3636169433594,457.0709687389633,429.8318660614929,448.44606284753553,3098196
2011-10-07,470.90985107421875,478.17034296009825,445.52241329856673,448.2999296807313,4208813
2011-10-10,462.9671325683594,480.36312531528233,456.9248468752727,465.3548289274656,2307699
2011-10-11,474.7106018066406,489.7676127156966,466.8166196184733,469.6428520770767,4010787
2011-10-12,503.4602355957031,515.9347146959684,476.3673415475937,478.0728302311601,2686938
2011-10-13,486.5515441894531,504.2399215669962,453.2701575807503,504.2399215669962,2610998
2011-10-14,511.59783935546875,514.3266090893374,479.58337749325136,480.752837490041,3219996
2011-10-17,509.3564758300781,515.544940452626,501.9497453437652,514.3754504302888,1079450
2011-10-18,502.33953857421875,506.57887250941957,486.113007614219,498.97727744489043,1856162
2011-10-19,516.4220581054688,520.8563173093589,503.5577871922714,516.6656993747234,2222521
2011-10-20,523.974853515625,528.9451108191323,504.1911380351527,509.307603869884,2009271
2011-10-21,516.1784057617188,530.1633905238041,512.767428065334,523.8287176590895,1285167
2011-10-24,517.8839721679688,530.8943938223788,509.7950334046763,523.341513506411,1911764
2011-10-25,525.436767578125,532.5023641513263,509.6975183150743,519.589377310648,2719454
2011-10-28,563.83447265625,587.1753123205566,537.1314319017586,548.6312850431946,6948247
2011-10-31,548.2415161132812,567.001891927323,544.4407483912407,567.001891927323,1484943
2011-11-01,541.8094482421875,549.7034013074456,531.6739479889918,543.0276545474884,1109330
2011-11-02,546.6822509765625,549.6546623426858,525.3879699461678,534.7438296756798,976839
2011-11-03,550.1419677734375,552.4809476739807,537.4726221914098,542.8327299376523,803398
2011-11-04,563.3472290039062,566.9044146848705,553.4066551193254,555.6482019773143,1384320
2011-11-08,558.8643188476562,568.1714028293618,555.5020576547792,566.2222728025029,876150
2011-11-09,553.7965698242188,569.925608927393,548.8750283945658,559.4003186609795,892650
2011-11-11,541.5170288085938,549.0699070392608,530.5531733124641,547.7054923399866,1210425
2011-11-14,531.8688354492188,554.3325462409091,527.2396518149837,544.92802991573,726658
2011-11-15,524.6083374023438,547.7055402303099,513.4495560473692,531.8688586845047,1366262
2011-11-16,536.2544555664062,540.8349235123163,508.6742746550852,519.4432073001263,1590140
2011-11-17,527.3858642578125,541.1272067227884,524.3159607687711,536.0107405628701,1189277
2011-11-18,523.000244140625,529.2374234146101,510.6719751460169,520.5638320454627,2026664
2011-11-21,504.09368896484375,523.4387782233789,500.4390706301542,515.1549766647493,1211775
2011-11-22,501.6086120605469,535.8158194035676,498.53870855011303,535.8158194035676,1486270
2011-11-23,487.3311767578125,499.95180437893237,477.5855275496462,499.2208806883199,1221482
2011-11-24,487.1363220214844,493.6658896877006,477.53685080698955,483.62788206728277,1703031
2011-11-25,474.8567810058594,488.25704932567584,472.66400982625305,482.4096595133923,1622950
2011-11-28,494.8354187011719,501.1213753552221,481.3376864131425,484.11520283566153,2207037
2011-11-29,479.0474548339844,500.92645285218765,471.64078399346516,500.92645285218765,1075923
2011-11-30,490.54730224609375,498.14889740452594,463.9416597088537,474.5156959836018,2453285
2011-12-01,508.0894470214844,517.0554570603414,505.6043181285849,516.2758169445121,2433615
2011-12-02,520.0765991210938,526.1676299386709,500.6827332048391,510.6233073956695,2717058
2011-12-05,514.911376953125,529.2862102284287,512.2800991261987,519.4431278465651,1657563
2011-12-07,521.24609375,528.99389780223,515.6423447065807,516.7144019523513,1904266
2011-12-08,515.3986206054688,524.2184804858817,508.6254421756294,520.9049360518649,1552219
2011-12-09,518.6148071289062,525.680403632119,500.9751443071101,505.11704570554514,1881203
2011-12-12,492.9349365234375,526.2650694875255,489.37778042795156,521.3922447700484,1866950
2011-12-13,507.2123107910156,514.5702638414467,484.55367701390645,486.30788192591274,1392982
2011-12-14,508.82037353515625,521.392286095791,501.0238533692379,507.35852600404655,1721492
2011-12-15,513.4007568359375,520.1739945158729,496.0535142081111,501.90090337362915,2015581
2011-12-16,503.8013916015625,519.930430549621,499.95184793243783,511.64662800103287,2128162
2011-12-19,486.2591857910156,499.4158124020495,480.5092288864375,496.1997302745354,1536140
2011-12-20,467.6937255859375,491.5705674750564,460.7255919624876,491.5705674750564,2302829
2011-12-21,472.2254333496094,480.4118027005726,467.79117473563923,477.53682420929835,2566024
2011-12-22,477.7804870605469,482.01985072164643,459.3612146703303,463.01583338828453,2552308
2011-12-23,473.930908203125,488.7443068681559,467.88862355026953,483.3841998137693,1106901
2011-12-26,476.7572021484375,479.485972207545,468.22975853702286,476.3673523616824,903295
2011-12-27,477.14703369140625,482.409678784418,473.24877366082507,477.2444961404435,586783
2011-12-28,443.3783874511719,478.65762489831314,433.87637808386205,476.9521360375139,4667061
2011-12-29,451.41851806640625,454.342213054553,424.8128758294526,438.5542482220151,5507587
2011-12-30,441.62408447265625,454.14724955567175,435.3381586272709,450.2489899028334,1575057
2012-01-02,448.8359069824219,452.198168189862,430.9526627016253,442.64744291343203,1507558
2012-01-03,474.41827392578125,480.8504094681945,451.22363667982285,451.71091922483345,2357829
2012-01-04,464.916259765625,482.2147899448589,460.5794630021296,473.5899127753478,1976173
2012-01-05,469.3992004394531,473.1512814309991,463.06452828847165,466.2318643639624,979963
2012-01-06,454.39093017578125,467.2552000419144,449.9079252381067,463.99040135136,1129321
2012-01-09,466.47552490234375,471.6407371763025,438.5542439836569,455.90148884913185,2030448
2012-01-10,486.84393310546875,492.1553242438538,467.79119928128677,473.63858927230285,2368766
2012-01-11,475.8800354003906,491.76546133642165,471.7868806082071,489.1341241732344,1749697
2012-01-12,475.0029602050781,483.1893000009339,471.8843701473706,475.5877051350741,881426
2012-01-13,490.4985656738281,498.8798308454374,477.58557907973426,477.58557907973426,3691637
2012-01-16,486.5028076171875,493.6658358043611,480.2655684943474,488.1595500943366,974474
2012-01-17,498.6361389160156,503.70385869124044,489.2315933194029,490.40108312826476,2762824
2012-01-18,497.5641784667969,505.7992651034669,485.62575650626223,502.8755699294584,2362446
2012-01-19,504.8246765136719,507.797087905479,495.17648883745557,505.4581675649365,2884243
2012-01-20,520.7100830078125,526.2651155686945,504.82468493441434,507.35853021628316,2597643
2012-01-23,523.6824951171875,532.745997483059,513.6932035589286,524.7545523399062,968478
2012-01-24,535.620849609375,538.9343940894512,522.3667906545132,523.7799216675669,1946010
2012-01-25,526.8010864257812,538.934432286091,521.489695404536,538.8369995814803,1411452
2012-01-27,515.8372802734375,536.9853542143605,509.7949649356407,536.9853542143605,2172281
2012-01-30,519.248291015625,526.0702469472789,505.89673679569813,509.6975646078566,1207566
2012-01-31,527.9706420898438,532.892183940512,522.3668927737078,525.0956631528448,1493588
2012-02-01,561.4468383789062,563.9807429136144,528.1654813534325,528.1654813534325,3328412
2012-02-02,557.9872436523438,572.654436709095,552.2860615333581,562.2266375842995,1782451
2012-02-03,541.7119750976562,563.2498990224047,538.4472058777346,558.4257899872252,1843964
2012-02-06,559.5465087890625,566.0273302364524,543.466186569375,548.6800854353954,2917593
2012-02-07,559.3027954101562,576.2114718916048,551.7011419368704,570.8026488300117,2494559
2012-02-08,566.5633544921875,584.5440911317683,561.5930966489929,562.3240204190349,2353799
2012-02-09,587.9551391601562,590.830118229946,562.2266550621349,563.9808604238375,2748231
2012-02-10,588.8322143554688,598.3829399367404,577.8196412010617,588.6372894491714,1625704
2012-02-13,590.3914184570312,598.8701451836782,576.2115107239215,588.149931030675,938478
2012-02-14,583.5695190429688,592.4868127226607,576.4552063305323,588.7834775624759,1482032
2012-02-15,594.9232177734375,599.2600439318426,586.7855643115479,587.6626966070373,1857850
2012-02-16,625.0371704101562,634.4417454218635,596.433714590139,599.3574092695023,4911592
2012-02-17,625.8169555664062,647.1111776025555,620.9928467886366,628.594442098868,3182952
2012-02-21,628.6918334960938,638.0476928254375,621.8698787588061,623.4292183883924,1170050
2012-02-22,597.21337890625,632.4926413691477,593.3638355252552,626.6452517725146,2015612
2012-02-23,591.99951171875,604.1328576720678,582.7898607188715,594.1922829338293,2026325
2012-02-24,596.8236083984375,603.2557133747716,587.2728241546279,597.603248473944,927498
2012-02-27,568.1226806640625,601.9888145343278,556.5253333297871,601.9888145343278,2337548
2012-02-28,578.5504760742188,584.738939389671,564.3217928594376,568.658618556455,1822219
2012-02-29,567.9277954101562,596.6287486620506,557.8410707133387,588.3449455543949,3288114
2012-03-01,560.1798706054688,574.9445520532282,548.6800171340171,562.6649991062461,2077822
2012-03-02,573.9700927734375,579.7687666637307,560.6185398156582,566.17357244571,1331822
2012-03-05,553.7965698242188,573.0442288722228,545.8538411581537,573.0442288722228,1262220
2012-03-06,532.94091796875,569.1460363699679,529.3350745710873,549.7034501145495,1914398
2012-03-07,523.146484375,529.1887993208815,511.9389867834896,529.1887993208815,1932333
2012-03-09,560.423583984375,566.4171824486552,531.1866343688152,532.7946903907616,3191239
2012-03-12,574.3599243164062,579.37895843064,558.4745249052669,572.8493602910565,2413664
2012-03-13,595.4591674804688,611.7344135781979,575.5780192739567,576.9424339581628,3824847
2012-03-14,589.4656372070312,606.6180175004584,585.7135856180439,606.6180175004584,1591665
2012-03-15,586.8342895507812,590.5863406944476,576.2115081445414,589.6117757758099,2137839
2012-03-16,560.5211181640625,588.2474465404166,551.798748978774,584.7877524732716,1999076
2012-03-19,563.8833618164062,565.3452095150136,543.3687776758292,560.5211596957973,908091
2012-03-20,572.7031860351562,576.8938039312432,563.3960420490534,563.3960420490534,1632004
2012-03-21,574.1162719726562,575.4806868947122,554.868611403358,571.0951439801886,2239841
2012-03-22,532.7459716796875,569.1459499968403,528.3116534214423,568.1713850139689,5312407
2012-03-23,522.2693481445312,539.7140239792335,513.1084143889434,535.7183317248483,3910390
2012-03-26,512.6698608398438,534.8899289706536,507.0173962382015,526.2650532794403,2240863
2012-03-27,519.7841796875,524.3159303882195,503.8500669344043,517.2016183222473,2696659
2012-03-28,512.6212158203125,518.9558886393847,507.9920318371443,518.9558886393847,1692482
2012-03-29,534.1104125976562,543.4662736228406,504.19125093015384,504.19125093015384,2877545
2012-03-30,531.2841796875,540.2014145223656,526.4600706219591,535.0362314702917,1556090
2012-04-02,528.7501831054688,540.2988130459062,526.5574120451895,529.6760316719088,754149
2012-04-03,528.5065307617188,536.4979747987713,525.4854033797367,531.6251503228516,1158278
2012-04-04,511.3542175292969,526.0701238011113,509.69744529431983,523.3413539637662,1491509
2012-04-09,493.7633361816406,507.99199069420155,492.5938760622701,506.77378448150563,1169532
2012-04-10,488.59820556640625,498.8798551956828,483.62791774309073,497.8078276665182,1120354
2012-04-11,474.8567810058594,482.4096595133923,470.8123423339691,482.4096595133923,1507531
2012-04-12,498.44134521484375,501.901039512998,468.61964643337075,476.07506369339717,3089792
2012-04-13,484.8948059082031,506.67636944013907,478.2190594230054,499.36713190916606,2980339
2012-04-16,488.40325927734375,494.6892156230669,477.6343275826633,482.4096902857034,1297369
2012-04-17,494.4942626953125,499.46455001938773,483.1405866772907,486.7952053359691,1504729
2012-04-18,502.0471496582031,505.7992008618735,495.5662690525292,495.5662690525292,2195141
2012-04-19,503.3628234863281,507.7483659949215,495.80994472152844,504.8246709891926,559421
2012-04-20,493.6171569824219,505.7992190994609,482.409659834746,503.36280667605314,972003
2012-04-23,472.2254333496094,491.1807334724212,466.91407223128226,487.2824736829575,1383976
2012-04-24,467.45013427734375,477.4881724376514,459.0688686481776,471.9331395898155,3257690
2012-04-25,468.27850341796875,475.3928163392192,460.67690797495146,467.6937584435756,1537601
2012-04-26,476.0263366699219,488.4520417387325,466.0370443597016,470.61748250103136,2369304
2012-04-27,468.6195373535156,485.38203576152284,462.91832674948665,480.3630324829321,1236685
2012-04-30,491.1807861328125,496.3459690110758,467.40140481592556,474.27207653492775,1946425
2012-05-02,492.3015441894531,502.3882987152289,489.52402776331684,491.1808002957815,1593368
2012-05-03,481.581298828125,494.543031442803,478.6088874127856,492.1553352465464,1162790
2012-05-04,472.95635986328125,486.11298673069865,463.50309766262086,481.43508685216176,1209223
2012-05-07,488.98797607421875,496.053572141061,459.9946680757972,466.81662289895525,1310692
2012-05-08,472.2254333496094,497.7590468671411,464.1852725338406,490.69345099873823,1167039
2012-05-09,458.0455627441406,474.5157057541145,456.0964326899102,465.84208296106215,1204479
2012-05-10,444.9376525878906,473.58988826542515,441.3317798214019,458.14302659033524,1802627
2012-05-11,445.9122009277344,456.29134190272555,434.8996283965355,441.2830172081074,2231073
2012-05-14,445.5223693847656,457.0709702093293,432.17084716163475,443.57323944783883,1244323
2012-05-15,454.58587646484375,464.08788563954823,440.503399688864,440.503399688864,1787834
2012-05-16,439.2851867675781,451.12614592019503,437.57969796703844,445.0838605859588,905960
2012-05-17,451.17486572265625,455.99894448965256,440.74700862481643,443.5732410955864,1675126
2012-05-18,459.4099426269531,462.7234577333171,436.6051271991965,441.47795227954464,1295084
2012-05-21,454.7320251464844,470.71488485369974,449.71302145294214,454.5371002541406,1076429
2012-05-22,450.34649658203125,461.7488893418764,446.7405941523871,457.89937540135963,669161
2012-05-23,442.89105224609375,450.3464681454923,434.0225052764089,450.2490057024791,973502
2012-05-24,456.1938781738281,459.94595933694455,439.0902447392676,446.0584082170681,1024060
2012-05-25,444.9864196777344,457.7532281224069,442.9885434269898,454.24478790031407,1198232
2012-05-28,442.35504150390625,449.07953396369714,437.09239652412913,446.35076389754994,1150589
2012-05-29,443.32958984375,451.1261094444011,441.47792238686776,443.9630511130305,817055
2012-05-30,442.16009521484375,449.1282281154276,435.6304986627288,435.6304986627288,1021970
2012-05-31,429.14971923828125,442.4525260217186,426.07984532539024,437.57970084526795,2732690
2012-06-01,419.0629577636719,429.78317296227743,414.28759512347494,429.78317296227743,2718488
2012-06-04,405.6626892089844,414.19013312629033,401.71571277809124,414.19013312629033,2567772
2012-06-05,402.3978576660156,412.72825197542005,398.6457766997849,410.2918396260965,2105215
2012-06-06,420.9145812988281,425.00776584283216,404.6393650454123,408.2939834806441,6185173
2012-06-07,429.39337158203125,431.24503924861096,422.0353875308233,424.91036635569355,4433050
2012-06-08,428.5162353515625,447.617685244436,419.30658435642755,447.617685244436,1969317
2012-06-11,421.0121154785156,438.7979282273186,418.088420232137,431.9272562948754,1822183
2012-06-12,421.0607604980469,425.3001238353168,414.1900897296639,415.1646546466749,2424066
2012-06-13,429.44207763671875,432.51195155521697,420.86591720704666,420.9146335623543,2738440
2012-06-14,422.6688537597656,429.53952513537996,420.03751635473344,426.37218887516445,1661024
2012-06-15,426.2259826660156,428.32129133976946,421.30441187178826,423.8870327571425,1185548
2012-06-18,418.5756530761719,432.31702505092636,415.6519581769204,428.85730157532794,1051932
2012-06-19,416.1880187988281,421.7430518286465,413.7028896620692,415.1647373287196,924592
2012-06-20,427.4928894042969,431.2936865835182,419.06290892876933,419.9887574845748,3852465
2012-06-21,428.223876953125,430.7577520309921,420.76846027009236,422.9612316322411,902721
2012-06-22,422.9124755859375,429.34458051816165,416.62651970783577,423.9357568956925,1002602
2012-06-25,417.4549255371094,433.1941444081659,416.1392568330413,423.935776867384,842614
2012-06-26,419.3552551269531,423.3509770752166,417.6497665903714,418.13704902939475,1445851
2012-06-27,419.01422119140625,423.8382999531931,418.08837257238156,422.52263129402843,1198198
2012-06-28,420.8658752441406,424.8615974460035,418.13707556760323,421.0120540368533,2024810
2012-06-29,458.3866882324219,462.431127338851,423.204883133606,423.93580693867267,6020991
2012-07-02,445.27874755859375,461.94381519425417,440.2110273464287,459.1662989647501,2561563
2012-07-03,438.8953552246094,451.2235965692103,435.63055651498274,445.42492290249896,3326935
2012-07-04,454.2934875488281,460.6769064070676,440.79575579355134,441.47796321824904,4255304
2012-07-05,458.67901611328125,468.13230860899193,452.05198594030895,455.99896233516745,5107377
2012-07-06,444.01177978515625,454.147248920079,441.5266214151333,453.1726840082333,3068653
2012-07-09,431.68359375,443.5245529660108,427.931512420452,439.72375528130374,1551944
2012-07-10,443.18341064453125,446.35074672940146,430.17296262456125,430.17296262456125,1679524
2012-07-11,440.94195556640625,446.83806204581964,437.77461924874234,438.8953630744121,1001972
2012-07-12,433.5839538574219,439.77244743160173,429.78315638190884,436.6051112451138,875689
2012-07-13,420.135009765625,438.749208645727,415.5545420167438,434.9483810602714,2245575
2012-07-16,408.2452392578125,420.47604685516285,406.05246818664114,420.1349431847084,1917595
2012-07-17,405.0779113769531,414.0439207218127,403.22624393916044,404.63937499875476,1491605
2012-07-18,415.70068359375,417.6010972162502,402.5440562602159,404.4444698827161,1853028
2012-07-19,414.7261047363281,424.9103204134241,412.8257209187459,421.01206059311744,1074866
2012-07-20,415.74945068359375,421.4019160009833,412.4846518617546,416.0418082981135,912133
2012-07-23,404.49322509765625,410.2918992279468,402.3004536647278,410.2918992279468,2076389
2012-07-24,404.2008361816406,409.9995098630704,402.20298981616713,405.56522124157595,1129223
2012-07-25,385.7327880859375,397.57377579966123,384.9531480370905,395.8195410777133,4562354
2012-07-26,382.7604064941406,395.18611033322475,379.30071261588233,388.85143778780935,2375596
2012-07-27,384.8069763183594,394.69880460905466,380.32397160168784,393.2856735355145,1195130
2012-07-30,393.1395263671875,396.258146353494,384.0760835028662,386.1713923649013,1375793
2012-07-31,388.5103454589844,397.13525197154735,382.41931398702815,393.7242743472519,1464427
2012-08-01,389.8260192871094,393.72427947998045,386.07393790319793,386.07393790319793,1296535
2012-08-02,394.8450012207031,398.4996199468136,388.8514324581546,388.8514324581546,1010661
2012-08-03,386.26885986328125,392.6035326283817,382.56549486348064,390.8005813546571,791190
2012-08-06,389.5335998535156,395.33224312539693,387.14590396774315,391.77508721216554,769395
2012-08-07,396.79412841796875,399.4741821316054,390.50820209807523,391.72640833154645,1509761
2012-08-08,401.08221435546875,409.0736592620167,398.64580185241925,400.5949318548589,2992102
2012-08-09,397.4763488769531,404.93176532270854,395.9657552529525,402.49535277564047,604783
2012-08-10,399.6690979003906,402.2516891081121,392.40857701812683,393.72424566850947,675025
2012-08-13,397.2326965332031,404.9804703717762,394.162822757868,399.4741841173873,840038
2012-08-14,407.3681945800781,409.90206968124164,395.67341387442997,396.64797893323396,1640363
2012-08-16,407.9041442871094,412.24097017246606,399.7665508202931,405.22409069851767,1887826
2012-08-17,391.2391357421875,415.1646948766807,388.5103358653159,406.39360977365226,3744000
2012-08-21,394.11407470703125,396.64794962094135,386.75612095336004,391.62894588727823,1143141
2012-08-22,393.7729797363281,395.4784685009799,387.9743357813305,390.89803080644776,1062866
2012-08-23,397.4275817871094,405.1266688222319,394.1140668464058,397.03776174844353,1643922
2012-08-24,386.7561340332031,398.98691313442964,385.48918166271903,394.6988329958341,2322911
2012-08-27,367.9469909667969,388.900137732952,365.4618622003793,386.90229144946824,3223645
2012-08-28,350.0150146484375,371.9914732964182,334.0321545580466,371.9914732964182,7738750
2012-08-29,350.4535827636719,359.0297429360238,346.9451427872138,350.8434028185308,3824734
2012-08-30,343.9239807128906,350.697219323222,340.36682443018213,347.7735243388539,3785461
2012-08-31,343.19305419921875,348.9429816738347,336.22492049094,341.43884911928956,3119474
2012-09-03,335.7376403808594,350.161190393274,327.79494162926557,343.0468778347242,3994885
2012-09-04,343.97271728515625,345.0934610498655,331.3520890554691,337.54058254933636,2356594
2012-09-05,327.2589111328125,342.85195094362166,323.0682935802028,338.1740508969242,4323150
2012-09-06,333.8859558105469,337.1994706723496,327.25889634557956,329.79277114861526,3550918
2012-09-07,338.5151672363281,344.4600198345423,337.34567731028574,340.22065602934407,1941483
2012-09-10,335.4940185546875,341.73122892812836,323.6530591422068,331.54704199764893,2676035
2012-09-11,325.066162109375,333.3987111721543,322.14246694517846,331.5470435164362,2939651
2012-09-12,337.8329162597656,340.95153583282996,312.250587663311,325.99195868625014,6373979
2012-09-13,333.2038269042969,338.0766527722783,327.25897339708575,335.73770230392097,3996302
2012-09-14,363.7076721191406,367.50846969409434,339.14862207251633,339.14862207251633,8390121
2012-09-17,384.612060546875,390.70309162655235,367.8982772125128,368.38555969888705,8042901
2012-09-18,394.8450012207031,398.25597869840624,379.69052746631036,381.05491250911894,5533680
2012-09-20,390.4107360839844,407.17323585857315,384.0760637278133,384.0760637278133,6836526
2012-09-21,416.0417785644531,421.0607821974421,385.0993408547341,388.26667699824867,8734856
2012-09-24,433.2916259765625,443.3296340671766,416.57784136369025,417.99094283745205,8229631
2012-09-25,414.23883056640625,434.6559786812759,411.07149439888576,434.6559786812759,5395979
2012-09-26,413.1668395996094,419.9887945327889,407.85544850508865,409.31729599076994,3696751
2012-09-27,414.48248291015625,422.47392781261505,409.41476275122443,414.0926628581405,4521108
2012-09-28,416.285400390625,432.56064648091774,415.0184778888537,421.6942535513281,3800215
2012-10-01,425.59259033203125,429.8806708163573,412.58214032121225,418.4295309111204,2867850
2012-10-03,404.8342590332031,425.05648098401105,403.7622316803098,424.52048217824483,6500639
2012-10-04,405.6139831542969,413.2642949555667,401.9593642397929,407.3681883367129,3527800
2012-10-05,405.808837890625,412.1435100446904,324.5301272775044,412.1435100446904,2713927
2012-10-08,409.4147644042969,413.8490232789366,405.1266843320828,408.8300194532305,2916601
2012-10-09,413.5566711425781,421.01208757850804,409.41476981802106,413.02064253811113,2222722
2012-10-10,405.5165100097656,418.62439165936456,404.44448254150325,409.7071276913608,1969946
2012-10-11,407.70928955078125,411.2664459908175,404.444490725567,407.611827098719,1745669
2012-10-12,407.3681945800781,417.1138451681183,405.4190644624701,407.3681945800781,1977367
2012-10-15,411.0715026855469,413.1180951217816,406.53978141047503,409.31729759241045,845586
2012-10-16,401.86187744140625,413.7028360587734,401.2771325022378,413.7028360587734,1254063
2012-10-17,402.30035400390625,406.19861336340676,399.5715843487994,404.444408548175,1344058
2012-10-18,406.5397644042969,410.3405617746749,394.698806167543,402.39786335192144,1689982
2012-10-19,397.13519287109375,406.39355933066525,394.7962430822109,404.4444295497028,1025859
2012-10-22,390.2645568847656,396.4043043425114,388.21796448506274,396.4043043425114,1935785
2012-10-23,380.811279296875,394.5039058497756,379.73925183298724,394.5039058497756,1389802
2012-10-25,377.4490051269531,384.8069885760245,372.23510627332075,382.9065749671224,2669564
2012-10-29,378.6184997558594,386.22009480421934,374.4765985358789,377.5464723153565,1124215
2012-10-30,370.1884765625,382.02943393649434,365.5592933706675,377.40025074466183,861050
2012-10-31,378.4723205566406,382.224401723768,362.53817699063444,368.1906420471689,1660695
2012-11-01,381.9807434082031,384.7095133670803,372.8685551927181,376.766814986178,1772036
2012-11-02,378.9596252441406,389.7285571388235,377.15667395525463,383.88116684494355,1779379
2012-11-05,370.6758117675781,382.9553369831659,369.4576054910588,377.2053795649033,1349306
2012-11-06,376.7180480957031,379.787951306656,370.821942380158,372.2837897219983,2524394
2012-11-07,376.8155517578125,385.14810036271604,374.96388420384403,375.98716555853713,2897137
2012-11-08,374.03802490234375,379.1057746606768,372.28381984673143,373.94059219809185,1450358
2012-11-09,373.45330810546875,379.30069792084856,369.55504822854886,374.1842318323912,1778063
2012-11-12,369.55511474609375,375.20758068849005,366.1441367398348,371.9427815056543,964048
2012-11-15,358.73736572265625,370.0423251438514,356.0085660050645,365.51057431204697,880961
2012-11-16,361.6610412597656,374.0867437664256,357.37296163711187,360.589013918762,2825970
2012-11-19,362.4407653808594,366.2415634341552,357.4704772766876,361.5636627133861,1238587
2012-11-20,359.71197509765625,366.68010943499155,355.7162523422509,365.12079936686195,923030
2012-11-21,366.14410400390625,370.91946683744334,357.95773372771095,361.07635380829635,1604061
2012-11-22,366.53387451171875,370.724491795772,362.9767184811115,369.2626444071914,1132902
2012-11-23,365.802978515625,368.28810736783873,361.6610772676931,365.9491573172793,848169
2012-11-26,362.927978515625,369.165188197237,361.7585184298387,369.165188197237,542466
2012-11-27,370.334716796875,373.4533368348683,364.5360428873253,364.5360428873253,1844184
2012-11-29,371.45538330078125,375.54856753064763,368.2880475666623,370.432102113994,2016889
2012-11-30,392.79840087890625,395.86830434013353,370.6757938136563,370.6757938136563,4170136
2012-12-03,394.3089904785156,403.567357638766,392.01875686428644,394.6988105159379,2901408
2012-12-04,397.91485595703125,405.5651967391282,394.79626597149957,396.4530085365552,2474467
2012-12-05,393.9191589355469,404.44444834533874,392.1649242063405,401.3745747459296,2251447
2012-12-06,397.2814025878906,399.27927861374366,389.3874204121119,397.42758138457197,1191938
2012-12-07,399.376708984375,403.22625247555055,393.7242441090572,401.2771225542186,1640157
2012-12-10,399.620361328125,402.4953399385168,393.7242550488155,402.4953399385168,2216921
2012-12-11,409.4147644042969,412.2409969695268,399.03565305298224,400.5462169136537,3700861
2012-12-12,402.495361328125,411.99737046359525,399.08438368975106,410.68170171194953,3200701
2012-12-13,409.5609436035156,411.85117731494904,401.52078230731337,401.52078230731337,2496794
2012-12-14,420.232421875,421.49934442412297,409.31728244654715,409.6096400374641,3233996
2012-12-17,430.51409912109375,438.55426056478143,419.2578849964767,419.2578849964767,3228561
2012-12-18,438.1644287109375,441.4779437533078,426.95693124258645,430.0755213889617,5183344
2012-12-19,448.933349609375,452.0032233311482,439.7724447962411,440.0648023920813,4046586
2012-12-20,458.82513427734375,462.82085623944954,445.42486715777926,451.1748237512621,3870176
2012-12-21,442.98846435546875,459.9946337937523,439.5287708495388,457.1196554359972,3224329
2012-12-24,434.1199951171875,448.29990410033747,431.9759402010317,445.8147752241528,1752116
2012-12-26,442.89105224609375,445.76600099613006,433.5352228027049,435.5330690483465,3380584
2012-12-27,435.24072265625,448.1537085415628,433.38905515681734,445.0838348265346,2066092
2012-12-28,434.4610290527344,439.43131608858243,429.3933093180619,436.21526375198954,1355342
2012-12-31,436.4588928222656,442.8422809682015,434.36358425277706,436.5076091703206,1148699
2013-01-01,449.32318115234375,452.97779990070796,439.52881480327295,439.52881480327295,2851834
2013-01-02,454.2934875488281,462.9183941030205,451.4672548804721,451.4672548804721,2191300
2013-01-03,454.4884033203125,458.3866634028431,449.0795496109828,456.5837121663999,1171006
2013-01-04,446.1558532714844,452.8803756876849,442.1114143957132,451.223603260808,2923989
2013-01-07,446.7405700683594,454.14726968531943,442.93977268664736,449.7130110302158,2531742
2013-01-08,444.1579895019531,447.95878697454197,437.677138335167,446.54568559878305,1747950
2013-01-09,437.14111328125,446.0584067106727,435.3869082001561,444.15799308835176,1206219
2013-01-10,436.9949035644531,442.4524730570413,434.85087858828854,439.57749465054474,1366611
2013-01-11,421.0121154785156,438.603003314347,419.25791022723485,438.067004415724,1119974
2013-01-14,435.484375,437.8233250452915,412.72827636434266,422.1815687348765,2197163
2013-01-15,432.1708984375,435.72805504616554,427.9315343734231,431.7323322531118,1060446
2013-01-16,418.6243591308594,433.6813993881849,417.1137953666138,429.7831396184034,1188433
2013-01-17,420.6709899902344,423.6434311817749,411.4126221889699,416.67526741194206,1237553
2013-01-18,412.0947570800781,423.83825174883714,409.3172412802616,421.9865844627459,1157208
2013-01-21,413.11810302734375,420.7684443270168,409.5122303243683,412.241000463991,1283913
2013-01-22,415.7981262207031,418.770567136223,410.14566145820635,412.2896864840602,987168
2013-01-23,415.21337890625,420.0374872339033,411.0714779300456,417.8934324790881,1362831
2013-01-24,408.19659423828125,417.99096150447696,405.7114354118702,413.3130609650869,1250159
2013-01-25,422.42523193359375,427.8340560532102,402.98264733030163,408.440217547135,1712962
2013-01-28,419.5989685058594,425.59256732966736,416.139274490366,421.3532034328391,1147291
2013-01-29,422.473876953125,431.0987821194712,405.5164539302681,418.08833497783303,1825563
2013-01-30,414.6773681640625,426.37214705470586,412.8257007879828,422.86370743924067,1670768
2013-01-31,409.51220703125,417.113801803079,407.3681522282407,414.1901069306275,1573443
2013-02-01,405.3215637207031,414.09264842140226,403.4698962321614,411.5100572078023,792165
2013-02-04,408.3914794921875,413.80033345968303,404.34704041179276,406.0038129224921,944586
2013-02-05,403.0313720703125,406.3936334522551,399.0843954405239,406.3936334522551,1062998
2013-02-06,413.7515563964844,415.6519700317446,401.6182400633534,405.41903759251056,1457573
2013-02-07,408.58636474609375,413.75154720412064,405.0292085445196,412.4359082842538,727122
2013-02-08,403.7135314941406,412.38715362142125,400.156375366484,412.14351238334393,1065875
2013-02-11,395.42974853515625,406.8321709255065,393.33443973456735,406.3936047791994,1248554
2013-02-12,382.2243957519531,393.67553422798846,380.1290572589926,392.06747822336985,3422803
2013-02-13,379.34942626953125,387.48704996822295,376.4257312693807,384.95317501981975,2821078
2013-02-14,380.3727111816406,385.5379235750481,378.1312235571002,379.9828911262463,1646717
2013-02-15,376.37701416015625,381.78583800302835,373.8918555702004,380.3727068592478,1253433
2013-02-18,368.87286376953125,377.1566665226119,367.6546574823135,376.279563944088,1853230
2013-02-19,366.2902526855469,373.3558487713397,362.9279916171417,369.36012641592913,3020916
2013-02-20,360.9788818359375,369.65250467081654,359.4195718367609,368.28811957454866,3970589
2013-02-21,346.262939453125,359.51702966358613,344.8010919242071,357.6653620752297,3893450
2013-02-22,348.4069519042969,352.6950315179238,343.1930237387157,344.898512314471,4141145
2013-02-25,348.0171813964844,354.74167421772324,343.144356201186,348.89428398336514,1576602
2013-02-26,344.5086669921875,350.3073396202825,342.3646124722133,347.529823909839,1807597
2013-02-27,349.7226257324219,354.64416665713975,343.5341325732556,346.0680073007915,2240394
2013-02-28,340.0257263183594,355.32640888439795,330.280076210402,352.79253390805627,4308020
2013-03-01,349.7713623046875,357.5678820762776,341.29266489790086,341.29266489790086,3232222
2013-03-04,334.2757873535156,350.74592952849207,332.32665739810153,350.74592952849207,2670303
2013-03-05,343.6803283691406,346.6527693521067,332.86265132793386,337.1507609596644,2734124
2013-03-06,346.1167297363281,349.96627311521587,342.0722912158095,346.21419217782426,3620264
2013-03-07,338.5151672363281,344.7036610906875,333.4961633080111,343.24181355381666,2206262
2013-03-08,357.8602600097656,360.5403136108314,341.00026860188007,341.09773104473663,5516294
2013-03-11,353.9132385253906,359.7119115939527,351.4281099196415,358.73734669109257,1365047
2013-03-12,356.4471435546875,359.4195548648184,348.5531612214717,356.5446060015397,2663123
2013-03-13,345.0934143066406,353.9619602607331,343.5341046210817,352.7924705612244,2173367
2013-03-14,350.8434143066406,353.52346816592745,337.5893238178946,344.4112790960793,1752789
2013-03-15,347.6760559082031,356.4471407103722,344.1188996867071,353.08487963966223,1235519
2013-03-18,345.0934143066406,349.0891360817107,341.0976925315705,343.8264621752797,849219
2013-03-19,332.5702819824219,347.38368079803695,328.81820105793764,345.6294460812249,1999623
2013-03-20,329.1105651855469,335.93251920693575,325.9919457363683,330.3774876072611,1375243
2013-03-21,333.00885009765625,344.8010620149371,330.5724377608029,331.3520778120514,2354683
2013-03-22,343.7778015136719,348.16334398514323,333.2037653841849,333.2037653841849,1699217
2013-03-25,341.63372802734375,353.5721485495735,340.80537162093145,350.2586336998392,1905113
2013-03-26,343.97271728515625,345.5319974405625,336.7121963784252,341.00027628851757,921722
2013-03-28,338.90496826171875,344.94728297126926,330.4749872208788,343.43668942320033,3642487
2013-04-01,333.73980712890625,343.9239938692187,329.500443291129,343.9239938692187,1826776
2013-04-02,342.0722961425781,344.6061709511659,332.08300544325783,332.8626455037332,1611068
2013-04-03,335.68890380859375,351.3306591211895,332.42410532757253,343.0468571724236,2465086
2013-04-04,321.3140869140625,335.2503542797269,318.19546707072914,335.2503542797269,1743237
2013-04-05,327.0152893066406,331.83939818115044,319.60861874972744,319.60861874972744,1631554
2013-04-08,322.1911926269531,328.4284026337426,320.2420626409962,328.4284026337426,755540
2013-04-09,324.1890563964844,334.56816818147956,322.72720882841844,323.79923632660643,2824186
2013-04-10,320.1445617675781,329.15928687062257,314.00481494529174,328.428363213619,1997283
2013-04-11,321.6551818847656,327.3563933583247,317.7082053407289,325.26108445542417,1335955
2013-04-12,319.5111389160156,324.9199627308352,316.7823390906892,319.6573177166988,1430794
2013-04-15,321.2653503417969,324.28650782806216,316.73362898308096,316.73362898308096,1097541
2013-04-16,329.1105651855469,332.13169245907454,317.12339956029086,320.2420190094695,1886557
2013-04-17,327.8436584472656,335.54271596131383,324.62760585955033,327.9898372482775,2226972
2013-04-18,328.8669738769531,332.13174286096796,321.8988102760093,331.35210275104043,1511498
2013-04-22,332.8627014160156,335.25039783200543,327.06405685647405,328.47715842112024,1503822
2013-04-23,321.5090026855469,338.85627834692235,318.73148635653314,332.86267952170556,4719532
2013-04-25,320.8268127441406,323.94540292700253,316.39252410996465,322.7759427614407,4734175
2013-04-26,306.9392395019531,317.2208877141148,304.9413635317477,315.759040305294,6405623
2013-04-29,293.63641357421875,307.96253053024014,287.49666615955965,307.96253053024014,7631742
2013-04-30,296.8037414550781,301.3354922325217,290.7614566540897,294.3186127472996,4488540
2013-05-02,298.0706787109375,304.30788808285854,294.80588036850185,295.5855203869819,3823519
2013-05-03,310.3502197265625,312.8353484485341,296.5113855622009,298.2168742219671,4210766
2013-05-06,318.29296875,319.218787753501,310.00916537028576,310.00916537028576,2095910
2013-05-07,324.57879638671875,329.5003664964499,318.2441251546479,319.364898473408,2802665
2013-05-08,321.16790771484375,329.9877394649373,317.7082136043488,325.50473418359667,2235141
2013-05-09,309.7654724121094,321.75260928858717,308.7421613793514,320.63186555482895,1707986
2013-05-10,303.4794921875,310.39890865845643,301.5791085507332,309.9116262272815,2971534
2013-05-13,296.6575622558594,304.89264790839917,295.6342809637893,303.18715926070786,1482205
2013-05-14,297.4372863769531,300.1660568150889,292.80810205918795,297.33982391672674,1397226
2013-05-15,304.7464294433594,307.280274168411,296.26770365920095,297.1935521296791,2111542
2013-05-16,300.507080078125,306.7442892244893,298.36302549280015,302.21256858056455,2629501
2013-05-17,304.6490478515625,305.9159705502634,298.8991198675599,300.2635050218606,1981775
2013-05-20,299.9710998535156,308.4011110300962,298.80163967981525,302.1151547840123,1856873
2013-05-21,295.14703369140625,301.53042292319935,294.3186474440357,300.06857533655676,1495492
2013-05-22,295.6343078613281,302.0176969126331,294.4648179285349,295.3906666037766,1884104
2013-05-23,283.6958923339844,297.2423405965028,282.1852986599044,292.4182316968332,2152667
2013-05-24,287.5453796386719,289.835613243639,282.08783965410635,288.37376580319557,1382998
2013-05-27,298.8016662597656,300.40969272999837,287.1068850342669,289.4458353310933,2559882
2013-05-28,298.606689453125,304.25918390802053,297.33976693706575,299.3863592441596,1941579
2013-05-29,292.564453125,300.55586905124386,290.46911437973773,300.55586905124386,932291
2013-05-30,288.7635803222656,293.4902262376701,287.3504790016514,290.9076350904991,1370531
2013-05-31,277.21502685546875,291.10257814098344,275.55825445468645,291.10257814098344,1529559
2013-06-03,283.0137023925781,284.8166537968797,274.63243648655225,280.5772896141617,1548524
2013-06-04,277.5561218261719,288.3738001210819,275.55827531635737,281.94166466940305,1942368
2013-06-05,280.13873291015625,281.55183437467724,275.80190658149843,277.7510366633465,1491973
2013-06-06,277.653564453125,281.1132880716356,275.60697199083705,277.7510269020651,1355644
2013-06-07,272.09857177734375,278.8717809782682,270.92908182973423,275.80190704249924,1185820
2013-06-10,260.4524841308594,275.75316581544723,257.5287892669021,274.8273172119826,2413307
2013-06-11,220.39785766601562,260.01391696612177,197.59304376651292,258.5520695399823,26550601
2013-06-12,229.5587921142578,234.5777959901057,213.08863444861765,215.42759940556851,13913264
2013-06-13,230.7769775390625,233.6032098772695,221.51861073852703,226.00160047743057,7180161
2013-06-14,236.9654541015625,239.74297006892593,227.07362612219407,233.067194425645,4708500
2013-06-17,234.57778930664062,238.03749798329775,231.50791554704267,235.84472676339018,2452081
2013-06-18,233.74942016601562,237.55021770095829,230.5333527060817,232.14137900070781,2751834
2013-06-19,239.54806518554688,252.31485697497513,233.1646618554923,233.1646618554923,8592429
2013-06-20,216.30467224121094,234.67522618592034,213.08860516159783,233.89557130742628,5358755
2013-06-21,199.2498016357422,214.40428962667275,190.9172683147512,212.2115184827636,17208324
2013-06-24,202.1735076904297,204.65865143195407,190.38128003033097,197.25195143185823,10618527
2013-06-25,202.36843872070312,208.36202305709924,196.6185105319817,205.53577532159005,3974615
2013-06-26,196.17996215820312,205.92561338443593,194.52320442388026,203.63537939799775,5225030
2013-06-27,196.13119506835938,202.02731595635183,189.69906048678928,198.81124866556678,5170379
2013-06-28,211.9191436767578,214.35555603190718,196.86211829607075,196.86211829607075,6179943
2013-07-01,217.96144104003906,220.73895704382974,208.60562661754346,209.5314603285801,4571090
2013-07-02,208.6056365966797,217.47416897754178,205.14592794928936,212.55262773326072,4973120
2013-07-03,210.7984161376953,212.45517369235247,203.00189600219613,205.3408460945731,5354085
2013-07-04,211.3344268798828,214.30683824292421,206.07176694050025,211.96788818365317,2769530
2013-07-05,218.1563720703125,219.22838460304897,210.2136587302374,215.08648352635177,4146462
2013-07-08,216.10977172851562,218.20508036520982,210.99330588150454,214.40428311284526,3643233
2013-07-09,211.5780792236328,218.93603348659374,209.23911417104887,217.32800709537187,2377874
2013-07-10,213.2348175048828,215.7199611419688,208.06962021167456,212.0166112975545,2885008
2013-07-11,216.1584930419922,222.00588231344005,214.5991832880008,215.71994182076958,2527943
2013-07-12,216.8894500732422,218.20510393934686,213.81956131096683,215.8661538191504,1686219
2013-07-15,218.01019287109375,220.64151546147286,214.25812645150867,214.8428565434362,2074694
2013-07-16,210.7984161376953,215.76868880166683,209.62894109150685,213.77084241349078,1330054
2013-07-17,208.6056365966797,215.0377565315882,206.21795537378148,211.9678827979593,1794827
2013-07-18,210.7496795654297,215.2814008309339,207.63107456449376,208.65437078045068,2510261
2013-07-19,205.09719848632812,212.4064358869149,201.10149096308297,211.77297459380333,2471795
2013-07-22,206.21795654296875,208.3619965334276,203.48917161389318,205.1459291123986,803400
2013-07-23,204.999755859375,209.97002848936242,201.6374946773847,207.67980963762804,1250062
2013-07-24,196.81338500976562,206.5590343281069,190.13762414911028,204.65863568516647,2090704
2013-07-25,191.55075073242188,200.80911808782108,190.77109577046247,196.13120318674623,3418590
2013-07-26,185.11862182617188,195.83883700281515,182.43856803201106,192.62276947568577,2240010
2013-07-29,194.52317810058594,197.1057693777824,182.73093576432237,183.31568070704083,2238159
2013-07-30,197.3981475830078,204.36628152095287,193.25624625203915,193.93843879123875,4250828
2013-07-31,194.7180633544922,197.1057443039392,186.67790320365165,194.91297335370996,3828059
2013-08-01,197.20323181152344,202.6120556132289,191.74566191546623,194.91299813516264,3073422
2013-08-02,182.24366760253906,201.5400589110621,176.9810221868886,197.83670868083118,4112449
2013-08-05,196.32611083984375,198.71379204959555,180.44069880555423,182.2436499539055,2833041
2013-08-06,191.45327758789062,198.27523210015423,187.4575702959732,195.8875509949981,2166002
2013-08-07,198.4214324951172,202.56333358953808,184.58259811838954,191.45328408444746,2845287
2013-08-08,202.124755859375,204.95100301342342,196.131187626755,198.81124112227587,4197973
2013-08-12,220.83644104003906,223.85758370096815,203.29427055613885,205.43831064114576,5071690
2013-08-13,220.34915161132812,224.73469409467066,216.98689047755346,221.12879171182144,2697076
2013-08-14,219.22837829589844,230.97188869081216,214.89156732626194,230.97188869081216,3811021
2013-08-16,207.72853088378906,219.7644149923996,204.02519565407715,217.03562992523115,3432703
2013-08-19,213.42974853515625,215.86616118966717,194.13335733729326,205.63322804072132,2914337
2013-08-20,215.28138732910156,219.1796470534542,207.92343399593057,210.01874264949782,4762409
2013-08-21,215.37887573242188,223.41903738306658,212.30900177772142,217.32800582954786,3643063
2013-08-22,225.0757598876953,230.5820604756992,211.72422377888225,214.40427724443774,5897113
2013-08-23,234.4315948486328,238.6709433348882,227.0736267169309,227.95072919803738,4934584
2013-08-26,237.84259033203125,241.49720906832343,232.67739287726863,236.8192941117331,2910857
2013-08-27,224.29611206054688,238.378587155994,220.49531479250632,235.2112511424,3844665
2013-08-28,232.385009765625,234.57778090701507,220.6414991231553,221.22624404246505,4409783
2013-08-29,237.30657958984375,239.69426088673453,231.94647204263987,235.2599871235477,4868128
2013-08-30,216.20726013183594,240.13281997388128,212.06535871069488,239.74299990604683,9594061
2013-09-02,222.15206909179688,225.02703261292072,216.35341082973073,216.93815572619135,2781583
2013-09-03,214.01446533203125,228.34056687948552,212.65006550280467,223.1753697581093,3006650
2013-09-04,220.34915161132812,221.17752293577269,211.57806664464303,216.35342917823223,1565680
2013-09-05,221.2262420654297,226.44017045885644,218.6923672653066,226.09906678052727,1856120
2013-09-06,227.3660125732422,231.4591825108772,221.22625023144894,223.1753801894353,2077577
2013-09-10,230.97190856933594,235.35745113710814,226.78127603043944,233.99306606429624,3054440
2013-09-11,235.06507873535156,237.1116712159209,225.27069735665316,233.8956036910328,4438740
2013-09-12,232.57992553710938,239.93789407887454,230.28970676628273,237.98876412718477,2006192
2013-09-13,236.79885864257812,238.17245279385355,230.5685948776749,233.51202374845374,1521236
2013-09-16,237.58377075195312,244.0593205210333,233.75731905180376,241.85174877762697,1756330
2013-09-17,242.78379821777344,245.77628694120813,235.22900117427005,238.51583575052734,2773667
2013-09-18,244.40269470214844,248.1310256282059,240.8705743846653,245.18759702065395,2329326
2013-09-19,254.9009246826172,259.6104287755385,244.059307136415,249.21030758854033,5744048
2013-09-20,255.83303833007812,260.9840391018247,247.29709718825183,253.72358685959406,4578762
2013-09-23,248.1800994873047,257.84434830045444,246.56121965206702,253.03675396407058,2008077
2013-09-24,243.12722778320312,247.10085975398934,238.41773859453252,244.30459633760742,1881522
2013-09-25,240.3800048828125,245.4819448493801,236.55355365064983,244.1083508098992,1541831
2013-09-26,231.1082305908203,241.90080330813174,229.3912303857935,240.9687204767565,3375492
2013-09-27,231.50067138671875,234.49316031804244,226.64401687643434,228.41007714500677,2406595
2013-09-30,231.05917358398438,232.9233392720366,226.8402557430172,229.4893388153744,2573500
2013-10-01,228.11572265625,231.01009119681774,224.28927136140487,230.17612872027584,1536311
2013-10-03,236.5045166015625,237.92717091799545,228.6063126758472,230.56859862156261,1302972
2013-10-04,231.84408569335938,237.4365976013287,230.96104804196196,235.57243195569012,2038997
2013-10-07,236.16111755371094,236.9460349494105,229.83274818591886,231.54974843917546,1447185
2013-10-08,239.7423095703125,242.63667856532427,236.89698575081658,237.43661742098433,1536960
2013-10-09,244.59893798828125,245.2857350522168,238.5158547531969,239.93850902228914,1270584
2013-10-10,246.95367431640625,252.49714089460818,243.5687341770387,243.5687341770387,2703849
2013-10-11,249.70086669921875,251.07446076336714,247.24800946248772,250.19143814656493,1535514
2013-10-14,247.6895294189453,250.68201834645012,244.30458930828212,248.91595808013147,1023812
2013-10-15,246.6103057861328,252.64432941281314,244.3046136846232,248.3273060831131,2603799
2013-10-17,248.52352905273438,249.6027773881609,245.38387439440962,245.77632561255484,1588836
2013-10-18,251.0254364013672,254.41036170334783,247.39519541327581,249.2103159073215,2767220
2013-10-21,241.60646057128906,252.20279285503446,240.57625744063216,251.0254392357893,3886133
2013-10-22,242.48947143554688,245.53102053549676,239.49699744782092,243.3234489222905,2030141
2013-10-23,241.21400451660156,244.79517035908455,238.4668012137518,244.010252990977,1689276
2013-10-24,236.94601440429688,244.89327801870064,235.17995415986798,241.36115752984279,1918170
2013-10-25,233.85543823242188,236.65168677819477,231.15729500325887,235.4743181814981,1479152
2013-10-28,233.80638122558594,236.65168995336649,231.79503506992182,233.51203532969902,932748
2013-10-29,235.91580200195312,237.387516318835,232.72708764870907,232.8252079249221,1341720
2013-10-30,235.5233612060547,238.7120756996539,232.13842112244453,234.7875040152241,1462460
2013-10-31,235.3271484375,237.43659984439026,231.54974199700868,235.96488538254488,2274271
2013-11-01,243.27438354492188,245.28572952120635,235.47430034035807,235.47430034035807,2402977
2013-11-05,243.71592712402344,247.2480480850895,240.47816704261015,247.2480480850895,1105282
2013-11-06,238.76113891601562,245.0895078444801,237.73093584136953,243.32344756952295,1199688
2013-11-07,236.16111755371094,241.11589270731938,234.4931774447582,238.41774945220186,1956537
2013-11-08,235.9648895263672,237.87811536615396,233.51203204688312,236.1611151305151,1208440
2013-11-11,232.1875,238.81021567894294,230.7648455520677,235.4743352513048,1636563
2013-11-12,231.35350036621094,234.68938026016818,228.31195136738614,230.76480863384077,1469348
2013-11-13,231.15728759765625,234.29694207861343,228.90065579316865,228.90065579316865,1082998
2013-11-14,234.14974975585938,237.2403589085915,232.5308699408945,234.1007045871444,2073404
2013-11-18,240.33096313476562,241.75361742117147,235.1799626359817,236.55357175162274,2284477
2013-11-19,250.48582458496094,253.0858626597031,240.47816843218544,240.47816843218544,4961892
2013-11-20,247.6895294189453,255.24432697764144,246.315935306838,250.68201834645012,4196127
2013-11-21,241.1649169921875,249.79897711895362,240.37999971319934,246.36497712305075,2366906
2013-11-22,243.96119689941406,246.1687686126561,240.47815128425304,240.47815128425304,1493228
2013-11-25,246.7574462890625,249.79899535301487,243.47061149321246,243.47061149321246,2186979
2013-11-26,245.3838653564453,248.57258004235527,244.54988783478584,247.05180542871054,1644242
2013-11-27,246.02159118652344,246.85556867049223,243.61779398768527,243.91213986267738,1011772
2013-11-28,249.89712524414062,252.74244899666422,245.82538768254608,246.8065307066464,4082939
2013-11-29,253.28204345703125,254.21414122497652,248.9159603771289,250.68202065974478,1935518
2013-12-02,263.3387756347656,265.79163313870737,251.90846565481866,253.57642073434235,6806928
2013-12-03,270.15771484375,278.3011892787441,264.46706781961234,264.7614286672317,8308097
2013-12-04,273.44451904296875,277.565300968908,268.8331357593073,269.76523342582493,5964784
2013-12-05,276.7313537597656,281.2936923763658,275.21059418230305,278.0559027148397,4639225
2013-12-06,278.1540222167969,280.6068795555693,276.78042809550556,278.64459368455135,2053291
2013-12-09,260.7878112792969,284.5314851176856,259.6104575820068,284.0409135916206,5072815
2013-12-10,261.523681640625,263.4369226647554,255.29344690187006,262.94635111416926,2684482
2013-12-11,261.96514892578125,268.1954122013883,258.482103679078,263.5840286891489,2983846
2013-12-12,257.4028015136719,264.3198457916557,256.32353852095315,259.5612975570094,2445252
2013-12-13,254.9009246826172,257.0594511346361,250.6820220034333,256.0783081913741,2284543
2013-12-16,246.70838928222656,254.11602147384065,245.04044927834636,253.13487853378723,2245222
2013-12-17,247.248046875,252.5462133196138,246.5612497390026,248.22918991815476,1948049
2013-12-18,243.7649688720703,247.5423753100196,242.48948001178525,245.48196907640113,4242440
2013-12-19,246.21780395507812,249.99521005011297,244.30457832386077,245.28572120869555,3087821
2013-12-20,245.7272491455078,249.21030961664403,244.30459486041087,244.89328661958018,2505515
2013-12-23,259.4141845703125,261.4745907106752,245.33479251467716,246.26687530348772,3937595
2013-12-24,256.3236083984375,261.62177460274916,253.7235854404252,258.13872893436957,2902690
2013-12-26,257.2066650390625,260.4935005065697,253.8707843919959,253.8707843919959,2232774
2013-12-27,256.8631896972656,260.346264828086,255.39147540195944,259.0217159738896,1055404
2013-12-30,258.08966064453125,260.9840445439487,254.8519006401905,257.7462845396079,1415274
2013-12-31,256.07830810546875,259.80663931177094,255.6858569167169,258.5311654628008,858382
2014-01-01,257.5990905761719,259.4142111702805,256.078330856359,258.04061691656096,615128
2014-01-02,254.16505432128906,264.17272380147375,252.1537233685376,258.04058072344515,4157709
2014-01-03,250.82919311523438,256.2745545384501,248.42539584422326,252.6443135896396,1933259
2014-01-06,254.0178985595703,257.55001909558814,250.2895674028385,251.6631615162604,1561302
2014-01-07,251.95748901367188,257.55001561530355,250.387669329696,254.16506057608876,1593897
2014-01-08,253.4783172607422,255.9802201038881,251.22167024215176,252.39905389899113,1122109
2014-01-09,259.36517333984375,260.88593310271875,250.43676552468474,251.51602887677822,2298715
2014-01-10,256.9122619628906,263.7311868237601,254.3122393917072,260.0028559604145,2589145
2014-01-13,255.29342651367188,260.6897131391621,252.34999744522267,256.61794564078696,1272194
2014-01-14,249.11219787597656,257.2066275013459,247.34615248001177,253.13489010246045,2357415
2014-01-15,252.2518768310547,253.91980200243844,249.30844776637986,249.5537335217694,1643269
2014-01-16,256.02923583984375,259.75756665158036,252.1537096485596,252.49711563066506,1455905
2014-01-17,255.44056701660156,262.75006385702244,253.28204060049666,256.07830393068974,2419907
2014-01-20,255.09715270996094,257.8934159492411,251.8103180231616,257.0594385000376,1097559
2014-01-21,256.1764221191406,257.8443471160458,253.2329933623725,256.3726327376618,749132
2014-01-22,256.6669921875,258.7273982944917,255.09715753731084,256.0783004509159,1078684
2014-01-23,261.96514892578125,264.1236752383411,255.5877202066143,255.5877202066143,1971383
2014-01-24,257.1085205078125,262.94633354660505,256.0292871223161,260.98404747536176,1065415
2014-01-27,248.91595458984375,254.90091738987954,248.4744432722182,254.90091738987954,2219712
2014-01-28,253.3801727294922,256.3726468197352,245.58008908982308,248.91596920897288,2207980
2014-01-29,249.16123962402344,255.98017987138297,247.34613421861124,255.3914881354882,1138012
2014-01-30,245.18760681152344,250.97635895349745,242.93099009913038,245.2857270907808,4149903
2014-01-31,245.58009338378906,250.7310940811334,243.47062697272045,248.71974795748338,1514649
2014-02-03,238.6139678955078,245.62914913085996,237.5347196084908,243.4706226147186,1500863
2014-02-04,237.3875274658203,239.74227946603452,233.70824150084772,236.55356496305828,1329383
2014-02-05,237.8290557861328,240.62531930779483,235.57243887650125,236.45546158278717,829664
2014-02-06,239.34982299804688,243.66686102091649,234.93467966144036,239.3988831404421,1815315
2014-02-07,239.4969940185547,243.32344543823478,237.87809920941856,241.1649339971062,978734
2014-02-10,238.81019592285156,243.27439948689096,237.04415053141074,239.74229373295552,801207
2014-02-11,237.09320068359375,240.57626133841146,234.78752360920475,238.417749726049,1101135
2014-02-12,238.17245483398438,239.497003825602,236.1611087608461,238.41774057531703,677921
2014-02-13,229.58746337890625,238.3686902874356,227.62517736712073,236.45546442015558,1527042
2014-02-14,230.96104431152344,232.5308790190608,226.79118677637152,230.4704728367997,1082293
2014-02-17,231.8931427001953,234.24787979664072,227.62516487045298,233.51202258261986,924745
2014-02-18,247.6895294189453,249.11218367171065,228.60630244509935,229.7346108249694,3691410
2014-02-19,240.5762481689453,247.34614350160086,239.49699990737065,247.29708335992626,1233050
2014-02-20,238.3686981201172,243.27441331078046,235.4743291518368,239.595126917783,1002001
2014-02-21,241.36119079589844,242.93102566754573,239.10455878205101,240.38004774388259,717329
2014-02-24,238.9573516845703,242.19512618638984,235.96486290302423,241.36114874903933,746078
2014-02-25,237.4365997314453,241.36117162783285,235.03280243911868,240.67437454017576,1015539
2014-02-26,234.14974975585938,240.91964482537782,232.6289902204299,237.73093036416302,1935247
2014-02-28,234.83657836914062,238.27057880086204,232.77617212168627,232.82523226492162,1747349
2014-03-03,237.8290557861328,242.097033798974,232.5308896063094,234.88562680377444,1586627
2014-03-04,243.0781707763672,244.4027197740645,237.43659869982184,237.53471898522668,1597591
2014-03-05,242.09703063964844,246.75745980089798,238.51586474626765,244.991399440319,1325547
2014-03-06,247.88577270507812,250.97638213451256,241.85174924974348,242.538546354822,1480154
2014-03-07,252.49716186523438,255.88208731467674,247.9838979905358,251.17261280149225,2086222
2014-03-10,256.56884765625,258.7764190031967,247.88572770317245,250.28953959113326,2285081
2014-03-11,250.09332275390625,260.78777452653406,248.47444293446216,257.1575637105239,2599738
2014-03-12,253.7235870361328,255.48963246797427,245.67820241972558,249.50466912117506,2132974
2014-03-13,246.46311950683594,258.040609943373,243.9121566801423,254.11603792902514,2087288
2014-03-14,251.074462890625,252.54617724513287,241.94984586951816,246.16874837559868,1681573
2014-03-18,256.07830810546875,260.7387370843997,249.7989992591199,252.59526263489977,2700546
2014-03-19,259.806640625,261.57271589646984,255.1952867351708,256.470760590588,1710350
2014-03-20,254.85186767578125,260.6406047837495,253.82167961004552,259.9047476104797,1030461
2014-03-21,259.5122985839844,265.74256202423265,255.9801781346849,255.9801781346849,2642564
2014-03-24,259.806640625,262.94631003509755,257.5990689922427,260.9840241393132,2061664
2014-03-25,264.9085693359375,267.3614264594184,255.29338138873376,255.29338138873376,1978115
2014-03-26,273.3464660644531,275.1125116186099,267.8520588684726,267.8520588684726,1910906
2014-03-27,276.1427307128906,277.6634905038236,270.0105864879829,273.7389181998826,1770071
2014-03-28,275.40679931640625,276.8785135344659,270.35388988071946,276.09358131957265,1720234
2014-03-31,286.9352722167969,293.3617466635194,275.4068423729963,275.4068423729963,5598060
2014-04-01,290.4183044433594,293.99947011445937,285.46354467209704,289.82961270268817,3188667
2014-04-02,284.7276916503906,291.5956921938601,281.09745081485715,291.3994516300614,1505230
2014-04-03,293.36175537109375,298.7580418411306,284.62958870800117,286.4937544092287,2683204
2014-04-04,293.852294921875,298.07119736294317,290.51641509148334,294.342866365818,2091640
2014-04-07,276.1427307128906,298.16937480349304,273.24834666188997,293.8523512575801,3707078
2014-04-09,279.3804626464844,281.2446283140008,275.94646222765135,278.7427256999797,2436967
2014-04-10,276.04461669921875,282.56921231458824,274.4747817534933,279.6257830196446,2318516
2014-04-11,274.7690734863281,278.5464798640843,269.07845630521194,274.81814859950566,1814173
2014-04-15,263.2897033691406,279.4785612293302,261.96515446488587,275.2105836232228,1716689
2014-04-16,264.3199157714844,269.716202221668,260.34629863501044,265.98787083292973,1838308
2014-04-17,275.01434326171875,276.5841778922436,262.504771269954,265.4972750842275,2867194
2014-04-21,276.9276123046875,280.31256763831084,273.10116058544475,276.87856713143253,1566223
2014-04-22,270.6483154296875,279.62576831887145,268.58790904312656,279.62576831887145,1911042
2014-04-23,269.0784606933594,274.2294613082733,267.2142950306692,271.5803633009032,2279221
2014-04-24,269.0784606933594,269.0784606933594,269.0784606933594,269.0784606933594,0
2014-04-25,269.86334228515625,277.22191402471265,268.4407030474384,271.4822520215427,1422183
2014-04-28,268.48974609375,273.88603199344647,267.45955803519536,270.20674615274436,1509915
2014-04-29,248.27822875976562,271.23698298212895,243.7159050179562,271.1879078689166,3534794
2014-04-30,250.43675231933594,254.50848980642942,244.54989428244656,248.2291805555024,3395345
2014-05-02,234.4931640625,252.20278225857842,232.18747215128843,251.90845135166057,5505063
2014-05-05,239.20266723632812,244.74611921742232,234.88562903849746,236.35734354367867,3456147
2014-05-06,239.0064239501953,241.4592812773892,233.51201754885975,238.41773220324757,3316495
2014-05-07,237.63279724121094,241.753594251083,236.6516543830961,239.3988573800281,2581044
2014-05-08,234.93466186523438,240.0366018957435,231.64784216847912,237.77998522703635,1868613
2014-05-09,240.1837921142578,244.79516088828342,233.8554232137613,234.19881425642367,2455874
2014-05-12,237.73094177246094,246.2668825148197,236.16110705087738,240.38002476546146,1995196
2014-05-13,241.01776123046875,249.06314544909816,238.90830986281188,243.127227569179,3117466
2014-05-14,256.617919921875,258.2858748703397,240.38001649851174,242.44042262834873,3839045
2014-05-15,253.3311004638672,261.3764540152337,251.17257417768604,256.9613111097666,2883054
2014-05-16,264.81048583984375,274.72003598338006,250.19146134200685,255.2443417297082,4883135
2014-05-19,284.3352355957031,286.4937622194052,262.4557581975715,265.9878790626709,3422104
2014-05-20,283.79559326171875,291.3994509895608,275.70116406756426,284.23711955824234,3107765
2014-05-21,282.2748107910156,287.47485593518604,276.8785250993995,283.8446154021665,2229770
2014-05-22,278.4974060058594,289.9767594698873,276.68228573161065,286.1012631491927,2729418
2014-05-23,295.0787353515625,303.17316450085724,278.8408318834561,279.8219748106433,7092588
2014-05-26,291.595703125,308.8637954708013,283.5503187813506,300.6222004981039,5900361
2014-05-27,308.9618835449219,313.9166730000014,286.7880487109833,289.5352667102037,6492869
2014-05-28,301.5542907714844,313.27893102374964,300.08257635087404,310.0411712752495,4265646
2014-05-29,291.3013000488281,305.0372996598806,289.437134661463,300.7202771991133,2917872
2014-05-30,292.13531494140625,303.95807557596214,290.7126456793745,293.0674127257866,4143484
2014-06-02,306.06756591796875,307.58832556673474,292.47872959749213,293.45987258175603,4055767
2014-06-03,315.48651123046875,319.8035642686272,303.4675098021075,308.0788937555462,18109270
2014-06-04,321.2261962890625,327.1130539972632,313.72045869952797,318.5771282856362,17625399
2014-06-05,330.3507995605469,335.5508445311179,320.34313081698826,323.7280855237485,11922819
2014-06-06,333.1961364746094,336.67918180997566,324.0714894942651,334.56973055297476,7214442
2014-06-09,333.5395812988281,344.3811996823551,331.724460725186,335.55091251101265,6207985
2014-06-10,331.1847839355469,336.6791903301579,319.4110687794258,336.4339045977387,3803440
2014-06-11,321.9620666503906,335.55090307016235,316.8601410602026,333.5886170872959,4377015
2014-06-12,329.0753479003906,333.09804008721443,318.87146694652336,326.27908443259196,4697553
2014-06-13,316.8601379394531,334.5697567835579,304.988301871615,329.61499670246263,5658559
2014-06-16,320.5393981933594,322.30544344085075,310.4826834436829,317.39972892881343,2849236
2014-06-17,319.01861572265625,323.3847137109219,310.67890086937575,317.93935251792817,4390982
2014-06-18,311.267578125,322.79600694444446,304.4486231443166,317.93933772026224,3418398
2014-06-19,312.248779296875,319.2639461976051,310.0412074086803,311.0713956463271,3146562
2014-06-20,312.5921325683594,317.8902982168865,309.45246332517775,314.4562980818275,2283088
2014-06-23,321.1280822753906,322.79603730212295,311.31665257015896,312.98460759689124,2606978
2014-06-24,325.8375549316406,328.4375775632123,322.3054345915317,323.6299834618356,2049282
2014-06-25,323.8752746582031,328.6828688408877,322.79601148851356,327.1130342251669,1412743
2014-06-26,316.81103515625,325.49415577499104,315.1921553661367,324.51301287890965,1974847
2014-06-27,314.3581848144531,321.42242579810153,310.7770191535906,317.00728266884767,1875411
2014-06-30,316.4676208496094,321.22616975915344,314.7506208265237,314.9468613774323,1919600
2014-07-01,320.7356262207031,326.0337921929097,317.35070098889935,317.35070098889935,2921742
2014-07-02,326.3281555175781,330.8414191362885,322.796034861974,323.6790575403483,3550158
2014-07-03,323.5809326171875,329.4677903114391,321.4714812651686,328.38855702117826,2102981
2014-07-04,318.67523193359375,325.5432328799394,315.97708870467227,323.6300220101507,1314095
2014-07-07,321.7167663574219,324.75831548177524,317.7921945691225,318.87145779932615,1669970
2014-07-08,304.05621337890625,323.48286297848273,300.2297616211757,320.83376486968774,2884808
2014-07-09,291.595703125,304.84113324108387,283.9918450953963,300.4259898690559,4329004
2014-07-10,294.88250732421875,309.9430578851616,281.9804832716854,291.4975820467991,2895471
2014-07-11,276.14727783203125,298.7774641324453,274.12585818092344,297.0025605408527,2812458
2014-07-14,279.2041015625,282.50742299821553,273.04119966463315,276.09800502443403,2654018
2014-07-15,282.06365966796875,284.3809166163572,275.1119189150955,284.13440055998166,2337324
2014-07-16,288.3744812011719,290.88893282084257,278.2673233658714,283.9864835674666,2913709
2014-07-17,296.2136535644531,298.77742627703725,285.07114112305004,285.51485191858336,4196669
2014-07-18,292.8117980957031,296.80534636704664,287.0926072531879,293.55134630093664,3410517
2014-07-21,291.6285095214844,297.10115421438684,289.9028970391087,292.07225048244123,1087628
2014-07-22,291.9243469238281,295.6714096137302,289.0647662475191,291.97366819808144,1432451
2014-07-23,290.5437927246094,297.49556296440056,287.09256823589146,293.4526939734445,1384696
2014-07-24,290.1001281738281,295.81928905871223,288.57171045831495,290.74106394832984,2397456
2014-07-25,279.25341796875,292.6638681910763,274.3723877137443,289.40986808260175,3730854
2014-07-28,278.2180480957031,282.26091791663634,272.2523708631169,279.6478534286183,1915258
2014-07-30,273.830078125,279.056207068517,270.230919225015,278.513883720673,1803832
2014-07-31,270.9704895019531,279.7464868789063,269.59000533790027,274.3724237743494,3166454
2014-08-01,263.42706298828125,275.45705908614644,262.39170754454324,267.9136734598304,2784213
2014-08-04,271.2169494628906,272.2523349408244,263.18053215386874,265.0540481381359,2484146
2014-08-05,277.3798828125,278.56317204038606,267.32204474464896,270.3295289014413,2296587
2014-08-06,270.5760192871094,279.4505973765777,269.4420514385802,277.0840492378446,2173326
2014-08-07,278.2180480957031,286.84611108878806,273.13982275251794,273.13982275251794,7302569
2014-08-08,272.843994140625,278.61244601657967,270.72393189720975,276.29521906784936,2971768
2014-08-11,268.6039123535156,278.9575876211578,265.79362304812526,274.47100704209737,2767906
2014-08-12,274.37237548828125,276.88682726985525,267.91366673652533,270.32950607538623,2017159
2014-08-13,271.2662658691406,275.90074952695466,268.1108484104787,274.0272335762515,2884300
2014-08-14,281.2254943847656,283.78923698030525,270.28017681630394,270.28017681630394,3133775
2014-08-18,290.5931701660156,291.5792344962806,280.53530196039446,282.1130109072775,3522776
2014-08-19,291.8257141113281,293.5513264736536,288.1279733349164,291.4805856204047,2179098
2014-08-20,293.0583190917969,295.62206217254675,289.40986918104664,291.62851383405297,2858205
2014-08-21,288.5224304199219,296.8053648149019,285.2191088794365,290.98759125725496,2731767
2014-08-22,290.29730224609375,292.4173343144858,288.1279790032964,288.1279790032964,1540813
2014-08-25,249.91799926757812,293.8964589774932,234.97913081575248,292.3680713161312,10269041
2014-08-26,233.59861755371094,241.04340573799252,228.9148123111284,231.72510147513657,20256013
2014-08-27,240.79689025878906,242.5718089432126,233.69723056724143,233.69723056724143,5960364
2014-08-28,229.75299072265625,242.86764942549664,227.3864423302382,240.59969843917648,7683407
2014-09-01,244.5439453125,249.22775071667087,221.12491829164566,231.9223193193996,18509443
2014-09-02,236.7540283203125,248.48818667249986,235.07770708758903,248.48818667249986,7812531
2014-09-03,234.7819061279297,237.838696303683,231.42927861904815,234.73259990574167,4787357
2014-09-04,225.5622100830078,232.85907993171506,219.74443669386125,232.4153540030763,8506571
2014-09-05,230.93624877929688,233.2041996071155,222.85052478312096,223.34355691759689,4796552
2014-09-08,234.7819061279297,237.49358284065983,229.85158483205672,231.23206877644253,3723181
2014-09-09,237.19776916503906,245.13558974880294,227.78085213881533,233.6972379086547,8849408
2014-09-10,234.8804931640625,237.54286353715023,231.52788084923287,234.78189577018273,2949389
2014-09-11,233.25350952148438,238.62755686309748,232.21813901346883,232.71117115574793,2190474
2014-09-12,232.8590850830078,236.16240660089483,230.73905279586384,232.71118145223875,1803152
2014-09-15,221.91375732421875,232.56325398642235,220.97699931767707,230.54181931158226,4079195
2014-09-16,215.25782775878906,225.71009973130893,213.9759412306664,221.17421323060472,4129564
2014-09-17,210.37681579589844,221.32212004934283,202.14317321010154,216.9341371035236,7114954
2014-09-18,217.8708953857422,218.90626586867467,210.57402587524498,212.7926704617518,4499908
2014-09-19,207.66514587402344,219.497917375765,204.80555040008102,218.01882093804733,4681344
2014-09-22,211.31356811523438,212.79266446455313,204.46042470595341,207.07348890462475,3844336
2014-09-23,207.96096801757812,211.01777355956375,205.89024188416846,210.32753151509385,3288216
2014-09-24,186.8591766357422,214.96200795035247,177.49156619753873,203.72088144296694,23761949
2014-09-25,172.46263122558594,184.19680482276564,167.63092242131253,180.44975766529527,16728675
2014-09-26,181.3865203857422,183.40795515881874,164.96855622466148,170.58911958320238,12813197
2014-09-29,174.82919311523438,183.90098113237426,173.74451643057955,180.449756285386,4583396
2014-09-30,170.3919219970703,177.49158227900077,169.01142288498937,174.77990532751602,5145698
2014-10-01,168.41978454589844,171.96960697917044,162.79922107527415,170.53981676106864,7060713
2014-10-07,160.82708740234375,167.8774408682185,159.49589462810187,166.74347298360254,5624726
2014-10-08,163.93319702148438,165.65880962171053,158.5591493614382,159.2493913922991,4232576
2014-10-09,163.39085388183594,168.32117545368462,161.9610636352293,164.67274049974608,4361390
2014-10-10,153.72743225097656,161.71455982160037,152.19904448470342,161.71455982160037,6550136
2014-10-13,156.83351135253906,159.54518785643157,150.91712625313724,152.14970648217928,5697611
2014-10-14,154.81210327148438,161.22152155979424,149.29013688155823,155.3051354475082,5729334
2014-10-15,154.81210327148438,154.81210327148438,154.81210327148438,154.81210327148438,0
2014-10-16,149.04360961914062,156.78422022082896,148.4026738568224,152.83996310835528,4327546
2014-10-17,145.59239196777344,151.6073903852573,143.96539184551264,150.86784213947558,4797680
2014-10-20,133.61172485351562,140.61278804142125,125.92041960179573,139.03507899886128,23687843
2014-10-21,143.4230499267578,145.93751690977047,136.56990602704872,136.56990602704872,14879354
2014-10-22,157.91819763183594,163.5880675724491,144.11329690686478,146.43055411844404,14461509
2014-10-27,150.42410278320312,157.8688908025504,149.53663593973974,157.47445607896236,8579622
2014-10-28,148.4519805908203,151.26225476544062,144.40911101816346,146.52915825110182,11328538
2014-10-29,154.6641845703125,155.65024882630135,147.76173477839043,148.89570265431902,8716475
2014-10-30,156.68560791015625,157.72097841230598,151.45947926852332,155.45302756144153,7352590
2014-10-31,159.5452117919922,161.46803422853762,154.66419636194684,157.08005096407558,5949260
2014-11-03,167.77882385253906,169.504436266728,160.0382286222936,160.33405090252666,8478366
2014-11-05,160.2354278564453,170.58910165640023,158.55912177425307,170.29327939574392,9056937
2014-11-07,159.24937438964844,163.53875984213153,157.86889047531741,159.64379406627268,3742249
2014-11-10,153.5795135498047,161.17220559247573,152.83996533046374,160.18614130002112,4784552
2014-11-11,153.28369140625,156.68561020939373,150.47341719762997,153.82602977687222,3822498
2014-11-12,151.16366577148438,154.812100806745,148.4026826204785,153.4316167543159,5935718
2014-11-13,150.17758178710938,154.36835466830433,149.53663102465094,152.8399521376982,5312994
2014-11-14,156.34048461914062,157.67166228444194,149.9310672084536,150.1775832627108,5920735
2014-11-17,152.24832153320312,156.14328754569766,151.2129660576257,154.8120947254594,3545162
2014-11-18,154.6641845703125,157.2772488302244,150.719927546357,150.7692187222393,5353707
2014-11-19,149.88177490234375,158.01680544803017,148.55058206731795,153.97393576444225,4077658
2014-11-20,144.2119140625,150.81854232997975,142.3876889601732,149.88178418803417,6182932
2014-11-21,140.9578857421875,145.8389009163755,139.57740176937668,143.32444904062342,5619187
2014-11-24,146.923583984375,149.38874478948196,142.58490698584575,142.58490698584575,7012082
2014-11-25,144.80355834960938,146.6770746289314,140.41555987841355,145.44449416986475,5141376
2014-11-26,141.59884643554688,145.3951851488455,140.31695977351637,143.9653948530279,3653269
2014-11-27,139.92251586914062,142.97932116773723,137.06293546424465,141.69743458941778,15153439
2014-11-28,138.73922729492188,143.22582232891205,137.21082480473024,140.56345204872244,4854149
2014-12-01,133.8089141845703,140.21833173622616,132.47773648999106,138.2462032587936,4134785
2014-12-02,140.07041931152344,140.76066122599454,131.738180027515,132.4284219419861,8441558
2014-12-03,151.55807495117188,152.29762315201964,141.00719029497316,141.00719029497316,13364264
2014-12-04,150.621337890625,154.26977318054622,148.00827323536825,152.83998280227087,5646609
2014-12-05,150.8185272216797,152.6427521412641,146.1347219350055,150.86783344445297,6441064
2014-12-08,146.52915954589844,153.0864810574361,144.95145066307958,150.86783640442977,3200693
2014-12-09,143.0779266357422,146.82495869493604,140.8099758841301,145.93750690115775,3644828
2014-12-10,146.77566528320312,150.22689005597172,142.53558612457252,143.9653762354903,4163977
2014-12-11,141.59884643554688,147.41662007210735,140.61278208723846,146.92358789795313,3526353
2014-12-12,138.54202270507812,143.96537590705626,137.6052647066929,142.19045730445242,3058563
2014-12-15,135.83035278320312,139.47878756197997,134.10474031590292,137.16154556215054,3769371
2014-12-16,130.11119079589844,135.8796733869989,129.17443265230602,134.49917423936162,6065079
2014-12-17,127.15298461914062,131.29445154429789,123.3566386839009,129.6674515171047,6338329
2014-12-18,136.6685028076172,139.8239052076616,129.6674410373334,130.85071505658186,7697709
2014-12-19,135.0908203125,139.28159393533304,133.21730400545752,137.06294907618613,4894689
2014-12-22,143.4723663330078,144.90215666524114,136.5206094911479,137.26015777121492,7791467
2014-12-23,143.81747436523438,147.31799035458454,141.796039678865,144.45841009806426,8016020
2014-12-24,144.11326599121094,145.98679685822964,140.51413794989938,143.472330327792,12167629
2014-12-26,147.21939086914062,148.79708459145883,142.2397635552058,144.01468215819145,4887880
2014-12-29,152.1497039794922,154.02321987836078,148.2054473114361,148.59986695978367,7206485
2014-12-30,149.53663635253906,155.10790835019804,147.3672980283282,150.76921665563003,6182841
2014-12-31,149.73385620117188,152.1004042850416,147.51521173023934,149.63524376178324,3639424
2015-01-01,154.3683624267578,156.1432810984052,148.40267066328994,149.88176704863835,6913722
2015-01-02,159.693115234375,162.3061947365653,155.40374442656076,155.798164140102,8169041
2015-01-05,160.58058166503906,164.42622652175143,158.95356649785492,162.50340409339523,12103749
2015-01-06,150.52268981933594,161.1228796670679,148.94499617201177,158.70702545518594,9730592
2015-01-07,148.25477600097656,152.59345297502227,146.5291634471395,152.05111459172971,5299465
2015-01-08,155.6995391845703,156.29118375351536,149.98037856678465,150.5720080895833,6049252
2015-01-09,150.71994018554688,159.20008447049779,149.38874730987112,156.88284230229073,6935232
2015-01-12,147.3179931640625,151.01573410739888,145.83889678672796,149.98037868018181,4015320
2015-01-13,146.6770782470703,153.67814144572603,145.44449775759912,148.40269093232996,6560402
2015-01-14,144.80355834960938,149.8817838225047,143.17654311595248,147.61383276859243,5640225
2015-01-15,149.6845703125,151.55808654618986,145.14866831515388,147.21940945440926,7036088
2015-01-16,148.74781799316406,152.14973710069097,146.6770767732007,148.84641540364188,5230710
2015-01-19,149.53663635253906,151.45947366227801,147.51521669238687,148.84639439203738,3156454
2015-01-20,153.1851043701172,155.4037491804888,150.17760506238383,150.67063724246643,6752913
2015-01-21,150.67062377929688,154.9599943350499,148.994317526032,154.4176710223368,5694164
2015-01-22,151.50877380371094,152.93857907682877,149.19153172445422,150.67062817569573,6123257
2015-01-23,156.19256591796875,158.0167907374523,149.83245472902902,153.82601781617822,6530249
2015-01-27,156.78421020507812,158.7070324153452,154.36835588724793,156.68559776510716,6069112
2015-01-28,152.9385986328125,156.3898241270113,151.95253420589856,156.3898241270113,3970022
2015-01-29,155.20651245117188,156.7842213257387,149.19152933994803,152.4455444899003,11319602
2015-01-30,156.43911743164062,158.55916500592784,152.0511336816335,154.61490724481595,4080173
2015-02-02,152.59344482421875,158.06610449758,151.410170716879,156.29118581349707,2895611
2015-02-03,149.98036193847656,153.57949003644254,148.64916932901258,153.28366778476777,2936509
2015-02-04,151.65670776367188,156.8828520940885,147.66314393353517,149.38875663392707,9302887
2015-02-05,144.26121520996094,152.19903611540298,142.4862963978516,151.85390757971726,4196240
2015-02-06,140.07041931152344,145.29656245733935,138.04898474002968,144.0639822364462,4937771
2015-02-09,139.97183227539062,143.57097620120456,136.126187306812,138.04900979110133,5872054
2015-02-10,140.7113800048828,142.88071856980213,138.14762171766836,138.39413780563982,4284793
2015-02-11,149.09291076660156,152.05110350024898,139.62670304661754,140.7113646879338,10619398
2015-02-12,144.70492553710938,152.6427455860233,143.3737328101324,151.85389119396828,6514194
2015-02-13,150.1282958984375,151.1636664655873,144.60632957107035,145.98682867598603,4261357
2015-02-16,150.02967834472656,152.49483911309963,147.17009787187268,150.8185327998354,5493106
2015-02-18,153.1851043701172,155.55165281605434,148.8957183849395,151.3608792853524,6370662
2015-02-19,192.62767028808594,197.70589550069215,151.55808246935595,153.33300124866648,68648559
2015-02-20,191.54299926757812,205.1013840291184,182.8163237844185,203.6715937362219,57545881
2015-02-23,188.1903839111328,191.54299662379816,183.8516918196362,187.35222320989266,13311692
2015-02-24,180.20326232910156,188.09177723270108,177.9846175124642,187.35222896048862,7878063
2015-02-25,180.3511505126953,185.13356828170677,179.463698680536,180.44976295900048,5981834
2015-02-26,181.73162841796875,184.19678882774548,179.16785557334293,181.28790255343796,7300109
2015-02-27,191.14857482910156,206.97489515953365,182.42189956135607,182.42189956135607,28561146
2015-03-02,186.07032775878906,191.88811607387157,180.1046358192655,190.11319734984392,8512932
2015-03-03,190.704833984375,192.87418753114946,185.67591496648723,186.85918914445216,7098665
2015-03-04,185.92242431640625,198.29753412704147,181.73165109680667,194.15605208487256,15468255
2015-03-05,182.9149169921875,189.62015685072606,179.56230458599137,186.16893200181687,7760617
2015-03-09,191.88809204101562,198.19889666255952,189.22570676534878,192.3811241222658,13528386
2015-03-10,187.4015350341797,197.2128724282558,179.56232636438614,193.219308752354,10825621
2015-03-11,188.1903839111328,190.21180375621617,183.40796587915807,185.38009454452538,6414497
2015-03-12,191.88809204101562,193.66299549660013,189.32431920005683,189.91596371601503,5321593
2015-03-13,183.7037811279297,193.4658116278559,182.421894535478,192.6769571827974,6056356
2015-03-16,187.7959442138672,190.01458890408492,173.74452784248822,184.98566996727976,9295910
2015-03-17,171.57518005371094,185.18286975685524,154.41766806679843,183.99959566226582,31629739
2015-03-18,172.70913696289062,181.33719863052866,170.68771740910324,174.3361519050468,13787371
2015-03-19,171.4765625,174.68127122734325,169.1593206017625,173.54730338843402,7347702
2015-03-20,162.25689697265625,172.75847661636942,159.89033342954804,171.67381482449136,8832192
2015-03-23,152.24832153320312,154.2204501284319,138.04900166601473,147.90964464215864,28075463
2015-03-24,154.4669647216797,157.81959232910913,151.9525128237913,157.22794773775485,9496630
2015-03-25,150.86782836914062,154.31905320111443,150.12828019086052,153.62881124394892,5454208
2015-03-26,148.15615844726562,151.508770989344,147.7124325293651,149.78315849494987,13358728
2015-03-27,155.00930786132812,157.62238733308132,152.19903358124884,156.7842266438846,8747632
2015-03-30,153.53021240234375,158.21401794637055,151.8539060589742,157.671679558359,5125187
2015-03-31,154.61488342285156,159.24938256887742,153.03717454302927,157.4744638406141,6887458
2015-04-01,153.38230895996094,155.10792153092706,152.34693840815177,154.51627691670822,2562581
2015-04-06,152.1497039794922,154.41765457285345,150.52268907623198,153.33297797068,3232815
2015-04-07,163.1936492919922,167.23651912976956,151.3115709113517,152.29763525752688,11597714
2015-04-08,161.56663513183594,165.70810201748722,160.3340548059786,164.17969940419482,4929518
2015-04-09,158.75636291503906,162.20758819580078,156.83354041070143,162.20758819580078,4463353
2015-04-10,155.2558135986328,160.62986076731937,154.0232332825971,159.34798927555934,6287496
2015-04-13,156.044677734375,162.60199940585977,152.5441464094613,154.71348489164177,7549543
2015-04-15,156.14328002929688,159.29868262053924,155.10790955741285,156.0446675858236,2793736
2015-04-16,155.2558135986328,161.2215053374751,153.67811982179492,156.78421619974642,4302701
2015-04-17,156.9814453125,159.54521870304785,156.19259080416617,159.24939638165415,3669268
2015-04-20,152.6920623779297,159.44659378332102,150.57201511212156,156.98143304132117,4302660
2015-04-21,150.22691345214844,155.10792909599894,149.24084907778882,152.83997802574214,3570618
2015-04-22,150.621337890625,152.98788644458776,146.43056416862726,150.867853991919,4294785
2015-04-23,151.90321350097656,154.41768055924183,150.42411700154378,151.804601049222,3772240
2015-04-24,146.33192443847656,152.54413204257563,144.70492449161188,151.50876160086813,3041075
2015-04-27,143.76815795898438,148.7970761620501,142.9793036194412,147.31797991771106,4121122
2015-04-28,141.30303955078125,145.74032960267925,139.92254028472328,144.31053915074202,5752844
2015-04-29,143.7188720703125,145.34587215076283,141.45092116563387,141.45092116563387,3690841
2015-04-30,137.6545867919922,140.80998964576628,133.11868484546542,133.11868484546542,9896184
2015-05-04,140.07041931152344,141.5002093585304,138.04898474002968,138.04898474002968,2557279
2015-05-05,144.65562438964844,145.6416886527628,139.67599685169156,140.5141574937974,3508024
2015-05-06,132.97076416015625,146.430534549812,130.45629742633437,143.86676159647484,5646508
2015-05-07,135.0908203125,136.07688469434305,126.85717670565104,129.86467607950206,5289069
2015-05-08,131.78749084472656,138.24621517422443,130.16049072907217,136.47129638232576,3201406
2015-05-11,133.7103271484375,135.9782630362906,131.73819851820184,133.11868254090786,2538158
2015-05-12,128.28697204589844,134.49916512791125,127.25160151684723,134.00613297561517,3346304
2015-05-13,132.82286071777344,134.5977795006377,129.0758132975372,130.11118384138697,3070373
2015-05-14,136.9150390625,140.16903933415466,131.54097639475705,132.2805246467054,5784303
2015-05-15,134.49916076660156,140.1197391574401,133.11867680339543,137.16154633958686,3475423
2015-05-18,135.38662719726562,136.32338524396226,133.36519243577501,134.99219246181931,2078927
2015-05-19,136.22476196289062,138.39411521992258,134.6963745038165,135.09079416174293,2183005
2015-05-20,135.14010620117188,137.3587507263953,133.16797773430662,136.27407405116094,1643528
2015-05-21,134.4005584716797,135.7810423846037,132.3298175561475,135.7810423846037,1971412
2015-05-22,135.83035278320312,140.3662544299938,133.5624019598078,134.69638489457878,3708166
2015-05-25,133.31588745117188,136.66851502594108,132.28051694946157,135.58383830107374,3269182
2015-05-26,132.62564086914062,135.0908014800912,131.7874802429589,134.99218903719463,2492089
2015-05-27,127.79395294189453,131.88611420531973,124.98366336840579,130.30840513842273,7822638
2015-05-28,116.50348663330078,126.90645942041046,116.05975322984297,122.27196069366984,15034783
2015-05-29,117.98259735107422,119.26447645277865,107.87543807463285,117.58817011859836,20206406
2015-06-01,115.0737075805664,120.44776284603368,114.43277176626326,115.86256207627277,5959654
2015-06-02,112.90436553955078,116.65141299463438,111.72109135535268,115.71464736932658,5579188
2015-06-03,105.21305847167969,112.75645191939616,95.99335871250341,112.75645191939616,13432874
2015-06-04,104.72001647949219,106.29772523977684,101.8111300584791,105.80469313295612,5046536
2015-06-05,105.60747528076172,107.87542597072257,101.76182336099338,104.47349993578129,5014958
2015-06-08,102.74789428710938,107.28379596356383,100.6278621175918,106.49494153555261,5478834
2015-06-09,100.4306411743164,103.19162405100766,99.4445769359371,102.74789062989312,3568454
2015-06-10,102.15625,103.73395122132543,99.83900062589021,99.83900062589021,3519697
2015-06-11,94.66217041015625,102.94511182565961,91.95049365361533,102.64928953389851,11086659
2015-06-12,93.38028717041016,94.6621737829504,90.71791654199414,94.6621737829504,6683776
2015-06-15,94.90868377685547,97.42315061601701,92.29561201760534,94.5635627950088,5004994
2015-06-16,93.971923828125,96.43708439525238,92.14769898999232,94.9086818344042,6159961
2015-06-17,94.61286163330078,97.52175568018757,93.23237770387458,94.76077277518878,6149914
2015-06-18,92.6900405883789,95.84544321620079,92.24631467989789,94.6621691115359,4414258
2015-06-19,90.02767181396484,93.87331648924616,89.18951115712686,93.08446957873329,6898722
2015-06-22,90.32349395751953,92.14771152064434,87.8583330551687,90.27419525331695,6049467
2015-06-23,92.49282836914062,95.64823091589983,90.56999859461631,91.21094185279108,8992437
2015-06-24,89.18950653076172,95.15519812724295,88.7457806368069,93.13376344795313,8295159
2015-06-25,88.9923095703125,90.71792222126038,87.51321301235717,89.23882566330505,11459683
2015-06-26,89.23882293701172,90.71791944977987,88.05554873602675,89.23882293701172,5709087
2015-06-29,85.09735107421875,87.75972164292065,84.40710155868877,87.75972164292065,5054008
2015-06-30,84.50570678710938,86.42853666971499,83.47034379469729,84.80152908384055,4422022
2015-07-01,86.675048828125,88.20344389734642,84.30849313037697,84.70292033384717,5707998
2015-07-02,87.66112518310547,92.14771361343566,87.26669792515658,88.25276230849168,9876222
2015-07-03,83.37173461914062,89.43602368525876,82.04054187479944,89.43602368525876,10088879
2015-07-06,82.5828857421875,83.32243397271455,80.26563612448413,82.23776473922294,6570468
2015-07-07,81.05448150634766,83.766158299752,80.61075558574726,83.61825467493419,5378934
2015-07-08,80.11771392822266,81.74472131568723,76.91300537109375,80.75865714426295,11531892
2015-07-09,80.56143951416016,84.20988144950357,79.67398778144256,80.06840743017369,10146330
2015-07-10,83.51964569091797,85.1959595647416,78.19490433061908,81.35030717546833,18275366
2015-07-13,82.6814956665039,85.68899499501693,82.13916477851038,84.80153556012178,9842462
2015-07-14,81.64612579345703,83.51964191618224,81.35030349877755,82.6814887786883,3792366
2015-07-15,79.9205093383789,82.53357354536456,79.5753808373146,80.80796113233542,7850707
2015-07-16,79.32886505126953,80.8572676315836,79.03305029329054,80.80796141038387,4814829
2015-07-17,79.7726058959961,80.95588008416654,78.88514649333135,79.42748488470254,5661492
2015-07-20,77.70186614990234,80.7586638297558,77.35673764287479,79.87120449739236,5915725
2015-07-21,76.46929931640625,79.0330653217676,76.02556581045025,77.70187985004868,7607563
2015-07-22,76.22277069091797,76.81440774528149,75.18740020347684,76.71580282339978,5288307
2015-07-23,77.75116729736328,78.34280436321387,75.43391773432232,76.41998201843111,7623897
2015-07-24,74.64506530761719,78.68793499977586,74.20133937705033,77.89908054201962,5033047
2015-07-27,73.60969543457031,74.44784851589628,72.57432499564986,74.44784851589628,5557791
2015-07-28,74.00413513183594,75.28601431898258,70.89803081328093,74.05343383726029,6913461
2015-07-29,74.10272979736328,76.66649533947049,73.90551243377153,74.05342357569704,5475963
2015-07-30,75.97625732421875,77.20883769921858,74.05342742537488,74.5464595753748,4265011
2015-07-31,77.8990707397461,81.20238426017141,75.72973253850124,77.06091768576843,8953470
2015-08-03,74.94088745117188,78.24420138026011,74.645065149372,78.24420138026011,4186031
2015-08-04,76.6171875,77.3567356709385,73.46178497989159,75.631123272082,8273018
2015-08-05,77.50465393066406,79.62469372008606,76.86371061901457,77.84977493752957,8483307
2015-08-06,77.50465393066406,78.68793562672629,76.51858961214907,78.68793562672629,4634275
2015-08-07,77.45535278320312,78.8851429906798,76.66649834406692,76.9130144159128,4464505
2015-08-10,80.95587921142578,83.12522523045016,77.3074442346705,77.4060491621094,10806535
2015-08-11,80.41354370117188,86.23131683761773,79.7232942028477,81.74472895234044,16333905
2015-08-12,76.0748519897461,79.87119752813555,75.48321499415219,79.87119752813555,10861171
2015-08-13,67.4468002319336,77.40604824699606,66.657945775601,75.77904063273111,16107009
2015-08-14,69.96125793457031,72.62363601498605,61.23459052653346,63.946267307300886,27660852
2015-08-17,69.8133544921875,71.7361768415989,66.06630719432476,69.51753219701337,10013420
2015-08-18,70.01056671142578,72.72224359109369,68.28495415163712,69.96126048620233,7121041
2015-08-19,73.01805877685547,75.33530819801969,68.13703635552011,69.07380188191279,11849799
2015-08-20,66.95376586914062,72.77154660425167,66.46073373096296,71.73617610484922,10960205
2015-08-21,69.8626480102539,70.79941352676703,64.09417386685182,65.08023808018801,11994305
2015-08-24,66.85516357421875,70.60220345782231,64.19278540955638,67.05237342801284,13688457
2015-08-25,67.93983459472656,69.56684226187667,59.163860455830296,68.03843952420483,10463924
2015-08-26,66.36212158203125,68.6793708745354,65.12954137079792,68.03842766007955,7358404
2015-08-27,69.17240905761719,70.05986839256258,67.15097432374561,68.38355464364945,9939097
2015-08-28,66.65794372558594,72.77154676646022,65.62258074694905,71.83478118799057,13137677
2015-08-31,66.60865020751953,68.6300776219726,64.29139295418274,66.51003775353362,39144130
2015-09-01,63.79834747314453,68.53145840069487,63.20671048796885,66.6086363181058,9998233
2015-09-02,63.403934478759766,65.86909511132316,63.15741841550343,64.58720857316091,6729618
2015-09-03,64.29138946533203,65.52396984252837,63.601147463331515,64.29138946533203,5672675
2015-09-04,61.283897399902344,64.39000143179229,56.747999388864066,63.99557420942835,13315884
2015-09-07,59.065250396728516,62.12204808352544,58.37500466571536,61.924834480159305,5749544
2015-09-08,59.65688705444336,60.98807228575431,57.73406101691018,59.55828213417462,7866461
2015-09-09,61.481109619140625,62.41787148720691,59.45967849007353,61.13598860742316,8035099
2015-09-10,60.002010345458984,61.08668331783018,58.4736114532698,60.14992149308947,5066633
2015-09-11,60.98807144165039,62.467167794429656,59.508975088871125,60.24852326526076,6459604
2015-09-14,63.25602722167969,63.60114822682291,59.85410458747249,61.135987442837525,8675694
2015-09-15,61.283897399902344,64.19278405907355,61.135986251131676,63.6011469870644,7756834
2015-09-16,63.05881118774414,63.354629718167544,61.57971477409043,62.122049373456115,5621786
2015-09-18,63.10811233520508,64.68581363897056,62.31926168332234,63.3053221770233,10522359
2015-09-21,64.29138946533203,66.01700199340692,61.2838978588171,61.481107709939074,8588769
2015-09-22,60.93877029418945,64.73511993831228,60.5443468485451,64.09417666702736,7611383
2015-09-23,59.90340042114258,61.431799185753334,59.11454980987926,59.755489285858516,7352052
2015-09-24,59.01594924926758,60.54435198562357,57.98058244448931,59.75549750432876,11173479
2015-09-28,57.487545013427734,60.248524160675444,57.19172649078273,59.26245991083436,4753295
2015-09-29,57.68476104736328,58.96664387388622,55.21960031884348,56.94521282880734,9313125
2015-09-30,59.80480194091797,60.29783409620489,58.47361286472119,58.96664502000811,5594946
2015-10-01,59.311767578125,61.13598498017689,59.1145539710429,60.347134313385176,4485490
2015-10-05,68.3342514038086,69.46821920430807,59.65688351907734,59.95270202388946,21086472
2015-10-06,72.87014770507812,75.13809090789286,66.60864138326589,69.51752783670742,24691748
2015-10-07,69.12310791015625,72.13060712074171,68.63007574599953,71.68687365915639,13682544
2015-10-08,69.27101135253906,71.4896558442574,68.58076940878921,68.72867302311207,11320847
2015-10-09,68.432861328125,71.7854813255341,68.03843411847569,69.9119577220049,10127734
2015-10-12,71.68687438964844,73.80691422174036,68.53147151612133,69.07380991144967,15035104
2015-10-13,73.5604019165039,74.20134527398373,70.99663600965886,71.48966820417037,10198994
2015-10-14,73.01805877685547,76.17346128358041,72.47572044457165,73.06735747419845,9288772
2015-10-15,74.29994201660156,74.89157908017174,72.57432952606237,73.85621609969228,5368729
2015-10-16,74.05341339111328,74.84226769084258,72.62362343631011,74.69435656925931,3478759
2015-10-19,74.00413513183594,75.48323170990268,73.31388554822692,74.64507096387214,3002561
2015-10-20,74.29994201660156,76.81440894061662,73.2645790361221,74.59576430992337,7037940
2015-10-21,74.99018096923828,75.72972907535278,73.5110847570093,74.1520204305173,5520679
2015-10-23,75.38461303710938,77.75116887149797,74.54645988326251,76.51858849140741,8457031
2015-10-26,74.20133972167969,76.3706782059744,73.60970263715147,76.3706782059744,5412230
2015-10-27,74.20133972167969,74.74367810429021,71.8347838604931,73.80691249096965,7162876
2015-10-28,75.72974395751953,76.66650206679097,73.3631880482707,73.46179297718234,6747468
2015-10-29,75.97625732421875,76.76510425037449,73.46179034998967,75.92695109998932,6717459
2015-10-30,79.0330581665039,86.13271838828624,75.08880081594175,76.27207501188086,20273410
2015-11-02,77.50465393066406,80.66006426375628,76.32137975767556,78.58932317641582,7887742
2015-11-03,74.99018096923828,78.68792149981074,74.05341552098318,78.39209924813599,5779544
2015-11-04,75.23670959472656,76.91301590653703,74.69437121692538,76.17346767666648,5203484
2015-11-05,72.67294311523438,75.433926438555,72.22921714541378,75.1874103390826,4015746
2015-11-06,70.99662780761719,73.36318357248578,70.5035956700643,72.87015143493288,4011547
2015-11-09,71.24313354492188,72.08128655260062,68.03842511556553,68.03842511556553,4299307
2015-11-10,70.55290222167969,72.03199864122791,69.91195893526077,71.19383798502518,5822786
2015-11-13,78.24420166015625,81.39961197270577,69.2217116998685,70.503598314822,21210031
2015-11-16,79.96981811523438,81.15309986143168,72.03200452871152,74.94089138234942,15339117
2015-11-17,80.85726928710938,82.4842768200622,79.5753827404015,80.46284207865516,7986940
2015-11-18,79.67400360107422,81.99125335129648,78.63863300989613,80.66006796483468,6066296
2015-11-19,80.46284484863281,81.44890914217751,79.08235333305552,80.16703007441352,4303243
2015-11-20,86.57644653320312,93.18307418013121,84.70292290221543,88.4992688641987,32348002
2015-11-23,81.99124908447266,87.02017557333086,81.25170085013839,85.98480503603344,8284435
2015-11-24,85.14665222167969,85.98480538605568,81.00518510177847,81.54751596198707,10765461
2015-11-26,89.14021301269531,90.71791436663072,83.86477058403311,85.49177063845413,16157364
2015-11-27,89.09090423583984,91.55606488167422,87.36529178375578,88.74578325003768,9182225
2015-11-30,89.63325500488281,90.42210200699218,88.35136828222791,89.58394877590597,4792887
2015-12-01,93.971923828125,94.85937561383244,89.8304495615072,90.02766692072119,12688299
2015-12-02,93.62680053710938,95.10589695964238,92.7886474022887,94.07053397771334,5999973
2015-12-03,90.61930847167969,93.5775012997667,90.32348617964163,93.38028393071686,4906352
2015-12-04,92.09840393066406,94.21844360675631,88.9922999887683,89.43602589915055,10544253
2015-12-07,92.29561614990234,93.87331751117682,90.71791478862787,93.67610766217008,5591777
2015-12-08,87.71041107177734,92.44352242939144,86.23131471290708,91.50676441133618,4939727
2015-12-09,83.81546020507812,88.94299123192425,82.434968767674,87.71041093479076,7912473
2015-12-10,86.1327133178711,87.26668874401823,83.32243162564451,84.11128605854863,4311210
2015-12-11,85.54107666015625,90.22488201042417,84.01267401031312,87.3159953810661,9686372
2015-12-14,89.63325500488281,90.52071446494587,85.39317509740059,85.78760235999243,7656820
2015-12-15,89.28811645507812,90.12626952173878,87.80902015282773,89.73184233652411,3915165
2015-12-16,88.5978775024414,91.01373959633337,88.3513614228447,90.12628020517047,4320204
2015-12-17,90.81651306152344,91.55606122574281,88.05553776228159,88.84438462360514,9100268
2015-12-18,89.73184204101562,90.56999510491605,87.95692347493124,90.52069640884707,4628271
2015-12-21,90.42208862304688,91.70397515596164,89.18950831181084,90.4713948447256,4002969
2015-12-22,89.28811645507812,91.70397073952464,88.30205225357786,90.66860031872024,4157745
2015-12-23,91.06302642822266,91.60536474187037,90.22487337146295,90.27417959018464,3619338
2015-12-24,91.11234283447266,92.3942219107672,89.92906116050048,91.95049598494863,2990873
2015-12-28,89.38673400878906,91.50677384637653,88.54858082362394,91.11234660539475,3151248
2015-12-29,89.4853286743164,90.42208668151255,88.94299033978831,90.22487684517853,2341273
2015-12-30,93.52819061279297,94.07052894795338,89.18950650072877,89.73184483588919,12085937
2015-12-31,94.90868377685547,96.7822073508314,92.98586150437183,93.77470838815373,20223568
2016-01-01,92.88725280761719,95.15520367649357,92.49283311135476,95.15520367649357,3403514
2016-01-04,91.35885620117188,93.57750081064034,90.2248807850511,91.50676734641777,6682526
2016-01-05,94.56356811523438,95.9440596433618,90.22488367957976,91.75328635769826,8447206
2016-01-06,92.14769744873047,95.6482284047307,91.75327778304556,95.15519629955168,4813339
2016-01-07,82.78009033203125,90.71791051097043,81.99124345012758,89.73184626628597,9245392
2016-01-08,83.4210433959961,85.59038950300061,79.37818102244891,83.7168657133839,12862101
2016-01-11,82.78009033203125,83.71685587832539,79.82189759797787,81.05447790383344,9583608
2016-01-12,78.88514709472656,84.25919473132527,78.09629261454975,82.53358213862812,10828818
2016-01-13,76.71580505371094,81.64612652186527,73.56039480024803,81.05448192722793,12945160
2016-01-14,71.19384002685547,75.68043563738945,70.50359802049961,75.63112941276104,11858071
2016-01-15,63.10811233520508,72.17990047416151,61.13598382472992,71.68686834654272,15515217
2016-01-18,59.163856506347656,63.99557295898073,58.17779223124187,61.481106048231595,15693048
2016-01-19,63.4532356262207,64.68581599006754,56.205664591415974,59.163857464648395,20381831
2016-01-20,60.199222564697266,61.82623010490664,58.96664223470127,60.938770762694865,12411540
2016-01-21,61.77692794799805,63.50254041848362,60.347134005859814,61.23458959090182,10154963
2016-01-22,65.1295394897461,65.77047516261806,62.61507292222315,63.354621027603734,7780882
2016-01-25,64.38999938964844,66.80585382501371,63.206717760084665,66.26351547107949,5484108
2016-01-27,64.98163604736328,65.96770030446113,64.04487048927638,65.52396687492315,5996551
2016-01-28,63.15742111206055,65.03093725434144,62.812296351844324,65.03093725434144,13364567
2016-01-29,63.305320739746094,64.98163444943508,60.14991820385505,63.84765907704286,8850284
2016-02-01,63.0095100402832,64.58721140980104,61.62901852080252,63.896969411597475,5358963
2016-02-02,59.21316146850586,63.55184220528197,58.86804046225824,63.45323727822175,7898455
2016-02-03,54.627967834472656,59.213164917511406,54.03632695303932,58.522919103274376,13119934
2016-02-04,56.60009002685547,57.78336412958939,53.83910708971197,55.41681216258492,9214195
2016-02-05,62.61507797241211,63.45323105482981,57.043813624582896,57.58615195483298,20592231
2016-02-08,60.44573974609375,65.37606491859304,60.14992121374334,64.58721048360965,11315353
2016-02-09,60.347137451171875,61.2345930868801,58.128492719595975,58.96664589135434,9940390
2016-02-10,58.8187370300293,60.396438406230395,57.438245504700745,59.903406255975455,6818455
2016-02-11,54.134925842285156,59.16385173515913,52.162797451113185,59.16385173515913,10630243
2016-02-12,54.67726516723633,56.15636158964198,47.4296904405266,56.15636158964198,17832380
2016-02-15,62.26995849609375,64.5379017428263,55.31820256857585,55.51541616962894,17147005
2016-02-16,58.325706481933594,63.50254420181396,57.48754954655463,63.50254420181396,10900191
2016-02-17,56.254966735839844,58.67082498763817,54.233535702858816,58.67082498763817,13304527
2016-02-18,56.254966735839844,60.14992141589796,55.21959998836534,57.93127677350828,11935714
2016-02-19,56.50148391723633,58.424310064056954,54.233536768322914,55.5647220752943,7841503
2016-02-22,55.95914840698242,57.43824484064716,54.82517296989143,56.79730154811107,6208463
2016-02-23,55.71263122558594,57.438243697174876,54.43074842757005,56.20566336032563,8478023
2016-02-24,57.43824768066406,59.85410606074186,54.233538582601255,54.82517568070577,15065790
2016-02-25,53.3953857421875,58.128493841964115,53.00095849989905,57.24103442758358,16928903
2016-02-26,52.65583801269531,54.82517658245031,51.817681054801795,54.48005556313574,9522345
2016-02-29,52.65583801269531,54.233539474614766,51.27534641236305,53.24747512053086,8912582
2016-03-01,55.071685791015625,55.614024127238515,52.80373881225848,53.05025486998287,7826286
2016-03-02,56.50148391723633,59.06525336684277,55.51541961235773,56.89591114380249,16618509
2016-03-03,62.46717071533203,63.10811400278753,56.50148256581337,57.635457993915644,24050982
2016-03-04,62.26995849609375,64.68581288400027,60.98807197001694,64.3899981247255,17267856
2016-03-08,65.47467041015625,66.46073470090236,62.615082462377835,63.10811460775089,18857907
2016-03-09,64.14348602294922,64.58721195078624,60.49504358211407,62.12205118930586,15705459
2016-03-10,64.93233489990234,66.9537697941624,62.1220530521576,64.14348794641766,23453536
2016-03-11,61.92483901977539,66.55934211171318,61.629020473808495,64.48860852840797,18800771
2016-03-14,58.917335510253906,63.10810832897489,58.572214547444375,62.91089473813957,16146496
2016-03-15,59.85409927368164,60.49503876369373,58.22709179608075,59.95270419167226,11894987
2016-03-16,57.83266830444336,60.84016343857216,57.191725053539095,59.85409921351115,10477086
2016-03-17,57.98057556152344,60.00200646641602,57.5861521292356,59.60758303412818,8281130
2016-03-18,59.7554931640625,60.149920376061175,58.375005445140474,59.21315856871682,8224036
2016-03-21,59.41037368774414,60.741558979452336,58.7694303923073,60.149921907923535,6524023
2016-03-22,60.692256927490234,61.33320022726122,59.95270870230992,59.95270870230992,11955087
2016-03-23,61.33319854736328,62.36856528194997,60.93877133345564,61.13598494040946,10700686
2016-03-28,59.41037368774414,62.368566568461695,58.42430939417163,62.02344557032602,6952331
2016-03-29,54.973087310791016,59.854106577688825,54.72657122419554,59.656892956105054,12955204
2016-03-30,56.895912170410156,57.68476287623938,54.82517483587944,56.55078740055326,11219108
2016-03-31,59.41037368774414,59.75549468587982,56.501483269397866,57.093124102463435,13194916
2016-04-01,62.61507797241211,64.38999657770967,58.52290995463988,58.72012355095477,18486876
2016-04-04,62.5164794921875,64.68581799041321,61.82623371478074,63.9462697492353,10798852
2016-04-05,59.26245880126953,62.31926017546667,59.16385388274623,62.07274411762189,9563571
2016-04-06,61.08668518066406,62.122051961040704,59.16385901051496,59.459677553260164,9190787
2016-04-07,59.41037368774414,61.924836884046705,59.163857614351016,61.43180473726045,7506654
2016-04-08,65.72118377685547,66.95376408953815,58.86803648603241,58.86803648603241,44145045
2016-04-11,64.93233489990234,66.31282647234283,64.19278664928142,65.5732782217219,15081055
2016-04-12,64.48859405517578,66.3128111471751,64.09416690805028,64.98162610831463,7970910
2016-04-13,67.0523681640625,69.17240777974675,65.22815082891954,65.27744952696102,19053301
2016-04-18,68.28495025634766,68.82728861057323,66.16491058492942,67.54540205862547,9367755
2016-04-20,73.5110855102539,75.43390759662518,69.22170043238,69.27100664918848,28069166
2016-04-21,72.32781219482422,74.64506170852832,71.48965907579166,74.44785186513477,10590632
2016-04-22,71.93338775634766,73.85621765734568,71.34175068029964,72.37712120568887,8568897
2016-04-25,71.7361831665039,72.5743363792984,69.22171600504628,71.9333930319588,10832923
2016-04-26,73.21527099609375,74.349246394924,71.24314248441446,71.63756969136497,11950985
2016-04-27,75.72974395751953,78.14559856968727,73.26458311935905,73.31388182227795,22870746
2016-04-28,73.65899658203125,76.41997949561836,73.26457689986727,74.8915768964767,11366161
2016-04-29,68.8272933959961,73.90551868830849,66.36213256552452,73.46179274805314,32805124
2016-05-02,69.71475219726562,70.60221168895049,67.15098618367844,68.33426801361645,12695777
2016-05-03,67.98912811279297,70.9473209099803,67.59470842495998,69.71474057781892,8774317
2016-05-04,65.57327270507812,70.40498904059325,65.03093435768653,69.81335199448539,17462288
2016-05-05,65.03093719482422,67.1509769320199,64.09417912454111,64.7844211212683,12531099
2016-05-06,63.25602722167969,65.03093847230495,62.91090245499963,64.58721254041706,8603142
2016-05-09,64.04487609863281,65.42536768409451,63.256029137707486,64.09418232503548,7619729
2016-05-10,63.50254440307617,65.72118914719944,63.10811716617283,63.453238177310574,10236387
2016-05-11,62.71368408203125,64.19278044020686,62.171349503007505,62.81229276283156,8192044
2016-05-12,63.10811233520508,64.04487036845148,62.1220480799675,63.40393462100565,7592727
2016-05-13,61.481109619140625,63.108117272178745,60.64295644123426,63.108117272178745,8310456
2016-05-16,60.49504470825195,61.92483872883409,60.149923699834865,61.579717720417,5505927
2016-05-17,59.36107635498047,61.234596417743916,59.16386272691666,61.037386551217196,6250516
2016-05-18,60.692256927490234,61.33320022726122,58.32570486383531,59.06525308901562,9076249
2016-05-19,59.508975982666016,62.31926135207762,59.31176614189602,60.14991924977829,8973188
2016-05-20,59.11455154418945,60.495039214017076,58.72012434621783,60.1499182369443,4669072
2016-05-23,58.473609924316406,59.75549271129425,57.78336418931706,59.50897664604711,5289519
2016-05-24,57.38894271850586,59.11455523467162,57.043817958350644,58.276398327040475,6838413
2016-05-25,58.720123291015625,59.26245785732844,57.73405907534269,58.37500232014469,5307988
2016-05-26,59.85409927368164,60.34713138670779,58.76942636810221,59.0652486451471,6416364
2016-05-27,60.74155807495117,61.62901743056601,59.75549379606212,59.854102480873046,5713010
2016-05-30,61.23459243774414,62.36856790425441,60.54435042668938,61.72762459509003,4914519
2016-05-31,62.368568420410156,63.45323767093297,59.75549646023672,61.38250409755782,11290062
2016-06-01,61.23459243774414,62.812297598173075,60.64295535354382,62.51647905607292,4971427
2016-06-02,61.97413635253906,62.319261095539034,60.54434620515937,60.84016472663322,4061856
2016-06-03,60.199222564697266,62.46716961958257,59.50897682759217,62.12204863179835,5640978
2016-06-06,61.08668518066406,61.62901980261975,60.1992257908916,61.08668518066406,3658084
2016-06-07,61.283897399902344,62.02344562068216,60.29783310552925,62.02344562068216,4401761
2016-06-08,63.551841735839844,65.37606672681045,61.33320080107867,61.48110819057644,13685135
2016-06-09,63.50254440307617,64.78442351916978,62.91090354772116,63.55184310576796,6637341
2016-06-10,63.50254440307617,65.3267619102961,63.058814701944144,64.04487527112869,8476263
2016-06-13,61.18528366088867,63.009504711757565,60.3964330428405,63.009504711757565,8089974
2016-06-14,64.09416961669922,65.27744358500931,61.53040433664573,61.62900924682617,14758325
2016-06-15,64.09416961669922,65.08023376464844,62.71367830495583,64.7844115110347,5155944
2016-06-16,64.58721160888672,65.1788486838954,63.206720085150764,63.551841085316354,6820169
2016-06-17,65.37606811523438,66.55934230249363,64.73512479585486,65.17885073530863,8606371
2016-06-20,66.5100326538086,67.54540315668052,63.79835588474478,64.14348440108436,6785359
2016-06-21,65.67188262939453,67.39749520048336,65.32676161979153,66.85516433484257,5075025
2016-06-22,64.73511505126953,66.6579371968916,64.09417182837129,66.26351001948709,5669565
2016-06-23,64.6858139038086,65.12954733432619,63.403934880595386,64.58720898249577,4500265
2016-06-24,61.481109619140625,62.910903653395806,59.854105727639414,62.12205293980095,7528008
2016-06-27,62.86159896850586,63.40393734138514,61.28389759704827,61.48110744732789,6455316
2016-06-28,65.17884826660156,65.86909778558714,62.269961611306194,62.910901144872646,8416960
2016-06-29,65.57327270507812,66.26351467169177,65.32675664227708,65.81978876787917,5640937
2016-06-30,66.90445709228516,67.15097315196422,65.67187679388981,66.65794103260609,7207359
2016-07-01,69.66543579101562,71.44034680039243,67.54539630033227,67.9891221719083,15885594
2016-07-04,71.19384002685547,72.17990433483449,69.76404978951535,70.10917079269328,6924335
2016-07-05,71.98269653320312,73.36318810831767,70.45429380306311,71.19384205511656,7357107
2016-07-07,70.05986785888672,73.90551240923415,69.81335179678378,72.96875438247221,8950169
2016-07-08,68.63007354736328,70.35568606662997,67.93983154888602,70.3063873656379,5943980
2016-07-11,67.8905258178711,71.63757318186373,66.4114293620435,69.96125935141498,11425233
2016-07-12,73.4617919921875,74.05342908079842,68.23564807613124,68.77798646248428,15373290
2016-07-13,72.47572326660156,74.94088392192815,71.44035278213508,73.658997371929,10440031
2016-07-14,72.87014770507812,73.85621192971227,72.13059953660252,72.57432542845868,5902110
2016-07-15,71.5389633178711,73.51109178950836,70.99662497894161,73.21526950953353,6188760
2016-07-18,67.98912811279297,72.37711860913151,67.10167629209542,71.9826913982252,6795234
2016-07-19,68.13703918457031,69.27101459356359,67.54540213037873,69.02449852739433,5080883
2016-07-20,68.77798461914062,70.20777483855284,67.05237210181451,68.82729084315079,7133283
2016-07-21,66.65794372558594,69.41892671476444,65.4746696005514,68.77798342909014,8753624
2016-07-22,68.13703918457031,69.12310344924738,66.06630573336315,66.60864408816485,7522020
2016-07-25,69.07380676269531,69.51753268550101,67.64400902340472,68.53146839208965,5648451
2016-07-26,79.23025512695312,82.53356861568957,69.71473431313352,70.01055657549848,67627621
2016-07-27,86.7736587524414,88.942997212023,78.04699116661173,79.57538632397535,68525903
2016-07-28,83.86477661132812,88.00624390343671,82.23776891690189,86.77366345660987,36713626
2016-07-29,82.33636474609375,86.67504894391573,81.20238935575446,84.50570308346813,25494644
2016-08-01,88.00623321533203,90.12627283101628,80.95587241111379,83.17451694595408,41680994
2016-08-02,82.38567352294922,88.10484182753217,81.69542401377778,87.66111591119392,25618433
2016-08-03,79.42748260498047,84.06198181921508,78.88514422917544,83.32243359206656,19613608
2016-08-04,80.6600570678711,81.84333113529676,77.89907421311379,80.11771873184172,21480445
2016-08-05,81.64612579345703,82.6321900782907,80.85727135636071,81.49821464611729,12110486
2016-08-08,83.1252212524414,85.29455964457702,81.5968186195231,82.53357666997408,17315191
2016-08-09,81.1037826538086,84.60431366815659,80.8572665971101,83.71685435942737,12723926
2016-08-10,79.18096923828125,82.28706588011498,78.6879370699808,81.30100154351409,10625271
2016-08-11,78.8358383178711,80.06841870134672,76.46929000005682,79.37817669582982,11133389
2016-08-12,79.82190704345703,81.05448749516621,78.9837538409096,79.27957615854942,8528416
2016-08-16,79.8711929321289,80.955861948815,78.39209676671912,79.92049914687142,7189582
2016-08-17,80.95587921142578,82.04054845940111,79.03305679560924,79.57538765806004,9697340
2016-08-18,84.20989227294922,87.16808515708276,81.44890923852851,81.49821546249348,27692442
2016-08-19,86.62574005126953,87.95692524102539,84.01266836881666,84.45640178078392,24094305
2016-08-22,84.65361785888672,86.97086743760607,84.1605857134965,86.77365758867938,14650198
2016-08-23,86.1327133178711,89.97836551290014,83.96337491199493,84.65361689848096,21883469
2016-08-24,86.28062438964844,87.6118096613312,85.78759225027902,86.32993061281475,8476299
2016-08-25,85.73828125,88.64717522404766,85.34386157893923,87.06947397058559,15101563
2016-08-26,83.81546020507812,86.72434669708396,83.02660580568345,86.47783063765725,12039877
2016-08-29,84.11127471923828,84.99872643277342,83.12521057257932,84.30848453934111,8343525
2016-08-30,86.57644653320312,87.75972065641987,84.11128584060707,84.55501175604499,16809437
2016-08-31,84.25919342041016,88.25275693917789,83.91407241185495,86.57645059872468,12938314
2016-09-01,83.1252212524414,85.14664849896019,82.63218911576755,84.75222128500643,7688728
2016-09-02,80.41354370117188,82.92800305936288,80.11772141287962,82.92800305936288,8837313
2016-09-06,81.54751586914062,82.78009626331188,80.8572738576342,80.8572738576342,7792016
2016-09-07,84.0126724243164,84.55501077965431,81.6461242052104,82.08985011552444,9411402
2016-09-08,85.44246673583984,86.18201490575812,84.25918515012678,84.30849137068388,9740073
2016-09-09,83.71685791015625,86.77365563825276,80.36423789224546,82.73079364153975,20158474
2016-09-12,79.8711929321289,81.74471624626241,79.18095106416652,81.4488940039516,10724869
2016-09-14,80.46284484863281,81.0051832193118,79.18096578086882,80.06841762660022,9042478
2016-09-15,82.04054260253906,84.20988846669417,80.8572685115986,81.84333276174004,17377657
2016-09-16,80.36424255371094,83.32243553114814,80.0684202467377,82.82940336824194,8224861
2016-09-19,80.61076354980469,81.7447390982394,80.21633629081771,80.80797341776106,5488374
2016-09-20,80.61076354980469,82.18846506267838,79.92052148888314,80.6600697783309,8176627
2016-09-21,79.7232894897461,81.49820806842297,79.47677343843391,81.0051759657986,8143374
2016-09-22,81.05448150634766,81.547513650603,80.01911851725555,80.90657788152984,7504247
2016-09-23,81.1037826538086,83.27312094352625,80.16702464758347,81.2023875718734,12556792
2016-09-26,80.36424255371094,82.23776627736926,80.0684202467377,80.85727471661714,5609424
2016-09-27,79.27957153320312,81.25170014087945,78.88514430705314,81.05448276626765,5214742
2016-09-28,80.36424255371094,81.05448457255011,79.42748445341866,79.92051661632486,7223376
2016-09-29,73.60969543457031,81.35029804717144,72.32780894096146,81.35029804717144,16479847
2016-09-30,74.89158630371094,75.58183588034751,73.46179596858558,73.95482815629421,7949532
2016-10-03,77.553955078125,77.89907606239439,75.53252034828927,75.92694755448566,6011094
2016-10-04,81.94194030761719,83.32243180666177,77.84977203379958,78.04698940399078,23414161
2016-10-05,82.33636474609375,84.75221914558219,81.89263884351773,82.92800179055284,19243854
2016-10-06,78.0469970703125,81.30100500582746,77.20884385312262,80.2656419221485,18200550
2016-10-07,79.08235168457031,79.476778898381,77.50465035240096,78.194899857338,8144787
2016-10-10,78.29349517822266,80.26562348234377,76.3706655678611,79.77259140631348,7308687
2016-10-13,76.71580505371094,79.77260285935192,74.94088631594596,77.60325689951989,11098645
2016-10-14,75.48322296142578,77.50465020332315,74.64506231253775,76.71580330029248,6799746
2016-10-17,74.74366760253906,76.22276386757818,74.15202307806531,75.72973177923181,5644548
2016-10-18,75.68042755126953,76.81440288889986,74.94087939930273,75.33530658496626,5249243
2016-10-19,75.03948974609375,76.4199812342957,74.6943687548116,76.12415894286909,5019581
2016-10-20,75.87763977050781,77.80046953997852,75.28600273492954,75.58182501425522,7365731
2016-10-21,75.08879089355469,76.37066984925295,74.5957587898847,76.37066984925295,4208830
2016-10-24,75.87763977050781,76.71580038757286,75.33530895584151,75.48322009550435,5483273
2016-10-25,75.72974395751953,77.70187262804791,75.28601049280633,76.91301815060702,8460224
2016-10-26,75.77903747558594,76.91301288816717,75.13809419690321,75.33531156430662,11847305
2016-10-27,75.1874008178711,76.22277131377277,72.96875620357325,75.28600574055854,9337442
2016-10-28,74.20133972167969,75.87764604835527,73.95482364287012,74.94088795810839,6708726
2016-11-01,76.5678939819336,77.80047435020983,74.44785424388378,74.89158016723381,11483449
2016-11-02,73.70830535888672,75.38461163541128,73.11666829205885,75.38461163541128,6735268
2016-11-03,72.17989349365234,75.43390823047027,71.2431355509997,74.3492391592218,9086328
2016-11-04,67.8905258178711,72.13060533380626,67.44679989035225,71.88408925783499,9500825
2016-11-07,69.91195678710938,70.70080367278585,68.58077155503335,68.58077155503335,6277675
2016-11-08,71.19384002685547,71.63757347929021,69.41892878633742,70.60220294668278,6076115
2016-11-09,69.07380676269531,69.71474253495387,61.135986191504436,65.08024336514988,11873283
2016-11-10,75.28600311279297,76.91301061110401,70.55289928133813,71.39105237953682,16254422
2016-11-11,73.8562240600586,76.71581228577874,72.4264261856614,73.06736954155846,10319369
2016-11-15,69.56684112548828,74.20134044292661,68.77798665640042,74.20134044292661,7380349
2016-11-16,66.95376586914062,71.34174888969241,66.55933865398381,70.79941805154104,8341238
2016-11-17,67.00306701660156,68.38355855854026,66.26351878232087,67.54540539763687,7999661
2016-11-18,66.60865020751953,67.150981089072,65.1788523785379,67.10168238515305,4991163
2016-11-21,64.09416961669922,67.84121638813521,63.40392772236373,67.69330526132835,6908206
2016-11-22,66.01699829101562,66.65794155582681,64.09417601965524,64.53790192133127,5735084
2016-11-23,66.11560821533203,66.7565439326525,65.37606005866421,66.65793901637804,3999870
2016-11-24,63.79834747314453,65.67187086209456,63.20671048796885,65.67187086209456,6843457
2016-11-25,65.72118377685547,66.26351460059193,64.04487003776309,64.24208740163624,5054540
2016-11-28,69.91195678710938,71.14453709885998,65.17884538075775,65.37606274448176,11335430
2016-11-29,69.56684112548828,71.39105862179598,68.58077680066533,69.81335720669402,5489252
2016-11-30,69.61613464355469,70.30638413337196,68.97519137553621,70.01056184872553,5925037
2016-12-01,67.24958038330078,70.30638564687449,66.3621285564035,69.81335351056562,4685151
2016-12-02,66.46073150634766,68.48215869136953,66.06630430439336,66.16490922411364,5282630
2016-12-05,67.69331359863281,68.23564443295646,66.75654802886285,67.20028146393494,5949363
2016-12-06,69.91195678710938,70.70080367278585,67.34819124328274,68.0384332086338,7323342
2016-12-07,70.257080078125,71.34174928348838,68.77798365542763,70.40499122500943,5024052
2016-12-08,72.08129119873047,74.4478467729487,71.29244435603958,71.53896040495663,11229820
2016-12-09,73.16596221923828,74.59575985412354,70.05986594026172,70.89801902384386,14764834
2016-12-12,72.47572326660156,74.10273080373176,71.63757014840517,72.91944917533102,5175087
2016-12-13,75.23670959472656,75.63112929886529,71.9826943740667,73.06736360659545,9379483
2016-12-14,74.79297637939453,76.12416169275492,74.29994422458894,75.92695184006215,5434967
2016-12-15,72.91946411132812,75.87765750364285,72.47573811171084,73.85622986607268,6006468
2016-12-16,72.08129119873047,73.65899240718502,71.68686401584863,73.4617825772805,4224507
2016-12-19,72.27851867675781,73.65900272561852,71.73618028393837,72.3278173796035,3602958
2016-12-20,70.94731903076172,73.11666487174917,70.15847215291701,72.67293145008047,3250919
2016-12-21,70.75011444091797,71.98269483187472,70.60220328938841,71.83478368034518,3678700
2016-12-22,67.84122467041016,71.24314338692318,66.65794303456882,70.89802239762196,7469817
2016-12-23,67.1509780883789,67.93983254657158,66.06630885066922,67.05237316187323,4992239
2016-12-26,64.38999938964844,67.05236989078867,63.99557217979385,67.00306366840437,4976457
2016-12-27,65.42535400390625,66.11560341384558,63.99556401407935,64.43928986662637,5387338
2016-12-28,66.90445709228516,68.28494853110257,66.06630399399094,66.06630399399094,8768918
2016-12-29,68.58077239990234,68.82728846528937,67.05236978527341,67.15097470681357,5029660
2016-12-30,68.23564910888672,69.91196299557494,67.6440120113213,68.72868127737021,5947692
2017-01-02,69.36961364746094,69.81334704287433,67.89051737556167,68.82728286160814,4895204
2017-01-03,69.41893005371094,70.45429308214723,68.87659166519161,69.22171267467037,4251904
2017-01-04,70.20777130126953,70.79941586728845,69.22170705533556,69.71473917830255,3841755
2017-01-05,74.44784545898438,75.38460341910678,70.5035887459256,71.29244309776642,11807159
2017-01-06,72.52503204345703,76.12416070854586,72.17990352109636,74.8422816364689,12215743
2017-01-09,73.21527099609375,73.56039198102299,71.9826906762942,73.11666607512444,3467157
2017-01-10,73.75761413574219,74.4478561504239,72.96875967061416,73.56039675792331,4120512
2017-01-11,80.8079605102539,84.50570136685015,73.75760729546884,74.15202696838068,39447565
2017-01-12,79.52608489990234,81.35030229524158,77.6525612818215,80.66006031529918,14493302
2017-01-13,77.35673522949219,80.31492789636489,76.41997722754502,79.57537972964671,10195083
2017-01-16,77.80048370361328,80.66007200641695,76.02556475068012,77.40605643373097,9944179
2017-01-17,76.41997528076172,78.73722463949929,76.12415301238127,77.8990715765184,5546995
2017-01-18,79.08235168457031,80.66006053981305,76.76510214765844,76.86370707034277,15330406
2017-01-19,78.88514709472656,79.57538912257587,78.09629261454975,79.13166317939759,4958019
2017-01-20,76.0748519897461,79.47677035671543,75.2366989523987,78.0962790182813,7578833
2017-01-23,77.80048370361328,78.29351591019756,76.12416968738208,76.27208085397226,6616751
2017-01-24,79.9205093383789,80.36423523535716,77.84976842428546,77.89907464531552,8334067
2017-01-25,81.05448150634766,81.547513650603,78.98374800508995,80.56144936209232,11146331
2017-01-27,78.19490051269531,82.7307947018504,74.34924831118886,81.3503032034797,22846929
2017-01-30,80.56143951416016,82.43496293792326,77.94837548748993,78.29349644166594,14872645
2017-01-31,78.88514709472656,81.25170301218314,78.5893247838918,79.87121143341065,7810228
2017-02-01,82.23776245117188,83.0266093612756,77.45535219810307,79.08235224153665,13431034
2017-02-02,84.80152893066406,85.98480306930439,79.87120748120685,82.33636820593546,16549990
2017-02-03,90.02767181396484,91.95049415160551,84.85083434162244,84.9001330418007,39982971
2017-02-06,89.58393096923828,92.9365507502546,88.84438282003201,91.8025754168571,14878725
2017-02-07,88.54857635498047,94.90868802370312,87.75972191282678,89.7318504951375,39125532
2017-02-08,90.32349395751953,91.161647159704,88.05555044120119,89.14021973362075,9792612
2017-02-09,90.57000732421875,92.09841004694519,88.94299967297823,90.96443456134885,12336141
2017-02-10,89.73184204101562,91.40814816881647,88.94298767318416,91.0630272040425,5076013
2017-02-13,87.26669311523438,91.11234550289336,84.30850012827727,90.27419232787028,10591156
2017-02-14,86.87226104736328,88.25275253577783,85.88619677322052,87.46389810723427,5183856
2017-02-15,88.499267578125,92.44352462896066,86.97086496169688,87.75971938109332,28033955
2017-02-16,91.26025390625,93.38028613121193,89.18951285933363,89.18951285933363,21297456
2017-02-17,91.70397186279297,93.1830681831606,90.71790764921455,91.75327808270106,11452382
2017-02-20,98.75433349609375,101.26879275237748,91.70397279288628,92.14769868426782,55711331
2017-02-21,107.87542724609375,108.61497541159748,99.59248628783725,99.59248628783725,58706739
2017-02-22,108.71358489990234,109.94616522756563,101.76182884265206,108.07264162490277,39187776
2017-02-23,114.97509002685547,116.25697656087816,105.50887473299572,108.71358354497924,49390545
2017-02-27,122.96221923828125,123.751073713413,112.75645490278585,114.33415632997556,52265713
2017-02-28,123.7017593383789,127.74462885325204,123.06082358301578,124.73712982839731,41787690
2017-03-01,124.49061584472656,125.57528505242236,122.0747613583553,123.75106763178759,19000271
2017-03-02,123.30734252929688,126.70926132210053,122.32127823885251,125.67389080790454,16033684
2017-03-03,124.6385269165039,126.46274433603475,120.94078585404675,123.15943049152104,11527055
2017-03-06,124.19479370117188,127.8925347703581,122.96221334477647,127.10368033303565,13014483
2017-03-07,123.06082153320312,126.068312984889,122.56778940770643,125.32876479664398,7491482
2017-03-08,120.59567260742188,123.65247057749554,117.6374795674008,123.25804333421127,13736101
2017-03-09,116.60209655761719,123.89897344934697,112.41132353123348,120.10262762417871,40098048
2017-03-10,123.75106811523438,125.47668061883326,118.82074667638041,119.21517389610342,40470789
2017-03-14,123.1101303100586,127.89254081426374,122.46918698982878,127.69533095715018,14230799
2017-03-15,121.23660278320312,124.04689205915228,120.79287685703935,123.15943268375116,7439745
2017-03-16,126.56134796142578,128.77999244425925,122.27196260948939,123.75105893137837,21880452
2017-03-17,128.1390380859375,130.16047267843007,125.47666779038052,127.20228011755667,21304782
2017-03-20,126.61064147949219,129.17441450336085,124.34269825778082,129.0758020616174,11562259
2017-03-21,126.0190200805664,127.5967139270107,124.83573841112288,127.4488103010196,7351249
2017-03-22,123.01151275634766,125.1808510542444,122.37056950190036,124.04688320761426,6987236
2017-03-23,123.75106811523438,124.63852747884278,122.46918153190295,123.75106811523438,4514928
2017-03-24,118.08119201660156,125.1315527940237,117.39095006205943,123.94827119942894,17408161
2017-03-27,114.87649536132812,120.15193806429365,113.15088277006353,119.31378488172277,12043717
2017-03-28,118.62353515625,119.7575030527462,115.86255218017395,116.25697939433816,10877034
2017-03-29,116.89791870117188,119.56028914085233,115.71463709892369,118.6235311217615,6982412
2017-03-30,117.3416519165039,118.17980506843564,115.56673316399961,117.53886176763834,9221124
2017-03-31,119.31377410888672,122.22266063371708,118.52491970059042,119.31377410888672,15018988
2017-04-03,121.53242492675781,122.27197315146425,119.51099010333078,120.10263470155479,7525240
2017-04-05,122.76500701904297,123.50455525409745,121.77894270563701,122.0254587839885,7659784
2017-04-06,130.90003967285156,132.0340076327261,123.2580411232124,123.2580411232124,29822172
2017-04-07,127.20228576660156,133.36518720878186,126.65994743046048,131.14654268959697,24788660
2017-04-10,126.16692352294922,127.94184226299475,124.09619000827847,127.10368159387275,10420341
2017-04-11,125.72319793701172,127.35019800950244,124.44131134097356,126.36413371195725,5341442
2017-04-12,125.13156127929688,126.56135902933715,121.68033622640965,126.1176255801218,7445796
2017-04-13,120.44775390625,124.19479367506015,119.51098832174237,123.35664053750219,9841952
2017-04-17,119.41236877441406,122.02544031403622,118.32769969845937,120.99006993244568,6987386
2017-04-18,116.89791870117188,124.58921526195603,115.96115315900792,120.44774846177019,11421261
2017-04-19,110.98153686523438,118.03189039426955,107.97403782525589,117.68676940355236,25848445
2017-04-20,109.50244140625,111.77038473853963,107.48100662111885,110.19268339367001,12863603
2017-04-21,110.43920135498047,112.6578460250582,110.04477413124083,110.93223350388664,8834432
2017-04-24,112.46063232421875,114.77788184012338,110.29128642946309,110.93222970571075,12383537
2017-04-25,111.67178344726562,113.59460584838642,110.981541437395,113.05227499008055,5683547
2017-04-26,111.3759536743164,115.56672672349808,110.43919564902272,111.91829201932212,13576696
2017-04-27,112.1648178100586,112.70715620210598,109.79826190769313,111.52387448938634,7146821
2017-04-28,112.41132354736328,118.22910407767478,111.22804946662029,112.7564445273239,21930708
2017-05-02,111.86898803710938,116.45418838143735,110.93222999306394,113.2001808154848,11505382
2017-05-03,110.58711242675781,113.64391024321884,108.17125038496673,112.65784594609764,11808836
2017-05-04,111.27735900878906,112.95367289678302,109.6503513469114,111.91830233293163,7172727
2017-05-05,106.59354400634766,111.5238652603237,105.26235877238877,111.32665541939394,13785392
2017-05-08,109.5517349243164,109.79825098288737,103.83256687931417,106.79075958216559,10507088
2017-05-09,112.21412658691406,113.20019094172676,109.30523222637223,110.04478049248175,9948611
2017-05-10,112.70714569091797,113.93972599146137,111.52386408855243,112.16480734944962,5735471
2017-05-11,112.85505676269531,115.12300767472448,112.1648147580292,113.29879021404378,8312179
2017-05-12,110.53780364990234,113.44669777307577,109.50244067567998,113.24948040436195,7205164
2017-05-15,112.6085433959961,113.2494867146511,110.73502718879901,111.32666428175988,5730419
2017-05-16,112.50993347167969,114.13694104738015,111.91829640499047,113.54530398069092,5083003
2017-05-17,114.77788543701172,116.55279665408095,112.60853947427348,112.90436177198846,14511700
2017-05-18,111.72107696533203,114.18623746745257,111.03082751089458,113.10156082806127,6952070
2017-05-19,110.58711242675781,113.89042631749915,107.77683068457709,112.21412002162252,7976703
2017-05-22,112.1648178100586,114.18625270070017,110.38989900251605,111.86899550111022,7699472
2017-05-23,106.64285278320312,114.77788304717312,101.2687979737668,113.24948041259182,39016051
2017-05-24,109.5517349243164,112.3127177895403,107.38239661812126,108.36846085240508,18762989
2017-05-25,116.84861755371094,117.83468183686462,109.74895772423383,110.43919971321202,15373769
2017-05-26,123.25802612304688,123.99757427978516,117.34164086914062,117.34164086914062,18661412
2017-05-29,118.77143096923828,127.59670263088736,117.53885070794244,125.23015454765766,13503169
2017-05-30,121.77893829345703,122.71569634802349,115.46812541169153,118.32771332157768,11227909
2017-05-31,120.05333709716797,122.5678042509379,119.51099868421394,121.28591756017791,5671848
2017-06-01,118.62353515625,120.20123648983345,116.75001153127506,120.05332534413769,5848472
2017-06-02,120.15193176269531,121.72963311591973,118.9193514050085,119.51098847208348,6266169
2017-06-05,120.10262298583984,121.97613895388044,119.36307483327451,120.20122790156732,4337415
2017-06-06,116.55279541015625,120.69426991859778,115.86255342028606,120.2012377763838,5601738
2017-06-07,117.44024658203125,118.08118982683324,116.05975517547456,116.65139972333667,3348433
2017-06-08,120.15193176269531,123.70176168821862,118.57423040947089,118.57423040947089,14349883
2017-06-09,121.48311614990234,121.87754336607266,119.51098759212424,121.13799515690586,5958974
2017-06-12,120.39844512939453,123.06082315602987,119.46168708782689,122.02545266960391,7078435
2017-06-13,121.23660278320312,122.17336838287737,119.80681255616555,120.89148178251202,4559238
2017-06-14,120.69427490234375,121.18730706491617,118.32771901738137,120.69427490234375,5171829
2017-06-15,123.84967803955078,125.57529061281743,119.60960594479704,120.1026381085875,10640828
2017-06-16,122.76500701904297,125.37807895418352,122.17336993561413,124.63853071912905,8227650
2017-06-19,125.32876586914062,126.95577340181741,121.77893603980155,123.30733865114982,10354191
2017-06-20,124.44131469726562,126.01902363434897,123.6524677517977,125.7232013278774,5015100
2017-06-21,122.91291046142578,124.44130553749808,122.17336227275663,123.99757963352587,5041417
2017-06-22,120.00402069091797,124.78643850022075,118.67283540839051,123.6524630658183,5594348
2017-06-23,116.79930877685547,121.08869433325812,115.12300254137104,120.7928720455499,7614299
2017-06-27,115.3202133178711,117.73607529218022,113.93972935892113,117.34164807973451,4143163
2017-06-28,117.686767578125,118.13050100765587,114.18624397932776,114.18624397932776,4730328
2017-06-29,121.03938293457031,121.87753601646801,118.1304964964921,118.22910141382013,6122296
2017-06-30,121.48311614990234,122.51848665196522,119.3630839687496,121.2859063033539,6666973
2017-07-03,126.9064712524414,127.30090599656062,121.08869795354312,121.72963372428467,10285845
2017-07-04,124.29340362548828,128.43487052969243,123.89897641483235,127.20229019831342,8060732
2017-07-05,128.73069763183594,129.81535933631818,123.30734397098311,124.44131189979346,8975070
2017-07-06,129.61814880371094,130.99864784690408,128.4348746567933,130.06187472803666,7693411
2017-07-07,130.30838012695312,134.49915304498566,128.28696052105414,129.17441229700268,13693420
2017-07-10,132.57635498046875,133.61172560508845,130.16050022045516,131.14656461606467,1796699
2017-07-11,136.9150390625,137.85179717240507,129.37163786493804,133.06937912467987,17619564
2017-07-12,138.1968994140625,138.93644760581697,135.78104499689383,137.11223776051048,11195043
2017-07-13,136.52059936523438,140.07043686471937,135.18942158753785,139.971824416232,8616248
2017-07-14,135.38662719726562,137.06293344600905,134.30195048247163,136.56990131131118,4112013
2017-07-17,139.626708984375,140.0211286805092,134.8935974000298,136.07687153457937,7051772
2017-07-18,138.34481811523438,140.90857615294644,136.9643191292542,138.88715646522135,7430269
2017-07-19,141.30303955078125,141.89466919667794,138.4434436007573,138.54205606481483,6706307
2017-07-20,139.13368225097656,142.0918752254454,138.09831170068296,141.00719844968114,4477457
2017-07-21,134.74566650390625,139.52808387789662,131.29444181434695,139.03505177938814,6711060
2017-07-24,136.52059936523438,137.5559698897631,134.20335728725283,135.0908091390505,3235654
2017-07-25,137.99969482421875,138.93645289353006,135.6331465389957,136.56990460830704,4173516
2017-07-26,149.58595275878906,150.32550099099745,138.59134172508314,138.6899391283559,24374014
2017-07-27,150.71994018554688,151.36087598722915,146.92358646317356,149.88177947921062,12002213
2017-07-28,147.76173400878906,150.57200809603242,145.24726715988447,148.69849203787018,7471971
2017-07-31,151.2622528076172,156.04467052950784,146.97288226624764,147.9096403123297,13711466
2017-08-01,152.88926696777344,154.81208927114753,151.3608643510901,152.34692861396366,6201163
2017-08-02,156.19256591796875,157.17863013473914,151.45946971438767,152.93856603954322,13676016
2017-08-03,140.11973571777344,154.8120870006505,137.90109115884692,154.8120870006505,28593865
2017-08-04,136.4219970703125,142.7328023473498,133.51309545187755,139.52809348635577,19765790
2017-08-07,141.54953002929688,143.47235236098797,137.8024827659661,137.95038638911663,14571995
2017-08-08,137.55596923828125,146.33193545079519,136.07687279485887,143.37374256395043,21958214
2017-08-09,134.05543518066406,141.89464315789778,132.37912892234786,140.02112705380557,15924281
2017-08-10,121.58172607421875,133.11867488867458,114.67927626517637,133.11867488867458,16399537
2017-08-11,125.8711166381836,128.0897539176989,112.90436884287996,119.3137871614714,16525936
2017-08-14,134.74566650390625,136.37268145667153,128.18834561220186,129.1744098092188,12010871
2017-08-16,136.47129821777344,137.85179731721587,128.53349234210728,134.7949918541591,13003612
2017-08-17,137.90109252929688,140.71136663751093,135.731739124315,137.01362566921887,11091385
2017-08-18,134.4005584716797,137.30944496072067,132.92146211662705,136.07686466484344,8894022
2017-08-21,129.8646697998047,137.50666838955422,128.87860546564346,136.520604055393,6302704
2017-08-22,127.20228576660156,132.47773541956633,126.31483397738603,131.63957480497137,7656731
2017-08-23,131.2451629638672,131.88609873364666,127.39950320674929,131.04793806903012,6241441
2017-08-24,133.26658630371094,134.49916669884755,130.85073173847266,131.93540850465183,6541270
2017-08-28,133.9568328857422,135.1894131844842,131.1958500073308,133.61170438363592,4814276
2017-08-29,129.56883239746094,133.61170171504617,128.7799930589383,131.93539555146666,6335762
2017-08-30,135.23870849609375,135.87965929873226,130.8014192848981,131.14654779756086,6543595
2017-08-31,135.1894073486328,135.92895549595323,132.8228442495201,134.59776281231825,8489641
2017-09-01,140.7113800048828,141.79605681041645,135.2387198426867,136.07688056024887,10266789
2017-09-04,137.80250549316406,143.8667957808436,135.7810703818878,140.95790869200667,10238023
2017-09-05,138.34481811523438,140.809978755042,137.26014141526042,138.54202795718967,4816191
2017-09-06,139.52809143066406,141.30301009060145,136.3726888386345,137.7531727707267,6265572
2017-09-07,139.7746124267578,141.40161247887505,138.59133829375008,140.41554819367747,5173830
2017-09-08,139.97183227539062,143.1765414312555,138.49273574191454,141.0072028580535,6994363
2017-09-11,141.15509033203125,141.99325095683218,139.08436444993188,141.25370277476534,4889456
2017-09-12,143.76815795898438,145.34585159192565,142.14114306252438,142.4369653206212,6501466
2017-09-13,139.97183227539062,144.85284782663211,139.18297778164046,144.06400837902993,5348477
2017-09-14,145.49378967285156,146.08541922190457,140.51416197604985,140.8099842736499,9447513
2017-09-15,147.07147216796875,148.5505684956901,141.64811896632375,143.37373134866536,10821850
2017-09-18,148.59988403320312,150.22689912339962,146.38123940250986,148.00825449270636,7326408
2017-09-19,149.78317260742188,151.1143655326945,147.90965631258842,148.89572068800567,6055756
2017-09-20,150.71994018554688,152.5441501844144,149.14223122520136,149.88177947921062,5884373
2017-09-21,149.73385620117188,152.29761411767313,146.6770511338732,150.76921158402376,6363388
2017-09-22,137.703857421875,148.64917589423717,136.7177932368386,148.64917589423717,12635253
2017-09-25,132.280517578125,137.90109602950787,130.06187294083603,137.65457995869798,7144044
2017-09-26,136.27407836914062,137.26014263381768,130.35769278107827,132.72425604399118,4962085
2017-09-27,131.44236755371094,138.54202714553392,130.65351314436472,137.30944683285125,4368723
2017-09-28,132.9214630126953,135.4359298424649,131.49167286906828,134.05543087408833,6681620
2017-09-29,132.7735595703125,134.597784648105,131.78749521391612,133.61172029170862,4193895
2017-10-03,142.19046020507812,144.85283064022218,133.90752661881967,133.90752661881967,13646630
2017-10-04,142.97930908203125,144.21188933273842,140.56345479987434,141.50021278118265,8132667
2017-10-05,145.78961181640625,146.87427351159758,142.7821127119199,143.22583863477757,5944525
2017-10-06,150.621337890625,151.60740229580094,146.03614442501637,146.03614442501637,10321226
2017-10-09,155.84747314453125,159.24939213445884,150.47342545944008,150.86784518001363,16929333
2017-10-10,154.31906127929688,158.1154148116553,152.00180418092532,157.227947923575,8025061
2017-10-11,149.3887481689453,157.96750495555617,148.40268382459584,154.9107145157615,7882936
2017-10-12,159.4465789794922,160.23543335292032,148.40266288993544,151.11433945436946,15204707
2017-10-13,160.38336181640625,163.1936512552735,157.57308742368704,159.69311977500934,10970776
2017-10-16,162.3061981201172,167.33511728026838,158.95357030053512,161.66524726456646,13091610
2017-10-17,159.49588012695312,162.99641095349708,158.36191234543597,162.10894416930756,7240254
2017-10-18,158.95355224609375,161.71453512328148,158.01679422869424,160.58056726739986,5969402
2017-10-19,157.7209930419922,159.49591191800644,155.6009606640143,159.446605690255,1357181
2017-10-23,155.60096740722656,159.59453128978896,149.58596846843886,157.868918566744,9747030
2017-10-24,159.64381408691406,161.51734540120088,154.36837878128762,155.40374936995295,6915565
2017-10-25,163.09503173828125,164.08109605361824,157.17864584625923,161.7145477152684,6224569
2017-10-26,165.80670166015625,167.13789444855922,160.48196059883784,162.60199276954967,10581514
2017-10-27,164.1304168701172,168.0746744821171,162.84853013698745,165.1657875024969,7456249
2017-10-30,163.24293518066406,166.49695012686539,161.46801656945007,164.67272529525596,4758023
2017-10-31,160.82708740234375,164.5248283906305,158.11541067760012,163.98249003645245,6138854
2017-11-01,161.91175842285156,163.68667720904662,158.95356546124228,162.4047905831198,4344837
2017-11-02,160.82708740234375,162.30618379765843,156.98142774683757,158.75634643044452,7120347
2017-11-03,162.9964141845703,163.8345597213055,159.84101177479704,160.9256733598918,4265476
2017-11-06,160.2354278564453,162.20755619929386,159.10146007776547,159.79170198853342,5023388
2017-11-07,158.1154022216797,162.50338495055053,155.89675774735946,162.25686889784828,4809043
2017-11-08,155.65025329589844,160.58057471742012,154.12185064599734,158.75634977299833,3514675
2017-11-09,162.01036071777344,163.58805450404577,156.8828295816319,156.8828295816319,5195970
2017-11-10,163.1936492919922,165.46160029742467,157.96750524803417,164.67274581125494,7467694
2017-11-13,169.30723571777344,174.0896535465174,160.28475347559115,162.70060797877386,18259282
2017-11-14,168.0253448486328,171.23005371200165,167.18719925051664,168.61698942648263,6257618
2017-11-15,158.85496520996094,167.13789933556546,156.88283660423156,165.65880288126843,8033865
2017-11-16,163.5387725830078,164.86995037993285,156.78422601002876,159.24938679634997,6537874
2017-11-17,162.45408630371094,166.49695577494776,161.02429614061623,163.88387646680565,5811570
2017-11-20,171.52587890625,172.51194318860402,160.82709047039717,161.714542306057,13140327
2017-11-21,170.29330444335938,173.35010984284338,168.66630433965986,171.6738035140914,4878698
2017-11-22,171.13143920898438,174.33614775205095,167.2857799296174,171.18074542656828,6480815
2017-11-23,169.35655212402344,174.8292122761254,165.90532689878862,171.37798705089057,6943411
2017-11-24,170.4412078857422,171.47656328857454,166.3490323104744,169.3072249954721,3802315
2017-11-27,170.3426055908203,171.47657350248855,169.20863767915208,170.8356377343538,2480639
2017-11-28,170.3919219970703,176.16038939344912,169.257938971488,170.58913185703963,6531371
2017-11-29,169.55374145507812,171.87099841561925,168.27185494597336,170.58911190651452,3049728
2017-11-30,169.55374145507812,174.82919110763976,168.6169834451675,169.7016601173668,11448845
2017-12-01,165.80670166015625,174.6319889496672,162.89781506098885,171.03284532175942,8851477
2017-12-04,166.89137268066406,168.22256542360645,163.73597012074634,165.36297009887926,4965176
2017-12-05,162.6020050048828,166.54626239780802,160.13684413430454,164.6727461546277,4601289
2017-12-06,156.24188232421875,160.72847781225653,155.55164033670837,160.4819617419923,6322982
2017-12-07,161.07359313964844,161.61591641290428,155.8967560880032,155.99535348034715,4492710
2017-12-08,162.89781188964844,164.96855284326224,161.71453779307475,161.91174763481263,5689726
2017-12-11,163.09503173828125,164.37691835744883,160.33406369225554,164.37691835744883,3388584
2017-12-12,161.36940002441406,165.31365681739598,160.82707675229554,163.09501237134364,3494882
2017-12-13,158.85496520996094,162.7992224214197,157.96749830969438,161.22151351837732,3291012
2017-12-14,159.5452117919922,160.2354538145793,156.2418902641249,159.24938948341267,3836624
2017-12-15,162.65130615234375,163.93319277424402,160.53127388830873,161.32012835148947,3067107
2017-12-18,173.49801635742188,174.53338691615403,158.5098415071851,160.4326639470318,11851043
2017-12-19,177.44227600097656,178.28043671328774,172.21613195949308,174.53338919036668,7335037
2017-12-20,182.5205078125,185.57729811253472,175.27292919443985,176.5055095685217,12726348
2017-12-21,182.7670135498047,184.09819125083186,180.15393427686163,182.52049748893154,5487855
2017-12-22,182.02748107910156,186.41546433216814,179.9567399705702,182.42190079208487,5422006
2017-12-26,189.96527099609375,192.1839155498583,182.02746585176428,182.02746585176428,11771413
2017-12-27,191.93740844726562,194.6983914744967,187.84524765332907,192.28253696797464,9372356
2017-12-28,199.62872314453125,200.8613035727466,192.18393434888088,192.77557897288338,12794543
2017-12-29,202.19247436523438,203.86878055525025,198.29752364680587,200.86128162972832,6035925
2018-01-01,203.32644653320312,206.67907403055287,200.7626884958555,201.6501403076015,6556125
2018-01-02,200.5654754638672,204.9041674734742,196.96634673596188,204.11531301298677,6309495
2018-01-03,216.49041748046875,219.3499978977494,201.69945315767853,201.69945315767853,21696089
2018-01-04,241.14202880859375,248.48820487196812,214.0745666442695,217.87090519101403,44549944
2018-01-05,235.71865844726562,245.82581685864346,233.40140147595469,239.61360916729907,22890636
2018-01-08,252.87619018554688,266.82899337279355,242.57180668575904,242.57180668575904,38180155
2018-01-09,245.2834930419922,255.39065205176271,243.65649297595135,254.4538789358907,14644189
2018-01-10,258.7432556152344,265.2512857449063,244.64254874452274,249.4742575965104,23437832
2018-01-11,263.624267578125,270.47739565269126,252.03801332966387,258.34881813589936,31832278
2018-01-12,261.1591796875,268.01230966685637,257.5107291284906,263.0819873397082,17089451
2018-01-15,263.5749816894531,272.0058497125087,260.2716902788771,263.32846560852687,18728962
2018-01-16,266.9276123046875,269.88580514104996,254.0101642341128,264.5117427847407,18387871
2018-01-17,265.9415283203125,269.58994782611137,258.3488218993316,264.26520713366745,15100692
2018-01-18,260.6661071777344,269.2941699170711,257.3627857105008,267.2727200199068,12623614
2018-01-19,260.4688720703125,261.701452413341,246.76258467429489,259.3841953499888,16084560
2018-01-22,260.074462890625,262.98336465466076,257.56001092613593,260.02517171182905,6732312
2018-01-23,286.6982116699219,290.1987280987927,260.12376522370204,260.3209901319325,36250757
2018-01-24,272.64678955078125,285.8600456660671,269.39278927118016,285.8600456660671,11937496
2018-01-25,276.29522705078125,279.59851835987405,263.82148966529223,271.7100040125831,19512587
2018-01-29,262.3423767089844,278.8589525837968,260.5674731295035,278.070113235648,15891835
2018-01-30,264.6103515625,270.52673715319963,260.2223535458138,263.32844996247246,13236861
2018-01-31,262.7368469238281,270.1816204128858,260.5674934091426,266.2373631805809,11086304
2018-02-01,262.2438049316406,268.11086928921287,249.52356680697224,262.78612824381935,9365791
2018-02-02,247.0583953857422,260.71537591867997,242.07876802408276,256.3766993330408,14345960
2018-02-05,255.93301391601562,258.49678748399424,231.8237563614959,235.6694016673145,13957982
2018-02-06,250.36172485351562,258.0530446056291,232.957695622308,234.68330818247324,16272624
2018-02-07,249.12913513183594,265.0047761098029,246.61468324659532,253.4185207822115,9109437
2018-02-08,262.5888977050781,269.0969277727187,244.5439339692633,250.3617070250735,16036869
2018-02-09,268.8504333496094,272.54817458427016,251.79153249062583,251.79153249062583,15474462
2018-02-12,270.28021240234375,275.60495324442155,268.8011160521948,275.60495324442155,7007854
2018-02-14,266.2866516113281,274.6189069655118,263.2791675396469,272.25235866900755,6400186
2018-02-15,261.6521911621094,273.53425499095647,258.7432891829491,266.4839006409324,9064245
2018-02-16,247.9951629638672,266.4838679562032,243.06484163257758,264.4624482472918,13825697
2018-02-19,246.51605224609375,251.2491634584479,239.31778051127864,250.70682513427732,10383315
2018-02-20,248.4882049560547,252.23525232573257,242.6211253482662,247.452834426175,10140175
2018-02-21,243.8537139892578,251.24919653009974,239.66294054944737,250.6082456822048,8618601
2018-02-22,246.76260375976562,248.68542623437838,240.20528184614713,242.57183026934004,9863538
2018-02-23,261.3070373535156,262.2931016454157,246.81189527181417,247.5021372669148,13491018
2018-02-26,263.7229309082031,266.92764014855334,260.912641402052,264.16664182456583,7464313
2018-02-27,260.3702697753906,266.1880732951367,259.38420546252445,263.72291251297133,5409534
2018-02-28,250.854736328125,258.54605544601367,249.3756399699494,257.3627663225562,9436525
2018-03-01,245.38211059570312,254.60181795150277,242.57182128190502,248.98123932390658,6401382
2018-03-05,234.7326202392578,242.81834485567927,225.71012245855604,242.81834485567927,19294475
2018-03-06,230.39390563964844,244.88906212926904,228.3231797455215,238.87406419506277,15121389
2018-03-07,228.61900329589844,233.40140589984992,224.82264989974678,228.7669069155318,14250354
2018-03-08,231.42929077148438,234.0916614018285,219.74443771437745,232.11953277992214,12164822
2018-03-09,219.1527862548828,234.1902665265902,217.47647998792186,234.1902665265902,16358023
2018-03-12,227.18919372558594,229.50645069629485,218.01880837700108,221.66724303727256,12273881
2018-03-13,226.6961669921875,232.8097774313057,223.98449028153382,227.43571518600214,9704491
2018-03-14,227.0413055419922,229.55577252139352,224.03380641157676,224.13241886023846,6233404
2018-03-15,227.48501586914062,230.7390308519226,225.80870967987298,227.0905961938351,6442807
2018-03-16,223.04774475097656,228.96413063321015,220.9277124949685,226.7947921522873,7506230
2018-03-19,217.8708953857422,224.13240945945344,214.76479898309123,223.8365871720232,8793211
2018-03-20,230.29531860351562,232.90838296109987,214.56759614184432,214.8634033927806,21033261
2018-03-21,227.3864288330078,232.90837976959324,226.1045422606435,231.47858957378747,10401329
2018-03-22,221.765869140625,228.47110981584737,219.94165909741878,228.47110981584737,7558038
2018-03-23,210.77122497558594,215.65223980789665,202.34037296733334,214.96199786983735,19683008
2018-03-26,213.92665100097656,216.83553773283998,206.72837846294087,211.95452236294747,11094083
2018-03-27,226.54827880859375,229.75298786682197,217.08205526429143,218.7583766547442,15430010
2018-03-28,216.04669189453125,223.7379813173734,214.46898301253196,223.4914652449452,9513723
2018-04-02,221.8644561767578,223.78727845439377,215.5043447755867,218.51184374632314,7671856
2018-04-03,226.20314025878906,227.18920454072997,218.906270590885,218.906270590885,8768416
2018-04-04,216.53970336914062,230.4925057182241,214.96199463774482,228.6682809379318,11028147
2018-04-05,232.612548828125,234.042354016918,221.7165509835043,221.81514838008383,16750562
2018-04-06,236.7047119140625,238.4303242472575,229.90085997263495,231.72508474332784,15129804
2018-04-09,239.5150146484375,241.04341733668585,237.4935948518142,239.61362709780084,9295906
2018-04-10,241.48712158203125,243.804378518665,239.3177833061601,242.5717982430398,8406808
2018-04-11,244.34674072265625,247.304933673182,242.42391831404402,244.00161219330263,9287590
2018-04-12,240.35317993164062,243.6071952230216,238.62756735777242,243.3606791410404,6181008
2018-04-13,247.65003967285156,249.4742646223433,240.59968603893978,241.5857503259846,10828596
2018-04-16,250.65753173828125,253.22128978511546,245.87512910772594,247.50212911732947,7505413
2018-04-17,248.3402862548828,253.12270386415594,247.10770594797182,251.93941473260435,5240700
2018-04-18,246.41744995117188,249.7207712057179,244.98765979851254,248.98122301853414,4978526
2018-04-19,256.426025390625,260.0744755682161,247.0584289945056,248.4882193106747,11571363
2018-04-20,248.1923828125,254.84833192418827,245.03698004251,254.40459094956773,8233307
2018-04-23,246.41744995117188,250.2138033305071,245.18486963919892,248.34028727476678,4013681
2018-04-24,249.86868286132812,250.85474714262168,239.712232800922,242.7690230452439,5844291
2018-04-25,245.03697204589844,250.50963177486514,243.70577925777388,247.9951648673781,5139181
2018-04-26,248.09378051757812,249.0305385805831,242.86763678956763,246.76258771226,3976406
2018-04-27,250.06591796875,253.22130574239878,246.51608039263704,249.47427335734866,5690205
2018-04-30,248.58680725097656,255.04551615048527,247.69934038469572,251.4463876013172,5093833
2018-05-02,235.1270294189453,249.72078407395784,232.9083847430661,248.93192962441583,6196261
2018-05-03,236.9512481689453,239.02197411768424,230.78834645338884,234.63399110543736,6978096
2018-05-04,237.29635620117188,241.58574171539354,234.7819043957451,237.93730699259444,4939043
2018-05-07,252.72825622558594,253.81293292328274,238.43033959086506,238.57824321048443,9919317
2018-05-08,254.0101776123047,258.10233856633965,249.47427567252697,254.6018222291966,8619764
2018-05-09,258.1516418457031,261.3070598888265,253.1227375971517,254.10880197409068,10680166
2018-05-10,241.2899169921875,257.9544117085714,236.85262790348142,255.3906386610827,23532992
2018-05-11,252.82688903808594,256.6232427397263,243.3606804661535,243.55789032358274,11966747
2018-05-14,255.8344268798828,258.4967827696803,249.52360553770131,251.89015413717624,5653115
2018-05-15,248.73471069335938,260.2716746236852,246.95979200822106,254.40458021362426,8156690
2018-05-16,250.50962829589844,252.3338381494557,242.22667948309726,247.69933913606212,5662121
2018-05-17,252.87619018554688,256.0315777455956,246.6639673248041,253.81293317225027,5751945
2018-05-18,242.5225067138672,254.30597185341196,239.95874861295172,252.38314951618864,7366170
2018-05-21,236.5075225830078,244.88906892780108,234.0423618933627,242.07877972314697,5312798
2018-05-22,237.0005645751953,239.16990306305266,231.4785983823335,235.66937172897852,6175608
2018-05-23,222.99842834472656,238.62755302184755,221.86446045419711,236.06377990480706,9905568
2018-05-24,224.47752380371094,227.28781297610408,219.2020890161184,223.14634607427206,7781302
2018-05-25,232.3660430908203,233.89444574409546,225.01986716576525,226.79478589066068,7286271
2018-05-28,233.64794921875,239.12060947577575,231.82373916384023,234.63401358772228,4896790
2018-05-29,231.0348663330078,236.45821993215753,228.0273672369772,231.72510832730654,4742204
2018-05-30,230.73904418945312,233.10559247037332,226.89339947142105,226.89339947142105,4059401
2018-05-31,226.35104370117188,233.20418699039186,224.13239921606245,232.66184866258038,6193783
2018-06-01,223.44215393066406,232.71115140017903,221.71654157917968,225.611492163301,6707926
2018-06-04,226.74546813964844,229.25993495157232,222.0616630169819,226.10453240447885,6009025
2018-06-05,225.16778564453125,227.23851161668875,218.511851716456,226.15384993017204,5634007
2018-06-06,231.6265106201172,234.09167150388237,223.7379957920686,226.597591444925,6708647
2018-06-07,241.14202880859375,243.90301187195618,233.69724029625573,233.69724029625573,8735726
2018-06-08,237.59219360351562,241.48714463711804,234.92982296321443,238.28243561453482,4174159
2018-06-11,238.4796600341797,241.8322726787493,237.64149934996362,238.8247735159207,3018819
2018-06-12,243.26205444335938,244.494634791214,234.78191067780764,238.1345232055135,5556963
2018-06-13,242.47320556640625,245.87513944133855,240.89551171269648,243.7550921667716,3517744
2018-06-14,240.2052459716797,247.40350261973242,239.41639159971422,242.5717940414305,4974089
2018-06-15,230.73904418945312,241.28992909828844,227.92875494048172,240.40247725448012,6764385
2018-06-18,226.35104370117188,230.19668812356988,221.22351278925925,229.25993012797508,6292763
2018-06-19,219.2513885498047,229.06272467341512,215.10990672817152,223.83658122156777,9624075
2018-06-20,227.18919372558594,228.81620874102396,219.15277622879282,220.97700108200164,7411278
2018-06-21,222.01235961914062,228.22456739637732,221.22352025694568,228.22456739637732,6496163
2018-06-22,227.68223571777344,228.6682999955397,220.2867536345264,222.85052677517743,6886797
2018-06-25,222.8998260498047,229.11203381530746,222.06166542137274,225.759406347726,3881913
2018-06-26,220.1881561279297,223.49146242916075,217.03275344983328,221.86446239009214,4419600
2018-06-27,210.1303253173828,222.35751760632212,207.2707295887699,221.12493713178597,6208538
2018-06-28,206.97488403320312,212.69405980231642,205.6437062978147,209.1442374618006,5816291
2018-06-29,219.94163513183594,223.04773151726081,209.0456221026344,209.0456221026344,7614771
2018-07-02,204.0659942626953,220.0402321609566,200.31894708998058,219.89232854138288,16930391
2018-07-03,205.74229431152344,209.9330672633683,202.68550424492423,202.83340786006036,10071955
2018-07-04,213.43359375,214.86338383525404,203.6222579384653,206.9748702105193,11075743
2018-07-05,208.897705078125,211.9544950454104,207.1720927422533,211.9544950454104,5707784
2018-07-06,212.64474487304688,218.56113024447757,205.59439165721705,207.07348800007472,8877198
2018-07-09,218.16671752929688,221.27281392989943,215.01131490646404,215.01131490646404,7647949
2018-07-10,223.6886749267578,226.1045292630227,217.96949942615487,219.79370921037096,8438858
2018-07-11,214.71548461914062,221.96306267870435,212.59545255754782,221.96306267870435,7677024
2018-07-12,215.84947204589844,224.32963115414026,214.66619787980937,217.87090689629707,9370250
2018-07-13,203.2278594970703,219.79372780193162,196.42400675757983,218.4132437919089,24442380
2018-07-16,193.26858520507812,204.0166790781267,190.55690862694567,204.0166790781267,13866732
2018-07-17,196.22679138183594,200.17104849503866,187.69734139299376,193.76163068608423,13688755
2018-07-18,183.6051483154297,199.43148150060276,182.0274546464496,198.24820748733134,10116593
2018-07-19,180.20326232910156,189.66948623188023,174.7799083328769,183.40797150868886,22434972
2018-07-20,180.84417724609375,183.55585393081304,177.54087103966899,180.44975756495677,9132609
2018-07-23,184.83773803710938,186.36614061220592,176.01246613375002,182.81630334399114,10389935
2018-07-24,193.1699981689453,194.84631958370215,184.14751547727298,186.26754778960978,10314688
2018-07-25,197.45936584472656,204.31250936543913,194.69838293854232,197.21284978249844,17124209
2018-07-26,192.529052734375,199.48080899214395,191.59229466756008,198.69195455045616,7511230
2018-07-27,200.8612823486328,202.14316886775515,193.3672031646379,193.76162284153114,12125446
2018-07-30,199.9245147705078,203.52364305001436,197.50866051124,200.91057896173103,5838942
2018-07-31,202.5869140625,203.77018825203453,197.45938254375196,199.9738496003551,9106748
2018-08-01,198.88916015625,208.05956087216728,197.31146635267987,204.70694837420243,9789708
2018-08-02,198.5933380126953,203.03062722888296,193.41650059380973,197.9030960327399,10522290
2018-08-03,200.22035217285156,203.96739939198864,198.29752986383878,199.6780138174514,5879126
2018-08-06,204.26321411132812,206.43256761233243,201.55153728121994,201.60084350554223,5925649
2018-08-07,211.60939025878906,212.64474566573213,202.24178005243706,205.79160226084068,11614582
2018-08-08,214.07456970214844,215.9480858900414,211.2149741489754,212.98989293264358,7979773
2018-08-09,213.92665100097656,221.76585932791272,211.16566789850634,215.65226355925202,10555566
2018-08-10,200.71339416503906,218.9062777528358,199.6780236258975,215.750874956619,15824017
2018-08-13,197.06495666503906,202.34039165015636,193.66302278808777,197.4100701428614,8780954
2018-08-14,196.71983337402344,200.3189621516305,193.90954402164976,198.49475217309376,6870229
2018-08-16,189.17642211914062,193.86022705256903,186.85916523888096,191.29645412318158,8238019
2018-08-17,196.0295867919922,197.06495732120104,191.44437874725233,191.74020104790443,7766094
2018-08-20,202.43899536132812,203.91809174967761,194.5504812901309,197.85378752975683,10829798
2018-08-21,202.8827362060547,204.953477320663,199.7273333544853,203.3757683718045,7391569
2018-08-23,197.45936584472656,203.91808968433267,195.98026947135784,202.2417834704107,5689097
2018-08-24,199.5301055908203,200.31894494830846,193.81092997215345,195.4872361760352,7236361
2018-08-27,204.3125,207.07348277962413,201.25570999617867,202.0938555416469,6552984
2018-08-28,205.93951416015625,206.77765970235367,201.4529190415437,206.1367239909,6528852
2018-08-29,214.51828002929688,218.90626292096073,204.11529921008503,205.00275101427903,16726751
2018-08-30,219.64581298828125,224.5761342674795,212.49684713344382,214.96200777304293,15699877
2018-08-31,217.6737060546875,222.2588992804154,214.22248081712732,218.8076740428552,10164880
2018-09-03,217.47647094726562,221.37142168256256,216.24389064836495,217.92019684564065,7310760
2018-09-04,207.3200225830078,219.89234262074075,206.1860546372791,218.5118585958408,10609823
2018-09-05,208.84841918945312,209.83448347736729,200.220356670204,206.82698438999964,10287526
2018-09-06,208.947021484375,212.8912787284115,207.27071516488894,209.98239202016404,6238449
2018-09-07,216.78622436523438,217.92019219757788,205.84090552599267,209.44003390355766,11323476
2018-09-10,215.94808959960938,223.63939443019487,213.729444843449,219.84304071786136,11304812
2018-09-11,213.92665100097656,224.72405228495637,212.2010384427011,216.49042424887338,17531674
2018-09-12,221.2728271484375,222.75192362682586,207.61584535900693,213.92665098167154,15017449
2018-09-14,230.1967010498047,235.07771618189992,224.9212662277783,224.9212662277783,19606130
2018-09-17,234.535400390625,238.08522285227784,226.20314499678142,228.71761197762754,15435176
2018-09-18,226.15383911132812,240.25454568451812,224.57613031131922,234.4860789171621,15047108
2018-09-19,229.1613311767578,234.43678105921998,225.01986423667603,228.42178297152367,12501202
2018-09-21,231.72509765625,243.0155302562295,214.27176352285957,233.00698418442872,25071039
2018-09-24,220.5332489013672,232.90835742923613,217.13133047320125,232.71114760151477,12572765
2018-09-25,222.50540161132812,224.72404626972397,210.72193632374407,218.90627296172258,12694193
2018-09-26,227.58364868164062,230.04880948831752,220.33606989155155,224.47753703753924,10164843
2018-09-27,220.48397827148438,229.65436400716595,218.46254349517673,227.78084790003993,7401920
2018-09-28,193.61373901367188,223.83660499064578,180.05535435014156,222.45612093427272,21535913
2018-10-01,191.0499267578125,195.09279574250021,176.0617548678479,189.7187341529131,18245838
2018-10-03,183.95028686523438,195.04350955823924,182.0274646076761,188.9792054583755,13439885
2018-10-04,188.53549194335938,190.1625070728875,180.44976765859704,182.12607396641465,11280891
2018-10-05,173.44873046875,191.74022899723934,166.64489179271433,187.35224521074392,12781374
2018-10-08,172.31472778320312,175.519436597483,162.05966559596604,169.60305109419707,17526003
2018-10-09,172.6598663330078,175.81526910908136,166.98999656254148,173.69522181939254,9975787
2018-10-10,179.41436767578125,182.32325388623232,172.56122489627253,172.56122489627253,10065146
2018-10-11,164.47552490234375,173.20218475207807,162.15826782603835,170.39191058195217,13701423
2018-10-12,175.91383361816406,177.83667069595077,166.74344930630954,166.74344930630954,13339907
2018-10-15,175.91383361816406,179.66088029678286,170.7369969696648,175.51941398721237,10690975
2018-10-16,176.4069061279297,181.38653410272252,175.3222443710403,177.39297047754619,7767487
2018-10-17,166.20114135742188,179.9567353814602,165.6588029812894,179.46370322973019,10926989
2018-10-19,163.93319702148438,168.0253580264187,159.15077893954134,164.67274527872414,11564909
2018-10-22,166.15182495117188,169.6030498017897,161.81314830028228,166.64485707268872,8888072
2018-10-23,167.63092041015625,168.5183722056339,162.70059922162224,164.37690541649457,8952564
2018-10-24,160.92568969726562,171.3286710033916,157.96749681663152,169.60305848968838,13456888
2018-10-25,159.98892211914062,163.63735677919226,156.58700351782417,159.74240606040541,9969835
2018-10-26,158.85496520996094,162.35548144821283,154.8120955497568,159.84102951282563,9242298
2018-10-29,167.18719482421875,168.32116268123792,159.1507622442328,159.4958907465323,7000326
2018-10-30,167.77882385253906,173.05427353723226,165.51088814509342,166.64485599881624,6909915
2018-10-31,168.96212768554688,170.09609563800794,162.848516848886,168.8142090094775,8033896
2018-11-01,172.70913696289062,174.58266795269358,168.518364152895,169.1100086857055,8305748
2018-11-02,182.2246856689453,186.76057242174778,173.20218829528082,174.92780082046752,14936377
2018-11-05,180.3511505126953,185.23218072801197,177.73808619322315,180.44976295900048,6834069
2018-11-06,178.9706573486328,182.76701064418344,176.9985288930005,180.8441733630251,4844677
2018-11-07,181.23861694335938,181.92885892735032,179.95673037529232,180.05534282135395,739424
2018-11-09,181.73162841796875,182.4218703234772,179.31577422561656,181.38649994214197,4799298
2018-11-12,178.0832061767578,189.91597695139563,177.24504556176254,181.92885066005667,13280418
2018-11-13,180.0060272216797,181.23860750250995,171.87099736820002,177.49156043955676,9260052
2018-11-14,173.44873046875,184.68987420908428,172.16685872264864,184.68987420908428,17148359
2018-11-15,178.92137145996094,181.83025825334428,172.06822730710246,172.46264702459086,10095740
2018-11-16,172.56124877929688,180.64697285572598,171.32866843087334,178.8720541447667,8489933
2018-11-19,178.0832061767578,180.2525444762122,172.1668207894389,173.25148241609304,8275319
2018-11-20,168.6169891357422,177.39295506645374,167.7788284929246,177.39295506645374,9300857
2018-11-21,168.46908569335938,169.84956964589784,163.19363585716167,169.60305357964836,10660275
2018-11-22,166.10252380371094,170.09608711921757,165.21507197633022,169.84957105092883,7249241
2018-11-26,157.81959533691406,167.08859380380494,152.83996757757646,166.79277150248987,18872519
2018-11-27,153.38230895996094,156.48840556924094,148.99432571730517,155.798163550084,22545197
2018-11-28,149.73385620117188,154.6148710279943,148.99430804419436,153.82601665132248,11262939
2018-11-29,152.79066467285156,154.2697611654177,148.69850372854432,152.83997089849996,11292976
2018-11-30,151.90321350097656,155.00931013132634,149.48735889446587,153.13579391717053,10903611
2018-12-03,159.693115234375,162.10896983364705,155.9953739968726,156.78422847010262,18252600
2018-12-04,154.4669647216797,159.49589860975038,153.53020665715783,159.05217268930815,10086447
2018-12-05,146.77566528320312,152.44553455275155,144.4091021256171,151.65668016688952,17397940
2018-12-06,147.46592712402344,148.69850756630692,141.4016223203,144.06400811255068,14471628
2018-12-07,144.8528289794922,149.3394242231712,142.14115235427528,148.8956983300922,10752176
2018-12-10,143.62026977539062,144.55704296578784,138.78856037064455,141.00720520783068,10569752
2018-12-11,144.70492553710938,146.52915037835248,140.11973289289278,140.859281064292,12120116
2018-12-12,154.07254028320312,155.6502491141617,144.9514458984375,146.9235744140625,17212604
2018-12-13,157.1786346435547,161.4187139065271,154.1218445115672,155.00929631365955,14221490
2018-12-14,155.65025329589844,159.98893012837874,153.0371739148038,155.79815692008532,10406750
2018-12-17,161.6159210205078,162.40477541247756,156.04466414836125,157.17863199259233,10161735
2018-12-18,162.6020050048828,163.2429558589219,159.74242441347118,160.58058512792695,7217556
2018-12-19,165.26438903808594,167.77884106262388,161.96106748790996,163.58806762686365,8764402
2018-12-20,164.91925048828125,166.0532183894729,162.15826750077275,163.09502555560238,5066318
2018-12-21,162.35548400878906,170.44122345672088,160.92569375631487,165.65880549394274,11096129
2018-12-24,157.03073120117188,162.4540845550585,155.6009410534674,162.05966487505256,8042316
2018-12-26,160.03823852539062,161.0736090472015,151.36086969643097,153.8260304406725,11417086
2018-12-27,156.2911834716797,162.7006010903921,155.45302284154337,161.22150471684307,9427164
2018-12-28,158.8056640625,161.17221244657338,156.9321327994732,157.5237774185654,8011422
2018-12-31,162.6020050048828,164.3276176142876,159.34800469263783,160.23545658758684,12798461
2019-01-01,160.62986755371094,163.58806043717632,159.24938355988593,163.58806043717632,6180841
2019-01-02,155.99534606933594,158.70702249137167,154.81207209440387,157.7702645548065,11623258
2019-01-03,144.4584197998047,155.3544333127054,143.57096794918624,155.15722346213985,19207999
2019-01-04,150.22691345214844,151.80460742343487,142.6342057326607,145.8882211772771,17599050
2019-01-07,150.0789794921875,154.81209101657325,148.94501159555665,152.8399624685914,8738534
2019-01-08,155.5516357421875,156.09397408997907,148.5505735350156,150.27618597589563,11124085
2019-01-09,149.6845703125,156.6363269415455,147.21940945440926,156.29119840295365,14192956
2019-01-10,147.6138153076172,151.45947491269783,146.7756697222835,150.27618577504447,9809472
2019-01-11,146.72637939453125,150.3748145077856,145.93752489935915,148.84641174454245,9703598
2019-01-14,141.99325561523438,146.82496454479406,141.5002234776815,146.43054485321045,10777718
2019-01-15,144.8528289794922,145.345861093168,141.00718451127935,142.93000674538575,12155311
2019-01-16,144.60630798339844,146.62774258965317,143.7681624464654,145.19795251805928,6711156
2019-01-17,144.01470947265625,146.1347419266128,142.6835165064006,145.14867752083788,7752732
2019-01-18,143.62026977539062,145.44449488220297,142.58491422162237,144.45843051012025,7490296
2019-01-21,142.28907775878906,147.02218928359628,141.35231970764363,143.96538401549353,7896039
2019-01-22,135.83035278320312,142.3383829640512,133.7103206275501,142.091866897294,14522792
2019-01-23,137.55596923828125,140.16903360320197,135.3373245731477,135.5838406470514,11850565
2019-01-24,139.67601013183594,140.5141708536326,134.1047525339932,138.0490099614636,10485698
2019-01-25,135.48524475097656,142.3876956635388,134.30197046090996,139.67601851931792,9029891
2019-01-28,130.40699768066406,136.7671091140834,126.46274066196723,135.87965730333522,11483485
2019-01-29,127.94184112548828,131.78748582294014,126.61064832075274,130.45630806435153,8487468
2019-01-30,128.1390380859375,130.9493270372254,125.3287566577223,128.28695674166843,12665753
2019-01-31,133.21730041503906,133.9075424544964,125.82181022746211,129.56885026363253,15416477
2019-02-01,127.89253234863281,135.682449081233,126.56135461662062,133.26657959152644,12565471
2019-02-04,129.02651977539062,129.96327785190124,123.455247448301,127.69532695088012,12672881
2019-02-05,127.30089569091797,130.06186344550318,124.98363877602061,129.51954016623193,8596457
2019-02-06,133.26658630371094,134.1047469908628,121.53242696046941,127.9911512402147,13016806
2019-02-07,134.4005584716797,136.07686466484344,130.5548989208551,132.4777362193405,8611873
2019-02-08,128.2376708984375,133.9568471007267,126.26554221117556,133.06938016377012,7553482
2019-02-11,126.9064712524414,129.37163198013508,122.51848816637606,127.20229354899405,10148468
2019-02-12,139.18295288085938,140.61275797766942,126.364118550777,127.20227912158666,25166137
2019-02-14,140.51416015625,141.20440214427938,134.10474232456139,138.04899945175438,8695573
2019-02-15,136.7178192138672,140.8593016148375,134.6963992873796,140.02114087984393,7619516
2019-02-18,138.4927215576172,141.94394644892344,136.86572155588854,136.86572155588854,10468796
2019-02-19,139.2815704345703,142.68348896869878,137.55595805750485,138.54202227297083,9707592
2019-02-20,147.7124481201172,149.14223847144015,139.67601434173562,140.02114289550082,21446463
2019-02-21,153.33299255371094,154.51626665743632,146.134720440674,147.86033289706623,14770698
2019-02-22,156.9814453125,157.86891227668116,150.37481701673224,154.31907451225308,16303043
2019-02-25,156.78421020507812,162.10895094830167,154.31904966726242,157.7702744202044,17265199
2019-02-26,156.34048461914062,159.44658088432288,151.50876092801212,152.8399536394593,11817204
2019-02-27,155.74884033203125,160.18612931611275,152.3962280069614,157.178630439895,14168478
2019-02-28,154.6641845703125,157.42515245016415,152.64274983630602,154.81208819025224,10772697
2019-03-01,159.34800720214844,160.72849129295383,155.1572336561665,155.6009596106291,10064386
2019-03-05,165.75741577148438,166.5462551789593,158.41122465865914,158.9535630359086,11807716
2019-03-06,163.5880584716797,169.11002447292793,162.20757449444108,167.03928346092312,8415007
2019-03-07,165.0178680419922,167.33511013922347,160.43265997988834,163.98249750886245,11111481
2019-03-08,160.4819793701172,163.48947876692822,159.39730252334977,162.35549569146252,8315379
2019-03-11,168.37046813964844,169.60304843349653,160.92568015557677,161.61592211090246,9146314
2019-03-12,168.66629028320312,171.27935448559256,166.89137165226592,170.09608041368313,10479106
2019-03-13,164.96856689453125,169.11003410836366,163.14434184924724,168.2225822218809,7491184
2019-03-14,162.8485107421875,169.30723482185124,161.96105890364004,165.60949375099187,10482773
2019-03-15,164.0317840576172,165.16575185788477,161.56662358212637,164.3768974964986,8343875
2019-03-18,167.03929138183594,168.81421018398478,164.17971084503608,165.56019488773651,7255559
2019-03-19,166.59556579589844,170.34261326478753,165.80671132147742,167.5816301273878,6789938
2019-03-20,162.1582489013672,166.39832781947771,159.44657244801274,166.05319934332002,10666902
2019-03-22,164.32760620117188,167.28579904040916,161.9610579482408,162.6019937116168,9476831
2019-03-25,159.49588012695312,162.70058869210055,158.41120351721437,162.70058869210055,6066342
2019-03-26,161.1721954345703,162.70059800077652,158.41121258047943,160.43264726183952,7207135
2019-03-27,164.32760620117188,165.95462129044049,161.4680258083679,162.6019937116168,7992986
2019-03-28,162.65130615234375,166.25044993868477,161.6652418349047,164.17970885360378,5766403
2019-04-01,180.10464477539062,184.88706281876165,178.97067680856128,179.46370897607798,11258537
2019-04-02,182.27398681640625,183.60516455678544,177.2943592303328,180.10463337967556,9604850
2019-04-03,179.808837890625,186.31685348786806,178.9706771856217,182.4219023655097,9399009
2019-04-04,179.16786193847656,182.17536075447785,176.4068791722107,179.90741008768285,9077610
2019-04-05,184.34471130371094,185.38008179102846,179.36508375700984,181.1400024429618,9214593
2019-04-08,181.33721923828125,187.25360505416185,179.75952538173473,185.67591119761533,7382761
2019-04-09,181.2879180908203,182.32327351474618,173.35009788179494,180.44975746120318,11205364
2019-04-10,180.4004669189453,184.29541802950968,178.52695070256684,180.4497731448811,8610134
2019-04-11,174.4347686767578,180.25255707528714,172.36404267414676,180.25255707528714,10692161
2019-04-12,178.87205505371094,179.46369964241944,173.8924424576932,175.02641036554644,7219613
2019-04-15,183.8516845703125,185.5772970844675,178.52694340223593,179.95673361902064,8250741
2019-04-16,186.71127319335938,187.3522089423351,181.18930733238986,183.90098404076576,7958391
2019-04-18,180.74559020996094,188.5354922050633,176.65341431438915,187.8452502004329,11838461
2019-04-22,173.8924560546875,184.29542302475633,172.56126314907823,180.00605208273953,11114918
2019-04-23,172.56124877929688,177.09715047995428,171.2300559845407,174.04034519740514,9418675
2019-04-24,169.80026245117188,173.99103555341753,166.74347227486882,173.05427751626252,10479294
2019-04-25,164.86993408203125,172.1175120958291,163.73596625087865,169.8002551672962,9974042
2019-04-26,172.70913696289062,175.91384558229902,165.70809023740875,167.0392678670142,20052673
2019-04-30,175.61807250976562,176.99855662655514,165.65881622986777,173.05429909727258,13337202
2019-05-02,177.935302734375,179.16788312883057,172.65986767379363,175.02641601268937,12080585
2019-05-03,179.21717834472656,180.4497586634661,174.58267935549526,178.47763015348286,9299659
2019-05-06,171.13143920898438,174.73056740043185,169.7509403473609,172.56122924204658,13291591
2019-05-07,166.940673828125,174.28684918629557,165.65878734538984,173.15288136280628,9914774
2019-05-08,167.77882385253906,169.30722642862133,163.44014722960824,164.57411508333107,11040004
2019-05-09,160.7777557373047,168.27183392662752,158.9535311199697,166.64483416770815,14432086
2019-05-10,160.97500610351562,164.67274743820587,158.85497375675243,162.79923118042203,11984102
2019-05-13,152.1990203857422,160.48195392468693,149.88176341967687,160.48195392468693,8109777
2019-05-14,158.95355224609375,160.92568072320694,148.05753940081414,148.6491839624066,13729074
2019-05-15,153.08645629882812,159.9395989983068,152.29760198499977,159.74238918138587,7707685
2019-05-16,155.8967742919922,156.98143601130494,151.50877605129676,154.07254928994033,6956610
2019-05-17,154.3683624267578,156.29118471848145,151.31155721191251,155.69954014588347,5453766
2019-05-20,162.8485107421875,166.44765441217876,157.7702856899994,159.74241426112442,7222113
2019-05-21,161.07359313964844,164.7713338908236,159.59449683917836,163.53875364043188,8077159
2019-05-22,150.2761993408203,155.79816566119518,141.59884518901373,151.85390830268392,33587510
2019-05-23,149.93106079101562,154.91068788309914,148.15614226710576,152.10039896639645,10057424
2019-05-24,158.70704650878906,159.6438045871155,148.4026775549039,150.81853208726594,12226554
2019-05-27,165.4615936279297,166.05322318409844,157.12935324783842,158.75635333498653,10751107
2019-05-28,165.95462036132812,169.01141058373815,163.68666952138085,165.65879806983122,9047549
2019-05-29,160.87637329101562,165.56017838890102,160.1368251176653,164.67272659933906,6282650
2019-05-30,161.41873168945312,162.50340849696883,159.2000868936557,160.7284896511013,5608051
2019-05-31,157.81959533691406,162.84851427468143,154.6148863393197,161.96106241688344,9429595
2019-06-03,158.1154022216797,160.13682181692147,153.5301946137304,157.7209675096686,8226967
2019-06-04,159.34800720214844,160.43266897459606,156.19258920119648,156.8828462927473,5068423
2019-06-06,155.20651245117188,160.33405877044063,154.51627046085397,159.54520433315722,6340364
2019-06-07,155.05860900878906,159.79172059189565,153.13578665988084,155.50233492836065,6924938
2019-06-10,154.220458984375,159.29869943638985,152.19903909510535,156.53771623529366,6757517
2019-06-11,159.8410186767578,160.5805668537703,153.82602081859775,155.1572135556787,5865263
2019-06-12,163.39085388183594,168.41978790358056,159.8410313777933,161.12290294955608,14169021
2019-06-13,166.4969482421875,166.989980348269,159.00285421129007,162.70059500690147,8032627
2019-06-14,162.35548400878906,167.03928952126662,159.98893566304886,166.1025314280006,6550362
2019-06-17,152.6920623779297,162.30618927172912,151.8539017071909,161.7145446751903,9667369
2019-06-18,149.43804931640625,155.255822731879,148.2054689278614,153.08648425726952,11213185
2019-06-19,143.76815795898438,157.67165362808439,140.76065925293264,154.81207357415357,23973140
2019-06-20,146.72637939453125,147.4166214355013,139.92252630058852,144.16260604675895,17629331
2019-06-21,144.4584197998047,148.79709669683484,143.7188715755736,145.98682247244503,12875999
2019-06-24,138.2462158203125,145.34587597493964,137.30945771764428,144.9514562620733,14346939
2019-06-25,141.15509033203125,142.19046079615407,134.79497897548572,136.2740753396194,14377565
2019-06-26,149.24082946777344,150.17758749109686,139.67599425637107,140.36625126464273,15012396
2019-06-27,146.2333221435547,151.015724429431,144.80353207965652,149.19151470864557,17755494
2019-06-28,140.07041931152344,146.7756587224111,138.73922665450075,145.74028832763182,11492579
2019-07-01,138.04901123046875,144.35981715397375,133.66102781130132,142.2397847856794,23349499
2019-07-02,138.83786010742188,140.2183441453369,134.597780496472,137.95039318635,16544253
2019-07-03,142.19046020507812,143.42304050339908,136.96431673096797,139.52808976993407,14031849
2019-07-04,140.11973571777344,144.26120255187368,139.03505902606193,142.4862838955032,12208125
2019-07-05,132.23121643066406,140.7606658191079,131.24515222177365,140.5141497668853,12851706
2019-07-08,133.46380615234375,135.97825802633434,129.66745266055324,130.90003300903757,13050455
2019-07-09,133.9568328857422,134.9428971247358,130.40699560690666,134.10473650313273,11756179
2019-07-10,129.96327209472656,135.1894156665745,127.99114358053086,132.92146486602013,13525312
2019-07-11,132.03399658203125,134.49915719817184,128.38556187937246,133.11867327159163,14559349
2019-07-12,137.11224365234375,139.72530802370332,131.39306771445513,131.93540608760912,19506693
2019-07-15,139.2815704345703,140.36624709004124,134.1047333033739,137.80247411137134,11664290
2019-07-16,143.225830078125,143.76816841639362,137.70386434581113,139.03505708100258,11747814
2019-07-17,142.4369659423828,144.65561031857615,141.00717590917614,142.92999802598132,8972762
2019-07-18,140.8099822998047,143.1765305551371,138.59133766812545,141.59883673363112,7243163
2019-07-19,136.76712036132812,142.33839288608704,136.0768783355224,141.3523285503224,11727125
2019-07-22,141.15509033203125,141.8946385140981,135.3866235395977,136.52059140030835,12475641
2019-07-23,144.60630798339844,146.5784363707405,140.21832533079146,141.99324388862843,11767863
2019-07-24,133.46380615234375,144.80354535839973,132.72425794325315,144.55702928870286,16336488
2019-07-25,133.21730041503906,134.99220421760137,130.94934938869523,133.7103325926726,12137941
2019-07-26,136.1261749267578,140.41554545605098,131.88609557384595,133.1186759063118,12464765
2019-07-29,134.203369140625,136.81643374871769,130.55491887040708,136.66853010907036,11372480
2019-07-30,128.33627319335938,135.58385241356186,127.30091763002908,134.10475584177755,11000787
2019-07-31,133.21730041503906,133.9075424544964,126.31484992816964,127.20230182945079,11616689
2019-08-01,126.8571548461914,132.52702406478244,124.78642902882825,132.23121683812042,17004827
2019-08-02,117.7853775024414,126.31484271619878,116.10907120342604,126.21623026784317,33420092
2019-08-05,110.98153686523438,115.76394708164702,110.1926824381036,115.76394708164702,20021403
2019-08-06,113.00296783447266,115.86255582323531,108.5163797611192,109.35453291565129,16799318
2019-08-07,100.82506561279297,113.10156203514593,96.43708288141647,112.06619912704902,21741535
2019-08-08,98.80364227294922,102.74789956964298,93.13377240895194,99.34598066047411,44589121
2019-08-09,98.31060791015625,102.05765526736629,96.97942260693576,99.83901058764094,24792213
2019-08-13,93.4789047241211,100.72647629550261,92.69005022362656,98.06409799863911,26382510
2019-08-14,102.35347747802734,104.02978378090732,94.46496306810073,94.46496306810073,36474132
2019-08-16,102.35347747802734,104.91724315663878,98.5078251985734,100.82507480187463,31732377
2019-08-19,103.33953857421875,104.67072383499277,101.26879758737763,103.43814349666991,16955000
2019-08-20,102.5506820678711,103.53674631852371,99.44457817370075,103.33953647762246,16250979
2019-08-21,97.52175903320312,103.04371750998475,96.33847738048843,101.71253223336997,17372474
2019-08-22,95.59893035888672,99.29667146389379,94.26774506569888,96.28917987899882,21182375
2019-08-23,100.52925109863281,101.41671046197312,93.77471223405814,95.54963096073875,21483497
2019-08-26,99.74040222167969,102.50137765848109,95.79614514932912,101.02228125634963,26352764
2019-08-27,102.59999084472656,103.53674889694577,99.83900786491199,101.07158820892325,16421579
2019-08-28,94.46495819091797,102.50137581265525,93.5281926392598,102.50137581265525,21128544
2019-08-29,92.73934173583984,95.10588981566826,89.8304478095187,94.46495409917391,26417279
2019-08-30,95.2538070678711,96.97941954201033,92.88725131300833,94.66217000992374,25710354
2019-09-03,91.50676727294922,95.50032305294212,91.01373513790762,94.31704893807164,13712721
2019-09-04,94.21844482421875,95.4510251724002,89.78115557076556,91.70397790469924,18711992
2019-09-05,94.76077270507812,98.2613037938538,93.67610353715726,95.64823203267635,21705698
2019-09-06,94.31704711914062,95.64823235346597,91.210943223666,95.3524100689167,28342974
2019-09-09,94.16913604736328,97.52175600811442,92.19700754375359,94.16913604736328,28330816
2019-09-11,106.05121612548828,107.67821616599586,94.85938054989762,95.05659791937394,41216573
2019-09-12,105.75540161132812,112.36202975171065,105.06515957507585,106.6921597352525,46605839
2019-09-13,107.48100280761719,108.31915591205278,103.04371370088069,106.79076084468744,28388159
2019-09-16,106.10051727294922,107.62891994858408,104.07908996993457,105.41027527154394,15476632
2019-09-17,101.3674087524414,109.74895494716225,100.18412712875451,106.10051267796922,29665626
2019-09-18,103.43814849853516,105.11445483048455,101.36741493463481,102.55068910741394,21024523
2019-09-19,98.95155334472656,103.73396380841581,96.23987645548203,103.53675395297297,20847083
2019-09-20,107.13587951660156,110.3898869442171,97.47244710546282,99.888308969784,39542671
2019-09-23,109.20661163330078,113.00295735025016,104.76932267303123,113.00295735025016,27080657
2019-09-24,105.65678405761719,110.34058916379323,104.81863096428451,108.4670656167082,14969322
2019-09-25,102.15625,104.86792656020936,99.83900062589021,104.22698332318167,16083605
2019-09-26,107.28379821777344,107.87543528967643,102.55068659640237,103.04371874350046,19695491
2019-09-27,101.41670989990234,106.34703130994207,100.57855676481029,106.29773260968574,20347735
2019-09-30,102.10696411132812,102.89581105940252,97.22594117686204,100.57856139463117,21961633
2019-10-01,96.09196472167969,103.29023724795009,92.09840875004231,102.55068900989794,24057345
2019-10-03,94.56356811523438,98.1133980996523,93.18307658710697,94.16914088961603,18649281
2019-10-04,92.39421844482422,96.53569286375918,91.1616381159281,95.54962860064228,18291036
2019-10-07,92.04910278320312,94.95799704154723,90.0276754407,92.5914411685258,22709072
2019-10-09,96.2398681640625,96.8808114236427,90.61930501436285,92.04909515082605,24143941
2019-10-10,94.31704711914062,96.486385462258,93.28167664629134,95.54962743297395,17559085
2019-10-11,96.09196472167969,98.8529478196372,93.92262623262287,95.30311778160163,26700762
2019-10-14,98.11339569091797,101.26879837225079,97.37384748219246,98.16270191406237,21326087
2019-10-15,101.66322326660156,103.48744063518527,94.9086846191034,98.16269967241624,33002841
2019-10-16,100.97298431396484,102.74789551356638,99.83900888131545,102.05765352312247,15985718
2019-10-17,103.09300994873047,104.42419504735201,98.40920523364073,99.83899524270231,18532554
2019-10-18,106.14982604980469,106.88937429326862,102.25486745371704,102.9451169947943,18095628
2019-10-22,101.95905303955078,106.59355237281835,101.1208998652033,104.52281878823229,20481332
2019-10-23,99.7896957397461,101.9590415307415,98.95154266000664,101.76182417352031,19338850
2019-10-24,101.3674087524414,102.45207793184946,97.66966778418221,100.08552220754892,24157758
2019-10-25,103.38883209228516,104.32559761630591,100.33203451105913,101.21949381478875,17513992
2019-10-27,105.70608520507812,106.14981863400078,103.53674685170036,104.47350488541503,2720903
2019-10-29,111.08013916015625,114.62996895212349,105.1637536658531,105.903301852641,25236074
2019-10-30,113.59459686279297,114.87648337752245,109.60104122488603,111.32665363613637,17240594
2019-10-31,114.62996673583984,117.6374656465255,112.26341107925951,115.36951490832914,24486750
2019-11-01,121.63102722167969,122.22266428403523,114.38345628090917,114.38345628090917,30028955
2019-11-04,135.2880096435547,139.33087901388205,123.5045450784343,123.5045450784343,67908658
2019-11-05,132.18191528320312,139.03505878873787,130.94933497479232,137.0136240737149,43315239
2019-11-06,132.82286071777344,140.26764933308215,126.95578103082129,128.18836142917877,54187219
2019-11-07,146.52915954589844,150.76922395694845,133.46380770041677,134.69638806319807,63062505
2019-11-08,142.5355987548828,148.304065929976,141.94395415152323,144.16259884490074,29259836
2019-11-11,148.649169921875,149.73384650029354,142.1904467601533,143.27512333857183,28595171
2019-11-13,140.1690216064453,150.9171305364293,138.83784394898598,149.5859378328242,31554355
2019-11-14,137.703857421875,142.3876623007979,136.6685020645031,140.0704204936496,18804406
2019-11-15,141.54953002929688,143.86677205348727,137.85178898906523,139.23227295895964,16318423
2019-11-18,143.4230499267578,144.95145260632606,140.26764716496518,142.38767939891176,16277768
2019-11-19,137.1615447998047,143.96538218602822,136.37269038133687,143.3737376106407,16029300
2019-11-20,138.1968994140625,141.5988331330503,135.9289636629326,138.0489957941702,16071410
2019-11-21,134.203369140625,138.54204642662944,133.31590216429558,137.35877217100537,11728699
2019-11-22,142.19046020507812,143.66955656306328,134.40055873814805,135.0414944748165,24439375
2019-11-25,152.6427459716797,153.62881020270328,142.83140988222428,143.12721711461447,34249966
2019-11-26,154.26976013183594,155.4530343087316,149.88177690918468,152.64276001937284,25014300
2019-11-27,157.0800323486328,157.77027428941986,152.6427433842429,153.82601743218436,17185218
2019-11-28,162.74990844726562,164.08108616505697,155.99536227581976,157.08003897577996,19601225
2019-11-29,158.75636291503906,162.45410428728374,155.89678227229575,162.05968455937025,17469017
2019-12-02,157.2279510498047,159.74241804680798,156.04467688831704,159.34799834169453,10165969
2019-12-03,147.66311645507812,156.63630684576492,139.6759902811197,156.63630684576492,43638748
2019-12-04,151.6073760986328,154.3190527442994,141.00718557466337,143.32444254487328,27151029
2019-12-05,139.13368225097656,152.29763195967436,133.75961964377348,151.85390602273353,23327336
2019-12-06,137.90109252929688,143.7681718564243,132.37912666485548,137.06293189135874,42183273
2019-12-09,141.15509033203125,142.97931519958794,136.8657199037314,138.64063854992105,18777598
2019-12-10,139.2815704345703,143.27513351643674,137.55595805750485,141.40160247936385,17656288
2019-12-11,142.4369659423828,143.37372389199098,139.5280796583806,140.95786969158726,14479614
2019-12-12,140.26763916015625,144.35979976745975,135.83035004788417,143.17652568008313,16119727
2019-12-13,136.9150390625,147.17010213772494,135.28802388052497,141.253716122138,43391119
2019-12-16,134.84429931640625,137.95039598786798,130.16049367287476,134.89360554293614,36141327
2019-12-17,143.5709686279297,145.69100086228923,135.09080959819713,136.56990605365183,45830185
2019-12-18,144.01470947265625,146.62777412950027,141.3523385862937,144.5570479050622,29351742
2019-12-19,150.71994018554688,151.75529570424166,144.31052198413326,145.7896184921518,29577787
2019-12-20,154.86138916015625,156.19256683290644,149.58593955107412,150.86782604961374,25272098
2019-12-23,155.60096740722656,157.0800640269794,154.07256455758554,154.81211286746193,19904345
2019-12-24,157.81959533691406,159.7424177262412,155.15722471737283,155.9460641260167,20240998
2019-12-26,161.2708282470703,162.50340869064905,157.67168432413163,157.7209905511044,21763900
2019-12-27,159.00286865234375,162.70060978379362,156.3404980469293,162.20757763293363,19434487
2019-12-30,165.0178680419922,165.6094975993897,158.2633215104696,159.1507733696395,19284158
2019-12-31,165.3629913330078,166.34905569998597,163.6866849183746,164.17971710186367,16304965
2020-01-01,164.08108520507812,168.91280905845903,162.10895670479522,165.46158418296397,24648797
2020-01-02,170.8356475830078,171.82171192692127,166.64487412137558,167.53232601243857,23256674
2020-01-03,169.20863342285156,172.16682620964164,167.63092458477155,170.93424588181244,19536532
2020-01-06,164.57412719726562,168.46909325576593,163.19364318275862,166.89138434248878,15670706
2020-01-07,165.0178680419922,169.50444860864218,163.44015912997097,166.6448681325194,19605976
2020-01-08,172.2654266357422,173.94173290182164,161.76384807653093,164.13039632909644,33040895
2020-01-09,173.94174194335938,176.99854738745128,171.92032210203638,174.77990264304034,18381117
2020-01-10,174.18824768066406,176.89992442944748,172.2654253589379,174.53337619442246,18329483
2020-01-13,175.56875610351562,177.24506244705378,171.67380502837315,175.32224002222625,15771923
2020-01-14,171.57518005371094,178.1325013189143,169.25792304027408,176.01246919303105,22197682
2020-01-15,177.6394805908203,178.231125199152,168.76490174272976,170.49051429652513,28161176
2020-01-16,176.5054931640625,179.26647595462893,173.64591298042146,177.935283255883,20938516
2020-01-17,174.4840850830078,178.3790362866312,173.35011709013008,176.99855220433238,14452871
2020-01-20,176.80133056640625,177.68878241075535,170.83563859052364,172.56125110153903,19944796
2020-01-21,183.21075439453125,184.3447223485862,173.94174072194588,174.53338533476,30489750
2020-01-22,176.65342712402344,183.60518399121852,175.02642692040575,183.30936166888395,19443219
2020-01-23,177.4915771484375,178.6748513201976,175.0264163547092,176.89993253948373,11413774
2020-01-24,186.3168487548828,187.15500943859442,176.45620563426294,176.89993156546137,19856058
2020-01-27,176.20968627929688,183.40795863271342,175.17431576165697,178.4776371640921,24954268
2020-01-28,173.05429077148438,178.3297409815528,170.78633979203025,177.29437042069898,19420336
2020-01-29,172.51194763183594,178.47763970295992,168.22257692080674,176.45620486284056,23683887
2020-01-30,173.20217895507812,179.36508049840066,169.9481789771209,173.54730745996272,33407995
2020-01-31,173.44873046875,175.81529417278588,170.19472982569346,175.51947182901273,15207085
2020-02-03,172.41334533691406,173.49800701697717,159.4465910302,163.6866704424569,23272332
2020-02-04,180.84417724609375,182.22467622236596,171.32866326181005,173.54730782203492,21437184
2020-02-05,187.45082092285156,190.26109502234684,179.36508199368808,180.84417837641607,20048729
2020-02-06,194.9942169189453,195.98028122700572,188.53549269192018,189.47225077534813,28812959
2020-02-07,195.04351806640625,199.43150111382215,192.08532521922965,192.7755672076748,22908839
2020-02-10,190.5076141357422,193.95883908402067,187.7466311678901,193.76162923906267,14810988
2020-02-11,193.56442260742188,199.57940573230107,192.3318422482892,194.94490659119165,18730237
2020-02-12,194.25465393066406,196.47329845525286,191.29646123121233,195.93096011779082,12307478
2020-02-13,191.19786071777344,194.5011821233719,189.96528034943773,193.7616339023705,8746026
2020-02-14,187.84524536132812,194.8955989456699,186.76056863474622,190.21179361513808,14340696
2020-02-17,187.74664306640625,190.704836066693,186.21825538650958,189.81738418506606,12487268
2020-02-18,182.66839599609375,186.66195907973145,179.1678650204077,186.0703145317311,14228234
2020-02-19,185.4293975830078,186.8591878315926,181.43583409505564,185.38009135799163,9801115
2020-02-20,190.704833984375,193.16999479103006,183.2107541598322,184.88706049912813,16689454
2020-02-24,172.46263122558594,187.7466270934115,170.44121155095192,187.7466270934115,19898510
2020-02-25,176.5054931640625,180.15392772302906,172.90636482470612,177.4422511520728,19983174
2020-02-26,167.77882385253906,173.3500958174653,166.79275961585967,169.6523549299176,25605939
2020-02-27,166.00392150878906,167.63092149305726,162.25687437206793,167.63092149305726,21185744
2020-02-28,151.75527954101562,159.9396156895797,144.2612003929268,155.79814891745878,22939235
2020-03-02,151.21295166015625,161.66522319198626,147.3672922379294,158.85494923904872,24188438
2020-03-03,158.4112091064453,159.93961163913292,153.1850808373427,155.798144971894,25472220
2020-03-04,152.10043334960938,160.23546463086888,146.03614332203904,158.75636803427622,24252742
2020-03-05,152.24832153320312,157.57307776800909,150.67062768470836,154.61488487516593,18929214
2020-03-06,144.26121520996094,147.17010198878444,138.04900689065207,138.04900689065207,17133704
2020-03-09,129.3716278076172,140.02112481701374,124.78643502044824,139.28157662255768,21051651
2020-03-11,125.13156127929688,131.29445563637904,123.25803760311481,128.7800037061932,27035488
2020-03-12,112.3127212524414,119.65889701512876,106.39633566432059,118.08119569624454,22695627
2020-03-13,119.70819854736328,128.68138149982457,97.8175682151585,101.56461528338643,25213769
2020-03-16,107.43170166015625,114.23554678311663,105.31166944971025,110.73502305853651,15440501
2020-03-17,105.70608520507812,115.17230807854932,103.98047275754978,109.45313238608324,18388276
2020-03-18,99.83900451660156,110.53780003919806,98.60642421392747,110.43919511959876,17129407
2020-03-19,91.70397186279297,99.05014724472302,90.17556932251725,93.82401142660115,18965781
2020-03-20,103.09300994873047,106.98796033415508,91.60536109026431,94.76076336278,26516602
2020-03-23,87.75971984863281,98.11339466223555,84.80152704474631,92.7886461106252,5355485
2020-03-24,89.14021301269531,93.13376885955617,85.29456079036476,92.69004293981834,9730042
2020-03-25,90.91513061523438,93.5775088903158,86.03411506219612,86.7736633292064,12549137
2020-03-26,87.61180877685547,94.66216980327668,86.28062351861156,91.06303371759994,13486196
2020-03-27,87.61180877685547,93.18307340010048,86.57644580847614,90.71791272814015,14011886
2020-03-30,78.88514709472656,86.08341977634991,78.24420376996714,83.07592053413391,12837677
2020-03-31,81.05448150634766,84.45640781555356,80.61075558574726,81.35030380213026,15815842
2020-04-01,69.27101135253906,81.69541900154714,61.2345864668114,80.41354003128698,49775595
2020-04-03,62.26995849609375,73.7576084401499,61.1359831111909,73.21527009686976,46615931
2020-04-07,80.265625,80.90656821557275,65.57326735188126,66.06629943723375,58701231
2020-04-08,83.71685791015625,96.14126619010959,76.02555360571814,76.22277097328545,62924343
2020-04-09,90.32349395751953,92.0491065891651,84.40710779187755,86.77366376274915,38987033
2020-04-13,90.37279510498047,91.95049648918828,83.32243381594004,90.71791610729568,32561343
2020-04-15,86.7736587524414,94.51426203426607,85.7875944484364,92.29561735025477,33151306
2020-04-16,87.0694808959961,90.12627872828938,84.94944114159034,85.73828806952889,21887868
2020-04-17,90.96443176269531,91.8518911381656,87.56251293364508,91.01373798697227,18261189
2020-04-20,89.3374252319336,92.29561817022989,88.05554613918272,91.95049716537673,13853103
2020-04-21,81.7447280883789,85.78759002156201,77.75116485400794,85.78759002156201,32750979
2020-04-22,83.9140625,85.14664275858718,79.32886243344116,80.95586987939079,20090386
2020-04-23,85.24525451660156,89.09090673666728,83.61825446313875,84.35780267764856,22240052
2020-04-24,78.0469970703125,85.78760093765884,77.15953762496326,83.81547218047128,24334069
2020-04-27,81.1037826538086,81.84333082390411,78.49071094818983,79.96980728838086,18036513
2020-04-28,82.73079681396484,83.27312766865634,80.36424097392175,81.84333743356449,14289244
2020-04-29,87.5132064819336,88.59787570554566,81.84333676620268,82.73079613936659,25784510
2020-04-30,93.67610168457031,94.81007705168234,88.44995826557033,89.73184477153576,31627275
2020-05-04,84.20989227294922,87.66111730443833,82.18845745956189,87.66111730443833,20169238
2020-05-05,84.75222778320312,89.0416137196039,84.20989690512384,87.41460603921816,22255536
2020-05-06,88.25274658203125,88.99229473774659,84.06197369964428,85.7875860629801,22020932
2020-05-07,89.4853286743164,91.3095459911617,86.47782977024791,87.26668416173005,18495594
2020-05-08,87.85832214355469,92.69003841669938,87.02016904546511,92.19700629746163,16444431
2020-05-11,88.35135650634766,91.01373453168269,87.06947747762186,89.04160600465228,11132083
2020-05-12,88.499267578125,89.33742069681293,83.07591413322598,87.75971938109332,16957824
2020-05-13,95.99335479736328,99.49388595114341,90.07696920093937,92.73934723317412,38175696
2020-05-14,92.19700622558594,96.23986809556921,91.40815182619126,93.67610258214614,15151966
2020-05-15,93.23238372802734,95.25381105419939,90.61931179607454,93.1337712783481,22659497
2020-05-18,86.82295989990234,94.26774044596283,85.54107337042464,93.62679718122398,23716504
2020-05-19,90.37279510498047,92.88725457019721,87.8583281166901,88.74578749626751,25064205
2020-05-20,93.62680053710938,94.36634874837587,89.38672863969218,89.73184963366853,15271764
2020-05-21,96.63429260253906,97.71896172917748,92.83794689776818,93.62679375210844,23227182
2020-05-22,95.2538070678711,97.62036282273387,91.60537227463463,95.45102443590245,19185968
2020-05-26,107.62891387939453,109.3052200871797,97.71896520487404,98.80363437009227,57513307
2020-05-27,113.44670104980469,114.72858012963934,105.01584825137995,107.6289201584938,37503220
2020-05-28,117.44024658203125,119.06725404250616,112.21411075280848,113.44669102239965,28096717
2020-05-29,119.85610961914062,120.69426270620372,113.64390198924139,114.48205507630449,22712017
2020-06-01,127.79395294189453,130.01259785375973,121.43383301403635,121.4831317204554,25816408
2020-06-02,127.49812316894531,129.4702518643779,125.23017215996829,127.79394548248978,20594275
2020-06-03,125.62458801269531,131.04793391030057,124.2440965464534,129.17441783797932,14628148
2020-06-04,135.14010620117188,136.66850877222168,127.20228611280993,127.69531822952625,37112431
2020-06-05,143.4230499267578,145.1486624577855,136.42200239999093,137.01363195436923,34572627
2020-06-08,141.6974334716797,148.7478020737484,140.0704334345121,147.36730305946833,21469635
2020-06-09,142.19046020507812,146.9235715598599,140.21833172776456,142.6834923244065,17744119
2020-06-10,140.26763916015625,143.12721945849526,138.542026727606,140.51415522194915,11731725
2020-06-11,139.03506469726562,145.8882084940362,137.4573558169939,140.0211289858987,13322028
2020-06-12,139.67601013183594,141.0072030320664,129.37164061179914,129.42094683887214,9828008
2020-06-15,134.00613403320312,141.30301897246108,133.2172946202216,140.71137436657756,13177889
2020-06-16,141.50022888183594,144.7049378983235,136.22477879008207,137.5559716307743,28554032
2020-06-17,138.04901123046875,140.1690435987631,137.06294686453683,140.1690435987631,7375498
2020-06-18,143.12722778320312,143.91608223605178,136.6192124010329,136.6192124010329,11222367
2020-06-19,143.6695556640625,145.98681262886436,141.5988298035284,144.01468416389125,6878109
2020-06-22,142.38768005371094,144.21190504193103,141.00719604099922,143.96538896493627,5207549
2020-06-23,144.2119140625,146.13473657410367,142.6342050525877,142.97933360042734,7806774
2020-06-24,146.38124084472656,156.14328634364523,145.34587033097273,146.92357921346877,30133824
2020-06-25,147.7124481201172,149.68457689329324,142.2397877653239,143.96540044185295,10313929
2020-06-26,151.06504821777344,155.30512773011068,148.89570976029657,149.19153206044052,16035209
2020-06-29,150.91714477539062,155.84746629666344,146.67706525786656,149.88177424669388,15681476
2020-06-30,159.24937438964844,162.6019867793931,152.8892630656688,153.82602108226104,37243230
2020-07-01,151.6073760986328,160.97498632911743,150.02966730451377,160.72847027042047,22520584
2020-07-02,151.9525146484375,155.00930495074877,151.06504775074933,153.1357887992079,11240835
2020-07-03,151.55807495117188,154.713477598893,150.71992935123242,153.08647757548658,8416786
2020-07-06,154.76280212402344,157.9675113733581,151.9525276561421,153.826043968063,15574360
2020-07-07,153.43161010742188,155.94606201926294,150.67062707602602,155.60094854418037,10930287
2020-07-08,154.07254028320312,160.5312641811043,153.33299208984374,154.4176687918961,19073666
2020-07-09,161.76385498046875,163.78528984913768,155.69955037446192,155.7981628250887,21300898
2020-07-10,166.7927703857422,167.63093105949855,158.16470775767976,159.79172288094554,20684865
2020-07-13,167.72955322265625,170.39192397857263,165.9053281428933,168.1239729471816,16663154
2020-07-14,163.39085388183594,166.54625667858963,162.01036986017726,166.54625667858963,9931683
2020-07-15,164.08108520507812,170.34259921193487,163.14432717667302,165.46158418296397,14381282
2020-07-16,174.53338623046875,175.76596664170089,162.25688834382632,165.36298496167223,20601832
2020-07-17,174.286865234375,179.36509036701673,172.31473663200583,176.89992961405528,21877756
2020-07-20,175.17431640625,176.80133152457023,171.57518773937144,174.5333806314296,8440254
2020-07-21,176.11109924316406,177.88600303941743,172.1668418361158,177.3929708635364,14471605
2020-07-22,170.98355102539062,178.72416213493523,166.2997453970268,177.2943718470853,24764376
2020-07-23,169.35655212402344,173.4487131583427,167.630939511406,171.96961663324208,8095391
2020-07-24,165.41229248046875,168.46909794268018,163.2922601750351,168.3211792644874,7153627
2020-07-27,174.4840850830078,175.91387539242044,165.9546344074978,167.0392961732617,20564172
2020-07-28,180.74559020996094,181.43583221459136,172.85707576584826,174.7798981523713,18461477
2020-07-29,181.68234252929688,183.35864878628084,177.98460150088513,179.46369791224984,13692592
2020-07-30,180.0060272216797,184.19680017650256,176.35759259965133,181.68233339437964,10842225
2020-07-31,182.27398681640625,183.70377700250836,178.2311172801137,179.56231006663964,12166469
2020-08-03,188.14105224609375,188.5847781265742,181.0413930199695,182.91490898028505,12705293
2020-08-04,191.49368286132812,193.0713917499872,187.84524798321942,189.32434442403218,14977662
2020-08-05,194.64907836914062,197.16354523444073,192.28253017012082,193.26859442740349,11634932
2020-08-06,194.05746459960938,196.42401299078907,191.69090116228196,195.63515851167995,10524483
2020-08-07,196.6212158203125,198.19892472213164,192.52905498505572,194.0574576625404,10206972
2020-08-10,198.7905731201172,201.15712147191604,194.05746137037204,197.212864188153,13126158
2020-08-11,208.10885620117188,213.72941923408473,199.18497201976984,199.67800412872967,26590998
2020-08-12,206.23532104492188,207.66512616929663,200.95988661198726,206.08741743364305,11485730
2020-08-13,210.1303253173828,211.51080943040395,206.38327766556324,207.2707295887699,11508473
2020-08-14,209.0949249267578,219.30068077455428,205.34787780865517,210.52471506433554,23202108
2020-08-17,220.48397827148438,222.2095907555756,210.17959454385084,212.00381947406314,23051450
2020-08-18,221.765869140625,222.80123973063291,218.46256255344977,222.258901321948,7369160
2020-08-19,224.23098754882812,225.7593900304815,221.9630519815018,222.85050372122555,6276869
2020-08-20,231.57720947265625,235.4228542673605,220.28676107401577,221.3221316098661,14578306
2020-08-21,220.48397827148438,235.07771752859546,219.00488185654905,233.50002371368586,16189836
2020-08-24,222.6533203125,227.43572310465618,220.48398187767629,223.29425608432962,14009011
2020-08-25,218.90625,224.67473152521492,216.9341216216216,223.83657094594594,12505409
2020-08-26,218.6597442626953,221.66724319075757,216.98343807126352,218.90626032161606,9382645
2020-08-27,213.13780212402344,221.32213919562918,210.5740438550642,218.7090747001971,9697356
2020-08-28,213.28570556640625,222.3081876588961,212.49685113764042,214.91270560074153,11333546
2020-08-31,202.2417755126953,217.18064227745342,198.1989062327725,213.97593359458523,15322399
2020-09-01,214.96200561523438,217.3285537870353,201.30500979048685,202.1431704179956,17211191
2020-09-02,218.16671752929688,219.8430237621006,209.53865525412695,215.84946049979263,15151681
2020-09-03,218.56114196777344,222.8505276105954,216.04669008696075,218.90627048474417,10668592
2020-09-04,207.71444702148438,214.2224776782707,206.08744688036168,213.926655367299,12963624
2020-09-07,201.699462890625,209.44005889871713,199.7273342190885,208.45399456294888,7217754
2020-09-08,192.08531188964844,205.1013565047598,189.57084513480802,203.3757441303207,9146956
2020-09-09,191.09925842285156,194.25466107576668,182.9149219774351,188.33827545924586,16704093
2020-09-10,193.1699981689453,197.80451260341738,189.62017557297568,193.76164279134747,8810657
2020-09-11,199.03707885742188,199.87522445897895,192.57835488165696,193.7616289960677,7544839
2020-09-14,206.72836303710938,208.4046842912669,203.62226668244585,208.05955578690595,8616933
2020-09-15,203.32644653320312,208.55259009808177,199.72731801805418,206.72836520642483,6413799
2020-09-16,201.3050079345703,206.87627990046335,199.33287946086932,205.1013612649032,3669131
2020-09-17,199.43150329589844,201.15711580896556,195.83237464424587,197.31147108401768,4272232
2020-09-18,195.5365447998047,200.66407591720673,194.3532707028883,198.74125362894927,6008911
2020-09-21,171.96958923339844,195.78304852101888,166.25042895115908,195.14209776790892,25867997
2020-09-22,167.5323028564453,172.9556559983639,157.37585355485982,170.58910791853046,27153451
2020-09-23,173.35009765625,178.92135463412632,157.77027954222592,170.04677640987612,23576538
2020-09-24,161.91175842285156,171.96961148309362,160.03824223229134,169.84957921239928,14821717
2020-09-25,173.3994140625,177.19575260927604,164.1304005672883,165.56019080038956,19509333
2020-09-28,181.2879180908203,184.64053051699614,173.3994041034453,173.59661394390042,13944924
2020-09-29,189.4722442626953,191.78950132544603,179.5623103442362,181.73164873817385,15149304
2020-09-30,184.2461395263672,191.24718775265785,181.78097852144467,189.0778490775558,11724469
2020-10-01,187.64804077148438,192.18392755938387,184.19681569440664,184.24612191902293,11995777
2020-10-05,193.95883178710938,195.38862191694824,189.02851061790912,190.01457485174916,11064608
2020-10-06,191.24717712402344,199.5794178483643,188.43690276228307,196.17749885986393,11790447
2020-10-07,188.9792022705078,194.156039439916,184.5912194885244,190.06387893398505,12626537
2020-10-08,191.78952026367188,195.04353569896895,189.37366556263933,190.21181125075563,10023987
2020-10-09,191.14857482910156,199.18499303456176,189.57086589551733,193.0220910223538,16913000
2020-10-12,190.31040954589844,193.95884443988052,187.50012027766854,191.24716761992602,6001195
2020-10-13,189.12713623046875,191.69089438930402,188.1410719279597,190.75413631114984,2920797
2020-10-14,187.5001220703125,189.2257346085999,185.6266059043451,188.2889765256162,3323914
2020-10-15,180.3511505126953,190.01458345087661,178.8720540949986,188.5354870331799,5978662
2020-10-16,191.0006561279297,192.08533290039423,176.50551360635774,181.92886737638548,10870513
2020-10-19,198.88916015625,200.02314309390482,188.09175941405644,191.49367813472747,12505282
2020-10-20,197.65660095214844,200.46689043925292,194.5998104174514,197.21287499264463,6697295
2020-10-21,206.18601989746094,207.07347161449368,198.74123255161564,199.3821682310121,13220570
2020-10-22,205.298583984375,208.05956703002178,202.14318123769888,205.1506803580258,13031394
2020-10-23,203.3757781982422,211.2149870031993,199.38221445348339,205.79163291791284,16788014
2020-10-26,192.9727783203125,201.79805069636362,183.0628292080586,201.79805069636362,23104866
2020-10-27,190.35971069335938,192.9234687725283,187.10569558696542,191.24716251958193,12159953
2020-10-28,187.94384765625,197.6072650424725,186.36613887483006,190.70481545451585,12921177
2020-10-29,186.9578094482422,190.21180981279142,183.21076185550424,186.11964872031396,10243697
2020-10-30,188.83131408691406,192.67695885142626,181.9288639636326,188.3382819352511,20919229
2020-11-02,188.14105224609375,192.03600282431543,184.64052132915566,188.83129417641288,14266886
2020-11-03,198.83985900878906,199.97384197538798,189.66947310495092,189.71876428276852,19495118
2020-11-04,204.65765380859375,207.9116690926385,198.19892946601885,199.48081609866043,20281048
2020-11-05,208.70050048828125,210.4754192154985,203.77017904942608,207.12280665553578,13030954
2020-11-06,209.3414306640625,212.98986515988702,206.5804479212793,208.74978613127126,10323094
2020-11-09,207.073486328125,211.41216288035113,206.08742210751487,209.34143704475744,5612423
2020-11-10,210.86985778808594,211.6094060173458,205.19998803042705,209.09493902863284,6709096
2020-11-11,216.09597778320312,216.93413842740404,209.63726888057727,210.9684466114211,8316444
2020-11-12,215.0606231689453,218.8569615783475,212.10243036082306,216.93413926229738,5125578
2020-11-13,212.10243225097656,214.41967427696775,210.03169124837888,214.41967427696775,4166342
2020-11-14,213.38430786132812,215.45504890357418,211.90521141576582,213.97595245801188,761948
2020-11-17,225.6608123779297,227.53432845727747,213.97594485473113,213.97594485473113,10920316
2020-11-18,224.87196350097656,226.44965733137562,220.43467421260618,224.82265727743194,4081823
2020-11-19,230.39390563964844,232.1195180744941,221.1249077223646,221.86445590872702,11777158
2020-11-20,233.25350952148438,241.58574971677223,228.47109172291806,233.45071936916665,18339216
2020-11-23,238.67686462402344,242.3746057149364,235.17633338206312,235.66936552751818,9931028
2020-11-24,237.59219360351562,242.22669287309876,232.41535595165044,240.50108032247704,8472362
2020-11-25,231.92230224609375,244.5439273100344,228.7668997416451,238.23312230113706,11344961
2020-11-26,246.12164306640625,247.30491715836902,229.01342229321253,231.33067930150554,12732331
2020-11-27,240.5996856689453,248.73471602455513,238.77546072225888,246.51607138211608,12116579
2020-12-01,249.6221466064453,253.86224072852792,240.2052455184642,242.57179358374987,9734697
2020-12-02,255.48927307128906,264.61036809343756,247.69935586252237,248.6854201892411,22314238
2020-12-03,259.4828186035156,261.5042685056531,255.98230232043352,255.98230232043352,11854299
2020-12-04,263.5749816894531,267.6671727066653,253.9608545333285,260.02517419795083,17365825
2020-12-07,262.6382141113281,269.09692279154393,260.81398926436657,263.574957075995,10334837
2020-12-08,256.67254638671875,264.9555112625483,250.65756268915158,264.1666417022186,12708530
2020-12-09,254.50318908691406,261.3070263972906,252.58035176141308,258.54605853265144,6605175
2020-12-10,255.78506469726562,259.92654665325017,249.03053349980823,253.41851647625728,7720336
2020-12-11,256.9683532714844,260.56748181739084,254.94690347447875,256.86974082660475,6458937
2020-12-14,259.63067626953125,265.64567354765234,257.36274078231173,261.15909374334393,9956703
2020-12-15,268.9983215332031,270.1323195205483,257.75719484381955,260.3209679710844,9969730
2020-12-16,281.6199645996094,283.3455770909154,269.3434522674001,271.16767720523956,16676228
2020-12-17,274.2244873046875,282.9018410905631,271.710005289297,281.028324942737,7336203
2020-12-18,268.2587890625,277.03478567735743,266.8783050183265,274.12588386560645,6978398
2020-12-21,249.2770538330078,269.8858063821238,241.437845789828,265.74432435525426,9801151
2020-12-22,256.475341796875,258.25024557849247,242.867650845538,249.47427893863596,11697459
2020-12-23,258.6446533203125,259.7293300665371,250.95336383307313,257.8558139188551,9481749
2020-12-24,255.63714599609375,265.74430413094416,254.40456573574613,261.0604991416232,10510931
2020-12-28,263.42706298828125,265.2512879012279,255.5878701186953,255.68645247158972,8007419
2020-12-29,255.78506469726562,267.32202865158456,254.20735585249565,265.2512876735923,8428134
2020-12-30,262.2438049316406,265.15267647596164,256.5739353729091,259.63071053943395,9449170
2020-12-31,262.7368469238281,266.730395334619,258.3981398944571,260.32097733212356,7949979
2021-01-01,266.38525390625,269.0476394460239,264.3638342095169,264.5610290062045,8047337
2021-01-04,283.6907043457031,285.9586401444138,268.8997402003024,269.49135469228355,16083859
2021-01-05,280.6832275390625,283.9865493222074,278.16877533719116,282.50745271115426,7992858
2021-01-06,280.2394714355469,286.5502766069238,274.2737646772799,281.9650838702675,12378749
2021-01-07,293.84716796875,300.40448969187554,283.2469765067901,283.98652474832215,16883643
2021-01-08,289.7056579589844,298.3830412150537,286.8460777181231,296.312300319157,9970177
2021-01-11,288.9660949707031,291.13544819655215,280.9296779483419,290.88893215235527,8300395
2021-01-12,290.29730224609375,302.72171751772254,286.35304534032537,288.42378623431216,12056629
2021-01-13,295.57275390625,301.4891393055411,284.2823063990193,293.1568844979559,10560096
2021-01-14,289.5577697753906,296.8053482511447,287.28983396852857,295.5234767241868,5834247
2021-01-15,294.8332214355469,299.7635428642349,289.11406061518625,290.8889642925964,12385982
2021-01-18,278.51385498046875,295.227625694409,275.555662277935,294.8332060191963,9306301
2021-01-19,291.7763977050781,294.53739558615763,280.23946434590323,282.0143679112249,8412997
2021-01-20,300.7988586425781,302.4751797440905,289.9521529304836,291.87499007090724,11213922
2021-01-21,296.9039611816406,306.17295940939215,291.08618793918015,302.72173442410104,16599082
2021-01-22,277.7249755859375,304.9403534924885,274.224459716958,300.5523557707165,24406863
2021-01-25,275.75286865234375,286.74747930679564,264.4624507521301,283.00044709644305,14820160
2021-01-27,268.2587890625,276.4924322402318,262.29311190018456,276.0980125265101,11603788
2021-01-28,267.17413330078125,270.8718744144166,259.3349101029567,259.3349101029567,8213950
2021-01-29,258.102294921875,271.1676450946156,254.60177917666059,269.8857737183571,10965798
2021-02-01,273.6328430175781,276.4431322886499,253.56642851116354,258.34884638056025,12684256
2021-02-02,272.2523498535156,282.310187311061,267.42064096870814,276.29521936246226,13596700
2021-02-03,281.5213623046875,290.69174840939337,271.41420306257527,274.02726748232095,12034014
2021-02-04,284.38092041015625,288.6703058667717,278.1194064762272,280.38737228051326,8512753
2021-02-05,295.03045654296875,296.85465146089814,276.5910417244226,287.2898456135054,14614529
2021-02-08,302.8696594238281,307.2576578231693,293.64995172252543,297.98865894122963,15504570
2021-02-09,305.43341064453125,312.8288927424618,300.60170169234203,302.72173387529006,17242835
2021-02-10,307.1097106933594,313.9628389075695,299.71422910747617,309.62416239564305,15272126
2021-02-11,311.152587890625,313.5684575406709,304.0529427564021,305.67994288555974,8020929
2021-02-12,304.00360107421875,312.483759777581,302.82034201077096,311.54701678055477,6546595
2021-02-15,304.2994079589844,310.117180525909,302.1793760183623,306.66595594136,6379749
2021-02-16,328.0143127441406,331.2190220060629,304.49667106511305,304.6938959796886,26320619
2021-02-17,320.6680908203125,325.1053797333669,316.5759003044404,324.51373519316803,9900841
2021-02-18,323.28118896484375,328.2608016766807,320.9639318256772,320.9639318256772,8261985
2021-02-19,317.0196838378906,328.31013251538064,307.99720118724645,320.37229655986334,11751459
2021-02-22,317.16754150390625,327.7677315734397,313.5684132196857,315.5898327774245,11165599
2021-02-23,332.2050476074219,337.2339814189705,316.67453530523244,319.0904048113793,12824670
2021-02-24,333.4376525878906,339.8470708370146,327.37336287833244,334.275813300466,7132578
2021-02-25,340.09356689453125,342.1150167401994,335.26185790204875,335.5576651515153,6333361
2021-02-26,331.218994140625,341.07963719388744,327.37334936831155,333.28973520026904,8851273
2021-03-01,340.58660888671875,343.8406391864126,327.9649976729526,333.289738963376,5995931
2021-03-02,333.5855407714844,341.42476399618454,330.6766691408285,341.42476399618454,7687364
2021-03-03,344.6787414550781,349.8555786910471,336.2479042791312,336.5930327799876,8703428
2021-03-04,331.8599548339844,339.2061464970752,330.5287919956966,333.9306960490828,8664486
2021-03-05,317.8578186035156,329.00033264760094,309.1311439286967,328.85242902781613,13458441
2021-03-08,319.53411865234375,327.71847025106473,317.759214981066,321.06253634533255,6022231
2021-03-09,308.490234375,325.0068120479169,305.08830036963025,321.95000657954483,8121292
2021-03-10,315.88568115234375,317.80848833970634,307.0603942833736,311.05397245828135,6903410
2021-03-12,313.2232971191406,327.86635697545,309.6241686926054,322.4430037021719,8661309
2021-03-15,321.5555114746094,322.7387703482378,311.3990331119736,315.9842552856851,7642941
2021-03-16,319.0411071777344,324.31655744839065,315.54059078562466,323.42910555526527,4796079
2021-03-17,304.4473571777344,319.9778701349791,301.3412606047444,315.54058071862346,6430311
2021-03-18,305.03900146484375,314.1600963666671,298.38306734729696,307.7013570564856,6372698
2021-03-19,308.68743896484375,312.58240526292496,292.5653105905774,301.7356971938645,12819655
2021-03-22,316.4773254394531,319.2875844103218,304.69384589931053,308.63810280415595,7824327
2021-03-23,311.2511901855469,320.9639295561662,309.2790615861234,317.56199568524306,8085284
2021-03-24,302.6231384277344,311.49771744375175,300.7496222094787,306.6660082201569,7978045
2021-03-25,304.9403991699219,309.3283975489781,293.1076270113477,302.2287222169153,12384761
2021-03-26,319.6820373535156,323.2318445293417,306.66597740117885,309.87068616823296,9743664
2021-03-30,331.7613525390625,336.14932070819003,323.6263218981272,325.0068059278269,9379719
2021-03-31,338.81170654296875,342.65735137446785,329.3454830476899,332.3036760091961,6912102
2021-04-01,365.73126220703125,368.29503554117196,341.17826585607895,341.57268557849386,14147031
2021-04-05,377.51470947265625,380.6208058856478,354.24358682491965,365.7312294815071,11514234
2021-04-06,383.43109130859375,391.4675089627971,379.0430933399777,386.7344125790054,16986573
2021-04-07,383.38177490234375,389.39677294839885,379.9798712371939,384.76228894972513,10294775
2021-04-08,409.85760498046875,421.542472517843,385.94554659787764,388.0162875690555,27365406
2021-04-09,406.6036071777344,420.30989449288535,395.9048038449114,410.202735739684,14532585
2021-04-12,383.57904052734375,403.94126378109434,380.768751050008,399.2574580163003,11886755
2021-04-13,403.7440185546875,405.9133418458477,378.9444786329551,383.57899263747146,12033319
2021-04-15,408.52642822265625,417.05590850755937,397.3839136485839,408.082717342197,12092334
2021-04-16,408.2305908203125,418.7814901078993,405.86404268908797,410.8929762756227,9209394
2021-04-19,408.03338623046875,412.86512526687056,392.55219512006926,397.38390406417744,10772613
2021-04-20,425.5360107421875,430.8114604447341,412.1748523268814,413.16091656689787,19220825
2021-04-22,435.4460144042969,439.78469144040685,422.1341459414146,425.28953374390585,16382110
2021-04-23,430.9593811035156,443.23589341408234,425.2402203221869,438.69999171218694,15212228
2021-04-26,436.7771911621094,445.10941639290036,432.5370966415826,434.8543537514608,12314848
2021-04-27,443.63031005859375,449.64530813766595,430.5649584515234,438.79860114311697,17708967
2021-04-28,437.4181213378906,447.6238926709484,429.97331795640594,447.47595895487285,15697777
2021-04-29,447.9197082519531,452.8500297516995,436.1362278306417,442.7428706772195,20739925
2021-04-30,435.347412109375,449.4974416018309,426.37422047325936,441.16518577708865,16715876
2021-05-03,439.0944519042969,445.45457912742893,428.1491614716272,431.8961940405398,12397053
2021-05-04,429.677490234375,447.47593763229565,427.45884570648667,443.72890557766783,11563827
2021-05-05,433.27667236328125,436.8265100662518,427.163091406445,433.7697045416856,7379545
2021-05-06,452.5049133300781,455.6603312112222,432.8822392547566,434.8543679073979,16058047
2021-05-07,473.2122497558594,478.2411836852351,457.1887049416634,458.61851020815544,17370389
2021-05-10,483.3687438964844,494.708483627992,480.21332602123385,482.13616349088574,12543953
2021-05-11,469.5638122558594,479.6216496440644,461.9218142472563,474.29690866298023,14239603
2021-05-12,450.2369384765625,475.67738385843455,439.04510332231894,473.21222325583875,12104730
2021-05-14,411.4845886230469,455.5616714711316,383.1352421840966,455.5616714711316,53810900
2021-05-17,429.43096923828125,434.509193969713,406.50497604702974,415.1330380007266,21659972
2021-05-18,433.27667236328125,449.941153974889,428.7407703035021,438.7986387798692,16216804
2021-05-19,415.97119140625,434.3119916601307,414.4427738312566,427.9025743197949,12763170
2021-05-20,395.4610595703125,412.4213768849865,384.56506153053135,402.8072503467232,35292844
2021-05-21,397.53179931640625,406.7515061407212,395.41176718164655,400.14486357982133,10623656
2021-05-24,392.3056945800781,398.6165001911136,386.5372123065344,396.34856429868194,10885382
2021-05-25,401.9690856933594,411.681824579134,397.38389294704433,397.38389294704433,14180170
2021-05-26,384.41717529296875,396.397850579333,381.064562674687,396.397850579333,17597454
2021-05-27,389.3474426269531,396.3977954074079,375.88767275657756,385.8962180400727,14530974
2021-05-28,390.580078125,406.7022355671952,387.91769245847433,402.7579783381466,14341709
2021-05-31,401.525390625,402.7086497167398,387.2767496082254,390.28423365356133,10026676
2021-06-01,390.9744873046875,405.17380692856796,384.8115855502,404.2863550943805,13200999
2021-06-02,393.242431640625,397.8769458974135,390.48146363166234,390.8758833340435,6350316
2021-06-03,391.8619079589844,400.83509821799305,389.49535989202275,397.33458233689265,10167620
2021-06-04,393.04522705078125,395.6090001908758,388.1641968399802,390.87587360324886,6761375
2021-06-07,399.1094970703125,404.77936639249725,394.42569197807285,395.65827226550437,11066997
2021-06-08,396.1513366699219,401.8212064542456,389.10098286961306,401.32817429908704,9620313
2021-06-09,392.1084289550781,401.62394260842825,388.9530415234286,398.074135509359,7707531
2021-06-10,399.7997741699219,401.5253866590889,393.78477604636674,394.91874394936065,8660122
2021-06-11,415.2316589355469,416.5135304151157,399.0108900938659,403.3002755713349,17216758
2021-06-14,419.17596435546875,422.72580206062105,400.29283792943556,418.0912875438533,15785263
2021-06-15,416.61212158203125,423.6131833714538,414.2455735370649,421.9368622062783,8374127
2021-06-16,401.67327880859375,418.68288714449614,399.65182903793686,414.8865337583144,14457301
2021-06-17,389.9884338378906,405.962687665387,386.88233728595924,395.90481968625306,10354231
2021-06-18,382.93804931640625,389.4953704202121,359.91344355285423,389.4953704202121,22497537
2021-06-21,376.62725830078125,383.0859672038516,368.2457120427819,370.7601638832644,18216426
2021-06-22,383.2831726074219,389.4953651282468,379.1909820392031,380.9165944163536,9863264
2021-06-23,379.8320007324219,389.29819444538896,377.85987202683776,385.0088385845802,5167908
2021-06-24,381.0152282714844,386.73441909829336,378.254260349779,380.6208085815684,5919171
2021-06-25,390.0870361328125,396.29922907496587,384.81158620355546,386.48790752053975,10914596
2021-06-28,402.6593322753906,404.0398161718574,388.55859580327945,392.4535615287352,10910974
2021-06-29,393.390380859375,404.9766368655509,391.66476826271054,402.511476013173,7162050
2021-06-30,391.9112243652344,402.90583406563576,390.67864412769404,396.7429328779342,8316359
2021-07-01,389.29815673828125,395.411767170351,386.6850924749408,395.411767170351,7915431
2021-07-02,382.7408752441406,391.4675508469719,381.8534233387654,391.36893839253105,5780873
2021-07-05,388.6572570800781,390.8759018649867,379.9799028471319,385.8962889402214,5920446
2021-07-06,385.5511474609375,392.55221012127026,381.7055026479446,388.5093404082081,5032091
2021-07-07,394.6229248046875,396.9894729857358,378.69796309667163,387.52325016924976,11491655
2021-07-08,381.16314697265625,396.1513365207512,378.94450227527807,395.36249710971236,9009413
2021-07-09,389.2488708496094,391.319611836489,378.05703535897067,380.62080848118865,7768549
2021-07-12,387.3753662109375,396.8908806859429,385.649753686216,392.70010741161923,7880289
2021-07-13,389.4953918457031,395.90480968620204,388.21352031452085,390.4814561288568,5755567
2021-07-14,390.5307312011719,393.8340524319712,386.98092400204257,390.4814400259644,5006578
2021-07-15,391.467529296875,395.510398968022,388.8544649056696,391.56614174588725,6608656
2021-07-16,400.2928161621094,403.10307535408685,391.960560758132,393.73546446804346,10515786
2021-07-19,387.9670104980469,398.9123001436638,384.5650766294075,394.4257196199051,9945721
2021-07-20,374.852294921875,389.93909504850325,373.3239074679127,389.93909504850325,10162199
2021-07-22,388.9037780761719,391.17174416252743,379.6347790984609,380.12781127910824,9400295
2021-07-23,392.15777587890625,394.96803500082103,388.5093260089102,392.15777587890625,8459294
2021-07-26,398.1727294921875,431.3538153601136,396.7429543944744,431.3538153601136,24514886
2021-07-27,413.94976806640625,417.45031427653885,400.3420931918756,400.39138436840557,18459577
2021-07-28,413.8512268066406,417.54896818235295,401.37748849206736,414.245646534924,12069376
2021-07-29,431.501708984375,440.7707066402302,413.2595209019494,415.82329389415406,24314941
2021-07-30,425.7332763671875,437.6153395595099,423.4160191629429,428.9379854539121,10427407
2021-08-02,418.5843200683594,428.93799582976754,416.90799862245103,428.93799582976754,7334357
2021-08-03,415.8725891113281,420.6550066465381,410.991559134634,419.5703299747958,7230759
2021-08-04,410.1534423828125,426.07837421766845,407.8854765217014,418.09124766596847,9929938
2021-08-05,419.4224853515625,421.3452928156381,404.28639126971274,412.12561503978793,8561081
2021-08-06,415.8233642578125,421.19739711446624,414.1470427620947,419.0280735172811,5216193
2021-08-09,412.32281494140625,422.97232831273925,408.42787869141193,418.1405887714778,7649732
2021-08-10,394.8694763183594,413.94979719107283,390.826606512776,413.16095775733265,10550247
2021-08-11,415.4781799316406,418.97869600055424,399.849055468839,399.849055468839,17266941
2021-08-12,418.3377990722656,420.7536687585111,413.2102524326938,417.10521863893547,6466461
2021-08-13,418.3377990722656,426.47282993224485,408.23063951895807,417.10521863893547,10182311
2021-08-16,424.3034362792969,428.8886591322862,414.93582587027055,416.80937202591014,10165396
2021-08-17,409.1673889160156,426.96583730244475,407.14593906740595,423.7118371844014,10044107
2021-08-18,402.3142395019531,412.47068988383455,398.17275735251513,409.16739851077926,9405766
2021-08-20,371.59832763671875,389.9884203264478,368.7880384376523,385.5511310939092,15773398
2021-08-23,358.53302001953125,380.1278242503113,352.6166336498766,378.3035991012083,16523384
2021-08-24,367.55548095703125,372.1406740973923,362.3786431970731,364.7945128553051,10065675
2021-08-25,370.1685485839844,377.31751507537416,365.1396144129614,369.87274131781066,8530532
2021-08-26,366.07635498046875,372.04203169138145,363.85771040482956,370.7108690198323,7890653
2021-08-27,366.3228759765625,371.15458487677176,364.8437795728886,366.81590811112045,6693997
2021-08-30,376.13421630859375,379.53611988052796,369.7740899249673,370.80944533984024,8142482
2021-08-31,371.6969299316406,377.66260658888217,370.7108656846723,376.0848977752742,10414277
2021-09-01,365.63262939453125,374.6058205182387,363.3646935477048,373.6690774911992,8361942
2021-09-02,372.4858093261719,374.60584166655127,363.6605213303674,366.5201320277538,7327328
2021-09-03,387.12884521484375,388.50932919861356,370.2671398834502,370.7601720271033,11542927
2021-09-06,384.8608703613281,391.3689005248762,380.7687096824957,391.3689005248762,8303871
2021-09-07,394.2778015136719,399.1588015593371,384.36783761678817,387.5232552947826,12792717
2021-09-08,390.2842102050781,397.8276256385664,387.57253357252256,393.24240289513875,6035429
2021-09-09,394.77081298828125,396.94013619763365,389.692588318855,391.9605239677897,6072716
2021-09-13,397.876953125,398.81372626592974,393.78479221540755,396.69366390406714,5132723
2021-09-14,395.5104064941406,402.61005157370477,394.67224580002886,399.3560513404414,5800969
2021-09-15,396.2992248535156,400.5393192780121,393.68616055146987,396.94016061178445,6194694
2021-09-16,389.5939636230469,400.2434447324975,388.70651187930775,399.06018577160893,6523771
2021-09-17,381.2124328613281,392.6507838135094,373.0280817930306,392.4535589329078,12906039
2021-09-20,346.2071838378906,373.22533980249193,344.1364427769344,373.22533980249193,18657173
2021-09-21,356.56085205078125,358.631593071087,342.26291989517097,347.5876610243188,12597294
2021-09-22,360.8502502441406,366.52012008890506,353.84918754779864,357.94134846077833,7224345
2021-09-23,365.9777526855469,368.7880419110821,363.8577204951585,366.8159133447126,5410189
2021-09-24,354.1449890136719,367.70337320326337,352.024956777031,367.70337320326337,7902775
2021-09-27,352.8138122558594,357.4483267359752,349.11607094479757,355.47619803674223,5284583
2021-09-28,356.3636169433594,360.89951855015323,351.2361008553997,354.9831330001507,5705876
2021-09-29,377.1695861816406,381.40965053839915,353.40543107304455,353.9477844811002,18537905
2021-09-30,383.8255310058594,389.2981758657496,376.8737896873724,378.64869340077075,11425042
2021-10-01,396.1020202636719,403.7933093573714,374.309994375133,381.2617352831963,17193037
2021-10-04,412.5693054199219,414.04840189974396,396.8908887522665,399.15882465107575,13836045
2021-10-05,415.28094482421875,419.86613747943585,408.52639882410926,412.61858945616956,10464852
2021-10-06,403.94122314453125,421.83828366899525,402.067707045549,416.11912292635606,7957394
2021-10-07,401.9197998046875,413.9497657635216,400.5393158543024,408.32921751717646,6127096
2021-10-08,410.0548095703125,419.0772911134736,406.0119402728771,406.25845632647327,9816429
2021-10-11,407.14593505859375,415.6260938822418,406.25848322534665,414.1962886397982,5070562
2021-10-12,412.9637145996094,416.85868060074455,402.8565555785387,408.03339312591635,7390169
2021-10-13,426.5714111328125,436.3827326079214,406.25848106128933,411.18880243339237,14252173
2021-10-14,440.2777099609375,447.4759673141986,426.57142220905587,430.0226472591416,10695420
2021-10-18,445.7996520996094,454.5756178796959,443.8275236055543,445.3066199760956,10750659
2021-10-19,433.62176513671875,466.06327378113224,429.2337670739721,458.3226632002557,12285531
2021-10-20,435.05157470703125,439.78467123950753,421.09874099633737,433.6217694564427,7341439
2021-10-21,427.754638671875,439.98185884711194,415.47815741575954,438.30553766726104,7179385
2021-10-22,419.17596435546875,430.4170920115377,415.0344820174084,429.82544737862963,5692093
2021-10-25,419.37310791015625,426.52207362757053,409.21665830716057,421.19733276685145,4519537
2021-10-26,439.4888610839844,442.644248720667,420.60570607173497,422.33131855957964,6521650
2021-10-27,424.4020690917969,442.39774258334467,422.8736814623092,442.05261405956844,4966436
2021-10-28,408.3785095214844,420.7536341083738,402.80725244009835,420.5564092183646,7937914
2021-10-29,411.4845886230469,417.5981988485373,401.13091427143024,404.28633182503023,5982825
2021-11-01,424.89508056640625,428.05049821267954,414.6400183544573,415.1330504809192,4712097
2021-11-02,413.06231689453125,432.4384737914229,411.5339293121716,427.9518933975594,9190392
2021-11-03,416.6614685058594,423.21882034116624,411.38604844076787,417.7954665534836,8741833
2021-11-04,417.3023986816406,419.22520589554017,412.61859353853464,419.0280111027849,421029
2021-11-08,418.682861328125,422.03547355755387,410.3999281459209,420.0633451764438,5240000
2021-11-09,407.54034423828125,424.99369357515246,404.5821514755772,418.88008316198017,11324467
2021-11-10,393.6861572265625,406.8501211635549,391.46751263355117,406.2584765869599,11428841
2021-11-11,396.1513366699219,399.25743322896204,392.05917580056456,397.33462587922037,5441641
2021-11-12,392.94659423828125,401.6732686607768,387.57253216723984,399.84904382339533,6996964
2021-11-15,382.88873291015625,396.00340537654404,381.60686143321493,396.00340537654404,5942662
2021-11-16,379.68402099609375,388.06556697916244,378.0570210296036,381.21243861308756,5736307
2021-11-17,376.5779724121094,385.00884073085797,375.14819714796795,378.25429385811907,4510931
2021-11-18,364.89306640625,380.32499610806866,362.3786145868503,376.67654631884847,7052933
2021-11-22,363.26605224609375,367.80195367176424,357.0045384372448,365.8298252338459,4797124
2021-11-23,375.5426025390625,379.9798919819999,362.67444509916703,362.87167000021554,6970887
2021-11-24,377.7118835449219,385.748330929007,374.5071748629196,377.6625923713462,6334540
2021-11-25,376.23284912109375,379.33897596690775,370.7602038931009,376.92310621845166,5149021
2021-11-26,349.4612121582031,371.0067249970916,347.4397922051045,369.7741445153737,8888472
2021-11-29,347.735595703125,353.01104612598095,335.26188738221657,349.4612083587688,9338109
2021-11-30,338.7623596191406,353.8984518111415,336.74093995209927,347.7848715423502,7486278
2021-12-01,342.3615417480469,346.84812233839176,339.4526399857608,342.16431684839216,8310368
2021-12-02,349.11602783203125,352.0249293410944,338.269321325723,341.7698673899523,7496087
2021-12-03,354.4407958984375,361.8362775480728,348.22857325736874,350.0527980827372,5937967
2021-12-06,351.8276672363281,360.30782471708943,347.9820231730436,353.5039882832339,5309123
2021-12-07,362.8223571777344,365.53403389777037,354.04636117360155,354.5887145729846,5908638
2021-12-08,376.08489990234375,377.66260872487493,365.1889019486346,368.24570714998384,11630602
2021-12-09,385.5018615722656,386.7837331634226,373.8169932517376,379.5854755965345,7890573
2021-12-10,389.93914794921875,392.8480196420812,380.32502081520704,382.4943442669917,6916045
2021-12-13,390.33355712890625,403.30029658752807,389.59400890778,403.30029658752807,7021123
2021-12-14,393.53826904296875,395.41178519876837,384.1706581716762,385.05811002523455,5193670
2021-12-15,390.3828430175781,399.94767858480515,389.49539118270917,393.43964830861,5197495
2021-12-16,389.4953918457031,396.3485506505387,386.6358114430162,393.14384173028924,4730287
2021-12-17,380.67010498046875,392.79871373475413,377.16958880753856,389.49539236334044,5908359
2021-12-20,359.0752868652344,375.1481520275828,352.1235460123257,374.7044110828046,7368367
2021-12-21,372.78155517578125,376.8244243752262,361.0473973274729,365.63258979476797,5272426
2021-12-22,374.6551513671875,378.45147493493994,370.4150567251013,374.70444254639403,2714085
2021-12-23,380.1770935058594,384.36786694265567,377.268221763931,377.6626414806998,5102828
2021-12-24,378.9444885253906,382.14919741643274,372.58439201239077,380.6208098283916,3293420
2021-12-27,375.69049072265625,378.05703897646623,371.9434584951483,376.6765550027682,2220250
2021-12-28,377.8598327636719,380.3249933894988,375.9369954386097,379.6347363773501,1855502
2021-12-29,370.9080810546875,378.4021757658379,367.8019845228861,378.3528845876721,3347746
2021-12-30,364.9424133300781,374.1127995314688,363.61122047057427,368.9359618162945,2800848
2021-12-31,371.9927673339844,376.3807656257367,365.8298652906778,365.8298652906778,2721297
2022-01-03,380.472900390625,382.00128795530645,371.79551685520494,373.9648702621332,2331615
2022-01-04,382.7901611328125,385.00880573730956,376.6765506301699,382.64222741867803,3847048
2022-01-05,400.73651123046875,402.75796102885727,380.8673223115113,382.59293477505867,9891594
2022-01-06,397.2852783203125,405.37101716680496,394.7215052646715,398.3699550083482,5791462
2022-01-07,400.9337158203125,403.0537478640135,394.0312663156077,401.22952304788316,3868930
2022-01-10,398.665771484375,404.8779944276663,397.2359963512626,404.68076953716434,3564673
2022-01-11,378.5993347167969,398.0741012825676,377.2681421229573,394.4256519649759,8641956
2022-01-12,384.95947265625,389.100954494483,381.1631193199185,381.6068602641193,3823504
2022-01-13,407.4417724609375,408.72364398779354,385.6990370354024,386.0441655518002,12631114
2022-01-14,412.8157958984375,415.52747260994227,402.90586213512825,405.27241033761925,6714395
2022-01-17,412.8157958984375,417.69682601606326,408.77292641918996,414.1469886661803,5629017
2022-01-18,396.7922668457031,415.7740045510588,394.91875070103595,414.1470044804871,5251367
2022-01-19,403.3002624511719,407.83616384194164,392.79868461851777,396.89084507725346,6338539
2022-01-20,412.3720397949219,414.73858773777243,402.16626981832104,405.71610677874173,5606748
2022-01-21,399.50396728515625,411.58325563013784,395.4118062316421,408.23064284264296,6469700
2022-01-24,371.6969299316406,397.0387630233519,365.48470712036436,396.397827281281,8097592
2022-01-25,371.302490234375,378.0077453510837,366.1256527973168,371.74623119446886,5563162
2022-01-27,370.26715087890625,373.1760526497597,356.1171219174052,364.8437971376706,6635808
2022-01-28,377.2681884765625,391.2209916106972,374.7044154053306,374.7044154053306,6025485
2022-01-31,380.6208190917969,385.10739961153115,377.31749767448434,383.43110836002677,4610487
2022-02-01,405.4203186035156,407.9348005474628,380.6208082307724,384.26925806679304,10377270
2022-02-02,411.0902099609375,412.6679188951246,401.2295667376371,408.23062944463936,5440855
2022-02-03,411.6818542480469,419.8168849008526,407.5403720606096,407.83620941245226,6623741
2022-02-04,418.4856872558594,425.4867498771639,411.9283656110897,412.8651387427545,7140522
2022-02-07,415.6754150390625,428.24773551164884,413.9005112445569,420.06341343700115,6533398
2022-02-08,416.4149475097656,423.41601015332867,404.7794006486232,418.0912688794549,7882733
2022-02-09,410.6957702636719,413.11163977272855,395.658290079948,403.9905452350599,11868324
2022-02-10,434.7557067871094,435.93899588314764,412.1748422606653,412.1748422606653,16483464
2022-02-11,430.31842041015625,438.6013538554934,427.7546474148088,429.87470956568524,9998336
2022-02-14,401.9690856933594,423.02156345975686,396.89086082179983,416.46424221246394,8907990
2022-02-15,409.90692138671875,411.7804374461159,387.52325084068326,403.9905358777007,11225764
2022-02-16,408.18133544921875,414.68933585785953,406.5543052547638,413.06233575569934,5635279
2022-02-17,409.6111145019531,415.72472535260863,403.59611610223624,410.25205029461176,4835093
2022-02-18,407.3924560546875,414.8865506892807,405.66684354439343,406.4063917630909,3632694
2022-02-21,409.36456298828125,417.7461090235872,403.300273934136,404.33562934863915,6047365
2022-02-22,400.78582763671875,405.07518306309146,390.18563691781634,399.8490545595265,7263740
2022-02-23,397.3839111328125,406.20919861548373,395.0666540196586,405.2231343198688,4344345
2022-02-24,364.64654541015625,389.93911734369135,362.62512574678533,381.6068624446116,9146123
2022-02-25,394.1791687011719,400.29277885177777,370.02059550998064,378.10633408435723,9564373
2022-02-28,418.929443359375,420.4578310585481,386.6358360322831,388.50935227096824,12206595
2022-03-02,437.96044921875,445.94757600141327,414.88655080728495,416.11913117213135,13939790
2022-03-03,438.8971862792969,456.25192240917005,436.82644541799925,443.7288948941302,9613194
2022-03-04,429.677490234375,446.4898733976786,420.2605888306992,440.8693253157369,10981256
2022-03-07,437.6646423339844,440.7214476598176,423.1694851943559,429.67751554464405,9816426
2022-03-08,435.8404235839844,438.79861650423766,420.2606195742349,437.6646485699328,7848374
2022-03-09,443.482421875,452.80074160890223,430.9101019663702,438.7986164188438,6811358
2022-03-10,461.2808532714844,464.2883673490721,433.769666168728,445.7010498490756,11549021
2022-03-11,472.5713195800781,474.88857672219524,458.5199031919381,459.5059674998777,11870331
2022-03-14,469.71173095703125,478.9314380947839,463.99254001482007,477.748148908866,6558924
2022-03-15,446.1941223144531,467.6903132973249,439.5874790742047,465.9154094885726,8631742
2022-03-16,459.6343078613281,466.35438449360197,448.7635761474495,451.1353661259611,7602106
2022-03-17,471.5426330566406,480.8815908173477,464.47666430171154,467.44140896746717,7937854
2022-03-21,481.869873046875,488.93584230047964,475.00153535623645,479.25102110575585,7437561
2022-03-22,487.30523681640625,491.9005853235516,477.32392307639464,483.6981365972037,5845218
2022-03-23,504.7972106933594,508.30548003304546,479.89337206696626,492.83943060093964,13325630
2022-03-24,515.519775390625,523.1292394237236,504.79724461308115,505.6866922543512,10208046
2022-03-25,523.42578125,529.7011343676832,516.8539053624969,521.4986848356432,9882557
2022-03-28,513.69140625,526.5386329488774,507.81131735116776,522.9809635286495,7807323
2022-03-29,528.7622680664062,534.1976339961603,512.5055706311088,515.9150395051694,8356494
2022-03-30,513.7409057617188,530.2940664342949,509.8373728425022,529.7011415224354,16990894
2022-03-31,526.5880737304688,538.0023896590885,512.3573346389464,514.877355698268,18778369
2022-04-01,524.6116333007812,531.4799716695767,520.0163144815532,527.7246398540445,7134107
2022-04-04,541.0164794921875,544.1788857392904,525.0068468745084,525.0068468745084,7806545
2022-04-05,539.435302734375,551.2942821652413,537.6564678833228,545.4636534691318,8880806
2022-04-06,554.5555419921875,557.3226250903708,533.6540669110176,533.6540669110176,7073542
2022-04-07,543.437744140625,559.3485170533262,541.6094486627043,558.3602687899811,6844088
2022-04-08,556.1860961914062,562.8073714484951,544.0306549295813,545.9577510569417,6645250
2022-04-11,564.4874267578125,571.0098412458218,557.8167509013942,560.237971238783,6909601
2022-04-12,551.6895751953125,563.8944167263081,539.089410244591,562.2638433351813,6939835
2022-04-13,545.9083862304688,561.0285731896654,543.5365661781718,553.7155116266579,5289646
2022-04-18,546.5506591796875,551.6895619230671,536.8658388082512,543.5365142099183,4799385
2022-04-19,547.2424926757812,563.2027267473411,539.2871059745012,552.2825348468585,5597174
2022-04-20,550.4048461914062,556.6307977780771,543.2894470989754,549.4659983393002,4782655
2022-04-21,534.3952026367188,553.4189800768609,517.1996602000349,553.4189800768609,14755221
2022-04-22,531.5293579101562,536.2729983068509,526.7363774767837,531.6776192917629,4747073
2022-04-25,520.0162963867188,523.4257652745368,507.95965439394536,522.7833797167259,6834922
2022-04-26,518.9785766601562,528.2186733864417,516.9032192082253,525.0068666726793,5144109
2022-04-27,533.5057983398438,535.6305562232346,512.4067221434449,515.9149913983039,6986381
2022-04-28,538.8917846679688,542.6965768048173,529.7504879143161,538.5459218909322,7231399
2022-04-29,533.7034912109375,545.463670303313,531.8258556005022,540.4730283690459,4427011
2022-05-02,526.5880737304688,533.0611482416386,514.1361694856506,525.7974871672544,3966334
2022-05-04,514.2349853515625,533.6540888219622,511.22084006160907,531.3811297664837,4177538
2022-05-05,517.1008911132812,530.0469189184423,515.2726559980856,520.3126978903824,4550796
2022-05-06,497.87945556640625,509.9360962625476,492.1476277882727,506.9713515168351,4617742
2022-05-09,491.1593933105469,496.00180383252405,483.00634503124706,486.7122760672924,4390524
2022-05-10,458.8436584472656,491.65351298545,455.0883270950748,488.24404439966185,6580359
2022-05-11,469.0720520019531,473.7168310996796,453.06244755408477,457.5589652788846,9760025
2022-05-12,455.6812744140625,466.45317431453753,442.5869850927328,463.4884295625384,7443538
2022-05-13,448.219970703125,475.84152067504573,445.65054944345627,463.48841785378283,8174027
2022-05-16,456.8671875,465.6626216987891,446.83647305683706,450.5918347782947,5915386
2022-05-17,478.114501953125,481.42513969627373,461.11664976926994,462.500191318348,6556427
2022-05-18,476.6321105957031,481.77101346962286,466.057872600556,481.77101346962286,6788982
2022-05-19,455.3354187011719,467.3426298961201,447.2812008318985,464.476715766795,7409602
2022-05-20,473.17327880859375,476.0392230350173,464.4273053914333,469.41794729382116,4452873
2022-05-23,390.9015808105469,442.24108914466063,379.536726005712,440.75871677881264,29084924
2022-05-24,389.36981201171875,398.75817042316885,379.0920362036042,393.3228050270662,16039787
2022-05-25,376.81903076171875,393.6192503474256,371.2354344017869,392.3345397368013,11445512
2022-05-26,389.6169128417969,392.1369340762439,366.88720074195834,374.49672511722196,12425196
2022-05-27,391.7910461425781,396.88051879790453,384.32975346707167,395.29931550409924,7727787
2022-05-30,382.4027099609375,396.58404961418404,375.8802648385098,396.2875871736425,8629539
2022-05-31,373.4095764160156,388.18386843642253,369.3577528942835,376.62138296292244,65903602
2022-06-01,371.7790222167969,381.85913677311225,369.16014009680214,380.4261948346615,10235470
2022-06-02,372.96490478515625,378.3014396076638,368.1224941158243,375.38612519929467,7648378
2022-06-03,359.2282409667969,378.5979128113757,357.6470377258008,376.52258544250236,8753176
2022-06-06,365.7507019042969,366.59071899118345,351.0258082643745,356.7576363414628,7039354
2022-06-07,360.9576721191406,367.1836240099798,356.3623238036219,363.6753547976557,5222981
2022-06-08,368.9624938964844,373.0637181436256,361.50120143824574,361.6988631538198,7140120
2022-06-09,365.2071533203125,369.9507633351565,360.90829727044274,365.65187712634156,4095657
2022-06-10,363.2306213378906,364.96005572355944,353.19990793280004,360.710600439493,6431099
2022-06-13,346.33160400390625,357.44939658295806,344.20684618386673,354.7811143004086,5172294
2022-06-14,344.157470703125,354.48467750854826,342.57626739028797,345.9363055807262,5636271
2022-06-15,344.45391845703125,350.7787314389612,343.26803864212695,347.6657252973468,3244368
2022-06-16,322.8113098144531,351.5693421469483,320.09362691662005,348.8022588963692,6334431
2022-06-17,325.33135986328125,334.37382598327616,315.7453390704895,320.19245652218655,6958109
2022-06-20,309.6181640625,324.98544241563957,304.6275224732311,324.14542537297586,6831046
2022-06-21,323.0583190917969,325.4795391595113,310.35932414034505,315.20176427577394,4794355
2022-06-22,303.83697509765625,320.0936427785462,300.6251678774229,320.0936427785462,7723854
2022-06-23,306.208740234375,312.4346924292329,301.0698370368503,305.8628472993397,5882772
2022-06-24,313.8676452636719,314.9547243532534,304.3804561820531,307.8393250023037,5110202
2022-06-27,318.7100830078125,327.01136285901765,317.91949641586734,319.20420716751454,4424275
2022-06-28,329.1360778808594,330.3219878814835,317.3265290198048,319.35242593201485,5277001
2022-06-29,336.6961975097656,337.9315078467416,321.8724734660532,325.38074275948765,7754004
2022-06-30,325.3807373046875,340.84681643255976,321.47714464170696,337.88207167351936,8520881
2022-07-01,329.0372619628906,330.6678655191299,318.26533207240107,322.366586375504,4320099
2022-07-04,328.3948669433594,330.0749009579195,318.21592248038945,324.68893616913124,3565767
2022-07-05,326.7148742675781,335.16438465837484,324.6395469312065,328.3948781806844,3778520
2022-07-06,329.8278503417969,331.1619914985635,316.2394370318352,324.6395470779933,5036395
2022-07-07,346.2821960449219,348.75281677891667,329.6796367760546,334.9173406685458,5563114
2022-07-08,339.36444091796875,352.3104989446374,334.27496849375484,351.8163748226954,5508311
2022-07-11,346.82574462890625,357.89410722803103,335.11499652303524,336.9926622162048,7114822
2022-07-12,344.45391845703125,349.04929698648357,339.31504560789244,345.7880596378741,3843969
2022-07-13,351.1740417480469,352.606983697111,343.81157980101284,344.45393516845155,4412006
2022-07-14,356.9058532714844,360.01882926047733,350.63047078510397,350.8281325007945,6237397
2022-07-15,341.4397888183594,358.19060962425624,338.771506335651,357.7458858241566,6558911
2022-07-18,347.3692626953125,348.85163508234797,337.93150389476403,344.9480423995772,5679766
2022-07-19,348.5057678222656,351.81640576221037,342.9221707850758,347.56695000337993,5363422
2022-07-20,352.211669921875,360.61178003861505,349.93871101268735,354.18816641993146,5758941
2022-07-21,357.39996337890625,358.14114954524945,349.54340811103367,351.5693049021282,3848715
2022-07-22,355.967041015625,362.8353484372401,352.50817205023867,359.7223724001812,4798188
2022-07-25,365.80010986328125,367.1342511279714,353.0517125584597,354.78114711962786,4874583
2022-07-26,357.44940185546875,369.3577811299958,355.1270124506889,368.07307047659907,5313553
2022-07-27,362.2918395996094,363.280087918125,353.24937351698065,356.46118055215635,3143228
2022-07-28,372.7672424316406,374.5460771725772,360.9576640825431,363.7247470482094,5927786
2022-07-29,384.47796630859375,390.0121624930212,374.7437452565529,376.6214108836954,6695489
2022-08-01,386.3062438964844,390.16040612952105,382.1061887360977,385.4168264825442,4994897
2022-08-02,379.4873352050781,384.4285765488942,369.90131493449735,384.4285765488942,4388499
2022-08-03,373.2119445800781,384.9226923429686,367.7271788708608,380.96969935356714,4211991
2022-08-04,378.30145263671875,393.3228394741856,374.24965856828715,375.5343693472124,9120232
2022-08-05,388.1839294433594,390.35808781884,380.6238357996697,381.8591462041597,4557120
2022-08-08,387.5415344238281,394.2122099257417,385.41680677722934,388.3815514447465,3259631
2022-08-10,391.93927001953125,395.1510768978978,383.4897292133854,388.875694349916,3741687
2022-08-11,393.2239685058594,397.1275611158646,391.6427652907076,396.53460614031474,2593624
2022-08-12,399.5981750488281,404.14412290695117,391.5439580622195,391.5439580622195,5092529
2022-08-16,405.1324157714844,407.80066817254664,394.31108447238574,401.2288227964627,3322782
2022-08-17,405.3299865722656,408.39356197397353,402.26641117055766,405.1323550308613,2574513
2022-08-18,412.64306640625,416.54665926244155,400.1911619291193,403.6006004754023,3285529
2022-08-19,399.202880859375,416.9419183275313,398.06637127829083,416.34896336325744,3966371
2022-08-22,378.6473083496094,398.95582784269857,377.0167047801209,398.95582784269857,3897789
2022-08-23,386.2074279785156,388.8757104825073,372.5696133466461,376.5226065917034,2409943
2022-08-24,392.9768981933594,397.8193084339291,386.1579915150925,386.3062227161313,2826665
2022-08-25,398.21466064453125,405.5770923119841,394.3110678342237,395.0522540519572,5233097
2022-08-26,414.7183837890625,417.13960413349577,400.7840770388798,401.8711561763589,7885103
2022-08-29,411.1606750488281,413.8783577541739,396.78167498048504,405.1323848113976,6510150
2022-08-30,428.2574157714844,429.59155703610736,413.08779801821305,413.08779801821305,5451275
2022-09-01,420.79608154296875,427.8620804688234,417.97959823287823,420.64785034121803,3641109
2022-09-02,413.2854309082031,424.3043928824345,411.11127269097165,419.51138283009004,3636829
2022-09-05,420.6478576660156,423.46437118409284,412.198347270727,412.198347270727,2369908
2022-09-06,431.56805419921875,433.64335154786926,418.0290401268055,421.93263306154415,3822180
2022-09-07,427.56561279296875,433.39627161976324,423.26672673832616,427.91150572314814,3701548
2022-09-08,424.45263671875,431.8644988267608,423.2173263674149,430.0856639844159,1903128
2022-09-09,425.8855895996094,432.1609417744712,418.17723525924765,429.19619706485736,3478191
2022-09-12,436.26220703125,438.4857656192606,426.92324889802825,427.91149715936626,2775392
2022-09-13,442.3399353027344,444.46466306882877,436.01515235477774,437.6951563321562,2564828
2022-09-14,451.7776794433594,462.5001789398868,434.4833351453935,435.66924510368835,4716990
2022-09-15,441.1046142578125,454.05067241856034,438.8316251779728,449.702355973282,3038619
2022-09-16,430.6785888671875,443.7234782421146,423.5632193381815,436.8057402739748,4652607
2022-09-19,426.5773620605469,434.0880549856561,423.6620477433744,432.85274464135995,2707642
2022-09-20,435.61224365234375,441.2714917579862,430.39978945479436,430.39978945479436,2071257
2022-09-21,429.0594787597656,436.8037153394415,427.91770902987713,433.378375850444,1664497
2022-09-22,431.14447021484375,432.88195512647525,418.9820758334233,426.0809366982227,2550296
2022-09-23,422.7548828125,434.12301035490555,417.59208874774123,430.697670880743,2487778
2022-09-26,394.4587097167969,419.9749291136475,392.17517021250774,415.3085288926517,4314013
2022-09-27,395.7494201660156,402.9475718275048,383.33881385310326,398.13225051822843,3195580
2022-09-28,400.8625793457031,402.3518520863064,388.5016034789637,391.18230653178216,7925698
2022-09-29,415.20928955078125,418.9821020466334,406.2239916945882,406.2239916945882,6998654
2022-09-30,425.5348815917969,428.4141362389827,414.86176000531003,415.45747517698044,3400438
2022-10-03,416.5992126464844,427.32196370867683,414.31564304851366,425.13771531417905,3216345
2022-10-04,436.3569030761719,437.3993818511608,424.0455880936159,429.9033880136119,3494559
2022-10-06,449.7603759765625,451.4978608727192,436.85334531939844,438.5411999096835,3200170
2022-10-07,443.1082458496094,449.76034250529153,435.810834068292,449.76034250529153,3064718
2022-10-10,443.3068542480469,444.6968360850389,430.995538935739,433.874793519365,1784305
2022-10-11,425.4851989746094,445.6896713645883,423.05273840684777,443.80326533466507,3590610
2022-10-12,429.45660400390625,431.3926706871369,421.46418574612113,427.6198585292835,3195372
2022-10-13,431.74017333984375,435.86048852687156,425.5348702571719,429.9033975675066,1241456
2022-10-14,432.7330322265625,440.6261597577014,431.3926806686462,438.8390445467011,3756770
2022-10-17,436.6051330566406,437.8958240022259,425.9320115549717,426.9248600667549,3151261
2022-10-18,434.7683410644531,441.17222584678393,433.87478349698,438.7893955670786,2378127
2022-10-19,436.6051330566406,444.29970902296003,433.87479964923693,436.95263609563114,3038495
2022-10-20,440.03045654296875,442.4629171287965,432.4848020679027,436.5554868780741,2887362
2022-10-21,434.8180236816406,444.4486361953863,432.83232663146634,440.7254542263096,2446164
2022-10-24,435.21514892578125,437.1511853340424,429.7544821395088,434.81801558300964,361513
2022-10-25,448.02288818359375,452.7389185855263,433.87479697779605,435.2151485203169,5775004
2022-10-27,466.0927429199219,467.6316459833616,451.0510638255776,451.0510638255776,5530234
2022-10-28,450.6539306640625,466.0430825019583,444.7961305404718,465.84453098042326,3269810
2022-10-31,456.5614013671875,457.70317111378705,443.0586553352006,453.8310679169426,2260943
2022-11-01,461.674560546875,464.4545242755964,451.100729897442,451.100729897442,2103928
2022-11-02,466.68841552734375,473.4894336697171,461.0291973755131,461.67454282712566,3307547
2022-11-03,465.4970397949219,470.90804610898994,460.1852940944826,461.4759850649822,2314376
2022-11-04,473.9362487792969,477.8579822677434,466.78772728996114,467.63165459485015,3810254
2022-11-07,490.51678466796875,493.2471180171565,472.1987481957447,478.55297247580614,4952724
2022-11-09,477.808349609375,494.7364047329457,474.78017374716796,493.4457137784091,3231177
2022-11-10,471.4541015625,476.5176348142445,468.07842282778057,472.89371366294546,2578001
2022-11-11,495.3321228027344,498.9063835507254,472.59589765203043,472.59589765203043,8288340
2022-11-14,511.4162902832031,513.3027268651152,497.76465231484866,498.40999784581794,5697689
2022-11-15,520.30224609375,521.7418885434313,508.1398519269431,510.32413075418395,3041035
2022-11-16,510.7212829589844,522.1886707968928,507.3952041878306,522.1886707968928,3099871
2022-11-17,511.0687561035156,515.6855257842265,503.57276218423584,508.3384227780476,2917574
2022-11-18,514.0473022460938,516.2812113335949,506.45201740845613,511.21770830805724,2955341
2022-11-21,512.8062133789062,522.7346976650418,508.5369772555997,518.2668797362809,3718235
2022-11-22,519.6072387695312,521.1462024250435,510.57234164971146,513.3026750275175,3041780
2022-11-23,521.7418212890625,528.1953357293648,517.075421804805,523.3800453479862,4968549
2022-11-24,518.2669067382812,525.216846100672,515.2883612972566,522.9333067156189,1782095
2022-11-25,517.075439453125,520.8979421881943,513.7990518221069,520.8979421881943,1747230
2022-11-28,503.5727844238281,516.4798152596981,502.2324328540828,514.0969545582253,2593511
2022-11-29,511.3170166015625,514.2955623293386,503.8210219730596,503.8210219730596,2267533
2022-11-30,531.9185791015625,535.6417609431506,511.3169729114413,513.3026698936217,9585497
2022-12-01,560.4630126953125,562.8458734812252,533.8546833797326,536.1382229503432,8938555
2022-12-02,560.413330078125,566.7178936126631,556.4915665084226,560.413330078125,4132768
2022-12-05,565.2781982421875,569.3985432391783,562.0018107234021,567.2142646937693,2829575
2022-12-06,563.4414672851562,565.4271640861613,557.4843768821414,559.9664978833976,2722675
2022-12-07,556.8390502929688,566.0228988075894,555.3497775608681,565.7250563809018,1984033
2022-12-08,555.8958740234375,562.001855660618,554.0094377200519,559.3708436148715,3328093
2022-12-09,541.8966674804688,562.4982726503188,535.9892071313099,561.9522181269945,6294136
2022-12-12,550.48486328125,552.6691421023179,533.3582266457803,538.0742570236632,2457350
2022-12-13,547.953125,554.5059010232982,544.775997601351,551.0309311869838,1804401
2022-12-14,556.5411987304688,558.9240593021794,550.0380533601132,550.5841078998538,2154134
2022-12-15,538.3224487304688,561.9522300289135,536.7835457326306,556.9383574107552,2683159
2022-12-16,539.0175170898438,545.4213419372768,531.3725709215784,534.2517954377986,2283728
2022-12-19,548.6480712890625,549.9388228519379,538.6699557213874,539.0174890647249,2461987
2022-12-20,542.1449584960938,545.8681406951769,532.9611090716886,543.1874373921033,1902685
2022-12-21,543.683837890625,557.2858750490402,537.4289041896504,546.1163289406335,3475867
2022-12-22,535.9892578125,548.9956099906875,533.4078758588846,544.8256340205918,2300268
2022-12-23,520.5504150390625,535.1452989482931,518.2668757903692,531.1739052640758,2296625
2022-12-26,524.5714721679688,533.1596357921678,519.8058115655366,521.4936661077023,2918642
2022-12-27,571.8311157226562,574.5118188393991,528.1954112627055,531.2235871210764,15063600
2022-12-28,574.0650024414062,579.7738811933081,564.4343600793351,568.7035964175467,8477148
2022-12-29,585.13525390625,593.6737875795291,566.0229198020588,567.9093562388216,5659082
2022-12-30,576.4478149414062,592.2341303330863,572.575742150061,591.9362879027772,3524630
2023-01-02,590.3973388671875,597.5954899326058,580.3199031361384,580.8163273475466,6413541
2023-01-03,594.2198486328125,600.5741035009337,588.7591816863121,588.7591816863121,4003746
2023-01-04,581.3624877929688,594.815574253744,577.4407236885107,593.6242044082065,3627787
2023-01-05,589.3052368164062,591.2413035826316,575.95141187856,584.7877880943241,3141675
2023-01-06,586.8727416992188,595.4112754143182,584.7877840261975,591.2412994696106,2529412
2023-01-09,597.297607421875,603.05617695073,590.7448318459057,592.7305287596735,2609482
2023-01-10,594.71630859375,604.0491096291796,589.7024353071425,597.5459028509304,2497380
2023-01-11,600.07763671875,606.2332487252141,596.7019276969733,598.6876246277452,2858119
2023-01-12,598.3402099609375,602.5101254412342,593.8723914331906,601.6662284032377,1745157
2023-01-13,605.6375732421875,608.4175368684847,598.3401611483243,600.5740702299554,2207887
2023-01-16,585.2841796875,607.5736402109379,581.3127857625636,605.637573552799,3149496
2023-01-17,581.6602783203125,587.4684784927307,574.9089205374995,585.7806238973614,2648883
2023-01-18,596.7515258789062,599.1840166078994,583.5466541197893,584.7380843338532,4079261
2023-01-19,600.5243530273438,602.3611589954402,592.0355110086426,593.6737351695584,2226506
2023-01-20,596.8012084960938,604.6447358774838,593.3262387496715,599.4819115630665,1255170
2023-01-23,599.5812377929688,605.3397470155282,597.2976377472667,597.6948013896489,1682585
2023-01-24,594.4183959960938,602.4108141255758,592.5319596481187,600.7725898971416,1364272
2023-01-25,591.0923461914062,598.6876616608986,585.8798914257019,593.7234190268945,1796224
2023-01-27,583.94384765625,595.709077701388,571.9799752001516,591.7376838500454,2095603
2023-01-30,570.7389526367188,592.6313111793542,560.9097885591531,583.7949350320895,1897614
2023-01-31,579.376708984375,586.7734421601017,572.8735636656154,573.6182000135343,1637320
2023-02-01,603.9000854492188,618.2963883493645,573.2707342080284,575.8521160058312,7178955
2023-02-02,570.9375,606.5807842778931,565.3775728128572,602.6590207054647,4192268
2023-02-03,578.4832153320312,580.717124505563,565.4768633402699,573.8664454672664,2797927
2023-02-06,552.86767578125,577.8378403736315,550.7827181224606,577.8378403736315,3160759
2023-02-07,566.171875,567.4129356641823,546.4141649867505,552.8676804404988,2441129
2023-02-08,588.9577026367188,591.4894540214008,566.2710795811086,566.2710795811086,2811414
2023-02-09,592.7802124023438,595.063751938922,584.9367452463865,590.8938365237209,1636859
2023-02-10,577.142822265625,591.29091342336,571.3346827666519,590.4470164358728,2931980
2023-02-13,580.7171630859375,590.4470671240007,573.866483592511,573.866483592511,1963849
2023-02-14,585.43310546875,588.7591234952373,576.050675613723,583.7948813072505,1262160
2023-02-15,583.397705078125,592.2340802211393,578.3342023953287,581.8091718517813,1435993
2023-02-16,597.3473510742188,598.935884506049,585.7806412906239,588.4117141731754,1632298
2023-02-17,585.8798828125,604.4957924163373,582.1567008917326,596.6026952232415,2076033
2023-02-20,590.5958862304688,595.709080073901,580.568140955356,586.6741832655779,1420192
2023-02-21,585.0855712890625,603.5525885601936,581.8588138716544,594.7162132392124,2143558
2023-02-22,569.150390625,586.326657193122,565.0300451974083,584.7877541703009,1522960
2023-02-23,576.4974975585938,582.3056369614553,568.9021824022402,572.1289399813105,1725412
2023-02-24,556.2930297851562,581.2631950274927,554.555544824718,579.4263888529724,2316474
2023-02-27,549.29345703125,555.0023361599074,540.1096079981925,555.0023361599074,2250348
2023-02-28,545.2723999023438,552.9173453540611,541.7477999014858,551.0309089937168,5758384
2023-03-01,568.3561401367188,570.5404189725618,548.4495396846277,548.4495396846277,2725782
2023-03-02,572.3771362304688,577.6392209399153,562.9450758762806,562.9450758762806,2845459
2023-03-03,584.83740234375,587.2698933115187,570.9871535178538,575.2564505872152,2424735
2023-03-06,577.5399780273438,586.1777719992273,573.0721598279553,586.1777719992273,2431647
2023-03-08,570.8382568359375,574.7103296243058,557.0872687603826,570.8878871411737,2052190
2023-03-09,573.8168334960938,585.3834827827708,572.5261424965446,573.7175122815644,1813203
2023-03-10,572.1785888671875,574.7600313734728,560.2644066498648,564.9308068047158,2026025
2023-03-13,571.2850341796875,584.5891673255288,567.5618524152178,575.852112904639,1982153
2023-03-14,567.0654296875,574.710314451939,560.1154903753469,571.8807205428842,1874599
2023-03-15,576.0010986328125,584.1424080958359,571.38432873114,571.38432873114,1873120
2023-03-16,549.7401733398438,570.2921474195831,546.0666221258114,569.894983818574,4208636
2023-03-17,567.9589233398438,570.8382079810774,556.0943726679892,556.9383301794271,3567733
2023-03-20,554.5555419921875,566.9661487890705,545.073850519102,565.8740396304113,2873875
2023-03-21,555.25048828125,560.6615243815502,548.3005492236393,558.5268760029631,1948525
2023-03-22,553.2648315429688,561.2572499192806,551.92451029552,558.030492265598,1271221
2023-03-23,553.2151489257812,562.6472088677365,548.250906851068,550.5344460857044,2281129
2023-03-24,530.2803344726562,553.9598064343317,528.1953769609588,553.9598064343317,3643046
2023-03-27,535.54248046875,539.6131348917628,526.8053655923101,526.8053655923101,2991845
2023-03-28,533.7056884765625,540.7052581430897,532.0178339402852,538.3224581495177,1355558
2023-03-29,542.4924926757812,545.2724566022072,529.5854610328968,534.1525402978345,1402975
2023-03-31,542.2938842773438,550.8323574757308,540.6556599480568,546.9602845317177,2745899
2023-04-03,540.3082275390625,547.0595859905366,535.2446632514543,543.9817795284245,1182300
2023-04-05,539.4642333984375,543.8824215492532,533.3582511978266,538.1239121003846,2021436
2023-04-06,540.4074096679688,544.0809611237556,535.8899612528231,537.131021839328,1365725
2023-04-10,545.5701904296875,554.5058259417297,544.1305481441271,544.7759238372373,4240150
2023-04-11,558.8744506835938,559.8672991938871,548.8962746762144,549.7402322691621,1915083
2023-04-12,555.3001708984375,563.5904924859608,553.6123162771295,560.9097893343145,1472367
2023-04-13,556.392333984375,557.2858612917902,551.626612616836,555.3001642548704,1395446
2023-04-17,556.44189453125,562.9450393921511,553.3143978507197,555.9951006342233,1355214
2023-04-18,562.4486694335938,564.4343664130593,557.3354754720051,559.4701239643955,1278845
2023-04-19,575.7031860351562,585.2841984252644,562.4983129317236,565.9236524213753,4824485
2023-04-20,580.3695678710938,584.7877557344909,574.66068910119,575.7031678872661,1240024
2023-04-21,568.9517822265625,582.7027693783524,561.9025825940104,580.2702785985587,2315012
2023-04-24,572.4764404296875,575.3557254175763,564.9308158112182,568.9022099469737,1065300
2023-04-25,571.5332641601562,576.9442400147055,569.8950398931236,571.9799975069257,926966
2023-04-26,566.32080078125,570.788618969255,559.1722795607096,570.1432432137449,1535100
2023-04-27,575.3060913085938,576.7457337930241,563.3422786734285,566.3208242555609,1408423
2023-04-28,578.6817626953125,581.0149931855874,573.8664713876684,577.6889141288979,1733781
2023-05-02,588.510986328125,593.078065483191,578.2350279298929,582.8021070849588,2060182
2023-05-03,584.390625,590.5462980529385,576.2493154704996,589.7520313425806,1376005
2023-05-04,590.79443359375,596.3544210427615,584.4402401360112,584.8373431403749,1392236
2023-05-05,578.929931640625,591.9859135542853,577.8378225385225,589.7520044465333,1511288
2023-05-08,588.659912109375,592.7305668044119,575.9514025666301,582.8020815983077,1402955
2023-05-09,583.4474487304688,600.1769218153859,582.1070668883082,588.759163997558,1744202
2023-05-10,580.568115234375,586.7734178768972,576.3485094374599,585.7805694540937,955848
2023-05-11,577.7881469726562,584.6884555735767,574.9584926319667,582.3055951391706,1123419
2023-05-12,570.0440063476562,578.6321097519962,568.902206301477,573.2210731569699,1255035
2023-05-15,570.9375,573.7671544959524,560.0657971443125,570.0439727370635,1142120
2023-05-16,556.392333984375,576.6464074017576,554.4562672536454,574.8592921882628,2894930
2023-05-17,528.294677734375,545.917739113882,526.5075625029467,544.0809935757655,8830826
2023-05-18,520.1036376953125,535.3935281060004,517.8200983738878,528.6918010504315,4000851
2023-05-19,518.6641235351562,522.9333603185073,511.71418346036717,521.245505609182,3150698
2023-05-22,521.3944091796875,524.0254213210927,512.3098212494616,513.4019303498694,2039749
2023-05-23,517.1251831054688,524.9687114978123,516.2812860120329,521.5930019267267,1955175
2023-05-24,506.5016784667969,516.7776669531086,505.11169656559844,515.2883941376817,1987757
2023-05-25,506.9484558105469,510.3241346883074,499.4028010665732,503.9699102773467,1811459
2023-05-26,516.6287231445312,518.7633717846429,504.61527982687994,507.3456133625886,2569828
2023-05-29,527.996826171875,530.3300565325501,519.5079835202779,521.3447290266556,2046489
2023-05-30,519.0611572265625,531.868926463286,517.9690481716866,528.195375080774,1953558
2023-05-31,513.5508422851562,521.3943689974135,508.48733961180307,516.0825936218329,3897562
2023-06-01,506.20379638671875,517.1747901142464,504.3173903614206,516.2812022554936,2436623
2023-06-02,521.5928955078125,522.8339560382857,508.58660538791685,510.7708840412814,3652493
2023-06-05,522.188720703125,526.20974531647,514.3451927127142,526.1104846983304,3161259
2023-06-06,519.3094482421875,524.4226427729542,516.8273267415569,521.2455151324132,2673151
2023-06-07,527.698974609375,529.4860897790062,518.515126039033,521.2454593977834,4463947
2023-06-08,526.358642578125,538.1238727521529,525.2664728978442,531.0746728282592,6076512
2023-06-09,520.2030029296875,529.1882700671929,516.7776633583,528.1954215304814,2929898
2023-06-12,522.0397338867188,525.7132854895704,517.8697580293916,522.2383157082418,1935905
2023-06-13,529.2875366210938,533.1100398895285,522.2383361708023,524.2240332665087,2492673
2023-06-14,536.7338256835938,541.5491768265969,530.4292625256994,534.152444059572,3925283
2023-06-15,533.2092895507812,540.3081807615613,530.3796954869963,538.6203261451523,2271029
2023-06-16,540.3082275390625,544.0314098393611,534.9468207871645,536.6346755497005,2498994
2023-06-19,570.3914794921875,576.9939464446614,553.4634242048852,554.0094787757017,8045417
2023-06-20,589.9009399414062,600.1768973185623,567.1646858448779,570.3914433573433,9508590
2023-06-21,579.3271484375,590.9434889834869,577.7386149434626,590.248482855345,2792440
2023-06-22,579.9227294921875,582.5538020065844,569.4481909324653,578.5824083840427,3184252
2023-06-23,564.7818603515625,577.2421578445006,563.0443754292908,573.8664486131923,1927779
2023-06-26,563.64013671875,567.8101127689323,559.0729970071535,565.1294095510532,1570497
2023-06-27,577.7881469726562,578.9298862902049,567.9092931280572,569.2993051479037,2788196
2023-06-28,571.9800415039062,583.7949638206971,570.8879323076545,583.2489092225712,3170209
2023-06-30,576.8945922851562,578.731398316755,571.3842953876833,571.9799802311597,1952542
2023-07-03,590.79443359375,594.2197727241722,576.9938770692922,579.8234707951823,2585602
2023-07-04,604.7440185546875,609.8075824434388,586.7734843069197,593.773054360391,3730616
2023-07-05,620.182861328125,631.4516679554742,606.084400018191,610.5522184235364,7048198
2023-07-06,609.0133056640625,618.3956756876781,603.4036872934441,618.3956756876781,4171562
2023-07-07,605.836181640625,610.3039999999236,598.091975270907,604.5951209852643,2427780
2023-07-10,621.87060546875,628.9694961605392,605.1411332436443,606.6304059259502,3732186
2023-07-11,622.0195922851562,629.4659561193761,620.5303195183124,625.3953014628015,3174731
2023-07-12,617.2539672851562,629.4659925605245,612.5875668924978,627.4306651144076,8106836
2023-07-13,629.0191650390625,632.4445045381622,617.4525161896746,627.4802619593696,4206123
2023-07-14,637.0115966796875,640.3873059427278,629.4659720429294,636.4159117973466,3141648
2023-07-17,633.338134765625,645.8480026607078,630.0616859657366,637.8059533851072,2360840
2023-07-18,629.5652465820312,635.8202409782892,621.4735671910418,633.4373801988893,3150574
2023-07-19,635.47265625,638.9972562273108,629.9127290124387,632.4444805117092,1669578
2023-07-20,632.7919311523438,638.2525975909645,631.5508705981117,637.458330955988,1074533
2023-07-21,623.608154296875,635.8202400246495,622.5160451238438,631.8984761054916,2470457
2023-07-24,624.8491821289062,628.6220549253072,620.530315373373,626.4377760954602,997795
2023-07-25,659.9464111328125,663.1731687630104,629.1184772778857,631.1538045864318,4624289
2023-07-26,652.8971557617188,663.2228045024195,647.5358101683527,663.2228045024195,3382159
2023-07-27,655.0814208984375,661.038511832219,651.9539845173998,656.8189057541238,1613361
2023-07-28,660.5421142578125,662.5774416226338,641.4297800735833,655.0814473480327,1822173
2023-07-31,663.9674072265625,669.3784434500476,657.7621043552863,660.9392315451119,3576640
2023-08-01,666.6481323242188,670.7187869034868,663.222792905796,665.208489890544,1671929
2023-08-02,639.3944091796875,665.1588388742845,631.5012517913551,665.1092085709437,2217769
2023-08-03,641.9757690429688,645.3018476346048,633.8344604156232,642.37293265347,1198816
2023-08-04,648.0322265625,659.5492448962477,642.9190325599272,643.3658265036207,1791378
2023-08-07,652.7482299804688,655.2799814253345,645.0536544410046,653.1453330039544,1173349
2023-08-08,653.2943115234375,660.2442510077294,650.5639781546085,650.6136084597637,1698850
2023-08-09,674.094482421875,676.0801793665753,653.3439251102919,654.783567514932,4279101
2023-08-10,671.5130615234375,677.8176858838102,668.1870432740942,672.7044918481166,1931514
2023-08-11,693.2068481445312,694.9939633591505,659.3010469783297,670.6691746415802,4115696
2023-08-14,657.513916015625,686.2568920744325,653.4432614243404,685.0654617603341,4487444
2023-08-16,643.316162109375,657.5635130568103,637.4087017414165,657.5138827542883,1988425
2023-08-17,640.5858764648438,648.8265070513484,635.9691066128473,643.3162098916092,1552598
2023-08-18,638.444580078125,644.469979016604,634.8094511784753,643.3246894127797,1506231
2023-08-21,650.9435424804688,652.3378767609007,640.7850470750859,644.3703912432104,1537449
2023-08-22,653.1843872070312,656.0228403490072,646.6112360761945,652.3378661993183,1267288
2023-08-23,658.0645141601562,663.0939772906818,651.3419481812216,655.3256909835533,1270336
2023-08-24,646.4618530273438,666.4304128890477,644.3704123253596,663.791158910127,2462684
2023-08-25,631.8216552734375,643.3247008675507,630.4273209281115,643.3247008675507,1949633
2023-08-28,653.1843872070312,657.7657277777839,633.514657653693,635.3073904958208,2826926
2023-08-29,673.5513305664062,676.937536406101,655.3257186341518,657.317590119362,3200989
2023-08-30,670.8622436523438,680.7220311098088,669.0695716020108,677.2362562614044,1649655
2023-08-31,681.718017578125,686.1001591717701,670.5635250746507,672.3561972585624,2742132
2023-09-01,698.25048828125,710.7993144535624,683.7098515150666,684.9547711281676,3821673
2023-09-04,704.3257446289062,708.110288160673,699.1468667915506,704.1265453299519,2637822
2023-09-05,709.6539916992188,713.7871492903244,692.2749010668886,702.1346891010165,2407991
2023-09-06,699.5950927734375,708.1103314370974,694.1672306774359,707.761778232944,1685851
2023-09-07,700.6408081054688,704.8735350911805,696.1093125487728,699.5453030828284,1239661
2023-09-08,695.4618530273438,704.2260745998788,692.6732453615946,701.03912914593,1515441
2023-09-11,710.6499633789062,716.5260087934073,698.1509815022972,704.8237633830621,2667702
2023-09-12,683.0625,716.3267778864864,681.0208438992785,716.3267778864864,2141183
2023-09-13,688.98828125,693.6691910353665,677.2362525542702,685.2535225042964,1295559
2023-09-14,708.1600952148438,713.5879571510105,692.4741073221313,695.0137312997233,2396980
2023-09-15,708.5584716796875,719.8623176516985,705.86943311042,714.4344558851772,2256202
2023-09-18,699.2464599609375,706.1184408937821,697.3542185238873,706.1184408937821,1227630
2023-09-20,686.1499633789062,700.491402046484,681.2200691421688,697.1550415197634,1963443
2023-09-21,686.2494506835938,688.2911066182218,675.2443738570579,685.2037304036221,1374769
2023-09-22,680.4232788085938,690.1834364596966,676.0411374368705,683.3114558511057,1966991
2023-09-25,692.37451171875,696.0594859710718,680.0248847074802,684.2078268104646,1127597
2023-09-26,690.8805541992188,703.5787333992085,688.2413004820334,690.1833871053315,1267372
2023-09-27,689.9344482421875,694.4659434676665,679.3277088443066,690.233216791334,1491241
2023-09-28,679.0787353515625,694.1671855796437,677.2362786142866,687.9425874306154,1403765
2023-09-29,698.4994506835938,702.8318072759627,683.5106311610708,683.5106311610708,1418848
2023-10-03,696.7068481445312,698.8481343415065,687.1956738022237,695.2129445058308,1378867
2023-10-04,676.0411376953125,691.9761088173568,669.7169703460875,688.4903338844097,2373015
2023-10-05,675.0950317382812,682.066582070024,672.2566391323381,679.2779740947459,957466
2023-10-06,680.6722412109375,695.1630929539202,678.5807398458429,685.1539516955975,3259891
2023-10-09,673.80029296875,677.2362833283489,660.8531287286492,675.1946272786745,1118794
2023-10-10,690.3826904296875,695.611353241184,675.045255201126,677.2861106917674,1882578
2023-10-11,689.7352905273438,698.648927634627,687.6438497701461,695.4121364517154,1677423
2023-10-12,688.8887329101562,696.6570191796159,685.3033279331889,689.386700758033,1231595
2023-10-13,678.7301635742188,684.9049769262957,672.2565816765923,682.2159384421715,1497291
2023-10-16,689.0380859375,694.4161630027339,673.9496966378055,677.236272272297,1436740
2023-10-17,690.0339965820312,698.8978482562982,688.1915399288949,694.0177392154836,873111
2023-10-18,680.6722412109375,702.8318097184228,679.3775370061202,691.1793503008892,2257558
2023-10-19,672.256591796875,676.2403345630787,663.9405530872609,676.2403345630787,1947640
2023-10-20,659.7078247070312,672.1071754053826,657.9150918371628,669.2687830065747,1425240
2023-10-23,637.5482788085938,661.3013215400366,634.4608415881844,659.8074179522202,1313725
2023-10-25,648.8023071289062,659.209847081937,643.6234294655374,647.3581882438674,2490628
2023-10-26,642.4283447265625,646.0137499063337,635.4070098317651,645.3663673526391,2320101
2023-10-27,641.2830200195312,652.3378819484006,637.9465989602123,647.4079880877083,1452775
2023-10-30,641.0340576171875,646.3622894635678,638.5940029186507,642.3785465392931,1093581
2023-10-31,631.2239990234375,645.7148504865335,625.9455522675408,643.5736253241397,2027458
2023-11-01,582.6721801757812,616.1356568025457,579.2361897882123,608.5167242382446,12209864
2023-11-02,587.1041259765625,590.589901109587,581.726048599344,586.6061581004161,2721333
2023-11-03,594.4739990234375,599.0054939608839,589.4444754862823,592.5816970206379,1769085
2023-11-06,619.6712036132812,624.35211355251,594.8225957843365,599.6528596060493,5492143
2023-11-07,627.7880249023438,630.9252465758439,617.4801150387107,619.9699542122538,3715097
2023-11-08,626.244384765625,630.5767417318623,621.2647060369112,628.4354555636778,1694691
2023-11-09,622.1610717773438,630.9750788017672,619.8704317222991,627.2403197597074,1657746
2023-11-10,634.3114624023438,635.2575526738855,619.0735977847004,621.0156845288207,1839288
2023-11-13,634.1122436523438,641.7311149403172,631.1244366875491,633.415076536474,1149105
2023-11-15,645.6651000976562,655.5248878111124,639.9882544683055,644.5695951459793,2491752
2023-11-16,644.569580078125,648.4039081064517,639.8886702550283,645.4658857120652,857041
2023-11-17,644.469970703125,652.3378870912761,643.3744657419304,646.2627036026672,1575247
2023-11-20,647.1589965820312,651.6407071688695,645.3663245047139,647.3581958766421,939835
2023-11-21,651.9893188476562,657.815518275304,650.0472321094103,653.732206291989,1260954
2023-11-22,648.95166015625,653.3338014319096,646.8602195579654,653.1346021399088,778796
2023-11-23,649.0513305664062,654.8775303005065,644.5696197595313,649.8480669968765,1468486
2023-11-24,657.6163330078125,658.7118987541575,649.599062750298,651.3419502318052,1526716
2023-11-28,665.6834106445312,667.3266679895197,652.8358164858106,659.309398190094,2568165
2023-11-29,665.832763671875,669.667152379477,659.458812012638,666.4303615314549,1272051
2023-11-30,668.0736694335938,672.0076276886336,662.8947915274077,665.4842608740469,1865635
2023-12-01,689.38671875,690.4822237290837,668.3226539202351,675.2444193437883,2180409
2023-12-04,678.7301635742188,696.1590379139823,675.6925719181351,692.1752952077505,2037749
2023-12-05,675.1448364257812,681.17023526301,671.5594314277862,677.7342449350906,3878993
2023-12-06,684.0584106445312,688.689535960403,671.6092144051892,677.2362754202082,2255716
2023-12-07,681.2200317382812,689.3369321622804,676.738321003161,685.104205356889,1730038
2023-12-08,683.4608764648438,694.6153685004496,673.6509341010956,681.2200211321721,2131802
2023-12-11,716.3267822265625,725.0412199665451,682.2159830729167,684.4568384917693,6574569
2023-12-12,744.8104858398438,749.9395789883988,721.6549809109191,722.0533795041025,9128866
2023-12-13,743.5158081054688,752.8776282952924,738.9843126851014,748.9436699989168,3476358
2023-12-14,732.3612670898438,764.7790216217687,729.0746915521022,756.8115363001702,4246726
2023-12-15,721.4558715820312,742.4203066705741,718.8664021957849,736.9924447511369,2971250
2023-12-18,731.8633422851562,736.843020903922,705.3714763481598,718.0696568260123,2612438
2023-12-19,726.4354858398438,734.6519549344164,719.2647370180719,733.8551577864845,1688901
2023-12-20,694.7149658203125,730.9172665739687,689.934486408248,729.0249643462107,2151830
2023-12-21,703.180419921875,707.1143782682509,682.2657692970394,689.1875348755347,1459098
2023-12-22,723.44775390625,727.5310661708793,704.3257753279128,707.2637979510457,2392981
2023-12-26,726.7343139648438,736.1459187659244,724.0452753378075,732.0127611737119,1645139
2023-12-27,730.718017578125,734.851114160929,724.0452363920595,727.4812266313929,1180034
2023-12-28,733.3572387695312,738.7851005688452,729.3734959130942,734.3531744836406,2446647
2023-12-29,745.0595092773438,746.9518115146852,729.3735212355353,734.8013832232942,2288552
2024-01-01,740.9761962890625,750.4375858922159,738.1378037229541,748.9436822706654,1153090
2024-01-02,740.179443359375,744.8105080107592,727.0330796251725,740.9761797823676,844656
2024-01-03,729.02490234375,737.988323274206,720.5096646172345,737.988323274206,1578330
2024-01-04,741.9223022460938,748.5452380929075,729.9710740011591,731.9131607483789,1762967
2024-01-05,732.7596435546875,752.4293723487141,727.0827982769687,741.972048179738,1749327
2024-01-08,714.2353515625,737.341012466598,712.2932646813372,735.9467388807822,1313588
2024-01-09,725.1408081054688,733.0087249846804,719.1651934996154,720.8085118310631,1249816
2024-01-10,728.0289916992188,730.0208630855367,710.8491009922262,723.0493132334238,1049880
2024-01-11,729.4730834960938,736.6936170030981,727.0330289811366,731.7637233477947,969483
2024-01-12,732.9091186523438,738.7851029119696,726.1367071452478,732.0127521919658,999941
2024-01-15,732.0625,736.6936251672022,723.1987090343907,735.2992909183207,842890
2024-01-16,746.7027587890625,753.8735076764318,726.0370939076046,732.6600903410758,2676909
2024-01-17,719.1651611328125,736.9426502573883,715.0818489840913,736.9426502573883,2797056
2024-01-18,716.7749633789062,725.2404171587904,698.2505221647859,719.0656034207503,1775563
2024-01-19,726.2860717773438,730.0208304597778,718.1193873010037,722.0533452705852,1551868
2024-01-23,691.8267822265625,735.000571998637,689.1875282155241,733.008700529806,1346480
2024-01-24,703.4293823242188,708.6580448203657,685.0045716235104,693.51980981696,2874944
2024-01-25,713.3887329101562,716.5757393216807,697.5035462674276,709.9527425725298,1861827
2024-01-29,727.780029296875,730.8674057221274,712.0940416657758,720.0615274466516,2034288
2024-01-30,743.167236328125,757.8572879986127,728.0787860602112,728.0787860602112,3228263
2024-01-31,754.07275390625,760.4467060351767,743.9639820442258,744.9599177631605,1920453
2024-02-01,739.4324951171875,765.8745765991814,729.8714756340706,763.6337212060109,3539486
2024-02-02,772.8461303710938,779.0209440856011,743.1672576250864,743.9639940556792,5419790
2024-02-05,759.9984741210938,778.7221130673619,754.9690112200637,778.7221130673619,3291771
2024-02-06,778.0249633789062,781.6600921293335,748.0472630155019,764.8786002791898,2564978
2024-02-07,777.4772338867188,801.1804915529228,773.4436456442023,785.8430573522129,3673374
2024-02-08,773.792236328125,791.7688631388277,766.9202558426502,781.610307076987,2204316
2024-02-09,758.3552856445312,773.7922897013311,738.8349085585152,772.3481707127924,1878921
2024-02-12,740.4782104492188,767.7668735889496,734.3531814346337,758.3552688441133,1413841
2024-02-13,733.556396484375,739.9801936336324,705.8196127336698,739.9801936336324,2298299
2024-02-14,755.0686645507812,757.5585037654351,717.0736938203265,717.0736938203265,2320373
2024-02-15,762.0900268554688,770.8044644255261,752.4294381918152,759.8989561090073,2095811
2024-02-16,766.37255859375,776.4314853403768,763.0361981505771,765.8745907194201,1192225
2024-02-19,755.9151611328125,770.8044113125432,753.9730744507453,768.862324630476,1242531
2024-02-20,756.9111328125,764.8786184210526,749.9395829050164,759.8989399157072,1719670
2024-02-21,768.3644409179688,781.8095737143298,758.7536364931393,769.8583445620088,3824236
2024-02-22,780.5148315429688,784.2993751003202,771.0534422560443,774.4395872127936,3526557
2024-02-23,783.353271484375,792.5656774009558,780.9132166787805,788.2831657268833,3093797
2024-02-26,768.1651611328125,784.1499162920138,764.8785856176544,783.9009323774247,1209173
2024-02-27,772.9456176757812,781.8094690924282,765.6752997384538,771.2525757354416,1359840
2024-02-28,752.180419921875,778.2241621856775,749.7901499826598,774.8877411960609,973881
2024-02-29,773.0950927734375,776.4314530779775,752.8776100731415,754.9690507435856,2501678
2024-03-01,819.5056762695312,821.646962365077,772.2983599949928,777.3278231829607,5256259
2024-03-04,836.0382690429688,846.0474110718623,822.6429211834705,834.4447353868221,2856051
2024-03-05,821.0991821289062,837.1337222346427,818.659127559662,836.0382173033526,1537610
2024-03-06,826.7760620117188,830.5606055891051,798.1429100707619,823.3400716213855,2246235
2024-03-07,835.5900268554688,847.5412548915422,828.8176764591117,829.614412837432,2176087
2024-03-11,824.3858032226562,841.5656946217391,820.2526456147064,841.5656946217391,1424721
2024-03-12,803.8695068359375,829.514850545184,797.395924928749,824.3857574884988,1646471
2024-03-13,761.0941162109375,811.3888718438905,757.1103731905056,804.2181222496941,2175250
2024-03-14,778.42333984375,781.7099763722513,753.425377412962,761.841046462832,2278644
2024-03-15,764.629638671875,779.9172274519434,757.8075033971286,776.8298510766037,2415351
2024-03-18,804.716064453125,807.6043023656279,764.6296515889687,764.6296515889687,4040803
2024-03-19,791.02197265625,813.7292956912296,787.3867828391204,802.7242177663676,2528299
2024-03-20,779.1702880859375,800.1347836716238,771.8004002126114,795.6530729209323,1272564
2024-03-21,818.2109375,820.0534549616835,774.937520482726,794.8562338819694,3440279
2024-03-22,829.514892578125,832.4030697185042,810.0941458724772,815.6215770082046,2059744
2024-03-26,833.7974243164062,864.1734647737034,831.8553374412259,839.4742702642052,3545906
2024-03-27,829.7140502929688,840.470205039274,823.5890818932555,837.5819670449708,1467887
2024-03-28,845.6988525390625,850.5291165324011,832.6022733268001,832.6520579560637,1751216
2024-04-01,864.8207397460938,869.9498329097972,851.6744371514857,854.5128295782554,2179459
2024-04-02,893.2547607421875,896.3421371218818,853.8156702365698,871.4437444240517,4087436
2024-04-03,898.732421875,913.1734898765761,885.6856274151135,889.0718331923891,3171054
2024-04-04,899.6785278320312,911.2812035361541,894.9478330595757,904.8076212159519,1634219
2024-04-05,912.028076171875,917.7547061887883,884.4406463677624,898.8319287415967,3185781
2024-04-08,907.84521484375,920.3940416842962,899.9773589422371,912.3767103193248,1660694
2024-04-09,898.8817749023438,923.2324154943212,895.3462152420656,908.392948902391,2510871
2024-04-10,894.1012573242188,907.3471897197521,888.0260739869492,907.2974050931365,7432694
2024-04-12,893.902099609375,904.210070856057,887.5779320577766,897.2883053960043,1101942
2024-04-15,890.1175537109375,909.28931640625,872.4894792310758,888.9224186842008,2487303
2024-04-16,898.1348266601562,905.5047753565082,879.4112471456183,888.3746686907039,1559770
2024-04-18,902.1683349609375,932.1958208115301,895.5453989883241,902.4671643024092,3288107
2024-04-19,923.4813232421875,928.1622329129383,882.1997787597351,896.3420770212659,3869393
2024-04-22,913.92041015625,941.5077801369489,911.5799248127188,931.9966064557733,1754331
2024-04-23,906.152099609375,918.7009262794052,901.42140489196,918.1531737853336,1014238
2024-04-24,932.6937866210938,940.6114876238272,907.4468408442648,911.0321850631559,3633914
2024-04-25,938.42041015625,941.1592333220018,922.2862397133117,931.9468281281092,2839898
2024-04-26,928.0626220703125,943.0515024090531,922.6846059692119,938.1713933517299,1823107
2024-04-29,938.27099609375,941.1592339307017,926.7181663201249,931.1998769578901,1286958
2024-04-30,925.8717041015625,944.7446381341342,922.2365142607508,943.1511652321069,1917697
2024-05-02,938.0220336914062,950.0231077486696,926.9173868841908,930.2039626032076,1615306
2024-05-03,927.714111328125,956.0982789855072,919.696841041967,944.6450183518267,3031130
2024-05-06,932.1958618164062,945.8401937461379,913.6714811848922,932.1460771863349,1978042
2024-05-07,920.2943725585938,934.9844241516473,912.277102321159,933.1917520468623,2914141
2024-05-08,939.764892578125,944.2466031822139,907.2974134055613,919.9458088234081,1732112
2024-05-09,917.5555419921875,944.0972525309323,912.3766642301042,941.209014705802,1097509
2024-05-10,926.7679443359375,933.0423270266288,912.2273075742028,922.0870344346918,835091
2024-05-13,935.6318359375,938.3706592015325,904.9071821214627,927.9133340115906,1965933
2024-05-14,974.4733276367188,979.3035916146656,927.0667503940458,935.6816187774566,6840175
2024-05-15,989.5119018554688,994.6409950215622,971.4854900134603,982.9885351826475,2292776
2024-05-16,1001.1643676757812,1005.8452776477493,989.4123385115639,991.9519624024651,3747123
2024-05-17,1011.3727416992188,1023.8219384212673,997.9276092394065,1000.9154164526981,1708670
2024-05-21,1064.6053466796875,1070.6308058913503,1009.8787322547248,1009.8787322547248,3541313
2024-05-22,1073.3199462890625,1081.536416510905,1054.2975971206051,1073.519206390471,2169567
2024-05-23,1069.684814453125,1072.3737922819244,1045.8320808862297,1060.6715475089384,1299470
2024-05-24,1064.8543701171875,1078.6979002500007,1055.1938427443856,1064.7548008649874,795828
2024-05-27,1054.9947509765625,1075.5110023799791,1052.3056516029608,1066.6471502062852,1283259
2024-05-28,1048.3218994140625,1063.659333595349,1039.707031245668,1058.8787935787304,702188
2024-05-29,1034.3291015625,1046.8778674522305,1026.0627863694995,1044.786426732973,1540923
2024-05-30,1027.0089111328125,1035.9226091644814,1019.7386530006524,1023.0251680771007,838030
2024-05-31,1023.9713134765625,1042.3961239122887,1012.4682075208011,1031.9885229108422,3245379
2024-06-03,1053.1522216796875,1075.6106217164995,1044.7366131301926,1075.6106217164995,2006398
2024-06-04,956.2476806640625,1032.7853144135267,897.5372593603788,1025.813764557312,5964333
2024-06-05,1002.1603393554688,1009.5302881535166,924.4773515594671,974.921521154657,3384707
2024-06-06,1025.3656005859375,1030.793401267288,995.9356533983457,1011.9701931032239,2465243
2024-06-07,1022.7761840820312,1038.1136191605483,1016.9998295960686,1025.8138367915267,2354471
2024-06-10,1008.0363159179688,1029.598347557023,1000.516952955833,1029.598347557023,2412594
2024-06-11,1004.799560546875,1014.8584868871515,997.5291812456843,1005.8950655113081,1220832
2024-06-12,1023.5230102539062,1033.6317813310925,1001.0647344800842,1008.7832357025691,2853655
2024-06-13,1037.01806640625,1048.7203110931873,1032.1878024886064,1034.7772110406663,1162049
2024-06-14,1048.1724853515625,1054.9448967833378,1031.7893916143855,1039.2589094108218,2722106
2024-06-18,1030.0465087890625,1056.6379436350169,1020.0373062668775,1056.6379436350169,2798849
2024-06-19,1042.69482421875,1046.6785669871665,1024.8178271751533,1039.657293302341,2074723
2024-06-20,1052.1064453125,1070.5312548434133,1040.0556482584677,1046.7283684859387,2379619
2024-06-21,1072.8717041015625,1092.541433649955,1045.9814409214816,1060.6714921031923,3775241
2024-06-24,1066.547607421875,1073.1207589857438,1040.8524167208943,1073.1207589857438,3374848
2024-06-25,1059.7254638671875,1076.6065258885876,1044.7864278927852,1073.1207508278937,2287648
2024-06-26,1042.84423828125,1059.7254211971117,1038.113543746505,1059.7254211971117,1089927
2024-06-27,1043.09326171875,1054.6959372793897,1024.9672800760118,1046.2304835807354,1596848
2024-06-28,1040.1552734375,1056.6877818069188,1037.067897070337,1043.0932351342458,2370605
2024-07-01,1055.1939697265625,1070.8301130031684,1038.0140773454552,1040.7529007685303,2903887
2024-07-02,1040.852294921875,1062.1653415615258,1033.8807455632902,1061.7172191610002,1415238
2024-07-03,1046.0313720703125,1051.6085879832835,1040.5038800005766,1042.4459060930844,1580996
2024-07-04,1051.1602783203125,1058.6796414305122,1043.1430689379015,1053.699962966587,885590
2024-07-05,1046.23046875,1058.97849453341,1043.4418001179465,1045.7823463078626,1445408
2024-07-08,1021.7802124023438,1050.1643806750787,1019.3402184962916,1046.2803285918424,1417503
2024-07-09,1017.6968994140625,1037.1176461114385,1008.7833232775052,1025.8137999126748,1371213
2024-07-10,1003.7537841796875,1022.1288710317474,987.9682274411549,1018.8422345486911,2245736
2024-07-11,1010.4265747070312,1021.6806362094306,1003.9032078846437,1003.9032078846437,1842467
2024-07-12,1009.7792358398438,1014.8584836216415,1001.6125508996016,1011.8706765059742,907800
2024-07-15,1004.4011840820312,1016.6013967791109,998.7741228905818,1013.7630042623827,1118459
2024-07-16,1005.9448852539062,1023.8219440016258,1004.3016277498953,1009.8788435969344,1706821
2024-07-18,985.9265747070312,1010.7751829911357,972.4316579058687,1010.7751829911357,4764249
2024-07-19,942.5037231445312,983.4865014171559,940.6114817912743,980.9468775455981,2974059
2024-07-22,948.7283325195312,954.6541621482539,926.5687629839815,938.1714383140611,2489828
2024-07-23,948.9275512695312,957.6917735350316,923.4814055285887,951.3178213360736,1397714
2024-07-24,968.4976806640625,970.987519906457,942.0057546527296,948.9275199040047,2385985
2024-07-25,933.9884643554688,950.4214030017288,915.1653165601883,936.1795349990547,5020305
2024-07-26,968.3980102539062,969.5433605724995,938.4701559653007,943.3502649918004,3121650
2024-07-29,962.97021484375,978.8055553798843,959.584009281838,975.5189798563159,1596044
2024-07-30,972.53125,977.6603433752573,952.2141365914606,962.9702912119188,1215074
2024-07-31,984.2334594726562,987.968218362636,976.1664045851367,985.9763469546468,984608
2024-08-01,979.3035278320312,1002.5586620961626,971.2364732554659,991.9519229426332,1242869
2024-08-02,952.8614501953125,970.6887229642856,949.276106105964,965.0616621262167,1982275
2024-08-05,914.1195678710938,942.204967073937,899.7781301073871,934.0881275029221,3333943
2024-08-06,921.5890502929688,932.6439727306912,915.3644523394389,915.3644523394389,2794386
2024-08-07,942.5535278320312,945.9894572107443,921.340049759296,932.1957727093146,2262015
2024-08-08,915.414306640625,934.1876699359083,911.2811492445161,934.1876699359083,2204897
2024-08-09,912.476318359375,933.191769167467,909.8370643878744,923.0332126711925,1479733
2024-08-12,914.3685302734375,916.8583694919002,898.5331893162684,911.2313693304286,2379658
2024-08-13,905.2557373046875,924.0788849517843,901.3217792598923,917.7547177767854,1449141
2024-08-14,925.97119140625,928.1622620429297,892.3583624630277,905.255741577919,3795523
2024-08-16,930.701904296875,937.4244702187626,922.2862355409459,931.1998721429408,1074486
2024-08-19,949.8736572265625,953.7079852895217,927.3655351158988,940.4620528691015,1245922
2024-08-20,945.7904052734375,955.2517948581336,931.1999222832527,953.1105086899175,999577
2024-08-21,953.7080078125,955.9987085661214,940.1633065248598,945.7903675789606,832903
2024-08-22,963.8379516601562,966.0834969785465,946.1230941484112,955.5543966685132,1141606
2024-08-23,957.9495849609375,967.0814933974439,955.9036559038985,967.0814933974439,853881
2024-08-26,983.6486206054688,985.8941659090252,958.2490569033605,963.0894301919673,1183617
2024-08-27,966.8818969726562,984.1476331675703,965.0355840841113,983.5488454508302,983842
2024-08-28,966.981689453125,973.069587635685,961.0933465570919,972.670355234007,914225
2024-08-29,958.5983276367188,965.0854584328027,946.6719749902861,962.0913980653794,1052201
2024-08-30,968.478759765625,974.0676481351005,958.9975685184083,959.3967400223339,2683048
2024-09-02,963.438720703125,978.9080329200071,957.1013171606446,973.0696394490391,1048122
2024-09-03,946.37255859375,967.4307583106278,944.176902193744,963.0893952470011,972264
2024-09-04,943.727783203125,951.4624389863934,927.2105627133305,933.1487944975411,1578965
2024-09-05,948.6181030273438,953.7579308971096,940.7337198884298,945.1250326847918,787383
2024-09-06,952.061279296875,967.7800957516637,935.9432304394144,948.6180977953445,1314912
2024-09-09,943.9274291992188,963.4387106080451,931.1527836852213,952.0613176453676,1877070
2024-09-10,960.0953369140625,971.522679250424,947.7198632991332,948.1190957051552,1905394
2024-09-11,964.9856567382812,968.9777371286941,949.4165066670834,958.0992936990939,1675589
2024-09-12,1002.6609497070312,1011.9924135729693,970.2252954258463,979.0078604021965,2998825
2024-09-13,1029.0584716796875,1033.6493396442986,1006.7527474404125,1008.1000501716344,2806536
2024-09-16,1041.0347900390625,1046.9231332668232,1022.8708721113575,1033.948871367425,1958439
2024-09-17,1050.6656494140625,1071.5741215614773,1031.0047023787517,1041.932973629334,2217260
2024-09-18,1022.8208618164062,1052.761464426997,1015.5353273640249,1043.4799507148882,1777856
2024-09-19,1000.8145751953125,1041.6335620050877,995.5749695075029,1033.2003406294934,4880849
2024-09-20,1007.4015502929688,1039.3880225751925,1001.6129847689886,1013.6391761469863,3076614
2024-09-23,1019.3278198242188,1021.9725974940059,1006.6030633612808,1012.9904164613437,1448077
2024-09-24,1039.4879150390625,1050.9151967950788,1029.9567740669718,1029.9567740669718,2777479
2024-09-25,1018.7789306640625,1052.6617260656294,1016.4834965611221,1050.9151908481704,2564667
2024-09-26,1026.2142333984375,1033.6494348870847,1011.7928298490705,1024.9667081937228,1903363
2024-09-27,1026.0146484375,1046.8233438848872,1009.0981340534026,1033.948859778674,3002247
2024-09-30,1037.5916748046875,1056.7536129807786,1021.5235138180012,1035.944917189094,3037535
2024-10-01,1033.300048828125,1047.9210671304793,1017.4315663601641,1047.9210671304793,2382544
2024-10-03,1048.9691162109375,1066.8835289810854,1025.0166328661796,1027.960743545854,6213074
2024-10-04,1019.0783081054688,1055.7555470813932,1011.3936020038685,1052.9112141387816,2138207
2024-10-07,998.618896484375,1028.6592773930731,985.1456250157797,1024.0185813501248,1714125
2024-10-08,980.9539794921875,997.0220787174036,963.089395357652,997.0220787174036,2614906
2024-10-09,997.5211181640625,1007.6510468313043,963.638322627853,983.548836368868,2166137
2024-10-10,988.7884521484375,1032.1523784317214,984.0478564909002,1006.7029258160994,1415371
2024-10-11,1003.8585205078125,1011.9924089096464,987.0419057314007,987.0419057314007,1834521
2024-10-14,991.1837158203125,1015.0862491865676,982.4010899506638,1004.0581389402172,1949682
2024-10-15,966.7821044921875,997.5710008942359,963.0894178574362,994.9761729424182,7070247
2024-10-16,958.3488159179688,970.0256634522923,948.1689985569094,963.0894114666388,7109924
2024-10-17,928.15869140625,960.0454457293595,913.1883899319556,957.1012742565524,5120919
2024-10-18,962.5903930664062,971.2731801789503,921.8711848893836,927.9590831755039,2696607
2024-10-21,947.0712280273438,971.7223377721001,944.1270564190723,967.2312471231722,1659103
2024-10-22,908.4478149414062,950.5642762212506,904.3060070744373,946.1230745009099,1988814
2024-10-23,913.6375122070312,923.8672182261997,894.9745241648078,923.0688143295174,1874744
2024-10-24,922.469970703125,933.7975354414305,907.2501641046058,916.881082481853,3186168
2024-10-25,897.2699584960938,925.164632466929,880.2537279782431,922.4699660147453,2311184
2024-10-28,917.1804809570312,923.0188742339595,889.7848167586403,897.2200787599251,962918
2024-10-29,913.23828125,922.1705733369379,894.6751317368647,922.1705733369379,1624416
2024-10-30,917.1804809570312,928.5579345751072,902.7590781867593,909.8450575153201,805681
2024-10-31,918.677490234375,929.8553273934731,909.7451982713956,917.1804601036291,1116203
2024-11-01,927.65966796875,933.5480108293812,920.5737497389092,926.0628602002628,228890
2024-11-04,907.39990234375,932.051011410658,896.0224486469267,930.1547488230829,1031272
2024-11-05,934.1967163085938,937.1408878302202,903.3579313087753,907.2002843851652,2270819
2024-11-06,949.9653930664062,953.608190740559,926.1626384167859,940.1349195997976,2513894
2024-11-07,945.7238159179688,967.031581455641,927.7594542409885,953.1091889731189,2917302
2024-11-08,926.2125244140625,953.6081878329419,918.3282023191327,945.7238048237004,1185483
2024-11-11,905.0545043945312,927.9590778996056,902.7590703446666,921.1725533944054,1299909
2024-11-12,885.2438354492188,914.136529747363,881.451371223167,905.0545102195329,2703824
2024-11-13,856.9500122070312,883.148040717873,853.3072143531311,879.2557378305363,2232128
2024-11-14,875.662841796875,886.2418302699584,857.2992479751061,858.0477630344558,1864763
2024-11-18,884.9943237304688,902.1602816344072,873.5170925797494,878.2576880550465,1348925
2024-11-19,863.6866455078125,889.0862091036847,860.642635377605,885.1939671423889,1585170
2024-11-21,869.4751586914062,878.2078349218352,855.6525431952238,866.2814820585577,1330047
2024-11-22,877.2097778320312,882.2497671470109,856.8002546331547,871.9701723144726,895312
2024-11-25,875.5131225585938,896.3717667721095,868.3273657391718,885.9424446653517,5649588
2024-11-26,891.0323486328125,896.820853130876,869.2256334333247,873.2676027259363,1423292
2024-11-27,887.7887573242188,892.4295751003285,879.5052027745661,891.032322611047,819382
2024-11-28,895.2240600585938,902.0105847858739,883.746828519381,892.2299996570599,1325547
2024-11-29,904.6553344726562,910.693343912446,890.2339318026322,897.2200725230565,1082644
2024-12-02,916.7313842773438,919.1765457948401,895.4236787269787,904.2062437460642,988585
2024-12-03,923.9669799804688,933.7475646038288,917.2303444251626,924.1167073585335,1636042
2024-12-04,933.6478271484375,935.1448573362757,918.6276364466569,923.1686158335699,1147200
2024-12-05,932.5999145507812,940.9832470212848,922.519874776856,933.6977123185081,1159145
2024-12-06,947.2208862304688,949.8656639552505,930.8035037330644,933.1488266857465,1179083
2024-12-09,965.2850952148438,967.680307011247,943.3286520524125,948.1690253838586,1433142
2024-12-10,1000.3654174804688,1009.447436890133,971.0735520689843,971.9717945198707,4608726
2024-12-11,992.6807250976562,1006.4035015869379,988.3393010779137,996.0240680947741,1284435
2024-12-12,998.2695922851562,1004.0082077869205,985.0957149504178,998.0200872633404,1331800
2024-12-13,996.7725830078125,998.818512046643,972.2213127132202,995.0260478185622,1575356
2024-12-16,974.1674194335938,998.4193571972381,966.9817232666177,991.0339839081286,1420965
2024-12-17,949.6161499023438,979.7064810673922,945.8735744297911,970.0755624856313,885850
2024-12-18,929.6058349609375,959.746054184326,925.0149059492234,958.0992966524794,946566
2024-12-19,920.5737915039062,923.1686194739992,905.2042571490998,905.2042571490998,726533
2024-12-20,906.2521362304688,932.550002315636,902.2101670234584,923.168589045021,1099720
2024-12-23,938.9373168945312,945.6240638826858,881.6010488065916,923.1686111783476,3310719
2024-12-24,940.8335571289062,944.675910134606,928.1586897208239,937.1408705890899,1638333
2024-12-26,939.4862060546875,943.1290038214163,922.9190965966716,936.1428630523687,1163046
2024-12-27,921.721435546875,947.5701800644055,919.5257791812338,937.1408580133435,699559
2024-12-30,916.4818725585938,923.5179022873363,907.2002975389133,918.8771452346533,3283259
2024-12-31,928.8573608398438,933.6478453514617,909.6953618790565,909.6953618790565,1135095
2025-01-01,936.2426147460938,937.6398672268983,916.7812231431938,923.5678084336031,591839
2025-01-02,939.8355712890625,945.1250658103122,928.4581174088302,930.1547638175406,1107101
2025-01-03,955.9535522460938,960.1951377768138,937.4402911125195,938.6379274452327,1702255
2025-01-06,937.4901733398438,955.9036566971013,924.8153665745568,955.9036566971013,1881095
2025-01-07,939.5860595703125,952.8098262365016,933.2485952232106,933.2485952232106,1057467
2025-01-08,940.683837890625,945.873554620071,928.3084251358218,935.144838490115,1719232
2025-01-09,929.7056274414062,939.7856671677146,919.1765273940763,938.9872023429788,1652891
2025-01-10,915.883056640625,929.7056106400955,909.2461986194088,928.1586916701744,965180
2025-01-13,874.9642333984375,916.73135019602,869.325395470641,911.2422396488709,1916830
2025-01-14,908.0985107421875,920.5737619562834,877.1598877312299,877.1598877312299,2581715
2025-01-15,908.4478149414062,917.4299960284402,896.3717958456751,913.2881881614712,1733336
2025-01-16,916.03271484375,930.6537335216378,909.6953116407216,917.1804623124774,1399598
2025-01-17,922.8193359375,929.0569617389639,910.7931446608261,913.188417334314,1374068
2025-01-20,931.951171875,938.0391311294707,908.8470427447068,925.9630511806895,1226037
2025-01-21,917.0806884765625,938.138888088135,913.6873957922209,938.138888088135,813070
2025-01-22,895.0244140625,925.9131483598741,875.6129109223757,923.1685930831404,1613414
2025-01-23,891.23193359375,904.2061946651036,887.4893582847056,894.2259938409854,1097278
2025-01-24,881.0521240234375,906.2022424958318,879.2557000427619,897.2200616781419,2053984
2025-01-27,840.981689453125,874.8644242376255,836.5404876783332,874.8644242376255,2260090
2025-01-28,839.4346923828125,857.0497717367815,823.9154918139932,848.2672069283386,855671
2025-01-29,847.319091796875,854.1555053331616,835.0434563600659,844.325031401833,551268
2025-01-30,838.3867797851562,862.4889897660564,819.673902754741,847.3190719372038,1970355
2025-01-31,789.9827880859375,795.2223935453667,721.9178059348707,783.4956575171203,22676494
2025-02-01,774.8128662109375,806.2006099692954,753.704778027514,790.4817936795004,4262499
2025-02-03,806.100830078125,811.6897181554034,748.914291728118,767.477440833796,7785004
2025-02-04,800.0128784179688,825.4623906696955,797.4180505541058,811.8893418344994,2771274
2025-02-05,817.228759765625,822.368587805133,802.6078013975327,808.5959221825216,1895088
2025-02-06,807.74755859375,824.4643955796909,804.603831768863,820.7717698724565,1073064
2025-02-07,842.8778686523438,847.0196764595066,808.3463973376497,808.3463973376497,6993440
2025-02-10,838.9356689453125,841.4806689234234,816.6798329711014,839.3349013497294,1744941
2025-02-11,832.8477783203125,849.3151100666098,826.0113649610597,833.3467883732305,2851850
2025-02-12,827.7079467773438,833.3467847162989,799.7633839365577,823.3665837017325,4696962
2025-02-13,838.8358764648438,852.3091475323934,823.4663428813219,823.4663428813219,1584072
2025-02-14,831.650146484375,856.3012554140045,812.8374917538837,842.3289738571326,3127767
2025-02-17,835.9915771484375,840.2830514778002,811.7396395223169,823.3665982758162,3000527
2025-02-18,845.2731323242188,847.9178490295124,823.6659728843331,833.4465576403516,1253438
2025-02-19,858.3970947265625,860.2933573509506,836.3907629075827,838.3369143559148,1378738
2025-02-20,877.55908203125,880.7527586079319,850.4129225009245,850.4129225009245,1283212
2025-02-21,878.6069946289062,885.3436304876144,861.5408748192378,871.0719548512881,4152422
2025-02-24,860.5428466796875,885.6430770111934,853.4069784708076,866.3812400038155,1686346
2025-02-25,855.1036376953125,870.6228385792161,852.3091935060245,853.4569410245981,1648058
2025-02-27,860.2933349609375,870.8224349402998,845.7721545409212,851.311153969466,1967080
2025-02-28,854.4549560546875,864.4850461476806,840.7321793091135,848.3171079082141,7714704
2025-03-03,852.658447265625,874.814505647605,844.5745088289693,850.3131243985606,2828636
2025-03-04,865.5828247070312,870.2735313824368,840.881827113321,852.3091694961021,1266558
2025-03-05,889.8846435546875,894.2260066094436,859.2953032262623,859.2953032262623,2371535
2025-03-06,912.7891845703125,918.1785176264544,892.2798831257584,900.2141553250673,3101315
2025-03-07,907.150390625,923.2184900206679,903.457704037345,910.1943397758174,2083657
2025-03-10,903.507568359375,931.9511407060598,898.8168617895155,907.2002548468946,3073227
2025-03-11,903.0584716796875,907.6992895544046,890.7329476935745,890.7329476935745,2786479
2025-03-12,901.2620239257812,913.6374973228411,879.8045921375792,906.6513567406357,1325797
2025-03-13,887.9384765625,907.4996457472316,883.9463962460803,903.9566866492715,1009777
2025-03-17,895.4735717773438,903.9567429783551,887.9385318934261,890.2339660355426,1163494
2025-03-18,895.4735717773438,895.4735717773438,895.4735717773438,895.4735717773438,0
2025-03-19,923.1685791015625,941.8814557049726,918.4778725167787,935.1947089491583,2402675
2025-03-20,924.3662109375,929.9550990237577,913.2881514930197,929.9550990237577,1311300
2025-03-21,912.4898071289062,927.0109880675418,909.9448679399603,924.3662712297413,2350523
2025-03-24,920.9230346679688,927.1606602075784,914.1863990851904,919.176499516878,985738
2025-03-25,907.0006713867188,923.6676195462672,902.1104093553214,923.6676195462672,1553849
2025-03-26,898.068359375,914.5356909655118,894.2758951915629,907.6992776709334,1507434
2025-03-27,914.236328125,917.1804996920757,891.4315925147041,896.2220769570011,1246440
2025-03-28,910.4937133789062,923.6177018914437,903.5075727684356,923.6177018914437,1550743
2025-04-01,899.7151489257812,912.789188288206,891.5313716611752,905.2042596513406,1697338
2025-04-02,907.7492065429688,909.894974210614,894.7250558932529,901.2121868060317,1761044
2025-04-03,903.4078369140625,914.1864421716513,896.5214736280479,898.2181200376486,1949930
2025-04-04,848.4168701171875,907.0006626860601,843.3269919280806,896.222057693984,2878135
2025-04-07,789.4838256835938,806.1008855091222,773.5653921443436,773.5653921443436,5300335
2025-04-08,800.2623901367188,821.1210345225237,776.1602413510991,816.9792267556822,2090766
2025-04-09,785.342041015625,791.6794442845763,768.4754769607611,788.6853839847291,1877934
2025-04-11,804.054931640625,815.1828193967783,796.2204371734517,808.3962947839242,1804073
2025-04-15,843.4767456054688,849.265250234048,820.1729387901246,823.36661542068,1818808
2025-04-16,852.5586547851562,858.2972702548836,836.8897273197339,843.4766964074862,1404916
2025-04-17,879.954345703125,894.1761323115675,846.6703383902171,850.2632473451486,2842300
2025-04-21,904.60546875,912.1405085365781,877.3095816895955,886.2418740216632,2090565
2025-04-22,912.9389038085938,921.9709737022195,905.3040255329084,915.184449076229,1941122
2025-04-23,917.2303466796875,920.1745181124759,890.8826529916483,919.1764980277552,1241468
2025-04-24,906.2022705078125,924.166632698496,901.8109576065864,915.1844516031542,1578364
2025-04-25,890.0343017578125,917.1804603178742,874.3154853813093,910.194319706095,1253219
2025-04-28,905.7032470703125,910.9927414543619,887.2897639139543,893.2279957332559,631588
2025-04-29,893.6771240234375,914.6854352581237,891.1820737363178,909.1963246264601,519692
2025-04-30,893.876708984375,906.0026164073356,886.6410634046449,893.7768704277918,1048167
2025-05-02,897.7689819335938,902.9586987125385,841.879855514249,885.2438416778355,3188976
2025-05-05,902.0604248046875,907.0505252039263,890.78281008527,893.3277491060195,1299773
2025-05-06,871.7705688476562,909.1963230912592,869.2755185647494,909.1963230912592,1841702
2025-05-07,876.8604736328125,884.1959582354527,856.9999093275765,860.2933636179607,1186064
2025-05-08,849.46484375,880.5531337288397,837.4386526540065,876.8604471269888,1586003
2025-05-09,853.656494140625,856.60066570806,831.9495563052205,831.9495563052205,687868
2025-05-12,902.9586791992188,904.6054367184985,865.1836430424895,873.2675814305791,1674583
2025-05-13,907.89892578125,913.6375415372033,894.2260377972461,896.5713607404751,2468436
2025-05-14,941.3325805664062,948.1191051360967,906.850997925635,908.2980783546552,6979336
2025-05-15,966.3828735351562,969.7262774979298,932.7995329233488,938.1389162190828,2553377
2025-05-16,979.656494140625,983.8481906936246,962.4406476204186,964.4866375325305,2805260
2025-05-19,971.1234741210938,977.7104435195937,953.3587280117719,968.9777673928174,3177664
2025-05-20,955.7040405273438,980.9539982414542,954.3068489108837,971.1234635316329,2683257
2025-05-21,966.5824584960938,970.0256399941978,949.2168845404545,949.2168845404545,2277923
2025-05-22,958.0494384765625,974.067649422002,955.6042769688185,959.1971250804688,1299974
2025-05-23,951.5123901367188,962.7401162904042,948.7678348547067,951.1630465522386,1124070
2025-05-26,952.9096069335938,967.8799088677652,950.1151627554113,950.1151627554113,1381677
2025-05-27,945.6240844726562,962.0914168143964,944.6759531549657,962.0914168143964,1604889
2025-05-28,943.2787475585938,949.2668683216019,938.6379296015366,941.7317676300318,833626
2025-05-29,969.4268188476562,975.0656568893539,946.7718108632544,948.1191136590443,2490067
2025-05-30,947.0213012695312,975.0656418326678,943.1788873196581,964.2870368898468,2013497
2025-06-02,941.7816772460938,947.1210603332488,928.9570826097488,933.1487791481429,1587165
2025-06-03,944.5262451171875,952.061284674259,932.1507715362067,933.1487916342111,1294383
2025-06-04,949.8157348632812,954.3567141043926,933.0988983024985,933.148787124295,867911
2025-06-05,947.9693603515625,958.7480260803769,943.1289872693969,943.1289872693969,1053306
2025-06-06,960.8438720703125,965.4846900014777,939.1369344255145,939.1369344255145,1192159
2025-06-09,972.6204833984375,977.1115738813434,958.5484242510579,961.1931409868479,1856046
2025-06-10,971.772216796875,982.2514282053654,968.1793077653751,972.6205095451697,1114437
2025-06-11,953.1591186523438,976.063692955167,948.6680280405868,973.069632547329,2083579
2025-06-12,937.2406616210938,959.3468314394952,934.6458336989203,953.1590945701047,1432499
2025-06-13,918.927001953125,932.0010408245283,912.9887702083606,923.1685873544834,715534
2025-06-16,920.7733154296875,927.7594560958136,906.4018626079586,921.5717802372661,1016126
2025-06-17,889.2359008789062,924.6656141013542,885.6430529178476,920.773311381614,3176704
2025-06-18,892.1301879882812,899.2161063026325,886.8406327491687,893.2279857279201,1661670
2025-06-19,885.6929321289062,896.471536809436,880.9024479280388,892.1800626485403,1412283
2025-06-20,897.2699584960938,902.0105539698995,883.0481720746766,886.3416262209844,1641610
2025-06-23,908.8969116210938,912.9388808181861,890.233923683872,893.3277616089767,661419
2025-06-24,922.3701782226562,934.6458131316457,915.284199043813,928.1586825546508,1171729
2025-06-25,918.0787353515625,933.9472187558763,912.7891799691437,928.6078354644933,1976461
2025-06-26,953.0093994140625,956.7020249811563,919.1764943130371,922.6695645954428,2568931
2025-06-27,937.4901733398438,968.5785243767019,936.1428705464672,957.9495857558379,3131858
2025-06-30,939.8355712890625,947.3207222854483,929.2066325084688,942.1310054117579,1246303
2025-07-01,949.3666381835938,953.109213629784,933.6478213095947,939.8355582301588,1166914
2025-07-02,966.7821044921875,977.9599420429295,948.6181260865213,952.1111965139835,2004442
2025-07-03,954.6062622070312,983.2494523567963,952.1112118614823,970.1753519975307,1506490
2025-07-04,951.1131591796875,962.5903903765043,940.7836754682776,959.5464412419502,652147
2025-07-07,951.6121826171875,958.8977172965224,940.1349512589309,949.1171323219144,773510
2025-07-08,949.2169189453125,955.4545447424883,943.1290205329946,948.6680200580239,574607
2025-07-09,942.9293823242188,950.1650280801209,924.9151316251457,945.1250387364586,1039879
2025-07-10,942.6798706054688,951.0133749654825,938.3883963704711,939.1369114433537,1128883
2025-07-11,936.5421142578125,945.0252853619074,926.1626805411939,942.1310026194903,1676679
2025-07-14,931.20263671875,947.0212917605485,925.3642435333529,936.5420807713551,1815311
2025-07-15,941.9812622070312,944.127029822353,930.5040308719815,935.8434750416582,1106472
2025-07-16,929.6058349609375,943.8276213956227,927.8592997847481,941.1329549409251,1500910
2025-07-17,948.5682373046875,951.1131764333725,928.0089862392811,933.6478242952991,1652952
2025-07-18,955.2550048828125,960.9936207089352,946.4723788870334,950.0153991285267,1480756
2025-07-21,958.149169921875,970.7242595349063,955.7040085320374,956.0533521101923,1346529
2025-07-22,963.0894165039062,971.5226987069328,958.0993159002592,961.2929924694561,1858427
2025-07-23,975.4649047851562,979.057752907163,961.6422893601512,967.5306325252169,1618809
2025-07-24,998.46923828125,1004.3575204232314,976.2632906769828,978.0597147048023,3629756
2025-07-25,998.1698608398438,1001.1139715020814,988.3892148005417,999.9662848971981,2197185
2025-07-28,975.7642822265625,999.41737122239,970.0755553671638,998.4692399267713,1295974
2025-07-29,982.4010620117188,987.041879846896,971.0735582315771,973.0695984334919,499540
2025-07-30,980.904052734375,991.4831025782385,978.7583460202426,987.4411332662085,964425
2025-07-31,963.0894165039062,977.3610920474745,956.45255833533,969.2771534352916,2114119
2025-08-01,943.6279907226562,969.0775028997348,939.6857992025602,966.1832202864208,1363054
2025-08-04,978.2593383789062,989.0379435424189,946.2228558285905,946.2228558285905,2939641
2025-08-05,997.8204956054688,1001.2137883513506,976.0636693508584,981.0537699099118,1411354
2025-08-06,983.9480590820312,999.71676476966,981.1535540191006,996.5230882079635,1098509
2025-08-07,997.5211181640625,1001.2138048213696,978.6086245512756,983.8981190480221,2528535
2025-08-08,972.17138671875,998.2696375497865,969.3270537068034,997.521122450399,923189
2025-08-11,989.0379028320312,991.0339429991998,970.4248039074595,973.1194703159995,585167
2025-08-12,996.5230712890625,1002.0121818469893,977.76030556483,979.2573357169919,1211533
2025-08-13,994.3773193359375,1019.7270546767444,986.0438757236344,1005.0062579490889,3231630
2025-08-14,973.4688720703125,997.4712443320827,966.2831148562078,997.0720119090654,1846204
2025-08-18,990.8842163085938,997.5709630561113,978.0596825913603,988.0398834341293,1909764
2025-08-19,1003.2597045898438,1007.1020576055371,988.5887969506562,993.0299985743791,1121842
2025-08-20,1014.2379150390625,1019.9765305485085,995.6248160209602,1001.2137650657037,1564199
2025-08-21,1008.1500244140625,1017.3317605664859,1004.2078328517108,1014.237922634384,3047183
2025-08-22,997.25,1010.75,993.7999877929688,1010.0,1818098
2025-08-25,996.2000122070312,1004.4000244140625,992.0999755859375,1003.0999755859375,1542533
2025-08-26,977.1500244140625,999.4500122070312,970.9000244140625,994.9500122070312,6927411
2025-08-28,964.7000122070312,982.0,960.75,980.0,673705
2025-08-29,945.7999877929688,974.4000244140625,943.5499877929688,970.4000244140625,968556
2025-09-01,962.8499755859375,965.0,943.2999877929688,944.9500122070312,1593811
2025-09-02,975.1500244140625,982.0,956.0999755859375,964.4500122070312,1277690
2025-09-03,1028.3499755859375,1030.0,973.0,973.0,4521491
2025-09-04,1031.8499755859375,1037.4000244140625,1020.2000122070312,1028.0,1350756
2025-09-05,1034.8499755859375,1039.0,1027.199951171875,1031.8499755859375,793972
2025-09-08,1041.550048828125,1057.1500244140625,1036.1500244140625,1036.949951171875,1823229
2025-09-09,1034.0999755859375,1044.449951171875,1023.2000122070312,1043.0,766328
2025-09-10,1039.5999755859375,1042.050048828125,1030.050048828125,1036.0,722139
2025-09-11,1040.4000244140625,1044.699951171875,1032.5999755859375,1037.0,882337
2025-09-12,1035.949951171875,1046.300048828125,1027.199951171875,1041.949951171875,578783
2025-09-15,1046.300048828125,1049.949951171875,1033.199951171875,1034.9000244140625,618202
2025-09-16,1053.3499755859375,1056.0,1038.449951171875,1046.300048828125,1224328
2025-09-17,1033.6500244140625,1059.4000244140625,1029.3499755859375,1056.949951171875,634304
2025-09-18,1047.6500244140625,1052.550048828125,1030.300048828125,1039.949951171875,702731
2025-09-19,1046.0,1049.949951171875,1036.0,1048.0,943974
2025-09-22,1032.449951171875,1051.5999755859375,1029.5999755859375,1045.5,685776
2025-09-23,1062.699951171875,1069.699951171875,1028.050048828125,1035.0,1889834
2025-09-24,1052.6500244140625,1065.75,1046.050048828125,1062.699951171875,729744
2025-09-25,1051.699951171875,1059.300048828125,1045.0,1048.0,1534438
2025-09-26,1029.5,1061.949951171875,1027.8499755859375,1048.0,858507
2025-09-29,1043.3499755859375,1052.0,1035.0999755859375,1035.0999755859375,1278211
2025-09-30,1063.75,1069.0,1043.199951171875,1043.3499755859375,1992711
2025-10-01,1065.0,1070.4000244140625,1055.0,1063.800048828125,1125486
2025-10-03,1076.5,1087.5999755859375,1049.300048828125,1063.0,2035582
2025-10-06,1055.9000244140625,1078.9000244140625,1043.699951171875,1077.0,2301398
2025-10-07,1033.699951171875,1059.300048828125,1029.9000244140625,1058.0,1938416
2025-10-08,1019.2000122070312,1040.0,1016.0,1031.0999755859375,1436225
2025-10-09,1040.300048828125,1044.4000244140625,1020.2999877929688,1023.9000244140625,2732150
2025-10-10,1015.2000122070312,1039.800048828125,1010.2000122070312,1037.199951171875,2426076
2025-10-13,1007.5999755859375,1016.0999755859375,1002.2999877929688,1015.2000122070312,1642367
2025-10-14,996.0,1018.4000244140625,986.2000122070312,1017.2999877929688,1404907
2025-10-15,1001.4000244140625,1004.4000244140625,993.9000244140625,996.0,1643008
2025-10-16,1022.7999877929688,1025.800048828125,994.0,1005.7000122070312,1248871
2025-10-17,1007.5999755859375,1027.0999755859375,1004.7999877929688,1022.7999877929688,1530004
2025-10-20,1005.5999755859375,1013.5999755859375,998.5999755859375,1011.5,898357
2025-10-21,1009.7999877929688,1012.7999877929688,1003.0,1010.0,109029
2025-10-23,1009.0999755859375,1022.9000244140625,1005.7999877929688,1012.0,1065307
2025-10-24,1008.2000122070312,1027.9000244140625,1003.4000244140625,1010.9000244140625,1691676
2025-10-27,1034.300048828125,1036.300048828125,1011.2000122070312,1011.2000122070312,999054
2025-10-28,1073.5,1077.699951171875,1027.0999755859375,1034.300048828125,4445977
2025-10-29,1070.5999755859375,1097.699951171875,1058.199951171875,1063.0,3983488
2025-10-30,1070.199951171875,1074.0,1058.0999755859375,1072.9000244140625,1514350
2025-10-31,1066.800048828125,1074.199951171875,1056.5,1065.699951171875,1018215
2025-11-03,1077.0,1087.5999755859375,1063.0,1066.0,1193076
2025-11-04,1080.699951171875,1085.199951171875,1066.4000244140625,1073.0,2806142
2025-11-06,1045.5,1081.0999755859375,1042.300048828125,1080.699951171875,1497966
2025-11-07,1069.9000244140625,1075.0999755859375,1002.0999755859375,1035.0,1892592
2025-11-10,1071.4000244140625,1082.0,1069.0999755859375,1069.9000244140625,990878
2025-11-11,1080.199951171875,1089.800048828125,1057.0,1076.5999755859375,670521
2025-11-12,1079.9000244140625,1084.5,1072.5,1080.300048828125,702572
2025-11-13,1087.800048828125,1098.0,1075.9000244140625,1087.5,1863602
2025-11-14,1076.199951171875,1096.0,1068.800048828125,1082.5999755859375,1403097
2025-11-17,1080.0,1082.800048828125,1071.800048828125,1080.5999755859375,723524
2025-11-18,1066.300048828125,1078.300048828125,1057.199951171875,1078.0999755859375,1437183
2025-11-19,1071.0,1076.0,1059.300048828125,1066.0,933058
2025-11-20,1069.4000244140625,1078.0,1062.199951171875,1075.9000244140625,834957
2025-11-21,1038.5999755859375,1065.0,1035.5,1065.0,1316935
2025-11-24,1021.2999877929688,1046.699951171875,1014.7000122070312,1040.4000244140625,3883924
2025-11-25,1022.5999755859375,1029.9000244140625,1014.7000122070312,1022.9000244140625,1833665
2025-11-26,1042.4000244140625,1048.300048828125,1023.7999877929688,1029.0,1580115
2025-11-27,1041.0999755859375,1053.0999755859375,1034.199951171875,1047.9000244140625,893056
2025-11-28,1044.4000244140625,1054.9000244140625,1037.300048828125,1046.699951171875,1205893
2025-12-01,1048.0,1055.0,1039.0,1053.5,803834
2025-12-02,1028.800048828125,1052.0,1024.5999755859375,1046.0,1634860
2025-12-03,1017.9000244140625,1033.800048828125,1013.0,1033.800048828125,1634772
2025-12-04,1005.7999877929688,1028.300048828125,1003.0,1020.0999755859375,645481
2025-12-05,1006.7999877929688,1010.9000244140625,989.0,1009.0,1273166
2025-12-08,997.5,1011.0999755859375,991.0,1007.0,1118377
2025-12-09,1002.7999877929688,1009.7000122070312,977.0999755859375,996.0,1274066
2025-12-10,1008.9000244140625,1013.5,1001.0999755859375,1004.2000122070312,658048
2025-12-11,1012.9000244140625,1015.2999877929688,1002.5999755859375,1009.0,576973
2025-12-12,1029.5,1032.5,1017.9000244140625,1019.0,846932
2025-12-15,1034.0,1036.5,1023.2000122070312,1032.0,396392
2025-12-16,1011.2000122070312,1032.0,1005.0999755859375,1032.0,1561272
2025-12-17,1001.5,1012.4000244140625,998.0,1008.0,647160
2025-12-18,986.0,1003.5,979.0999755859375,1001.5,2600965
2025-12-19,992.5999755859375,1002.5,981.5999755859375,986.5999755859375,1137039
2025-12-22,1002.0999755859375,1016.2000122070312,995.0999755859375,998.0,1205035
2025-12-23,1012.5999755859375,1017.0,998.5999755859375,1008.0,682890
2025-12-24,999.0,1014.7999877929688,997.0,1014.7999877929688,617162
2025-12-26,986.5,999.0,985.4000244140625,997.9000244140625,780164
2025-12-29,990.5,1010.5999755859375,988.5,991.2000122070312,2221198
2025-12-30,1021.2999877929688,1025.5,986.4000244140625,992.0,2097101
2025-12-31,1053.800048828125,1065.0,1042.4000244140625,1042.4000244140625,4643020
2026-01-01,1068.4000244140625,1070.0,1046.5999755859375,1053.800048828125,1361672
2026-01-02,1080.300048828125,1082.699951171875,1065.0,1068.800048828125,1931379
2026-01-05,1081.5999755859375,1087.5,1074.4000244140625,1084.0,900540
2026-01-06,1079.800048828125,1090.5999755859375,1072.300048828125,1080.0999755859375,1100849
2026-01-07,1074.699951171875,1087.0,1067.5999755859375,1080.0,553494
2026-01-08,1013.5999755859375,1078.0,1010.0,1075.300048828125,3223347
2026-01-09,1010.2999877929688,1021.2000122070312,1003.7000122070312,1014.9000244140625,994369
2026-01-12,1023.4000244140625,1029.5999755859375,997.0999755859375,1010.9000244140625,1469718
2026-01-13,1010.7999877929688,1031.800048828125,1002.7000122070312,1028.0,977080
2026-01-14,1040.699951171875,1046.0,1006.0,1012.0,1727062
2026-01-15,1040.699951171875,1040.699951171875,1040.699951171875,1040.699951171875,0
2026-01-16,1042.9000244140625,1054.0,1035.5,1045.9000244140625,1500141
2026-01-19,1055.5999755859375,1062.9000244140625,1034.0999755859375,1035.0,1407699
2026-01-20,1039.800048828125,1063.800048828125,1034.0,1053.5,1518491
2026-01-21,1041.4000244140625,1055.5999755859375,1030.4000244140625,1050.4000244140625,1655357
2026-01-22,1076.0,1079.0,1044.0,1045.9000244140625,2032310
2026-01-23,1063.5999755859375,1104.0,1057.0999755859375,1081.0,2761031
2026-01-27,1080.699951171875,1086.5,1059.4000244140625,1067.0,1951032
2026-01-28,1119.4000244140625,1122.0,1078.4000244140625,1090.0,2783493
2026-01-29,1159.5999755859375,1168.0,1125.0,1125.0,4011001
2026-01-30,1132.0,1164.699951171875,1103.0,1141.800048828125,3291975
2026-02-02,1125.0999755859375,1133.0,1082.699951171875,1100.0,1460280
2026-02-03,1149.699951171875,1170.5999755859375,1135.0,1165.0,1360519
2026-02-04,1167.300048828125,1180.5,1154.9000244140625,1155.0,2332435
2026-02-05,1178.0,1185.0,1150.199951171875,1159.0999755859375,1090941
2026-02-06,1189.9000244140625,1191.699951171875,1162.9000244140625,1171.5,988037
2026-02-09,1191.0999755859375,1204.9000244140625,1178.9000244140625,1196.300048828125,1017423
2026-02-10,1191.4000244140625,1203.699951171875,1185.4000244140625,1195.0,677182
2026-02-11,1190.5,1202.0,1187.9000244140625,1198.800048828125,670060
2026-02-12,1203.4000244140625,1207.0,1185.0,1185.0,627605
2026-02-13,1184.699951171875,1193.4000244140625,1167.300048828125,1193.4000244140625,1302484
2026-02-16,1210.9000244140625,1214.0,1165.0,1168.0,939983
2026-02-17,1211.0,1215.4000244140625,1190.4000244140625,1210.0,1950738
2026-02-18,1221.800048828125,1229.300048828125,1211.5,1214.0,918546
2026-02-19,1211.0999755859375,1232.800048828125,1200.0,1228.0,966087
2026-02-20,1217.0999755859375,1230.0,1203.0,1209.800048828125,662336
2026-02-23,1216.5999755859375,1230.0,1207.0,1220.800048828125,562390
2026-02-24,1233.300048828125,1240.0,1211.0999755859375,1216.5999755859375,1023225
2026-02-25,1266.5,1269.9000244140625,1237.699951171875,1241.9000244140625,1271115
2026-02-26,1261.0,1272.0999755859375,1257.800048828125,1272.0,942928
2026-02-27,1244.199951171875,1267.0,1239.0999755859375,1253.199951171875,1618136
2026-03-02,1237.800048828125,1256.5999755859375,1215.0,1215.0,1589722
2026-03-04,1168.4000244140625,1227.0,1161.0,1225.0999755859375,2894114
2026-03-05,1184.0,1193.300048828125,1169.4000244140625,1172.300048828125,788753
2026-03-06,1180.4000244140625,1195.800048828125,1176.5999755859375,1184.0,797237
2026-03-09,1144.0999755859375,1167.0999755859375,1132.0,1157.0,2194187
2026-03-10,1187.199951171875,1190.9000244140625,1150.5,1154.9000244140625,1189789
2026-03-11,1187.0,1205.0999755859375,1183.199951171875,1187.0,1055730
2026-03-12,1225.0,1232.0999755859375,1162.199951171875,1177.5999755859375,1959835
2026-03-13,1143.300048828125,1222.4000244140625,1136.0999755859375,1216.300048828125,1866333
2026-03-16,1133.0,1156.199951171875,1124.199951171875,1137.0,1403667
2026-03-17,1157.300048828125,1160.699951171875,1128.0,1135.9000244140625,809027
2026-03-18,1179.199951171875,1184.4000244140625,1140.199951171875,1157.300048828125,1013722
2026-03-19,1138.0999755859375,1162.699951171875,1130.699951171875,1161.199951171875,542455
2026-03-20,1186.5,1196.0,1144.0999755859375,1144.0999755859375,1998983
2026-03-23,1106.199951171875,1169.800048828125,1101.5999755859375,1162.0,1880244
2026-03-24,1120.5999755859375,1138.5,1111.0,1129.4000244140625,1222265
2026-03-25,1143.0,1154.0,1130.5,1132.199951171875,1230757
2026-03-27,1131.4000244140625,1154.699951171875,1122.4000244140625,1135.9000244140625,1840045
2026-03-30,1113.0999755859375,1133.800048828125,1106.9000244140625,1117.0,1729076
2026-04-01,1137.4000244140625,1158.300048828125,1126.4000244140625,1131.0,1544180
2026-04-02,1137.9000244140625,1146.300048828125,1093.800048828125,1131.0,1485498
2026-04-06,1134.0,1156.4000244140625,1101.300048828125,1131.0,4716546
2026-04-07,1168.199951171875,1173.9000244140625,1124.0999755859375,1124.0999755859375,1729304
2026-04-08,1213.0999755859375,1223.0999755859375,1188.9000244140625,1190.0,1573122
2026-04-09,1199.5999755859375,1229.699951171875,1194.800048828125,1213.300048828125,1807078
2026-04-10,1219.199951171875,1223.0999755859375,1196.5,1207.0,1632332
2026-04-13,1218.5,1230.300048828125,1185.5,1205.0,1075242
2026-04-15,1221.300048828125,1249.5,1211.0,1234.0,1190536
2026-04-16,1228.300048828125,1242.0,1219.5,1226.0,1381465
2026-04-17,1270.0,1284.0,1207.9000244140625,1228.300048828125,2860655
2026-04-20,1287.699951171875,1297.5,1250.0,1274.9000244140625,1852542
2026-04-21,1288.800048828125,1306.199951171875,1277.300048828125,1290.0,1197265
2026-04-22,1278.5999755859375,1298.4000244140625,1272.300048828125,1289.0,1550115
2026-04-23,1254.5,1279.9000244140625,1251.699951171875,1278.5999755859375,843109
2026-04-24,1256.0,1273.0999755859375,1237.300048828125,1252.199951171875,1161639
2026-04-27,1278.199951171875,1293.5999755859375,1257.5999755859375,1257.9000244140625,1150764
2026-04-28,1265.5,1290.5,1262.5,1283.5,858544
2026-04-29,1228.0999755859375,1270.9000244140625,1224.5,1270.9000244140625,1069141
2026-04-30,1223.0999755859375,1234.4000244140625,1201.0999755859375,1224.0,878441
2026-05-01,1223.0999755859375,1223.0999755859375,1223.0999755859375,1223.0999755859375,0
2026-05-04,1261.4000244140625,1278.9000244140625,1234.0999755859375,1245.0,4141121
2026-05-05,1261.199951171875,1283.300048828125,1254.699951171875,1263.0999755859375,2181399
2026-05-06,1264.300048828125,1283.5999755859375,1250.0,1272.0,1985427
2026-05-07,1258.199951171875,1284.4000244140625,1254.199951171875,1273.0,992992
2026-05-08,1248.4000244140625,1260.0,1239.199951171875,1258.199951171875,995187
2026-05-11,1232.0,1256.0,1230.199951171875,1250.0,699510
2026-05-12,1214.300048828125,1242.800048828125,1211.0999755859375,1233.0999755859375,1177173
2026-05-13,1242.9000244140625,1258.0,1216.0999755859375,1219.0,1024817
2026-05-14,1252.800048828125,1258.4000244140625,1237.199951171875,1253.0999755859375,1111090
2026-05-15,1232.0,1259.0,1225.699951171875,1255.0,1171259
2026-05-18,1231.800048828125,1246.300048828125,1200.699951171875,1229.199951171875,923644
2026-05-19,1226.300048828125,1237.699951171875,1221.199951171875,1237.0,634511
2026-05-20,1223.0999755859375,1244.0,1200.9000244140625,1215.0,1117681
2026-05-21,1196.800048828125,1243.0,1194.0,1243.0,963285
2026-05-22,1209.9000244140625,1212.4000244140625,1192.300048828125,1198.5999755859375,805924
2026-05-25,1212.300048828125,1224.4000244140625,1209.0999755859375,1224.4000244140625,323348
2026-05-26,1222.9000244140625,1226.300048828125,1205.0,1212.300048828125,477830
2026-05-27,1220.5999755859375,1254.9000244140625,1211.0,1225.0,1184467
2026-05-28,1220.5999755859375,1220.5999755859375,1220.5999755859375,1220.5999755859375,0
2026-05-29,1207.199951171875,1230.5,1191.699951171875,1227.0,4256869
2026-06-01,1209.800048828125,1222.9000244140625,1203.0999755859375,1219.0,451079
2026-06-02,1203.4000244140625,1217.5,1196.699951171875,1199.699951171875,478492
2026-06-03,1211.300048828125,1218.9000244140625,1190.0,1213.199951171875,489001
2026-06-04,1197.199951171875,1213.5999755859375,1195.0,1210.800048828125,611274
2026-06-05,1181.300048828125,1204.699951171875,1165.4000244140625,1199.4000244140625,1034889
2026-06-08,1156.300048828125,1181.9000244140625,1150.0999755859375,1165.0,610979
2026-06-09,1149.9000244140625,1168.4000244140625,1143.5,1157.800048828125,745517
2026-06-10,1121.0999755859375,1147.5999755859375,1118.300048828125,1147.0,1344851
2026-06-11,1121.300048828125,1137.300048828125,1109.5,1119.0,914820
2026-06-12,1148.5,1150.9000244140625,1128.0999755859375,1140.0,448591
2026-06-15,1149.5,1168.4000244140625,1142.5999755859375,1156.5999755859375,2612316
2026-06-16,1139.800048828125,1152.9000244140625,1120.5999755859375,1149.5,810919
2026-06-17,1135.800048828125,1142.300048828125,1123.5999755859375,1139.800048828125,1869441
2026-06-18,1131.9000244140625,1147.800048828125,1126.4000244140625,1136.0,1279545
2026-06-19,1137.699951171875,1143.0,1122.0999755859375,1131.9000244140625,1345823
2026-06-22,1132.0,1150.0,1125.9000244140625,1146.5,2311665
2026-06-23,1082.5999755859375,1131.9000244140625,1076.199951171875,1131.0,2645410
2026-06-24,1089.699951171875,1096.5999755859375,1064.5,1076.0,1420573
2026-06-25,1059.5,1093.0,1056.300048828125,1089.699951171875,3101359
2026-06-26,1059.5,1059.5,1059.5,1059.5,0
2026-06-29,1068.0999755859375,1081.300048828125,1056.5999755859375,1059.5999755859375,1129001
2026-06-30,1060.0999755859375,1075.0,1054.4000244140625,1068.800048828125,1062138
2026-07-01,1028.800048828125,1049.300048828125,1024.199951171875,1045.5,3331254
2026-07-02,1043.800048828125,1049.9000244140625,1033.0,1034.0,816316
2026-07-03,1054.0,1073.800048828125,1051.0,1052.4000244140625,932823
2026-07-06,1059.5,1065.5,1045.9000244140625,1058.5,1284371
2026-07-07,1035.4000244140625,1053.9000244140625,1027.300048828125,1053.9000244140625,1217611
2026-07-08,1021.5,1048.0,1016.0,1029.199951171875,939813
2026-07-09,1029.800048828125,1037.699951171875,1022.5999755859375,1023.5999755859375,641235
2026-07-10,1051.300048828125,1063.5999755859375,1038.5,1044.4000244140625,1175870
2026-07-13,1028.800048828125,1044.300048828125,1010.0999755859375,1044.300048828125,1907483
2026-07-14,1040.0999755859375,1049.9000244140625,1025.0,1026.699951171875,2286094
2026-07-15,1042.199951171875,1050.5,1037.9000244140625,1045.699951171875,1751517
2026-07-16,1028.0,1044.199951171875,1023.0,1041.9000244140625,1097051
2026-07-17,1025.0,1035.800048828125,1018.4000244140625,1031.0,628804
2026-07-20,1033.300048828125,1044.0,1020.0,1025.0,1212343
2026-07-21,1044.699951171875,1050.5,1030.5,1035.0,638437
2026-07-22,1045.0,1051.0,1038.300048828125,1050.0,842226
2026-07-23,1041.9000244140625,1056.300048828125,1034.0999755859375,1042.0,1130348
2026-07-24,1035.800048828125,1042.699951171875,1021.0,1032.0,372876
2026-07-27,1065.699951171875,1068.199951171875,1036.0,1055.0,2617855
