Price,Close,High,Low,Open,Volume
Ticker,PFC.NS,PFC.NS,PFC.NS,PFC.NS,PFC.NS
Date,,,,,
2007-02-23,18.461214065551758,19.742668065309207,17.452585827279673,18.684435573191816,230284955
2007-02-26,19.064743041992188,19.46158191918455,17.320311818084363,18.519091359855356,50401627
2007-02-27,19.41197395324707,19.84188177005206,18.990333776406533,19.84188177005206,41868387
2007-02-28,18.362010955810547,19.147419561672127,17.030952196602925,18.51909299236114,25946085
2007-03-01,18.279329299926758,18.833248417406075,17.940364034577247,18.52735212636617,10986965
2007-03-02,18.023042678833008,18.750579255123185,17.8576946037788,18.419881528123625,10019855
2007-03-05,16.87386703491211,17.940368949966423,16.733320307584588,17.477390567657473,9611967
2007-03-06,17.37818145751953,17.80808926514152,16.86559882891008,17.11362329187248,5493452
2007-03-07,17.237640380859375,17.77502452795409,16.78292950493956,17.73368789236664,4594292
2007-03-08,18.188386917114258,18.353736519844297,17.072281040913204,17.32030544500826,5568585
2007-03-09,17.080549240112305,18.585224682224098,16.8655953802548,18.188387514898274,3550725
2007-03-12,17.014415740966797,17.427788330958112,16.81599708699792,17.1053582153701,4866525
2007-03-13,17.642738342285156,17.775017415505083,17.030947234420267,17.25416876181299,3616967
2007-03-14,17.039209365844727,17.328568759423792,16.865592152806858,17.229360275022522,1412267
2007-03-15,17.130157470703125,17.659275393595525,17.047484224308743,17.328576100453613,2749737
2007-03-16,17.014415740966797,17.312044510365755,16.931740907590278,17.196299112882112,1023200
2007-03-19,17.535263061523438,17.601404184272212,17.039217256036896,17.262437237749378,1336085
2007-03-20,17.551799774169922,17.874231466311077,17.444323594717062,17.841160902238634,2218610
2007-03-21,17.444324493408203,17.69234742916393,17.353382014415132,17.69234742916393,986445
2007-03-22,17.41951560974121,17.692341376493506,17.361643716322668,17.692341376493506,2013587
2007-03-23,18.386808395385742,18.717506076133684,17.320308177862266,17.526994425441092,5566742
2007-03-26,17.651004791259766,18.667900689402423,17.526993365589583,18.18838868709111,2431502
2007-03-28,17.18802833557129,17.526993640264276,17.072282969826492,17.22936495247888,2353230
2007-03-29,17.072280883789062,17.642735273377788,16.973072384576643,17.295502372353,3328130
2007-03-30,17.245901107788086,17.444319717447268,17.163226292874025,17.278970087619147,2019385
2007-04-02,16.782926559448242,17.08055532949551,16.700253302782926,16.741589931115584,3120157
2007-04-03,16.70852279663086,17.014419270513113,16.700256730780616,16.824268218125244,2577327
2007-04-04,16.89040184020996,17.378181552110895,16.79119173910678,16.98134430148029,3067530
2007-04-05,17.047481536865234,17.32030730687403,16.815992383537132,17.030946259436618,2908327
2007-04-09,17.551799774169922,17.692346517695224,17.11362583844909,17.11362583844909,4110855
2007-04-10,17.733678817749023,17.88249157584883,17.369910618537705,17.62620109719327,2731302
2007-04-11,18.287595748901367,18.59349044316524,17.70887375564294,17.775013276853283,5791822
2007-04-12,17.46085548400879,18.436413281220013,17.345110109136524,18.18012276702246,3925062
2007-04-13,17.849430084228516,18.006512123351197,17.477394090751485,17.675812761642096,2246627
2007-04-16,17.956899642944336,18.163585879254477,17.361643850051834,17.361643850051834,924200
2007-04-17,18.22972297668457,18.618294058252722,17.717142062164488,18.023036767983427,8213507
2007-04-18,18.494291305541992,19.23836168978548,17.874232389190524,18.618302773434014,9195652
2007-04-19,18.180116653442383,18.519081870878885,17.989965741590773,18.519081870878885,3970850
2007-04-20,19.15567970275879,19.246622147819824,18.353737704600338,18.502550464394602,6000707
2007-04-23,19.420244216918945,20.139513222089853,18.626569595797818,19.031674547439806,17144772
2007-04-24,20.41234016418457,20.66863074387908,19.51118773760013,19.585594934429405,14172192
2007-04-25,21.156404495239258,21.330020186846987,19.92455464499993,20.445403296714048,13672192
2007-04-26,20.924915313720703,21.635916511708462,20.70996142649438,21.371358366473274,9745517
2007-04-27,20.42887306213379,21.131606795002355,20.20565305736839,20.850513301854928,4723545
2007-04-30,20.569416046142578,20.734765686062772,20.06510264047894,20.420603262483638,2808760
2007-05-03,20.288320541381836,20.916645275812535,20.205645736254404,20.900111576299647,1898765
2007-05-04,20.098173141479492,20.734767253331846,20.00723225185141,20.33792997979706,3686820
2007-05-07,20.065105438232422,20.643826104864253,19.974162965906757,20.337931278318162,2467122
2007-05-08,19.924556732177734,20.280057368680467,19.84188190884599,20.238719168569045,3048465
2007-05-09,20.131237030029297,20.304852688320018,19.841876022654134,19.858411297793428,1561062
2007-05-10,21.92527961730957,22.429593037320092,20.213917576081553,20.304858461422846,26072205
2007-05-11,22.70241928100586,23.22326956770237,21.21427875851232,21.660721861395047,29477785
2007-05-14,23.024852752685547,23.26460802630423,22.421329171382375,23.115793646938247,8206460
2007-05-15,22.495731353759766,23.454757032664645,22.322115655568574,23.132325400909448,7791125
2007-05-16,24.124422073364258,24.620469444693033,22.586675695312397,22.718954784081255,21774250
2007-05-17,25.36453628540039,25.562954891738784,24.14095409120151,24.322837419455645,16720412
2007-05-18,24.69487762451172,25.3645407355048,24.364178312370317,25.298401188454758,7459292
2007-05-21,24.570865631103516,25.20745978388662,24.504726081261847,24.934633943678328,1980580
2007-05-22,24.223630905151367,24.637003456958666,24.058282830563133,24.637003456958666,4873990
2007-05-23,24.463380813598633,25.199183242816797,23.826786885657388,24.388973649195595,5966007
2007-05-24,24.41378402709961,24.678342213910263,24.198830106093162,24.314573918600026,4488550
2007-05-25,24.54605484008789,24.951159624094213,23.686239446114,23.686239446114,4304247
2007-05-28,24.885021209716797,25.18264829430692,24.736206878976375,24.78581113025961,3965715
2007-05-29,27.075897216796875,27.356990627030918,24.670069529180847,24.81888387305662,12475502
2007-05-30,26.373167037963867,27.580215642771023,25.62909680105343,26.579854879379546,19519230
2007-05-31,26.240890502929688,27.18338103296803,26.13341432877252,26.563322179183608,14042637
2007-06-01,26.29049301147461,26.90228576062466,26.13341258104929,26.6211923062231,5632057
2007-06-04,26.12513542175293,26.852670135946727,25.629088237266444,26.4971696274499,9571560
2007-06-05,26.10033416748047,26.298752738492677,25.82750843522735,26.12513708019098,4316752
2007-06-06,25.505088806152344,26.877484085109288,25.3232038595685,26.158216670373474,6905015
2007-06-07,24.653539657592773,25.943261625836435,24.35591090457839,25.133051772509724,6966772
2007-06-08,24.058279037475586,24.827152114917325,23.694510807708237,24.603930593681163,8645767
2007-06-11,24.066547393798828,25.050372805951625,23.851593505115016,25.050372805951625,8076585
2007-06-12,23.60357093811035,24.273235575075493,23.14886178382731,24.14095649103348,4438487
2007-06-13,23.173669815063477,23.801996391304744,23.115796323249686,23.801996391304744,2358480
2007-06-14,24.504716873168945,24.703135448134567,23.31420542337521,23.31420542337521,5021437
2007-06-15,23.909460067749023,25.083437765908887,23.74411047430487,24.818879677910708,5910847
2007-06-18,23.925994873046875,24.76100730746492,23.79371583164308,24.30629672286014,4834317
2007-06-19,24.463380813598633,24.546055615923198,23.975601214463463,23.975601214463463,2852660
2007-06-20,24.78581428527832,25.182651499839558,24.33937281311966,24.47165188464007,9505872
2007-06-21,24.769285202026367,25.116518245834744,24.388983170512645,24.94290251237621,4886827
2007-06-22,24.719669342041016,24.967693729554146,24.58739029945691,24.967693729554146,3218915
2007-06-25,23.859867095947266,24.810623765324486,23.48783112332989,24.810623765324486,6565635
2007-06-26,24.256704330444336,24.537797825016217,23.727587906257895,23.975610835872455,3473545
2007-06-27,23.529157638549805,24.339368788762815,23.289402452395116,24.25669398850957,9625382
2007-06-28,24.248424530029297,24.876750757127276,23.42167974335678,23.81024922541227,17936450
2007-06-29,24.455120086669922,24.76928253201643,24.066550455892976,24.430317165896064,5900122
2007-07-02,25.11650848388672,25.579486746947904,24.521252744524666,24.603927546992068,11152775
2007-07-03,25.67043685913086,25.835786523638653,25.265331915667158,25.397611016516883,14148425
2007-07-04,26.307025909423828,26.530247440098467,25.711770071182418,26.125142575295026,12849225
2007-07-05,26.94362449645996,27.158576847251656,25.21572701118178,26.621194393381188,11117827
2007-07-06,26.488910675048828,27.28258512168098,26.216083310016703,26.869212619837327,7750907
2007-07-09,26.869220733642578,27.282593360314003,26.290498425546012,27.282593360314003,5352762
2007-07-10,26.72040367126465,26.93535918181751,26.216088612408946,26.93535918181751,5571440
2007-07-11,27.894386291503906,28.051466754592862,26.20782521438759,26.290498478374857,12975002
2007-07-12,27.99358367919922,28.431757480459716,27.81169878639753,28.274677079992006,10602927
2007-07-13,28.960878372192383,29.481728641785306,27.91091177009076,28.44003125638157,15121380
2007-07-16,32.350528717041016,33.053260618290615,29.10142101808503,29.3990496857423,44530190
2007-07-17,31.50725555419922,34.17764178845039,31.26749872370497,33.896548334645935,28344770
2007-07-18,31.978504180908203,32.82178465261904,29.986048400442666,31.689144626107602,22276465
2007-07-19,31.945432662963867,32.821783673005264,31.763547717499186,32.20999086339476,12594680
2007-07-20,31.242692947387695,32.24305359694954,31.085609385802748,32.24305359694954,4597935
2007-07-23,31.647789001464844,32.036360055215454,30.75490628376304,31.242685827529176,5843932
2007-07-24,31.788345336914062,32.54068314789162,31.5816590904501,31.82141589325594,12700325
2007-07-25,31.102155685424805,31.961971509616674,30.19273716423374,31.449390333333504,6989275
2007-07-26,30.589567184448242,31.565126606416996,30.275403178954374,31.399776963852744,9547352
2007-07-27,28.671520233154297,30.754918257275595,27.82823985526361,30.754918257275595,14756457
2007-07-30,28.663251876831055,29.74628912242481,28.12586943959599,28.853406030291886,8407892
2007-07-31,30.771448135375977,30.911993263458882,28.936073331966792,29.41558691814032,13783157
2007-08-01,28.828603744506836,30.415956141139304,28.688058576742723,30.415956141139304,7482717
2007-08-02,29.275043487548828,29.969509488749768,28.71285657449177,28.919542846827976,5508397
2007-08-03,29.208913803100586,30.151402967608913,29.109702093522667,29.56441139084718,6143665
2007-08-06,28.886465072631836,29.035279403853608,28.026652791305594,28.936070900966243,4090042
2007-08-07,29.192363739013672,29.903361708334526,29.035280188599895,29.547864300564864,3417595
2007-08-08,31.184816360473633,31.64779145225265,29.44865030495848,29.721477615855072,13538215
2007-08-09,29.68841552734375,31.895826518322227,29.432123418643723,31.81315011852439,10707482
2007-08-10,29.093154907226562,29.432120225163413,27.282584524166094,27.282584524166094,9002230
2007-08-13,30.159652709960938,30.37460814392359,29.43211633573424,29.43211633573424,6755092
2007-08-14,30.399417877197266,30.96160480067596,30.010846668791682,30.597834936200165,9605807
2007-08-16,29.010488510131836,29.98604807543236,28.60538198401921,29.432127164525923,8345322
2007-08-17,28.878196716308594,29.589197763686137,27.414858011450875,28.853395381003253,7800267
2007-08-20,30.126588821411133,30.506893945511543,29.101426714137293,29.101426714137293,6667557
2007-08-21,28.86167335510254,30.48209310874351,28.654987065491728,30.35808322724652,5114110
2007-08-22,29.17583465576172,29.448658892434867,27.919181754602892,28.936077825443174,4581875
2007-08-23,28.406957626342773,30.060447563580126,28.158934766513525,29.76281887027232,4654102
2007-08-24,28.23334312438965,29.018748354504183,27.332190944635567,28.23334312438965,8815382
2007-08-27,29.109695434570312,29.208907121453183,28.547508490697,28.936079713198897,5031807
2007-08-28,29.3411865234375,29.762825158857037,28.803800918778496,29.26677933438906,4299342
2007-08-29,29.225435256958008,29.390784892062186,28.530969312546038,28.530969312546038,2224630
2007-08-30,28.81206512451172,29.771089302744603,28.522705604529385,29.630544151262395,5013542
2007-08-31,29.126230239868164,29.40732370721246,28.712857679290217,28.85340598985354,8709842
2007-09-03,31.2178955078125,31.41631573167685,29.22543982045482,29.51480251551606,16777352
2007-09-04,31.110416412353516,31.63953272780549,30.73838051749447,31.416311190890063,8207770
2007-09-05,31.606460571289062,32.27612514817006,31.168286736048202,31.250959973488488,11580075
2007-09-06,32.639888763427734,32.94578349795999,31.25095705827919,31.25095705827919,11735145
2007-09-07,32.1662483215332,33.23818040020127,31.941890223451058,32.9057973282633,7544242
2007-09-10,31.70922088623047,32.15793703868571,31.16079108984282,31.410076784593645,8135262
2007-09-11,32.41553497314453,32.72299043297645,31.833869335278717,31.99174955557944,8415600
2007-09-12,32.10807800292969,32.80607983646466,32.016672510348755,32.739605131758225,3399530
2007-09-13,33.19663619995117,33.65366058629079,31.916965382328105,32.25765663430929,8755750
2007-09-14,32.31583023071289,34.03590633679204,32.1247110155753,33.736762114892905,7154030
2007-09-17,32.04990768432617,32.639884487368725,31.850480423784056,32.523551390412635,3067282
2007-09-18,32.5401725769043,32.93072214004599,31.867098404863384,32.12469539733716,3288405
2007-09-19,33.2215576171875,33.570560124908255,32.7728414657635,33.07198556671283,4118957
2007-09-20,33.64534378051758,34.23532062148273,32.93903066527931,33.48746042178088,7149727
2007-09-21,34.318424224853516,34.75052099570861,33.65366118116884,33.65366118116884,6798350
2007-09-24,34.659095764160156,35.1493588242959,34.35995177223483,34.90007322097094,5773280
2007-09-25,34.035888671875,35.18260653738502,33.17169540598805,34.98317610301141,5343712
2007-09-26,33.72014617919922,34.63419516073164,33.51240748613813,34.351670411374926,2575655
2007-09-27,32.93072509765625,34.51784793935354,32.57341443755019,34.06913178435901,6861320
2007-09-28,33.54562759399414,33.90293823269564,32.82269816748062,33.23817535947404,4339725
2007-10-01,34.56770324707031,34.85022788191923,33.5456296718391,33.612107548198665,6063265
2007-10-03,34.55940628051758,35.71443281238314,31.29375403885302,34.86685863356998,9000892
2007-10-04,36.70326614379883,36.8611495593297,34.06914136921469,34.40152450416762,17645447
2007-10-05,34.56770324707031,39.0548584664733,34.11067894153695,37.39294959555954,10613977
2007-10-08,32.3075065612793,35.48175197831012,31.80893204095402,34.90008328951697,7958127
2007-10-09,34.10237503051758,34.551091242197025,30.761937404415068,32.32413282479535,11075035
2007-10-10,34.625877380371094,36.01357323953911,33.65366199968142,34.551094507862935,21923745
2007-10-11,35.12445068359375,35.59809454339266,33.90294642945963,34.56770946340194,4169922
2007-10-12,35.307254791259766,36.39580305555974,34.23532282594369,34.900085729684044,10820322
2007-10-15,35.95539855957031,36.26285081105613,35.23246909316434,35.5648489631967,5549832
2007-10-16,36.56200408935547,37.21014769295421,34.44307039541772,36.11328782386078,9009045
2007-10-17,36.59524154663086,36.97747990397773,30.74532036959946,35.06628494740311,8879717
2007-10-18,36.36256408691406,38.63938059635332,34.90008569993203,36.89437757929254,13231270
2007-10-19,33.013816833496094,36.95254195321349,32.57341203049371,36.39580087541558,6191807
2007-10-22,31.916954040527344,32.40721719670699,30.93642772816806,32.25764517144275,8328307
2007-10-23,35.26570129394531,35.73103686872668,32.706363557245965,33.055362860952535,10450112
2007-10-24,35.614715576171875,36.54538386447466,35.282332459715,35.73104871597968,6498672
2007-10-25,36.71987533569336,37.185210960361935,35.23246930635698,35.88061275120568,11172257
2007-10-26,38.76403045654297,39.204435347230856,36.063428208676456,36.56199966342351,7130797
2007-10-29,39.005008697509766,39.802727541294544,38.45657877544291,39.61991651065882,3694467
2007-10-30,39.63652801513672,40.716768169334806,38.39009633648361,39.354003374515095,4991272
2007-10-31,41.01591110229492,41.846865530883264,38.72247510428093,39.47033535794627,5662252
2007-11-01,39.935672760009766,42.204178070838076,39.64483679513041,41.580962221604814,2218337
2007-11-02,39.9190559387207,40.30129425751493,37.392953434807666,37.392953434807666,3625580
2007-11-05,40.70014953613281,41.69729553351065,39.38724312262646,39.38724312262646,3630217
2007-11-06,45.428287506103516,48.52775102490355,40.88296789497487,41.19873153779809,13697135
2007-11-07,47.11512756347656,48.17874846217477,43.38413992688628,46.20107558004752,12064477
2007-11-08,45.46984100341797,47.11513088579947,44.879860772843564,45.203935759993115,6359505
2007-11-12,43.33427810668945,44.02396868802117,40.633676002644414,42.87725059936381,10345912
2007-11-13,45.486446380615234,46.683019605195966,43.20962987332962,44.04058429397057,6024142
2007-11-14,47.921165466308594,49.30886173695446,45.719136979488596,47.0320440157693,7731782
2007-11-15,47.198219299316406,49.42517781736141,46.86583937070441,48.36155697405877,3587140
2007-11-16,45.228858947753906,48.14550818716944,44.38128487881806,46.53345741086413,4513805
2007-11-19,44.41450881958008,47.36439600710754,43.79129308264445,47.36439600710754,4252970
2007-11-20,43.74143981933594,45.47813467033937,43.36750969929414,44.45606112211814,3415530
2007-11-21,39.63652801513672,44.1818467144674,39.38724231337403,43.65834769171766,3209630
2007-11-22,37.991241455078125,40.38438817693382,36.2046879791901,39.63653101504388,3554057
2007-11-23,40.184967041015625,43.0434498716765,37.49267260307565,43.0434498716765,5895552
2007-11-26,42.25404739379883,42.611358186708536,40.4674965990911,41.54773713051637,3950475
2007-11-27,41.03254699707031,42.71107599513489,38.6643240256616,42.37869282270673,3284067
2007-11-28,40.24311828613281,41.880099323692484,39.8027135074347,41.85516853840674,1287035
2007-11-29,38.96345138549805,41.53110061334425,38.26544956133094,41.53110061334425,3318915
2007-11-30,40.583824157714844,40.799870966261906,32.90580200037837,32.90580200037837,2258915
2007-12-03,41.75547409057617,42.278976444341765,40.75001965433102,40.88297228086062,2641870
2007-12-04,41.589256286621094,42.461757546092294,41.21532626975097,42.37035524849173,1729977
2007-12-05,43.899314880371094,44.43943324504452,36.59522620697909,41.63911828896286,4892982
2007-12-06,45.2537841796875,46.13459714669984,43.87439974898669,44.83830690333376,6968812
2007-12-07,44.580718994140625,46.33403067261705,43.209642530524334,45.58617337687765,2422612
2007-12-10,44.08213424682617,45.037733160622835,43.641729389604286,45.021113690748834,1172560
2007-12-11,44.813377380371094,45.461520889643516,44.20678096300384,44.53916086808511,2207062
2007-12-12,44.57240295410156,45.370118586382894,43.915948078231644,44.8715471086671,1996787
2007-12-13,44.040584564208984,45.42827693367144,43.76636808219186,44.871538989948775,907060
2007-12-14,43.4007453918457,44.472677265878666,43.04343476716805,44.04058062278384,1130752
2007-12-17,41.331687927246094,43.542027289324466,40.2265166612866,43.40076334284636,1195262
2007-12-18,41.7720947265625,43.1099323512495,39.30415816003205,41.38154498846758,1769960
2007-12-19,41.29844284057617,43.450615307714145,40.550582458234736,43.19301824938762,883540
2007-12-20,41.01591110229492,42.121078844000834,40.21819561161161,41.9216515562498,1489257
2007-12-24,41.35661697387695,42.1958798499815,41.173805920336264,41.514497230218005,1136327
2007-12-26,42.91050338745117,43.8577913086243,41.43140492595916,41.86350178242847,1555005
2007-12-27,41.963199615478516,43.70820268798829,41.580961330237656,43.70820268798829,1586005
2007-12-28,43.82453918457031,44.20677747165344,40.882959664308665,41.96319981772778,1947152
2007-12-31,43.81623840332031,45.12083695288898,43.37583345227267,44.04059653965791,1412192
2008-01-01,44.51423263549805,44.98787645035922,43.65835050861556,44.14030247380768,1077192
2008-01-02,44.15691375732422,45.18729854851527,43.20962630323527,44.53915199847602,1110922
2008-01-03,45.92683792114258,46.16781539416766,43.8743800816507,44.53914279185901,5793507
2008-01-04,45.054344177246094,46.86582484571918,44.72196118180842,46.47527530155579,3291247
2008-01-07,44.1070556640625,45.37010340769868,43.56693410236931,44.04057779869265,2514952
2008-01-08,42.337135314941406,44.86323792909182,41.88011094253974,44.86323792909182,2777450
2008-01-09,43.076683044433594,44.12368435950775,41.9216567526975,42.711064191676265,1331442
2008-01-10,41.62250900268555,44.02396688343948,41.25689018165191,43.54201494525149,988267
2008-01-11,43.35919952392578,43.70819883976475,40.052001493115476,40.052001493115476,2182142
2008-01-14,44.45606994628906,44.85492776355719,42.36206402825127,43.8245458614079,1693187
2008-01-15,42.66952133178711,46.35065079894347,42.22080821596132,45.702507166208036,2196140
2008-01-16,42.13771057128906,42.79416552160551,40.3013015106382,42.37868818644429,1419755
2008-01-17,41.80532455444336,43.043445058915886,41.54772750278368,42.69444566941573,982820
2008-01-18,38.40671920776367,41.94658409395031,37.74195305106237,41.88010938018415,1427605
2008-01-21,34.758819580078125,38.55628044357439,31.908646102947017,38.55628044357439,2678245
2008-01-22,29.00031280517578,36.22961429148121,24.928634559231973,32.407224927001565,3077540
2008-01-23,31.61781120300293,34.48460423743198,29.083401164099257,30.74530980204779,2555657
2008-01-24,30.786861419677734,34.73389501629897,28.58483405188756,33.404369178004515,2583940
2008-01-25,32.2825813293457,33.3877523451902,31.6593654490893,32.39891762299241,2824432
2008-01-28,32.423851013183594,32.97228095860038,30.42955857357323,31.90866001472309,1864520
2008-01-29,32.7562141418457,33.42098006002764,32.074831928564166,33.06366948844843,2465485
2008-01-30,32.5235710144043,33.68690902557553,31.410091433371623,32.90580946927674,5208840
2008-01-31,31.65105628967285,32.52355786024738,30.58743556896027,32.52355786024738,4913680
2008-02-01,31.584579467773438,32.731297576855944,31.277127187237944,32.074842754495386,1859150
2008-02-04,31.335296630859375,32.822706098356676,30.84503329905234,32.822706098356676,2060267
2008-02-05,32.207794189453125,32.88917977802331,30.911507231790292,31.144173471403665,3139975
2008-02-06,31.858797073364258,32.407226940956065,30.24674641282833,31.07770094977592,3351467
2008-02-07,30.604061126708984,32.40723118659348,30.196891955532255,31.991753863688434,2299940
2008-02-08,30.37138557434082,31.227270843226073,29.266217765556256,30.74531572386935,1168597
2008-02-11,28.812808990478516,30.885308468737904,27.8018326162186,30.160775346954875,1213697
2008-02-12,27.52379608154297,30.32925358035105,26.9593365158676,28.930738127142554,1582780
2008-02-13,25.392335891723633,28.391564573747083,24.448759592695666,27.801828181677806,5804197
2008-02-14,31.07064437866211,31.508734097533754,26.142139058611352,26.260085672575986,6937105
2008-02-15,31.07064437866211,31.87942391482321,29.512055399518033,30.329261530279005,4578747
2008-02-18,31.651948928833008,31.99736533385111,30.371379930916127,31.744622171560444,2240480
2008-02-19,32.705047607421875,34.154113095575894,32.01421480813998,32.35120782848396,6995097
2008-02-20,32.54498291015625,33.16841591983871,32.199566455114855,32.43545967890777,2977400
2008-02-21,32.519710540771484,33.867679798641504,31.778330823437756,32.865127040426046,2516800
2008-02-22,31.171741485595703,32.519707399451114,31.036944894210162,32.26696419232876,1804322
2008-02-25,32.24168014526367,32.35120334376324,30.674668281359068,31.67721739650732,1148042
2008-02-26,32.17430114746094,32.68821431958292,31.677237956337002,32.43547103222276,1055357
2008-02-27,32.2332649230957,33.320064271903476,31.609831879922158,32.60395796760309,2072837
2008-02-28,30.455638885498047,32.351217989231,29.781652633127067,32.18272142613826,6802410
2008-02-29,31.584556579589844,31.997369718005785,29.832197748506324,30.45563396712753,3402912
2008-03-03,29.436229705810547,31.15488848971854,29.16663654917446,30.531455520174067,2287762
2008-03-04,28.231487274169922,30.16076614444083,26.740299746439387,29.436233243723944,4212512
2008-03-05,27.127845764160156,28.627458534378952,26.824552571575488,28.47581193808662,4363487
2008-03-07,26.841394424438477,27.532227281156782,24.684645985291162,26.832969437539237,5202935
2008-03-10,27.481685638427734,27.936625426622516,25.03849494322177,26.116869487648252,5213532
2008-03-11,29.419374465942383,29.815340749915787,27.001459869112303,27.127833044704815,10030120
2008-03-12,28.324161529541016,31.163319922810935,28.138818214200207,30.303990397416317,2323462
2008-03-13,25.830419540405273,27.464828499475534,25.27438323772743,26.959342120242592,2511080
2008-03-14,25.316513061523438,26.116869378795894,24.204440170885547,26.116869378795894,4199400
2008-03-17,23.757917404174805,24.60039672195545,23.589420897857966,24.43190021563861,2102760
2008-03-18,24.507736206054688,26.319067358260632,23.25244156369982,23.420936550589555,4576617
2008-03-19,25.367063522338867,26.94249961434341,25.131168634910896,26.100019939546662,3735530
2008-03-24,25.249114990234375,26.100019645004824,24.726778497620394,25.838851398697834,2253910
2008-03-25,26.76557159423828,26.959341475436506,25.299657594339656,25.69562234377542,1752132
2008-03-26,27.506956100463867,27.768122680463275,26.487555101748292,26.765573263779437,1943892
2008-03-27,27.919771194458008,28.635880725407095,26.959345041561093,26.959345041561093,3715737
2008-03-28,27.717578887939453,28.307312010564328,26.98461935472657,28.256765293656187,5345192
2008-03-31,27.321605682373047,28.22305833322551,26.79084278997273,27.549075493401755,3304682
2008-04-01,26.78242301940918,27.928195608402703,26.33590832354504,27.63332586675648,968082
2008-04-02,26.58864974975586,27.77654719710314,26.37802989709673,27.751270629397393,543890
2008-04-03,26.554950714111328,26.757145574545444,26.041037772860918,26.706597261162393,963700
2008-04-04,26.807710647583008,27.119427316376534,26.15057734207076,26.15057734207076,1234027
2008-04-07,26.78242301940918,27.43955597505965,26.150563419343996,27.27105943894811,1082110
2008-04-08,26.613933563232422,27.608059855567042,26.32749033978338,27.608059855567042,715082
2008-04-09,26.925643920898438,27.21208707809115,26.386457557666084,26.86667061328266,703210
2008-04-10,26.56338119506836,27.456409081754146,26.45385795203292,27.127842566452316,903770
2008-04-11,26.554950714111328,26.91721710831067,26.201109306626144,26.908792121596512,1216965
2008-04-15,27.515377044677734,28.004016638757147,26.158984697985954,26.554951043960383,1664437
2008-04-16,26.15057373046875,28.88863307702981,25.485013917991385,27.95347998599548,7638782
2008-04-17,25.990489959716797,26.86666770512843,25.459727034822475,26.622349513323034,5450912
2008-04-21,26.36961555480957,26.60551046349642,25.93152730568057,25.94837567944902,2080347
2008-04-22,27.0435848236084,27.330027920294626,26.03261060609975,26.43700029310321,2583152
2008-04-23,26.571807861328125,28.307313813542933,26.302213034396207,27.296340845334367,2208802
2008-04-24,25.889394760131836,27.102564088353816,25.737748192378557,27.102564088353816,1642720
2008-04-25,26.479129791259766,26.723448000052024,25.830420218797684,26.597076401924852,781682
2008-04-28,26.799270629882812,27.254208693479566,26.2685092878696,26.689749009337934,1563190
2008-04-29,27.321605682373047,27.549075493401755,26.79084278997273,27.0688625191646,1741567
2008-04-30,27.35530662536621,27.869219563786057,27.21208345891625,27.599623204221647,2312215
2008-05-02,27.94505500793457,28.383144914432112,27.57436503188537,27.616488381512802,2120360
2008-05-05,31.43291473388672,31.83730455238241,27.88607320914326,27.978746478470217,14871160
2008-05-06,29.908021926879883,31.963670727701547,29.672128697845782,31.609830884150398,6751750
2008-05-07,29.394113540649414,30.649409593351713,29.073970383952737,30.211319803610127,1920225
2008-05-08,29.22561264038086,30.06809213871901,28.475806401068585,29.318285899406735,2468485
2008-05-09,27.59962272644043,29.469927954855834,27.296332853062896,29.124511541966875,2832820
2008-05-12,26.605504989624023,27.63332949555207,26.33591178196436,27.63332949555207,2767512
2008-05-13,25.73775863647461,27.30477166326545,25.63666195488327,26.934080081324037,3841327
2008-05-14,26.29378318786621,26.521253027831527,25.282808799523778,25.73774687255236,3018155
2008-05-15,26.25165557861328,26.78241845201853,25.98206245233204,26.302203888065566,4621547
2008-05-16,26.032623291015625,26.56338641987166,25.880976682771045,26.285368173724112,4106742
2008-05-20,25.139591217041016,26.11686741766601,24.94582129605037,25.94837085608144,6067317
2008-05-21,24.726776123046875,25.206989229041312,24.48245627226246,25.206989229041312,7909620
2008-05-22,23.8253231048584,24.474031160320862,23.72422484820454,24.431907824074745,6449240
2008-05-23,24.103336334228516,24.752044255989514,23.96011477084711,23.96011477084711,4012560
2008-05-26,23.2945556640625,24.43190320353866,23.016537519470724,24.43190320353866,3157415
2008-05-27,22.915447235107422,24.094918429509477,22.814348969574713,23.715801942389838,2032462
2008-05-28,23.210309982299805,23.32825820702624,22.687973583161828,23.083938376502047,2868202
2008-05-29,22.65427017211914,23.707369404469816,22.207757126019672,23.42092628471828,3873855
2008-05-30,23.63155174255371,24.04436815373304,22.578452260142186,22.746948820088942,4094255
2008-06-02,22.376253128051758,24.162310220078343,22.022411704485265,23.6736722167629,3242462
2008-06-03,22.628995895385742,23.033385598447282,21.491648449486046,21.904463138890765,2518282
2008-06-04,21.441102981567383,22.91544204219259,21.078836555280862,22.578448971385185,2163925
2008-06-05,21.92974853515625,22.207766789193688,21.104117156494294,21.398985391237662,1837422
2008-06-06,21.67699432373047,22.65427028778962,21.584322683503732,22.089809032091498,2434800
2008-06-09,20.548078536987305,21.247336595404636,17.414054758340185,17.414054758340185,1482632
2008-06-10,20.01731300354004,20.55649936638757,19.84039147391687,20.051011347766952,2346577
2008-06-11,19.874094009399414,20.76712194071721,19.739297401159078,19.882518998277224,3034917
2008-06-12,19.6044979095459,19.95833935586038,18.896815016916936,18.896815016916936,3939212
2008-06-13,19.93306541442871,20.421703474198647,19.714020545303956,19.89936706904915,4549885
2008-06-16,20.514381408691406,21.028292942825594,20.160539863648545,20.303761479663574,2462507
2008-06-17,21.19678497314453,21.297883224386727,20.219508841046142,20.227933829224842,2845280
2008-06-18,20.86821746826172,21.98871513187683,20.53122599178013,21.567475384549315,4351900
2008-06-19,20.13526153564453,20.758696228765984,19.882518305723114,20.5902012777858,1317792
2008-06-20,19.570798873901367,20.556499977078992,19.410728921989477,20.556499977078992,1969490
2008-06-23,18.29022979736328,19.44442745875706,18.03748658150587,19.006337718162182,3004072
2008-06-24,18.72832489013672,19.124291410215353,17.877420130122108,18.366058332151002,2163755
2008-06-25,18.4755802154541,18.70305012180174,18.138588654329368,18.70305012180174,1471010
2008-06-26,18.627220153808594,18.93893663371067,18.163855517040563,18.7030434287906,2924425
2008-06-27,18.037487030029297,18.3997534934947,17.7257704965141,17.944813765356134,2554205
2008-06-30,17.25398063659668,18.366053375067242,17.026510774572554,18.366053375067242,2821245
2008-07-01,17.23712921142578,17.506723992038594,16.46204964045843,17.355077430100785,1688270
2008-07-02,18.096460342407227,18.53455009392005,16.35252793158365,17.237130816032582,2309307
2008-07-03,17.42247772216797,18.0290624326022,17.06863623935577,17.708920903820808,2035647
2008-07-04,17.911117553710938,18.78729555421378,16.521026452445305,16.521026452445305,1982180
2008-07-07,19.0147647857666,19.705597817769632,18.045913543154978,18.500851702831607,2150970
2008-07-08,18.89681625366211,19.52867590579846,17.734193593866,18.38290322238251,2057955
2008-07-09,20.69129753112793,20.893492432577126,19.208533313598252,19.208533313598252,4480210
2008-07-10,20.775550842285156,21.306313993230415,20.21951432684902,20.556505910915977,2801390
2008-07-11,19.427581787109375,21.053567894928925,19.18326350523372,21.053567894928925,1428052
2008-07-14,19.1981143951416,19.886492540432762,18.866673366105204,19.368085068009762,1710452
2008-07-15,18.288774490356445,19.15562197898511,18.110305126951523,18.87516989064017,1522827
2008-07-16,18.875173568725586,19.478568098532804,17.855354225401797,18.526735090469867,4162560
2008-07-17,20.05646324157715,20.549376248437177,19.37658217010646,19.37658217010646,4916512
2008-07-18,20.982799530029297,21.569194934932543,20.141448121247716,20.353910647332775,3788197
2008-07-21,22.121604919433594,22.750493976111407,20.370912053074427,21.39923180670878,2736820
2008-07-22,22.147096633911133,22.92895891366735,21.246255840157446,21.926135378658213,5071690
2008-07-23,22.98845100402832,23.79580947384676,22.606019324346597,23.28589894664358,5336905
2008-07-24,22.419044494628906,23.20090663646593,21.798654322562676,23.115922924864833,1784130
2008-07-25,22.2150821685791,22.84397107844762,21.535202704115974,21.926132990942147,2364245
2008-07-28,22.087604522705078,22.67400156198694,21.841148829706334,22.257575195846638,2065912
2008-07-29,21.033796310424805,22.087610557320676,19.971483365453853,22.087610557320676,3213000
2008-07-30,22.096111297607422,22.504039117147983,21.076290127794962,21.24626086308406,2155755
2008-07-31,22.716495513916016,23.209408566313243,21.84964791871242,22.945955457521784,6077715
2008-08-01,22.98845100402832,23.115929851549776,21.934636778987556,22.266079513198108,1966717
2008-08-04,22.682510375976562,23.90629393304466,22.495542227925817,22.597525001495423,2744697
2008-08-05,23.872297286987305,24.220735812863907,22.597521717889204,22.597521717889204,3813665
2008-08-06,23.77880859375,24.730641546454965,23.54934864698711,24.305716439543232,3655130
2008-08-07,24.773130416870117,25.036583497468747,23.498355250091617,23.57484188977516,4358625
2008-08-08,24.033761978149414,25.155563877242585,23.88928739290496,24.985593204851302,1585287
2008-08-11,24.552175521850586,25.130074005765746,24.22073441176548,25.130074005765746,2366635
2008-08-12,24.96010398864746,25.478511568655232,23.974276150768603,24.64565866487288,3313020
2008-08-13,23.600341796875,24.96010251907042,23.251903324563518,24.64565721380945,2235640
2008-08-14,22.172592163085938,23.668328730878333,22.053613652100847,23.625835247697484,3050442
2008-08-18,22.10460662841797,22.741994357192556,21.756168133031395,22.096107930852344,1513187
2008-08-19,22.589019775390625,22.886467689653507,21.764665609311876,21.84115226214978,1898540
2008-08-20,23.09042739868164,23.28589253364024,22.699495507804006,22.91195803387912,1084872
2008-08-21,22.325565338134766,22.94595560052584,22.189589434623315,22.64000900714476,553657
2008-08-22,22.249074935913086,22.521026697052136,21.356731396095185,22.096101665032283,2443022
2008-08-25,22.46154022216797,22.852470521779797,22.30006823621673,22.77598387690608,762300
2008-08-26,22.41054344177246,22.521023219817042,22.096098253405398,22.15558748934941,468985
2008-08-27,22.206586837768555,22.691002853185957,22.11310441033916,22.444545496870397,519107
2008-08-28,22.758991241455078,22.945957720819578,22.20658725881487,22.91196293132015,1700880
2008-08-29,22.8184757232666,23.455863304246336,22.61451189186834,22.988444772284932,1283330
2008-09-01,22.385055541992188,23.115927270061462,22.036617071856995,23.115927270061462,768467
2008-09-02,23.81281089782715,23.96578424396121,22.572028351042878,22.572028351042878,3347595
2008-09-04,23.702322006225586,23.965776740284955,22.971451922697458,23.795806048695724,1158145
2008-09-05,23.217910766601562,23.744818684659347,22.979953711510387,22.979953711510387,909435
2008-09-08,23.77880859375,24.637157504226977,22.94595577323356,23.795805987057022,2602995
2008-09-09,23.413373947143555,23.965777911320234,23.226407474028214,23.74481664984171,1037415
2008-09-10,23.175418853759766,23.880794561775208,22.826980348653393,23.047941628640995,1221770
2008-09-11,22.419044494628906,23.19240956207414,22.096102176047705,23.030937592303342,1037705
2008-09-12,21.951631546020508,22.89496582733162,21.69667712343081,22.775985691957167,887230
2008-09-15,21.280256271362305,21.790165249992004,20.25193637307538,21.790165249992004,1129490
2008-09-16,21.059289932250977,21.161271055257306,19.036645414750332,20.05646637057797,1321970
2008-09-17,20.80433464050293,21.339741229148082,20.438898757672924,21.246257178853675,1304267
2008-09-18,20.574872970581055,21.331240765783143,19.05364192541494,20.226434511371362,2221147
2008-09-19,21.83265495300293,22.18109345098838,21.288749651471804,21.620192375160055,1050637
2008-09-22,22.01961898803711,22.504033352268777,21.28874728286756,22.504033352268777,933077
2008-09-23,21.212261199951172,21.926135530811134,21.093282685128077,21.72217166784553,481065
2008-09-24,21.611692428588867,21.841152388429254,20.991302126170694,21.416227257299976,1080097
2008-09-25,21.161273956298828,22.070613595745293,20.753346166428422,21.773167262065382,1835900
2008-09-26,20.727855682373047,21.416235837693016,20.574882314524164,21.09329170090951,1332772
2008-09-29,21.382234573364258,21.739171783483986,19.88649777005116,20.83833087069073,2115757
2008-09-30,21.161273956298828,22.062114897502873,19.733525070791465,20.566379667978058,1011332
2008-10-01,21.577695846557617,21.875143737817194,20.991300381430545,21.339738830318435,998305
2008-10-03,20.83833122253418,21.79016271828399,20.506888479780493,21.77316694300915,1110072
2008-10-06,20.06496810913086,20.83833182982608,19.563556252289654,20.83833182982608,439937
2008-10-07,20.532384872436523,20.736348767346175,19.716529292797908,20.064967815888686,827920
2008-10-08,18.977153778076172,20.073461249256784,18.101807540334143,20.073461249256784,1761975
2008-10-10,17.33694839477539,17.88935084839342,16.504095364953677,17.88935084839342,1848490
2008-10-13,18.433258056640625,18.781696636836312,17.532415346951147,17.532415346951147,475412
2008-10-14,19.580554962158203,19.903497416902205,18.977160305425596,19.18962291593012,1189445
2008-10-15,19.257606506347656,20.14145154307894,18.645714910814178,19.22361333929837,1672002
2008-10-16,17.846853256225586,19.070637933378574,17.005501797233073,18.288775725886463,2724292
2008-10-17,18.433258056640625,18.773197937202124,18.09331817607913,18.19529932976697,2389990
2008-10-20,18.552230834960938,19.019647822622908,18.186794969243792,18.67970804787232,508910
2008-10-21,19.121631622314453,19.69953008180924,18.365265379072582,18.790190526235126,802167
2008-10-22,19.113136291503906,19.869502667974533,18.27178454643902,19.376589475281133,1262495
2008-10-23,18.382259368896484,18.6032206184904,18.016825139411825,18.203791602470996,1004630
2008-10-24,16.69955825805664,18.526736099352256,16.48709568067434,18.356767010022914,1029345
2008-10-27,15.40778636932373,16.623072647874476,14.515444136479537,16.164154294713754,611007
2008-10-29,16.453102111816406,17.812861277288185,15.38229055328679,16.66556468404147,1740145
2008-10-31,17.651395797729492,18.016831782925394,16.23214535578334,16.82703975085653,1838330
2008-11-03,18.594717025756836,19.546549725618124,17.0394916124265,17.676879103479262,1926775
2008-11-04,19.45307159423828,19.59754620076307,18.722201485607624,19.096134426410025,732665
2008-11-05,19.274608612060547,20.209444438368177,19.079143396103447,19.563557896936743,1505535
2008-11-06,18.611722946166992,18.97715886790679,18.033824430016697,18.69670830812338,513377
2008-11-07,18.951658248901367,19.376583336284455,17.42192858270649,18.696703844855744,1437135
2008-11-10,19.869497299194336,20.056465383774746,19.036644478123577,19.036644478123577,1377520
2008-11-11,19.20661163330078,20.056461691225945,19.045139668426103,19.20661163330078,730687
2008-11-12,18.31427764892578,19.393588174271272,17.710884571252105,19.291607021885305,1288292
2008-11-14,17.931842803955078,19.546558153296047,17.540910797989483,19.546558153296047,2213772
2008-11-17,17.455928802490234,18.008331263881214,16.5295916939123,17.50691937498266,1247307
2008-11-18,17.50691795349121,17.54940982362455,16.92901944229652,17.005506105305283,781645
2008-11-19,17.812862396240234,17.94883994228991,17.13298277079629,17.16697756254893,2315247
2008-11-20,17.175474166870117,17.328447483625517,16.487095862431662,17.16697709012668,2089642
2008-11-21,17.523914337158203,17.659890258879475,16.997006424767633,16.997006424767633,578202
2008-11-24,17.97433090209961,18.15280028199775,17.166974207301145,17.515412649859744,1125022
2008-11-25,18.050817489624023,18.356764070774442,17.770366997222993,18.220788172698825,2374985
2008-11-26,18.31427764892578,18.696711022776135,17.863857920792245,17.863857920792245,950012
2008-11-27,18.31427764892578,18.31427764892578,18.31427764892578,18.31427764892578,0
2008-11-28,18.790193557739258,19.03664933995571,18.025326872678754,18.305779071174978,958062
2008-12-01,18.654212951660156,19.563552426452475,18.373762444285322,19.03664457755639,1124515
2008-12-02,18.076313018798828,18.237783379664755,17.60039576930621,17.84685309003923,312315
2008-12-03,18.526737213134766,18.95166239344484,18.084816257542595,18.526737213134766,308640
2008-12-04,18.739200592041016,19.07914204736628,18.20379555553741,18.78169408443717,852785
2008-12-05,19.028148651123047,19.266107330584667,18.569230309042428,18.569230309042428,384677
2008-12-08,19.50406265258789,19.64853725079079,19.12162941588593,19.487065259632114,715140
2008-12-10,21.093276977539062,21.348232952978545,19.716520869814833,19.716520869814833,3362135
2008-12-11,21.212261199951172,22.06211143945487,20.736345519698094,21.4672172443787,3529772
2008-12-12,21.611692428588867,22.07910942444678,19.69952933850711,20.77034086346818,2194392
2008-12-15,20.753345489501953,22.393556914687004,20.65986143284553,21.841154514635477,1243090
2008-12-16,21.4332218170166,21.926134876378264,20.430399925940605,20.736344900777077,2171627
2008-12-17,21.110286712646484,21.909146642682746,20.821337410738924,21.756173292148016,1157707
2008-12-18,20.914813995361328,21.543702950489447,20.744843306532918,21.229257662445075,1114245
2008-12-19,21.06778335571289,21.40772304890932,20.736340736506094,20.906311393584467,845820
2008-12-22,22.155601501464844,22.606022834271837,21.24626175759362,21.577702922304518,4872272
2008-12-23,21.40772819519043,22.945956689784783,21.101781587285874,21.9431331380627,3349672
2008-12-24,22.121604919433594,22.58902195774683,20.770342750030967,20.770342750030967,2050685
2008-12-26,20.940309524536133,22.43604615071167,20.65985900843826,22.1810917255175,908115
2008-12-29,22.011123657226562,22.13860088505032,20.77884162698236,20.821333495936646,766822
2008-12-30,22.36806869506836,22.742003432370158,21.756176814815703,22.087618047332374,1153435
2008-12-31,22.62301254272461,23.200909304485915,22.198087452012704,22.758988442075573,1404397
2009-01-02,23.13292694091797,23.45587099558103,22.52103524607986,23.09893376835189,1484247
2009-01-05,24.331214904785156,24.475689529702578,23.387882114758142,23.523858041626195,1766640
2009-01-06,23.94028091430664,24.39070211731354,23.455866545183355,24.39070211731354,2128900
2009-01-07,23.15842056274414,24.127249381340476,22.113105087841696,23.812805679602732,1092150
2009-01-09,23.260400772094727,23.608839225689252,22.283071741760175,23.115926172729147,782272
2009-01-12,22.385055541992188,23.43886964934748,22.138598193332285,22.94595657298838,967280
2009-01-13,22.172592163085938,22.775985035608212,21.75616575367747,22.096105514321053,399195
2009-01-14,22.359561920166016,22.818481880362505,22.096108769475926,22.4190511844224,394667
2009-01-15,22.436046600341797,22.67400525732969,21.501210987627402,21.790160206483865,738172
2009-01-16,22.2150821685791,22.91195902489393,21.790157098049523,22.606014076365778,2902462
2009-01-19,22.240585327148438,22.436050532704392,21.943137359020106,22.35106516738758,453975
2009-01-20,22.93745994567871,23.455869159662893,21.93463630857659,22.3000722055844,1480730
2009-01-21,22.07061767578125,23.013952282584857,21.764672587301057,22.26608452956953,1265475
2009-01-22,22.495540618896484,23.251908614620884,21.101786412556592,22.38506077464609,1812522
2009-01-23,21.994125366210938,22.60601862840146,21.628691093577057,22.096108116896303,879350
2009-01-27,22.062110900878906,22.58901874973113,21.875144436298132,22.09610568769031,262770
2009-01-28,22.62301254272461,22.835475088080564,22.181090059353686,22.51253111140159,318595
2009-01-29,23.234905242919922,23.693823520764756,22.43604557886628,22.43604557886628,1495245
2009-01-30,23.600341796875,24.13574674036608,22.606016940996675,23.115927414440044,1123752
2009-02-02,23.056440353393555,24.05076537392463,22.623018081203966,23.71082554232447,673612
2009-02-03,22.699501037597656,23.625838006625635,22.529531947907895,23.056438233195234,2943200
2009-02-04,23.013946533203125,23.540854443279137,22.784486558446112,22.94595857264114,748165
2009-02-05,22.852474212646484,23.47286616803853,22.707999595769,22.945958265026277,582080
2009-02-06,22.809986114501953,23.277403211708197,22.606022201850443,22.606022201850443,520242
2009-02-09,22.92046356201172,23.438872798879768,22.69100519737915,22.80998372874129,480012
2009-02-10,23.455867767333984,23.557848891957452,22.87796932459851,22.928959886910242,474192
2009-02-11,23.311399459838867,23.710828611044132,22.954462185222667,23.26040888373975,585582
2009-02-12,23.29439353942871,23.62583459426934,23.03094043483643,23.387877578880413,353060
2009-02-13,23.659835815429688,24.093259724015915,23.38788394046446,23.532358576659867,911885
2009-02-16,23.54935073852539,23.999771975401874,23.132924291282208,23.744817536995285,1254815
2009-02-17,22.93745994567871,23.863796924292647,22.7929853264189,23.370883803458145,1107107
2009-02-18,23.498363494873047,23.642838129304295,22.623018610637565,22.623018610637565,802765
2009-02-19,24.050769805908203,24.37371392115999,23.14142998094776,23.77881789051382,1035825
2009-02-20,23.33689308166504,23.957285155460035,23.260408030801592,23.778815714215654,712725
2009-02-24,23.22422981262207,23.48420353352329,22.96425774458295,23.12890760253418,783945
2009-02-25,24.0734806060791,24.298790552546162,23.39755076667792,23.570866618687184,1131432
2009-02-26,24.333450317382812,24.480768281118195,23.83083637984957,23.83083637984957,1086675
2009-02-27,25.018037796020508,25.451325587304908,23.960814527455046,24.333442292417512,779717
2009-03-02,24.35078239440918,25.442668194191597,24.099474597529483,25.208692311482015,1035587
2009-03-03,23.700851440429688,24.402777463879936,23.570865384659253,23.917495417667872,567357
2009-03-04,23.622861862182617,24.082147735343533,22.998927739752965,23.874168041671105,1461987
2009-03-05,22.96425437927246,23.6401839711266,22.79960454544994,23.6401839711266,578850
2009-03-06,22.738950729370117,22.998924483218374,22.06302095279942,22.530972718008897,1101695
2009-03-09,22.383657455444336,22.8082794865071,22.22767351487791,22.22767351487791,209415
2009-03-12,22.981590270996094,23.241562345985958,22.357654646441,22.86893449306825,857517
2009-03-13,23.787506103515625,24.17746421741097,23.050916351230438,23.380214424266207,2415987
2009-03-16,24.75806999206543,25.12203188904235,24.09080623879738,24.16013223570431,1684595
2009-03-17,24.090810775756836,25.09603874665036,23.91749657728077,24.350784552764615,865317
2009-03-18,23.822179794311523,24.368123731750813,23.570873553113824,24.264133859379488,1654167
2009-03-19,22.773616790771484,24.177468918330614,22.634964769601755,24.05614881302272,1435302
2009-03-20,22.2623348236084,22.87760290513417,21.603736956358215,22.87760290513417,2193975
2009-03-23,22.981590270996094,23.224230433556727,22.452978511939612,22.51363855257977,1314767
2009-03-24,22.75628089904785,24.073476522889028,22.513639077962736,23.22423097552221,1301365
2009-03-25,22.816944122314453,23.050920019604387,22.245004141958443,23.050920019604387,877622
2009-03-26,22.88626480102539,23.380212700594537,22.79094094220958,23.154902813396642,561065
2009-03-27,23.813505172729492,24.16013519979045,22.903601145086686,23.050919113195384,3239440
2009-03-30,23.9954776763916,24.983373284113377,23.06824209330373,23.74416997106633,1952607
2009-03-31,25.061376571655273,25.33868061154628,24.012818811347145,24.012818811347145,1753107
2009-04-01,24.662750244140625,25.278020015668275,24.472104134032193,25.278020015668275,868350
2009-04-02,25.03537940979004,25.555325325797764,24.66275147577013,25.130703296035833,729630
2009-04-06,24.316118240356445,25.771965953898704,23.95215631197088,25.26068606276512,980532
2009-04-08,24.394105911254883,24.766733731094178,23.32821818440899,23.67484813791229,2872367
2009-04-09,23.9694881439209,25.09603610023784,23.804838267798115,24.610754081671097,1693805
2009-04-13,23.31089210510254,24.281457870575977,23.146242216175477,24.281457870575977,2967792
2009-04-15,24.18613624572754,24.342120191591217,22.964264206945483,23.224236348143236,5555860
2009-04-16,25.052715301513672,27.557119739858617,24.090815286902174,24.43744705448803,19099752
2009-04-17,26.73387336730957,28.077067331699592,25.42534324074974,25.893293481417928,20268457
2009-04-20,28.02506446838379,28.597004424647753,27.383798506901833,27.522450517337806,9425290
2009-04-21,27.115148544311523,27.713084457100223,26.10125512988778,27.383786490036663,5143672
2009-04-22,26.456571578979492,28.09439839031095,24.480777277974287,27.366475914006827,3155000
2009-04-23,27.201826095581055,27.453133984243692,25.21736747848173,26.673215743231456,3721900
2009-04-24,27.366479873657227,27.877758377230396,26.976519872014904,27.314485757725965,1918190
2009-04-27,26.257253646850586,27.383803503267654,26.09260538745561,26.603885389048234,1277135
2009-04-28,26.005943298339844,27.080497230086177,25.823961497465227,26.34390737485536,4252825
2009-04-29,26.664539337158203,27.123823480445942,25.356009603549484,26.343905544966262,4808597
2009-04-30,26.664539337158203,26.664539337158203,26.664539337158203,26.664539337158203,0
2009-05-04,28.952299118041992,29.420250872060787,26.95917531718082,27.55711146572181,3343205
2009-05-05,29.376916885375977,29.879529060989242,28.423681653581916,29.446241220825723,2043417
2009-05-06,28.458356857299805,29.810216649404435,27.990405009372218,29.307600967024758,1595887
2009-05-07,28.605676651000977,29.1169567008991,27.834424422755212,27.834424422755212,547500
2009-05-08,28.22437858581543,29.46358246574444,27.73043055599477,28.16371853343219,639412
2009-05-11,27.106494903564453,28.943636549432977,26.863853055132804,28.389025193421457,1218792
2009-05-12,27.921079635620117,28.40636007748435,26.326578018649922,26.863855863172898,2481492
2009-05-13,28.674985885620117,29.22092942302796,27.4357825499217,27.73041837741063,1763975
2009-05-14,30.10485076904297,30.330159067597553,27.487789279946483,28.077062859151734,3404450
2009-05-15,30.200172424316406,31.032087900706006,29.82754447804948,30.330160147237468,2924987
2009-05-18,34.160423278808594,34.65437462482869,32.756571127744884,32.756571127744884,7762
2009-05-19,34.61104202270508,39.32521727501015,31.552029997385713,35.52961371365567,10141227
2009-05-20,37.21943664550781,37.66138891280554,33.80512538482904,34.42906110875507,6584772
2009-05-21,35.20030975341797,37.67871718883314,35.009665316195296,37.262761181632094,4376782
2009-05-22,34.69770431518555,36.03223216709079,33.62314860574525,35.18298476626008,1386027
2009-05-25,35.51227951049805,35.87624310260854,34.48971969771215,35.08765917638125,1276530
2009-05-26,32.5832633972168,36.03223953986292,31.820678730712622,35.52962376329234,2776022
2009-05-27,33.38051223754883,34.79303222599218,32.94722418146287,34.4897286032967,2036240
2009-05-28,34.18642044067383,34.83635237564586,32.92988470524961,33.62314477474149,2541402
2009-05-29,33.5624885559082,34.749696767022314,33.11186863287599,34.57638420916197,2788130
2009-06-01,35.19165802001953,35.68560616161735,33.883126180840584,34.40307385486111,5373630
2009-06-02,34.2817497253418,36.03223374288998,33.683810135225045,35.64227385927585,3434985
2009-06-03,35.0096549987793,35.54693093652878,33.81377976442532,34.95765927355573,5367380
2009-06-04,36.0842170715332,36.48284116039292,34.62836941109171,34.767021411813545,6184830
2009-06-05,35.56427764892578,37.08944986072679,35.27830599974284,36.74282146545264,6363975
2009-06-08,32.97321319580078,35.945568874958475,32.28861742353098,35.35629698309646,2126775
2009-06-09,34.18642044067383,34.576380262802,31.552028870879916,32.27128846566352,2109695
2009-06-10,34.29906463623047,35.356284645043026,33.81378109883013,34.35105705778231,2156815
2009-06-11,34.87967300415039,35.338957081528626,33.969769152143456,34.489713265940544,2028110
2009-06-12,34.3597297668457,35.572933831894915,34.09975439759131,35.0096615785334,1386655
2009-06-15,33.701133728027344,34.351065604929055,32.669909673404106,34.31640177812042,2306707
2009-06-16,35.737586975097656,35.99755905052345,32.782563668306885,33.03386813464139,4433432
2009-06-17,33.95244216918945,36.569501640717874,33.46715850167457,36.39618580905366,3449462
2009-06-18,32.83456802368164,34.99234397532327,32.49660387232554,34.33374428563787,2009530
2009-06-19,32.46193313598633,33.74446509956238,31.205397392151234,33.27651661560104,2842737
2009-06-22,32.063323974609375,33.787812313168764,31.716692122863606,33.094548609677226,904535
2009-06-23,32.66124725341797,33.1032028511396,31.066747329838442,31.67335117247549,2612240
2009-06-24,33.18119430541992,33.60581467466061,32.43593845082204,32.92988648361832,2109462
2009-06-25,33.58848190307617,34.819021454039294,33.22452159585635,33.449829885222215,5376635
2009-06-26,34.88835144042969,35.32163947936348,33.88312332233231,34.1257668720285,3588822
2009-06-29,35.286956787109375,35.82423269235538,34.680353252426045,35.096309111880046,2013620
2009-06-30,33.63181686401367,35.867581299089586,33.449833385634946,35.61627345739174,3416542
2009-07-01,33.79646301269531,34.03910322777497,32.999214702733575,33.813794928876,1043390
2009-07-02,36.01490020751953,36.55217640874095,33.56248850962114,34.108432322158706,5381195
2009-07-03,36.170875549316406,37.07211187401883,34.671696497873604,34.671696497873604,3328072
2009-07-06,33.74446105957031,37.26276005994189,33.16385685003521,36.500172416833266,2724577
2009-07-07,33.89179611206055,34.44640435770877,32.97322413912699,34.31641660387989,711680
2009-07-08,32.70457077026367,33.44982315009395,32.27994719161373,33.033867180284886,673275
2009-07-09,33.35450744628906,33.744463952041784,32.06330791622493,32.860556147934574,1087642
2009-07-10,34.10842514038086,34.61103740195927,32.93854578841272,33.44982565948225,2673695
2009-07-13,33.77912521362305,34.66303295054898,32.7998936071672,33.14652525896246,1033907
2009-07-14,37.09811019897461,37.49673426297291,34.14308693198853,34.62836725138672,3866230
2009-07-15,39.039241790771484,39.38587345669653,36.43951421350735,37.60939360671095,9212145
2009-07-16,37.41875457763672,39.86249880514636,37.18477864448469,39.84516688723969,4224267
2009-07-17,37.89536666870117,38.909262269830094,37.47941060091558,37.95602672197876,2794165
2009-07-20,38.16400146484375,38.82259766042298,37.60939344630871,38.129337637254174,1140210
2009-07-21,39.108577728271484,39.6718501725282,37.522741983560074,38.302661744192775,3375995
2009-07-22,37.58340072631836,39.68918070057967,37.26276852738345,39.20390024937551,2201790
2009-07-23,38.11200714111328,38.90059106662414,37.43607900659674,37.43607900659674,1800305
2009-07-24,37.661380767822266,38.475964076939995,37.53139639059912,38.21598871104551,1357937
2009-07-27,37.91270446777344,38.50197648167344,37.08945650961383,37.08945650961383,880092
2009-07-28,39.05657196044922,39.34254356792513,37.7827044466464,38.25065618303002,6425800
2009-07-29,39.96648025512695,40.38243629744151,37.30609246180435,39.117236255519146,4294185
2009-07-30,40.547080993652344,40.69439728752125,39.706501440538055,40.12245741265076,3840537
2009-07-31,40.547080993652344,41.42232106514953,40.06179737332542,40.72906111162836,1773247
2009-08-03,40.486427307128906,40.88505142973692,39.58518757327405,40.7290675025034,857610
2009-08-04,40.200462341308594,40.77240240080945,39.7238461760121,40.573090306439106,857642
2009-08-05,39.18656539916992,40.625081339621616,38.90926136046055,40.03580943093298,663047
2009-08-06,38.31132125854492,39.619852770424835,37.973357173114636,39.06524470143925,947607
2009-08-07,37.15011978149414,39.27323207623828,36.92481142999889,38.47598358016581,1179675
2009-08-10,36.50884246826172,38.23332660494796,36.222870843320756,37.86069871496559,521692
2009-08-11,37.548736572265625,37.78270916394529,36.39618900050182,36.56950484736346,589192
2009-08-12,36.9074592590332,37.60938676730729,35.89356396930396,36.916123561529645,1315297
2009-08-13,38.54529571533203,38.80526782472678,37.2714280818556,38.302655520660224,849360
2009-08-14,37.141448974609375,38.64062510174525,36.91613735681717,38.12934511457086,1390805
2009-08-17,36.21420669555664,36.933462954536566,35.9628988978364,36.48284310178033,1016457
2009-08-18,38.02536392211914,38.75328804972359,36.040903665161956,36.040903665161956,2049772
2009-08-19,36.82080841064453,38.129336457273105,36.58683254024252,38.129336457273105,795787
2009-08-20,38.060020446777344,38.406652206531334,37.10678806604207,37.245440108798576,1126632
2009-08-21,37.973358154296875,38.787938363451545,37.436081986800176,38.38931421678383,679627
2009-08-24,38.26799011230469,38.94391822998768,38.13800241010815,38.63195369502024,951715
2009-08-25,39.125892639160156,39.342536555643385,38.146661211053306,38.2679812753681,2230207
2009-08-26,39.92314910888672,41.249009100354144,38.657949162406396,39.1865609593436,2402477
2009-08-27,41.604312896728516,43.58877275830412,39.48120431113666,39.827832732627606,5785895
2009-08-28,41.83827209472656,42.56619578636208,40.373760409314414,41.95959215904518,3104522
2009-08-31,41.80361557006836,43.01681963476343,40.83304835144334,41.33566387241602,2040937
2009-09-01,40.83304977416992,42.46221316402511,40.59907391719145,42.08958531465837,1375982
2009-09-02,39.90581512451172,40.989034879822704,39.56785108977059,40.48642263233507,808087
2009-09-03,40.16580581665039,40.69441783110599,39.90583361605485,40.0791495183605,691285
2009-09-04,39.83649826049805,40.46043070883999,39.0305823467366,40.38243873958163,2313990
2009-09-07,39.42679214477539,40.79535399004784,39.11298119231077,40.41180911773269,1542702
2009-09-08,39.22631072998047,40.27234634783106,39.17400778524849,40.27234634783106,3302427
2009-09-09,39.165287017822266,39.574985049928536,38.70328937328038,39.22630544916723,2251490
2009-09-10,39.22631072998047,40.56872305080113,39.139142480682736,39.48781880312923,1872247
2009-09-11,39.83649826049805,40.15030927687943,39.14785778846728,39.66215843747999,1071382
2009-09-14,38.99094772338867,39.9236618434847,38.75558948860904,39.2263059581683,2139292
2009-09-15,39.19144058227539,39.906230839650775,38.990950956451115,39.06940370788283,2983767
2009-09-16,40.865089416503906,41.25735308962748,39.48780881425998,39.57498036676228,2129910
2009-09-17,40.176448822021484,41.606029020073564,39.83648808288162,41.14403143357628,1111287
2009-09-18,39.72317123413086,40.77792219194375,39.34834183172544,40.77792219194375,884325
2009-09-22,40.34206771850586,40.51640748806233,39.40935377542146,39.923654266723055,678930
2009-09-23,39.5924186706543,40.61230440930114,39.400647870209895,40.09800379286075,718487
2009-09-24,40.32463455200195,40.865088185471286,39.08682847104977,39.59241015931395,2324570
2009-09-25,40.15902328491211,40.777926474720616,39.24374340452193,40.080570533721215,1310560
2009-09-29,40.124141693115234,40.79534760861417,40.028254658721906,40.79534760861417,898840
2009-09-30,39.92366027832031,40.62101613629763,39.775473613299205,40.44667966574457,1391707
2009-10-01,39.96725082397461,40.43796735078625,39.92366669932662,39.92366669932662,572162
2009-10-05,39.37448501586914,39.89750432267106,39.226298373690696,39.226298373690696,1048162
2009-10-06,39.82777404785156,40.0544167846647,39.05196543198256,39.400645030808114,1310865
2009-10-07,39.862648010253906,40.594872605625795,39.601139938747274,40.11544058698772,1651095
2009-10-08,39.679588317871094,40.359509893875014,39.57498576585245,39.90622773478734,1048850
2009-10-09,39.36578369140625,39.923668492572304,39.22631249111474,39.89751868166005,2557405
2009-10-12,40.263614654541016,40.446673239947096,39.400637956538134,39.400637956538134,916837
2009-10-13,40.263614654541016,40.263614654541016,40.263614654541016,40.263614654541016,0
2009-10-14,41.083011627197266,41.562443507931825,39.601128547900345,40.20259727188502,3051755
2009-10-15,40.74304962158203,41.632176116017895,40.464103999003655,41.49270496735595,998442
2009-10-16,41.28350830078125,41.84139300885854,40.53384947733171,40.6210177159981,1954557
2009-10-20,40.08928680419922,41.492714091418634,39.941096805703936,40.13287092425482,1280445
2009-10-21,40.446678161621094,41.126599682207306,39.83649056161185,40.01083035093662,601015
2009-10-22,39.775482177734375,41.14404438283512,39.496539774481725,40.09800870800981,687690
2009-10-23,39.85392761230469,40.60358643024822,39.60985056037218,40.098001338982066,291715
2009-10-26,39.89751434326172,40.359512020504944,39.44423216028962,39.92366415133047,330515
2009-10-27,39.5488395690918,41.248647132430776,37.52650547407239,39.923669048580855,6307225
2009-10-28,38.8253288269043,40.2723436136938,38.37204664576772,40.098003801678914,1693572
2009-10-29,38.72944259643555,39.4180830398047,37.76185977794947,38.35461315638679,1082647
2009-10-30,38.65098571777344,40.23747155378887,38.35460906020709,39.400644517809205,889210
2009-11-03,36.41073989868164,39.034543221155474,35.78311775631985,38.68586683948702,2266265
2009-11-04,37.35216522216797,37.47420543235636,36.35843250170975,36.78556492422979,830232
2009-11-05,36.803009033203125,37.395762625111914,35.922594142901865,35.922594142901865,1995775
2009-11-06,37.44804382324219,37.97977869464506,37.047064627686076,37.29113834232806,1572980
2009-11-09,38.616111755371094,38.87761975230949,37.404455486861345,37.83158776455591,1071695
2009-11-10,38.589969635009766,39.55755240901891,38.09310334434376,38.703291008834285,1302417
2009-11-11,39.20016098022461,40.58615742781493,38.52023599869078,38.70329464290502,2536777
2009-11-12,38.92121505737305,39.68830489342438,38.546385633396824,39.26117585464095,1222977
2009-11-13,39.36578369140625,40.08929282903178,38.37205097367226,38.37205097367226,1834755
2009-11-16,40.464115142822266,41.17890871748021,39.487816833316046,39.487816833316046,1546102
2009-11-17,41.841392517089844,42.9571619201306,40.27234096274999,40.27234096274999,5263530
2009-11-18,42.92230224609375,43.10535756428803,41.92856625034865,42.486454350247065,2646575
2009-11-19,44.229835510253906,44.75285153191166,42.42542258744869,42.800251955563496,3829515
2009-11-20,43.91603469848633,44.97078580313583,43.270978352724285,43.602223682994286,2535640
2009-11-23,43.82014465332031,44.770293130018125,42.05060338924987,43.288409727105666,881527
2009-11-24,44.1688232421875,44.71799251050268,43.584788670130386,43.82014692797975,1276320
2009-11-25,44.622108459472656,45.310748965068434,44.20369485898877,44.45648744842353,1728137
2009-11-26,44.099082946777344,45.31945818356592,43.75912217624116,45.31945818356592,1437092
2009-11-27,42.756675720214844,45.746592398089746,41.318379732989094,43.933466973678144,6508525
2009-11-30,43.785282135009766,44.28214850335927,42.75668076625851,42.75668076625851,2092650
2009-12-01,43.863731384277344,44.604671467186925,43.81142844038453,43.933468642801095,1027962
2009-12-02,44.37802505493164,44.87489130545273,43.84629018062715,44.45647779581681,1250012
2009-12-03,45.293304443359375,46.18243439100908,44.543645664443645,44.97949348239419,3064660
2009-12-04,46.24345397949219,46.46137789393396,44.47391285830664,44.64825265491107,2002850
2009-12-07,46.88850784301758,47.420242699234294,45.72043558804714,46.63571531706949,3023205
2009-12-08,45.825050354003906,47.071575679690234,45.4066367469929,46.89723584545504,2275890
2009-12-09,46.260894775390625,47.13259055533054,45.50252037791444,45.50252037791444,1654162
2009-12-10,45.711727142333984,46.40908645149998,45.511237504788234,46.33934919048113,548532
2009-12-11,45.63325881958008,46.68801291852354,45.415334941119326,46.19986223367984,667115
2009-12-14,45.092811584472656,45.84247030916396,44.63081399494395,45.519943878280976,823622
2009-12-15,44.25599670410156,45.241013901171364,43.968335490474956,44.979502497781496,2383782
2009-12-16,44.22112274169922,44.6133864742316,43.8375778283649,44.36931274076933,2344255
2009-12-17,44.36931228637695,44.80516013467042,43.95089542579066,44.31700934748987,2154962
2009-12-18,44.011924743652344,44.38675089833331,43.602226631801564,43.93347198447359,2648970
2009-12-21,42.70436477661133,43.933455320719624,42.28594800285767,43.689378315154244,1970845
2009-12-22,43.48017883300781,44.84874070223282,42.74795437285996,42.76538868444144,2333997
2009-12-23,44.29086685180664,44.935919911617546,43.93347169022067,43.93347169022067,1334585
2009-12-24,44.665679931640625,45.31073275464078,42.20749550470056,43.95088654562674,1292137
2009-12-29,44.430320739746094,45.23227900435795,44.168809429303195,45.179979402472924,2015692
2009-12-30,44.648250579833984,44.92719291133489,44.194968459831294,44.44776098689614,953835
2009-12-31,45.58095932006836,45.76401458032859,44.89231906451281,45.153827054206644,1507915
2010-01-04,44.54364776611328,45.920928531942586,44.290858546968565,45.76402304405684,1645995
2010-01-05,45.51995086669922,45.729155974158516,44.717989087424634,45.07538419415156,1652770
2010-01-06,45.27589416503906,45.80762931723609,44.63084091420675,44.99695167950238,1169425
2010-01-07,45.31074523925781,45.676859187861226,44.67440773301816,45.32817955350135,490790
2010-01-08,45.057945251464844,45.72915127567222,44.892324281305186,45.50251187833507,361277
2010-01-11,46.87108612060547,47.10644439846869,45.06667598224319,45.06667598224319,1693245
2010-01-12,47.141300201416016,48.81495417707926,46.11269911523574,48.81495417707926,1245475
2010-01-13,47.324363708496094,47.59458726650382,46.59213913553809,47.42025077433965,790195
2010-01-14,49.285667419433594,49.54717542057318,46.74903349039578,46.74903349039578,2123515
2010-01-15,49.024166107177734,49.68665335547178,48.6057492579598,49.52974786832883,842695
2010-01-18,47.97814178466797,48.98930886721848,47.76893331143937,48.95444023413774,885497
2010-01-19,47.24591064453125,48.81496234042231,46.92338414585355,47.76892676807647,1593592
2010-01-20,47.76020812988281,48.108884414210046,47.089002042852506,47.4202473394303,904347
2010-01-21,47.40281295776367,47.92582904612455,47.01054922886542,47.28077609216315,715927
2010-01-22,46.792625427246094,47.21103896408336,46.02553228041684,46.56598268317474,698267
2010-01-25,46.29574966430664,46.792615845384596,46.02552285563523,46.34804926741726,904057
2010-01-27,42.71309280395508,46.51368689977645,41.91113429028916,46.11270764294349,2090782
2010-01-28,42.216224670410156,43.93346633074724,41.945997795734904,43.06177059660745,1164752
2010-01-29,42.216224670410156,46.46138196459941,40.83894381434674,41.84139523870962,2572627
2010-02-01,43.52376937866211,43.65452507221103,42.27724418111599,42.36441242664499,983570
2010-02-02,44.23855209350586,44.97077653702925,43.5847803876905,43.5847803876905,1111257
2010-02-03,45.22653579711914,45.85284355454304,44.49437064812927,44.81193609274951,534740
2010-02-04,45.0412712097168,45.641116046073066,44.970699645421995,45.51761580855715,462315
2010-02-05,44.52082443237305,45.20888046309683,43.40052591758054,43.80630237851826,371820
2010-02-08,43.0212287902832,45.16479241768078,42.60662903925198,45.16479241768078,1185075
2010-02-09,43.453468322753906,44.1768137904691,42.38609806941977,43.87689120899083,1293532
2010-02-10,43.735755920410156,44.379706719566066,43.471115747709725,43.665184310346156,582232
2010-02-11,42.65955352783203,44.26502030661806,42.483127904495774,43.66517520629813,2042662
2010-02-15,43.05649948120117,43.87687556255136,42.74775387696168,43.18881614155693,590997
2010-02-16,43.074161529541016,43.54168666109599,42.70366731271216,42.88891273860683,524275
2010-02-17,42.73011779785156,44.01802237331406,42.60662088247373,43.22410882440146,915617
2010-02-18,41.380470275878906,43.162362605268086,41.212867791322026,42.359629248640964,2944927
2010-02-19,41.415748596191406,42.50076139676417,40.63947804434491,41.14228877229233,1315987
2010-02-22,41.00115966796875,41.98913848652345,40.815914270434554,41.81271622127508,468570
2010-02-23,40.92177200317383,41.803896869342836,40.1719672129459,41.28344306370155,2655552
2010-02-24,42.71247863769531,42.86244159451666,40.674772625598756,40.91294671111112,1694647
2010-02-25,44.088592529296875,44.45908665670609,42.25377488534247,43.224110718726976,961030
2010-02-26,44.159175872802734,44.94426653392967,43.57697354482908,43.771038744127225,1460817
2010-03-02,43.44465255737305,44.63551986013801,43.22412132611734,44.37088305563908,732120
2010-03-03,45.69406509399414,46.929041190469306,43.48875303960215,43.48875303960215,2424437
2010-03-04,45.385311126708984,46.02043854745603,45.0501028380958,45.69405338922225,1209862
2010-03-05,45.81756591796875,46.13513141915091,45.032475298401415,45.43825194322777,1110290
2010-03-08,46.36448669433594,46.71733464093569,45.358861465675915,45.69406987522925,1894310
2010-03-09,45.6675910949707,46.31154165126947,45.076565861220296,46.31154165126947,1585950
2010-03-10,44.9354362487793,45.81756105168847,44.48555407991281,45.69406411768744,562335
2010-03-11,45.68524932861328,45.985171928886636,44.59141297319298,45.129509700010416,1459980
2010-03-12,46.78790283203125,46.990791143641644,45.579389365208684,46.39976574456854,1016360
2010-03-15,47.0789909362793,47.54651928213331,46.32036321002414,46.57618016237314,1493227
2010-03-16,45.88813400268555,47.28188948251208,45.69406546351712,47.28188948251208,538900
2010-03-17,45.42060852050781,46.364481809911844,44.81194024030431,46.364481809911844,1094052
2010-03-18,45.77345657348633,46.13512761668156,45.18243455669572,45.62349696864303,1164157
2010-03-19,45.702877044677734,46.734961218398134,45.45587986679111,46.02926220666132,2029935
2010-03-22,45.314754486083984,45.782282964246455,45.032474791552374,45.25300601322016,310020
2010-03-23,45.3323974609375,45.694068530456,45.032474864382685,45.694068530456,223635
2010-03-25,45.43824005126953,45.94105420657258,44.54729561949656,45.164783558517094,804905
2010-03-26,46.31155014038086,46.57618689674668,45.17360838646502,45.61467076875436,1063230
2010-03-29,46.01162338256836,47.15838479875391,45.464707020702384,46.57618264191887,551082
2010-03-30,45.676422119140625,46.34683886700257,45.54410541511674,46.311553066580544,328172
2010-03-31,45.57938003540039,46.390936480760786,45.40295779361812,45.85283989422461,796572
2010-04-01,46.04691696166992,46.39976487589286,45.341217768184855,45.57938851189172,366660
2010-04-05,46.232154846191406,46.64675452710552,45.9410554484507,46.64675452710552,163822
2010-04-06,47.97878646850586,48.49924044267501,46.09103918204024,46.39978163915737,1624475
2010-04-07,48.119895935058594,48.90498628540002,47.81997343846362,48.42864156201599,1336767
2010-04-08,47.246604919433594,48.83442886693428,46.699685127319235,48.684465902954855,786662
2010-04-09,47.625911712646484,48.12872249793973,46.964318219888156,46.964318219888156,1939545
2010-04-12,46.849639892578125,47.81115587911051,46.620285603108876,47.6788358378753,451240
2010-04-13,46.002811431884766,46.92904183443134,45.82638579210466,46.34683957868442,1268977
2010-04-15,45.649967193603516,46.31156092104704,43.70929158676122,43.70929158676122,1756757
2010-04-16,46.10866928100586,46.399768750421536,45.332398420831595,45.46471850286384,905495
2010-04-19,45.10304641723633,45.73817404768778,44.67080374196297,44.90015809701884,1121375
2010-04-20,46.78790283203125,47.44067333633612,45.16479297410886,45.16479297410886,1466925
2010-04-21,47.15838623046875,48.16400786234705,46.92903528628406,47.10546090144698,1705565
2010-04-22,47.72294998168945,48.01405277875926,46.75261405486818,47.10546531827903,1708160
2010-04-23,48.34926223754883,48.49922184061947,47.77587976277953,48.06698256644247,347425
2010-04-26,49.79595184326172,50.1046942157506,48.34044439572389,48.34044439572389,1398277
2010-04-27,48.67564010620117,50.263463857017236,47.846444118507094,49.75183329249409,2212205
2010-04-28,49.2843132019043,50.00765529171628,47.29071257108963,47.3524610398512,1243202
2010-04-29,48.38454055786133,49.75183659448691,48.164009373249314,49.663622101618806,1034257
2010-04-30,47.467132568359375,48.8432449829716,47.29952671732108,48.56096534074146,664780
2010-05-03,47.61709213256836,47.89055200804818,46.92903592560212,47.54652390456506,711032
2010-05-04,48.093441009521484,48.799140125299004,47.290707634379785,48.49921758046371,1021920
2010-05-05,48.59625244140625,48.825603394983546,46.57618596339244,48.09344160487549,719425
2010-05-06,48.90499496459961,49.16963508182559,47.220136825460436,48.3757214602254,634720
2010-05-07,46.77024841308594,48.296323623314834,46.435040110567236,48.287503857607845,1053762
2010-05-10,49.213741302490234,50.05176049978798,47.114283425742386,47.634737170166126,1432840
2010-05-11,48.96674728393555,49.6900927322654,48.53450800650139,49.48720106240464,473675
2010-05-12,49.86652374267578,50.069412083050786,48.605084759659256,48.702119045282025,531752
2010-05-13,51.17206573486328,51.64841400491648,50.04294690069826,50.24583523089731,2004080
2010-05-14,50.73100662231445,51.65724055253231,50.104698687912496,51.516100688934124,944802
2010-05-17,51.73662567138672,52.04536803404752,49.43427919113527,49.43427919113527,563815
2010-05-18,50.79273223876953,52.36291283111195,50.11349594437562,51.67485677200244,876877
2010-05-19,49.30195617675781,50.73982059089072,48.88735643012729,50.28111527579804,295675
2010-05-20,50.916255950927734,51.339675546076094,48.60508603381318,49.68127960796515,406150
2010-05-21,50.92506790161133,51.25145315848233,49.09024993767349,49.39899229349209,555480
2010-05-24,50.686893463134766,52.12475792190186,50.40461377816739,51.16324169340695,878272
2010-05-25,49.62834548950195,50.61632780224386,48.957932044820865,50.457545050733174,254240
2010-05-26,50.23699188232422,50.40459432902767,48.88733908399735,50.281097435136914,686075
2010-05-27,49.84886932373047,50.36932307317126,49.59305569759502,49.97236961829114,307437
2010-05-28,51.11030197143555,51.25144178349013,49.840043662944296,50.27228623019565,491285
2010-05-31,52.257080078125,52.90985061372581,51.03092365171918,51.86894297205374,1181705
2010-06-01,50.386959075927734,52.73341051079833,50.14878501657519,52.574627804563306,449842
2010-06-02,50.933895111083984,51.163246113042284,50.01648437317166,50.50165241330466,350057
2010-06-03,51.40140914916992,51.886577084536114,51.05738103800187,51.6925085643741,332792
2010-06-04,51.71897506713867,52.133571411672186,51.16323553207934,51.16323553207934,466397
2010-06-07,52.3276481628418,52.7510677058911,50.63396999064455,51.18088647978666,945727
2010-06-08,51.657222747802734,53.42147211721492,51.03091166423206,52.6628443499615,969842
2010-06-09,53.403831481933594,53.7566793517397,52.08064439882347,52.186498423261426,1640585
2010-06-10,53.28034973144531,54.127188898173735,52.945141299392084,53.63319770172896,1702717
2010-06-11,53.227394104003906,53.79195326298625,52.433480683536224,53.48321102449216,514242
2010-06-14,52.73342514038086,53.606730266950386,52.55700285343216,53.54498179351046,716605
2010-06-15,52.38056182861328,53.44793183057878,52.22177912492802,52.92747816073006,576250
2010-06-16,51.701332092285156,52.874556258975076,51.51608670255078,52.48642258071654,467745
2010-06-17,51.46315002441406,52.01888947246268,50.67805965774764,51.780715423298986,1011562
2010-06-18,51.19852066040039,52.0365398354783,51.0044521410033,51.46315740909898,575945
2010-06-21,51.322017669677734,53.63318354749511,51.18087784580428,51.692508445455985,1278382
2010-06-22,51.24263381958008,51.569019079184216,50.54575436485181,51.32202519246101,1607352
2010-06-23,50.986812591552734,51.58665772269187,50.819210091543496,51.16323822395349,1090400
2010-06-24,50.42224884033203,51.498442075111875,49.66362104303075,51.16323373943575,2047422
2010-06-25,49.496028900146484,50.28993929469554,49.2402118703858,50.03412562997432,1173792
2010-06-28,50.933895111083984,51.339671772646895,49.3989962470753,49.71656176135569,1324937
2010-06-29,52.28352737426758,52.556987221767855,50.84566328102165,51.163228687141086,3314310
2010-06-30,52.95392608642578,53.43027406491848,51.74541661361653,52.08062482422667,1833212
2010-07-01,52.61875915527344,52.83929041180847,51.91305644232941,52.68050763790006,900792
2010-07-02,51.895423889160156,52.94515160016598,51.60432097612673,52.57465728949074,381027
2010-07-05,52.415855407714844,52.75106378292336,51.79837072317172,52.16886153389759,317777
2010-07-06,52.627567291259766,52.8392787313508,51.96597366790415,52.3100018136428,850797
2010-07-07,52.7686882019043,53.07743043604437,52.107094815857316,52.3099830504405,576337
2010-07-08,53.641990661621094,53.950732882578045,53.21857131643534,53.35088796897211,1539442
2010-07-09,54.26832962036133,54.69174921044386,53.30681324964064,54.09190394990033,1029832
2010-07-12,53.78314971923828,54.93873104472725,53.66847255390917,53.82725528589131,647667
2010-07-13,55.62678909301758,56.45598516369533,53.809610859147114,53.809610859147114,1835910
2010-07-14,56.14723205566406,56.764716582749756,55.106324759950624,55.106324759950624,2003692
2010-07-15,55.09750747680664,56.438337412989,54.762302516540046,56.11195221902893,1619470
2010-07-16,57.302825927734375,57.86738525864186,54.691737339767734,55.16808553711057,5735425
2010-07-19,58.28197479248047,59.53459016814426,57.002896754384984,57.002896754384984,6768812
2010-07-20,58.52016067504883,59.57871455763302,57.95560129636873,58.873011969243564,2379450
2010-07-21,57.69096755981445,59.01415485829608,57.38222520285114,58.78480050880391,2234802
2010-07-22,57.02054214477539,58.105558526497056,55.75028374196007,58.008524267559444,2803765
2010-07-23,56.0061149597168,58.17613817970559,55.750297914763784,58.17613817970559,1237522
2010-07-26,56.041385650634766,56.614768098064495,55.397434971312784,56.279559742719165,887607
2010-07-27,56.50008773803711,56.89704114703206,55.5032825548785,56.173699187699235,626227
2010-07-28,56.10314178466797,57.05583828323812,55.58268796379118,56.54420423066391,1045182
2010-07-29,55.61794662475586,56.52653710832962,55.4150584024147,56.45596553619125,1472982
2010-07-30,56.173709869384766,56.54420068557418,55.45036777250516,55.92671599192516,884010
2010-08-02,57.43514633178711,57.54100373073574,55.93553349707222,56.40305856479193,1263677
2010-08-03,58.03497314453125,58.46721227614724,57.55862509475861,57.743870436879746,1302620
2010-08-04,57.29401779174805,58.13204060515533,56.98527537842109,57.17934396110657,343577
2010-08-05,56.10314178466797,57.294009042841246,55.94435903490628,57.294009042841246,820020
2010-08-06,56.50008773803711,56.976429136800206,55.83849087128887,56.455978812558946,1287830
2010-08-09,57.44396209716797,57.65567013783604,56.42951736009768,56.42951736009768,380455
2010-08-10,57.108741760253906,58.2202205830795,56.89703375164587,58.2202205830795,777460
2010-08-11,56.20897674560547,57.514517295498145,55.97080271608567,57.16167286368464,280170
2010-08-12,58.02617263793945,58.20260164927563,55.57386658603494,56.455991452479935,1412760
2010-08-13,58.590721130371094,58.908286561707314,58.02616185912391,58.255516166217255,1348860
2010-08-16,59.79924392700195,59.984489336461024,57.88503463251313,58.27316498706041,1905010
2010-08-17,59.86979675292969,60.65488707873149,59.031774376684425,59.80804830247594,1434335
2010-08-18,59.56987380981445,60.310861981522535,58.94356614460409,60.310861981522535,457965
2010-08-19,59.146484375,60.12564367057408,58.71423827617849,59.80807812984304,364457
2010-08-20,58.758331298828125,59.45521067272982,58.39665691373269,58.925937158270195,476355
2010-08-23,60.240299224853516,60.99010390687514,58.4936892806622,58.4936892806622,2264410
2010-08-24,59.79924392700195,61.537030944885515,59.48167844504971,60.61079716751172,1061562
2010-08-25,59.46403884887695,60.513762834742884,58.846547421230305,58.846547421230305,527227
2010-08-26,59.39347839355469,61.46647081597909,58.87302113928353,61.46647081597909,923347
2010-08-27,60.30204772949219,60.77839589642255,58.943574823078414,59.984482284871945,865410
2010-08-30,62.004554748535156,62.630862566591674,60.51376164086023,60.601972777332726,1599440
2010-08-31,61.59878158569336,62.877859961357544,60.53141129543263,62.63086607337373,1592897
2010-09-01,61.56348419189453,62.57792895232366,61.39587834371446,62.43678576857677,755412
2010-09-02,61.19300079345703,62.21626207844846,60.866612189323796,62.21626207844846,423155
2010-09-03,61.139827728271484,61.62709949082335,60.971493919027466,61.520789092823435,408700
2010-09-06,62.29158401489258,62.62825172795938,61.04238917230526,61.308172001278514,1398927
2010-09-07,61.34361267089844,62.964914331423095,61.13984650594452,62.690270039828604,1175640
2010-09-08,61.47648620605469,62.167530803517785,60.64368540433873,61.963764709039104,1072815
2010-09-09,61.99922180175781,62.725705661689545,61.58282127972807,61.8397494052211,749095
2010-09-13,62.06121826171875,62.76111752824349,61.57393977559888,62.194106249471794,1308027
2010-09-14,63.328155517578125,63.9483221868318,61.343608657346856,62.45991542131323,1125392
2010-09-15,62.65481185913086,64.14321826788607,61.99034483306707,63.43445073636145,1816282
2010-09-16,63.26612091064453,64.46216015322827,62.47761385574332,62.902875707863764,1168020
2010-09-17,63.00033187866211,64.58619393425765,62.530776278825314,63.08006467441951,1538182
2010-09-20,62.61050796508789,63.87742529658755,62.140952373571885,63.452170208134774,881202
2010-09-21,60.72344207763672,63.25727748885488,60.24502489237422,62.56623269657897,1847292
2010-09-22,59.881771087646484,61.255005781527984,59.102132133036996,60.86518292456884,1320400
2010-09-23,60.36905288696289,60.865186179216074,59.066696235489125,59.350201939535104,1197730
2010-09-24,60.679134368896484,60.918346312827644,59.93493445290833,60.59940156045873,878395
2010-09-27,60.758872985839844,61.467633833883646,60.28045586477313,61.130972938011006,325377
2010-09-28,60.39564895629883,60.80318810801155,58.74776943541498,60.26275413829635,347037
2010-09-29,60.90951156616211,61.27275698869912,59.58057676835494,60.25390562518457,1365360
2010-09-30,60.86518478393555,61.69798572767716,59.908357279282995,61.69798572767716,665117
2010-10-01,62.7700080871582,64.09894265538023,61.13099013821319,61.13099013821319,1515117
2010-10-04,63.806541442871094,64.16092515750378,62.70795801088617,63.25725310653221,488587
2010-10-05,63.79769515991211,65.01145058643668,63.35471714805747,64.17865652047942,1274460
2010-10-06,65.45445251464844,65.68480305758673,63.11552829818265,63.11552829818265,1561912
2010-10-07,64.12550354003906,66.15434392947977,63.399019769264974,65.73794345855273,1678805
2010-10-08,64.46218872070312,65.20638884258358,63.28386510174825,64.67481636133886,1945620
2010-10-11,66.77452087402344,67.89968226797367,64.50646841769414,64.67480225778243,2573917
2010-10-12,65.2240982055664,66.97828770518043,64.51533053827605,66.97828770518043,1699397
2010-10-13,67.43901062011719,67.71365496972152,64.8785968983851,65.56078042328706,959205
2010-10-14,66.31381225585938,68.21861920901168,66.00372897495285,67.68704690469927,770072
2010-10-15,64.54190063476562,66.9428408584291,64.01032832579034,66.6238961211822,856730
2010-10-18,64.5064697265625,65.29497021564457,61.40562298005246,64.67480357006636,1203957
2010-10-19,63.744544982910156,65.1532188357878,63.28385073953509,64.71910219654657,590235
2010-10-20,64.37357330322266,65.2595294009209,62.20297680827679,63.27498287537463,1430147
2010-10-21,65.34814453125,65.91515607413761,64.50648191402158,64.50648191402158,573667
2010-10-22,65.3835678100586,65.91514015824828,63.70024974136701,65.3835678100586,822510
2010-10-25,66.50873565673828,67.208641907877,65.21524033819539,65.56076273619541,680765
2010-10-26,65.98603057861328,66.62391345980507,65.20638468052823,66.62391345980507,338087
2010-10-27,65.42787170410156,66.44672280565024,65.04691022297676,65.86198840049163,244007
2010-10-28,63.45218276977539,66.03917314115135,62.92060366501096,65.91513981918874,1459157
2010-10-29,63.788856506347656,64.40902324087963,62.442205843088026,63.94832891798594,1023290
2010-11-01,64.36471557617188,65.0291826879163,63.96603125353982,64.03690936769338,243997
2010-11-02,65.35700225830078,65.56077520939985,64.10780721847695,64.6571026333131,1191662
2010-11-03,65.63164520263672,65.91515095205007,65.02919464021957,65.56076707545581,261377
2010-11-04,65.56962585449219,66.26953212338387,65.23295814378153,65.43673106128061,534820
2010-11-08,66.15434265136719,66.62389831910784,65.23294746440246,65.82654320899444,663975
2010-11-09,66.48214721679688,66.71249769769591,65.7379405705495,66.26951964328707,342870
2010-11-10,65.24181365966797,66.69478127873687,64.86971367999872,66.09233079575884,2300347
2010-11-11,64.21411895751953,66.07462593299171,63.9660455027208,66.07462593299171,943607
2010-11-12,61.38788986206055,64.47987429919598,60.51079534594342,63.531901683372446,2035745
2010-11-15,62.27386474609375,62.725704319833454,61.317030387342506,61.582819962321075,377257
2010-11-16,61.73344421386719,62.90290642922111,60.77660964876549,62.27387817604623,890182
2010-11-18,62.123260498046875,62.72571107480823,59.890646753862256,62.22957093203921,840260
2010-11-19,60.24502182006836,63.43446279985716,59.89063798691196,61.715712361909134,2560142
2010-11-22,62.016937255859375,62.2738653784651,60.599408613301684,60.599408613301684,604915
2010-11-23,60.78546142578125,61.99922397300111,59.748894191646436,61.13098383715952,529887
2010-11-24,59.70458984375,61.83974760412057,59.35906745453553,61.43220178982233,1180525
2010-11-25,56.26707077026367,60.59939896483783,55.248223276785474,60.59939896483783,1451085
2010-11-26,55.540584564208984,57.58714429346773,50.85387954332394,55.90382641610469,2154587
2010-11-29,56.32023239135742,57.5871499608689,54.75208959455676,55.460853841221166,1395752
2010-11-30,59.66915512084961,60.245028064504694,55.31910984726055,56.13419139614212,2559102
2010-12-01,59.79317855834961,61.458780443172344,59.23502861825141,60.01466759543272,704055
2010-12-02,60.07666778564453,61.2638522137884,59.19957333185418,60.31587966532826,422130
2010-12-03,58.00355911254883,60.95379516648367,57.4188247194547,60.07669357684247,716145
2010-12-06,56.88724136352539,59.181871217445895,56.55058047299608,58.47310362134249,757010
2010-12-07,55.2836799621582,57.85295483917836,54.92929605510184,57.4099766451856,1956420
2010-12-08,55.044456481933594,55.79751785669799,54.59261695335135,55.28366504771457,824407
2010-12-09,52.661224365234375,55.63803711922291,52.31570205979892,54.255947897481086,988830
2010-12-10,54.016746520996094,54.57489645154336,51.59808668299463,52.27141185715752,699100
2010-12-13,56.10762023925781,56.346825492329764,54.025620678699596,54.68122989946972,748662
2010-12-14,58.33137130737305,58.827511531727836,56.21393924389001,56.931565208242155,915280
2010-12-15,56.2404899597168,58.96923285139948,55.912687165705655,58.96923285139948,1903815
2010-12-16,56.79865264892578,57.40996459126284,55.31910403421845,56.64803833717074,1239662
2010-12-20,58.5085563659668,59.09328402414482,55.832967865683074,56.346820775461254,1025600
2010-12-21,56.532867431640625,59.10213843352021,56.391114572086266,58.508549390278446,1142350
2010-12-22,56.69234085083008,57.409966616414444,56.169626538043765,56.87838746903441,709180
2010-12-23,57.2061882019043,57.587149615889466,56.47084635653712,56.701193467952706,771810
2010-12-24,57.2061882019043,58.065566746892394,56.26707346841572,56.80751063905635,1690450
2010-12-27,56.648033142089844,57.58714784672744,56.34680792585925,56.78978598621869,1045887
2010-12-28,56.2848014831543,57.30365255875847,56.16962959990896,56.77208014171151,1263902
2010-12-29,54.69008255004883,56.594889966297,53.00676759070996,56.38225896508472,2254797
2010-12-30,53.98130416870117,55.638041090277106,53.74209562179113,55.638041090277106,2006962
2010-12-31,54.98242950439453,55.23049609806741,54.08761206923928,54.39769869098425,662757
2011-01-03,54.40656661987305,55.70006177785525,54.17621950968416,55.70006177785525,1071662
2011-01-04,54.583763122558594,55.76208313488024,54.415429278187815,54.95586311182182,1698595
2011-01-05,53.38772201538086,54.752095448365615,52.989044407520076,54.22052305144799,2746842
2011-01-06,52.82957077026367,53.77754366292395,52.12966453971119,53.74210460272146,2640312
2011-01-07,51.69554138183594,52.80298659892458,51.403177601944925,52.80298659892458,1586860
2011-01-10,51.62466049194336,52.041060925425164,50.39318209807202,51.56264383755086,1278562
2011-01-11,51.03107833862305,52.56378561592313,50.58810021630981,51.917034583249524,1382090
2011-01-12,50.95134735107422,51.722131796061625,49.83504385575363,51.243714563929146,1504902
2011-01-13,50.676700592041016,52.13852644644347,50.19828338311437,51.208273015522806,1580025
2011-01-14,49.43635559082031,50.588097982035904,48.585838444660006,49.967931341911545,2588315
2011-01-17,48.33777618408203,49.2591681530461,47.88593658558488,49.2591681530461,1719645
2011-01-18,49.65785598754883,50.021097979606616,48.05427705220722,48.196029942286955,1783777
2011-01-19,50.5615234375,52.16510548317961,49.9679343661252,49.9679343661252,2525900
2011-01-20,51.766414642333984,52.625793131675536,50.34888624928489,50.561513818415115,2327285
2011-01-21,51.18355941772461,52.77968188375529,50.977315722765894,51.66777407801038,1083925
2011-01-24,51.33601760864258,51.82920137315752,50.699362141348104,51.29118334289308,398087
2011-01-25,49.435001373291016,51.81125092804114,49.192892308503495,51.52430761139685,1670627
2011-01-27,47.560909271240234,50.17926835095774,47.05875666854172,49.49777870931345,2659637
2011-01-28,45.63301086425781,47.61471480297419,45.444704898092404,47.61471480297419,1890407
2011-01-31,43.97410583496094,45.01427620825486,43.14017575578353,44.332783268828486,1824892
2011-02-01,44.10861587524414,44.834943186290545,43.75890386569263,44.027912840683435,1358997
2011-02-02,45.148773193359375,45.866134810686404,43.507816532213006,44.11757185456075,2975500
2011-02-03,46.92425537109375,47.30086726953412,45.29226021594755,45.57920701271837,1556215
2011-02-04,45.72267532348633,48.045125454225705,45.37295990280713,46.98702055014308,1227922
2011-02-07,47.004940032958984,47.345686466441286,45.749564016952974,46.377253735272866,1279657
2011-02-08,46.44002914428711,47.59677135425463,46.07238279313088,46.62833506108156,535650
2011-02-09,45.84822082519531,46.55661043547264,45.014290481591466,46.45797641881178,1662972
2011-02-10,45.2653694152832,47.507117128524065,44.30590166766696,47.507117128524065,1383290
2011-02-11,44.87081527709961,45.37296448868146,42.862208168867355,45.37296448868146,1390485
2011-02-14,47.35466384887695,47.69540692274866,44.23415250194499,45.552297383784264,1379800
2011-02-15,46.99598693847656,48.22446341426427,46.449000088638584,47.0856554558844,599990
2011-02-16,45.6778450012207,46.98702811719058,45.059123933856114,46.53867862531142,936532
2011-02-17,46.386234283447266,47.166361378708615,45.22052638257327,45.722679004463785,555632
2011-02-18,43.71406936645508,47.36363344811655,43.310554195868555,46.619375174043356,1568225
2011-02-21,43.13119888305664,44.09963495887787,42.06412884007599,43.75888855212964,1687005
2011-02-22,43.884437561035156,44.41348998407945,42.17174300857559,43.005673157113776,771540
2011-02-23,44.11757278442383,44.43141593314398,43.85752936369355,43.93823237631213,593262
2011-02-24,42.94289779663086,44.72732961501997,42.422814358415806,44.117574259434114,1211912
2011-02-25,44.39555358886719,44.81700309579402,42.503522100490684,43.40022085011594,530090
2011-02-28,44.51213073730469,45.73164173075983,44.153453246699144,44.6825057094294,885062
2011-03-01,45.74060821533203,46.05445487469473,44.50316622780349,44.619734618968295,1079420
2011-03-03,46.58350372314453,46.97804996692628,45.19362125596292,45.552298726500545,1228937
2011-03-04,47.973392486572266,50.520017570348415,46.30553193880293,46.67317836122042,3200205
2011-03-07,47.14841842651367,47.70437065257901,46.62833154811118,47.17531829241931,524127
2011-03-08,45.79441452026367,47.49814387184325,44.92461545522583,47.23810035869905,1836377
2011-03-09,45.6240234375,46.26964407108792,45.372945516061925,45.88406341877606,882665
2011-03-10,44.198272705078125,45.89303243087471,44.04583217162559,45.875098049254795,1761120
2011-03-11,43.55266571044922,44.72734251196571,42.987744440339085,43.93824651473956,871417
2011-03-14,43.14017868041992,43.93824004412394,42.781497801601894,43.93824004412394,950455
2011-03-15,41.71442794799805,42.97877309982069,40.907397672096614,42.682860858445366,3016390
2011-03-16,42.18070983886719,42.66492798272915,41.78616020136444,42.23450957442901,2462135
2011-03-17,42.08208084106445,42.57526456588862,41.651665767365095,42.18071827015628,753950
2011-03-18,41.328853607177734,42.66493651105999,41.01501035155184,42.48559604185879,1630622
2011-03-21,39.71478271484375,41.3288395472897,39.49957354088853,41.319874066165376,2799997
2011-03-22,39.6071891784668,40.2169447103891,39.015368035205135,39.81343293774674,3140230
2011-03-23,40.92533874511719,41.12261360493362,39.49062182091127,39.54442156767214,1887725
2011-03-24,41.89376449584961,42.03723615149427,40.96119702384228,40.97913140837712,1149355
2011-03-25,43.920310974121094,44.117585823412085,42.064144555936096,42.23451611264709,2513817
2011-03-28,44.59284210205078,44.987388441615664,43.6064745428209,43.89341795716542,1386532
2011-03-29,43.983070373535156,45.103943744015844,43.75889569943902,44.65559439582357,1284780
2011-03-30,44.80802536010742,45.624020862297684,44.045829578976594,44.11756710123361,1350250
2011-03-31,44.82598114013672,46.440038534487485,44.29692863314361,45.37296461562081,1968120
2011-04-01,43.33744812011719,45.8751035632651,43.07740468632247,44.83493324872015,3607545
2011-04-04,44.18035125732422,44.36865718850991,43.05050882894102,43.63336443000286,1682262
2011-04-05,45.148773193359375,45.44468537360183,43.956165832725546,44.26104349389942,944997
2011-04-06,46.126190185546875,46.44900233685527,45.12188837530339,45.37296297270555,1594665
2011-04-07,46.83457946777344,47.1304917234981,46.29656153817259,46.29656153817259,1647067
2011-04-08,46.395198822021484,47.345697389598485,44.47626045857913,46.969085524098446,3930922
2011-04-11,44.897708892822266,46.03651678565152,44.13551627682397,46.03651678565152,1700465
2011-04-13,45.650936126708984,45.88407631144555,44.02791005464028,44.35969107608104,1750842
2011-04-15,45.193607330322266,45.80336260504848,44.83492654967152,45.39087868111009,1078175
2011-04-18,44.44934844970703,45.79439632311911,44.29691133262447,45.372946894847225,903860
2011-04-19,44.0548210144043,44.9963542415221,43.947214675976205,44.47626720102488,1012090
2011-04-20,42.49455642700195,44.117582518601075,42.30625049622173,43.91134220098923,2588882
2011-04-21,40.835662841796875,42.862200558656916,40.71909104381922,42.50352310272971,4261887
2011-04-25,40.0555305480957,41.19433834342294,39.59821570177783,40.71012362986113,6144792
2011-04-26,40.97016525268555,41.55302081692689,39.9927634641271,40.35144433760397,5404977
2011-04-27,40.826698303222656,41.472322581801926,40.37834886990588,41.06880740768988,4503432
2011-04-28,40.54872512817383,41.23021478332258,40.360415760533606,40.97914018731538,2116687
2011-04-29,41.53508758544922,42.037240138144796,40.521816997257446,40.54872028692816,3287792
2011-05-02,41.53508758544922,42.38695211815436,41.230209860711625,41.606825130391904,2918150
2011-05-03,40.07347869873047,41.42749615902873,39.921041504472385,41.42749615902873,3152252
2011-05-04,38.54908752441406,40.10934170733824,38.41458132008428,40.10934170733824,1538225
2011-05-05,38.58494567871094,38.889823387066095,37.97519026200062,38.55804581112009,1947427
2011-05-06,38.45941162109375,38.880861158670584,37.67928460996249,38.80912361157898,2970900
2011-05-09,37.83171463012695,38.16349559188771,36.8812162549039,37.706177367032126,3219665
2011-05-10,38.41457748413086,38.54011477129765,37.3564726056757,38.002096848972954,6646207
2011-05-11,39.087093353271484,39.25746486125889,38.19936020597463,38.55804102562936,2270885
2011-05-12,38.71048355102539,39.23953595247501,38.55804640481777,39.03329564962303,1682632
2011-05-13,38.719451904296875,38.88085795130371,38.037958945682625,38.88085795130371,1265495
2011-05-16,39.00639343261719,39.66995197540048,37.85862019173159,38.28903515706369,1714582
2011-05-17,39.54441833496094,39.9658678935212,38.19937004573594,38.898797482164525,2991887
2011-05-18,38.719451904296875,39.54441310399028,38.59391462787695,39.311272936443864,2742920
2011-05-19,38.665653228759766,38.91673123132727,38.39664425945531,38.719456390874505,2640405
2011-05-20,38.38768768310547,38.504256097115935,36.81846434065197,38.07384096223351,1256395
2011-05-23,37.88552474975586,38.33387415507842,36.56737640350451,37.123332128961316,2507245
2011-05-24,36.20869827270508,37.01572513521879,35.91278602867261,36.76465056741023,15991517
2011-05-25,36.0562629699707,36.47771255951877,34.83675188410519,34.83675188410519,43133740
2011-05-26,35.9038200378418,36.047291706078916,34.899514939547565,35.68861082516892,67467882
2011-05-27,35.778282165527344,35.99348795401587,34.343562086188406,35.1505923446062,85992595
2011-05-30,35.885887145996094,35.94865578967382,35.285097158550535,35.85898727602979,7800340
2011-05-31,36.2714729309082,36.37907584629762,35.706551639002534,35.90382650107896,11891647
2011-06-01,36.69291687011719,36.81845758782195,36.27147071861585,36.37010814363791,10703860
2011-06-02,36.800514221191406,37.1860949227686,36.343195984142184,36.42389900123123,7840035
2011-06-03,36.57633972167969,37.177126191162664,36.44183355236924,36.926051657126074,4941765
2011-06-06,36.414947509765625,36.67499104480611,36.04730105081142,36.42391299482707,2366950
2011-06-07,36.262516021728516,36.6929312463045,36.163881978696715,36.40598776325384,4552675
2011-06-08,36.145938873291016,36.45978216330163,35.99349826054635,36.22664192224165,5079667
2011-06-09,35.885887145996094,36.31630216862963,35.796215211717524,36.07419307702929,2189937
2011-06-10,35.975563049316406,36.23560658118754,35.706554032493095,35.86796012671413,2833215
2011-06-13,36.038330078125,36.28940811370339,35.688618029986806,35.86795850664706,2434585
2011-06-14,35.885887145996094,36.21766475124047,32.26322309637062,32.26322309637062,2630845
2011-06-15,35.34786605834961,36.029359081266534,35.15059464277644,35.8858874060158,3698537
2011-06-16,33.805545806884766,35.32993446736945,33.64413974750201,35.32993446736945,8449807
2011-06-17,32.40668869018555,33.98488023103043,32.29011690781278,33.84140858373852,11520985
2011-06-20,31.56380271911621,32.99851962517993,31.429296512644957,32.774344894817794,15310195
2011-06-21,30.65813446044922,32.27219523279742,30.164950744736103,31.922479785032063,10516580
2011-06-22,31.384458541870117,31.53689569859749,30.774703073691594,31.115449581352422,6380937
2011-06-23,31.393409729003906,31.64448760903441,30.685020587041855,31.38444425001098,7285240
2011-06-24,31.994218826293945,32.43359939646689,31.429297529722266,31.492066182604116,8185040
2011-06-27,33.07026290893555,33.258568894104044,31.563808186316574,31.563808186316574,5194400
2011-06-28,32.3349609375,33.3571970531192,32.04801758647126,33.186822086759626,6360150
2011-06-29,33.195796966552734,33.402037323442734,32.20046054196194,32.47843845984073,5919417
2011-06-30,32.971614837646484,33.446864100574075,32.550165312780486,32.82814316842489,12021545
2011-07-01,34.406333923339844,34.56773999002166,33.00748590627697,33.17785745638127,9165105
2011-07-04,34.800880432128906,35.24026091307827,34.32562775885789,34.612571091087695,5697092
2011-07-05,34.612579345703125,35.47341296832364,34.48704203549299,34.94436043198438,3667287
2011-07-06,35.329925537109375,35.509262517195644,34.522895444186624,34.6035984534789,5050322
2011-07-07,35.85001754760742,35.930720576284415,35.27613086396413,35.41960253487495,2756980
2011-07-08,34.78295135498047,36.04729667453506,34.43323932924078,36.04729667453506,4768515
2011-07-11,34.800880432128906,35.598941788682694,34.28079350456592,34.28079350456592,3062807
2011-07-12,33.67103576660156,34.809843535065006,33.45582999245826,34.3076910276738,3369917
2011-07-13,34.872615814208984,34.97125322959397,33.85037972864544,33.85037972864544,4568055
2011-07-14,38.22627258300781,38.55805019669001,34.90848618428198,34.90848618428198,80126837
2011-07-15,37.894493103027344,38.71945785003613,37.34750966043662,38.28904279880167,18542842
2011-07-18,38.88983154296875,38.99743787716761,37.9751982260881,38.19937295804997,20008082
2011-07-19,38.441471099853516,39.122964005933376,37.55374133038277,38.997426739190765,11413502
2011-07-20,38.154537200927734,38.88086453545602,37.9303624777488,38.56701787062462,8995325
2011-07-21,37.44615173339844,38.3787195890257,36.89916817293265,37.66136101571069,6388265
2011-07-22,37.49993133544922,38.00208373141802,37.257822327783906,37.822743345669636,4595007
2011-07-25,37.95726776123047,38.41458271542005,37.347512208554356,37.786892773472886,4407735
2011-07-26,36.16386413574219,38.34283906612089,36.029357947898134,37.41027491664386,8651585
2011-07-27,34.51394271850586,36.40597455445626,34.35253664027162,36.04729704109621,11442947
2011-07-28,33.36616134643555,34.33459768709791,32.90884646599017,34.33459768709791,21524340
2011-07-29,33.02541732788086,34.056618860590476,32.29909009304112,33.44686342358203,12456610
2011-08-01,33.68897247314453,34.39736532151142,33.2316576060952,33.2316576060952,5344790
2011-08-02,32.182518005371094,33.75174083811495,31.761068492831193,33.662072330211885,10162677
2011-08-03,32.765384674072266,32.92679077951187,31.44723595319398,31.44723595319398,7847735
2011-08-04,33.30339050292969,33.62620259514455,32.81917236460739,33.070250336682406,10576477
2011-08-05,31.402387619018555,32.505326565096084,30.86436636831936,32.46049231602964,15910220
2011-08-08,30.729869842529297,31.420328363967837,29.680730414674624,30.1918484829051,12237310
2011-08-09,31.366527557373047,31.976283091691005,29.591064120612486,29.591064120612486,8740937
2011-08-10,31.13337516784668,32.15561098124514,30.90920052734233,32.08387345437964,6353497
2011-08-11,31.061641693115234,31.474122264501172,30.433951933691333,30.980938675180248,5631550
2011-08-12,30.371192932128906,31.886616369458842,30.173921486215697,31.384463718533674,5904492
2011-08-16,30.09321403503418,31.079581382035602,29.465524168472104,30.846441190781757,5098360
2011-08-17,28.568824768066406,30.63123135662498,28.25497984102908,30.09321343635214,8123542
2011-08-18,26.865093231201172,28.873699899058046,26.56918271759748,28.64952521571231,8389895
2011-08-19,26.138771057128906,26.578153287074507,24.77578839873603,26.022200959517754,7825105
2011-08-22,26.560218811035156,26.900963597395933,25.654552831351427,26.533317231723565,6623150
2011-08-23,26.891998291015625,27.725928494693605,26.022201022722992,26.757493805655347,6974412
2011-08-24,25.591779708862305,27.098231969872668,25.215166216030486,26.793354298993723,15383377
2011-08-25,24.515745162963867,25.986330637713092,24.390207879114705,25.97736344453569,19990245
2011-08-26,23.861154556274414,25.15239953953682,23.385903597653225,24.408139636981918,10463267
2011-08-29,25.071697235107422,25.466245179828366,24.201900028418972,24.39020766284016,9590710
2011-08-30,26.1029109954834,26.721632134691678,25.233111785636588,25.28691496233818,10430100
2011-09-02,26.434673309326172,26.52434350796959,25.564876316213613,26.18359880550474,11122940
2011-09-05,26.2015380859375,26.54228458466749,25.502114122796222,26.434679977090333,6436900
2011-09-06,26.05807113647461,26.183610153108933,25.30484387793877,26.07600552603916,4528930
2011-09-07,26.9457950592041,27.492781809614765,26.183602537879313,26.183602537879313,8252715
2011-09-08,26.78438949584961,27.277573070471426,26.461577433730923,27.062365599164618,8475325
2011-09-09,26.542287826538086,27.564524026949382,26.264311645961183,26.82026400711499,8339390
2011-09-12,25.790403366088867,26.46075436883718,25.582051377632435,26.46075436883718,3155947
2011-09-13,25.998762130737305,26.54228886219381,25.90817376621811,26.06217346755194,5930715
2011-09-14,26.107460021972656,26.397341331068127,25.73604937871547,25.926285067702434,6820157
2011-09-15,28.26346206665039,28.43557805534882,26.270524996475686,26.270524996475686,11353047
2011-09-16,29.205575942993164,29.486396562357438,28.000753751338895,28.453693801315687,11618435
2011-09-19,28.444629669189453,29.531684556622913,28.26345471853164,28.933805664406155,6296740
2011-09-20,28.852272033691406,29.06968297878997,28.37215511670587,28.444625431738725,3569842
2011-09-21,29.70380401611328,29.94839201421471,28.07321908993259,28.07321908993259,7977577
2011-09-22,27.747106552124023,29.43204580971147,27.439108909398893,29.01533833967332,7157510
2011-09-23,27.18545913696289,27.719928477737618,26.45169681725634,27.5568698005075,4794077
2011-09-26,27.140161514282227,27.484396850710933,26.08934094761459,27.266985877727507,4017867
2011-09-27,27.91016960144043,28.027934999764287,27.45722948321205,27.538758842719513,2122290
2011-09-28,27.611223220825195,28.33592828995056,27.37569420294663,28.06416324109265,3319832
2011-09-29,27.276058197021484,27.89205711837622,26.859352332881066,27.538762602993554,4486960
2011-09-30,27.176408767700195,27.393819830502252,26.72346862157186,27.393819830502252,2674170
2011-10-03,25.781347274780273,27.085815125753022,25.63640659443099,27.085815125753022,6821922
2011-10-04,24.531221389770508,25.980629207057515,24.404398788899965,25.81757059003633,7687635
2011-10-05,24.186996459960938,24.94793579091447,24.060172086249374,24.6399364556319,6019467
2011-10-07,25.201583862304688,25.482406206802054,24.458762463926977,24.458762463926977,4894272
2011-10-10,26.01687240600586,26.125578763860723,25.11099242592145,25.455227785937733,2938837
2011-10-11,26.814048767089844,27.520634072387008,26.25240239801586,26.270520412979636,10982967
2011-10-12,27.420989990234375,27.502519334334508,26.77781424542547,26.92275491764146,4899327
2011-10-13,26.958988189697266,27.892045183416904,26.424518867680927,27.892045183416904,7140102
2011-10-14,26.841218948364258,27.122042943317837,26.560396681239354,26.63286699945961,3362370
2011-10-17,26.4335880279541,27.475350050936044,26.05311822424083,26.9952328590649,3827617
2011-10-18,26.01687240600586,26.25240140816728,25.63640274525725,25.944402076712265,2994567
2011-10-19,27.167343139648438,27.303224804821134,26.225228763665843,26.36111042883854,4321872
2011-10-20,27.18545913696289,27.35757682157568,26.19804979402849,26.94087112111771,3313352
2011-10-21,26.687219619750977,27.366629508984907,26.39733834346376,27.357572230951043,3299170
2011-10-24,26.1799259185791,27.13110074688014,26.02592628320628,26.91368807402437,3490210
2011-10-25,26.37922477722168,26.81404673644896,25.509579130938235,26.650988069781512,5750605
2011-10-28,28.14568328857422,28.308741918477207,27.176392241738117,27.176392241738117,6336982
2011-10-31,27.167343139648438,28.399340589916328,27.004284450309555,28.26345892474363,7935620
2011-11-01,28.009807586669922,28.290629881999532,26.868398664190693,27.085809640687376,7362275
2011-11-02,28.27251625061035,29.332397733024052,27.48440155463899,28.29063426675039,13192795
2011-11-03,29.88498306274414,30.401334392204962,28.44463198019337,28.62580867339987,18492970
2011-11-04,29.730974197387695,30.981089265334266,29.495446974330264,30.075209482462835,9590627
2011-11-08,30.863327026367188,31.062621704429425,29.758152474432926,29.830624523058276,8076115
2011-11-09,30.519100189208984,31.506509664396976,30.05710284561572,31.05356960157053,18576590
2011-11-11,29.8940372467041,30.781799150260643,29.70380329358291,30.401331244018255,8567407
2011-11-14,29.69474983215332,31.26192205697027,29.55886988478287,30.799924706857148,10983775
2011-11-15,29.151214599609375,30.35603303417148,28.716392675098863,29.47733190690663,12285965
2011-11-16,30.500980377197266,30.79992245978763,29.169339020695226,29.169339020695226,13736897
2011-11-17,29.567920684814453,30.87239000986421,29.368625992230132,30.41038930535651,5458010
2011-11-18,29.124040603637695,30.102389113354658,27.60216034455349,29.53168380021948,12377690
2011-11-21,29.19650650024414,29.80344778316169,28.55333265043356,28.970036542790503,8917445
2011-11-22,29.749107360839844,30.673105624698746,28.734520726985657,29.884990779747493,7180110
2011-11-23,29.23274803161621,29.81251067904685,28.806983325558978,29.8034533995311,6383637
2011-11-24,29.477336883544922,30.437567499749157,28.363103138106908,29.477336883544925,10950322
2011-11-25,29.341453552246094,30.591568958394998,29.07874751478399,29.377689582721846,10238047
2011-11-28,30.600624084472656,30.872390838255424,29.658511548016694,29.658511548016694,14252077
2011-11-29,29.80345344543457,31.162273448314725,29.296159400322445,30.754626756319087,14501025
2011-11-30,29.323333740234375,30.202038419309762,28.83415945358889,29.78533446134616,58908395
2011-12-01,30.69120979309082,30.962973052598432,29.667564611432898,29.8940345702988,13049000
2011-12-02,32.693214416503906,32.97403850416153,30.437571345642567,30.700277415806937,15179055
2011-12-05,32.131561279296875,33.27296843708757,30.79991671549307,30.79991671549307,13052822
2011-12-07,31.334392547607422,32.42144935007928,31.171333854453728,32.42144935007928,7453282
2011-12-08,30.02992057800293,31.86885570046856,29.803450599151194,31.23473906855218,7975810
2011-12-09,29.432039260864258,30.34697643282734,29.25991986947515,29.350509932221406,7314535
2011-12-12,27.031457901000977,29.86686311783062,26.786869899326426,29.776273049252392,16274110
2011-12-13,27.837688446044922,28.05509941106387,26.614750255963152,26.99521987670351,9281972
2011-12-14,27.31227684020996,28.5442739759561,27.13110190884232,27.710864453744655,6277215
2011-12-15,28.317813873291016,28.498988867725576,26.74158260978102,27.1764046698191,5896280
2011-12-16,27.294164657592773,29.513573159318188,27.049578361621833,28.54428007179555,13561707
2011-12-19,25.708879470825195,27.06769977902129,25.364645752993773,26.99522943169734,8488075
2011-12-20,25.228759765625,26.016874442401633,24.91170140221284,25.853817484599936,6674417
2011-12-21,26.025928497314453,26.270516479213615,25.246872976647527,26.089339812363402,4387355
2011-12-22,25.382755279541016,25.826636224370812,24.205110369741643,25.745106894929748,9870392
2011-12-23,24.105464935302734,25.95345905149132,23.960524288065542,25.65451875058601,15470430
2011-12-26,24.458757400512695,24.884520333243994,23.869935808658706,23.869935808658706,4433597
2011-12-27,24.72146987915039,25.074762581262217,24.386293466709727,24.458763808882136,3491565
2011-12-28,24.56746482849121,24.730521766948453,23.806525537708595,24.549346814941895,5368345
2011-12-29,23.915233612060547,24.60370267575595,23.743115914179416,24.45876200211788,24358900
2011-12-30,25.029464721679688,25.319347785586526,24.11452740262008,24.11452740262008,14643747
2012-01-02,24.648990631103516,25.319343260771106,24.24134572303018,25.183459896917913,4124585
2012-01-03,25.92629051208496,26.016877144328333,24.83923364687191,25.002292349436793,4913952
2012-01-04,26.234281539916992,26.977104522467418,25.908165945056783,26.107458904572955,5893225
2012-01-05,27.022401809692383,27.230753806415525,26.216169118476436,26.261462429823528,5942285
2012-01-06,26.243343353271484,26.95898939286341,26.034991364970928,26.81404872901702,4559557
2012-01-09,26.134634017944336,26.54227891374523,25.817575724880072,26.270515649877968,2700002
2012-01-10,26.777816772460938,27.16734551373733,26.2342883364434,26.243347345290438,3812770
2012-01-11,27.230749130249023,27.783336418502373,26.578516228577776,26.877456524489027,5042357
2012-01-12,27.75615882873535,28.308746105622294,27.004278601283172,27.330395909325137,5526577
2012-01-13,27.8648681640625,28.335926164485784,27.28510553451318,27.90110246449487,3965967
2012-01-16,27.212642669677734,28.51710894395149,26.99522989613604,27.77428743914381,5405745
2012-01-17,27.629348754882812,28.02793656497503,27.248878965210587,27.35758535990102,5272992
2012-01-18,27.556873321533203,28.78887083772886,27.35758031713711,27.70181400251749,9185660
2012-01-19,29.55885887145996,29.69473876820298,27.846744872806035,27.846744872806035,12793360
2012-01-20,29.3776912689209,30.3288646617267,28.87945618825618,29.712865930914546,12526815
2012-01-23,28.091339111328125,29.767217463097694,27.982632750680963,29.169336799110773,7627100
2012-01-24,29.567920684814453,29.74909736392222,28.027925823713872,28.209100774992777,8149450
2012-01-25,30.709331512451172,31.289094124245647,29.36862615310426,29.586038860356062,7600222
2012-01-27,30.4556941986084,32.03192741419581,30.011814794353477,30.86334101778265,9524550
2012-01-30,29.368640899658203,30.863344941432125,29.250878935771627,30.256406732347596,6192490
2012-01-31,30.78180694580078,31.05357029846378,29.477340779623283,29.595102710526856,4837232
2012-02-01,33.35450744628906,33.60815278703909,30.654984965428433,30.799925653808245,9898632
2012-02-02,32.919673919677734,34.22413966092699,32.46673399423124,33.490379193324394,9308575
2012-02-03,33.8346061706543,34.05201882401348,32.43955402770341,32.61166993052246,7813077
2012-02-06,35.601078033447266,35.86378402387701,34.01578826835788,34.01578826835788,17654525
2012-02-07,34.29661560058594,35.963434853649346,33.934262236836496,35.69167155866616,8143730
2012-02-08,35.00375747680664,35.655077456476945,34.268699855595514,35.13402076285903,6417482
2012-02-09,37.488067626953125,37.869554389364744,34.519911148021514,34.519911148021514,13061627
2012-02-10,36.06447219848633,37.65555462075216,35.8411647511069,37.52529135154618,8019842
2012-02-13,36.827449798583984,37.11588888394647,35.171235722306825,36.204042439411275,6078945
2012-02-14,37.60903549194336,38.41853488968036,36.7251049980739,37.03215367871913,9957300
2012-02-15,37.99052047729492,38.81862575578899,36.920494649262906,38.037042567772836,14601670
2012-02-16,39.70256042480469,39.897958905035836,37.99052459350979,38.781410865549645,18934322
2012-02-17,41.107547760009766,41.81469278228568,39.507162249848385,39.823517442568466,25673507
2012-02-21,39.82352066040039,41.44251584794126,39.3117705115518,40.94006869842081,15306162
2012-02-22,37.49737548828125,40.344572080370284,37.02284449763703,40.00960735784123,18347395
2012-02-23,36.86467742919922,38.02774779842669,36.39944928150823,37.59043575319534,8486580
2012-02-24,35.66438293457031,37.47876943499066,35.394549821899716,36.985628852764435,6864682
2012-02-27,34.3059196472168,35.87839292191345,33.701125237217816,35.738823069924344,9207865
2012-02-28,36.176143646240234,36.45527983954052,34.3989721712903,34.3989721712903,8965450
2012-02-29,37.04145431518555,37.49737576354638,36.04586668780895,36.53900722770354,6695302
2012-03-01,36.539024353027344,38.14871354751785,36.15753735952855,36.846073128570474,7262385
2012-03-02,35.794647216796875,37.2554630063339,35.571336191593815,37.199634362681046,5461980
2012-03-05,34.650184631347656,36.06447469438312,34.436176617803795,35.41315830327789,3406117
2012-03-06,34.92932891845703,36.6041494797494,32.00769682442532,34.54784199311039,12774927
2012-03-07,33.70111846923828,34.96653923519607,32.83579407926444,34.79905686620707,11074885
2012-03-09,36.073787689208984,36.26918264145944,33.86860746524685,33.86860746524685,8546317
2012-03-12,37.45085144042969,37.67416242690705,36.19473734604172,36.25986897763767,9481452
2012-03-13,37.04145431518555,38.05565148832902,36.88327495087102,37.7299897615205,9251515
2012-03-14,37.8509521484375,38.38131180948869,37.3485050328917,37.52529395284751,9270487
2012-03-15,36.03656768798828,37.850957962087385,35.013067302295795,37.77651976342897,11370112
2012-03-16,35.013057708740234,37.1251930999319,34.464088566981985,36.194737168098094,9509460
2012-03-19,34.1756591796875,35.803957690709254,33.9895672114032,35.10611547169993,7437612
2012-03-20,34.38035202026367,35.34802717152075,33.756944616304686,34.24078219193322,7774545
2012-03-21,36.315704345703125,36.46457719570839,34.25939699581523,34.25939699581523,7748630
2012-03-22,34.324527740478516,36.43666368443497,34.14774234495055,36.43666368443497,7104830
2012-03-23,34.44548416137695,35.152629213331025,33.77555465469861,34.39896206772612,10329405
2012-03-26,33.729034423828125,34.78975383504454,33.51502994168871,34.61296844964462,4939490
2012-03-27,33.61738586425781,34.454794373510325,32.87302156178592,34.0546978954175,6150260
2012-03-28,31.979782104492188,33.710431394041166,31.709952474475035,33.56155852770411,8532140
2012-03-29,32.714847564697266,33.142856665770424,31.170290050442755,32.00770224768116,10349030
2012-03-30,34.3431282043457,34.49200101103945,32.60317661059865,32.81718104838293,19462587
2012-04-02,36.055179595947266,36.19474945285643,34.42688116258191,34.55714446934571,9139770
2012-04-03,36.26918029785156,36.82745611744713,35.72021102742395,36.12961400500907,7797070
2012-04-04,36.45527648925781,36.64136845082569,35.74812774518166,36.18544332245483,5489715
2012-04-09,34.938636779785156,36.36223747192394,34.7990704507504,36.101707268788715,3984497
2012-04-10,34.81766891479492,35.878391952554296,34.464098118283815,35.12472116111154,7093607
2012-04-11,34.44548416137695,35.134019665989044,33.980256126052154,34.38035252038414,8202140
2012-04-12,34.743228912353516,35.41315840152972,34.44548326147701,34.61296563377106,6842145
2012-04-13,34.21287536621094,35.49690593354523,34.0546959643626,34.95723962647401,6635275
2012-04-16,34.42688751220703,34.67811117133336,33.77556730885093,33.98957185934902,3500177
2012-04-17,35.88768768310547,36.176130321270556,33.980253590485916,34.426872045142595,10736657
2012-04-18,35.980735778808594,36.790235143531724,35.841169493083065,36.00865187548038,8982882
2012-04-19,35.78535461425781,36.11101650503574,35.36664849720602,36.101709952762526,3871325
2012-04-20,34.668792724609375,35.91560404059826,34.42687570034661,35.68299001559592,6110107
2012-04-23,34.56644821166992,35.441075735616124,33.682514138334334,34.7432336065736,8046555
2012-04-24,34.26870346069336,34.9851516093525,33.70112461226241,33.70112461226241,4539440
2012-04-25,32.64971160888672,34.678106620621286,32.0170010428736,34.49201465130994,9787192
2012-04-26,32.50083923339844,33.47781765025345,32.231006051298635,32.761365864717334,7764985
2012-04-27,31.412200927734375,33.04980588878825,31.24472207091252,32.379876263865405,6903695
2012-04-30,31.663421630859375,32.53805268298832,31.26332520263199,31.914645217146933,4886060
2012-05-02,30.62131690979004,31.89604105606244,30.351483729004098,31.74716818897522,11468190
2012-05-03,29.728071212768555,30.826009624840346,29.58850138688847,30.518957427667402,5181967
2012-05-04,28.82553482055664,30.072346364414564,28.481266994468637,29.54198657443259,8314550
2012-05-07,27.932294845581055,28.64874652744387,26.815746723854478,28.350999060200284,21895620
2012-05-08,27.690370559692383,29.365190636911276,27.039050654827278,28.285861827200616,10754680
2012-05-09,27.253055572509766,28.03463693620922,26.908786090832916,27.262358570251624,9851697
2012-05-10,27.029754638671875,28.06256169321742,26.90879610128673,27.429851129160852,9585462
2012-05-11,27.0855770111084,27.783419069933622,26.33190630979018,26.983226274575376,8009222
2012-05-14,26.31330680847168,29.84904208278517,25.959732393687986,29.84904208278517,9995470
2012-05-15,27.27167510986328,27.35541632330367,25.838773254325456,26.080692118186054,6384482
2012-05-16,26.1644287109375,26.843661300262703,25.820159141514072,26.462174406274336,7923377
2012-05-17,27.215839385986328,27.578716676560845,26.499387803571558,26.545911670763207,7641620
2012-05-18,27.10419273376465,27.243762606229886,26.341218809615764,26.676183664004892,4220480
2012-05-21,27.54149627685547,27.89506875444278,27.076268305201506,27.076268305201506,6443342
2012-05-22,27.681066513061523,28.658044621287974,27.569411010122266,28.081162884429848,14965560
2012-05-23,27.60663604736328,27.960208629183693,26.98323031057897,27.56011394636473,5164957
2012-05-24,27.60663604736328,27.90438175304455,26.66687505461652,27.829945326624234,6642152
2012-05-25,27.85785675048828,28.081166006490278,27.169319434139407,27.606633171971957,4142815
2012-05-28,28.090469360351562,28.183515322657193,27.820636247135653,27.969509076943012,3859255
2012-05-29,27.932294845581055,28.28586741179536,27.82994409825656,28.136994565525722,2832567
2012-05-30,27.7462100982666,28.19282875293656,27.299591443596643,27.72760054397916,4567305
2012-05-31,27.708993911743164,27.95091280338272,27.17863224081902,27.913693693266705,7689215
2012-06-01,27.550806045532227,27.867161265603567,27.039054119085435,27.597328141252756,4142152
2012-06-04,27.383325576782227,27.634549170535387,26.973924361929406,26.98322913666519,4051725
2012-06-05,27.10419273376465,27.74620811310893,26.96462463600406,27.606640015348344,6314277
2012-06-06,28.08116912841797,28.267259308422794,27.104189028251103,27.104189028251103,13229830
2012-06-07,28.96510887145996,29.123286540935023,28.09978585284272,28.416141191792843,7791982
2012-06-08,28.732494354248047,28.9185863538652,28.26726612990999,28.481272461881172,4008585
2012-06-11,29.393117904663086,29.923477770274474,29.04884825477767,29.20702591423236,9530302
2012-06-12,30.137470245361328,30.42591289246323,29.02092407412571,29.058141392481545,7542912
2012-06-13,31.598285675048828,31.784377589446965,30.146776551441043,30.25843028031671,13374540
2012-06-14,30.137470245361328,31.923947668746393,29.960684877439046,31.44011010719227,9031157
2012-06-15,31.31916046142578,31.52386199333742,30.32357245525255,30.32357245525255,8138285
2012-06-18,29.83043098449707,32.761366271449674,29.718775444899503,31.802997394849168,6242820
2012-06-19,29.858339309692383,30.03512470818653,29.030233867648654,29.625725261953868,4977912
2012-06-20,30.37939453125,30.57478946969555,29.811815715319927,29.960688556432036,3785740
2012-06-21,31.123762130737305,31.328460091207663,29.86764406930856,29.86764406930856,5467775
2012-06-22,30.900447845458984,31.114452333723964,29.979298245944864,31.114452333723964,5617985
2012-06-25,30.509662628173828,31.4773380224952,30.379399315363077,31.17028574280495,2471565
2012-06-26,30.70505142211914,31.077235283362715,29.43963055318102,30.686441874116127,3175470
2012-06-27,32.31473922729492,32.56596279478367,31.05862493925943,31.09584048490319,9060520
2012-06-28,32.03561019897461,32.74275541433067,31.821605679203575,32.472925789042264,5468910
2012-06-29,33.2638053894043,33.487116413898,32.5101346748224,32.58457286612308,6817420
2012-07-02,33.05910873413086,33.48712129771516,32.6310997199554,33.384770544453886,4728112
2012-07-03,32.984676361083984,33.83139144738954,32.86371604892346,33.235899986613205,5293457
2012-07-04,33.55226135253906,33.77556891611589,32.58458577861357,33.087033120776006,5604910
2012-07-05,34.5571403503418,34.80836393318861,33.31032898514383,33.570859117026714,6548357
2012-07-06,34.81766891479492,36.473883346055835,34.24078707101639,35.15263371099171,10143072
2012-07-09,34.39897537231445,34.985160367970195,33.84069938435379,34.84559403303722,5026712
2012-07-10,35.11541748046875,35.33872497400011,34.240786407479845,34.240786407479845,5168187
2012-07-11,34.417579650878906,35.29220728371048,34.33383844299223,34.98515500498965,4358215
2012-07-12,34.24078369140625,34.566445455302635,33.887209380384704,34.24078369140625,4363227
2012-07-13,34.44548416137695,34.585050442329454,33.87790539037538,34.073300313353826,4043165
2012-07-16,34.27801513671875,34.70602424407818,33.70113314204257,34.61298002053382,2972702
2012-07-17,34.361751556396484,34.83628270922313,34.19426913789082,34.50132142162091,4529440
2012-07-18,33.682518005371094,34.54784262868307,33.440597385193,34.445491870100724,5988897
2012-07-19,33.133544921875,34.352440238113644,33.00328162542891,34.33383423811445,6734790
2012-07-20,32.296119689941406,33.15214086431234,32.01698366221006,32.78926367332087,8639127
2012-07-23,31.4587345123291,33.49643290279495,31.281945511497664,33.49643290279495,5198035
2012-07-24,32.342655181884766,32.4915280283716,31.216804058490084,31.57968139996369,3690252
2012-07-25,32.65900802612305,32.85440650668299,32.12864832762115,32.184476971982335,7729905
2012-07-26,31.88674545288086,32.77067985916215,31.654131322249462,32.77067985916215,3947405
2012-07-27,31.98908805847168,32.85441268710481,31.74716743680594,32.2775272350767,3379112
2012-07-30,32.50083923339844,32.71484375904027,32.08213318348653,32.249615603451296,4158715
2012-07-31,32.22170639038086,32.696237596536676,31.793693745315586,32.68693459420047,3216437
2012-08-01,33.36615753173828,33.83138559871866,32.15656526747098,32.35196020374471,8097100
2012-08-02,33.60807418823242,33.943038960610195,33.003279837580045,33.68251238183123,5383055
2012-08-03,32.69622802734375,33.44059222572043,32.51944263941944,33.44059222572043,3324192
2012-08-06,33.80347442626953,33.93373772242024,32.91023380376299,32.993975001203964,5683457
2012-08-07,34.52922439575195,34.678097220966556,33.94303609360338,34.054689825162306,5956045
2012-08-08,34.6315803527832,35.43177324004905,34.4454884058409,34.6129708031481,7092907
2012-08-09,35.5992431640625,36.16682186272413,35.022361467619696,35.32010708832616,12007907
2012-08-10,34.02677917480469,36.064476748936706,33.81277469847735,35.636467796282034,12078967
2012-08-13,34.49201583862305,34.74323947342983,33.81278314425325,34.06400677906004,3785032
2012-08-14,34.39897537231445,34.733940255208935,33.92444060507741,34.65950203705034,5240830
2012-08-16,34.53852844238281,35.301502138432795,34.35243651786637,34.61296663195268,8512422
2012-08-17,34.882808685302734,35.30151118601557,34.352445322208794,34.58505940011999,6801165
2012-08-21,34.27801513671875,35.134033351437616,34.064010583039035,35.134033351437616,3899842
2012-08-22,33.87790298461914,34.668789168745164,33.78485880392478,34.240780258498326,5380112
2012-08-23,32.81719207763672,34.166354338269166,32.696231772355624,33.80347697183475,5268145
2012-08-24,31.728557586669922,32.696232965410516,31.579684724510525,32.33335558573505,7041370
2012-08-27,31.47732925415039,32.221693369582034,31.188886606554593,31.747158805776305,5185655
2012-08-28,29.858339309692383,31.477334643692284,29.309370015053137,31.393593444530072,8446712
2012-08-29,29.020925521850586,30.16538429526903,28.704570313876264,30.01651146501101,5910852
2012-08-30,29.20701789855957,29.43963193540622,28.28586652561136,28.397522044167626,9053802
2012-08-31,29.83043098449707,30.128176723817795,28.695273134956064,28.760404793594397,8230547
2012-09-03,29.08605194091797,30.416602400613783,28.890655277097256,29.86763327208941,6473535
2012-09-04,30.035131454467773,30.137482226367425,28.890670508462495,29.030240388218292,4084985
2012-09-05,29.229936599731445,29.960217545274023,29.12694956624189,29.960217545274023,5411252
2012-09-06,28.930347442626953,29.43592719338443,28.677557567248215,29.229949464215572,6668010
2012-09-07,30.07257843017578,30.203653858736896,29.30484785871419,29.314210644435523,5000277
2012-09-10,30.66242027282715,30.784134696841367,29.997678583623387,30.14747957797265,3982070
2012-09-11,30.596874237060547,30.877750578610087,30.3347234611525,30.52197197449456,3503250
2012-09-12,30.04448699951172,30.849668583631964,29.67934734427974,30.840304013656436,4243747
2012-09-13,30.0257625579834,30.40962779603615,29.71679781062951,30.147476971474404,3458130
2012-09-14,31.177356719970703,31.439511103018162,30.36281414739378,30.36281414739378,7813105
2012-09-17,33.95804977416992,34.267012799353566,31.448880140606562,31.448880140606562,14397072
2012-09-18,36.598297119140625,37.06642575787533,33.95805188239994,34.24829292416917,25546000
2012-09-20,36.69191360473633,37.24430542367307,34.84748958953723,36.888530305504354,22200350
2012-09-21,36.40167999267578,37.76861461208241,35.96163797718744,37.44092602918962,18859760
2012-09-24,37.44091033935547,38.1805504838683,36.58891680932943,36.888518694292245,14452602
2012-09-25,37.028961181640625,38.6393242578075,36.61700941469558,38.43334658856659,17757497
2012-09-26,35.315616607666016,37.18813068321077,35.03473663910457,37.18813068321077,12304795
2012-09-27,35.5496826171875,35.93354787871003,34.84748980428991,35.334343916483384,14616585
2012-09-28,35.38114929199219,36.588921556435984,35.250073896757044,35.85863874199687,11731512
2012-10-01,35.12837219238281,35.50287294672869,34.65087899830405,35.381162076623696,5894387
2012-10-03,36.69191360473633,36.888530305504354,34.95983943887802,35.12836599865786,10635465
2012-10-04,36.72936248779297,37.42219425448008,36.18633527307029,37.03832901891396,8682155
2012-10-05,36.682552337646484,37.103868734020445,35.32497887001363,36.88853003621538,6048127
2012-10-08,36.607643127441406,37.60007672085237,36.27995464315018,36.794895220552085,10212935
2012-10-09,37.89032745361328,38.05885402389101,35.92418532421893,36.60765260521749,11200567
2012-10-10,37.49708938598633,38.339722052809876,37.188126455842195,37.7966913182932,10660990
2012-10-11,38.938926696777344,39.1823519323225,37.103863931785206,37.618804540023014,10309842
2012-10-12,38.9576530456543,39.828372312415794,37.450278754345966,38.9576530456543,11341387
2012-10-15,38.508262634277344,38.97639127072576,38.068220573123654,38.948301123892975,4172337
2012-10-16,36.86043930053711,38.9670176768713,36.607649466792545,38.658054705541645,8900842
2012-10-17,36.90724182128906,37.75923894903596,36.37357572407673,36.88851982799766,6835917
2012-10-18,37.83414840698242,38.00267496686953,36.80426704903887,37.113230027807006,4352145
2012-10-19,37.29111862182617,37.89032253998086,36.51402358503758,37.89032253998086,5701135
2012-10-22,36.69191360473633,37.06641786458871,36.28932277543308,36.93534244510157,3693440
2012-10-23,36.0458984375,37.02896768057888,35.95227415588769,36.757452263750814,5650512
2012-10-25,35.26880645751953,36.02717606340066,34.894305726305106,35.95227734577286,11663787
2012-10-29,34.49171829223633,34.791320335715234,33.94868735621951,34.46363171676583,4622415
2012-10-30,33.35884094238281,34.97856527103295,32.71282126787528,34.58533543808871,8631812
2012-10-31,34.70705032348633,34.79131360513468,32.909438410371294,33.358841388650056,6122910
2012-11-01,34.82876205444336,35.10963844771768,34.23891912849131,34.62278436599154,4581330
2012-11-02,35.3905143737793,35.577766490669184,34.98792357250402,35.184540259583784,6891045
2012-11-05,35.25944137573242,35.85864533354562,34.84748954762018,35.39988136589246,5702880
2012-11-06,35.32497787475586,35.47477885907525,34.92238705973428,35.044101475599156,3146260
2012-11-07,35.93355941772461,36.18634934012833,34.978576456934476,35.08156534067731,4982780
2012-11-08,35.58713150024414,35.89609806366573,35.081555370657625,35.802473780437204,4102725
2012-11-09,34.97856140136719,36.0833449252943,34.82876042718404,35.95226951932616,7247870
2012-11-12,35.652671813964844,35.86801051675941,34.98792656360025,35.19390426694173,4734810
2012-11-15,34.9317626953125,35.54032782433304,34.37000614751855,35.23136475885394,5485407
2012-11-16,33.95804977416992,35.45605989650423,33.70525989636266,34.969205713861115,6141515
2012-11-19,33.012428283691406,34.632156430883,32.797089549862775,34.44490427099874,5694645
2012-11-20,33.17158508300781,33.57417587008082,32.91879526985474,33.424374896160884,6716020
2012-11-21,34.07975387573242,34.33254010532737,33.27457233987661,33.368196604797944,6068160
2012-11-22,34.26700210571289,34.53851747176026,33.6303471095161,34.26700210571289,2983272
2012-11-23,34.27638626098633,34.45427389304206,33.85506968870826,34.45427389304206,3894380
2012-11-26,33.780155181884766,34.44489681257502,33.70525290553465,34.435532242262695,3395165
2012-11-27,34.21083068847656,34.32318052533065,33.74270220145812,33.92058974077184,6965105
2012-11-29,35.48414993286133,35.65267651754912,33.77079751238146,34.210839547014885,8712792
2012-11-30,36.03652572631836,36.214413232184434,35.62457044941719,35.708833704098225,5424285
2012-12-03,36.33613967895508,36.74809152108124,35.73693212922053,36.13016197212328,4569995
2012-12-04,36.15825271606445,36.8323590551137,35.643311961085324,36.15825271606445,3258400
2012-12-05,36.41103744506836,36.794902706855126,36.167612174572724,36.51402629581021,4686492
2012-12-06,37.68433380126953,37.918397986370586,36.44847518965885,36.5889151293339,9456467
2012-12-07,36.991512298583984,38.105660408345685,36.617011643530375,37.955859432016844,9954330
2012-12-10,37.89032745361328,37.993316310064955,36.663829319155916,36.88853260337207,6805330
2012-12-11,36.776161193847656,38.13373409217395,36.233134177438615,38.13373409217395,5257810
2012-12-12,36.485939025878906,37.06641740710205,36.23314918932917,36.88852985021324,3850865
2012-12-13,36.28931427001953,36.96342035114332,35.96162579810462,36.3923030959175,4862525
2012-12-14,35.76502227783203,36.41103839728358,35.43733014676209,36.34550068537708,5683407
2012-12-17,36.52339172363281,36.67319273245593,35.58713452560386,35.75566110697209,4111205
2012-12-18,37.65625762939453,37.74988190064672,36.354860972689316,36.682549493608974,7249332
2012-12-19,38.19929122924805,38.46144566142783,37.35666193223924,37.8247905099789,6737352
2012-12-20,38.26481628417969,38.57378275760182,37.234935182512125,38.358444111672654,4218990
2012-12-21,37.66561508178711,38.189920237433626,37.18812562889612,37.76860391339059,9414257
2012-12-24,37.88096237182617,38.34909093372676,37.263032812978906,37.759251517239015,3514057
2012-12-26,37.49708938598633,38.180556517282426,35.540312256617646,37.82478145487849,2966832
2012-12-27,37.103858947753906,38.1337400258892,36.87915573844158,37.4502729727214,8054140
2012-12-28,37.993309020996094,38.08693328806065,37.18812746670825,37.23493960024053,2898975
2012-12-31,38.14311981201172,38.36781953943531,37.88096536796717,38.10566866692853,2529695
2013-01-01,38.81721496582031,39.02319265191183,38.255462185708815,38.405263165174354,3154842
2013-01-02,38.845298767089844,39.39769045840664,38.54569328550388,38.94828402179595,3042862
2013-01-03,39.73474884033203,40.05307638759666,38.845307479376636,39.229172735942456,10588925
2013-01-04,39.659854888916016,39.87519361266902,39.098098435547634,39.641129316649966,4262417
2013-01-07,38.873382568359375,39.9313537470491,38.686130494997336,39.865816057102826,2837092
2013-01-08,38.629966735839844,38.86403101302911,38.06821389920058,38.86403101302911,2901272
2013-01-09,38.77975845336914,39.63175564719667,38.66740862722544,38.83593515220928,4645645
2013-01-10,39.079376220703125,39.39770380440644,38.76104863699981,38.95766178740953,4665610
2013-01-11,38.077579498291016,39.35088989145273,37.88096633887165,39.15427673203337,4658700
2013-01-14,38.78912353515625,39.01382319041469,37.93712990160004,38.2180062564414,6610512
2013-01-15,38.854671478271484,39.54750333634852,38.5831560493266,38.742321621015435,6149092
2013-01-16,38.377174377441406,39.28534120036468,38.25545997256172,38.882750421678445,5484590
2013-01-17,38.433345794677734,38.723586725200384,38.02139403624207,38.38653366305452,4640097
2013-01-18,38.807857513427734,39.407061486045365,38.264826681032126,38.414627674186534,4877390
2013-01-21,39.66921615600586,39.97818274316654,38.65806024760437,38.86403440084041,9020232
2013-01-22,38.321006774902344,40.06244570622801,38.19929234111675,39.79093026606698,11551600
2013-01-23,37.60007858276367,38.90147515844475,36.90724687540694,38.44271125771959,5818790
2013-01-24,36.776161193847656,37.70305687717095,36.345483978844655,37.25365410001098,4571080
2013-01-25,38.61124038696289,38.742315795976914,36.57019983407793,36.57019983407793,5146635
2013-01-28,39.32278823852539,39.444502630722475,38.55505789673425,38.64868215440185,7274927
2013-01-29,38.04948043823242,39.49131694389789,37.824780778786995,39.322790413545476,5976870
2013-01-30,38.68614196777344,39.13554493419569,37.88096031360707,38.0120357323714,8253870
2013-01-31,39.528778076171875,39.88455322220735,38.77976949779959,38.77976949779959,19638592
2013-02-01,38.81721496582031,39.67857327639996,38.50825200822011,39.34152017971823,5719697
2013-02-04,41.39153289794922,42.53888596004553,38.75936739455793,38.75936739455793,24267837
2013-02-05,40.890167236328125,41.594006035476525,40.50450042786731,41.20834290500699,11862442
2013-02-06,42.77992630004883,43.175233121720105,41.21798272149296,41.45902355612157,16090780
2013-02-07,42.54852294921875,43.271645347576694,41.65185088101565,42.808847453986495,11047655
2013-02-08,42.97275924682617,43.840507713467105,42.02787962647894,42.3846190281019,14144382
2013-02-11,42.38461685180664,43.358423823034606,41.95074264076403,43.001680761737894,6823032
2013-02-12,41.989315032958984,42.66423014371205,41.33368363142647,42.38462187700141,5721277
2013-02-13,41.75791931152344,42.60638047839958,41.4975947450984,41.84469416699845,4446112
2013-02-14,41.24691390991211,42.25928854097355,40.26346668527569,41.854337952950594,7175410
2013-02-15,41.91218185424805,42.13393898261021,40.533427974351376,41.28547420775273,3119522
2013-02-18,41.39153289794922,42.40390367956259,41.198699492405886,41.26619063264736,3757070
2013-02-19,42.04716491699219,42.21107092353174,40.89016814392049,41.3240423935713,4314897
2013-02-20,41.430091857910156,42.56780467259447,41.32403332261052,42.28819647553007,4417295
2013-02-21,40.369510650634766,41.651849424310704,40.2152446914999,41.15048413762474,9752917
2013-02-22,39.41499328613281,40.86123810962702,39.25108362691493,40.437003940821285,5861167
2013-02-25,39.66567611694336,40.42736597869092,39.22216189794767,39.53069384837867,4468067
2013-02-26,38.33513641357422,39.89708382057281,38.18087041167219,39.47284955684853,4832997
2013-02-27,39.54034423828125,40.147768284204254,37.85305808248886,38.527973280404204,9272157
2013-02-28,38.84613037109375,40.35022238307398,37.833759898878554,39.89706824822899,11531505
2013-03-01,36.95637893676758,38.75936317461577,36.676770713071775,38.75936317461577,8151360
2013-03-04,36.2525520324707,36.78284498622152,35.64513157670744,36.763561271722175,6454025
2013-03-05,38.41226577758789,38.56653175749824,36.387524331515664,36.455015467852,8370615
2013-03-06,39.231807708740234,39.48249225424818,38.58581999145344,38.71116226420742,5123847
2013-03-07,39.43429183959961,40.01278851561648,38.605110573447845,40.01278851561648,8040180
2013-03-08,39.10647201538086,40.08991920489396,38.80758001294326,39.46321147261866,5207320
2013-03-11,39.337867736816406,39.66568345453953,38.75937114224226,39.14503431262781,2970592
2013-03-12,38.421913146972656,39.665684916953886,37.98804252404172,39.549986329371755,4227877
2013-03-13,36.59964370727539,38.470123155620705,36.48394512302457,38.470123155620705,7684000
2013-03-14,38.267642974853516,38.460476385175554,36.16576652612521,36.63820819751463,9132787
2013-03-15,38.585811614990234,39.13538434346387,38.02659519486438,38.37369453452998,7673247
2013-03-18,37.4095344543457,38.13265691291421,37.3034759052771,37.872332386470624,3272570
2013-03-19,35.35587692260742,37.81449700856571,35.211254591546,37.62166355582495,6943047
2013-03-20,34.198875427246094,35.47157076340942,33.745717472797025,35.30766108027178,7694005
2013-03-21,33.851783752441406,35.481218872314585,33.003318775457856,34.34350555803887,8955325
2013-03-22,34.35314178466797,34.87378720740207,33.76500154251417,34.04460980156948,5526047
2013-03-25,34.34349822998047,35.42336385317626,33.986758812705965,34.53633163969339,8008520
2013-03-26,35.13410949707031,35.837948268099886,34.06389131843046,34.34349588150333,7612335
2013-03-28,34.84486389160156,35.38479670734545,34.218159902711506,34.90271501835707,9073780
2013-04-01,35.326942443847656,35.76081666101101,34.92199562648924,34.92199562648924,3166275
2013-04-02,36.19469451904297,36.40680796366652,35.01841400707461,35.12447256838211,5108657
2013-04-03,35.230525970458984,37.02387020051385,34.941277731609375,36.25253665959367,7197987
2013-04-04,35.65475845336914,35.86687555668758,34.40134689683252,34.902712255045394,6943750
2013-04-05,36.1657600402832,36.445368251206624,35.16303310681867,35.63547101549133,4399715
2013-04-08,36.95637893676758,37.361325734127654,36.06934683904077,36.23325650320382,5846810
2013-04-09,36.34896469116211,37.409543070127704,36.05971637671621,37.216709634499814,3983075
2013-04-10,36.763553619384766,36.92745964152344,35.442647036069985,36.46466162384802,4089305
2013-04-11,36.503231048583984,37.10101139447962,35.67404984215254,36.95638907488765,3833185
2013-04-12,36.696067810058594,36.94674872685381,36.00186884356071,36.63821667018636,2787532
2013-04-15,37.51559829711914,37.65058058662028,36.25254290051706,36.59000230226144,4100790
2013-04-16,38.624385833740234,38.75936811673822,37.29383935649039,37.40953793077561,3688100
2013-04-17,37.17814636230469,38.95220737224435,37.02388034744002,38.83650510260192,4546612
2013-04-18,37.824127197265625,38.04588432299522,36.44537333373667,37.178139528139134,5812645
2013-04-22,37.592735290527344,38.180871917353045,36.83104526697714,37.92055101724567,2693255
2013-04-23,38.39297866821289,38.60509575103983,37.351684315588564,37.78555481702076,3776377
2013-04-25,38.30621337890625,38.87506996080962,37.64094192332095,38.065172516709765,3963150
2013-04-26,37.207061767578125,38.74972157113508,37.072079494515776,38.23871620083017,2521197
2013-04-29,38.026607513427734,38.14230978279135,37.04316029178841,37.45775089536161,1715515
2013-04-30,37.573448181152344,38.36406186031411,36.92745680252519,38.209795866282334,2592705
2013-05-02,38.238712310791016,38.44118569978684,37.043148326166246,37.58308104147916,6679852
2013-05-03,36.7249870300293,38.229083380027554,36.4935861769558,38.18087226372639,3308852
2013-05-06,37.01423263549805,37.12029119883049,36.078992953011785,36.831042912100244,4592050
2013-05-07,38.21943283081055,38.364058797791394,37.02387239200126,37.02387239200126,6035682
2013-05-08,38.200157165527344,38.66295520811015,37.89162513713881,38.37370689124488,3907252
2013-05-09,38.13265609741211,39.08717934062522,37.775916721985006,38.20979092344551,4508955
2013-05-10,38.113380432128906,38.51833099825951,37.73735727085945,38.09409672155205,2920112
2013-05-13,36.95637893676758,38.3062052726254,36.6864107272033,38.3062052726254,3055100
2013-05-14,37.052799224853516,37.49631349977498,36.850325796475204,36.97566438852382,2773742
2013-05-15,38.171234130859375,38.373707588545074,37.19743058818627,37.216710622067986,6810632
2013-05-16,39.3089485168457,39.67533169700688,37.833779456974746,37.87234320384008,10937880
2013-05-17,39.47284698486328,39.89708122094516,39.1257512616936,39.53069811105391,6992100
2013-05-20,39.44392013549805,40.359875998656435,39.25108674146611,39.733168387550414,5713442
2013-05-21,38.70151138305664,39.723525728803175,38.53760539973387,39.33785896641068,4961907
2013-05-22,38.103736877441406,38.961841689471726,37.75663747527378,38.85578313014369,2714760
2013-05-23,36.57071304321289,37.91089939702469,35.876514313414724,37.79520083472199,3586527
2013-05-24,37.235992431640625,37.486676995199616,36.300756360493935,36.73462698251443,2889550
2013-05-27,37.650569915771484,37.7951958580997,37.033506094086675,37.06242981135612,1500817
2013-05-28,37.44810485839844,38.16158735947327,37.24563143654971,37.73735312932396,2653332
2013-05-29,37.679508209228516,37.891621660539045,37.12993167621933,37.602373370212646,3547087
2013-05-30,36.87924575805664,38.06516616068228,36.58035381476424,37.60236822390089,9816817
2013-05-31,35.29803466796875,37.10101980935848,34.92201140255518,37.10101980935848,8652225
2013-06-03,34.9991340637207,35.674049244485005,34.74845317383262,35.4812158102678,5836772
2013-06-04,34.53633499145508,35.74153932163704,34.189235555884,35.09555156609554,6853777
2013-06-05,33.50468444824219,34.70988892479766,33.36005843985866,34.70988892479766,9399342
2013-06-06,33.89033889770508,33.996393763154835,32.877964567038326,33.176856491462615,7192335
2013-06-07,34.53633499145508,34.90271813766808,33.46611295777481,33.46611295777481,11325342
2013-06-10,34.39170837402344,35.26910064128198,33.98676149189642,34.709884076830384,7142832
2013-06-11,33.205787658691406,34.52669422398804,33.022597928566135,34.13138735940808,9869452
2013-06-12,32.376609802246094,33.167223522008676,32.01986668435956,33.0129575200548,10103342
2013-06-13,30.805015563964844,32.16448555481069,30.66038961000624,32.01021958698389,8945145
2013-06-14,31.904163360595703,32.14520418269812,31.14247348003421,31.14247348003421,6348250
2013-06-17,31.730623245239258,32.087362739715424,31.07499171712556,32.04879899182039,4408972
2013-06-18,31.817384719848633,32.47301597195143,31.33530313318426,31.47992908037982,5002055
2013-06-19,31.82703399658203,32.145209701821635,31.624560553970483,31.77882655948286,3989975
2013-06-20,29.81192970275879,31.373875078517823,29.51303959073539,31.238892803216075,7302070
2013-06-21,28.076433181762695,30.159025545797814,27.420801911789535,29.734793223051295,18202210
2013-06-24,26.581981658935547,27.960735460358002,26.061334437675523,27.960735460358002,15616735
2013-06-25,26.543420791625977,26.977293246467266,25.299649041956716,26.803743528932404,18413390
2013-06-26,26.562702178955078,27.33403403849206,26.254170170738618,26.929085317958997,10897377
2013-06-27,26.74589729309082,27.372603247712323,26.263815506613344,26.996580042738636,9142447
2013-06-28,27.787181854248047,27.893240389858164,26.996568360778767,27.02549391748933,11360322
2013-07-01,28.356042861938477,28.48138512234987,27.44008697983888,27.960736051094376,8978032
2013-07-02,28.867048263549805,29.349129889278448,28.442815917989872,28.5970818911034,11725332
2013-07-03,26.379505157470703,28.53923045705963,26.186671786134326,28.346397085723254,12712972
2013-07-04,26.379505157470703,26.668753375479945,24.104079467280883,26.379505157470703,33501180
2013-07-05,26.601268768310547,27.372598764751118,26.485568349346575,26.774818477258616,11581235
2013-07-08,26.543420791625977,26.91944395362093,25.685314059258705,26.22524692247735,8514847
2013-07-09,26.72660255432129,27.189402276050533,26.13846426797016,26.716960701889917,9506405
2013-07-10,26.948368072509766,27.47865721295086,26.63983423623949,26.977291797881897,9890640
2013-07-11,28.269268035888672,28.375326588770875,27.497938121278775,27.497938121278775,11788715
2013-07-12,28.886333465576172,28.98275016965132,28.15357092819465,28.423535492810263,7489157
2013-07-15,28.394609451293945,28.809198118685387,27.960735237866768,28.73206512952006,6606132
2013-07-16,26.283096313476562,27.382242076640903,26.138472161322706,27.382242076640903,12907955
2013-07-17,25.232160568237305,27.25690442242638,24.701871343114576,26.350590156456782,12521000
2013-07-18,25.000755310058594,25.62746110347361,24.45118250907934,25.309287279801644,16740927
2013-07-19,25.67566680908203,25.92634947740484,25.068244764335002,25.261078151966537,10009160
2013-07-22,25.76244354248047,26.302376331921476,25.261080007993264,25.64674497259712,8035070
2013-07-23,26.283096313476562,26.38915488325413,25.29964913643696,25.858863873362168,8021250
2013-07-24,25.05860710144043,26.032412377731355,24.779000665512974,26.032412377731355,5106835
2013-07-25,23.8919677734375,25.01039707947455,23.622001381326783,24.798279971746272,13743440
2013-07-26,23.400249481201172,24.277638152633465,23.014584434252253,23.91125497878499,9770502
2013-07-29,23.11099624633789,23.313471518458783,22.39751554452266,22.94708839328603,7117207
2013-07-30,22.37822723388672,23.197766330643738,22.3203779561731,23.13991705293012,4637612
2013-07-31,20.845212936401367,22.127550149115063,20.10280669772615,22.127550149115063,15495992
2013-08-01,19.27362632751465,21.55869441627359,19.119360329176025,21.21159500051381,17073362
2013-08-02,18.90723991394043,20.141367565978427,18.762613970596373,19.33147037483086,12266917
2013-08-05,21.09589958190918,21.597265114829288,18.916891379210632,19.2832727523469,22587830
2013-08-06,20.652379989624023,21.288727683055363,20.208863871750093,20.93198641783077,12296137
2013-08-07,22.02149200439453,22.339665849963453,20.652379915189766,20.748796622118835,12873347
2013-08-08,22.243244171142578,22.83138429685051,21.905786691818435,22.05041263938258,7568510
2013-08-12,22.27217674255371,22.754258482267012,21.82866058573961,22.734974771319465,8612482
2013-08-13,23.18813133239746,23.29418990538674,21.819019095155543,22.204685964572587,6837187
2013-08-14,23.120635986328125,23.87268403842475,22.94708629438309,23.429167954676814,11660255
2013-08-16,21.500843048095703,22.947088145653595,21.336935196812647,22.898880711333295,9264565
2013-08-19,21.153749465942383,21.69368055597212,20.797008132085896,21.211598765839405,9150965
2013-08-20,21.876869201660156,22.031135206584498,20.29563989269187,20.883780185838333,7460135
2013-08-21,22.22396469116211,22.70604637070138,21.712959287807706,22.214324675887507,7951832
2013-08-22,22.27217674255371,22.638558055577626,21.25980398575824,22.00221030627574,7231267
2013-08-23,23.159202575683594,23.332752261437385,22.281814132368787,22.513213100375335,7347882
2013-08-26,22.339662551879883,23.48701733305674,21.790089794214,23.4677336267187,15554572
2013-08-27,20.44026756286621,22.513218783681438,20.199226680469184,22.079344459768393,12485860
2013-08-28,20.064241409301758,20.52704127515708,19.119361644714775,19.774993102263583,10825332
2013-08-29,20.449899673461914,20.59452561818133,19.611078756864742,20.25706814549482,10260510
2013-08-30,21.038043975830078,21.19230996451295,19.996747632722858,20.72951199846433,11433865
2013-09-02,21.47191619873047,21.684031453469007,20.45954367435249,21.095891277563574,4419337
2013-09-03,20.565601348876953,21.664746827982952,20.208860149362597,21.577971991317174,5929587
2013-09-04,21.27907943725586,21.67438616326325,20.372765603460664,20.633090083220218,6314702
2013-09-05,22.90852165222168,23.159204346478642,21.751524884727342,21.790092301841796,9043745
2013-09-06,23.515949249267578,23.660575258211974,22.484294507574663,23.12064232654405,8273525
2013-09-10,24.3617000579834,24.595012211318096,23.574271308703775,24.089503472859672,8460867
2013-09-11,24.53668975830078,24.68250965279826,23.661768537115364,24.458919024288758,7789467
2013-09-12,24.215883255004883,24.983870812569826,23.720094171171894,24.867213794056013,9454135
2013-09-13,25.42132568359375,25.596310251386143,24.07005884995257,24.10894327935085,6826500
2013-09-16,25.081083297729492,26.286532379382002,24.536688194344784,26.004612327682505,8331867
2013-09-17,24.68250846862793,25.21718386173445,24.322819536403994,25.168575996433603,5140640
2013-09-18,24.86721420288086,25.022755660656156,24.42975269401257,24.94498493176851,3143482
2013-09-19,26.374019622802734,26.83092422291387,25.586590855015757,25.85878930073728,5606980
2013-09-20,25.878236770629883,26.5976165108057,24.15755722569826,26.578173364103524,17574612
2013-09-23,25.664363861083984,26.05321749375791,24.886656595736135,25.18801792928338,9585645
2013-09-24,25.790740966796875,26.01433156094582,25.34355792429871,25.800462538829475,3171005
2013-09-25,25.839351654052734,26.004614700146924,24.886659672662972,25.46994112088957,6097505
2013-09-26,26.04349136352539,26.24763877509349,25.596308405395394,25.8296205275589,5743340
2013-09-27,25.907392501831055,26.34485391115466,25.304669953651878,26.23791848794222,8092445
2013-09-30,25.45049285888672,25.664361876771398,24.740834802350975,25.46993600256721,7378157
2013-10-01,25.557422637939453,25.70324247486626,24.896370732724765,25.489371650120436,5425895
2013-10-03,26.053218841552734,26.247646595048096,25.576872885109623,25.81018507678377,6122660
2013-10-04,26.257373809814453,26.753163018972696,25.86852007347491,26.140716761812154,6072897
2013-10-07,26.179594039916992,26.393463057644933,25.60603428116454,26.286529475881082,4170130
2013-10-08,26.529558181762695,27.171166967562023,26.34485206033565,26.519836611771808,6945565
2013-10-09,26.568445205688477,26.762872916119736,26.150426926201305,26.23791921047537,4819015
2013-10-10,26.57816505432129,26.928134168738964,26.33513135913123,26.33513135913123,3645700
2013-10-11,26.685108184814453,27.219781727058624,26.597615880927155,26.65594346545186,5101005
2013-10-14,25.994892120361328,26.86981333174182,25.91712138722085,26.53928725234466,2770382
2013-10-15,25.489381790161133,26.286534133932633,25.18802042673322,26.237926266153575,3617780
2013-10-17,24.58529281616211,25.644918164449734,24.497800525740164,25.644918164449734,4900172
2013-10-18,25.12969207763672,25.314398261195503,24.692230551892358,24.692230551892358,6298202
2013-10-21,25.499094009399414,25.761570836515276,25.158846476567724,25.24633875227301,3964622
2013-10-22,25.294950485229492,25.936559369427922,25.22690133905696,25.54770578115617,6210332
2013-10-23,25.0616397857666,25.5963132688747,24.614456742668683,25.43105025249942,5011115
2013-10-24,25.071365356445312,25.664366512204733,24.983873048280707,25.188020531197743,4715140
2013-10-25,24.439472198486328,25.110245837247252,24.30337389800161,25.08108112105755,3656477
2013-10-28,23.836746215820312,24.643618041724668,23.75897550443917,24.468633477567096,3584205
2013-10-29,25.0616397857666,25.25606566407851,23.350682043940306,23.933963387276588,5962757
2013-10-30,26.461517333984375,26.578174364387362,24.915822342798233,25.29495630095749,9305672
2013-10-31,26.130979537963867,26.42262105621823,25.742126034491143,26.42262105621823,8888195
2013-11-01,28.065536499023438,28.308570233723604,26.072658761961915,26.072658761961915,19675660
2013-11-05,28.736305236816406,29.416800363787182,27.064233986185428,27.60862897524202,11621917
2013-11-06,28.473833084106445,29.212654001659423,28.00720690696741,28.687702101903334,6811257
2013-11-07,27.900270462036133,29.241815716365515,27.511415045291344,28.668256016287,5799560
2013-11-08,28.07525634765625,28.716867116121346,27.521139726627545,27.803059750210714,6863372
2013-11-11,27.64752197265625,28.765476934850685,27.560029667821855,28.765476934850685,6782790
2013-11-12,27.65723991394043,28.775194729325314,27.482255327250574,27.85166579032896,6596207
2013-11-13,27.589195251464844,28.15303357472605,27.025356928203635,27.511424512194356,5068887
2013-11-14,29.018224716186523,29.164044568187457,27.909989761739386,28.055811467940337,5862515
2013-11-18,29.601511001586914,30.18479050856964,29.35847725561067,29.35847725561067,7573245
2013-11-19,30.37921905517578,30.48615449959412,29.465411626819986,29.7473316696682,8950910
2013-11-20,30.107017517089844,30.816677411098244,29.902870075857425,30.330609955744645,7130695
2013-11-21,28.07525634765625,30.03896937820028,27.90027361538423,29.941755513026767,11076255
2013-11-22,28.882129669189453,29.202935995991822,28.162749998936437,28.289128586016222,7453560
2013-11-25,29.9903564453125,30.06812714864719,29.164041563506515,29.241812266841205,6270235
2013-11-26,29.630672454833984,30.126461495544035,29.06683426515986,30.058412346579953,6716787
2013-11-27,29.74733543395996,30.029253658282332,29.377923045150574,29.8834337592052,2941765
2013-11-28,29.30014419555664,30.087574770096627,28.901569049816693,29.980639341756603,4819687
2013-11-29,30.943056106567383,31.108319126092763,29.6112303781334,29.63067352259528,9371012
2013-12-02,31.71103286743164,31.866574271055356,30.894441425507033,30.913882710310155,5022247
2013-12-03,31.71103286743164,32.11933136969363,31.13747324624427,31.13747324624427,4995365
2013-12-04,30.78751564025879,31.672160199458858,30.70974491413355,31.672160199458858,3062727
2013-12-05,31.76936912536621,32.43042116021181,31.30274481401645,31.30274481401645,5547925
2013-12-06,31.49717140197754,32.148499987546465,31.41939883202291,31.85686026701709,5062140
2013-12-09,32.03184127807617,33.09146832124288,31.88601957983128,32.27487496955111,8613810
2013-12-10,31.6527156829834,32.08045373103972,31.16664820221007,32.08045373103972,4934345
2013-12-11,30.738906860351562,31.633271057256547,30.437543701361697,31.49717276235803,2991420
2013-12-12,29.601511001586914,30.631973565350105,29.50429713235635,30.631973565350105,6099325
2013-12-13,28.434946060180664,29.552900833587046,28.3085693379835,29.358474964499088,5238830
2013-12-16,29.659839630126953,29.902873384696136,28.415506139220604,28.58076916649566,7658060
2013-12-17,29.74733543395996,30.23340300035081,29.601515534882832,29.912598480700876,4175070
2013-12-18,29.970918655395508,30.32088780996703,29.300145060533485,29.56262192646212,7482920
2013-12-19,29.39735984802246,30.408381057924398,29.212653693482643,30.28200247958655,5549172
2013-12-20,31.36107063293457,31.565221782861723,29.339031944116417,29.601508815393846,8455187
2013-12-23,31.613826751708984,32.09989419184891,31.215251599130255,31.215251599130255,5344135
2013-12-24,32.061012268066406,32.11934170384219,31.147206691317187,31.49717588917031,4241805
2013-12-26,31.30274772644043,32.87760538732151,31.13748284815251,32.07073526608271,7209362
2013-12-27,31.642988204956055,32.01240048139477,31.399954495688498,31.399954495688498,1868165
2013-12-30,31.195810317993164,31.944354665482866,30.972219727195014,31.82769951124046,2136710
2013-12-31,32.459598541259766,32.66374607347349,31.020838677216975,31.263872513205325,5527975
2014-01-01,32.33320236206055,32.663728347975535,32.119335224162626,32.65400863150746,2028625
2014-01-02,31.098600387573242,33.00398607184976,30.97222364545615,32.33321050619576,4657177
2014-01-03,30.816680908203125,31.12776381825937,30.09729936094756,30.79723776277451,3786205
2014-01-06,30.70974349975586,30.95277723947903,30.29172517075996,30.95277723947903,3328475
2014-01-07,29.73760986328125,31.351353818469544,29.504297685275755,30.865286317408003,6881472
2014-01-08,30.22367286682129,30.612526438965965,29.883425295869664,30.05840986688479,6700247
2014-01-09,29.94175148010254,30.58336030794759,29.718160918259567,30.252836177597114,4364447
2014-01-10,29.543182373046875,30.7000235546121,29.44597035536608,29.941757578979363,3723950
2014-01-13,29.757049560546875,30.33060929368033,29.358474404193142,29.718163274951316,2143825
2014-01-14,28.901569366455078,30.019524101002965,28.804355508190017,29.786211953686895,3627865
2014-01-15,29.8056583404541,30.04869208547033,28.872409649607945,28.872409649607945,4841855
2014-01-16,29.251543045043945,29.980644313655805,29.144607598970072,29.941758022646976,3324990
2014-01-17,28.328004837036133,29.737600907269627,28.182185001474,29.18348441961364,4861847
2014-01-20,27.890546798706055,28.541877162427383,27.56974240190002,28.259957191858494,6875205
2014-01-21,28.61965560913086,28.70714790957613,27.754454177416576,28.007209506013975,6265357
2014-01-22,28.065536499023438,28.56132368611556,27.88083034147524,28.56132368611556,4242865
2014-01-23,28.21135711669922,28.434947713541217,27.803060357413692,27.919715514809386,3450042
2014-01-24,26.655941009521484,28.075257178791116,26.578170285920415,27.647519126085378,6624042
2014-01-27,25.158851623535156,26.247643580500323,25.0324748962179,26.22820043654374,7334935
2014-01-28,25.926841735839844,26.48095841506402,25.275511181232375,25.275511181232375,7264680
2014-01-29,26.130979537963867,26.548997749521956,25.87822615135642,26.228193377381988,4314542
2014-01-30,25.43105125427246,25.868512742557105,25.275509803815776,25.751855727614416,9486375
2014-01-31,26.47123146057129,26.617051316901193,25.46993375402589,25.644916469101734,3335635
2014-02-03,25.664363861083984,26.500400561983206,25.60603627973299,26.257366809786955,2823397
2014-02-04,26.830928802490234,27.20033932012124,25.28523386407,25.28523386407,18973790
2014-02-05,28.298845291137695,28.56132028415812,27.27810261445817,27.803056308899073,14625605
2014-02-06,29.572345733642578,29.727887179833704,28.026650989692993,28.658538346619483,15328030
2014-02-07,29.943805694580078,30.23271778657635,29.685847344974253,30.067624600273902,7947235
2014-02-10,30.04698944091797,30.439085266537884,29.551707913732262,30.04698944091797,5284697
2014-02-11,30.573211669921875,30.800216195021694,29.985067160463817,29.985067160463817,5828380
2014-02-12,30.439090728759766,30.92405180474798,30.253360368744513,30.800232876782058,3367845
2014-02-13,30.057310104370117,30.439089379485715,29.92317261034189,30.439089379485715,1790647
2014-02-14,30.119213104248047,30.5319460104388,29.572340773504212,29.92316423578279,4128857
2014-02-17,30.94468116760254,31.04786489367244,30.108896725761554,30.284308469660612,2788622
2014-02-18,30.94468116760254,31.34709553440267,30.78990656253064,31.037546324258862,3343582
2014-02-19,30.769277572631836,31.161375441927376,30.593865782276758,30.820870433363563,3375292
2014-02-20,31.047868728637695,31.677287764149245,30.26367506893682,30.26367506893682,4958405
2014-02-21,31.718563079833984,31.85270254340461,31.06850880950856,31.06850880950856,4281140
2014-02-24,32.24479675292969,32.35829906728119,31.801108034718784,31.883654635683637,3235920
2014-02-25,32.25511169433594,32.55434235113576,31.6566484126703,32.30670257610853,4462250
2014-02-26,31.832054138183594,32.19319614640286,31.27486327383404,32.038419594262024,5571385
2014-02-28,33.967952728271484,34.256868749097954,31.697920489950903,31.780467081015907,7889630
2014-03-03,32.70912170410156,34.2155976218474,32.554345109537245,34.20528101907153,5202472
2014-03-04,33.69967269897461,34.050496150087426,32.801978902589084,32.915479218138046,5899155
2014-03-05,34.18464279174805,34.566420060447925,33.544903228255926,33.96795477901314,5656470
2014-03-06,34.61800765991211,34.979151689445104,34.07113725100981,34.07113725100981,5718300
2014-03-07,35.89748001098633,36.506261790999154,34.56641416273482,34.669595914141134,9315582
2014-03-10,35.783992767333984,36.29990961353415,35.34030396471119,35.39189486210457,5225012
2014-03-11,35.20615005493164,36.5062621787984,35.0204197515221,35.701429551979885,4954567
2014-03-12,34.20527267456055,35.24742249050918,33.86476582403996,34.91723617637904,5011052
2014-03-13,36.124481201171875,37.48650474448238,34.31877297115553,34.36004724679891,19609357
2014-03-14,35.82525634765625,36.07289415555202,34.83469330767721,35.96971239161745,7975867
2014-03-18,36.87773513793945,37.55874516650385,36.05226509690017,36.15545082009652,10009435
2014-03-19,37.24917984008789,37.806370756057305,36.54753289467416,37.04281633295693,11917422
2014-03-20,36.09352111816406,37.022172476248485,35.76333484331869,36.9396239394717,7394772
2014-03-21,35.21647644042969,36.42371967695279,35.12361127330236,36.37212879213365,6355435
2014-03-24,36.60944747924805,37.146001303749145,35.49506948692417,35.49506948692417,10203780
2014-03-25,38.30165481567383,38.652478330124744,36.34117371173339,36.59913206247282,15968940
2014-03-26,38.10560989379883,38.90012212827278,37.49682799653345,38.63184322513494,11297740
2014-03-27,37.81669998168945,39.00330616484821,37.434918746291316,37.79606283900854,12420537
2014-03-28,40.076412200927734,40.24150539896538,38.08497328552425,38.1365641718862,11471227
2014-03-31,39.870033264160156,41.066959590073395,39.72557724939789,40.262130972894326,7927535
2014-04-01,39.49858093261719,40.2208650932638,39.02393851761273,39.9525901436058,5457915
2014-04-02,40.72645950317383,40.96378067755786,39.725579994402146,39.859719418577974,6782352
2014-04-03,39.29222106933594,40.932832534771435,38.59057398337406,40.89156218675726,8881810
2014-04-04,38.8072624206543,39.64304511957255,38.07466150753516,39.054900281025326,16592640
2014-04-07,38.40483093261719,39.694622364409746,37.86827722465575,38.920747505334205,6539420
2014-04-09,39.787506103515625,39.90100449621781,38.49771406881297,38.67312389618873,8431792
2014-04-10,40.458187103271484,40.90187578492093,39.31285138720581,39.787497747757094,9912285
2014-04-11,39.11680221557617,40.035133269044586,38.83820673820959,39.746221190056374,6550980
2014-04-15,38.827884674072266,39.622396715645486,38.38419608025694,39.312843604699864,6594767
2014-04-16,37.45555877685547,39.416044185241255,37.269828414539646,38.87949024256585,5695935
2014-04-17,39.33349609375,39.58113789193933,37.06346136552375,37.6619267484038,6378532
2014-04-21,40.32404708862305,40.716140907006576,38.93106977763423,39.39539554796384,5383745
2014-04-22,39.436668395996094,40.53040913078664,39.14775240707184,40.38595310439026,4784645
2014-04-23,39.04458236694336,40.3137371831297,38.79694057874794,39.632727185758185,12445117
2014-04-24,39.04458236694336,39.04458236694336,39.04458236694336,39.04458236694336,0
2014-04-25,38.332603454589844,39.99385153523892,38.10559889990998,38.79692522751702,7841147
2014-04-28,38.45642852783203,38.6937497204483,37.47618608102099,38.188149658869804,6141237
2014-04-29,37.703189849853516,38.88979578705133,37.55873381716262,38.61120032280532,6269037
2014-04-30,37.940513610839844,38.88979842498913,37.558736364813015,37.703192407302524,8618017
2014-05-02,38.652488708496094,39.57082005392354,38.09529757661884,38.19848330629969,10467355
2014-05-05,38.9620246887207,39.498578491001474,38.20878683247993,38.92075434710816,5740075
2014-05-06,40.43754577636719,40.62327608602189,39.20966556132265,39.20966556132265,10311887
2014-05-07,40.406593322753906,41.15983118648922,40.10736071032799,40.52009561961421,9607235
2014-05-08,40.24151611328125,41.37653165997173,39.73591584560031,40.75743298652844,5843257
2014-05-09,41.56224822998047,41.87180139991052,39.766860312272904,40.25181933530799,11213935
2014-05-12,43.80133819580078,44.1624783903229,41.892443626680226,41.94403845686874,14337295
2014-05-13,46.44282531738281,46.98969976325129,44.22438559605957,44.389478802930746,14328390
2014-05-14,48.052494049072266,48.70255036805226,45.21495143578264,46.7214276603481,11638017
2014-05-15,48.40330123901367,49.61054827906284,47.53656108640691,48.11438916685534,10790505
2014-05-16,53.191009521484375,60.05270301742942,51.19957079930358,52.00440350576262,26461542
2014-05-19,60.81625747680664,62.353690931673526,54.068070221141966,54.068070221141966,25623502
2014-05-20,57.82395935058594,61.72428933253577,57.19454018712144,61.55919610409697,20107000
2014-05-21,60.87818145751953,61.91001504154529,57.48344802140294,58.195415713505675,19216747
2014-05-22,61.76554870605469,63.3339359654927,60.21779858720386,61.290906280945464,13832815
2014-05-23,65.65555572509766,66.243696470698,61.45599439743702,61.817134487577164,13622050
2014-05-26,63.66410827636719,68.9264598794498,60.23842241842222,66.24368730170843,19193577
2014-05-27,60.68212890625,63.97367631921485,58.91769064856588,63.89112775074974,18070142
2014-05-28,65.86192321777344,66.38815254704119,59.18596032582927,59.5161466759097,25081662
2014-05-29,63.61253356933594,66.0373405948502,63.05534256339516,66.0373405948502,16965027
2014-05-30,60.248741149902344,64.18002713927808,59.88760109697196,64.07684145548986,15233257
2014-06-02,65.21186065673828,65.9031870286701,60.25906196020415,60.67179288883869,13331777
2014-06-03,63.87049865722656,65.62461255259694,63.02439545664263,65.56270505839443,7786135
2014-06-04,63.96335220336914,65.56269313627149,63.48870586270938,63.48870586270938,7963685
2014-06-05,64.9023208618164,66.1921125805637,63.38552454100737,64.34512989464591,12748597
2014-06-06,67.00725555419922,67.66762822196125,65.23250105749007,65.23250105749007,17536302
2014-06-09,70.52580261230469,71.14490100145198,67.50253080850123,67.83271714086399,13285535
2014-06-10,67.75019836425781,71.04174221501556,66.45008581616386,70.99015525806307,13796515
2014-06-11,64.94358825683594,68.30736317471123,64.28321555660018,67.4819012355483,9956035
2014-06-12,63.509334564208984,65.96509875546333,62.99341794884396,64.79912610262157,10288670
2014-06-13,60.248741149902344,64.38639457072317,59.020861033807684,64.00461344490378,14315830
2014-06-16,61.51789474487305,61.79649018330554,58.75258143317052,60.05269347918881,12359537
2014-06-17,62.09573745727539,62.46719812978268,60.22811749211696,61.57982073126688,11968085
2014-06-18,61.548866271972656,63.82921722975724,59.84633952147774,62.2195556463099,12487555
2014-06-19,60.69245147705078,62.96248616332989,60.29003700654544,61.775875959826585,10361922
2014-06-20,61.88936233520508,62.19891154534889,59.928881380206455,60.98134790746905,11032747
2014-06-23,61.41470718383789,63.096596255372376,61.1051580380424,62.32272142281817,7703210
2014-06-24,64.44831848144531,64.95391862062498,61.775869599798234,61.80682728089568,11146150
2014-06-25,66.59452819824219,66.83184547041147,64.60308943278777,64.90232206174107,11263857
2014-06-26,63.74666976928711,67.00726727492722,63.4577576606384,66.75962157700157,8546527
2014-06-27,62.106048583984375,64.85072516690525,61.29090322022309,64.02525926529971,11689337
2014-06-30,63.37521743774414,64.22132460584746,62.32275063593322,62.32275063593322,6690520
2014-07-01,62.92118453979492,64.6443479340783,62.63227251953731,63.36487310583687,8580975
2014-07-02,65.35633087158203,65.57301495138091,63.66412464359268,63.66412464359268,11825940
2014-07-03,65.87224578857422,67.04853919548108,64.71659345856615,65.67619885548915,13079237
2014-07-04,66.02700805664062,67.45093897166791,65.0261285952502,66.03732465672047,13451782
2014-07-07,66.56356811523438,67.27552773618602,66.03733093015101,66.2230612382826,8101750
2014-07-08,61.31154251098633,66.80089622184052,60.03207122049794,66.75962193862934,11002680
2014-07-09,59.89793395996094,63.08629963624877,57.782676069638164,60.981358349040164,18696237
2014-07-10,62.43623352050781,64.69595104876733,58.71131847846678,60.46543200331922,30328620
2014-07-11,55.92536544799805,63.08628710748061,54.98639730578829,62.44655156587647,18618200
2014-07-14,58.608150482177734,59.5161651955111,54.0371271017332,56.19365958581682,19422147
2014-07-15,61.05357360839844,61.29089872783869,58.4533571929597,59.103409328753585,15259895
2014-07-16,57.5350227355957,61.41471812486844,56.46191910140666,61.156759801395104,28097437
2014-07-17,57.4008674621582,58.78352375698353,56.89526759047262,57.163546358674864,18698502
2014-07-18,55.718997955322266,57.266747898525665,54.95543958477733,57.266747898525665,16965687
2014-07-21,55.66741943359375,57.36994238732676,55.22373070317139,56.13174530684185,11643612
2014-07-22,57.00880813598633,57.6588644258985,55.842835030363865,55.842835030363865,13777015
2014-07-23,56.00791549682617,57.442163288035836,55.72932000746334,57.36993526517866,10928180
2014-07-24,56.54447937011719,57.10167044772637,56.0079254364342,56.142064903888134,8477905
2014-07-25,53.913291931152344,56.78178735232899,53.252919224360475,56.16268892374456,10991470
2014-07-28,53.50056838989258,55.38882568974257,52.89178643343158,54.37762927557784,9029047
2014-07-30,54.387943267822266,54.85226913369839,53.12910906449777,53.387067441525346,10969202
2014-07-31,55.378501892089844,56.17301415707906,54.233170016823955,54.233170016823955,19448717
2014-08-01,54.79035949707031,56.29683945961251,54.491130761398466,54.78004289355028,6603165
2014-08-04,55.02768325805664,55.6983726812949,54.54272024632295,55.18245592366586,6592087
2014-08-05,54.92449951171875,55.388825397439064,54.1403077439387,55.09991326238315,7835945
2014-08-06,54.06806945800781,56.21428079285653,53.73788309880031,54.99671711722943,9422892
2014-08-07,55.14118194580078,55.51264264314581,53.675980235309275,54.099031821478334,9446747
2014-08-08,53.63470458984375,54.60462665799286,53.39738335836469,54.4189002501621,8055740
2014-08-11,54.21253204345703,54.625263074231256,53.32515461990054,54.27443953320037,5504662
2014-08-12,55.9356803894043,56.06981981606328,54.36729335319109,54.36729335319109,7271395
2014-08-13,53.1394157409668,56.52382775578078,52.34490361580488,55.99759449684586,15474402
2014-08-14,54.79035949707031,55.28564306094855,52.72669241339711,53.593432745985154,11851825
2014-08-18,55.66741943359375,56.27620137048959,54.790358576095656,54.790358576095656,6764985
2014-08-19,56.038875579833984,57.14293704646107,55.43009369239297,55.94601041272833,10610305
2014-08-20,56.32780075073242,57.20485780431167,55.91506570426388,56.29684699989387,10464810
2014-08-21,56.193641662597656,57.215158381296874,55.925366731295284,56.53414854754131,9059570
2014-08-22,55.6158332824707,56.647666894864344,55.2030982630601,56.379387951407594,5653802
2014-08-25,53.06718063354492,56.018224150966425,52.11789206345975,55.7189915848209,8900727
2014-08-26,52.46873092651367,52.922740177210166,50.08519810488651,52.67509840990914,16143352
2014-08-27,51.994083404541016,52.80923271966545,51.05511518589515,52.42745547106402,8034247
2014-08-28,51.61231994628906,52.097283024179454,50.951947036219686,51.694864591981215,7897930
2014-09-01,54.21253204345703,54.66653735814839,51.81867868211653,52.375865770468344,8015935
2014-09-02,53.69660949707031,54.253800461309524,52.6544555895712,54.037112462239655,7462820
2014-09-03,54.05775833129883,54.43953563757262,53.387068894453805,53.8410742333704,7119905
2014-09-04,54.1712532043457,55.77059417839046,53.44896904106136,54.06807143936167,6625332
2014-09-05,54.39824676513672,54.76970734146565,53.41800445229788,54.17124220490655,6054052
2014-09-08,54.65622329711914,55.16181952215437,54.088711707196374,54.97608917202192,3703402
2014-09-09,54.36729431152344,55.068941259463905,53.86169820664763,54.687164046538875,3052375
2014-09-10,53.61349868774414,54.64611618733049,53.489585690748264,53.768392888331356,3827540
2014-09-11,55.43091583251953,55.616787324868696,53.73742351478158,53.92329500713075,8022167
2014-09-12,54.82166290283203,56.060804683203656,54.60481417452585,55.761344664615244,6323920
2014-09-15,55.18307113647461,56.05046988958273,54.15045376082793,54.16078214049309,5459712
2014-09-16,51.43466567993164,55.792307714940264,51.11455292032644,55.306980295107884,6768850
2014-09-17,50.20586395263672,52.30208024832923,49.56564217746565,52.20914451168155,10662532
2014-09-18,51.27977752685547,51.70315048347929,49.3281313624402,49.97868139695282,10211982
2014-09-19,50.8976936340332,51.9199822733628,50.412362376280406,51.41400214172892,5304225
2014-09-22,49.937381744384766,50.45369048212386,49.131941374031165,50.3607547517659,7131110
2014-09-23,48.801490783691406,50.51563530615323,48.533012024852844,49.978677788476105,5390565
2014-09-24,48.832481384277344,49.7411819269673,45.228644659908234,48.42976119890654,11229717
2014-09-25,48.285186767578125,49.76182993035834,47.10800358922135,48.801495455567775,11943630
2014-09-26,50.66020202636719,50.98031084223424,47.56235037889777,47.91344038984252,6521365
2014-09-29,48.6465950012207,50.5879163635127,48.388440711415136,50.24715081019086,6670245
2014-09-30,48.450408935546875,49.792814773849166,47.768881575094426,48.450408935546875,7303960
2014-10-01,49.16291427612305,49.75150586979689,48.326492777107354,48.326492777107354,5367637
2014-10-07,46.67430114746094,49.369432838310125,46.48842972470428,49.17323303699907,7659427
2014-10-08,46.891151428222656,47.45909015531082,45.910164205549066,46.46777849285267,9499015
2014-10-09,49.2042236328125,49.6688983393467,47.13898870911205,47.29387896491578,10493750
2014-10-10,49.741180419921875,50.5982547897933,47.562360920489965,48.584649984823876,8282377
2014-10-13,49.61725997924805,50.35041730950116,48.3781184438588,49.483018628640934,5145955
2014-10-14,51.4863166809082,52.12653852122275,49.8444544591529,49.958043030960454,9048542
2014-10-15,51.4863166809082,51.486316680908196,51.486316680908196,51.486316680908196,0
2014-10-16,50.03031539916992,51.99228615770973,49.77216104101024,50.856408557456305,6905405
2014-10-17,51.734134674072266,52.456967704906965,49.25585506151157,50.34010263820207,6231350
2014-10-20,54.01621627807617,54.31567232294737,52.147177412150576,52.51892029722949,6279765
2014-10-21,56.835269927978516,57.7233216360912,53.41730447769266,54.016224537256385,21030057
2014-10-22,56.33961868286133,57.537454962743986,55.18308411398431,57.537454962743986,6446385
2014-10-27,57.19668197631836,58.05375638133215,56.380913216175315,56.62874314627662,7519107
2014-10-28,58.28092956542969,58.528759495597136,56.48417734342731,57.19668199158369,5610887
2014-10-29,57.372215270996094,59.36516685927418,56.82492545520722,58.84885823928757,8998870
2014-10-30,57.23797607421875,58.291246171201195,56.84558040535338,57.45482475735923,7150980
2014-10-31,58.31191635131836,58.81789676263058,56.81462006355283,57.49614751285751,9757032
2014-11-03,57.7852783203125,58.80757144868487,57.51679948510146,58.44615293540746,4800800
2014-11-05,58.456478118896484,59.58203136712762,57.74396951294049,57.74396951294049,9059235
2014-11-07,58.35321044921875,59.23093764643997,57.8678829256326,58.249950279721176,6737920
2014-11-10,56.7939567565918,59.13799871724041,55.26568348383642,58.44614301386173,8546897
2014-11-11,56.51515579223633,57.43418474494371,55.781998306270125,56.79396299234809,6746347
2014-11-12,58.3945198059082,58.65267418519084,56.26733024165812,56.84559353021237,8717287
2014-11-13,58.404842376708984,59.55104439783296,57.207006333566596,58.632015529274085,8576360
2014-11-14,58.00212097167969,58.65267107593997,57.49614062101737,58.404845090875206,5303180
2014-11-17,62.38041305541992,62.88639728282954,57.692329408707046,58.00211382141052,15719267
2014-11-18,62.938026428222656,63.877708031654684,61.60594914032115,62.72117773645892,10132130
2014-11-19,61.26518249511719,64.22879285911817,60.542349642181726,62.98965138824628,10844617
2014-11-20,60.5423698425293,62.26683931103862,59.49942388040371,61.32715747042835,5514162
2014-11-21,61.08962631225586,62.24615633922406,60.201574992948984,60.3771219449411,6208202
2014-11-24,61.523338317871094,62.8967172270306,61.027678566028875,61.626598468350245,4628047
2014-11-25,62.060302734375,62.78313568554425,60.098332083055844,61.68856378780364,10598045
2014-11-26,61.66791534423828,63.11357741005464,61.1309537978072,62.15324286689636,5334782
2014-11-27,61.64726257324219,62.77281575167989,61.203236754465294,61.833134029433594,5033422
2014-11-28,63.9603271484375,64.97229183549719,61.936397774318145,61.936397774318145,9574185
2014-12-01,64.25977325439453,65.17880200895111,63.84672870334382,64.23912043597365,6759195
2014-12-02,62.50433349609375,64.0326068618227,62.23585469012532,64.00162959859023,7098492
2014-12-03,63.36140441894531,64.41467464171272,62.648895890504626,62.648895890504626,5908387
2014-12-04,63.154884338378906,63.836411711345754,61.23421521298424,63.51629887740563,6102487
2014-12-05,62.95869064331055,64.04293823750872,62.60760053347156,63.40271648631641,3532797
2014-12-08,60.44942855834961,63.12390800388116,60.12931571969786,62.67988216989971,3909590
2014-12-09,57.1553840637207,60.92443997692574,56.89722965703882,59.97443365111573,6177395
2014-12-10,60.676597595214844,61.00703879213326,57.31026655425124,57.413526720141306,8205827
2014-12-11,59.00375747680664,60.45974785006013,57.82657427363864,60.30485760387226,6086245
2014-12-12,57.18635940551758,59.86083894198533,57.00048793664157,58.79724021694527,5211117
2014-12-15,57.568416595458984,58.36353241844074,55.596117637376764,56.639059415578345,3898127
2014-12-16,54.625450134277344,57.59938476217101,54.047183098181506,57.00046884900203,6485260
2014-12-17,56.19502639770508,57.70265051053349,54.10914311031517,54.89393045279511,9245072
2014-12-18,61.14126968383789,62.26682270385605,57.22764915248716,57.22764915248716,14006317
2014-12-19,61.822792053222656,62.76247356881831,60.47006601179894,61.95703339519979,9708765
2014-12-22,62.58693313598633,63.1755246626032,61.16192020564548,61.95703597333124,5250410
2014-12-23,60.81083679199219,62.989660090972336,60.61464090815366,62.57661156390705,4421887
2014-12-24,60.284202575683594,61.02768439623001,59.28256247603199,60.90377141599271,7008270
2014-12-26,62.122276306152344,62.51467210751475,59.91247521379984,60.428784027494295,4275647
2014-12-29,61.69887924194336,63.30976353228558,61.543985082423525,62.370082014366474,3557807
2014-12-30,62.153228759765625,62.535299965526534,60.97604576479258,61.99833854097142,3182860
2014-12-31,62.24617004394531,62.78313151661216,61.56464277846863,61.771167027820866,3172677
2015-01-01,63.165199279785156,63.38205190970947,61.59562442711439,62.246170499519955,3271855
2015-01-02,63.36140441894531,65.03424350728282,62.89672580020633,63.26846869519751,7661297
2015-01-05,62.876075744628906,64.33206618796056,62.741834373506705,63.52662583947329,4661567
2015-01-06,59.4271240234375,62.37008565210806,59.065709548974496,62.23584430196937,7392742
2015-01-07,57.3309211730957,59.97442325748088,56.89721979668678,59.47876341612126,11054610
2015-01-08,57.72331237792969,58.776578625604195,56.4015594698644,58.57005830354889,11470307
2015-01-09,57.97113037109375,58.611351947527496,57.537433027448266,58.425484471052364,6165887
2015-01-12,58.53907012939453,58.75592274431226,56.64938262169845,58.033089885871576,3477070
2015-01-13,56.85590362548828,58.75591940349675,56.504813625015345,58.44613109669208,3937920
2015-01-14,57.84722137451172,58.1983114125946,56.793951260263064,56.99014712835083,4699210
2015-01-15,60.20159149169922,61.068990234423644,58.44614118628995,59.086366787695034,11689132
2015-01-16,60.0363655090332,60.90376414539076,59.22059694668412,60.20158410933359,4888337
2015-01-19,60.51137924194336,61.750520933882456,60.30485890922256,60.30485890922256,6992602
2015-01-20,59.850494384765625,61.42007306487636,59.48907992581211,61.0689830451263,4858210
2015-01-21,59.1483039855957,60.8831009629718,58.44612406908055,59.89178952993446,8672070
2015-01-22,57.72331237792969,59.81952437194764,57.10373959439584,58.85918990572443,6427950
2015-01-23,58.1363639831543,59.4581170508673,56.917875028064316,58.44614844277716,9046807
2015-01-27,58.3945198059082,58.96245865250536,57.04179337950603,58.46680271697748,4571730
2015-01-28,60.43909454345703,60.71790171130081,58.09505259673145,58.446142666706265,9214022
2015-01-29,61.130958557128906,62.06031197055316,60.098341027242014,60.61464979218546,12568075
2015-01-30,61.63692092895508,63.1755223320815,60.738545043436766,61.533660781791,9399155
2015-02-02,63.991302490234375,64.42499991390564,61.254864763887404,61.55432475973061,11002417
2015-02-03,59.261905670166016,64.74510490067836,58.8591855571399,64.43532050136,8878917
2015-02-04,58.074398040771484,60.635288443659,57.929828311512935,59.313535635723056,10004155
2015-02-05,57.72331237792969,59.40647584959174,57.36189393608761,58.0744024401954,4791765
2015-02-06,58.497779846191406,59.065718653226455,57.06243828850106,57.82657693116266,4177372
2015-02-09,57.23797607421875,58.084721927634035,56.6287317222129,58.084721927634035,3307145
2015-02-10,58.77659606933594,59.27225601891415,56.494511956892644,56.8972322191916,5871800
2015-02-11,58.04341506958008,59.41679791214508,57.28960494467774,58.983096615868995,6147615
2015-02-12,58.31191635131836,59.06572671652478,57.465170245792045,58.34289361838382,3697950
2015-02-13,56.731998443603516,58.42549428565135,56.44286683260346,57.81624986309925,9409750
2015-02-16,58.17767333984375,58.51843508543201,56.80429009776118,57.10375013478837,6225295
2015-02-18,56.82493209838867,58.30157523930875,56.61841177754827,58.17766225897998,4161417
2015-02-19,56.9488525390625,57.55809697710636,55.761340925191675,57.29994262097121,4774095
2015-02-20,57.4754753112793,58.239613800636505,56.391227999170454,57.25862663668196,4257487
2015-02-23,56.38089370727539,58.03308347830665,56.091762171471665,57.89884214848846,4219667
2015-02-24,55.82328796386719,56.742316653358806,55.42056394185528,56.48416235005792,5016820
2015-02-25,56.38089370727539,56.69068199748995,55.885237957702536,56.2776335699517,3623440
2015-02-26,57.620059967041016,57.867889918555825,56.20537499053024,56.67005368766836,7527815
2015-02-27,60.645606994628906,60.91408966948841,57.18634098956028,58.03308676881508,9166510
2015-03-02,63.75379180908203,64.2287948065968,60.61463437145687,61.04833173289497,10498355
2015-03-03,63.2271728515625,64.68316345648658,62.37010232340603,63.846745752265896,9964622
2015-03-04,62.13319778442383,65.18144071221667,61.70835378576562,64.57604064767695,8294017
2015-03-05,62.643001556396484,63.16343519737763,61.78269437291785,62.49430738800536,7445652
2015-03-09,61.51717758178711,62.74922443146686,60.9967479106348,62.324380410776406,4484700
2015-03-10,60.6037483215332,62.239387902121834,60.23200892242696,61.84640995596853,3838827
2015-03-11,61.017982482910156,61.98449865369257,59.94525329513322,60.540034035465595,6223492
2015-03-12,61.48529815673828,61.984489130890026,61.02859238285726,61.389708481935,4498920
2015-03-13,57.852909088134766,62.02698555731722,57.51303552767926,62.02698555731722,5395147
2015-03-16,57.60860824584961,59.36108001591867,57.25811146086905,58.001586174661035,3194422
2015-03-17,59.201759338378906,59.69032687111626,57.79977642228051,58.192758354431234,10791977
2015-03-18,60.20014953613281,60.82679204179435,58.660095508495644,59.56288775650923,5855742
2015-03-19,59.60538864135742,61.55966387803863,59.20179127136963,60.90115928082593,5407697
2015-03-20,58.41582107543945,61.21977983880259,58.0334623255968,59.817800457121024,5499825
2015-03-23,58.61763000488281,59.339862425318344,57.725460782674986,58.94688433089732,3730242
2015-03-24,59.2761344909668,59.88153455795873,58.57514472647021,58.61762588521798,3071485
2015-03-25,59.562896728515625,59.955874750091034,58.585757260745716,59.690348293316156,4711362
2015-03-26,57.470550537109375,59.78594170872859,57.247509271894096,59.02122416900483,7477555
2015-03-27,56.142913818359375,58.37333440084001,54.677206664711235,57.56613576718012,5713520
2015-03-30,57.64048767089844,57.884771541669785,56.35534050447038,56.50403468219098,2753480
2015-03-31,58.001590728759766,58.76630810031595,57.566127570315054,57.83165398525967,3662472
2015-04-01,60.04084014892578,60.518788573797096,57.88476665092111,58.43706215837106,4031885
2015-04-06,59.07431411743164,60.92237969982201,58.383947887598005,60.92237969982201,4703612
2015-04-07,58.044090270996094,58.20340372836438,57.12005520148728,58.16091851908781,3748965
2015-04-08,59.0424690246582,59.679730964321784,57.83166890832984,58.447688243122954,4859237
2015-04-09,61.09233093261719,61.29412959199257,59.63724700601859,60.60376319837422,5039420
2015-04-10,61.09233093261719,62.06946640110314,60.44444569513253,61.092330932617195,6228832
2015-04-13,60.87991714477539,61.34724233808443,60.24265514920734,61.17730553582542,3451870
2015-04-15,59.40357208251953,61.38970860564362,58.840657358439046,61.27287633046955,4437610
2015-04-16,58.47954177856445,59.71158423857011,57.789171447277,59.64785643746902,4421252
2015-04-17,59.13804244995117,59.477915931143066,58.08655608203083,58.52201923303367,3324512
2015-04-20,58.61763000488281,59.45669473621423,58.0972003220358,59.24427272109561,3319600
2015-04-21,58.564491271972656,59.159271756220384,57.23685951824963,58.830017622717264,3357580
2015-04-22,58.69196319580078,59.01059816878695,57.92724979482514,58.81941880564004,3322377
2015-04-23,58.67072677612305,59.90276935468781,58.39457699638955,59.08494739411115,3803467
2015-04-24,57.98036193847656,58.946878157004384,57.6723502513953,58.946878157004384,2833485
2015-04-27,57.61924362182617,58.35209521576296,56.71645525023974,58.30961406005982,3542950
2015-04-28,57.523651123046875,58.606999547032316,56.70582915440261,57.58737893090914,5475327
2015-04-29,55.99421691894531,57.88476387371789,55.505645190510876,57.67234191156535,6596562
2015-04-30,56.429683685302734,56.90763211745622,54.178016416404624,55.78179848300716,8211147
2015-05-04,58.36270523071289,58.59636571442486,56.50402037656033,56.50402037656033,4345782
2015-05-05,58.68134307861328,59.403575317555934,57.9166256370006,58.41581663934353,5506625
2015-05-06,57.55552291870117,59.053092222810626,54.783429650627575,59.053092222810626,10603042
2015-05-07,53.657588958740234,57.62986263772578,53.06280821384494,57.62986263772578,5779807
2015-05-08,54.475406646728516,55.60123618500511,54.19925687391997,54.37981696408126,4967415
2015-05-11,56.24911880493164,56.440298161536376,53.53013071386324,54.613474999140905,5991397
2015-05-12,55.39945983886719,56.408461550280514,54.35859623762001,56.28100993933142,7997657
2015-05-13,56.3128547668457,56.631485723482776,54.411684251600036,55.66496952576995,3216477
2015-05-14,57.428070068359375,57.7785669868624,55.58000793032838,56.27037438700852,3372830
2015-05-15,57.31122970581055,58.02284271988375,56.227881271289405,57.778558864787634,3446445
2015-05-18,57.98036193847656,58.288373625557824,56.9501179066039,57.6723502513953,2204607
2015-05-19,57.48116683959961,58.41582111184048,57.01384172928528,57.56613725144525,2460512
2015-05-20,58.001590728759766,58.58574803131561,57.61923204298167,57.99096740325951,2507877
2015-05-21,57.937862396240234,58.54326229260151,57.36432437286275,58.00159019381935,4586322
2015-05-22,59.021209716796875,59.403568393032636,57.90599961218356,57.99096595600736,3400240
2015-05-25,59.70096206665039,60.083320777424795,58.29898282821877,58.67072226441025,2177127
2015-05-26,58.68134307861328,59.84965779075538,58.29898435780694,59.67972103168722,1679072
2015-05-27,58.89377212524414,59.350477979858546,57.65110613313141,57.86352812042385,2111780
2015-05-28,59.562896728515625,60.200158604130465,57.990976538989585,58.893768922991505,7222460
2015-05-29,57.906009674072266,60.0939491173744,57.757315507834555,60.0939491173744,4764825
2015-06-01,57.36433029174805,57.77855494133497,56.758930332921246,57.77855494133497,4226507
2015-06-02,56.87575912475586,57.74668547003428,56.55712822675843,57.35370749755784,5311932
2015-06-03,55.4100456237793,57.173144758942264,54.37980597631605,57.173144758942264,4387787
2015-06-04,54.32671356201172,55.86676373841473,53.32833151199297,55.86676373841473,3748077
2015-06-05,55.919883728027344,56.18541023376041,53.74256313972592,54.35858657780082,4792115
2015-06-08,55.314453125,56.25972631603572,54.25234768759165,55.93047217185927,2845135
2015-06-09,55.47378158569336,56.29160348094963,54.76217269400974,54.82589644454153,2091155
2015-06-10,56.217262268066406,57.1306739360067,55.65434747105716,55.845526845817325,3803390
2015-06-11,54.804664611816406,56.99260429595645,54.379824668888915,56.5465217481407,3186245
2015-06-12,55.00646209716797,55.69682845807374,54.28422980615637,54.37981949324944,1935002
2015-06-15,55.55875778198242,56.249124144939984,54.75155507710585,54.93211517620149,2169590
2015-06-16,56.11104965209961,56.28098641286633,55.49502636206278,55.8030380070812,2541140
2015-06-17,56.6845817565918,57.47054178062332,56.30222304498792,56.30222304498792,2604317
2015-06-18,55.43130111694336,56.758933387865085,55.32509215591448,56.440302453166304,2376545
2015-06-19,56.5464973449707,56.84388558184053,55.707433046247004,56.21724318871422,3991477
2015-06-22,57.60860824584961,58.373321505751406,55.96234136116334,56.843890934336564,3681915
2015-06-23,58.968109130859375,59.3717104325472,57.93786530218717,57.99096977702753,2973082
2015-06-24,58.57511901855469,59.79653789325628,57.99095776151166,59.48852633074466,2150147
2015-06-25,57.948486328125,58.5114010319916,57.45991464479481,58.20338941788621,4542765
2015-06-26,56.822669982910156,57.92726117552575,56.32347887532924,57.61924946865188,2802357
2015-06-29,54.889625549316406,56.01545910423374,54.220497791570416,55.67558153634715,3417645
2015-06-30,54.37980270385742,55.60122160448392,54.018686669843724,55.19762442946523,4689115
2015-07-01,55.070186614990234,55.56937766021877,54.40106284770652,54.953358375028834,3711240
2015-07-02,54.65597152709961,55.78180529911694,54.57100515745241,55.38882722982169,2722280
2015-07-03,55.50564956665039,55.81366123347504,54.815283199740136,54.815283199740136,2210322
2015-07-06,55.53751754760742,55.72869693051514,54.20988519497737,55.01708388266698,3340382
2015-07-07,54.78342056274414,56.15353400188223,54.59224118954121,55.654347017729854,4339237
2015-07-08,54.24174118041992,54.5391294985756,53.10528833419706,54.37981606454019,4392765
2015-07-09,54.60285186767578,54.985210553877735,53.8487578207839,54.24173578088633,2283475
2015-07-10,54.75156784057617,55.3782105924376,54.27361929227284,54.84715755023683,3945992
2015-07-13,55.675575256347656,55.85613532053377,54.953347154437544,54.953347154437544,2556137
2015-07-14,55.452545166015625,56.22788194626602,54.92149224379381,55.78179943637357,2273897
2015-07-15,55.080810546875,56.004841510607065,54.836526685272844,55.834904735074595,1635050
2015-07-16,57.16254425048828,57.43869407772294,55.229511666296915,55.441933675336,3962302
2015-07-17,56.5146484375,57.50240715199158,56.33409239693869,57.311227784566626,2036612
2015-07-20,56.74829864501953,56.99258243009337,56.164141415355026,56.227865153958874,1958765
2015-07-21,54.69844436645508,57.45991760702945,54.379813462021374,56.92886474910271,2407190
2015-07-22,55.941104888916016,56.546508861228894,54.42229747586001,54.613472773060465,2613822
2015-07-23,55.25074005126953,56.18539421950144,55.03831809690613,55.88800186274796,3079570
2015-07-24,55.1339225769043,55.866774262031775,54.719701883066456,55.633113695946236,3919277
2015-07-27,54.00809860229492,55.13393263189484,53.466426223476894,54.815301582495195,7016642
2015-07-28,52.18126678466797,53.68945529833694,52.04319187585191,53.51951850733744,26321040
2015-07-29,51.77766418457031,52.446792056176285,50.917356921076916,52.298097873955534,11776592
2015-07-30,51.671443939208984,52.659202564597216,51.20411483805481,51.926347038373336,9903885
2015-07-31,52.2874641418457,52.44678162058926,51.225358421186776,52.04318031228757,6228765
2015-08-03,52.29810333251953,52.776047810510484,52.08568131362743,52.28748000318777,4730092
2015-08-04,53.19026184082031,53.31771340580031,52.09629008227098,52.552995912695884,5556715
2015-08-05,52.786659240722656,53.498268184245994,52.68044622941254,53.39205922454798,3601097
2015-08-06,52.90350341796875,53.296481519111836,52.574249086322205,52.88226081093223,4192542
2015-08-07,53.317710876464844,53.44516243539868,52.468027064219235,52.829143190875115,5771152
2015-08-10,52.3299560546875,53.79566327163381,51.93697802209323,53.45578972156109,4618202
2015-08-11,52.56361770629883,52.829144155700675,52.12815449134428,52.49988989986203,5055410
2015-08-12,50.662445068359375,52.871622920781505,49.09052904507912,52.44678305189089,9113502
2015-08-13,50.89610290527344,51.51212615248919,50.57747200743605,50.970454031326796,3770092
2015-08-14,51.650203704833984,51.97945389397014,50.70493023654571,51.11915083036984,5602135
2015-08-17,51.05543899536133,52.10692579838099,50.88550218444648,51.68208174528729,3256640
2015-08-18,50.93858337402344,51.71391997233548,50.566848036343444,51.257214242265036,1948172
2015-08-19,49.897727966308594,51.108527880755084,49.6215822522607,50.84300144156552,1969322
2015-08-20,49.154266357421875,50.11016341645395,48.97371027494527,49.64283821626772,2935065
2015-08-21,48.40015411376953,49.037415882695676,47.30618659152209,48.94183026380711,5129487
2015-08-24,41.443382263183594,47.518630708966484,40.529970330245504,47.518630708966484,5840122
2015-08-25,45.32006072998047,45.71304286414801,39.404130679176674,42.27181766765339,7484327
2015-08-26,44.90583419799805,48.00718539764583,43.65254896650089,44.60844585547746,9694260
2015-08-27,46.56271743774414,46.945076165820595,45.415641253514764,45.96793674389053,7013752
2015-08-28,46.690162658691406,47.943447629878385,45.458120286359815,47.667301947981414,3444002
2015-08-31,47.614219665527344,48.0815449032912,45.405036974396346,46.47776238102309,4810395
2015-09-01,47.36991882324219,48.84624934356963,46.456511204584295,46.796384749111006,8836900
2015-09-02,46.24409103393555,48.538239574970376,45.74489997331926,47.81600725171752,3911317
2015-09-03,46.73265075683594,47.210599131716826,45.85110108187655,46.66892295631458,5841160
2015-09-04,43.65253448486328,47.04065362720255,43.21707139137399,46.94506397001656,7146390
2015-09-07,44.27919006347656,45.01204567042581,42.69665466464455,43.87559277007407,3489797
2015-09-08,45.07577133178711,46.04228750429459,43.780004935039756,44.60844621101407,3161860
2015-09-09,47.26371765136719,47.58234864543584,45.5112411065702,45.88298064266106,4097312
2015-09-10,46.9981803894043,47.614203681654985,45.32005132564164,46.09539210426392,4704510
2015-09-11,46.56271743774414,47.73103217210042,46.052907150846195,47.55047613473765,2196112
2015-09-14,46.7645149230957,48.08152783713173,46.13787236789994,47.04066468727657,4500052
2015-09-15,46.84972381591797,48.10643005763952,46.66867026561288,46.86037211290775,5418637
2015-09-16,48.276832580566406,48.54308467978589,47.3183233983024,47.59522379390943,3798995
2015-09-18,49.09688949584961,49.92759887613959,48.5324362992908,48.77738776313113,5792575
2015-09-21,51.99371337890625,52.35581642259622,48.56438479235331,48.99038980705383,4326042
2015-09-22,50.74766540527344,52.29192474654751,50.39621058955018,52.18542550324782,5884305
2015-09-23,50.012786865234375,50.545290994709234,49.58678599926495,49.84238570630979,3701722
2015-09-24,50.26839065551758,51.52510072660682,49.84238572668986,49.84238572668986,8459982
2015-09-28,48.85193634033203,50.81155204588076,48.40463474255261,50.26839952533649,2500082
2015-09-29,48.457889556884766,49.39509822872364,47.79758538618898,48.51113917243221,7362295
2015-09-30,49.011688232421875,49.52289178917507,48.58568323711852,48.99038757638824,6630377
2015-10-01,48.21293258666992,49.84239420049849,47.286376381030614,49.821093544167326,6003310
2015-10-05,53.51668167114258,54.027885307046176,49.043644778629414,49.043644778629414,12843220
2015-10-06,52.11087417602539,54.08113857638276,51.6316194654103,54.08113857638276,6835052
2015-10-07,50.758296966552734,52.47296103197852,50.48139658767235,52.37711011954216,6322595
2015-10-08,50.097999572753906,51.63161031215803,49.4589920509885,51.25885897147523,4288415
2015-10-09,49.83173751831055,51.17364613988782,49.54418480025454,50.69439160979447,3245560
2015-10-12,50.96065139770508,51.20560691007221,49.725241789963285,50.05539586354465,4254345
2015-10-13,51.972412109375,52.18541461421489,50.39620007385559,51.21625707674401,6659115
2015-10-14,50.81154251098633,51.69550130646149,50.27903838725932,51.546400801847376,3685777
2015-10-15,51.54640579223633,51.94045774439233,50.97130030788901,51.0671512219469,3048935
2015-10-16,51.54640579223633,51.84460683033445,50.40684718215059,51.68485395267649,3772657
2015-10-19,51.94046401977539,52.291914705326526,51.312108854519806,52.185415482477076,2561525
2015-10-20,52.2280158996582,53.420824238361895,51.812663249920256,51.97241208145069,4908155
2015-10-21,52.67530822753906,52.87766239960376,51.54640205784822,52.31320525207419,2429190
2015-10-23,52.99481201171875,53.2504157951164,52.29190668573058,53.03741331939907,4833267
2015-10-26,51.71681213378906,53.20782153595804,51.37600975256844,52.83507020108701,2906542
2015-10-27,52.28126525878906,52.73921921980713,51.269506413221585,51.75940932785515,2290545
2015-10-28,51.865901947021484,52.50490526405652,51.28014822929203,51.79135169545686,2791562
2015-10-29,50.374900817871094,52.078916841288695,49.948899859030426,51.865914330525875,7235870
2015-10-30,51.07779312133789,51.919150587961305,50.16188540452597,50.364239565909585,5769222
2015-11-02,51.71681213378906,52.36646387989502,50.89675513438794,51.03520330866298,4451387
2015-11-03,53.175872802734375,53.78292730071778,51.97241210380021,51.983064463517735,11103922
2015-11-04,53.82551956176758,54.68817367030119,52.84570982946889,53.43146357218923,9959390
2015-11-05,53.644466400146484,54.57102653706782,52.87766319439488,53.91071847249956,4832687
2015-11-06,49.437686920166016,52.6114154594249,47.616523570175076,52.6114154594249,15017050
2015-11-09,48.04253387451172,49.55484398779611,47.81888306553614,48.724138661495395,4335645
2015-11-10,48.02121353149414,49.30987230753628,47.041404004849845,47.79756281420087,8718405
2015-11-13,47.97863006591797,48.94778759707082,47.17987372498919,48.457884683012196,7894112
2015-11-16,47.31832504272461,48.44723544521398,46.93492135649483,48.05317939954184,4537462
2015-11-17,46.615413665771484,47.73367156552986,46.25331068213995,47.71237091205927,5571030
2015-11-18,44.868804931640625,46.96686871243676,44.741000998786575,46.81776818679166,5840430
2015-11-19,45.48650360107422,45.88055959792694,44.97530010366219,45.10309996234413,3106920
2015-11-20,45.43324661254883,46.050953277347055,45.23089653064093,45.475847912745316,2399962
2015-11-23,44.591896057128906,46.06160863792527,44.251093728637606,45.58235409389556,9424552
2015-11-24,44.325645446777344,44.911399214283264,44.219146239116036,44.73034974872216,6351955
2015-11-26,44.368247985839844,44.772952299012516,44.20849510723144,44.41084929516001,4920580
2015-11-27,44.87945556640625,45.31610886969712,44.41085330957954,44.63450410970014,4284917
2015-11-30,45.42261505126953,45.784718110961144,44.996610017743485,45.1137616050974,4930790
2015-12-01,45.443912506103516,45.83796859150849,44.890111639803614,45.6569150268955,3776197
2015-12-02,45.36935806274414,45.784714768316014,45.156359624216776,45.667563189515086,1811832
2015-12-03,45.5078125,46.22137030418617,45.08181153964683,45.17765840401117,4216757
2015-12-04,44.570579528808594,45.529088275470556,44.442779716814584,45.156337131036885,2859885
2015-12-07,44.133949279785156,44.94335798742216,43.910298477418955,44.7516561389126,2527295
2015-12-08,42.72814178466797,44.30435394731737,42.60034189653023,43.89965362443367,9298355
2015-12-09,43.537532806396484,44.197836699047734,42.23822160819707,42.64292582877589,10218855
2015-12-10,42.302127838134766,43.93158911620421,41.87612292466163,43.665337060954485,7390480
2015-12-11,42.834632873535156,43.867688107585096,42.216926141929754,42.280828099135704,9094372
2015-12-14,44.08070755004883,44.240460473263,42.397995988904725,42.5683972110799,4856050
2015-12-15,44.038089752197266,44.591894532734614,43.729240445655584,44.30434181614691,4800725
2015-12-16,44.048763275146484,45.060522416838936,43.899662697721794,44.091364600892405,4420710
2015-12-17,45.94445037841797,46.1148515178242,44.55994061290691,44.90074289171936,7068327
2015-12-18,45.348052978515625,45.99770459468538,45.15635116958552,45.99770459468538,4421222
2015-12-21,46.476966857910156,46.64736804281959,45.40131013992271,45.58235962146442,3587407
2015-12-22,46.050960540771484,47.073367530645456,45.837958068876674,46.519562728792664,3884550
2015-12-23,46.184181213378906,46.59495704329205,45.96214526052939,46.38401695899494,3166415
2015-12-24,45.47365951538086,46.56165186169362,45.185010213324276,46.56165186169362,2201640
2015-12-28,45.04069137573242,45.851134667169944,44.896364581758085,45.629094422993745,3021485
2015-12-29,45.240509033203125,45.62907612841988,44.66320632383559,45.162795614159776,6958872
2015-12-30,45.17390823364258,45.56247967159458,45.073990347890906,45.473661890897596,2383135
2015-12-31,44.71873474121094,45.40705994487193,44.541103386893866,45.14061079586355,10198262
2016-01-01,44.96295928955078,45.184999441697094,44.629901178863136,44.629901178863136,2564097
2016-01-04,43.59742736816406,44.96296887772424,43.34208262101683,44.94076443426823,4801285
2016-01-05,44.785343170166016,45.129505734210284,43.763959818683226,44.15253127519742,4943495
2016-01-06,44.56330490112305,45.61799285077179,44.16363332146118,44.774245032091954,4141197
2016-01-07,41.83221435546875,44.00819899384786,41.54356082554352,43.74175414244794,5233037
2016-01-08,42.220787048339844,42.62045861275757,41.87662871736411,42.30960483379494,3813712
2016-01-11,41.87662887573242,42.44282743742203,40.97736785239174,41.49916175625098,4658500
2016-01-12,41.621280670166016,42.598250823104735,41.310422680535716,42.07646119723615,2301492
2016-01-13,40.77752685546875,42.15417271375039,39.96708372154517,41.93213251272889,4009242
2016-01-14,40.06700134277344,40.53328195036406,39.400884979054105,39.967083464709084,4887075
2016-01-15,37.90211486816406,40.45556644514888,37.768892449251766,40.27793514157771,5315602
2016-01-18,35.74833297729492,37.96872627731244,35.53739290335222,37.96872627731244,7671052
2016-01-19,35.28205108642578,36.503267852176556,34.860175164196114,36.28122767021019,10575460
2016-01-20,34.24957275390625,34.94899582764261,33.56124978508185,34.94899582764261,7448837
2016-01-21,33.09496307373047,34.971196091886725,32.90622954980312,34.79356478907654,13090277
2016-01-22,35.35976791381836,35.59291033904711,33.505739204036345,33.861001835306524,8028052
2016-01-25,36.01478576660156,36.525479557198096,35.50409621107009,35.70393199107198,4519385
2016-01-27,37.09168243408203,37.53576293808712,35.84826295195956,36.414461571253774,8540755
2016-01-28,37.09168243408203,37.86882119855815,36.680910720669935,37.10278254090266,23609945
2016-01-29,38.87909698486328,39.16774632314591,36.46996744526952,37.2804149307779,9505815
2016-02-01,38.51271438598633,39.47858837331881,38.146351749634704,39.078916962707225,3243702
2016-02-02,37.55795669555664,39.012311673799196,37.43583437996527,38.62374451970332,8330817
2016-02-03,36.70310592651367,38.002034085764144,35.79274493411647,36.836328350139866,12742905
2016-02-04,37.42473602294922,38.10195680124229,35.97038081225266,37.35812692020893,4383927
2016-02-05,39.312076568603516,39.56742137668318,37.25821376205614,37.52465867698032,3327205
2016-02-08,40.08919906616211,41.343722383773496,39.07892035066901,39.456387356186426,5200072
2016-02-09,38.09085464477539,40.35565295236078,37.76889654865001,39.52300533242157,25316862
2016-02-10,35.093318939208984,38.63484494557283,34.57152512644484,38.146359914197795,9830670
2016-02-11,33.39471435546875,35.50408751694649,32.961738349845405,35.4152718717537,9740312
2016-02-12,32.451053619384766,33.93871757705195,31.307552211984248,33.305905707416244,10574062
2016-02-15,34.194061279296875,34.726957363317226,32.99504879593276,32.99504879593276,5054915
2016-02-16,32.913211822509766,35.32623588784208,32.73023375635956,34.50283459016615,6583610
2016-02-17,34.57146072387695,34.74300243737816,32.07838113176099,32.501519394250444,12116527
2016-02-18,33.4621467590332,35.54352394335358,32.73023447828863,34.91453709974754,10424177
2016-02-19,35.00603103637695,35.20044553583043,32.95896059029199,33.29060975223597,7416042
2016-02-22,34.43421936035156,35.29192988830768,33.96533777957053,35.00602637898897,3714055
2016-02-23,34.640071868896484,35.14326049850137,34.1025718500279,34.514273620859875,8223307
2016-02-24,34.43421936035156,34.94884436836283,33.93102857319485,34.42278295822633,4943427
2016-02-25,35.84086990356445,36.09246424722819,34.41135212560247,34.60576663065614,13242535
2016-02-26,35.589263916015625,36.36691950053053,34.88022237036726,36.321176080862735,5928032
2016-02-29,35.28050231933594,36.18395650071946,34.56002407395562,35.72651120753342,5735130
2016-03-01,35.78367614746094,36.06957959185572,34.96027283159105,35.40628150684046,5289360
2016-03-02,37.304691314697266,37.96798959728259,36.27543904455695,36.481289934839175,4282625
2016-03-03,37.178890228271484,38.17383757627069,36.64139460022987,37.647771806479575,2860285
2016-03-04,38.43687057495117,39.24883553843303,36.96160733986448,37.21320383772032,5919425
2016-03-08,37.62489700317383,38.7227652402927,37.167449723104006,38.425423199485145,3271972
2016-03-09,38.79137420654297,39.06584341120606,37.15601064608792,37.510528097375236,3790722
2016-03-10,38.242462158203125,39.54618617712697,37.81932607171186,39.13448431457655,3380302
2016-03-11,38.208152770996094,38.8828853680612,37.57916579196238,38.61985460819409,3503637
2016-03-14,39.13447189331055,39.408936806200764,38.42542808283837,38.81425701155045,3571565
2016-03-15,38.665592193603516,39.92356589033195,38.482614122033176,39.3174518462317,6066692
2016-03-16,38.35682678222656,39.15735770883918,37.510550234083496,38.68847599450848,4030700
2016-03-17,38.84857177734375,39.37463320826761,38.231019125802774,38.83713319349585,5853347
2016-03-18,38.81426239013672,39.20309137272977,38.33394654474975,39.16878434449977,3622307
2016-03-21,39.74058151245117,39.877813953716604,38.871436901049265,39.08872196326458,3909787
2016-03-22,39.145904541015625,39.85494396046246,38.802821232414956,39.36318961853649,3207825
2016-03-23,39.39750671386719,39.78633568331985,39.04298477148512,39.180217242309126,2711952
2016-03-28,38.49405288696289,39.77489953915409,38.356820407720726,39.77489953915409,2723472
2016-03-29,37.89936065673828,38.63127279117106,37.75068964113774,38.31106232299183,3011547
2016-03-30,39.31745147705078,39.45468393880463,38.27676288678976,38.42542956929755,3301077
2016-03-31,39.19165802001953,39.64910106921768,38.48261845811021,39.271710662692755,6166762
2016-04-01,38.539798736572266,39.11160582654354,37.990864453704866,39.11160582654354,4208287
2016-04-04,38.43687057495117,39.08873026253988,37.887936330799704,39.08873026253988,3396537
2016-04-05,37.887935638427734,38.825698833700635,37.510540898540555,38.19671196309684,3029012
2016-04-06,38.34538650512695,38.88288662805779,37.670653886197194,37.87650481146677,3362417
2016-04-07,38.711341857910156,39.168789317585,37.9679951891164,38.276771570015576,3866852
2016-04-08,38.43687057495117,38.997239040577185,38.28819952053257,38.791388153702684,1722285
2016-04-11,38.51692581176758,38.74564951956553,38.002298559857664,38.6541582914296,2368687
2016-04-12,38.26533889770508,38.97438300603199,38.1509791963842,38.6541679897562,3684812
2016-04-13,39.248836517333984,39.59191988316776,38.56266978566644,38.65415664736933,4829007
2016-04-18,38.49405288696289,39.454688966741756,38.31107479379272,39.340329294463594,2474060
2016-04-20,38.35682678222656,38.79139709913812,38.105230226351644,38.768528650915485,3441130
2016-04-21,40.07223892211914,40.84989685545678,38.52835727687168,38.59697569306319,11182252
2016-04-22,40.289520263671875,40.91850708440654,39.752020293432956,40.08366939688,8807280
2016-04-25,39.68341064453125,40.66691948097998,39.569046615559515,40.36957736819511,3275420
2016-04-26,41.6275634765625,41.7876687852155,39.16879091498445,39.7291638578124,10112080
2016-04-27,41.0099983215332,42.03924829355602,40.792708871713494,41.74191057609374,6456662
2016-04-28,41.398826599121094,41.856269569735815,40.689787159016575,41.23872134127889,6028180
2016-04-29,41.02143859863281,41.810535159154114,40.02649550334703,41.62755706849763,4868097
2016-05-02,40.71267318725586,41.49033137204429,40.346716907654596,40.346716907654596,2019157
2016-05-03,40.14086151123047,41.375967090058474,39.70629120390282,40.99857226456909,3620337
2016-05-04,39.5576057434082,40.59829423810879,39.39750049230671,40.02648727700867,3854437
2016-05-05,38.539798736572266,39.900698040188814,38.2882022209715,39.79777258949231,5246560
2016-05-06,37.93368148803711,38.654159666338025,37.76214197299348,38.654159666338025,2542710
2016-05-09,39.21452713012695,39.39750520506533,37.99086043600005,38.162399927325225,3604445
2016-05-10,38.757080078125,39.44325113665545,38.60840902772885,39.225961671643816,2603065
2016-05-11,37.361873626708984,38.608413272762384,37.28182098212645,38.1738430200406,7601822
2016-05-12,37.68207550048828,37.92223335095584,37.09883002073514,37.579150084210696,3987115
2016-05-13,39.91213607788086,40.152294005366564,37.71639461396945,37.853627092169596,10605247
2016-05-16,39.763465881347656,40.31240016864977,39.00868069098951,40.11798785050903,6244600
2016-05-17,38.97437286376953,39.96931596648558,38.89431585862652,39.88926332388439,3656362
2016-05-18,40.01506423950195,40.25522218326625,38.47118239556977,38.88288422061835,3198647
2016-05-19,38.69990158081055,40.26665168691838,38.51692349807198,40.25521746535917,2999345
2016-05-20,38.40256881713867,39.145915466141865,38.21958634810655,38.882884710721456,2764752
2016-05-23,38.36824035644531,39.07727965839011,38.150955314932936,38.768507785597876,2350682
2016-05-24,38.95149612426758,39.24883385783145,38.34537771107212,38.60840841913976,4927510
2016-05-25,38.665592193603516,39.34032465049566,37.78500886087708,39.22596062917585,8067520
2016-05-26,38.27676010131836,38.58553638970026,37.682080326939264,38.425426773007395,5110277
2016-05-27,38.036598205566406,38.88287445137918,37.78500610211479,38.31106747415302,3724117
2016-05-30,38.59697723388672,39.08873166320328,37.9222447166297,38.09378858268589,4463605
2016-05-31,37.441932678222656,38.73421364706815,37.25895457167997,38.596981157796684,13037190
2016-06-01,37.602027893066406,38.219576110462235,37.4647910780531,37.6020278930664,6022717
2016-06-02,37.99085998535156,38.13952667022828,37.21320208545271,37.624903839815794,4679195
2016-06-03,37.94511795043945,38.63128469731128,37.659214412152565,38.12809604044139,4367425
2016-06-06,37.59059524536133,38.036604058218074,37.487669799121946,37.96799000241962,2497090
2016-06-07,37.579166412353516,37.88794279534957,37.40762252317493,37.739271715564286,2778955
2016-06-08,37.579166412353516,37.739271715564286,37.464802365387015,37.6592190639589,2541800
2016-06-09,37.64776611328125,38.19670460418533,37.327555629037754,37.71638451527943,4392872
2016-06-10,37.41905212402344,38.01373193782684,37.281815300617154,37.762135457456594,2521782
2016-06-13,36.61852264404297,37.236075282092585,36.366926155383915,36.91586037946978,3449835
2016-06-14,37.03022384643555,37.167456309760006,36.618522093920824,36.618522093920824,3021317
2016-06-15,37.396183013916016,37.579161100656705,36.88155578166353,37.21320492717532,3393857
2016-06-16,37.224632263183594,37.48766294155915,36.6070796987153,37.28181208673639,4349467
2016-06-17,37.3390007019043,37.55628580219517,37.13314982266393,37.48766738826791,3747447
2016-06-20,37.65921401977539,37.84219210787085,36.88155605473424,37.32756487180807,3609207
2016-06-21,38.19672393798828,38.699912719715584,37.65922375662437,37.83076766717881,5852527
2016-06-22,38.04804229736328,38.88288008149028,37.87649843434004,38.37969143918599,5774980
2016-06-23,38.150970458984375,38.25389591161819,37.70496161841851,38.185277489014986,2185470
2016-06-24,37.14458084106445,37.338997482491486,35.79511602130403,37.281813294545216,4348745
2016-06-27,37.14458084106445,37.51053695870718,36.95016856217846,37.14458084106445,4110847
2016-06-28,37.43048858642578,37.6363394713224,37.01878681663255,37.11027803771617,4461245
2016-06-29,38.07091522216797,38.25389330744477,37.53341518805538,37.53341518805538,3015285
2016-06-30,38.74565124511719,39.26027851994622,38.19671693948025,38.19671693948025,24870420
2016-07-01,40.563995361328125,40.735534866577154,39.225964535168444,39.34032856787624,7778402
2016-07-04,41.91345977783203,42.48526684512828,40.87277108985452,41.17010884533021,6810105
2016-07-05,42.839786529541016,43.182869914186,41.59324688738209,41.82197059799272,7897640
2016-07-07,42.919837951660156,43.60600906395219,42.66824580344069,42.999890593712955,5125540
2016-07-08,44.360801696777344,44.94404309593306,41.51320004490699,42.885538137825925,14571852
2016-07-11,46.396427154541016,46.72807631533041,44.7724971052278,45.3900454498368,12469162
2016-07-12,45.45866012573242,46.62514702227507,45.17275660292908,46.54509438489346,6331705
2016-07-13,45.9046745300293,46.60227990888062,44.98978401782349,45.74456923571104,5839740
2016-07-14,48.0089225769043,48.67222089289289,45.75600125454963,45.9732907399799,16607370
2016-07-15,47.35706329345703,48.86663367079286,47.19695800533685,48.86663367079286,11770365
2016-07-18,46.01903533935547,47.68871095221031,45.881798500254305,47.52860566913406,5127892
2016-07-19,47.18552017211914,47.43711669319705,45.18419531365172,46.08765158248423,7198115
2016-07-20,47.90599822998047,48.23764739561351,46.68233138268527,47.116906001013334,7313792
2016-07-21,47.4714241027832,48.46637160997589,47.242704750020856,48.02036276453048,5954192
2016-07-22,49.62141036987305,50.021677884234755,47.425673601244064,47.482853428283974,7517672
2016-07-25,50.776458740234375,51.325392886948045,49.41555541162471,49.632844843945676,6382155
2016-07-26,49.47273254394531,51.130973475908384,49.28975450498983,51.096666456898156,5523655
2016-07-27,50.42194366455078,50.69641295620807,49.42700066205823,49.73577697921966,4541240
2016-07-28,50.15892028808594,51.05093798190974,49.861578148449986,50.47913087303971,5687700
2016-07-29,49.873008728027344,50.513429795134385,49.54135961110901,50.18178504075738,4035830
2016-08-01,51.0623779296875,51.82859738199939,49.99881632980521,50.04455758420345,7944052
2016-08-02,50.17034912109375,51.92008165279608,49.48418240917937,51.46263426982545,5931647
2016-08-03,49.35837936401367,50.45624774140081,49.09534867125683,50.147471442284214,4624000
2016-08-04,49.4956169128418,49.81583182776378,48.93524844617611,49.81583182776378,4985400
2016-08-05,50.2618408203125,50.50199873551046,49.69003376743646,49.72434079459571,5640602
2016-08-08,51.13098907470703,51.59987071523341,50.31902405179047,50.31902405179047,13880650
2016-08-09,51.27964782714844,52.29746350761772,50.76502069586036,51.576985523814415,8165285
2016-08-10,49.735774993896484,52.11448985562814,49.49561273732999,51.4626302218217,10308660
2016-08-11,49.976600646972656,50.41237325328502,48.680739937035625,49.88485628273085,9004520
2016-08-12,50.92842102050781,51.28392384667637,49.88485300616785,50.205949510699604,6823762
2016-08-16,52.31603240966797,52.49951678929831,50.99723979814133,51.054577846535935,7672175
2016-08-17,53.5201301574707,53.66921253071081,52.20133800838103,52.27014626709442,6029635
2016-08-18,54.86188888549805,55.02243719098367,53.64630198385751,53.64630198385751,4955392
2016-08-19,54.3687744140625,55.25179447990549,53.990339742765954,55.022437880076495,5202045
2016-08-22,54.46050262451172,55.21737611686332,53.783903262060136,54.563712845042026,5278860
2016-08-23,54.850399017333984,55.09122137015943,54.242603645226644,54.506362085170416,6111307
2016-08-24,55.435272216796875,55.63022245970323,54.47197811307586,54.678398590631275,8016560
2016-08-25,54.71279525756836,56.524707191081944,54.19674411355422,56.08893018340196,16178122
2016-08-26,53.09584426879883,55.06830471073111,52.88942378652159,54.747208127016684,4610926
2016-08-29,52.45365524291992,53.57749774926779,51.46742494408462,53.210528946158824,5531885
2016-08-30,52.63711929321289,52.98115186628646,52.15547019122069,52.7059231830607,2573218
2016-08-31,56.74260330200195,57.10957209561872,52.61420218650685,52.66007000474913,13791121
2016-09-01,55.687557220458984,57.2930442559849,55.32058850521808,56.99488381533123,8825868
2016-09-02,56.3756217956543,56.58204224234245,54.77013040466027,55.77929654684544,5095812
2016-09-06,56.352684020996094,56.83433317375102,55.82516706171229,56.60497664265877,4764342
2016-09-07,56.85728454589844,57.49947775602515,56.1004064774837,56.283895251363504,4511570
2016-09-08,58.11874008178711,58.30222448369861,56.74260488014423,56.85728536547217,4098250
2016-09-09,57.270111083984375,58.55450602741586,56.88020625733773,58.2334051042518,3618265
2016-09-12,54.288475036621094,56.35267472678009,54.12792680371924,56.35267472678009,5517531
2016-09-14,55.04536819458008,55.50408134604671,54.403170657449365,54.77013942877754,6911856
2016-09-15,54.56371307373047,55.34351828536871,53.990323929406,54.70132524347699,1649181
2016-09-16,54.288475036621094,55.68754570838509,54.08205463014407,54.77011973532665,6059375
2016-09-19,54.999481201171875,55.182965537450386,54.17380387522437,54.5866403508923,3338410
2016-09-20,55.435272216796875,55.93985317603635,54.77013859475993,54.77013859475993,3374327
2016-09-21,55.320587158203125,56.398557186149,55.182970612379535,55.73342367183777,5040206
2016-09-22,56.30681610107422,56.65085311105481,55.82517128648107,55.82517128648107,3720050
2016-09-23,56.260955810546875,56.971957268617466,56.00866313607126,56.55911630115296,4121167
2016-09-26,55.84809494018555,56.696708293448275,55.504062381440896,55.962771001563326,3118135
2016-09-27,54.9765510559082,56.146265466622694,54.26554972278799,55.87104111975582,4716440
2016-09-28,54.60959243774414,55.389402189027585,54.28849584884375,55.045369504546755,5726986
2016-09-29,52.2930908203125,55.36645713712406,51.51328119517451,54.999488416425265,6410636
2016-09-30,55.1829719543457,55.34352022043213,52.270158324037176,52.4765743985682,5751555
2016-10-03,56.12332534790039,56.49029403379747,55.27471190224281,55.27471190224281,3209318
2016-10-04,57.6600227355957,57.935251505940755,56.00866323736407,56.51324421261496,7669617
2016-10-05,58.00404739379883,58.53156435170598,57.29304171180715,58.026979109697436,5903388
2016-10-06,56.76551818847656,58.439813230593565,56.44442170769014,58.30220107805816,6390010
2016-10-07,56.44444274902344,57.47654083970119,55.893989559072686,56.8802154569346,3336093
2016-10-10,55.93985366821289,57.13250435466799,55.733433188841325,56.83434387036061,2715846
2016-10-13,56.6279182434082,57.499467896830524,55.137107208163165,56.2609495077975,5885990
2016-10-14,56.10038757324219,57.08661752744882,55.68755109496628,56.88019710100503,1634992
2016-10-17,56.3985595703125,57.522401827708286,55.87104257952488,56.28388348522379,4366521
2016-10-18,56.69672393798828,57.08662877871648,55.710498164016975,56.650856125547485,4424871
2016-10-19,56.352684020996094,57.38478622360524,56.10039139933342,56.85726926432144,4399202
2016-10-20,56.85728454589844,57.33892945349347,56.46737965063016,56.834348449163464,1593813
2016-10-21,58.55451202392578,58.66918812454886,56.604987691043746,57.29305304400784,5699296
2016-10-24,58.393959045410156,59.81596630841886,58.0269902758491,59.12790095914508,5240168
2016-10-25,57.98112487792969,58.87561074420056,57.6829600060974,58.80680245655934,2428558
2016-10-26,57.17837142944336,58.80679464924227,56.88020659719608,57.95818108739598,2784163
2016-10-27,57.017826080322266,57.43066702332064,55.64169106186524,57.15543826978418,7197751
2016-10-28,56.926055908203125,57.659993085566185,56.421475192418676,57.040736326297754,3114741
2016-11-01,56.05452346801758,57.31597782429879,55.77929475639719,57.15542956527522,3326507
2016-11-02,54.21969223022461,55.45821525052354,54.127952214617274,55.45821525052354,1969031
2016-11-03,53.02703857421875,54.77013800542184,52.84355419332302,54.059136576277474,2853100
2016-11-04,52.22428894042969,53.09583859216583,50.71054181531106,53.02703468850469,3736872
2016-11-07,52.84353256225586,53.78389017624538,52.66004388185701,53.21050117383172,2629251
2016-11-08,52.56833267211914,53.39401468713364,52.201363859804545,52.93530148443374,2138607
2016-11-09,53.394012451171875,53.96740174322848,47.31608245568135,50.45825770098132,6066095
2016-11-10,55.710506439208984,56.60499234655236,54.3114351485534,54.3114351485534,4782946
2016-11-11,54.242610931396484,56.352683108994626,53.898578327631846,54.99948440952343,5536297
2016-11-15,53.25638198852539,55.45819857085378,52.84354548053756,54.86187333761092,6121486
2016-11-16,53.990325927734375,55.91690949932964,53.4398684791504,54.173810285724976,5439791
2016-11-17,55.481143951416016,55.916916623027625,53.66923185763935,54.35730156872188,3708558
2016-11-18,57.36185836791992,57.682954932778614,55.66462679356136,55.985723358420046,6437693
2016-11-21,54.38022994995117,57.82056517030746,54.17381386137325,57.82056517030746,4178112
2016-11-22,57.04075622558594,57.54533711739891,54.65545519240712,54.65545519240712,4395836
2016-11-23,58.23340606689453,58.46276262305677,56.42149845989905,57.79763342225999,4210932
2016-11-24,58.393959045410156,58.57744780480349,56.97195615701426,57.843505891068574,17874311
2016-11-25,60.825130462646484,60.985678746829564,58.43982917017596,58.71505792492743,9088352
2016-11-28,59.54072952270508,61.37557749793523,59.127892993525194,61.19209313787344,5054212
2016-11-29,60.41228103637695,60.870994105025176,59.586599262654985,59.6095353535486,4700256
2016-11-30,61.55906295776367,62.20126041675906,60.3205402242609,60.54989677208871,6631010
2016-12-01,61.28384017944336,62.247134274218574,60.91687141711115,61.74255331966497,3127970
2016-12-02,60.297603607177734,61.12328098781062,59.74714618727323,60.5498918521377,3991458
2016-12-05,59.42606735229492,60.27468545041065,58.50864533717876,60.091201047387415,4014032
2016-12-06,59.56366729736328,60.29760913295838,59.17376247438964,59.63247557481004,1935346
2016-12-07,59.242576599121094,60.962744333560856,58.37102687183456,59.63248146057862,3261818
2016-12-08,60.84806823730469,61.37558529265063,59.81596584674718,60.29761508721161,2560871
2016-12-09,62.01777267456055,62.56822573459006,61.237963079199055,61.237963079199055,4250622
2016-12-12,60.41228103637695,62.1095123909961,59.93063187683513,62.01777240203368,2343612
2016-12-13,60.06824493408203,60.89392228524556,59.357239281503624,60.38934143872275,2823116
2016-12-14,58.64625930786133,60.52697558901023,58.25635439289534,60.27468726140638,6231271
2016-12-15,58.80679702758789,59.56367062331568,57.79763514969257,58.39395608907954,2019058
2016-12-16,57.568275451660156,59.19669864863841,57.38479108616102,59.17376255612447,2952800
2016-12-19,58.439823150634766,59.6554097657733,56.69671954905604,57.33891699425205,6064645
2016-12-20,58.96733856201172,59.77008425341173,57.24717109813116,59.01321074428877,5589726
2016-12-21,58.393959045410156,60.20587117290408,58.25634685047796,60.091195072896056,3210003
2016-12-22,57.2242546081543,58.485709334143465,56.811413607033984,58.25635273634182,1728025
2016-12-23,54.90776443481445,57.270125716357576,54.540795607106524,57.10957740106204,3971321
2016-12-26,53.049949645996094,54.49489241093692,52.79766145459277,54.35728027247956,2314211
2016-12-27,53.73802947998047,53.967386004839,51.78850558060073,52.98115601017561,3813532
2016-12-28,54.95362091064453,56.536176387506686,53.829778561010194,53.898586842478146,5843657
2016-12-29,55.36646270751953,55.962788032304154,54.357300811372625,54.74720566316977,5994247
2016-12-30,55.93985366821289,56.6508594858762,55.54994880435691,55.64169318390552,1724520
2017-01-02,56.880210876464844,57.017827443830306,55.34352753778567,56.39856601452391,2092276
2017-01-03,57.4306640625,57.751760612894635,56.51323784775119,56.88020658380575,1700188
2017-01-04,56.71965026855469,57.88936458940036,56.467362032411984,57.43065592166066,2315285
2017-01-05,58.944419860839844,59.21964426604951,56.880214948702125,56.94902323731106,3108820
2017-01-06,59.380184173583984,60.504026481036654,58.485698421136696,58.71505497614207,10128527
2017-01-09,59.907711029052734,60.06825931982278,59.334321776523794,59.6095461679545,3897027
2017-01-10,59.26549530029297,60.91685426584434,58.7379783997905,60.36640127732722,6173291
2017-01-11,60.71043395996094,61.19208305993128,59.426043651059196,59.426043651059196,4648492
2017-01-12,62.40766906738281,62.84344601891017,60.54988956293088,60.54988956293088,8218703
2017-01-13,62.72877883911133,62.981067110300344,61.582000448541145,62.95813539214784,5995913
2017-01-16,63.462711334228516,63.69206786928553,62.384741306456235,62.47648129571181,5087971
2017-01-17,62.84345245361328,63.99023079902452,62.17832328807312,63.57738989473852,4357211
2017-01-18,61.19209671020508,63.11868479063226,61.00861233943165,62.981068231592836,5650876
2017-01-19,60.87099075317383,61.85721635962068,60.59576205221792,61.28382724269001,4915305
2017-01-20,59.88478088378906,61.559076617614416,59.56367989573348,60.59578240267418,5117791
2017-01-23,61.32970428466797,61.69667299863091,59.93063332855165,60.18292595988073,3854250
2017-01-24,61.673728942871094,61.92602154162006,59.44898085493972,60.779243364923396,4812883
2017-01-25,63.62328338623047,64.12786445233783,61.28385372819745,62.13247191283779,13978993
2017-01-27,63.41684341430664,64.33426524157917,62.88932641045148,63.80674823772401,8715838
2017-01-30,61.97191619873047,63.852632390799585,61.559075205424925,63.0269504041885,3512373
2017-01-31,59.70128631591797,61.90309878972729,59.31138147685434,61.65080613662361,16341762
2017-02-01,62.22419738769531,62.52236223742784,59.7471560861768,60.04532093590933,10778305
2017-02-02,61.673728942871094,62.77463931720469,61.51318069807141,62.063633697932424,6025558
2017-02-03,62.430625915527344,62.981079123038604,61.69668830551233,61.69668830551233,5607458
2017-02-06,62.27004623413086,62.91224350661642,61.90307761402797,62.63701485423375,3515081
2017-02-07,60.5040168762207,64.01315979928434,60.09118039228239,62.33886465037515,8028708
2017-02-08,61.74254608154297,62.22419088516066,60.41228338038318,60.87099646682954,6077846
2017-02-09,62.13242721557617,63.16452907946702,61.375553973593064,62.27003933922478,5956872
2017-02-10,62.01777267456055,62.84345007729879,61.65079959326215,62.52235355260125,4531612
2017-02-13,61.673728942871094,62.38473456214336,60.04530603177538,62.063633697932424,7165326
2017-02-14,60.549903869628906,62.06365113827367,60.22880728979905,61.926038943291275,5106156
2017-02-15,58.508644104003906,60.96274958319492,58.25635141468452,60.45816857916929,5234213
2017-02-16,60.297603607177734,60.504019671377,58.004047064486066,58.37101576134778,4907081
2017-02-17,60.02238464355469,60.916870440573646,59.86183635943463,60.779258250558264,4077685
2017-02-20,61.23796463012695,61.4673167966555,60.15999019914923,60.2058623822998,6351185
2017-02-21,62.430625915527344,62.75172690086883,61.650816111233084,61.650816111233084,5800326
2017-02-22,63.04988479614258,65.09114923605452,62.614107717813006,62.98107650758116,17639601
2017-02-23,61.85722351074219,63.462714973598665,61.58199915258023,63.462714973598665,12667246
2017-02-27,62.3618049621582,63.16455064429074,62.109512337159174,62.201256700654106,6715242
2017-02-28,62.38475036621094,63.3939122676369,62.01778160667192,62.38475036621094,7669990
2017-03-01,62.93519592285156,64.08197425189603,62.61409501598285,62.65996719905154,8793450
2017-03-02,62.22419738769531,63.71501288713263,61.74255253374491,63.302171941110764,6042181
2017-03-03,62.04072189331055,62.68291949848866,61.260912077956164,62.06365799077548,4675808
2017-03-06,63.23334503173828,64.28838318018767,62.29298732040914,62.29298732040914,8749821
2017-03-07,62.82052230834961,64.08198123247915,62.43061745901686,63.53152809952926,7168278
2017-03-08,61.031551361083984,63.14162391353228,60.916870889715085,62.958139533954714,8133928
2017-03-09,60.45814895629883,61.37557065431158,59.6095311515047,60.80218154622714,7896375
2017-03-10,59.95357131958008,61.51319059064391,59.86183132548871,60.91686531790702,5184348
2017-03-14,61.3526496887207,62.247135517951186,60.75632434436278,61.69668236345452,8057923
2017-03-15,61.97191619873047,62.61410941088295,61.237978599348686,61.421462999194134,5855812
2017-03-16,62.88932418823242,63.62326162411648,62.384743294715186,62.5223554702904,7486557
2017-03-17,64.86180114746094,65.13702556997988,63.18750101624851,63.30218150447584,14907511
2017-03-20,66.85718536376953,67.88928775880886,64.60950056414254,65.57279467464164,21185976
2017-03-21,65.8709487915039,67.40763200080121,65.41224006274511,67.36176419015399,9287073
2017-03-22,66.03150939941406,67.04067134909619,64.99940697972451,65.22876355905696,21065595
2017-03-23,65.61866760253906,66.83425002080193,65.48105103191045,66.46728124835131,11797700
2017-03-24,66.58193969726562,68.04981430146644,66.32964710918934,66.37551928422347,14982080
2017-03-27,65.205810546875,66.32965268196376,64.67829361349672,65.91681182119406,8026790
2017-03-28,66.2379150390625,67.70579429000692,64.74710407096106,65.25168934065941,11544820
2017-03-29,67.5452651977539,68.07278233436685,66.60490704131746,67.84342572617452,10685481
2017-03-30,67.75891876220703,68.58987592457927,67.18911309604192,67.56898052123405,20439322
2017-03-31,69.27839660644531,69.87194009412441,68.13879419691202,68.13879419691202,10347130
2017-04-03,70.13310241699219,70.44174304575313,69.08846458482566,69.80071497635247,6635720
2017-04-05,73.29075622558594,73.50442772779653,69.94316658916193,70.13310486379838,11142567
2017-04-06,73.57565307617188,74.40661489720242,72.53101522892268,73.12455873989056,9405937
2017-04-07,72.34107208251953,73.55190123089672,71.8424977717403,72.98210007784458,6270810
2017-04-10,72.36482238769531,73.00585045410293,71.08277078325763,72.55475612644081,4533587
2017-04-11,77.77791595458984,80.19957388933523,72.03242072143622,72.17486985631055,43329332
2017-04-12,76.89948272705078,78.7988198271204,75.68865362761508,78.06283179526737,20058663
2017-04-13,77.255615234375,77.9678655409783,76.4483958050902,76.4483958050902,8119762
2017-04-17,74.57279968261719,80.17585137384798,72.69720471055192,76.92323576069447,25907672
2017-04-18,73.90802001953125,76.35342038641171,73.50441033816995,74.69149710354124,7701935
2017-04-19,73.95550537109375,75.56994411387488,73.07706369117716,73.3619619820346,8286848
2017-04-20,73.88429260253906,75.47498927174406,73.3857137365968,74.78647667791361,6973395
2017-04-21,74.33536529541016,74.78645949363457,73.50440372869451,74.50155670307802,5458776
2017-04-24,75.2375717163086,75.45124772832169,74.00300020876125,74.50157455120693,5962876
2017-04-25,76.44840240478516,76.85200762589328,75.07138170566586,75.94982352441956,10155287
2017-04-26,74.88146209716797,76.80453754808771,74.1929493535455,76.5433859740387,4331760
2017-04-27,75.02388763427734,76.02104074028624,74.62027793593143,74.88143848438374,9706518
2017-04-28,75.97354888916016,76.23470941254709,74.57278621924615,74.78646218776703,5856282
2017-05-02,77.68296813964844,78.06283557807015,75.85485326200833,76.21097389110447,9031380
2017-05-03,76.40092468261719,78.11033296455199,76.09227950798882,78.11033296455199,4866001
2017-05-04,78.06285095214844,78.34774932288546,76.25847347171687,76.40092718546333,7412046
2017-05-05,77.23187255859375,79.3448858391937,76.06853244212512,77.8254160219872,8353410
2017-05-08,78.22901153564453,78.84629260464365,76.54335067726969,77.35056995626996,6552305
2017-05-09,79.08373260498047,79.84346749707944,77.73045426238204,78.34773546592959,11451323
2017-05-10,78.98876953125,79.96218050237987,78.41896379014118,79.43985932775969,4939620
2017-05-11,76.73331451416016,79.03626653922629,76.09228635078846,78.5851676149519,7806295
2017-05-12,75.97354888916016,77.65920983151773,75.52245467468538,77.16063559055328,6139803
2017-05-15,75.9972915649414,77.2793474591793,75.73613555300074,75.73613555300074,5603783
2017-05-16,76.54336547851562,77.16064666687885,76.09226667090971,76.4958809168332,5942470
2017-05-17,76.78079986572266,77.87291790767277,76.18725627030327,76.21099402914717,5979423
2017-05-18,74.12171173095703,76.21098288894598,73.81307109894118,76.02105367568821,6397542
2017-05-19,73.38571166992188,75.07137741978819,72.64971906112922,74.26415796690186,2973611
2017-05-22,71.4626235961914,74.47782504236908,70.91656477539983,73.97924625023755,5870455
2017-05-23,71.24896240234375,72.60224086006242,69.01723757067253,71.3676692911909,4874153
2017-05-24,69.3970947265625,72.03242892804965,68.732329002495,71.22520952450182,4660690
2017-05-25,67.18913269042969,70.46549584866983,66.97545663539758,69.8244676835735,14858677
2017-05-26,68.16252899169922,69.13594443533263,65.6459059811621,67.42653636688102,10996522
2017-05-29,64.3401107788086,68.56613723762793,63.98398561507553,68.18626979252905,12434425
2017-05-30,64.98113250732422,66.0020233370786,58.02480323296747,61.37238759944861,66454208
2017-05-31,63.41419219970703,65.76462869795544,61.989691268909,65.1948228915826,14760862
2017-06-01,62.03717803955078,63.86529350158814,61.60983043099812,63.15304295895519,9339873
2017-06-02,60.68387985229492,62.60696385245234,59.80543809966929,62.417030133367575,11649791
2017-06-05,59.639244079589844,60.92129549581461,59.40182580891803,60.87381093600487,8501553
2017-06-06,60.6601448059082,61.206208275732315,59.11693258824837,59.63925377430815,10391226
2017-06-07,60.375247955322266,61.253689834507,59.900411325011035,61.06375608805806,10972616
2017-06-08,61.15872573852539,62.15587904784181,59.876669542956684,60.66014681967831,9498462
2017-06-09,60.96878433227539,61.25368265436424,60.47020547605413,61.22994490117115,6313717
2017-06-12,62.535709381103516,62.86809211055944,60.61263075894773,60.92127121796036,7702146
2017-06-13,61.94219207763672,63.319212639886565,61.562324648628284,62.89186065015783,10644465
2017-06-14,61.728519439697266,62.2033560159689,61.08749142024373,61.72851943969727,10803930
2017-06-15,62.01340103149414,62.44074836958132,61.56230689151941,62.060881050142285,6608230
2017-06-16,62.678192138671875,63.98399054412228,61.372398261598974,61.372398261598974,7747398
2017-06-19,63.3192024230957,63.627842961223394,62.393276280336394,62.70191681846409,4160548
2017-06-20,62.70192337036133,63.39043587652524,62.3695405209728,63.15301761480056,6331148
2017-06-21,61.79973220825195,62.65443151113415,61.56231397419394,62.60695148702348,7931326
2017-06-22,61.277427673339844,62.34580774984301,60.897560208000364,61.728521986572005,7131570
2017-06-23,58.096038818359375,61.30117477125915,57.76365589217256,61.25369020226739,13123221
2017-06-27,57.88233947753906,58.52336731565801,55.65061997415418,57.62118351000521,11479210
2017-06-28,59.06944274902344,59.591763888468286,57.312554662657114,57.62119979567038,6613533
2017-06-29,57.88233947753906,59.686711617220574,57.716148081369546,59.09316832897176,4895228
2017-06-30,58.26223373413086,58.832034966378444,57.05140441746311,57.811139393793226,4616466
2017-07-03,59.30686569213867,59.49679943183287,57.73991120756714,58.97448277976821,4348363
2017-07-04,58.19099426269531,59.73420616475309,57.9773182808929,59.59175701967704,4007135
2017-07-05,58.832035064697266,59.02196880909721,57.953588666611495,57.953588666611495,2180370
2017-07-06,59.568016052246094,60.30400860111576,58.49963611971207,58.83202350337642,5507552
2017-07-07,59.757957458496094,60.77885296369858,59.40183227789409,59.94789119004232,4514001
2017-07-10,60.16156005859375,60.77884574489731,59.971626349606254,60.06659093991159,3115918
2017-07-11,58.499656677246094,60.517705854325094,58.404692054525036,60.25654521718006,5473845
2017-07-12,59.90039825439453,60.470199369407446,58.66582690767819,58.68956918685082,8680055
2017-07-13,59.85292053222656,60.897558293253226,59.401830761555004,60.77885141220855,6046472
2017-07-14,58.855777740478516,59.73421961603264,58.21474965072106,59.73421961603264,11827573
2017-07-17,59.23564529418945,59.59177050163719,58.49964806663607,58.950742411204644,12631137
2017-07-18,58.38093948364258,59.33060818547211,58.16726345968374,58.73706468078146,4614130
2017-07-19,58.61834716796875,58.92698774198776,58.09602608033801,58.61834716796875,3794993
2017-07-20,60.25653839111328,60.56518356884365,58.523392335290886,58.737068372680255,8165206
2017-07-21,61.15872573852539,61.37240177112018,60.20905699831399,60.541439925293545,10198515
2017-07-24,60.61265182495117,61.158710649805066,59.66297879065981,60.85006555514738,5001630
2017-07-25,59.211891174316406,60.77884539657733,59.045699745951886,60.61265396821281,6372452
2017-07-26,58.30970764160156,59.54427911249045,58.16725848061506,59.330603106822096,8287216
2017-07-27,57.6686897277832,59.09319053210857,57.45501370145887,58.42842469765743,3605565
2017-07-28,58.5946159362793,58.80829196180139,57.45501348574654,57.92984557594639,3017800
2017-07-31,59.06944274902344,59.235638720541374,58.40467697646046,58.85577127096904,2508906
2017-08-01,58.048561096191406,59.876671791610974,57.882365098082424,59.188163627242595,9905137
2017-08-02,58.02482604980469,58.42843589595276,57.54998933843809,58.238502117081815,3417783
2017-08-03,59.97163772583008,60.92130645091345,57.858624246472374,58.04855799148905,12969982
2017-08-04,60.992523193359375,61.324906059948596,60.18530377874821,60.755104919348405,8851027
2017-08-07,64.909912109375,65.2660372740019,61.25368228065004,61.372393687777105,11859977
2017-08-08,64.41133880615234,66.3106807284465,63.271736369802376,65.62216809291576,9900907
2017-08-09,63.675331115722656,65.69337945108562,63.15301458766608,64.55377728348411,6889245
2017-08-10,59.14067077636719,63.722827072869414,58.238486697689716,62.91560759429507,21725910
2017-08-11,55.86433029174805,57.573734383431535,54.74846532512329,55.79310342311922,17619700
2017-08-14,56.50533676147461,57.12262251617966,55.38947666357162,56.172953866009316,6191675
2017-08-16,56.2679328918457,57.12263256313837,55.22329492873453,56.50534669986259,5516340
2017-08-17,59.639244079589844,60.94503777571948,56.12546363607621,56.24417503560055,15383603
2017-08-18,58.45214080810547,60.11405917844544,57.73988619649498,58.40465626165632,8032927
2017-08-21,56.2679328918457,59.30687310689184,56.030514555450694,58.47591119369837,7551316
2017-08-22,55.43695068359375,57.40751445602068,55.12830560075949,56.98016251263567,7224632
2017-08-23,57.28880310058594,57.57370590580132,55.816818104039776,56.00675179805787,4728661
2017-08-24,57.64494323730469,58.02481069452108,56.742754630132765,57.28881353383418,4988793
2017-08-28,58.214752197265625,58.832038029770416,57.54998179417327,57.906107016824286,5554292
2017-08-29,57.31254959106445,58.40467180822581,57.075135852373414,57.33629187060892,3933766
2017-08-30,58.6421012878418,59.25938256051673,57.64494799819956,58.048557770873266,4622145
2017-08-31,57.977333068847656,58.95074411050708,57.31256267497236,58.71332578923892,14507150
2017-09-01,58.737064361572266,58.92699810090596,58.04855625462917,58.14352086010725,3130111
2017-09-04,58.072296142578125,58.83203565619397,57.31256115733999,58.16726527992175,5009515
2017-09-05,58.23849868774414,58.66584626875581,57.85863115237051,58.3809478814147,1788656
2017-09-06,59.283119201660156,59.82918262686047,57.7873916737584,57.929840836325894,5079720
2017-09-07,58.45214080810547,59.710449590378836,58.30968716875802,59.68670731715426,5094720
2017-09-08,58.6421012878418,59.164417952558146,58.26223379925215,59.164417952558146,4063465
2017-09-11,60.23280334472656,60.49395943565993,58.90326249039391,59.06945396509098,6521255
2017-09-12,60.35150146484375,60.77885349666453,59.4967974012022,60.517692915356854,2973835
2017-09-13,61.06373977661133,62.6306938983422,60.20904041008862,60.49393868947069,9388042
2017-09-14,62.10839080810547,63.770314401538386,61.06375299142257,61.06375299142257,9187051
2017-09-15,62.06089401245117,62.86811336695239,61.77599572755462,61.89470259153209,8695461
2017-09-18,62.32204818725586,63.058040631236224,62.10837223120089,62.511981867262925,2928480
2017-09-19,63.88901138305664,64.19765648776564,61.77599832253703,62.65444002097419,6658751
2017-09-20,63.29548645019531,64.74373422169205,63.08181040101126,64.69624964890046,5834041
2017-09-21,62.72568893432617,63.74658466885431,61.491117137762934,63.39045940825524,5116778
2017-09-22,59.78169250488281,62.3932843938138,59.52053195747667,62.3932843938138,4322121
2017-09-25,61.15872573852539,61.396144055672686,58.90325851819277,60.04286553482421,5995592
2017-09-26,60.01911544799805,61.70477667669605,59.211895991659595,61.32490922999292,5362310
2017-09-27,57.36005401611328,60.13783828759232,56.81399498260007,59.995389089366775,5788331
2017-09-28,57.92985153198242,59.116938672098364,57.05140958418834,57.54998400941556,8082890
2017-09-29,57.88233947753906,58.78452781156778,57.526214410264956,58.38091819442354,4188727
2017-10-03,59.14067077636719,59.354346787070824,57.929841558505665,57.929841558505665,4168536
2017-10-04,59.18815994262695,59.544285145363496,58.45216725318774,58.9744839153095,3269760
2017-10-05,59.30686569213867,59.947893761748176,58.903255929241304,59.18815880297138,2706855
2017-10-06,59.449317932128906,59.805443119255976,59.09318821662439,59.30686423457612,3522911
2017-10-09,58.475887298583984,59.401817979321876,57.97731307142812,59.0456928844425,4625772
2017-10-10,58.61834716796875,59.06943688935217,58.02480377084417,58.49963577151779,3917537
2017-10-11,57.54997253417969,59.18815372883873,57.28881196634758,58.523383432710254,4659721
2017-10-12,56.9564323425293,57.90610101394318,56.434115705346024,57.54997582821015,10348676
2017-10-13,58.737064361572266,59.68673305824077,56.50533952811811,56.6952732674518,10016287
2017-10-16,58.52339172363281,59.33061129458316,57.929848187838616,59.069450689752806,4424997
2017-10-17,60.873817443847656,61.15872030478734,58.30970980889997,58.808288683450066,9666778
2017-10-18,62.559478759765625,63.01057303690577,60.66013705665697,60.9687821777865,10464340
2017-10-19,61.84722900390625,62.70193306694066,61.51484610311615,62.630706218895334,1173478
2017-10-23,62.868141174316406,63.43794252451636,61.348670907116535,61.847245390399515,7382712
2017-10-24,62.77316665649414,63.10554959298042,61.96594707213214,63.10554959298042,4068557
2017-10-25,67.14163970947266,67.49776488979042,62.606967910095726,63.176769104279614,16823857
2017-10-26,68.21001434326172,69.89568014930059,67.23660341676303,67.64021315665595,23328630
2017-10-27,69.04096221923828,71.05901051281994,68.44741886985406,68.51864570199567,10401191
2017-10-30,68.61361694335938,70.13309114457196,67.8538821069415,69.08845348030897,5045390
2017-10-31,66.12074279785156,68.68485038129637,65.64590621528215,68.66110809933018,8904327
2017-11-01,66.47686767578125,67.56898547111943,65.55094132509215,66.59557455670853,8743845
2017-11-02,69.04096221923828,69.61076329124198,66.50059740841401,66.8092379576082,13539336
2017-11-03,67.45027923583984,70.37051200702561,65.71713339879892,69.4920702116497,29361693
2017-11-06,65.45597076416016,67.948855964434,64.71997815609933,67.68769539806071,19576856
2017-11-07,64.55376434326172,66.47684318164265,64.1026702108697,65.95452675828781,12211223
2017-11-08,65.26604461669922,66.4056470830661,64.5063096391213,64.95740398019981,14977083
2017-11-09,65.45597076416016,66.19196337222098,64.57752899643077,65.52719760818299,7269553
2017-11-10,62.89930725097656,65.43116683277147,62.32839912991922,65.43116683277147,11952177
2017-11-13,63.2468147277832,64.28934484898612,61.65819920383503,63.147528624760305,9143200
2017-11-14,62.20426559448242,63.74323996377122,61.98086601290104,63.39573160773186,5081646
2017-11-15,60.541202545166016,62.005709295201534,60.01993983809295,62.005709295201534,14023901
2017-11-16,62.1794548034668,62.551790667055954,60.764593672058986,60.764593672058986,7205607
2017-11-17,62.70071792602539,64.76095508451174,62.45249561192346,63.122694439664606,10903930
2017-11-20,63.147518157958984,63.743248880696235,62.15463362006356,62.551787435221726,6684313
2017-11-21,63.619117736816406,64.26449369134055,63.14750067094715,63.24678673001861,6133401
2017-11-22,63.51985549926758,64.0163001841408,62.849656595022935,63.79290054939259,4473630
2017-11-23,63.71841812133789,64.28932606665826,62.97375599565448,63.47019583462797,5127625
2017-11-24,63.19717025756836,63.743260402957546,62.8496617901009,63.39575193549009,2134535
2017-11-27,63.29644775390625,63.51984736002872,62.80000313264592,63.04822544327609,2333541
2017-11-28,61.73264694213867,63.246793837873284,61.6085334362941,63.12268506647486,7084305
2017-11-29,61.38515090942383,62.3532175860992,61.06246517349702,61.85677289372991,6751258
2017-11-30,59.99510955810547,61.807124550889476,59.722064516786936,60.8887080682772,15243325
2017-12-01,59.1263427734375,61.01282617463261,58.878120401145104,60.41709532179962,7211852
2017-12-04,59.94546890258789,60.14404583900536,58.7540072840831,59.374560802193635,5390181
2017-12-05,59.22562026977539,60.16885939059218,58.87810713309814,60.09439127535129,6676430
2017-12-06,58.75400924682617,60.01993903419516,58.60507772314975,59.324917366292254,4531115
2017-12-07,59.07667922973633,59.34972422894352,58.580239371887295,58.952570448885695,4803088
2017-12-08,60.04475402832031,60.26815365235267,59.5234866607624,59.796531697790215,5022901
2017-12-11,59.746883392333984,60.466727642577496,59.349729576491676,60.441904937281485,4104411
2017-12-12,57.612178802490234,59.94546105060516,57.4632473032969,59.79652955141183,11063495
2017-12-13,57.21501922607422,58.083794897126154,57.09091044497246,57.48806422583394,8290158
2017-12-14,57.73627853393555,58.058964160820395,57.016434446694625,57.56252437065557,7978836
2017-12-15,58.38166046142578,58.77881422773918,58.13343817386833,58.332015057025025,4971423
2017-12-18,59.05187225341797,59.67242574207794,55.94910481011809,58.33202793403765,9502877
2017-12-19,60.06957244873047,62.303563795207076,59.79652743118498,62.05534148238816,15209670
2017-12-20,60.019935607910156,60.36744405479994,59.647604452750045,60.06958102445085,4557216
2017-12-21,60.193695068359375,61.01282557475707,59.92064998807751,60.24334048921934,8409068
2017-12-22,60.04475402832031,60.76459357896569,59.67242289974875,60.31779433090096,5454722
2017-12-26,60.690120697021484,61.21138324856413,59.97027652457143,60.069567335025134,7933696
2017-12-27,60.268150329589844,61.062457955935855,59.97028260248664,60.69012684789203,3784387
2017-12-28,59.498661041259766,60.51636828560459,59.20079804676452,60.51636828560459,7448492
2017-12-29,60.441898345947266,60.814229415889955,59.62276809829476,59.771699579382556,5920973
2018-01-01,61.45960998535156,62.303562997461675,60.218503171595145,60.26814858041263,8300966
2018-01-02,61.38515090942383,62.40285826777816,60.690134021443775,62.03052711572492,6970063
2018-01-03,61.43479919433594,61.93124390988742,61.087290734118504,61.807130363775705,3907841
2018-01-04,62.20426559448242,62.52695598318719,61.43478077706115,61.68300306042338,5464042
2018-01-05,62.08014678955078,62.75034542600893,61.75745645298404,62.30354633503683,4089391
2018-01-08,62.89930725097656,63.02341606531154,61.95606321801872,62.179462871379904,4469768
2018-01-09,62.80000305175781,63.69360147509671,62.42767195351553,62.849648460709254,4669470
2018-01-10,61.9560546875,63.172343625865444,61.6085462676511,62.8000077652306,3041788
2018-01-11,63.4702033996582,63.842534506878145,61.608543129111574,61.90641085555566,6628482
2018-01-12,62.65107727050781,64.16522924042677,61.906415006141195,64.16522924042677,5375005
2018-01-15,61.85676574707031,63.02340448456812,61.75747492628909,62.7255414911183,3586138
2018-01-16,60.06957244873047,62.303563795207076,59.67241864199893,61.831941874295815,5553340
2018-01-17,60.56601333618164,60.739767537678944,58.65470765081747,59.97028261628506,5197366
2018-01-18,59.20079803466797,61.11210373100188,58.90293030578665,60.69012721018072,5639506
2018-01-19,59.67240905761719,60.590825312753374,59.10149640949769,59.27525058022908,6650351
2018-01-22,59.57313919067383,60.06958391104187,59.126339889232135,60.06958391104187,3704308
2018-01-23,60.06957244873047,60.56601233992148,59.57312782309263,59.57312782309263,4702521
2018-01-24,60.317787170410156,60.81423177253603,59.59794770521891,60.06956960379382,6284826
2018-01-25,58.952579498291016,60.4915541830874,58.704357164040346,60.19368643509715,6722730
2018-01-29,58.38166046142578,59.47383095156446,58.183083578269084,59.27525406840776,3600098
2018-01-30,58.2575569152832,58.95257849243712,57.95969390682235,58.307202328175734,3747946
2018-01-31,57.98452377319336,58.82847695878898,57.090925168575,58.13345529581384,6903632
2018-02-01,58.08380126953125,59.07668583061485,57.23984820899844,58.58024591729657,8729043
2018-02-02,55.080326080322266,57.83558020554407,54.63352683448978,57.14056336486876,12608063
2018-02-05,55.775333404541016,56.56964566963176,53.169011227808255,55.005848576035035,7325038
2018-02-06,53.88887023925781,55.005868569255675,52.32507731170885,53.6158298853846,9142276
2018-02-07,54.31083679199219,55.08032649198685,53.66546535924086,54.807281454282474,5548365
2018-02-08,54.683162689208984,55.57675629023628,54.28600892554211,54.75762606086757,4883460
2018-02-09,54.26119613647461,54.50941373327849,53.665465382140376,54.0626192183632,4567258
2018-02-12,55.22926330566406,55.651239888838056,54.410132848261334,54.88175484932583,5765933
2018-02-14,55.22926330566406,56.02357105412155,54.534241658539955,55.10515449538545,5863958
2018-02-15,54.037784576416016,55.47746809835128,53.715094196728415,55.35335459291523,5094240
2018-02-16,53.1938362121582,54.484588372056564,52.79668242979664,54.1618979648587,6347746
2018-02-19,52.9207878112793,53.71509532496926,52.2257711040237,53.36758697134146,3773800
2018-02-20,52.4739990234375,53.169020602520085,52.027199775059216,52.92079827181579,3801577
2018-02-21,51.92791748046875,52.82151604256618,51.282541267225895,52.77187062590576,6356511
2018-02-22,51.952728271484375,52.920790002063505,51.605219903470626,51.903082866212,9963646
2018-02-23,53.51652526855469,53.73992487706359,51.97755544821209,52.225777761493845,7027536
2018-02-26,54.78245544433594,55.626408478670676,53.615816713083525,53.91367970493879,10103285
2018-02-27,53.31794738769531,55.05549881437782,53.144193191916415,54.88174461859892,6943468
2018-02-28,52.17613220214844,52.945617110110526,52.126486792745254,52.87114899600574,8583505
2018-03-01,50.86055374145508,52.424350888354724,50.6867995550099,51.97755170352625,7416946
2018-03-05,50.5130500793457,50.71162698729444,50.19035964489968,50.364118581995896,7961811
2018-03-06,50.03293991088867,51.32166777904048,49.67917317756827,51.043710268450276,9031430
2018-03-07,48.16301345825195,49.754973100043415,48.06193933321484,49.72970336385679,9818576
2018-03-08,46.44471740722656,47.98613782396354,45.130724652659616,47.960868083722424,15511915
2018-03-09,47.05116653442383,47.75869975678404,46.44470260138851,46.49524206575955,9600277
2018-03-12,44.600059509277344,47.430207110402876,43.51348502687833,47.202784320146854,15772295
2018-03-13,45.40867233276367,46.419442444910665,43.56402507160087,45.08017542011226,15990912
2018-03-14,43.81672286987305,45.13072031794328,43.51349083581466,44.80221854607088,20508118
2018-03-15,44.498992919921875,44.85275962252478,43.589301604988876,43.66511082113657,12506991
2018-03-16,44.47372817993164,45.71191659792065,44.221035584080525,44.67588129267045,19134030
2018-03-19,44.32210922241211,44.827489533652944,42.78068891075147,44.49899257233189,15282581
2018-03-20,44.95384216308594,45.28233915317517,43.867267410181945,43.993611294129295,11838458
2018-03-21,44.979103088378906,46.11621722173014,44.52426225474821,45.231795653535826,10577816
2018-03-22,43.86725997924805,45.18125253673026,43.76618103344435,45.18125253673026,6019086
2018-03-23,43.03337478637695,43.23552784338909,42.09841388537765,42.98283531719665,8433057
2018-03-26,43.94306564331055,44.09468406641328,42.60380331053666,42.95756999169059,6580845
2018-03-27,44.675865173339844,45.50974706498145,44.47371213353911,44.72640463821719,10754098
2018-03-28,43.286067962646484,44.170489506224236,43.03338022423256,44.170489506224236,12976460
2018-04-02,44.01887130737305,44.347368224869555,43.008106000027055,43.008106000027055,5319590
2018-04-03,44.397911071777344,44.60006414862097,43.53875929026453,43.766182104177304,4448796
2018-04-04,43.488216400146484,45.20651982820016,43.26079842380681,44.70113958564323,8433386
2018-04-05,44.52426528930664,44.77695305197573,43.84199676279577,43.94307090392139,5953561
2018-04-06,45.28233337402344,45.4592167168591,44.322107447325735,44.47372105265492,4011550
2018-04-09,45.33287811279297,45.76245406086324,44.9033021647227,45.48449173572654,3324437
2018-04-10,44.625335693359375,45.53502698585998,44.42318260832699,45.433948033488925,4230167
2018-04-11,44.85276412963867,45.10545672248011,44.06942142956951,44.67588076056276,4120852
2018-04-12,44.01887130737305,45.080176085013626,43.71563930531467,44.87802302354443,5892772
2018-04-13,43.63983917236328,44.322107628701055,43.46295582880378,44.01887559709217,4781212
2018-04-16,44.221031188964844,44.37264480352252,43.184995986685884,43.36187934028816,3018062
2018-04-17,44.14522171020508,44.67587658757689,43.715645788412616,44.47372349612807,2896808
2018-04-18,43.66510772705078,44.32210642798007,43.58929851627488,44.22102748027887,2435931
2018-04-19,43.412410736083984,43.91779096375719,43.31133179872394,43.665103259775094,3497992
2018-04-20,43.13444900512695,43.79144764686831,43.05864462088965,43.361871797257,3502271
2018-04-23,43.286067962646484,43.74091360332702,43.083914880089544,43.2355333067895,3111438
2018-04-24,43.008113861083984,43.58930341657457,42.95757438155175,43.31134109885731,4515313
2018-04-25,42.98283386230469,43.437679430113555,42.75541107840025,43.05864306350913,3301971
2018-04-26,41.921539306640625,43.15972764155578,41.76992568718634,42.98284428224077,9533311
2018-04-27,43.614566802978516,43.867259344119766,42.07314663975529,42.07314663975529,6746660
2018-04-30,44.448455810546875,44.65060891133423,43.690382887521814,44.018879868909984,3890917
2018-05-02,43.31134033203125,45.56029893429756,43.10918723719146,44.67587733698227,9168692
2018-05-03,42.95756530761719,43.48821527148625,42.19949255360167,43.159718363335266,6657102
2018-05-04,42.553260803222656,43.66510506151583,42.04787573498688,42.7048743958097,7451145
2018-05-07,43.412410736083984,43.79144711176614,42.83122130539075,42.957565157381794,5570272
2018-05-08,42.654335021972656,43.81671875367267,42.55326089992134,43.46295209692924,7040067
2018-05-09,42.90703582763672,43.18499815135035,42.70488272485685,42.83123142641311,3665028
2018-05-10,42.098419189453125,43.109184601862445,41.99734505806702,42.88176178160664,6985271
2018-05-11,41.87099075317383,42.300566598293855,41.593028494652344,42.25002712952467,4082357
2018-05-14,40.22850036621094,42.199496456536856,39.97580781826514,41.94680390859105,8383621
2018-05-15,38.611270904541016,40.38011139806161,38.43438757814533,40.38011139806161,14518721
2018-05-16,38.68708419799805,39.394619988199196,37.651046635742105,38.15643175288348,8128970
2018-05-17,38.78816223144531,39.49569804886189,38.257509765919146,38.76289249264527,8276136
2018-05-18,37.47417068481445,39.09139807708697,37.297287304826405,38.9145122872436,9918370
2018-05-21,36.99405288696289,37.929011562751846,36.690823241560125,37.297282532365664,6036067
2018-05-22,37.14566421508789,37.39835677560846,36.48866548561828,37.0193179348276,4781547
2018-05-23,36.48866653442383,37.60051094084663,36.26124611524432,37.196204760276494,8835986
2018-05-24,38.15643310546875,38.35858619554937,35.90747696600317,36.1854368624003,14238983
2018-05-25,38.181705474853516,39.72312600252585,37.398362749842704,38.383858591621156,35407595
2018-05-28,40.708614349365234,41.54249635560413,38.56073499398951,38.863964595362326,28062190
2018-05-29,40.6580696105957,41.23925900214122,39.77364824710414,40.38010737128755,17366018
2018-05-30,40.0516242980957,40.96131088821919,39.723124890084065,40.22850766784998,10250135
2018-05-31,40.708614349365234,41.112920484528985,39.69784660160121,40.1779595346445,71531997
2018-06-01,41.64357376098633,42.3511119631304,40.05161883079928,41.01184477255009,23314341
2018-06-04,41.4414176940918,42.325839178174625,40.8349584872174,41.997342248508666,16334615
2018-06-05,39.925270080566406,41.51722732209803,38.78815845371659,41.21399530574036,12616677
2018-06-06,40.784420013427734,40.936038433639865,39.41988796948478,39.79892438059619,7992416
2018-06-07,42.047874450683594,42.300566977083285,40.80968637300509,40.91076531144859,11736523
2018-06-08,41.64357376098633,42.224763273617334,41.23926759396391,41.69411323679155,7050343
2018-06-11,42.70487976074219,43.26080436958313,41.69411431699932,42.02261127882457,15566358
2018-06-12,42.502723693847656,42.75541624200478,41.89626447009625,42.55326316742098,6802620
2018-06-13,42.502723693847656,43.43768467611616,42.32584035605051,42.502723693847656,10797506
2018-06-14,42.527984619140625,42.85648148988605,42.12367855374234,42.35110131799243,7313176
2018-06-15,41.719383239746094,42.603804793117675,41.41615120269794,42.553265316991364,8093817
2018-06-18,40.784420013427734,41.79519020267076,40.60753667622304,41.744650729266716,4461677
2018-06-19,40.4053840637207,41.28980557955317,40.27903778862253,40.78442047916047,5784286
2018-06-20,41.542503356933594,41.820460859385676,40.10215949534734,40.48119836833533,7430826
2018-06-21,41.1129264831543,42.17423144773729,40.80969442768343,42.047882749745256,11329168
2018-06-22,41.4919548034668,41.618298656979874,40.68334257368132,40.83495616183883,5206783
2018-06-25,40.73388671875,41.61830343428051,40.53173363809879,41.49195956626462,4612245
2018-06-26,40.708614349365234,41.06238101270619,40.02634593888542,40.506461281783366,4243558
2018-06-27,38.20696258544922,40.885494111863856,37.90373301054738,40.6833410619293,8344063
2018-06-28,37.297279357910156,38.86396693074099,37.095126278180686,38.00481513696332,10393936
2018-06-29,39.06611633300781,39.470422454407675,37.44888943755378,37.474159172604914,8867753
2018-07-02,37.47417068481445,39.26828145707502,37.22147807638411,39.192474638488044,9722698
2018-07-03,37.297279357910156,37.72685525479899,36.918240526026295,37.448892962779865,9021766
2018-07-04,36.66554641723633,37.42362158919079,36.38758415526878,37.196198796618994,8117526
2018-07-05,36.46339797973633,37.145664034048906,36.18543568254744,36.6655510632256,6388951
2018-07-06,37.49943542480469,38.00481816438663,36.46340020619797,36.53920701467151,6610468
2018-07-09,37.65105056762695,38.055359185532815,37.39836039252277,37.77739686010659,3638265
2018-07-10,38.25750732421875,38.56073694090147,37.67631541818579,37.903738233161526,5606337
2018-07-11,38.08061981201172,38.737618489356464,37.60050687693958,38.40911915068409,7721512
2018-07-12,37.069854736328125,38.30804289186447,36.968778201383415,38.156429294374746,7340386
2018-07-13,35.6800422668457,37.39834537072559,35.427352193239564,37.39834537072559,9159222
2018-07-16,34.492401123046875,36.10962816903217,34.3155177809338,36.10962816903217,7874188
2018-07-17,36.0590934753418,36.387590443766804,34.11336694472699,34.467136062071944,7347982
2018-07-18,35.2504768371582,36.539204543319485,34.871440410571864,36.10962864126572,7196747
2018-07-19,35.9074821472168,36.71609462421675,35.023060443106644,35.65478954322668,8406251
2018-07-20,35.9832763671875,36.564468188954855,35.17466417327232,36.00854610071095,5718445
2018-07-23,35.730587005615234,36.33704616368129,35.02304891135036,36.0843536428932,5289222
2018-07-24,38.66182327270508,38.990322709782845,35.93275362144169,36.13490675043488,17123378
2018-07-25,39.44515609741211,39.59677211084863,37.777391998884234,39.01558020417253,10414972
2018-07-26,40.683349609375,41.82045894676924,39.11665952844373,39.52096812311129,22223232
2018-07-27,42.57853698730469,42.70488086364434,40.07688823218707,40.93604249633951,14106783
2018-07-30,43.286067962646484,43.7156438655437,42.4016512387784,42.90703153531592,15147112
2018-07-31,44.11994934082031,44.39791163238116,42.55326418042732,43.210262893392304,13433561
2018-08-01,43.79145431518555,44.878028971995704,43.00811170062628,44.27156970720372,9549770
2018-08-02,43.18498229980469,43.816711116572215,42.62906267614428,43.46294452148908,7010025
2018-08-03,43.286067962646484,44.3221079329242,43.00811048644923,43.46295612712977,6616347
2018-08-06,43.488216400146484,44.09468040274943,42.80595283170918,43.33660280935032,5926718
2018-08-07,42.75541687011719,43.740912520727285,42.199497111772175,43.51348970601579,9001475
2018-08-08,41.3403434753418,42.93229828729878,40.83495839424248,42.805954426878614,8571741
2018-08-09,43.96833419799805,44.119947797313685,41.34034425778617,41.34034425778617,12653900
2018-08-10,43.84199905395508,44.4737281330619,43.033386603852016,44.29684476206565,12913988
2018-08-13,41.84572219848633,43.33660283124439,41.66883887251658,43.33660283124439,7766737
2018-08-14,42.073143005371094,42.452179374486185,41.44141411694297,41.44141411694297,4621026
2018-08-16,40.936038970947266,42.351110506867826,40.733885894387186,41.69411180312019,6185441
2018-08-17,41.694122314453125,42.300581697025336,41.087662931880914,41.23927657259628,7488041
2018-08-20,41.567771911621094,42.55326765160311,41.44142321437341,41.8962688850451,11192038
2018-08-21,41.4919548034668,42.42691570647442,41.34034121530929,41.694107860913164,9531722
2018-08-23,40.38010787963867,41.719374808055186,40.17795483569927,41.5930261432751,8331651
2018-08-24,40.4053840637207,40.68334635090764,39.672578559977005,40.43065380071129,5845367
2018-08-27,42.90703582763672,43.387151254130224,40.557002995501854,40.733891177680626,19850763
2018-08-28,41.28980255126953,42.70487398099136,41.01184028446895,42.70487398099136,11290340
2018-08-29,42.78068161010742,44.04413940216158,41.315070764112946,41.34034049831911,17508738
2018-08-30,43.10919189453125,43.46296346350337,42.275309685764185,42.75542514526961,9532296
2018-08-31,42.654335021972656,43.867258224552934,42.199494243177924,43.23552929767727,7674401
2018-09-03,42.83122634887695,43.91779613518976,42.55326405811506,42.88176100379855,7384787
2018-09-04,41.21399688720703,43.10918380796388,41.06238328306516,42.88176099189629,7166770
2018-09-05,42.250038146972656,42.40165659281741,41.011849757502155,41.44142571464174,9291550
2018-09-06,43.99361038208008,44.37264684577438,42.098423243898424,42.45218996738509,13336675
2018-09-07,43.84199905395508,44.67588124558766,42.85649841314539,43.84199905395508,13437542
2018-09-10,44.65060806274414,45.83825690483469,43.51349388010745,44.17049265010754,21124878
2018-09-11,41.037109375,45.66136479887778,40.55699405435218,45.05490562423747,40557435
2018-09-12,41.6182975769043,42.07314314928176,40.20322621150357,41.03710815429261,24432275
2018-09-14,42.90703582763672,43.31134203319647,42.09842341651723,42.325846259608355,12818802
2018-09-17,43.03337478637695,43.58929448823307,42.148953354557946,42.93229584801635,11736475
2018-09-18,41.51723098754883,43.26080439119495,40.961306378430166,42.8312284749259,13466216
2018-09-19,42.174224853515625,42.40164765463219,41.44141697887129,41.87099284545712,10944578
2018-09-21,40.8349609375,42.57853427420452,36.842433971225184,42.37638119311629,27608352
2018-09-24,39.95053482055664,41.06237657201685,39.14192022782209,40.936032725832625,15302813
2018-09-25,40.860233306884766,41.18873027742034,39.44515923826819,39.97581171276753,12150067
2018-09-26,41.84572219848633,42.04787525955305,40.73388277247389,41.34034195567408,10748312
2018-09-27,39.975807189941406,41.820454567446255,39.59677078383498,41.744650178050605,14968613
2018-09-28,38.459659576416016,40.78441992107925,37.5752380726857,40.481192720760504,9883866
2018-10-01,40.17796325683594,40.60753916770811,37.47416392005035,38.53546882810458,8985356
2018-10-03,40.304317474365234,42.09842827602583,39.41989815007671,39.925280965363775,9704588
2018-10-04,39.62204360961914,40.40538621927925,38.91450539526531,39.798926958280155,10033468
2018-10-05,38.33332443237305,39.57151296919539,38.18170837834022,39.470436403125305,8772543
2018-10-08,37.49943542480469,39.19246940979542,36.51393727522866,37.97954842494378,10046241
2018-10-09,37.47417068481445,38.28278317602305,36.665558193605854,37.65105406480251,7201335
2018-10-10,39.16720199584961,40.07689098110859,37.651051277229506,37.651051277229506,10351332
2018-10-11,38.030086517333984,39.192467980922,37.3983575134243,37.65104766907523,8203943
2018-10-12,39.773651123046875,40.43064976001216,38.40911679004065,38.40911679004065,6936083
2018-10-15,41.4666862487793,42.32583797230126,39.596769209263634,39.899998804061745,11204308
2018-10-16,41.66883850097656,41.845721825369125,41.1129187929272,41.46668544171233,3604237
2018-10-17,40.45592498779297,42.45218608450758,40.15269536260133,42.17422860706713,5981176
2018-10-19,41.4414176940918,41.61830102696649,39.89999994082237,39.925269676905806,7774757
2018-10-22,40.961307525634766,41.92153833934577,40.733889511555795,41.694115505556844,3964406
2018-10-23,41.2392692565918,41.54250130393874,40.48119636778925,40.68334945945059,4559382
2018-10-24,42.073143005371094,42.40164472639072,41.03710801392569,41.69410663625601,6240840
2018-10-25,42.527984619140625,43.437675676141005,38.45965182375258,41.769911951445955,86243648
2018-10-26,42.57853698730469,42.957573436033584,41.112925851099,41.28980920585849,8423431
2018-10-29,46.3436393737793,46.69740606802335,42.098419764011766,42.57853514884993,20796442
2018-10-30,46.2678337097168,47.379678173712065,45.63610466740064,46.64687017116447,11965846
2018-10-31,48.26409149169922,48.59258841650403,45.98986829464727,46.39417442658054,12037735
2018-11-01,47.88506317138672,49.30013487180781,47.05118103117481,48.51679221153847,14268463
2018-11-02,47.30386734008789,49.02217104773318,46.79848701529864,48.08721479603261,16246896
2018-11-05,47.88506317138672,48.0619465314756,46.19202915099162,46.19202915099162,10684951
2018-11-06,49.50227355957031,50.31088572438823,47.40493394968307,47.733430834249596,21990712
2018-11-07,49.653892517089844,49.982394256968426,49.37593506762627,49.67916225244275,1434068
2018-11-09,52.382965087890625,52.66092737727479,49.52755226131625,49.75497507631973,17700588
2018-11-12,50.841552734375,52.686200282813765,50.66466456340525,52.281894102874034,9716802
2018-11-13,51.852325439453125,52.38297556748193,49.98240789066368,50.53832776093821,14249995
2018-11-14,52.53457260131836,52.88833920909821,51.65015126216018,51.801764834107466,7506577
2018-11-15,54.50558853149414,54.85935530176762,51.85232811502146,52.43351775753097,14671036
2018-11-16,51.2205810546875,54.6571830393091,49.45173818311516,54.58137865490768,30779326
2018-11-19,51.72595977783203,52.33241893386376,49.60335032186651,51.04369623961442,15945768
2018-11-20,51.9028434753418,53.62114186057824,51.29637955148361,51.34691901508988,14920036
2018-11-21,52.736732482910156,53.31792193390946,51.29638649345959,51.549079025979474,9932861
2018-11-22,50.20981979370117,52.76200054731202,49.957127246100356,52.71146589355943,9706015
2018-11-26,51.3722038269043,52.029202587518384,50.20982474100163,50.20982474100163,12147050
2018-11-27,51.448001861572266,52.40822764469804,50.58885019365026,51.24584881145584,9777718
2018-11-28,46.67213821411133,51.624896232025115,45.914065318781326,51.32166418206716,24868807
2018-11-29,46.46998596191406,48.3904427938523,45.28233711914213,47.000640854018975,33932881
2018-11-30,43.69038009643555,47.65763745826465,43.46295727011453,46.79848562987634,24043390
2018-12-03,49.09797668457031,49.7802451339729,43.361876437595235,43.43768564965427,49933708
2018-12-04,49.24959182739258,49.80551160739541,47.75871101496115,48.7694764421071,22019546
2018-12-05,46.6468620300293,49.072703635397836,46.26782563473369,48.188282166568584,16406088
2018-12-06,45.50975036621094,46.74793842727087,45.02963505446639,45.73717315494735,14316437
2018-12-07,45.40867233276367,47.15224547453724,43.361872013113285,43.71563866053928,56677761
2018-12-10,42.654335021972656,44.52425688686873,41.99734117936608,43.96833234660424,30605708
2018-12-11,44.498992919921875,45.43394915386094,42.047881281287914,42.09842075871971,29707068
2018-12-12,43.008113861083984,45.004375105506874,42.831230502431204,44.574799168902956,17874881
2018-12-13,43.53875732421875,45.08017747786519,43.033377064785505,43.235530132500664,25082027
2018-12-14,45.838253021240234,47.07644123759053,43.15972350872143,43.46295553830356,41477863
2018-12-17,46.3941764831543,47.30386291047434,45.76244752154145,46.015135250419,21256763
2018-12-18,48.79475784301758,49.12325969767607,46.16676710430411,46.419459726415816,29235462
2018-12-19,48.79475784301758,49.90660248848257,48.415721319705455,48.744223174363945,16567628
2018-12-20,49.75496292114258,50.53830530383365,48.440965826512894,48.71892804799066,21380645
2018-12-21,49.578086853027344,50.53831267314511,49.27485485631648,50.134006557336676,14341996
2018-12-24,50.791011810302734,51.49854519519006,49.60335822331093,50.032934129725255,19209661
2018-12-26,50.5383186340332,50.99316427289305,49.628627356313515,50.791011191145294,13445222
2018-12-27,50.841552734375,52.281894102874034,50.13401450962554,50.79101325695507,35159348
2018-12-28,53.11577224731445,53.97492402065519,50.89208360347629,51.04370202444899,18197693
2018-12-31,54.25288772583008,54.58138952267488,52.76200681943603,53.19158275551076,12941136
2019-01-01,54.27815246582031,54.45503580796187,53.570619097254095,53.974925256351824,8808293
2019-01-02,52.585113525390625,54.42976561982961,52.307156080244056,53.949650294999536,9498025
2019-01-03,53.54534912109375,54.530844777036535,52.5093139905617,52.58511838273603,14817801
2019-01-04,54.05073547363281,54.379237275619154,53.595889790704106,53.82331263216846,10330266
2019-01-07,53.89912033081055,55.162578383403115,53.31793078334836,54.15181290527105,11310883
2019-01-08,55.03622817993164,55.33945537866206,53.84857466239415,53.92438387193147,7646556
2019-01-09,54.70772171020508,55.389990078113975,54.12653227963483,55.0362234368467,9074995
2019-01-10,54.60666275024414,55.74377219268779,54.27816093241728,54.70773689592986,11018085
2019-01-11,54.32868957519531,54.935148787437015,54.07599703183392,54.581382118556704,7401673
2019-01-14,53.97492599487305,54.530845766311494,53.72223343705206,54.328692683996636,4791166
2019-01-15,54.733001708984375,54.88461532371646,53.92438933746669,54.22761656693087,4583520
2019-01-16,54.101261138916016,54.98568253880233,53.873838355525,54.73299002173354,7030080
2019-01-17,54.07600021362305,55.38999766064934,53.89911686877522,54.37923224744053,12878216
2019-01-18,54.22761535644531,54.4550381833218,53.06523630326311,54.40450352601243,8282263
2019-01-21,53.11577224731445,54.22761174952406,52.61038715015774,54.07599814826084,3806822
2019-01-22,51.0689697265625,53.065235667515424,50.86681664061749,52.812543105156735,9825663
2019-01-23,51.52382278442383,52.38297472817077,50.942633181215726,51.06897707070951,8226257
2019-01-24,52.93888854980469,53.267385486929655,51.52381221525705,51.54908195191427,6733442
2019-01-25,52.15555191040039,53.494819310706184,51.72597593820498,52.98943411293143,5693576
2019-01-28,50.91734313964844,52.18080080971271,49.679155201350476,52.1555310779464,7068821
2019-01-29,50.816287994384766,51.75124432007442,50.38671203347835,50.99317136304441,8372933
2019-01-30,50.841552734375,51.4480120042846,50.336167599595406,51.04370582434486,7747000
2019-01-31,52.33242416381836,52.76200004473505,50.51304651389971,51.24585441299089,17733228
2019-02-01,52.686195373535156,53.11577125215715,51.346928264958514,52.357693620625135,6360626
2019-02-04,51.018436431884766,52.3576988546332,50.58886051031964,52.33242911575174,6807846
2019-02-05,50.8920783996582,51.47327264787298,50.134005651147085,51.47327264787298,10369665
2019-02-06,51.29638671875,52.20607791193321,50.5888534082379,50.81627620653371,10220113
2019-02-07,53.14104080200195,53.444267997782994,51.09423554178769,51.296388612211516,8542270
2019-02-08,50.99315643310547,53.06522640738319,50.84154285003144,52.812533889120544,9236003
2019-02-11,50.28562927246094,51.67543601504177,49.527556372660456,50.892088556243316,12814212
2019-02-12,50.41196060180664,51.2963770736527,50.15926811568993,50.48776497384585,10048765
2019-02-14,50.96788787841797,51.59961677883479,50.032926985129095,50.7910045574547,15506105
2019-02-15,52.15555191040039,52.66093710817515,50.26036464831072,51.271135043860234,15785443
2019-02-18,52.33242416381836,53.09050179939986,51.70069521068848,51.97865749237264,10246301
2019-02-19,54.30342102050781,54.93514998280275,52.33242492305219,52.33242492305219,14082738
2019-02-20,54.98568344116211,55.465798749501,54.15180149494665,54.65718171766905,9809006
2019-02-21,55.81957244873047,56.60291502585632,54.45503555337296,55.08676452647338,15720488
2019-02-22,56.19861602783203,56.400769132188216,55.440543091423876,55.59215671476347,6735206
2019-02-25,56.148075103759766,56.830343620818304,55.64269476571312,56.29969354291281,11760560
2019-02-26,56.60292053222656,56.855613109990756,54.78354264780248,55.592155040879845,10781802
2019-02-27,56.7545280456543,57.36099209493223,55.87011134818549,56.375491629637736,9381767
2019-02-28,56.678714752197266,57.487326931286134,56.32494812877308,56.6029055530169,19371998
2019-03-01,57.33572006225586,57.7147564630963,56.65345164891747,57.08302752179245,7446211
2019-03-05,58.77605438232422,59.05401662619747,57.05775109239643,57.18409493795222,9966391
2019-03-06,57.94217300415039,59.93843373663132,57.43678797785434,59.12982155032467,7949420
2019-03-07,56.7545280456543,58.220143875081526,56.5523749691315,58.16960440102344,6646780
2019-03-08,54.98568344116211,56.75452145025392,53.97491817600837,56.67871706768549,15504950
2019-03-11,56.47658157348633,56.70400443131636,54.657198710846046,55.26366287819978,6447793
2019-03-12,55.99644470214844,57.56313436588835,55.64267808956885,56.60290381787429,5392962
2019-03-13,56.22388458251953,57.00722724291446,54.35396720173578,55.64269502221717,11438017
2019-03-14,56.19861602783203,57.05776792627337,55.364733869898984,56.27442524935692,6073430
2019-03-15,56.55238723754883,57.00723296332628,55.64270060570448,56.09754633148194,9376800
2019-03-18,58.017982482910156,58.47282808260661,56.47656717469458,56.70398997454281,9198203
2019-03-19,60.84813690185547,62.313747984602514,58.27068143297659,58.371760386129374,26198270
2019-03-20,57.71476745605469,60.848143023372145,57.36100072384941,60.64598991643909,23051203
2019-03-22,57.15883255004883,58.47282498889476,56.65344750607879,58.04324914743292,21306313
2019-03-25,60.16585159301758,61.4545789668758,56.375478665096374,56.5776316951305,32353131
2019-03-26,59.938438415527344,61.959973858807246,59.35724896371441,60.1658612131427,24308703
2019-03-27,59.458343505859375,60.570183230701254,59.1298416810162,60.39329985719052,12272112
2019-03-28,59.382511138916016,60.494355250184334,58.80132176109498,59.534124711454425,12963238
2019-04-01,60.59543991088867,62.66751010201405,60.14059429435688,62.11159035942486,14157311
2019-04-02,61.58094024658203,62.56643586755384,60.26694287214668,60.54490033310498,12406956
2019-04-03,60.54490280151367,62.38955507609276,60.19113611693859,61.656747149804836,8831210
2019-04-04,60.44383239746094,61.151370629935606,59.55941081179507,60.645985489638,7586598
2019-04-05,61.50513458251953,61.909440748771466,60.645982774306745,60.645982774306745,6078672
2019-04-08,60.14059066772461,62.31373967357031,59.91316787317289,61.55566690487066,7187152
2019-04-09,60.87338638305664,61.201883232068425,59.180353038823256,60.09004403563766,6180232
2019-04-10,60.74705123901367,61.1513573354706,59.8878995791155,60.84812535327348,7741553
2019-04-11,60.19114685058594,61.100838281383055,59.5088782774881,60.747071533722156,4164153
2019-04-12,61.20188903808594,61.530390737969725,60.34273741952487,60.34273741952487,5837360
2019-04-15,61.404052734375,61.88416809154094,60.74705885999145,61.20189966078558,4986576
2019-04-16,60.241676330566406,61.656747905930004,59.736291215224576,61.656747905930004,4269973
2019-04-18,60.014251708984375,61.02501708961484,59.73628942191993,60.645980674342105,4815810
2019-04-22,58.34648513793945,60.01424914978841,58.16960180633568,59.8626355540865,4649563
2019-04-23,58.978214263916016,59.433059872177516,58.24540637955929,58.371755059470445,4249188
2019-04-24,60.14059066772461,60.34274372735845,58.321213131019974,59.12982536955537,6446593
2019-04-25,59.58466720581055,60.9997385341214,59.35724442558271,59.96370356628736,14428070
2019-04-26,58.220149993896484,60.03952787381449,57.133575285998646,59.45833832019333,5406936
2019-04-30,58.42229461669922,58.851870489605446,57.563142870886786,58.068523132141,9150542
2019-05-02,57.71476745605469,58.624458847108556,57.58842357161287,58.371766258514675,6794293
2019-05-03,57.76528549194336,58.19486128715682,57.36097942817875,57.71474602904567,7517650
2019-05-06,57.613677978515625,58.04325385481663,57.10829771326757,57.38625517225572,5195942
2019-05-07,55.8953857421875,58.11906976920652,55.718497568246626,57.91691667584115,3809768
2019-05-08,54.42976760864258,56.17333600723905,54.227609721572406,55.642686012807765,4788257
2019-05-09,54.80881118774414,55.0109642815882,53.74750624013533,54.42977473925026,4287453
2019-05-10,54.70772171020508,54.98568396817737,54.05072307663084,54.581377858240764,3974298
2019-05-13,54.17707443237305,55.693224829603736,53.823302953870034,54.404497232943115,3923735
2019-05-14,53.87384033203125,54.379225384710224,52.964149165092714,53.69695700950633,6932230
2019-05-15,54.15180206298828,54.707721759727086,53.72222621832815,54.1012625942732,4070151
2019-05-16,55.213111877441406,55.693227234903524,53.570617551050354,54.10126756215892,4951648
2019-05-17,55.112037658691406,55.516343840804375,54.37923451100285,55.26365609176617,3966542
2019-05-20,59.05400848388672,60.26692658493783,56.173321969255205,56.57762800293891,7644657
2019-05-21,56.37550354003906,59.33199592111897,55.76904418234454,59.33199592111897,9112078
2019-05-22,57.310455322265625,57.487338670096975,55.5921516809729,56.602917111230454,5600935
2019-05-23,56.299678802490234,59.40778369571056,55.996446823286604,58.16959568507097,7111942
2019-05-24,58.32121658325195,58.725522726451906,56.274416130838496,56.602913064797434,5690075
2019-05-27,60.19114685058594,60.873415423683774,57.866383609434784,58.119076209068474,5164703
2019-05-28,59.58466720581055,60.39327939341675,59.079282178702265,60.16585661318891,5657490
2019-05-29,61.176639556884766,63.324519314292054,59.230917724607764,59.534144972882785,32686300
2019-05-30,62.136863708496094,62.38955626789521,60.92394520703198,62.01051983865138,18921058
2019-05-31,62.81912612915039,63.12235331548817,61.454589331502696,62.36428052993449,11792127
2019-06-03,64.51214599609375,64.7901033872668,62.08630492773978,62.66749425984764,11676907
2019-06-04,65.52293395996094,66.40735554156903,64.36055007049347,64.48689876484312,12308047
2019-06-06,66.63477325439453,68.8331873504402,65.47238945419366,65.59873331913073,22108855
2019-06-07,67.8729476928711,68.22671429878027,66.00303091638065,66.93798689477161,11804665
2019-06-10,66.58423614501953,68.73211566318977,66.02831155225213,68.27727002172905,11844482
2019-06-11,67.4181137084961,67.82241984728122,66.30626941698232,66.83692423645614,5834275
2019-06-12,66.6600341796875,67.82241791027919,65.69980833242413,67.01380565580283,7924006
2019-06-13,67.3423080444336,67.69607954927226,65.97777595914327,66.73584880433684,7547190
2019-06-14,67.0138168334961,67.69608534440171,66.63478037845186,67.34231380927841,4262098
2019-06-17,65.01754760742188,66.86219513307906,64.33527912980847,66.55896791172407,5005806
2019-06-18,65.47237396240234,67.03906354334987,64.96698898281711,64.96698898281711,6049273
2019-06-19,66.05359649658203,66.98855773257188,64.9417566945048,65.95252234171627,6595530
2019-06-20,66.078857421875,66.40735922569876,64.84066906681572,65.72509069748953,4956888
2019-06-21,65.95248413085938,66.71055672213616,65.34602509389636,65.62398247352024,5634406
2019-06-24,66.53367614746094,66.91271245853021,65.75033379529,65.75033379529,5238472
2019-06-25,67.8729476928711,68.32779322601633,66.23044886324475,66.55895055705342,8706518
2019-06-26,68.95954132080078,69.18695933117706,67.6455438180163,67.72134821490509,7573913
2019-06-27,68.65629577636719,69.81867461743197,68.12564100392231,69.06060187932093,12637262
2019-06-28,67.82241821289062,70.12191112920866,67.49391647072562,68.47941687751138,82785720
2019-07-01,65.2955093383789,68.35307536210439,64.73958955762238,67.721346366818,9255063
2019-07-02,65.9019775390625,66.25574428212553,64.73959834344943,64.73959834344943,6743511
2019-07-03,67.46867370605469,67.7719009925365,65.52294680890495,65.95252281451319,7156557
2019-07-04,67.24122619628906,68.22672174586691,66.63476702580199,67.3675700494163,3892680
2019-07-05,66.33153533935547,68.35306591705219,65.69980643136161,67.21595677448869,6637560
2019-07-08,64.43636322021484,65.90197442616073,63.19817485827006,65.90197442616073,7167445
2019-07-09,64.86592102050781,65.85141652233074,60.645971946445925,63.981499632347045,31662617
2019-07-10,63.14763259887695,65.54820481561167,62.89494002558225,64.20893755094673,6702143
2019-07-11,63.779354095458984,64.41108304428846,62.616975143073255,63.172894882947816,6691672
2019-07-12,63.021263122558594,64.71429641029226,61.858879685452436,64.36052502349926,111041472
2019-07-15,63.19815444946289,63.3750377555177,62.06104059666965,62.970731678904244,4840422
2019-07-16,63.55194091796875,64.63851564575145,62.718058771948776,63.122364974885116,5784037
2019-07-17,63.24870300292969,63.956236328822875,62.667508717034046,63.526660458226594,4009676
2019-07-18,61.151363372802734,63.425586594828935,60.2922116280825,63.17289405466839,8393537
2019-07-19,60.266944885253906,62.6675120867299,59.8373689915589,60.72179051619092,15720973
2019-07-22,61.10083770751953,61.631487824026976,58.119075663209884,60.4438388825267,8228991
2019-07-23,59.104557037353516,61.60620301708434,58.801329850560876,61.100822765860194,7772426
2019-07-24,56.628177642822266,59.50885985564145,56.40075485552507,59.230902419829626,7665703
2019-07-25,56.70399475097656,57.184105306912045,55.74376399968631,56.60291580043668,17437046
2019-07-26,56.90614700317383,57.613680367805,56.45130137179117,56.80506805410676,7664915
2019-07-29,55.465816497802734,57.43680819061564,55.13731466919358,56.62819571974773,13960450
2019-07-30,54.85935592651367,56.90616179994727,54.3034360212229,56.047009788318285,11460268
2019-07-31,55.465816497802734,56.097545593132104,53.82331699417797,54.58139480039952,9862530
2019-08-01,53.772762298583984,55.288907706825164,53.26737728269779,55.13729412994279,8316588
2019-08-02,54.45502471923828,55.71848241406709,53.317915685717516,53.798030959270875,16002101
2019-08-05,52.660945892333984,53.97494376996266,51.9028727889312,53.97494376996266,6939347
2019-08-06,54.22761535644531,54.70773074870787,52.58512091100056,52.58512091100056,7037823
2019-08-07,53.29266357421875,55.010967378481745,53.115780209611124,54.32869884095787,9596247
2019-08-08,55.08675765991211,55.56687296914076,53.368459115820805,53.46953323266901,11331576
2019-08-09,55.23838806152344,56.85561283999841,54.88461652644952,55.08676962375889,10309882
2019-08-13,52.585113525390625,55.642683979675894,52.18080740544186,55.592144509755016,9978505
2019-08-14,53.69696044921875,54.25288018700941,52.45877229251954,52.989422294086616,7134402
2019-08-16,55.44053649902344,55.79430318465304,52.81254163517609,53.26738727081964,8327908
2019-08-19,54.733001708984375,55.8701158687498,54.50557887703128,55.54161408050205,6292745
2019-08-20,53.772762298583984,54.68244857958695,52.91361066340267,54.68244857958695,4975046
2019-08-21,51.54907989501953,53.64641975678694,50.41197070907388,53.59588028548911,9378385
2019-08-22,51.3974723815918,51.90285751494294,50.538320546720755,51.195319292193304,8640198
2019-08-23,51.473289489746094,52.61039898457086,49.37594905826692,51.2964012921546,9097621
2019-08-26,52.93888854980469,53.267385486929655,50.79100913103546,52.35769424610752,11797768
2019-08-27,53.24211502075195,53.82330449677624,52.40823300132728,53.31792422968488,10911500
2019-08-28,52.20608901977539,53.5958910208818,51.75124332640668,53.44427739632897,7849037
2019-08-29,51.018436431884766,52.079741366356856,49.881322280768295,51.928122933068074,22394177
2019-08-30,52.96416091918945,53.317932462459275,50.892090418836716,51.04370886011384,8729862
2019-09-03,51.57435989379883,53.29266370218791,51.34693704741144,52.686204385058275,4360276
2019-09-04,52.888343811035156,53.14103633274036,51.170040447090535,51.751229873216225,8214683
2019-09-05,52.585113525390625,54.631918679803995,52.07973328530923,53.19157270531376,9937307
2019-09-06,54.834075927734375,55.23838207856204,53.44426931701845,53.848575467846125,14132181
2019-09-09,55.49107360839844,55.89538460662517,54.37923402733186,55.11203716850257,6433331
2019-09-11,55.743778228759766,57.10831549109997,55.11204908576023,55.54162509578835,11376292
2019-09-12,56.4260368347168,57.15884482385948,55.69323366528411,55.9459214218202,8816205
2019-09-13,56.22388458251953,56.75453466287124,54.707733921970245,56.602921042729335,8483221
2019-09-16,55.76903533935547,56.55237794970342,55.36472916500106,55.895384031159836,5522251
2019-09-17,51.7512321472168,55.769028477777695,51.22058216605666,55.59214515072432,11427152
2019-09-18,51.1447868347168,52.40824502179887,50.689941116213575,52.28190113097486,10241845
2019-09-19,50.28562927246094,51.29639474543157,49.17378484233827,51.29639474543157,9628557
2019-09-20,51.57435989379883,52.28189817363852,50.032939450442115,50.2098276351847,17632575
2019-09-23,53.34319305419922,53.747499188845254,50.3108922246447,52.559845701076895,18459098
2019-09-24,52.61037063598633,53.974907078161586,51.82702831901977,53.418982681849606,8147121
2019-09-25,50.816287994384766,52.45878261442333,50.5888651433337,52.45878261442333,6208128
2019-09-26,50.74045944213867,51.42272773539412,50.36142310801069,51.27111416568462,22098175
2019-09-27,50.639404296875,51.65016983958791,49.80551730196277,50.84155740541758,8317538
2019-09-30,50.23508834838867,51.271128350545595,49.78024751342223,50.03293525961143,9096277
2019-10-01,48.41570281982422,51.7512306619865,47.10170554269695,50.28561979740886,16421521
2019-10-03,48.06193923950195,48.92109098933435,47.278591878372254,47.404940559058986,14159741
2019-10-04,48.03667068481445,49.50228167886145,47.53128558905639,48.33989788650171,9465651
2019-10-07,47.834510803222656,48.51677913949099,47.0006288876865,48.01139411565324,7354740
2019-10-09,47.80925369262695,48.49152220902737,46.95010181709534,47.834523432461424,11800090
2019-10-10,46.79849624633789,48.33991208365698,46.545803624244485,47.73345268245934,12134641
2019-10-11,46.2425537109375,47.15224487236874,45.7119037465753,46.82374796391248,10486337
2019-10-14,47.22806167602539,48.567324079535695,46.267830891162724,46.267830891162724,13416506
2019-10-15,47.632354736328125,47.93558187563017,46.54578037779407,47.455471435117175,6594131
2019-10-16,48.51679229736328,48.6431361777331,47.55656145559635,47.80925403604608,10729671
2019-10-17,48.087215423583984,48.718944452597235,47.07644512139479,48.51679135610139,8531208
2019-10-18,49.578086853027344,49.78023991093156,47.96085757008453,48.1124759782945,9270585
2019-10-22,51.29638671875,52.130268705931535,49.426469681425004,49.62862274438692,12453230
2019-10-23,52.78727340698242,53.39373266527735,50.28562715912467,51.22058819464795,11629276
2019-10-24,52.78727340698242,53.26738879385706,52.13027467223547,53.06523570775875,8934300
2019-10-25,53.621158599853516,53.87385117706106,52.079743036336495,53.06523878576492,6899763
2019-10-27,53.36846923828125,54.076002649544314,53.065237190804304,54.076002649544314,566785
2019-10-29,54.126548767089844,54.53085500018192,52.6103979831393,53.36847578496981,6252262
2019-10-30,53.949649810791016,54.80880151289836,53.317920901577324,54.15180286895103,5491741
2019-10-31,55.16257095336914,55.71849068653556,53.469537198147165,54.02545693131359,10109150
2019-11-01,56.148075103759766,56.65346026151647,54.65719419005853,55.08677012823872,6859872
2019-11-04,56.805057525634766,57.588404776587154,56.35021197855497,56.40075144372131,7682332
2019-11-05,56.55238723754883,57.23465582621501,55.61743086319345,56.85561932797066,5843188
2019-11-06,56.09752655029297,56.57763702957365,55.112026218713474,55.71848536599608,8319710
2019-11-07,57.28519058227539,58.11907273745923,55.996462738862164,56.12280662127692,7799758
2019-11-08,56.12279510498047,57.56314109538721,55.92064204277221,57.38625294870944,5641167
2019-11-11,57.00722885131836,57.31046091986765,55.516347888680635,55.84484969791822,3529960
2019-11-13,55.870113372802734,57.41152882975574,55.743764683078915,57.10830161383797,5295206
2019-11-14,56.55238723754883,56.98196322081525,54.63193500381601,55.87012346859321,7814433
2019-11-15,56.173336029052734,56.779795231370834,55.4658027028696,56.350219360598516,3937020
2019-11-18,59.43305587768555,60.36801194764313,56.09752806756088,56.451294708116826,17755248
2019-11-19,59.862648010253906,60.368028374322485,59.028765830815956,59.73629930445403,8947187
2019-11-20,59.609947204589844,60.5954428754839,59.3319849098414,60.09006258105269,7117238
2019-11-21,58.06853103637695,59.48360752781009,57.5126112274132,59.38252856997487,4927298
2019-11-22,59.76156997680664,60.03953231418721,57.8158432545634,57.9169222207783,6898756
2019-11-25,59.862648010253906,60.46910733896239,59.180379458065495,59.88791775141388,5003397
2019-11-26,59.02876281738281,60.19114193314008,58.119071460904905,60.1153375332403,5290918
2019-11-27,58.169593811035156,59.10454981234988,57.10828914757748,59.10454981234988,6659705
2019-11-28,59.079280853271484,59.3572430939159,57.487326247100526,58.14432483971815,4986010
2019-11-29,57.866371154785156,59.25617774378548,57.462065010274735,59.02875493503469,4221490
2019-12-02,57.411521911621094,58.19486923438569,56.80506273315468,58.06852055988699,6223376
2019-12-03,57.537879943847656,57.79057251423284,56.779802232692106,56.98195532505827,6948211
2019-12-04,57.89166259765625,58.19489472959012,56.88089685739538,57.10831975141798,4437392
2019-12-05,58.06853103637695,59.12983599509681,57.462071748495596,57.8663779404165,6360261
2019-12-06,55.516353607177734,58.47284609630025,54.17709095071817,58.01800035647975,14024118
2019-12-09,56.4260368347168,57.133575084263875,54.581389221627276,55.213118252387524,7672747
2019-12-10,56.3502197265625,57.108297349165404,55.870109200594264,56.42602893473559,3499912
2019-12-11,57.71476745605469,57.866381081326914,56.09754260059026,56.35023036947389,3649783
2019-12-12,58.37175750732422,58.52337110986629,57.25991317602684,57.740028540404495,6099033
2019-12-13,58.37175750732422,58.87713778903428,57.866372405904634,58.624450058034014,4281647
2019-12-16,57.96745681762695,58.624455583512116,57.76530372194767,58.11907043445892,3417291
2019-12-17,57.99272155761719,58.22014437311447,57.2346438993897,57.664219793139075,5191983
2019-12-18,57.25991439819336,58.42229822838475,56.80506876114932,57.96745259134071,2772648
2019-12-19,57.28519058227539,57.86638015291955,56.75453567277104,57.15884669986064,1718648
2019-12-20,57.25991439819336,57.79056924798128,57.00722184209005,57.18410518544948,2838531
2019-12-23,56.527099609375,57.58840426998879,56.29967683783571,57.10828899454934,3620336
2019-12-24,56.57764434814453,57.18410357387534,56.4260307466392,56.55237461127539,3467688
2019-12-26,56.148075103759766,56.931422580253674,55.996461484316775,56.57765104193995,6043163
2019-12-27,58.144317626953125,58.59916312078117,56.223861552850344,56.35020538126564,6604705
2019-12-30,57.71476745605469,58.4223057401755,57.10830813525553,58.27068729519303,2268883
2019-12-31,59.58466720581055,60.03951276626624,56.90613812943781,57.81582443064037,18634758
2020-01-01,59.837379455566406,60.06480231080528,59.256189856493904,59.45834297007175,5303993
2020-01-02,60.57017517089844,60.79759799792451,59.685758421030165,59.988985643925055,3532470
2020-01-03,60.014251708984375,61.277709639699836,59.68575476767054,60.418557861236565,4023042
2020-01-06,57.057762145996094,59.68575705610581,56.50184237026197,59.28144606864226,6095156
2020-01-07,59.104557037353516,60.03951797266749,57.61367637978021,57.61367637978021,6868918
2020-01-08,58.64971160888672,58.92767388068348,57.41152348316091,57.664216019366215,4670546
2020-01-09,60.3932991027832,60.59545221565747,58.95295757109028,59.23091990868379,4195928
2020-01-10,61.47987365722656,62.06106325205808,60.44383835523635,60.645991467339066,5908780
2020-01-13,63.17290496826172,63.375058071371754,61.58094988373399,61.83363764783892,7479786
2020-01-14,62.03579330444336,63.14763782716894,61.783105529937394,63.14763782716894,4173391
2020-01-15,62.99601364135742,63.425589533621725,61.252440335142374,62.11159211967097,5571898
2020-01-16,62.339012145996094,63.198163892095366,61.75782267649051,62.99601082358432,2526996
2020-01-17,61.63148880004883,62.364296861737955,61.45460542507848,62.16214374467035,2376240
2020-01-20,56.77978515625,59.28143072930606,56.45128828734117,59.104547429146805,20355078
2020-01-21,53.89912033081055,56.9314215849167,53.671697495767084,56.65345927103914,17281817
2020-01-22,55.010948181152344,56.55236326318544,52.48403283781646,54.000183007759695,55396931
2020-01-23,57.15883255004883,58.70024777671038,54.631916969616604,55.08675772553886,117047862
2020-01-24,58.80132293701172,59.812088140328804,57.714748536055104,58.39701685568489,17205997
2020-01-27,58.54865646362305,59.9889981212296,58.119080458748215,58.346503333076704,8428286
2020-01-28,58.624454498291016,59.331987910216085,56.55237928129791,58.7760681123164,14436988
2020-01-29,59.685760498046875,60.393293922563096,58.92768277500953,58.97822225382068,14457568
2020-01-30,60.3932991027832,60.79760532853173,58.90241808794412,59.88791873045274,13260225
2020-01-31,58.95296096801758,60.74707416540181,57.99273483146326,60.645995193285216,11819966
2020-02-03,57.588417053222656,57.9169140074152,54.75826905679201,55.81957395298979,7970361
2020-02-04,58.64971160888672,59.129826945705865,57.91690855557152,58.11906162059391,5882866
2020-02-05,62.11159133911133,62.945473376002646,59.28144346922322,59.28144346922322,17587030
2020-02-06,62.515892028808594,62.92019814352078,61.50512674202811,62.490622294175445,9040215
2020-02-07,63.34979248046875,63.67829430685847,61.959990408018186,62.13687378236166,8022180
2020-02-10,63.55194091796875,64.43636254428328,63.097095234737836,63.501401437674176,7633955
2020-02-11,63.34979248046875,64.68905988861438,62.793872615430615,64.0067913135377,5772480
2020-02-12,64.00677490234375,64.36054156032571,61.47985918599427,62.92020037315999,20897085
2020-02-13,63.703548431396484,64.2847427596403,61.707287348258866,63.93097125120718,17967361
2020-02-14,64.00677490234375,66.05357528306823,63.678277979890375,63.88043104440997,17472148
2020-02-17,63.90570068359375,65.77561773250815,63.501389735454886,64.38581119878569,9984415
2020-02-18,64.51214599609375,64.81537311732038,62.237918488353095,63.70352909350363,8987817
2020-02-19,65.4976577758789,66.00304286412602,64.31000908412041,64.9417380345746,7014566
2020-02-20,66.83692932128906,67.41811883754487,64.86593312997972,65.32077877564416,10927207
2020-02-24,65.39656829833984,67.29175484448585,65.19441525953928,66.5336821539109,7594113
2020-02-25,65.11863708496094,66.17994217064252,64.41109875460303,65.69982670290999,5362185
2020-02-26,64.28474426269531,65.82615974225169,64.0573214375672,64.63851095969025,8984063
2020-02-27,63.223426818847656,64.61322841271331,61.75781602506414,64.41107536597451,15337908
2020-02-28,59.859893798828125,61.25452880976748,59.42236185999917,61.25452880976748,23459037
2020-03-02,61.0357780456543,62.51245261891695,60.215406759926225,60.270099569853016,14195683
2020-03-03,61.93818283081055,62.81324684571724,60.35212799984394,61.36392402695039,21216558
2020-03-04,62.102256774902344,62.676520801446785,60.734967931254545,61.93818357408665,11307250
2020-03-05,61.82880401611328,63.1687464751389,61.637384409937205,62.34837002836461,6124545
2020-03-06,60.43417739868164,61.30924156115768,59.06688834086438,59.61380083451499,9508072
2020-03-09,57.043296813964844,59.258303458402594,56.16823271817676,58.519966171658865,7412792
2020-03-11,56.2229118347168,58.10977176661956,55.785379852796254,56.332297438093256,9161980
2020-03-12,49.44117736816406,54.06261633438212,47.30820433395702,53.59773779676498,9516838
2020-03-13,56.031490325927734,56.85186667578129,45.2846003044481,46.21435703813998,16095891
2020-03-16,50.48030090332031,53.324264162219286,50.01542771009296,52.75000535943754,5490510
2020-03-17,49.35912322998047,54.25401960149303,48.83955724517974,50.6443780306175,11116787
2020-03-18,51.19129180908203,52.12104862877607,48.18326056208796,50.534993797967346,11171212
2020-03-19,48.73017120361328,51.60148076631268,46.10497925396067,49.222395998121335,9594380
2020-03-20,50.17949676513672,51.847585446757854,48.210597682079964,49.98807718001565,7405203
2020-03-23,44.518924713134766,47.308189870272194,42.93286732341796,46.21435988553274,5521882
2020-03-24,43.47978973388672,47.472276379086,43.06960407160163,46.15967495766256,8177965
2020-03-25,47.17146682739258,47.526959644765945,43.20632955768382,43.72589818975741,5846963
2020-03-26,50.534996032714844,51.519445700817464,45.39399211040898,47.06208100650231,8468902
2020-03-27,48.26529312133789,52.914077081855794,47.22615593852419,50.808451098809876,6223511
2020-03-30,48.538761138916016,50.61704111498457,46.5698667901218,48.019189840950425,4595891
2020-03-31,50.288883209228516,51.54679168783627,49.003633542988396,49.76931719152325,4086928
2020-04-01,48.620792388916016,51.51944323118828,48.01918196911727,50.09746160449134,6504887
2020-04-03,47.17146682739258,49.441166182049884,46.87066160175827,48.83956094657449,3943477
2020-04-07,48.89424133300781,49.44115889614757,47.30818665885345,48.675475350910396,4885786
2020-04-08,49.824005126953125,51.76555805723876,48.128569829198184,48.67548225410909,6132768
2020-04-09,49.6052360534668,50.78110525738086,48.73017205496132,50.04276805271954,5280382
2020-04-13,48.29264831542969,49.98808901435797,47.499623387071594,49.76932297731501,4316855
2020-04-15,48.37467575073242,50.206842820557334,47.417572615905826,48.40202215067517,9930547
2020-04-16,49.16770553588867,49.87869636004838,47.58165068685332,48.128568310297105,6243677
2020-04-17,51.218631744384766,53.48833070216126,49.85134308992201,50.23418745991034,14027352
2020-04-20,48.83955383300781,51.95697038718535,48.51140225140323,51.73820440471311,8452156
2020-04-21,47.827762603759766,48.59344622554491,47.226157396795486,48.101221412668245,4332130
2020-04-22,47.6363410949707,47.96449269568075,46.65189150863333,47.77306788605412,5905476
2020-04-23,50.20684051513672,50.58967966517099,47.90979518334666,48.12856115705085,6897475
2020-04-24,49.796661376953125,51.601487601136725,49.00363649304519,49.605241757244094,9985175
2020-04-27,50.26153564453125,50.67172647064347,49.331784028511144,50.042769637974814,4450320
2020-04-28,49.63258361816406,50.781106447057795,49.33178362150133,50.097462030235164,4802807
2020-04-29,51.87493896484375,53.26957426810794,49.988084039068575,50.3162304540759,16515952
2020-04-30,52.17573928833008,52.83203727245962,50.91783612269663,52.421851684352745,8754215
2020-05-04,49.933380126953125,50.972517164447225,49.277082227094944,50.972517164447225,4532360
2020-05-05,49.6052360534668,51.328022864343204,49.41381645576783,50.28888045427331,9370330
2020-05-06,49.16770553588867,49.988081971054335,48.34733431651601,49.605237548326485,7157601
2020-05-07,47.77307891845703,49.63259291505488,47.58165928041795,48.948948370175906,5791850
2020-05-08,45.96824645996094,48.59344358047578,45.58540727780379,48.155911596355416,9141560
2020-05-11,45.96824645996094,47.11676922222505,44.84707009867842,46.433124845062906,9589390
2020-05-12,45.22991180419922,45.7494777445432,44.65564784935539,45.530711765505636,5966771
2020-05-13,49.030982971191406,50.42561833717022,46.32375145457141,48.12857246565141,22941207
2020-05-14,46.92534637451172,50.69906599539327,46.651887599466455,49.222391739624236,16849561
2020-05-15,46.02293395996094,47.36287615893876,45.94089476646725,46.59719788283262,8301021
2020-05-18,44.43688201904297,46.323741854427276,43.91731086116768,46.022936676321734,7322028
2020-05-19,43.91730880737305,45.31194381910717,43.47977686829475,45.229909840400076,6274186
2020-05-20,44.30016326904297,44.62830969029297,43.64386260285298,44.13608484262465,6527758
2020-05-21,43.261016845703125,44.5189252553178,43.12429005186783,44.409539647615276,6752890
2020-05-22,40.93663024902344,42.90552438025872,40.85459103763285,42.659414569776764,12807022
2020-05-26,41.07334899902344,41.67495407902088,40.77254385112879,41.07334899902344,4742688
2020-05-27,42.057804107666016,42.19453351024244,40.55378589511825,41.510889105256766,11287075
2020-05-28,42.276573181152344,42.741451618960156,41.374162709618744,41.839041147426556,8116477
2020-05-29,41.128047943115234,43.4250935970703,40.66316953181973,41.839038761319706,33125196
2020-06-01,44.6829948425293,45.3666391880811,41.483539096715155,41.67495867894287,28628881
2020-06-02,45.12053680419922,46.05029373742803,44.51893152449559,45.12053680419922,10511178
2020-06-03,44.81972885131836,46.4331301842023,44.464236029266274,45.22991969741581,14909805
2020-06-04,44.163429260253906,45.53071812413665,43.99935605701005,44.98380570805941,6133202
2020-06-05,47.062076568603516,47.69103336157762,44.300157866060296,44.300157866060296,17661327
2020-06-08,46.81597137451172,48.92159218803618,46.46047336135793,47.991835375501054,13917910
2020-06-09,45.311954498291016,47.41758071123229,45.12053488180424,47.3081950927865,11587231
2020-06-10,46.70659255981445,46.92535859365787,44.60096622420058,45.612762390597396,12758053
2020-06-11,45.311954498291016,47.581653923107616,45.09318847719279,46.76128264793761,14394180
2020-06-12,45.722137451171875,45.94090345942464,43.42509436451787,43.75324337689701,13823545
2020-06-15,45.17522430419922,46.13232753067157,44.71034589224368,45.66744911871602,11479062
2020-06-16,45.284610748291016,47.39023708466538,44.68300545895276,45.913567659637444,15252287
2020-06-17,45.80418014526367,46.925356674839485,44.46423759078998,44.95646245075857,15890147
2020-06-18,46.81597137451172,46.952698169852155,45.17522375146192,45.61275575550281,12077582
2020-06-19,46.597206115722656,47.499616540424675,46.378434894419875,47.30819172178474,11273723
2020-06-22,49.5505485534668,49.93338774954511,46.7065853374768,47.03473694539598,26207031
2020-06-23,48.784881591796875,50.042785217155206,48.67549594656851,49.96075119902857,12371377
2020-06-24,48.101226806640625,50.28888709164224,47.581655533030165,49.22240335467815,13125765
2020-06-25,49.2224006652832,50.152157539557564,47.25350651635745,47.41757972481961,16950897
2020-06-26,49.277095794677734,50.09746709142727,48.75752452497983,49.87870106457449,6951456
2020-06-29,47.663692474365234,49.14036179230262,47.390233647845484,49.11301538807131,4544515
2020-06-30,45.94090270996094,48.40202678239593,45.339297501028476,47.96449477302814,13729605
2020-07-01,46.29639434814453,46.76127269601515,45.694784006316524,46.29639434814453,6568666
2020-07-02,46.487815856933594,46.980040624063214,46.132323089446906,46.87065502434886,5058703
2020-07-03,46.050289154052734,46.952699591688265,45.85886954846233,46.870660382523916,5710292
2020-07-06,47.96449661254883,48.40202863869672,46.10498289352373,46.24170969577251,23953883
2020-07-07,46.843318939208984,48.101227533950144,46.7065921252516,47.964500719992756,9384930
2020-07-08,46.214359283447266,47.41757485888145,46.10497889429473,47.0347356731585,11891820
2020-07-09,46.29639434814453,46.98003867055471,45.99558917723053,46.65188710084923,6154740
2020-07-10,45.722137451171875,46.40578187893589,45.229917844447954,46.29640148270604,7445855
2020-07-13,45.61275100708008,46.241702545439026,45.03848705168842,46.02293656619277,5786588
2020-07-14,44.054046630859375,45.91356022603352,43.88996822013731,45.88621382424651,12342120
2020-07-15,43.50712966918945,44.956457690546806,43.206327068779515,44.5189256870791,10024746
2020-07-16,44.43688201904297,44.628301599367454,43.12428614042449,43.7258912808432,6593393
2020-07-17,44.84707260131836,45.120531410601814,44.46423339779731,44.57361379203491,6437395
2020-07-20,45.257259368896484,45.749484195081294,45.06583976222308,45.284605772105984,5107735
2020-07-21,46.597206115722656,46.761279315906755,45.09318526402397,45.83152248854189,12010045
2020-07-22,46.460472106933594,47.30818968990049,45.94090091024102,46.898004099161206,10436367
2020-07-23,46.40577697753906,46.8159677635074,46.159664592275064,46.48781617789123,3743685
2020-07-24,45.22991180419922,46.35108809874077,44.90176022774669,46.15966330326459,6053361
2020-07-27,44.518924713134766,45.448681504111505,44.30015871618688,45.03849069601552,4716915
2020-07-28,44.464229583740234,45.03848833976299,43.91731201208688,44.5736099685954,6185062
2020-07-29,45.77682876586914,47.06207837050922,44.13608114952905,44.68299876024004,16496266
2020-07-30,44.874412536621094,46.597199135767426,44.35484139544132,45.91355481898064,7705930
2020-07-31,44.21812057495117,45.20257019279124,44.136081368200195,45.120530986040265,6449801
2020-08-03,44.3275032043457,44.98380645987616,44.05404959963338,44.30016201650901,5709331
2020-08-04,44.43688201904297,45.12052635779748,44.30015523760902,44.73768719714852,3714768
2020-08-05,45.257259368896484,45.58541099161739,44.546273748621864,44.57361493603827,7675186
2020-08-06,47.17146682739258,47.47227205302688,45.2299191021357,45.39399230893932,15970110
2020-08-07,46.733924865722656,48.07386707070795,46.460466101976415,47.444915565146054,9393202
2020-08-10,48.948936462402344,49.1950488559507,47.44492091586699,48.0465260913226,13290125
2020-08-11,49.24974060058594,49.96073136492745,48.64813543804739,49.00362821232186,17494066
2020-08-12,50.12480163574219,50.26152841424899,48.402020233911976,49.08566455803055,11384441
2020-08-13,52.14838790893555,52.859378627819616,48.757512706729244,50.34356732091916,30437287
2020-08-14,49.90604019165039,52.503890945478055,49.46850820175413,52.47654454413544,18635635
2020-08-17,51.02722930908203,51.49210781639969,49.6599401953,50.37093116036194,8472501
2020-08-18,51.19129180908203,51.54678982497308,50.72641339923501,51.245984613956495,5412387
2020-08-19,52.99611282348633,53.625069650091675,51.1912919828464,51.1912919828464,24367345
2020-08-20,55.511924743652344,56.85187239496324,52.36716145900479,52.722659477774776,28451017
2020-08-21,55.265811920166016,56.578413158953346,54.8556263149544,56.058841943929046,10664475
2020-08-24,53.57035827636719,55.976783491169535,53.3242459546976,55.758017562551146,10314445
2020-08-25,54.14464569091797,55.92212567442196,53.10550828105167,53.898533238303386,15553061
2020-08-26,54.14464569091797,55.293168731188054,53.871192046496375,54.55483658913823,10382601
2020-08-27,53.32426452636719,54.910319365186396,52.80469330902158,54.14463574045565,10388986
2020-08-28,53.70711135864258,55.32051282918209,53.40631131917831,53.48834532276233,16920420
2020-08-31,51.43740463256836,54.636860722582256,50.94517981629038,54.14463590630427,12548590
2020-09-01,53.24222946166992,53.597727507019414,51.71086730883891,51.95697973537521,8692642
2020-09-02,52.91408157348633,53.51568681294144,51.51944626694685,53.51568681294144,8372340
2020-09-03,52.44919967651367,53.59772248752466,52.175740870883835,52.914078081346524,4289973
2020-09-04,50.58967971801758,52.83203225477592,50.4256065415161,51.7928951825436,11338607
2020-09-07,50.48030090332031,51.1366041290608,49.93338850292716,50.83579891857916,6599178
2020-09-08,49.14035415649414,50.7537552448853,48.866900588259014,50.67172126073175,5909365
2020-09-09,48.86690902709961,49.22240185667093,47.80042010679891,48.67548419416834,9805421
2020-09-10,49.933380126953125,50.20683888917538,48.538745133832464,49.222389431492076,7016660
2020-09-11,50.39826965332031,50.69907488016401,49.57789318441747,49.87869841126117,6849465
2020-09-14,50.37091064453125,51.54677963798504,50.07010549296161,51.410047652820694,9517497
2020-09-15,50.8358039855957,51.05457001071687,50.37092553023903,50.37092553023903,5522826
2020-09-16,51.82025146484375,52.06636388443266,50.86314819041944,50.999874994282955,9203620
2020-09-17,51.79289627075195,52.476540605629594,51.218632317242715,51.65616427430102,8104343
2020-09-18,51.0819091796875,52.20308555158446,50.42561119729363,52.20308555158446,10443563
2020-09-21,48.40202713012695,51.41005841219258,48.04652911009104,51.41005841219258,10563632
2020-09-22,47.77307891845703,48.56610909409774,46.98005395861028,48.4020358637491,11949425
2020-09-23,47.14411544799805,48.31998460687371,46.54251027601655,48.12856501650654,8032032
2020-09-24,45.14787292480469,47.007386367645125,44.87441414512949,46.4878152078415,7115633
2020-09-25,46.679237365722656,46.89800335838093,45.284602206603914,45.530714600318554,6375402
2020-09-28,48.101226806640625,48.894251704031134,46.761284230102945,47.36288950453,6681312
2020-09-29,48.26529312133789,48.73017151738968,47.58164872807306,48.511405520176645,5956786
2020-09-30,47.14411544799805,48.53875059812086,46.98004225851085,48.48405779636091,5310755
2020-10-01,48.48406219482422,48.64814061498923,47.39023213935646,47.47227134943896,5006875
2020-10-05,47.74571990966797,49.46850662892798,47.47226633652168,48.67547666258455,5344245
2020-10-06,47.7183723449707,48.31997742756665,47.472259989410574,48.04651867518963,4464263
2020-10-07,47.253501892089844,47.93714627887231,47.062077082524844,47.80041427204017,3409547
2020-10-08,47.49961471557617,48.92159108886359,46.952697114916774,47.55430230300788,7598538
2020-10-09,47.581642150878906,48.538745212308186,47.33552978606018,47.4722617752884,5171280
2020-10-12,47.03474044799805,48.40202935386086,46.65189600761705,47.66369209290456,3991040
2020-10-13,46.214359283447266,47.0347356731585,45.85886649896063,47.0347356731585,5905245
2020-10-14,47.14411544799805,47.308188637485244,45.66744631102796,45.9408998882424,7101011
2020-10-15,46.32375717163086,47.58166066729148,46.077644711037415,46.761289275842735,4381616
2020-10-16,46.515167236328125,46.898006444726484,46.077635222217715,46.13232802792977,4197215
2020-10-19,47.7183723449707,47.909791906897055,46.378424979902476,46.76126931954706,7858851
2020-10-20,47.8824577331543,48.23795055093765,47.36288649258489,47.74572571416592,4414866
2020-10-21,48.34733200073242,48.73017118932968,47.499614419213,47.909800009251896,5216613
2020-10-22,49.195045471191406,49.33177746697332,48.1012155838977,48.34732796051282,5926353
2020-10-23,49.2224006652832,49.71462550646295,49.0036346487359,49.304439877410914,3089208
2020-10-26,48.04652404785156,49.57788593029432,47.69103128106381,48.94893438055082,3991893
2020-10-27,48.40202713012695,48.78486633712592,46.980045481569334,48.12856831835926,4122196
2020-10-28,46.92534637451172,48.45670821265596,46.48781442075622,48.18325465340301,6323907
2020-10-29,46.597206115722656,47.0620793136121,46.15966888891008,46.48782050507127,3929663
2020-10-30,47.6363410949707,47.82776068880458,46.37843271067375,46.788623515509485,10181063
2020-11-02,49.96074295043945,50.370928620734304,47.554311310667124,48.046536201338455,9073832
2020-11-03,50.042762756347656,50.28887513185365,49.41381122596224,49.878689577941095,4089906
2020-11-04,49.85134506225586,50.20684304732489,49.030973923437706,49.74196467778327,4146027
2020-11-05,51.19129180908203,51.382716626142646,49.8240029819782,50.26153498938799,4962071
2020-11-06,52.33980941772461,53.187532161439,50.917833143214594,51.27332590789399,10477305
2020-11-09,53.871177673339844,54.19932404541189,52.3124641507237,53.07814771187939,9971010
2020-11-10,53.57035827636719,54.52746116999435,52.77732852525603,53.98054374055279,11297522
2020-11-11,54.226680755615234,54.390753972845836,53.16019701992604,53.67976307712186,8598577
2020-11-12,55.29315185546875,55.675996229242244,53.62506322727066,54.28136116200648,11938667
2020-11-13,56.332305908203125,56.633105931131304,53.980567239928924,56.16823269426108,14680822
2020-11-14,56.05884552001953,56.76983638177839,55.81273309803404,56.332304346202676,1336501
2020-11-17,56.87921905517578,57.23471710815447,55.593969301298856,56.38699940733324,8868313
2020-11-18,57.18001937866211,57.863663804725306,56.27760894489042,56.44168214672353,7935951
2020-11-19,57.26204299926758,58.465253106222924,56.38697920664855,56.6057451548033,10325788
2020-11-20,56.60576629638672,57.75428925710683,56.22292183228431,57.37144479300441,7013365
2020-11-23,56.906551361083984,57.69958127063429,56.715131787273144,56.87920496256926,5812828
2020-11-24,57.28940200805664,57.72693400069672,56.687791606331956,57.15267000048613,8525200
2020-11-25,57.67224884033203,58.84811818229945,57.2620631948487,57.426136409883334,10749532
2020-11-26,59.66848373413086,59.996635348430765,57.453477288933605,57.75428250072577,15421326
2020-11-27,59.17625427246094,60.43416261004722,58.71137589793009,60.160703822242155,12670013
2020-12-01,59.53174591064453,59.80520466927769,58.49260367099694,59.504399513202024,5548787
2020-12-02,59.99663162231445,60.18805121218747,59.20360164622036,59.750519230822675,4898771
2020-12-03,62.59447479248047,63.44219753881108,59.94193660167785,59.99662940127191,13385242
2020-12-04,63.168739318847656,64.67275481052326,62.567128949543424,62.73120734978594,16896823
2020-12-07,64.56339263916016,64.75481227764911,62.94999109219047,63.66098204643084,6171183
2020-12-08,63.41484832763672,65.35639568501905,63.00466278045095,65.05559573217201,7265007
2020-12-09,64.75480651855469,67.18857921853728,63.57893716865054,63.79770319543781,21220306
2020-12-10,62.649192810058594,64.09852128794022,60.32480004960488,63.98913564472142,18517313
2020-12-11,64.1805419921875,65.13764530865065,62.840599435456475,62.89529224572145,9602640
2020-12-14,66.36820983886719,67.05185434429649,64.3719691348041,64.59073516790973,11986780
2020-12-15,66.1220932006836,66.50493243035851,64.48134544868729,65.95801999022196,8569621
2020-12-16,65.76660919189453,67.4893965246011,65.35642347032444,66.64167867125033,7142817
2020-12-17,64.78215789794922,66.12210056687827,64.53604544694247,65.62987566486476,4526148
2020-12-18,64.26255798339844,65.30169492392638,63.250762222328554,64.7821290615582,9869700
2020-12-21,60.27009582519531,64.28992322077538,57.83631809260133,63.96177159739657,9426968
2020-12-22,60.76231002807617,61.06311522141577,57.75427895785081,59.805212077982276,21368001
2020-12-23,62.102256774902344,63.03201360584629,60.734967931254545,61.36392476333523,8095772
2020-12-24,62.43039321899414,63.797681730330666,62.074900500995014,62.34835403062892,5620163
2020-12-28,63.90707015991211,64.34460208575506,62.59446916659132,62.89527432153033,4832227
2020-12-29,63.57892608642578,64.42664364048953,62.78589611768132,64.26257045294649,4600443
2020-12-30,62.649192810058594,63.688335557458856,62.129621436358455,63.44222307601114,4883026
2020-12-31,62.51243591308594,63.25076778661193,62.074903982184594,62.15693795935857,5647660
2021-01-01,62.92261505126953,63.442186122330924,62.40304398020813,62.78588307688942,4773375
2021-01-04,64.83683776855469,65.16498940271319,63.168748840979376,63.44220766681258,7029263
2021-01-05,64.86416625976562,65.32904457056284,63.71564368107791,64.53601993202162,7842203
2021-01-06,64.94622802734375,65.79394575380475,64.09851030088275,65.46579931198472,7309940
2021-01-07,65.24701690673828,66.23146120097043,64.91886533146601,65.62985606472898,6727071
2021-01-08,66.1494369506836,66.64166177811033,65.49313891937899,66.01270493429111,8423411
2021-01-11,65.49313354492188,66.6689974946456,64.75479636437075,66.58696350733503,5247801
2021-01-12,66.42289733886719,66.83308296616111,65.08294962549074,65.43844766072718,7341978
2021-01-13,66.23146057128906,67.35263685113878,64.80948433407458,67.16121727396332,6954795
2021-01-14,66.1220932006836,67.10654289504004,65.98536117880447,66.69635204519598,3574333
2021-01-15,66.39554595947266,68.03628834569638,65.62986235432015,66.45023354743202,13860241
2021-01-18,64.2078857421875,66.77839034461724,63.606280501530854,66.77839034461724,9514675
2021-01-19,66.88777160644531,67.16123043419117,64.48134539702713,64.48134539702713,9711963
2021-01-20,66.42289733886719,67.18857578560431,65.8486332880211,66.72369735045967,5340328
2021-01-21,64.91885375976562,66.94244000183143,64.53601467001549,66.69632766819451,5220681
2021-01-22,63.250770568847656,65.11028396486951,62.922624214133364,64.83682519207942,7414443
2021-01-25,62.48508834838867,63.934410886508175,61.55533170864049,63.52422536092326,6653710
2021-01-27,61.008426666259766,62.48510111911913,60.70762666777557,62.34836910545085,6376865
2021-01-28,60.21539306640625,61.22718374099438,59.55909514391313,60.1607002689171,9095290
2021-01-29,60.05132293701172,61.7467633819227,59.77786934352317,60.76231375482645,7342738
2021-02-01,63.66097640991211,64.04381565299357,59.31299706196821,60.817012844754096,8915563
2021-02-02,65.05561828613281,66.17679493784138,64.04382205089155,64.28993450768553,7340347
2021-02-03,68.33708953857422,68.88400711240199,64.97356054217326,65.76658528685174,13578550
2021-02-04,69.37623596191406,69.67703595097966,68.33709355374461,68.63789875860306,8767693
2021-02-05,68.99340057373047,72.30224261249404,68.58321492351509,69.86846468506822,15815107
2021-02-08,70.05988311767578,70.25130272255525,69.07543347453218,69.18481387055199,7555363
2021-02-09,68.88402557373047,70.27866106654861,68.4738398913237,70.00520220634613,6669290
2021-02-10,69.5403060913086,70.14191125870748,68.5011637289556,68.88400812256637,9913891
2021-02-11,69.73172760009766,70.2239523941546,68.96604400758766,69.51296160449377,7832261
2021-02-12,69.157470703125,70.08722229794647,68.52851388479677,70.00518830722885,6086160
2021-02-15,71.70062255859375,72.19284735950238,69.26685017164866,69.54030897390821,14528595
2021-02-16,73.12258911132812,74.32580446420974,72.13813971208029,72.43894485424863,10657770
2021-02-17,71.09901428222656,73.14994738652156,70.85290189244775,72.71241540820203,8762018
2021-02-18,71.64593505859375,72.71241865134111,71.04432464972676,71.50920304939996,10356158
2021-02-19,67.98157501220703,72.02874707288174,67.27058448006836,71.91936150680309,11552552
2021-02-22,66.53227233886719,69.26684991993989,65.95801355042246,68.11832712725764,7100868
2021-02-23,66.61429595947266,68.03627200495454,65.49311983079707,66.66898353429733,7744253
2021-02-24,68.03628540039062,68.74727617101195,66.94245545166267,67.16122144140826,3874747
2021-02-25,70.96229553222656,71.61859357403921,68.2277177501106,68.63790337426936,13553315
2021-02-26,67.81751251220703,69.86844541337207,67.51671256677479,69.86844541337207,10754685
2021-03-01,69.37623596191406,69.73172875473445,67.37999035120734,68.58320595484828,9094408
2021-03-02,70.8802490234375,72.00142538140828,69.7590726654667,69.9778386568807,9406738
2021-03-03,73.04057312011719,73.47811038213614,70.85291288898945,71.0990253169655,9553838
2021-03-04,73.12258911132812,75.85716613964611,72.19283250443667,72.41159845807043,21832872
2021-03-05,70.30597686767578,72.71240770943358,69.70437176513236,72.71240770943358,11655626
2021-03-08,73.14994049072266,73.83358479437427,70.63412924465304,70.79820241710763,11965602
2021-03-09,72.43895721435547,74.27112434457902,71.64593245304282,73.99766555192917,9034031
2021-03-10,73.50544738769531,74.0797114255534,72.73976895827536,73.0679153663716,6480653
2021-03-12,75.31027221679688,76.84163426543078,73.56013894542224,74.51724218174081,32011162
2021-03-15,74.84540557861328,76.62288031676184,73.56015052171377,76.40411427538655,20055378
2021-03-16,75.9665756225586,76.37676126268757,75.03681872317644,75.47435076808647,10440081
2021-03-17,74.21641540527344,76.51346041879447,73.83357630828377,76.29469447540158,10219120
2021-03-18,72.19284057617188,75.91186741955457,71.29043026456195,74.90007151100168,18335585
2021-03-19,71.90174865722656,72.57127775707852,69.54383313676372,71.61064735876622,32894595
2021-03-22,70.7082290649414,72.45482552223712,70.47534361485427,71.90173923516434,6339217
2021-03-23,70.21336364746094,71.4359845870432,68.69964142658861,70.73733929102893,14918430
2021-03-24,68.03013610839844,70.38804676038616,67.8263612537724,69.54385330525523,10959025
2021-03-25,66.13794708251953,68.17565019942941,65.61397151604876,67.79722247604036,10610125
2021-03-26,66.69107818603516,67.91369966629782,66.22531815091583,66.37086607977902,11771360
2021-03-30,64.68246459960938,67.76813082023008,64.15848888605282,67.76813082023008,15827626
2021-03-31,66.22529602050781,66.86571446671483,64.7406843225638,64.91534288929377,8420960
2021-04-01,66.60374450683594,66.83662451883441,66.05065794852545,66.7201872889839,5493510
2021-04-05,64.88623809814453,66.57461905824941,63.86738627429081,66.37084425164205,13123485
2021-04-06,66.5746078491211,67.38968472913344,64.65334171923314,65.11910707504782,12535383
2021-04-07,67.85546875,68.2047915034592,66.37085676431778,66.54552091719579,8260280
2021-04-08,67.0403823852539,69.25274471430342,66.80750243231691,68.00101288515603,10589318
2021-04-09,66.31263732910156,68.00101851577,65.90509321349435,67.06949862689038,6777983
2021-04-12,60.98550033569336,65.20645033445516,60.60706692784323,65.20645033445516,16140737
2021-04-13,64.01293182373047,64.21670107062013,61.16015126268405,61.94612311694038,7915188
2021-04-15,63.721832275390625,64.97356402910349,62.877644578979265,62.877644578979265,7988110
2021-04-16,63.518070220947266,64.04205153093139,63.168753049155406,63.663623669440824,3785395
2021-04-19,61.18925094604492,61.946111978614674,60.781706973249165,61.6550107272733,3943238
2021-04-20,61.45124435424805,63.05229298210476,60.98548455151538,62.00433064980884,3241082
2021-04-22,61.94613265991211,62.23722845614399,60.89817002612882,60.89817002612882,3407792
2021-04-23,62.17900848388672,63.2269654955246,61.538584449351085,61.684137890061926,4144846
2021-04-26,62.266334533691406,62.87764787554589,62.062565270505246,62.41188797332152,3753260
2021-04-27,63.168739318847656,63.372508550151174,61.65501709731418,62.55742607264197,8512015
2021-04-28,62.84852600097656,63.72182427413164,62.673867456804544,63.72182427413164,5183063
2021-04-29,62.38275909423828,64.36224087761202,62.23720569705234,63.634490548565466,6833430
2021-04-30,63.11052703857422,64.42047466511147,61.50947253641189,61.74235248461602,8686218
2021-05-03,62.266334533691406,63.02319576288001,61.771463943541015,62.87764787554589,5688356
2021-05-04,62.761207580566406,65.06090204607747,62.2663369710448,62.44100110543799,15577337
2021-05-05,63.547157287597656,64.04202772391972,63.0231761723985,63.256056051120986,6123853
2021-05-06,63.372520446777344,64.30404028034621,63.2269670025971,63.92560687777375,6547287
2021-05-07,64.56602478027344,65.09000602484197,63.51806229113639,63.92560079144718,6588607
2021-05-10,66.5746078491211,66.83659288034305,64.68245240098997,65.11910707504782,8595907
2021-05-11,68.11744689941406,68.37943752825109,65.3811034161695,65.73042610538413,13970076
2021-05-12,67.09860229492188,69.42740751838961,66.66195305061429,68.7869834445952,9602901
2021-05-14,66.05062103271484,68.17565064855525,65.90506763637994,67.68078020560527,5807063
2021-05-17,67.30237579345703,67.5061450666178,66.07975460219618,66.89483169483923,6512163
2021-05-18,67.76815032958984,68.84521830631624,67.53527031686812,67.85547686417458,5530185
2021-05-19,67.7972412109375,68.81608749864321,67.36058645643979,67.70990914957879,4018376
2021-05-20,68.11744689941406,68.61231747029557,66.95304718919162,68.37943752825109,6714203
2021-05-21,69.19452667236328,70.00960377077195,68.58321329626047,68.69965605448817,13717878
2021-05-24,69.48563385009766,70.155163109236,69.28185900608894,69.54384968180338,5159137
2021-05-25,69.25275421142578,70.06783138233457,69.07809005854806,69.86406208960737,3692022
2021-05-26,68.69965362548828,69.57295207213376,68.64143224843295,69.5438413836061,3259305
2021-05-27,68.17567443847656,68.96164639606712,67.68080382284136,68.96164639606712,13366623
2021-05-28,70.1551513671875,70.94112326278069,68.43765969265239,68.93253026925227,13619533
2021-05-31,70.03871154785156,70.88290485300868,69.8640529700693,70.50447145680167,5898113
2021-06-01,69.3691635131836,70.5917843298543,68.81607168956494,70.09691386709962,3864220
2021-06-02,70.79556274414062,70.94111616522278,69.54383108431044,69.54383108431044,4904852
2021-06-03,70.30070495605469,71.20311412110611,69.98049847624074,70.88290764129216,3443408
2021-06-04,71.14488983154297,72.10552026130782,70.32980727962604,70.44625002374087,8739158
2021-06-07,73.21168518066406,73.35723858419018,70.7373328436662,71.58152592723384,10492131
2021-06-08,72.62950134277344,73.9103382113978,72.33840003543314,73.44457834057155,9890256
2021-06-09,75.33672332763672,77.4326481544776,72.48394292698688,72.8623762661866,30709618
2021-06-10,76.1227035522461,76.76312756559288,74.57987599782888,75.80249709786855,13387805
2021-06-11,75.97716522216797,77.28711299616432,75.48229458249025,77.02512233090573,6998777
2021-06-14,75.42406463623047,76.21003654275725,73.35725579198886,76.21003654275725,5913466
2021-06-15,74.43431854248047,77.37443116124543,74.2305492955267,75.68605026210565,20101736
2021-06-16,75.24939727783203,77.37442724904064,74.87096393637033,75.10384385715628,23361322
2021-06-17,73.93946075439453,74.92920202669048,73.59014357140569,74.92920202669048,10192453
2021-06-18,72.39661407470703,74.43431191511078,71.63975297319877,74.05588414050418,16223613
2021-06-21,72.42572021484375,72.62949499878974,71.26132063948519,71.63975397166118,7503727
2021-06-22,72.01820373535156,73.47370503692042,71.9017665184204,73.06616644921613,6278636
2021-06-23,71.69799041748047,73.50281444285012,71.58155320258709,72.51307313092109,7615723
2021-06-24,71.31954956054688,72.10552143927531,70.76645762155698,71.90175218604107,6541807
2021-06-25,71.90174865722656,72.33839782876935,71.17399818722343,72.19284440339145,3360660
2021-06-28,72.28019714355469,73.26993851018388,71.84354784705287,72.30930783696108,7278011
2021-06-29,72.22195434570312,72.97881549299792,71.90174791775581,72.42572358684107,4777448
2021-06-30,74.9874038696289,75.86070215185552,71.37776245623978,72.42571928445271,34196573
2021-07-01,72.11918640136719,76.61370050906933,71.8530634844723,76.58413066942876,28813646
2021-07-02,71.58695983886719,72.74016133581155,71.32084249020346,72.41489865207446,6938495
2021-07-05,72.82884216308594,73.00626119247593,71.70521650963242,72.08961312690415,7521745
2021-07-06,71.85308074951172,73.39067894105783,71.73480700240056,72.82886313263297,4169183
2021-07-07,72.00091552734375,72.29660829556165,71.32082610835188,72.29660829556165,3022717
2021-07-08,71.7939453125,73.30197362824234,71.4391127982606,72.00092859585986,4457192
2021-07-09,71.9417953491211,72.08963895337517,71.26170574575717,71.91222550029588,5732168
2021-07-12,73.03585052490234,73.80464396464654,72.3557553437879,72.56274426665755,6308296
2021-07-13,73.47937774658203,73.68636100369174,73.03584138993682,73.27239448947232,3567562
2021-07-14,73.27239990234375,74.18904252577533,72.9767070961129,73.56808706870342,3029701
2021-07-15,74.33688354492188,75.3422356675074,73.15411800066568,73.27239737502678,9950891
2021-07-16,75.43094635009766,75.72663915064463,73.77507456285406,74.66214732462393,7178616
2021-07-19,75.16482543945312,76.99811634084666,74.21861296384532,75.10568574975983,10691788
2021-07-20,75.43094635009766,75.99276210714982,73.98205783127561,74.8987004370873,8934925
2021-07-22,76.19975280761719,76.79113282651959,75.63793699576904,75.6675068426949,7174287
2021-07-23,75.96319580078125,76.73199486205863,75.78577672826786,76.46587189315987,4504678
2021-07-26,75.57880401611328,76.28846348576315,75.16483740211888,75.93363657087427,2716888
2021-07-27,73.24283599853516,75.84492049670783,73.03585270934629,75.63793720751896,4756245
2021-07-28,74.24819946289062,75.01699868173482,72.53318755619892,73.30198677504313,7350438
2021-07-29,75.46051788330078,75.90405427411415,74.30731649934059,74.60300930650656,4151460
2021-07-30,76.85026550292969,78.00346122837827,75.3126674424175,75.3126674424175,9487957
2021-08-02,79.00882720947266,79.24538036483534,76.93898851001723,77.47123451955127,12187708
2021-08-03,78.06260681152344,79.77761842702361,77.70777993376288,79.21580826392412,7285256
2021-08-04,77.35294342041016,78.77226213787958,76.87983718125368,78.56527886323254,4678216
2021-08-05,77.91476440429688,78.62442381048447,75.96319962731306,77.20510499810928,7951622
2021-08-06,78.97925567626953,80.25073097418876,77.4712328679028,77.4712328679028,14578285
2021-08-09,77.70777130126953,79.60019614542203,77.29379913670799,78.97924071851517,3627888
2021-08-10,75.87448120117188,78.71312413336959,75.40137498578409,78.06259885730816,6318270
2021-08-11,76.22930145263672,76.55455839861318,73.95247463145122,76.05188242042769,5097753
2021-08-12,76.67285919189453,78.29916129611685,76.08147353224734,76.4658759029795,12384273
2021-08-13,75.904052734375,77.38251110034267,75.22396323959893,77.38251110034267,8519075
2021-08-16,78.18089294433594,78.32873654951644,75.697082026174,75.697082026174,8823966
2021-08-17,76.02233123779297,78.15131502779884,75.46052108420493,78.15131502779884,5927247
2021-08-18,75.81535339355469,77.2346779019786,75.69707964111127,76.28845968307205,3960503
2021-08-20,73.56807708740234,75.9631834170337,73.36109384308442,75.10567495929325,5047470
2021-08-23,72.82884216308594,74.92825555857456,72.32616619288753,73.92290361817774,6366702
2021-08-24,74.07076263427734,74.33688559405468,72.65144394204569,72.82885736860686,3020803
2021-08-25,74.42558288574219,75.19438179421665,73.77506333543467,73.92290689327312,3471362
2021-08-26,73.71593475341797,74.98740984576712,73.39067210936463,74.42559408963983,3321740
2021-08-27,74.69173431396484,74.98742718238738,73.77509149774012,73.77509149774012,2852005
2021-08-30,76.76155853271484,77.35294415722925,75.1056866798943,75.34223980172581,6116966
2021-08-31,77.6642837524414,78.08555847854274,76.61110554622734,76.61110554622734,5871491
2021-09-01,77.81475067138672,78.3563855722931,76.91202392342267,77.69438480924744,5188365
2021-09-02,77.21292114257812,78.17582493638322,76.76156070665189,77.63419011752802,2914165
2021-09-03,77.3633804321289,78.6873761504795,76.97220287909983,77.33329470750813,3714065
2021-09-06,77.24300384521484,78.11563315714629,76.8217349180313,77.66427277239839,4920148
2021-09-07,76.76155090332031,77.48372865644374,75.70837286108916,77.24300273873594,3504477
2021-09-08,79.56000518798828,80.01136563380568,76.34029340463543,76.85183677372436,8769730
2021-09-09,81.36546325683594,82.38854438826141,79.56001550019297,79.92110160790544,15625476
2021-09-13,83.47180938720703,84.04353572077525,80.4025489514532,81.24509271990323,14745376
2021-09-14,83.20097351074219,84.61524329928606,82.86997896097628,83.6523338890474,10350556
2021-09-15,82.71954345703125,84.73562570107111,82.59918333615728,83.41162993529684,9185468
2021-09-16,82.05754089355469,83.29126215063637,81.36545447896927,82.8098102327196,5568547
2021-09-17,83.23109436035156,83.9532723685437,81.3353778062673,82.38855048111377,15381280
2021-09-20,80.31227111816406,83.17089098049033,79.74054484995513,82.14780428553084,6118583
2021-09-21,80.28218078613281,80.9441757053804,78.747550722125,80.31227224692034,4760286
2021-09-22,81.24507904052734,82.1177141258549,80.28217531834444,80.28217531834444,3584585
2021-09-23,83.20097351074219,83.98333417817189,81.48580062956722,81.48580062956722,7386392
2021-09-24,81.33536529541016,84.19398542070954,80.94418201404346,83.4718075236015,4513302
2021-09-27,81.69644927978516,82.38853569601699,80.974271401192,82.0274496264002,3344686
2021-09-28,86.11978912353516,87.05260141747364,81.96725951167646,82.11771681028532,30536098
2021-09-29,86.81187438964844,89.15895082490185,84.46479221503601,86.3304225188601,18152508
2021-09-30,85.51797485351562,88.10578310026506,84.85597993104082,87.53405682123359,9363165
2021-10-01,84.19398498535156,85.51798065954995,83.17089820156549,85.39761480764113,7702117
2021-10-04,85.36752319335938,85.66842632364859,84.34443648016995,85.09670578461163,5645196
2021-10-05,85.7286148071289,87.17297058791385,85.18697995449463,85.60825469507668,7150197
2021-10-06,84.10371398925781,86.54106502881125,83.71253072082803,86.1799732225191,4937873
2021-10-07,84.88605499267578,85.93923303567861,84.37451743911063,84.64532907479158,4454902
2021-10-08,84.1337890625,85.24715006322687,83.50188565567363,85.15687568824075,3437436
2021-10-11,85.4878921508789,86.66143055074663,84.3745366790454,84.64534837647957,7398092
2021-10-12,85.42770385742188,85.96933869699178,84.5550744131722,85.66842981507966,4525123
2021-10-13,85.87906646728516,87.68450820471978,85.60824905879811,86.66142149251519,12481470
2021-10-14,89.64041900634766,92.07777010707044,85.84898077224572,86.3906098862377,40427121
2021-10-18,90.7537612915039,92.52911716951485,90.03158350475759,90.99448722041934,17278336
2021-10-19,86.75170135498047,91.3856833134879,86.21006650379287,91.3856833134879,8172231
2021-10-20,84.52498626708984,86.8419772875449,83.5018994720671,86.8118858242372,10069256
2021-10-21,85.45779418945312,85.87906891430298,83.68243812294445,85.00643374223351,7332303
2021-10-22,82.50889587402344,85.90915053609515,81.69644366419206,85.90915053609515,8740388
2021-10-25,82.11772155761719,83.05053390548277,81.30526931623778,82.62925918438265,6132638
2021-10-26,82.569091796875,84.25417366311649,81.69645652904272,82.11773130012318,8628077
2021-10-27,84.22406005859375,85.2772381004119,83.08061338476968,83.53197376287501,7930611
2021-10-28,80.76364135742188,84.55507973361988,80.37245806451386,84.55507973361988,14515460
2021-10-29,80.10163879394531,81.75662898309056,78.8378261213648,80.94417674942608,8765415
2021-11-01,81.33536529541016,81.57609126111285,80.16182119066981,80.79373043773919,4536018
2021-11-02,81.66634368896484,82.83988756059267,81.30525768181674,81.72652660327573,6294653
2021-11-03,81.72653198242188,83.35143633961346,81.2450801149634,82.14780093160829,5961035
2021-11-04,82.47879791259766,82.74961529452844,81.907071690815,82.4487064546766,578295
2021-11-08,84.46480560302734,84.67544011246373,82.38854049405735,82.44872342228487,3965261
2021-11-09,83.68242645263672,85.30733072325039,83.29124898342899,85.06660480234747,4642695
2021-11-10,84.40462493896484,84.79580824357733,83.14081210908464,83.65235553402091,6480888
2021-11-11,83.95326232910156,84.61526306196698,81.84691149193324,84.58517159780402,7346925
2021-11-12,83.1107177734375,85.63833743198202,82.1478082138021,84.55507350385137,5866050
2021-11-15,81.27517700195312,83.47180201135093,81.1247196962249,83.32135044498207,3936215
2021-11-16,80.07154083251953,81.78671380477743,79.80072344328315,81.30526194377026,2935645
2021-11-17,79.3493881225586,80.6432868209045,79.16883931309205,79.89101733287607,4346170
2021-11-18,77.90501403808594,79.98127910410746,77.72447099649793,79.28919266188689,3888206
2021-11-22,75.85882568359375,78.17581626761,75.6782826771152,77.39345558705807,6845670
2021-11-23,76.129638671875,77.00227367501245,75.2871008639998,76.00927858761784,8165487
2021-11-24,76.1910400390625,77.60312522910273,75.94546076971702,76.74359485885773,8330150
2021-11-25,75.9761734008789,76.68221320302315,75.08594472029228,76.43663388683939,7078463
2021-11-26,73.09060668945312,75.85337525787529,72.87572553541962,75.5157073822822,6955746
2021-11-29,71.49435424804688,73.48968705876035,70.78830854311826,73.36689446483429,5208042
2021-11-30,71.4022445678711,73.5817599493685,71.09526900362687,71.6478238482521,6538992
2021-12-01,73.36688995361328,73.5510729781041,72.0162007788441,72.04689892543803,4936380
2021-12-02,74.62547302246094,74.84035415995349,72.81432364206383,73.36687848422862,4201202
2021-12-03,74.41059875488281,75.4850103966119,74.2878120314388,75.05524808194923,3531662
2021-12-06,74.01155090332031,75.17805138106071,73.7352733958156,74.44131331273935,3840381
2021-12-07,75.30082702636719,75.88407420633362,74.16501910077292,74.65617770236169,3346788
2021-12-08,75.69988250732422,76.12964477062756,75.39290695279111,76.12964477062756,3262947
2021-12-09,76.43663024902344,76.6515114085734,75.54640746587755,76.06826421981565,4107752
2021-12-10,75.60780334472656,76.2217545777095,75.11664470036938,75.82269037482162,5458743
2021-12-13,75.66917419433594,77.23474404243446,75.42359495473642,76.37521377630068,5443335
2021-12-14,76.03758239746094,76.12967099699483,74.90177421092854,75.48502737996267,4066806
2021-12-15,75.11663055419922,76.68220063390767,74.9938438437699,75.97616094749164,2913673
2021-12-16,74.25711822509766,75.76129226936705,73.6124688603692,75.51571295305925,3617648
2021-12-17,73.1520004272461,74.19571387193776,72.38456441527117,74.19571387193776,6007240
2021-12-20,70.6041030883789,72.6915296817163,69.40690495311182,72.6915296817163,4966325
2021-12-21,71.24876403808594,72.0162001308102,70.69621496958555,71.21807174684098,2836747
2021-12-22,71.86270904541016,72.01619390866495,70.8803918684062,71.52503532016296,4194266
2021-12-23,73.91944885253906,74.04224144551027,72.1389972399683,72.1389972399683,3937893
2021-12-24,72.47666931152344,74.53339835484931,72.32317857391824,74.28781902975396,2125032
2021-12-27,73.18270111083984,73.30548783238082,71.55573460114762,72.35386878391706,2722003
2021-12-28,73.76595306396484,74.07292279087726,73.30548676345177,73.61246234543641,2002776
2021-12-29,73.2748031616211,74.19572416167892,73.02922383793414,73.67386736696004,1301091
2021-12-30,72.44596862792969,73.2748010167644,72.16969116498478,73.24410287031799,1639168
2021-12-31,73.5203628540039,74.01152137022935,72.38455512581298,72.38455512581298,2044788
2022-01-03,75.39290618896484,75.66918359973843,73.52036644992029,73.673851298096,4365121
2022-01-04,75.7305908203125,76.3445420118438,74.99385290351843,75.27013035420026,4755762
2022-01-05,76.00687408447266,76.34454785114951,75.57711173057335,75.97617593704086,2384675
2022-01-06,76.22175598144531,76.40593901270304,75.27013682236189,75.42362170589783,2580900
2022-01-07,76.00687408447266,77.4803500307614,75.6692003177958,76.40593829094017,5930956
2022-01-10,77.26546478271484,77.48034594834247,76.12965680787545,76.3445438285757,3473626
2022-01-11,77.17337036132812,77.84871785923846,76.59012315595254,77.35755923625238,3194705
2022-01-12,77.2347640991211,77.72592270586651,76.49802618900299,77.4803434024938,3118431
2022-01-13,78.18636322021484,78.70821983862525,77.1119577014913,77.35753694220968,5889892
2022-01-14,78.12499237060547,78.7082395539879,77.72592234505707,78.27847723884877,3545718
2022-01-17,77.94081115722656,78.55476240064095,77.54174694755831,78.21708863125573,1885543
2022-01-18,76.16036224365234,78.6775518906423,75.82269431751897,78.27848766700352,2923460
2022-01-19,76.43663024902344,77.23476445240361,75.54640746587755,75.9454716400314,2277622
2022-01-20,76.74362182617188,77.14268608343554,76.06828006192808,76.52874062187038,1561897
2022-01-21,74.19571685791016,76.6208117087102,73.67386011456244,76.55942127513639,3539333
2022-01-24,72.1082992553711,74.22642464834654,71.43295755771612,73.85805272367003,5945501
2022-01-25,72.59944152832031,73.36687749765788,71.37154514839455,72.10828297635,9751023
2022-01-27,73.02922821044922,73.48968873804752,71.77062751423975,72.38457878775299,8743302
2022-01-28,73.1520004272461,75.3008236028047,72.906421137617,73.48967414613813,9342948
2022-01-31,74.71758270263672,75.17804321342715,72.78364036021465,73.79666168105587,14026711
2022-02-01,74.90177154541016,75.63850959083175,73.52038990589725,75.02456414718384,5127481
2022-02-02,75.54639434814453,76.34452841293822,75.11662624859628,75.33151322590614,9063503
2022-02-03,74.8403549194336,75.94546461497784,74.65617192186686,75.79197975951755,5991386
2022-02-04,73.61247253417969,75.14734480147321,73.2134083209155,74.9324636208638,6561880
2022-02-07,73.6738510131836,74.13431141100166,72.81432064353733,73.91943028235801,4971912
2022-02-08,72.50735473632812,74.1036171418185,71.70922060604697,73.79664743061738,12602340
2022-02-09,73.85803985595703,74.13431728756247,72.38456412410946,72.81432641546364,11838665
2022-02-10,75.60780334472656,76.00687340268735,73.91944623663281,74.22642185312428,9891332
2022-02-11,74.47200012207031,76.22175349973077,73.76596031267624,74.87106431931437,20292002
2022-02-14,71.95480346679688,74.533388983624,71.64782788525608,74.0729226837767,11266588
2022-02-15,73.5203628540039,73.61245141637657,70.66550031902393,72.445951404109,8548331
2022-02-16,74.042236328125,75.45431591926021,73.73526072198653,73.95014188976165,8549606
2022-02-17,73.05990600585938,74.6561743161566,72.81432671620381,74.2878083092093,6518530
2022-02-18,72.66085052490234,73.91944526643259,72.44596935270052,72.84503355035065,6555887
2022-02-21,72.75293731689453,73.36688262220451,71.70922385728815,71.92410500690026,6946518
2022-02-22,71.95480346679688,72.20038276101506,70.7882974279563,71.83201089215167,7793698
2022-02-23,72.72224426269531,73.4589821936698,72.20038749637098,72.26178378772033,5177465
2022-02-24,68.48599243164062,71.80131598034879,68.20971498132558,71.2180687897481,14322327
2022-02-25,70.36766052246094,72.50886126308089,70.07567804074868,71.92489629965638,16108682
2022-02-28,71.27605438232422,71.47071352112106,69.36194949949557,70.07568729927246,6507098
2022-03-02,71.08138275146484,72.31419888824153,70.27032178333958,70.56230422689701,4704553
2022-03-03,71.37337493896484,72.6061850561415,71.17872201265378,71.50314768177552,5115133
2022-03-04,70.75697326660156,71.60047760840726,69.9459121134698,70.8867460212973,5757978
2022-03-07,68.77798461914062,69.97835159699258,67.73982120025907,69.91346522308025,7027891
2022-03-08,70.40010070800781,70.6920831772778,68.58331952412689,68.77797862890998,6627776
2022-03-09,71.98979949951172,72.31422524257698,70.5298867496712,70.56232994276837,6948758
2022-03-10,72.31420135498047,73.57945452828612,71.69779326556558,72.86571689173067,7067116
2022-03-11,72.96305847167969,73.48213709955863,71.79512846499941,72.02223077911363,6342863
2022-03-14,72.63861846923828,73.41723625763433,71.6329045993814,73.12526000140193,5388115
2022-03-15,71.92488861083984,73.44968103952097,71.43825325597601,72.80083596233729,6903962
2022-03-16,72.96305847167969,73.38481372427216,72.44397984380075,72.67107597000962,6626360
2022-03-17,75.49356079101562,75.88286661314237,73.1252641113804,73.41724038402323,16469111
2022-03-21,74.8447036743164,75.78553734900406,74.61760759777911,75.78553734900406,2983858
2022-03-22,75.55842590332031,75.65574923752344,73.90386115493709,74.84468845034948,5424956
2022-03-23,75.26646423339844,75.98019569483957,75.1042483185906,75.91530932891644,3629767
2022-03-24,75.42868041992188,75.78554927515647,74.81227226667257,74.9420450096324,2556066
2022-03-25,74.58516693115234,75.78553990347217,74.45540039214447,75.78553990347217,2783345
2022-03-28,73.83900451660156,74.68250881720176,73.31992589898687,74.58517925593455,3104293
2022-03-29,72.8332748413086,74.35806717990324,72.41151968754794,74.29318081964716,4159105
2022-03-30,73.22258758544922,73.64434277928967,72.50885611851739,73.64434277928967,7170965
2022-03-31,73.06037902832031,73.8065536904231,72.86571992593339,73.61190077594075,4503957
2022-04-01,75.39623260498047,75.5908855195639,72.9954926987695,72.9954926987695,4902940
2022-04-04,77.21300506591797,77.6672034356993,75.49355969858131,75.62332624144427,8400872
2022-04-05,78.05650329589844,78.5755818035495,77.05078946081251,77.69964068932828,4567358
2022-04-06,79.09466552734375,80.10038561665893,77.40766336017519,77.63475944876109,10211725
2022-04-07,79.35420989990234,80.97633199454863,78.67292159034515,78.67292159034515,10003710
2022-04-08,79.0622329711914,79.87329401190246,78.9649034186604,79.77596445937145,3327718
2022-04-11,78.34851837158203,79.45156220686778,77.99165561633534,78.9649266766903,6080396
2022-04-12,76.6614990234375,78.38095093053515,76.23974993794862,77.99164503437704,4914063
2022-04-13,76.69393920898438,77.44012015855628,76.23974695195353,76.9210353374998,2393980
2022-04-18,77.21300506591797,77.60231707031564,75.36378696781395,76.46683042771888,3597822
2022-04-19,77.01836395263672,78.70537258354261,75.98020669912704,77.47255620407087,6604865
2022-04-20,76.49925231933594,77.40764261817337,75.81796423613486,77.08321706945267,4029047
2022-04-21,77.21300506591797,77.60231707031564,76.79125606673286,77.14812488843869,5186750
2022-04-22,77.11568450927734,77.47254715605247,76.7588156745976,76.8237020423402,2941617
2022-04-25,75.2015609741211,76.69390992768372,74.81224905394217,76.62902976423977,3922097
2022-04-26,77.18058013916016,77.5049996409963,75.49357150282864,76.0450933190176,6052845
2022-04-27,77.01836395263672,77.44011920431586,76.40195576290085,76.40195576290085,11106823
2022-04-28,77.08324432373047,77.99163494374704,76.40194981174183,77.34278361689167,7365985
2022-04-29,76.40193939208984,78.18627720364279,76.14240013432446,77.34277306892932,3601522
2022-05-02,75.81798553466797,76.174848169397,75.20157743772961,75.75309916911564,2918261
2022-05-04,73.8714370727539,76.40194342248076,73.67677797823313,75.94775124440758,5710806
2022-05-05,73.44967651367188,75.13668474862642,73.31990998139284,74.3580669912406,3090858
2022-05-06,73.15771484375,73.4821405483773,71.79513183463985,72.865732328376,3794542
2022-05-09,72.67107391357422,73.48213502017194,71.60047350038144,72.60618753994916,4325805
2022-05-10,71.63290405273438,73.579451602822,71.40580797300657,72.6710610960067,3424755
2022-05-11,70.10811614990234,72.11954400282758,69.42682167926965,71.76268136383376,5434203
2022-05-12,69.03751373291016,69.97834126409685,68.12912319598482,69.42681954308938,4732192
2022-05-13,68.32376098632812,70.27030817031728,68.12910812430009,69.71878657131873,4867995
2022-05-16,68.58331298828125,69.42681713157651,67.64248548977382,69.19972105220934,5227531
2022-05-17,71.0165023803711,71.14627511641365,68.81041537088468,69.1023978390758,2595336
2022-05-18,70.78941345214844,71.79512750675248,70.65964689086337,71.17872551181418,2990963
2022-05-19,70.04324340820312,70.4325493060876,69.42683518399609,69.84859045926089,2681465
2022-05-20,70.627197265625,71.11383265491953,70.1081186919902,70.46498134392368,2682913
2022-05-23,70.52986145019531,71.34092242297295,69.78368684033687,71.14626952211948,2902262
2022-05-24,69.88101959228516,71.17871597071338,69.62147412869507,71.17871597071338,2703722
2022-05-25,69.42682647705078,70.49742684382564,69.23217355252034,69.91346188232937,4257731
2022-05-26,70.23788452148438,71.37337121013564,67.83714459605564,69.94590205331963,6438652
2022-05-27,70.75697326660156,71.2111717201311,70.01079849081766,70.85430283262336,3051265
2022-05-30,71.95734405517578,72.11955380513788,71.04895336683414,71.60047517977276,3105308
2022-05-31,72.24932098388672,72.63862682893638,71.63291284333579,71.697799213479,2722651
2022-06-01,72.02220916748047,72.54128763960004,71.56801086344822,72.54128763960004,6628637
2022-06-02,73.25503540039062,73.5470178798478,71.53558370891004,71.957338929417,4613395
2022-06-03,72.41151428222656,73.83898316178433,72.2168614038925,73.70921045095933,4154056
2022-06-06,71.50314331054688,72.4115277030692,70.23788389711216,72.34664133563058,3598488
2022-06-07,71.1462631225586,71.63289842487181,70.78939434650722,71.04893358693451,1990100
2022-06-08,71.8600082397461,72.44397318944603,70.9840608151962,71.37337284429775,2820192
2022-06-09,71.23657989501953,72.05689982706836,71.07251841202752,71.92565189238364,2968338
2022-06-10,70.67875671386719,70.94125879856637,70.18655982883077,70.71156399822912,2523272
2022-06-13,68.77559661865234,70.05529953156383,68.41466022758595,69.8256110303737,4000275
2022-06-14,67.33183288574219,69.53028961888472,67.16776521399021,68.25058681338628,4683721
2022-06-15,66.97090148925781,68.05372327011064,66.80684004855453,67.88966182940737,3802395
2022-06-16,65.46151733398438,68.25059942519428,65.26463609150096,67.5943473925449,5276112
2022-06-17,64.90370178222656,65.78964236814386,64.47713200146723,65.42870592889722,5611563
2022-06-20,64.50995635986328,65.55996482926808,63.72245000780968,65.49433773529425,6871586
2022-06-21,67.29902648925781,67.52871499553005,64.7068133275171,64.7068133275171,4149736
2022-06-22,66.18340301513672,67.59435410023505,65.9865280116594,67.39747909675775,3505767
2022-06-23,67.00371551513672,67.49590609935956,66.05214162823545,66.47871139082665,2471647
2022-06-24,67.29902648925781,67.75840350180228,67.03652444515491,67.46308791986873,4042927
2022-06-27,68.48029327392578,68.57872763528181,67.6271600104309,67.92247561158462,3052500
2022-06-28,68.21778869628906,68.4802907477932,67.69277833473821,68.0865345412657,2513253
2022-06-29,68.15216827392578,68.34904326714334,67.26622141663198,67.9224797387481,2144728
2022-06-30,68.54590606689453,69.07091012777845,67.88965412006068,68.11934261437963,3723937
2022-07-01,69.49748992919922,69.62873783420508,67.72559627254762,68.44748165498034,3554590
2022-07-04,70.58030700683594,70.71155490303222,69.36623110967182,69.69436023797638,2089563
2022-07-05,70.25218200683594,71.20375590898328,70.120934102927,70.67875177626162,2818668
2022-07-06,69.95686340332031,70.44905397434644,69.36623221467188,70.25217899764452,4788901
2022-07-07,70.67875671386719,70.94125879856637,70.08812545865818,70.87563171275572,3575860
2022-07-08,71.49907684326172,71.63032475694978,70.58031641327169,70.9412591283648,2706067
2022-07-11,72.45062255859375,72.58187669097073,71.23654686827271,71.26936040136695,2493601
2022-07-12,72.28656005859375,72.6474964000896,71.59748839111731,72.51624852823876,1965941
2022-07-13,71.46625518798828,72.54907695181193,71.1709395925325,72.31938843502246,2158862
2022-07-14,70.84280395507812,71.63031005116075,70.41623424144456,71.53186944219713,1571887
2022-07-15,70.48186492919922,71.23655752766986,69.7927994067371,70.97405548217823,1689955
2022-07-18,71.99124908447266,72.12249696463817,70.58029838607794,70.97404828511631,3286612
2022-07-19,73.73033142089844,73.89439911388327,71.99125768505698,71.99125768505698,5551256
2022-07-20,73.07408905029297,74.51784738748376,72.81158696548161,74.51784738748376,2866956
2022-07-21,73.30377197265625,73.53346049694015,72.84439492408845,73.07408344837235,3503995
2022-07-22,73.041259765625,73.79595231448947,72.91000562223535,73.63189089379442,2125152
2022-07-25,74.25534057617188,74.38659473949465,72.84439587170988,72.84439587170988,3790450
2022-07-26,73.79595947265625,75.07565620212517,73.5334574189564,74.61627917278611,4556540
2022-07-27,74.74754333496094,74.97723188037766,73.40221934734008,73.43502663221949,3484760
2022-07-28,75.23973846435547,75.46942702349475,74.68192070992701,75.0428634505995,3538605
2022-07-29,76.09286499023438,76.38818061344504,75.23973166301948,75.33816603172752,3579935
2022-08-01,76.84754943847656,77.11005149108323,76.06004328065657,76.48660676918892,4057097
2022-08-02,78.55381774902344,78.75069272845259,76.8475512378567,77.07723975694785,5682416
2022-08-03,78.38976287841797,78.68507852515854,77.14287945993621,78.19288786677217,5842916
2022-08-04,77.8975601196289,78.9147548234249,77.20849455663436,78.55381840123182,2413611
2022-08-05,77.93038177490234,78.52101303814224,77.83194114484787,77.89756823155085,3030663
2022-08-08,77.24130249023438,78.32412419530579,76.65067133136955,78.19287004509476,5491468
2022-08-10,77.66786193847656,77.96317750261291,77.07723081020386,77.24129848946963,3968892
2022-08-11,78.3241195678711,78.68505594254232,77.63504783705876,78.22567896102876,3437651
2022-08-12,79.24288177490234,80.35851706767882,78.16006002115371,78.4225620748339,7927433
2022-08-16,78.81632232666016,79.89914413594047,78.65225462310681,79.60382852808739,5224048
2022-08-17,78.02880859375,79.6038208445814,77.37255035996574,78.8163147191657,6946226
2022-08-18,77.83192443847656,78.81631175209532,77.01160480639865,78.324121224557,4830492
2022-08-19,78.0616226196289,78.84912874997107,77.56942581194046,78.35693194228263,3745472
2022-08-22,77.30692291259766,77.76630617745137,76.81473236890085,77.76630617745137,3261968
2022-08-23,77.47100067138672,77.8975641957694,76.81474235544381,76.84755589709528,4741901
2022-08-24,77.56942749023438,78.32412635769889,77.40536605648352,78.02881077011332,7315142
2022-08-25,78.8819351196289,79.70225471317642,77.73348643695402,77.76629997172094,8296621
2022-08-26,79.07881927490234,79.96476604111282,78.94756512055596,79.47256922085641,6444737
2022-08-29,77.83192443847656,78.4225555749394,77.2741068383219,78.09442647039981,9660276
2022-08-30,78.48818969726562,78.8491323705328,77.93037204700849,78.29131472027565,10129877
2022-09-01,78.55506134033203,79.55832266561349,78.12031923102099,78.85603910006253,6629637
2022-09-02,77.51837158203125,79.39111731607542,77.38460084032951,78.9229324771994,4320083
2022-09-05,76.54854583740234,78.05343465117465,76.41478148647784,77.58524985512969,6575817
2022-09-06,77.91967010498047,78.22064789161885,75.98003902361091,76.61543728190748,27493893
2022-09-07,78.68885040283203,79.35768506365105,77.81935960308053,77.81935960308053,9377877
2022-09-08,78.02001190185547,79.32424495464555,77.71903406220528,79.0567098059055,7548788
2022-09-09,77.68557739257812,79.05669558046993,76.64887967507114,78.98981658922493,9129032
2022-09-12,77.3177261352539,78.62195904646491,76.81609220459701,77.91967537066948,6201072
2022-09-13,77.25083923339844,77.85279483545338,76.8829760591337,77.61869602912292,11249168
2022-09-14,76.91641235351562,77.48492522170494,76.48167022068367,76.58199189366196,8347970
2022-09-15,79.29078674316406,79.55832821807597,76.84952819145141,77.55181180601551,13238636
2022-09-16,76.18070220947266,79.4914517914607,75.04367632735064,79.2573593531192,20940221
2022-09-19,75.44496154785156,76.68231526015009,75.24431183561427,76.31445213893227,7132998
2022-09-20,75.81283569335938,76.78264809231389,75.54530057862637,75.9800427481149,8388898
2022-09-21,75.47840881347656,76.08036436528474,74.77613158872686,75.64562223261203,5457973
2022-09-22,75.04365539550781,75.81281787224268,74.40825725542568,74.97677003791205,8272416
2022-09-23,73.70599365234375,75.34464694270008,73.30468781171733,75.14399083311689,6848580
2022-09-26,71.23129272460938,73.53878717447198,70.93031491034293,72.97027423402875,7964270
2022-09-27,71.23129272460938,71.73292666741382,70.59590078652735,71.46539154123704,5530678
2022-09-28,70.36180877685547,71.29817853490526,70.16115264709573,70.96375803051293,6655110
2022-09-29,70.06082916259766,71.13096964635473,69.42543085841424,71.13096964635473,5607362
2022-09-30,69.96049499511719,70.36180083077592,69.32509674638246,69.7264025820412,8638088
2022-10-03,69.4588623046875,70.72965232885036,68.95723483142689,70.12769680952186,4781577
2022-10-04,70.22803497314453,70.46212740248856,69.89361448327864,70.16114959946329,5904815
2022-10-06,70.66278839111328,71.53227925172965,70.26148884223885,71.53227925172965,9088675
2022-10-07,70.19459533691406,70.99720072034872,69.89361752080849,70.76310828083118,3965157
2022-10-10,69.7264175415039,70.06083807987784,69.09101915644756,69.7264175415039,4531596
2022-10-11,68.6562728881836,69.96050589482668,68.48905943954932,69.82673513591925,5082987
2022-10-12,68.62281799316406,68.89035308485411,68.25495485013785,68.79002503351794,6681196
2022-10-13,68.18807220458984,69.05756288192676,67.8870944171063,68.62282073252828,6156270
2022-10-14,68.25497436523438,69.22479333648356,68.15464628521293,69.22479333648356,3269811
2022-10-17,68.0877456665039,68.2549527015944,67.45234745178884,68.2549527015944,5176086
2022-10-18,69.6595230102539,69.8267300682122,67.8870988546102,68.45561178162495,9945991
2022-10-19,69.7264175415039,70.62935108155115,69.55920408304632,70.12771708471963,5668398
2022-10-20,70.59590148925781,70.72966586440745,69.19134046821318,69.42543290863051,4492118
2022-10-21,70.52900695800781,71.03063446215565,70.09425844348385,70.76309936804083,6880515
2022-10-24,71.06407928466797,71.43194244209786,70.86342955267892,71.23128633156885,893367
2022-10-25,71.03063201904297,71.26472442102431,70.22802676430423,71.09751738490608,8853457
2022-10-27,73.50534057617188,74.2076242316149,70.82998945672276,71.23128893537002,17172982
2022-10-28,76.11382293701172,76.3144727033179,73.07060823744685,73.83977099040477,12748801
2022-10-31,77.08363342285156,77.25084687247994,75.5787506474416,76.34791338010942,10310606
2022-11-01,77.51837158203125,78.45474125978332,76.81608794517716,76.91641600145347,10103050
2022-11-02,77.65215301513672,77.9865735643653,76.58201236043841,77.48494592979314,4746558
2022-11-03,78.1203384399414,78.28754551266631,77.05019786600374,77.38461201145354,3795318
2022-11-04,78.22066497802734,78.58852821506086,77.68559465791023,78.3209930550023,4225950
2022-11-07,79.5917739868164,79.72554474017679,78.32098372259577,78.62196153911603,8162465
2022-11-09,79.09014129638672,80.26060979832026,78.65539913320349,80.05996005981571,4078612
2022-11-10,78.1203384399414,79.09015094311955,77.85280329645698,78.92294387039466,10101016
2022-11-11,80.46125793457031,81.39763399317879,78.82260461591054,79.25735314897663,17573801
2022-11-14,80.76224517822266,81.33075814132157,80.29406028339089,80.92945862533458,4543771
2022-11-15,80.76224517822266,81.59829327815983,79.92619707828548,80.96289493621614,6537251
2022-11-16,80.59502410888672,81.36418669636214,80.12683291684715,80.79567383202385,6465222
2022-11-17,82.30056762695312,83.4710297307459,80.36093651111644,80.49470087503272,17078585
2022-11-18,83.50447082519531,83.87233398140066,81.89926021754648,82.60154384498033,15120156
2022-11-21,83.63825225830078,84.50774304324378,82.66843340560025,83.87234470452759,9337696
2022-11-22,83.93922424316406,84.20675936003028,83.20349788787672,84.03954592540119,10895381
2022-11-23,83.63825225830078,84.40741497548623,83.43760250132648,83.87234470452759,7379707
2022-11-24,88.4694595336914,89.08621127277036,83.70677571464361,83.9123574492281,19050102
2022-11-25,93.54053497314453,93.84891089461003,87.74993497079599,89.01769683875271,30599963
2022-11-28,92.23848724365234,95.35650392564943,91.69026496123473,93.36919651805431,11799066
2022-11-29,92.16996002197266,92.9922934652046,90.52529313550879,92.51260059048394,8619105
2022-11-30,93.12936401367188,93.4720046252552,91.89586042610236,92.51261221988712,7625332
2022-12-01,94.91107177734375,95.32223520418948,92.27274806967176,93.64330371803227,8592753
2022-12-02,95.45930480957031,95.73341597017672,93.8831607345893,95.59635712221073,6577405
2022-12-05,94.67123413085938,96.55575417053198,94.46565238418948,95.5963617938627,8541500
2022-12-06,94.5341796875,95.25371905234073,93.57478733238662,94.43138554881172,4243621
2022-12-07,97.30955505371094,98.13188854857701,94.1572733890615,94.1572733890615,17939875
2022-12-08,99.0570068359375,99.29685326573043,97.20675828087408,97.85776815164775,11325155
2022-12-09,97.24102783203125,100.6674207392749,96.5214884584665,99.74229962116675,9022553
2022-12-12,99.53671264648438,99.77656564281023,96.3501726906376,97.41235267591986,7145238
2022-12-13,99.36539459228516,100.05067578981057,98.02910344596904,100.01641107640171,6940876
2022-12-14,100.22199249267578,101.28417246356163,99.57097601069538,99.57097601069538,8174452
2022-12-15,98.33747863769531,100.87300859413351,97.9263086150151,100.4618385714533,6736632
2022-12-16,97.03543853759766,98.3374714008274,95.28797750662636,98.26894197953628,8429702
2022-12-19,98.88571166992188,99.29687520173411,96.59002792210293,97.2067797551478,5322128
2022-12-20,97.10395812988281,99.1255301060667,96.35015417795775,98.88568369115076,7110931
2022-12-21,94.2943344116211,97.96057377811151,93.57478850245732,97.48088086221955,6608451
2022-12-22,94.05447387695312,95.63061124203358,93.02655223703884,95.39076481998437,8076792
2022-12-23,90.31971740722656,93.67758082393823,89.80575325266143,93.40346965798882,10022860
2022-12-26,93.40347290039062,93.98595996516924,89.42885758848685,90.28545582873035,6778067
2022-12-27,93.54053497314453,94.43139802011969,92.54688430923196,93.95170504687407,3590696
2022-12-28,94.36285400390625,95.25371031619729,93.40346173678302,93.54051404047196,3596935
2022-12-29,94.842529296875,95.21943449900361,93.33491502368452,93.88313720751307,4492741
2022-12-30,96.72706604003906,98.13188654872177,94.73975850078116,95.49356909054055,6596933
2023-01-02,102.5862045288086,103.16869157909323,96.72706931296595,97.61793224489104,17071628
2023-01-03,106.9034652709961,108.13696231916897,102.55194454949799,103.40854280796647,38370371
2023-01-04,105.87554168701172,107.65726760361034,103.95676344969642,107.58873817558901,17767510
2023-01-05,107.52021026611328,108.27402091434223,104.57351670816479,105.8755431823291,14238477
2023-01-06,107.6915283203125,110.19279353231482,105.6699560160022,108.03416891237498,26643681
2023-01-09,109.16487121582031,110.87806752976438,108.1712142167766,109.02781237374865,19991886
2023-01-10,106.28668975830078,109.64455261361483,105.29303286328408,109.64455261361483,13101983
2023-01-11,104.02528381347656,106.38949005627347,102.92883920197792,105.94406188359918,13945553
2023-01-12,102.27783203125,104.81336205893372,100.97579903561517,104.4021920247001,12366553
2023-01-13,104.67630767822266,105.36158891947169,101.07859749998096,102.27783640450362,12919452
2023-01-16,103.1344223022461,106.18390973538418,102.68898758833183,105.01893568636672,9237775
2023-01-17,102.75752258300781,104.43645432460903,101.76387203751257,103.47706849245166,9592017
2023-01-18,103.95675659179688,104.16233832697291,102.65472368658911,102.99736426876618,7077216
2023-01-19,104.19660949707031,104.67630242065538,103.03163536665579,103.81970417978152,6111051
2023-01-20,103.06591033935547,104.64205465781683,102.79179913640478,104.50499578867819,5755195
2023-01-23,103.47706604003906,104.16234068457815,103.13442545010669,103.37427190246164,3157921
2023-01-24,102.34635925292969,104.02529099714454,102.00371865434332,103.7511798253406,3337365
2023-01-25,98.3031997680664,102.38060201789318,97.58365396582795,102.34634384498527,20025671
2023-01-27,93.26640319824219,98.6801031855623,91.17630817914483,98.44025675184008,21800482
2023-01-30,93.02656555175781,95.80194195964363,91.89585616074316,93.50626499983957,9150842
2023-01-31,96.93265533447266,97.30955409800609,92.20422961627487,93.78037370078268,11876770
2023-02-01,93.43773651123047,98.85143706424898,92.30702710886982,97.30955763588182,9818522
2023-02-02,94.87682342529297,95.97326813300046,91.96438808586622,93.12936222163692,6125063
2023-02-03,96.96690368652344,97.20675664761144,92.95802426003043,95.25370746213027,7357431
2023-02-06,98.2689437866211,98.54305494150088,96.89838801222218,97.06970503327501,3597581
2023-02-07,98.20040893554688,99.94786990205282,97.41234022574766,98.16614422616537,6830677
2023-02-08,98.406005859375,98.68011704144968,97.1382440930269,98.406005859375,2894798
2023-02-09,99.605224609375,99.94786515157936,96.62426692344398,98.40598597932211,5719365
2023-02-10,99.91361236572266,100.42756997269329,99.19407302302888,99.39965475875202,2816965
2023-02-13,96.86412811279297,100.35905041261891,95.6306245868954,99.70803393669233,9662873
2023-02-14,98.406005859375,98.91997004417534,93.67758633475526,97.92631292457584,13028332
2023-02-15,101.66108703613281,102.27783886100478,97.96058262222745,98.37174614859116,8034723
2023-02-16,102.96308898925781,103.6483700832772,101.24989278953423,101.76385687771119,7753257
2023-02-17,101.76387023925781,103.20295549738981,101.18138319345853,102.51767431339334,3626445
2023-02-20,100.90726470947266,102.38060803816948,100.59888885256919,102.31208515299946,4501741
2023-02-21,102.51766204833984,104.09379943350908,100.73593641137248,101.07857696237774,7102333
2023-02-22,100.29051208496094,102.20929009412798,99.22832568290536,102.20929009412798,6770372
2023-02-23,101.11285400390625,101.8323933669882,99.39965757524364,100.29052050238728,5847310
2023-02-24,101.56910705566406,102.48161536922537,100.27053573025734,101.77968383752737,5354430
2023-02-27,100.65660858154297,101.77969378675203,98.19985467456122,101.07776218643843,4602553
2023-02-28,102.06045532226562,102.48161558097767,99.77918788070629,100.37582767564783,7016653
2023-03-01,104.90325927734375,105.32441951182537,101.35851795770152,102.23592897659965,5703165
2023-03-02,105.53500366210938,106.41241474236517,104.23643901203535,105.18403789118399,5360617
2023-03-03,108.90426635742188,109.14994039033789,105.78067834060518,106.09654686695872,10126691
2023-03-06,113.53697967529297,113.71247258839685,108.9042572939322,109.67637657513987,14983856
2023-03-08,118.2048110961914,119.04711815953212,112.9754356407194,113.18601910066927,24643768
2023-03-09,118.02933502197266,119.74905313633626,116.90624997922058,118.94183659862256,16279688
2023-03-10,117.25723266601562,118.2750328749546,115.50241025952738,117.22214210870816,9978958
2023-03-13,114.73027801513672,118.09954703147473,114.13364485501097,117.8538729786898,9129677
2023-03-14,113.04564666748047,115.4673099524233,112.7297781254545,114.44950982942505,10418103
2023-03-15,112.90524291992188,115.46729486391327,112.51919331965333,114.09852243517541,7583436
2023-03-16,111.01006317138672,112.58941271869674,108.86918437431063,112.37882920886005,10848187
2023-03-17,109.43070983886719,112.30861708049648,107.43021366817928,111.67688003836025,18491806
2023-03-20,105.8859634399414,108.86916228278662,105.00855240934665,108.16723078066482,11097073
2023-03-21,108.20233917236328,108.5884022077146,105.14894552591734,106.693190973207,8820185
2023-03-22,108.16724395751953,109.74658668263046,107.74609036023377,108.44801525374861,5507520
2023-03-23,106.9388427734375,108.93934533625358,106.37730030833221,108.79895637292016,7369057
2023-03-24,103.9907455444336,106.76336743148558,103.3941058152018,105.9912481853504,5821246
2023-03-27,104.5172119140625,105.49990805498548,102.62200073808464,102.83257752626594,8986618
2023-03-28,102.97295379638672,105.28931826263555,102.06044556815013,104.58738679657215,4765107
2023-03-29,106.09656524658203,106.37733657485619,102.27105171502376,102.83259437157209,5628897
2023-03-31,106.51769256591797,107.78115980442277,105.74556663193314,106.37730359824275,7727412
2023-04-03,108.83406829833984,109.50090257591874,106.44750915257548,107.00905169344767,7675828
2023-04-05,109.99225616455078,110.51870148636435,107.25473111935852,109.5009080900735,6330727
2023-04-06,110.44850158691406,110.97495357708127,108.0268518862515,109.50090273166639,9854273
2023-04-10,116.80096435546875,117.11683289513181,110.0273561121008,110.90476723469472,16722371
2023-04-11,118.766357421875,118.97694088859934,116.06392984594682,117.22211883058596,10391460
2023-04-12,116.45000457763672,119.39810646776289,116.09904548595337,118.31011186237461,8579281
2023-04-13,113.43170928955078,116.02885211313402,111.88746383355644,115.81826862314685,12129911
2023-04-17,116.09904479980469,116.45000388941386,112.20333062516426,112.79997044926162,11241922
2023-04-18,113.53697967529297,118.06442371348984,112.69467260060445,116.8009497132275,23685972
2023-04-19,113.3966064453125,115.57258205308727,113.01054344962684,113.67737101330125,8270541
2023-04-20,112.3086166381836,114.41439784485738,112.09803985633926,113.39661118162894,4857083
2023-04-21,109.99225616455078,112.48410047838892,109.74658212731214,112.44900992516808,6926976
2023-04-24,112.87015533447266,113.29130888379066,109.36051118428603,110.20282497703703,8223696
2023-04-25,113.85285186767578,115.3971038684017,113.04563531649177,113.36150382680117,8897916
2023-04-26,116.06392669677734,116.34470464479142,113.36149919417427,113.85284721496949,11517041
2023-04-27,115.71295928955078,116.83604422400361,114.62496490194962,116.44998126749262,10998576
2023-04-28,119.25772094726562,119.5384989393704,115.71298582044795,115.78318031847415,18511696
2023-05-02,121.85484313964844,123.08321317604437,119.29280464357313,120.10002115152322,26929266
2023-05-03,119.64374542236328,123.01299991207408,119.36296752077376,122.10049850836262,13017456
2023-05-04,122.41641235351562,124.55729778832013,119.99474891299084,120.02985285782198,12978156
2023-05-05,118.52069854736328,123.7500614509532,118.16972605798144,122.41640615599678,12554473
2023-05-08,119.85435485839844,121.3985934875775,118.20481779915863,118.48558237345023,7231975
2023-05-09,116.87114715576172,121.0476322498071,116.66057707588037,120.31059680553268,11499542
2023-05-10,116.02883911132812,117.88894620563451,115.29180367307842,117.74855722804125,11856128
2023-05-11,115.5374755859375,118.34520153375779,114.87064803685644,116.52018502296642,12099816
2023-05-12,115.57260131835938,115.95866437839946,111.3610249906443,113.8177789641641,28062578
2023-05-15,120.13511657714844,120.73176303921011,115.32690788320838,115.99373544600216,15177651
2023-05-16,117.4327163696289,122.38131519488127,116.97647216738243,120.87216680103106,23255306
2023-05-17,115.36200714111328,118.48558850042434,114.41440155094631,117.92404593457326,14492755
2023-05-18,115.71295928955078,118.34519211496746,115.22161130425621,116.2745017567772,11886627
2023-05-19,116.27452087402344,116.90625792704861,114.62498374798763,115.81826336056511,7935136
2023-05-22,116.73075103759766,117.18700849648502,115.18651253058609,116.27450696693936,8302832
2023-05-23,116.34471893310547,117.71347812719806,116.02885039691247,117.01154655918796,7500411
2023-05-24,116.87114715576172,117.15192511324338,115.60767312355404,116.34470856782846,5348983
2023-05-25,119.7490463256836,120.02982426451742,116.55527090670827,116.83604884554211,11829380
2023-05-26,119.64374542236328,121.43365768620113,118.4504661170623,120.59135075788706,4819450
2023-05-29,122.34618377685547,124.38177019845769,120.83703588700953,121.99521136745614,16154211
2023-05-30,127.1543960571289,127.50536847776627,121.96012472575612,122.80244514705687,19369441
2023-05-31,128.0317840576172,128.76880592639137,126.0312884776721,126.97889376105027,13788165
2023-06-01,128.5933837890625,129.08473192069982,127.61068752578787,127.75107653146495,8004016
2023-06-02,133.682373046875,134.06843612299716,128.69867039147576,129.15492797127766,24211463
2023-06-05,135.9285430908203,138.63097122508714,133.682372534607,134.45449868389255,19494456
2023-06-06,136.5251922607422,138.42039033578658,134.5246957344716,136.45499775600234,13209340
2023-06-07,137.89390563964844,138.45544810203825,136.87610574274552,137.19197421460407,7872700
2023-06-08,138.17466735839844,139.78911361953934,136.7708179251722,137.71842332141966,10582053
2023-06-09,139.47325134277344,140.0347938186261,137.33236646976377,138.98188996170228,7904078
2023-06-12,141.89491271972656,142.49154579325935,139.54344419948427,139.99970168339334,8456271
2023-06-13,142.5266571044922,143.29878313439752,138.98190886559087,142.17568464170316,14186832
2023-06-14,141.12278747558594,143.4742560082556,140.21028589117512,143.4742560082556,13047692
2023-06-15,141.0175323486328,142.70216028443502,139.894447058098,140.73675433188274,10540327
2023-06-16,141.5200958251953,142.4535186801735,139.4737636288787,141.34059564384904,12326310
2023-06-19,141.6278076171875,143.2792312060301,140.55079282859393,141.5200965518379,9246936
2023-06-20,146.43850708007812,146.83341575368024,141.08931324717412,141.98682797991057,9726607
2023-06-21,149.92083740234375,152.14668353968426,146.61799014562385,147.0128987730548,20756190
2023-06-22,145.93588256835938,150.35165285168057,144.32035351470864,150.0285470409504,11657516
2023-06-23,143.7100372314453,146.4743839171284,142.77662804815614,145.72047491966566,9072837
2023-06-26,143.49465942382812,146.22309817740518,142.23813058475628,143.78185701605247,9280932
2023-06-27,149.2387237548828,150.0285409702613,144.24854486496025,144.46395329505958,19047221
2023-06-28,156.38296508789062,157.4599799808332,149.34643948435854,149.88495377832353,32094496
2023-06-30,155.0187225341797,158.14206950207472,153.8699049438048,157.96256932138851,16951743
2023-07-03,157.7830810546875,160.36791398071517,154.7315229726592,155.77264327223313,12784213
2023-07-04,158.86009216308594,160.69101601306974,155.48544202812178,157.85488014309377,14872598
2023-07-05,160.33201599121094,161.80393946448163,158.75239514269666,159.3986067841313,9635371
2023-07-06,160.5833282470703,162.73737174093026,159.5063133476341,160.29613066488147,8983942
2023-07-07,158.89598083496094,161.0141158664442,157.13685986516154,160.4756153163976,9032541
2023-07-10,161.19361877441406,161.87572490271205,156.23933462024004,158.89597002096704,11836860
2023-07-11,163.06045532226562,165.42990714957767,161.19363689860415,161.22953145887246,27521285
2023-07-12,163.16818237304688,165.17860662464764,161.9834563433638,163.49128822705245,11875910
2023-07-13,161.30133056640625,164.17337464638615,159.3986039312295,163.85026883145179,10619100
2023-07-14,161.265380859375,162.5578037869006,160.0447744222485,162.27060630021873,7757530
2023-07-17,160.40382385253906,162.9168676821779,159.75761219077515,161.5526415412333,7938596
2023-07-18,159.1832275390625,162.45018090560777,157.99850141411187,160.40384823068322,14288727
2023-07-19,162.55784606933594,162.98866295389158,158.42928697140974,159.39860441918017,9563980
2023-07-20,162.41427612304688,164.06569998577964,161.58855049669216,162.9886850185621,6992561
2023-07-21,162.98863220214844,163.95793577204986,161.44490622788481,162.19881509113432,7056545
2023-07-24,172.143310546875,175.19485484232555,164.53239024064328,165.14269362173877,27932963
2023-07-25,171.06629943847656,174.7999500107462,169.01996711209284,173.72293515922635,14752168
2023-07-26,174.2614288330078,175.5538519800488,170.0969618564231,171.24577938824058,12038222
2023-07-27,181.90826416015625,183.20068745781063,174.54864670960976,175.87697826274723,26304320
2023-07-28,183.7033233642578,186.7907764787813,181.01077895438115,182.59041377296845,16384307
2023-07-31,187.68826293945312,188.11907984036827,182.3749777497158,183.81100669612567,14236327
2023-08-01,185.85736083984375,188.94481385022183,184.205936944289,188.22679929281017,11212380
2023-08-02,184.02642822265625,189.80642571506414,179.17985378969965,185.2470488961771,16122036
2023-08-03,186.79074096679688,188.08316422902507,181.8364700549041,183.09298506263346,13853421
2023-08-04,185.67787170410156,188.7653248987157,184.63675121847783,186.79078132426056,10243822
2023-08-07,191.60142517089844,192.3912424515743,185.03162500205258,185.6419283953117,19592147
2023-08-08,193.14515686035156,198.74565340718237,186.71894844933837,193.8631713450715,38293583
2023-08-09,193.89906311035156,194.68888040165228,190.524412884317,193.82727398840333,12734777
2023-08-10,191.74501037597656,194.5093568688657,189.23196686471505,193.89903984563765,12885501
2023-08-11,189.5910186767578,195.6941079549873,187.8318837599232,194.9401988599102,24759160
2023-08-14,189.5910186767578,192.78616896112194,185.21114236156848,188.76530675905605,16369013
2023-08-16,189.69871520996094,191.67324489080036,187.11386838705081,188.83709503732823,10764313
2023-08-17,194.47348022460938,195.19149472952236,189.3038004402136,189.66281454016388,22827203
2023-08-18,192.78614807128906,197.0224182821972,190.41670996137321,194.40167716781954,15978257
2023-08-21,193.89906311035156,195.26328924214727,191.42192755352707,193.64776009857172,14616437
2023-08-22,196.0889892578125,199.03283609952183,193.93495965972778,194.86836883356818,15832807
2023-08-23,196.26853942871094,197.63276582560687,195.04793238858102,196.73525098198922,10786048
2023-08-24,194.3657684326172,198.56614407321715,194.00676805426934,197.776326806868,10437083
2023-08-25,193.89906311035156,197.0224240195933,189.77050384897743,194.94018341343215,18390451
2023-08-28,195.33506774902344,195.9812793260306,192.64252407648866,194.86835634452152,20674040
2023-08-29,193.86317443847656,196.59161308996434,192.78615954170473,196.01720423202022,21612353
2023-08-30,195.9095001220703,196.950620421019,194.65298506815776,195.80180274458837,19494892
2023-08-31,186.82662963867188,198.7456216154833,184.06228321643155,196.73518411885803,205689248
2023-09-01,184.8162078857422,187.93955491148702,179.89783162991637,184.3854047051189,31886045
2023-09-04,189.69871520996094,190.09362388512642,184.45723243682704,185.92915605654238,17449756
2023-09-05,188.19088745117188,190.30902282298155,187.07797791860315,189.66282479809655,18024101
2023-09-06,184.8880157470703,188.19086304701665,182.94938083884793,188.19086304701665,13072843
2023-09-07,195.1914520263672,196.01716373312578,184.52898894780242,185.8932011441942,24056615
2023-09-08,219.06539916992188,220.35782258546524,194.58119818209107,196.19672745152027,82791157
2023-09-11,219.85519409179688,225.3838739125692,217.41395315483803,222.51182977937836,32528622
2023-09-12,203.12550354003906,221.72199278381592,202.47929195568165,221.72199278381592,32072173
2023-09-13,199.7508544921875,206.71557680776544,197.8840224124958,203.80762446719035,22854207
2023-09-14,200.72018432617188,203.52042577102864,197.30962577193077,202.47931914088144,20229285
2023-09-15,200.6124725341797,205.10004565290697,198.31483728858916,201.83309297027296,16840451
2023-09-18,206.3565673828125,207.28999029116332,200.18166218752387,201.1150850958747,21777587
2023-09-20,205.99758911132812,210.59286024573595,204.84877132772618,207.5054073166851,24146948
2023-09-21,206.1591339111328,212.03785822199964,202.16519604023458,206.069390653746,19969152
2023-09-22,213.9674835205078,215.04451203857002,206.78736644002117,207.32588069905225,19853464
2023-09-25,213.78797912597656,216.43564450831298,212.30708548525902,214.82012915297972,10640362
2023-09-26,210.37744140625,214.64063625565345,209.03116934854367,213.78800002477027,10324176
2023-09-27,224.0645294189453,228.05848061243285,211.31982398435346,211.94808150743444,41395652
2023-09-28,219.8013458251953,224.69281192451894,218.49995224165454,224.1542976234046,17882450
2023-09-29,226.08395385742188,228.1931189401738,221.86563738690592,223.0324092689604,20556307
2023-10-03,225.23130798339844,227.96873051798588,222.13488505197444,225.27618645674983,20505684
2023-10-04,218.90382385253906,226.3531983973726,216.0766581030178,225.2313050531202,11248912
2023-10-05,215.8971710205078,221.55151655798187,215.26891344856358,221.23738092451578,6991188
2023-10-06,221.057861328125,222.8080121589563,213.83286564701444,217.73705985770385,10502776
2023-10-09,215.62791442871094,220.1154880900785,214.50602101336904,218.0960799424631,12865038
2023-10-10,224.33380126953125,225.50057314320009,215.4932895045915,217.46781914734535,21120310
2023-10-11,224.37863159179688,229.31496148681643,222.49384560843185,227.07117517089844,16901311
2023-10-12,222.98751831054688,227.7892273007778,222.58363944571136,225.4108051945471,8856652
2023-10-13,224.51327514648438,226.6673184364273,221.55148787716539,222.58362420496005,6963745
2023-10-16,226.08395385742188,231.7383130616063,224.82743871981725,225.27619608253144,15828545
2023-10-17,225.63516235351562,228.64184170675082,224.8274047008482,227.92382729605436,7959854
2023-10-18,220.6539764404297,227.5648363266541,219.0833258437884,225.36592823035357,8849737
2023-10-19,223.52601623535156,225.05178833250693,217.3780356822717,219.44232202312241,10354590
2023-10-20,222.13487243652344,224.69279462742347,219.2628283399778,223.30164420246007,9772348
2023-10-23,219.12818908691406,225.23129124447112,215.9420231405667,222.13486854316966,16263512
2023-10-25,212.89047241210938,222.22463299660356,210.42230712262563,220.69884713438785,12354938
2023-10-26,206.74252319335938,211.8134759315214,202.38957128202574,210.915961202998,19102624
2023-10-27,213.20465087890625,216.30107430737914,208.40294105425286,210.46722790489795,8633736
2023-10-30,214.46112060546875,215.0445133387775,209.4350468357312,213.74310615408152,8589899
2023-10-31,221.32711791992188,222.3143758168233,215.1791370963181,216.21127346466656,11247490
2023-11-01,217.37803649902344,223.66063878913963,213.47385615001434,221.6412309101737,11485017
2023-11-02,231.24464416503906,233.17429518513293,219.8910893170707,220.02571103661708,31788640
2023-11-03,234.8795623779297,235.911698604694,230.436854518852,233.2191550270638,13074986
2023-11-06,234.02694702148438,237.52724870891163,231.37926782498337,236.8990048824355,15066704
2023-11-07,236.09124755859375,239.0530627118277,233.08459501315707,234.87962453997392,12712137
2023-11-08,236.5399627685547,238.6491275645255,233.35379688249407,237.7965051252842,7008956
2023-11-09,248.8808135986328,251.75287157436594,238.24528639062606,239.63642320982427,46645094
2023-11-10,258.21502685546875,259.29202821459705,247.75895720198787,248.0282280842541,26451061
2023-11-13,275.9857482910156,287.02516726666715,263.6449221479214,266.5618446908346,56941773
2023-11-15,278.58856201171875,285.3648145428282,271.0494438849664,277.3320468889226,29545189
2023-11-16,278.498779296875,283.39024499626765,274.6394773360504,278.22953586331903,16593003
2023-11-17,283.8390197753906,285.36480569934304,278.2744177597726,279.35144634020656,15707486
2023-11-20,291.01910400390625,292.1409972344533,283.12098661684354,284.4672584935,19353142
2023-11-21,286.8007507324219,294.9681382519257,283.255584851682,293.1282444622985,22453701
2023-11-22,287.15985107421875,290.43577438644553,284.69168554733915,287.2047158550806,9908872
2023-11-23,287.8778076171875,289.8972154648529,284.9608851705597,288.5509435664093,7050700
2023-11-24,286.6944274902344,289.83489577718075,284.14561143882645,288.33293026779694,8179159
2023-11-28,291.79205322265625,293.11197852354513,281.77891109918113,286.6944758199305,12393794
2023-11-29,298.66473388671875,300.21220285790986,290.0170200216094,293.1574889153207,13325273
2023-11-30,304.8546447753906,307.90410712025505,296.48003384379047,298.6647137485682,42144243
2023-12-01,332.3907775878906,335.30370258738384,306.7662437887764,309.49710055840944,51298211
2023-12-04,338.35321044921875,351.59785645425,337.67049616484155,347.7291421761126,33279982
2023-12-05,343.40521240234375,345.36232071430123,336.5325678385809,339.53649894254266,16714263
2023-12-06,344.63409423828125,353.09973823666127,342.0852781824197,345.0892369861449,15204248
2023-12-07,343.26873779296875,347.63809797447385,340.9019894531057,345.90856072678287,9186451
2023-12-08,350.0958251953125,355.64857256040733,344.17896916916607,344.72514605059854,22241955
2023-12-11,354.60174560546875,357.742242048312,347.00088304271566,351.37024282607746,11743284
2023-12-12,354.7383728027344,357.5147332668217,350.55105273876455,356.24033875510486,9651220
2023-12-13,383.9584655761719,385.96110506338584,356.1947540091123,356.87746822797436,47230397
2023-12-14,385.141845703125,390.2849538244021,378.2691727055619,387.41755971959384,22525232
2023-12-15,375.3107604980469,388.05475953403777,373.217114625448,385.323902597754,19759589
2023-12-18,374.8556213378906,379.316043267839,369.3484042411283,375.31076416505164,14104514
2023-12-19,372.0792236328125,377.5409370072391,365.9802992528185,376.7671887232532,10528820
2023-12-20,347.5924987792969,375.03759907823087,343.1321057054243,373.399096407733,22211254
2023-12-21,353.96453857421875,356.6953952003081,335.30368496260843,342.2673638031942,23330278
2023-12-22,352.18951416015625,360.92826199905204,347.31948035277617,356.8319765539178,13356416
2023-12-26,357.0595397949219,363.20396782198554,350.64203718965166,353.1908258519558,13629896
2023-12-27,350.2778625488281,360.15446615367534,348.2297200962902,359.1986774543749,11269286
2023-12-28,350.3689270019531,357.7877491943787,349.3676072713843,352.0074577737146,12371827
2023-12-29,348.2752685546875,354.10109071226316,345.45337770001,353.190805132026,10589854
2024-01-01,359.6083679199219,364.1142934127916,346.818864475684,349.4586875469835,15293334
2024-01-02,354.6927490234375,359.79035351597514,348.411784461074,359.5627821348771,11799148
2024-01-03,357.8332824707031,365.29760788046667,350.45996339909146,354.1011058759651,13107047
2024-01-04,369.348388671875,372.30681692371377,361.4744236498465,362.11160691318435,19291259
2024-01-05,367.7554016113281,371.7151497341255,362.38472184670934,371.1234696191588,7735119
2024-01-08,369.348388671875,375.6748848146152,365.3886406865483,369.39389184078755,8020666
2024-01-09,358.470458984375,374.855599821685,355.9671735786749,372.67091993265274,12629573
2024-01-10,355.4666442871094,360.47321674185736,346.63685993684715,360.47321674185736,12513678
2024-01-11,360.0179443359375,366.11686879055463,356.5133393218578,357.2870876153109,8305839
2024-01-12,365.75274658203125,366.6175290224607,357.833278451608,361.3833867707434,8217329
2024-01-15,372.7619323730469,375.35625174403947,363.70458004721445,366.84507630363345,10263830
2024-01-16,364.52386474609375,376.81271984426286,359.28972275983654,373.03501253476077,11079183
2024-01-17,357.3326110839844,366.3444609978299,355.0113938514561,359.5628219777568,8845319
2024-01-18,357.46917724609375,360.9282515207887,345.180321267454,357.78775499214015,11680203
2024-01-19,375.3562927246094,376.49414978526374,360.6096541066433,361.3834024638309,16111152
2024-01-23,360.06341552734375,391.6958363988218,348.18420095943475,391.42276186289394,28172910
2024-01-24,383.9129638671875,385.00531773340725,355.05689832829626,363.2039658162604,26232960
2024-01-25,381.4096984863281,387.4630926796313,376.9948073989803,386.82590937385504,12426317
2024-01-29,406.67010498046875,408.21760166250897,383.7764269544107,385.0053181101823,38320305
2024-01-30,404.9860534667969,412.9965833272516,401.20837382394313,409.628515532103,18743455
2024-01-31,403.4841003417969,405.3501747475671,397.88584934477365,402.6193178924619,12612238
2024-02-01,405.7597961425781,409.1733670579672,400.025008116609,406.89765311437446,12778899
2024-02-02,410.3567810058594,420.09684907351254,407.8990262923265,407.8990262923265,13316207
2024-02-05,417.04736328125,422.8276826909876,407.6259012864446,413.9979008103131,15932526
2024-02-06,413.2696228027344,419.91469593415457,405.1680872949222,419.91469593415457,9403608
2024-02-07,426.9239196777344,427.74317111051295,410.5387799033224,410.5387799033224,11983832
2024-02-08,426.5142822265625,434.93442354206917,422.5090313729663,428.6989897646244,14788511
2024-02-09,390.3759765625,421.46222356543365,370.2586596873437,421.46222356543365,56589108
2024-02-12,386.09765625,396.2018326088331,375.902473549146,390.51254724684526,30349202
2024-02-13,382.775146484375,388.4189290783139,377.40446627513904,382.22896949468486,14073386
2024-02-14,395.61016845703125,398.6596310900995,374.17292367985897,378.678848980333,11114379
2024-02-15,396.38385009765625,399.06917577684595,391.4682859505372,397.8402847400662,6467934
2024-02-16,394.7908935546875,398.52304245846017,388.78300276904116,398.52304245846017,8544311
2024-02-19,392.4696350097656,403.2110218705081,391.4228121147036,394.83638315058766,5880131
2024-02-20,391.0471496582031,395.36049022797516,387.3762072122347,391.4142383013863,6734331
2024-02-21,378.47418212890625,394.6263354123125,377.18935780107086,390.9553927573143,7818084
2024-02-22,381.4109191894531,382.8793017440449,366.7730252346308,378.1070654433886,12734235
2024-02-23,378.93304443359375,384.99010532740544,377.4187862119082,383.1546340266788,6086377
2024-02-26,377.602294921875,382.23684814432806,372.2794120450375,377.96938353236516,14668409
2024-02-27,368.4708557128906,377.14346862552344,361.7254932260728,373.793711167933,16060760
2024-02-28,357.4580078125,368.4708347540918,355.530757496308,368.33318001873533,11522019
2024-02-29,367.7366638183594,370.2604367025438,356.402623627972,356.99914616282024,18634970
2024-03-01,379.2542419433594,381.68623571556924,368.47084849427415,368.47084849427415,10009056
2024-03-04,386.8714599609375,387.8350992173725,376.77636760463,382.64989829031947,10217240
2024-03-05,383.0169982910156,390.63419336427137,382.23691734807477,385.35721311276734,7545389
2024-03-06,389.3034973144531,396.7371341202629,379.9425819194074,389.945895503794,19232334
2024-03-07,394.3968811035156,397.7007349235975,389.57876911795785,389.57876911795785,12256331
2024-03-11,396.9665222167969,398.2054708770857,389.44110710786936,394.3968737419568,16623737
2024-03-12,393.75445556640625,399.26086927253704,388.5233793498231,398.2972580767915,15842050
2024-03-13,364.89166259765625,394.58041343002645,360.0735509295721,394.4886342730306,18357786
2024-03-14,366.8648376464844,373.8855099887741,358.6510921173622,364.3410645294666,18459269
2024-03-15,349.6573181152344,368.0120329769265,339.83753446140025,366.86486329807076,29682116
2024-03-18,344.0132141113281,355.85199839861076,340.84701491501175,346.0322157377169,12079910
2024-03-19,332.72503662109375,345.8027691586496,330.47660116449185,344.24263541455065,15002148
2024-03-20,331.761474609375,336.8090212493517,322.76767543551836,334.88177056721884,13037554
2024-03-21,354.93426513671875,356.5403025355274,337.7267215780543,338.2773685733455,22051088
2024-03-22,362.24102783203125,365.15448894401766,350.5409209443938,355.4891955264109,13733411
2024-03-26,365.2932434082031,366.2643876912207,356.599066170074,356.599066170074,10930109
2024-03-27,355.6279296875,370.10276695415473,351.6970618040881,367.1893058151821,28752085
2024-03-28,360.9461364746094,364.5995423558534,355.6741380531205,355.6741380531205,12411711
2024-04-01,371.07391357421875,374.4035670856851,363.53587428450163,365.3394601248908,9276678
2024-04-02,376.9471130371094,377.7795547367914,365.6632263613942,372.6925490103742,8003458
2024-04-03,385.918701171875,386.7973769706405,372.6000026903551,374.58855356407275,10346790
2024-04-04,383.8376770019531,394.84410113102297,381.0629468067583,388.5547239789874,14146848
2024-04-05,385.50250244140625,387.21359170082195,377.36330518853026,383.8376756206864,7609006
2024-04-08,379.53680419921875,388.8784003534879,378.5193976074844,387.53726963356377,9705827
2024-04-09,372.5075378417969,383.236500504914,370.28775927639714,381.06295615349546,8624425
2024-04-10,376.1146545410156,380.04552213179744,372.73873860825285,372.73873860825285,6580214
2024-04-12,372.73876953125,379.21314021789703,371.8138594331576,375.42100317051484,7368214
2024-04-15,362.9346923828125,369.8252834395503,358.4951355016217,365.33946412096344,7965565
2024-04-16,366.7731018066406,369.4091013298584,356.0904010650947,359.05012477993876,10543004
2024-04-18,365.7557067871094,376.66963457082386,363.5358999878313,368.3454437515791,7589176
2024-04-19,368.7153625488281,370.3339550343155,356.18284345160225,363.44339253170546,8788592
2024-04-22,373.9874267578125,377.5945707165144,370.1952894777339,371.99887557009384,7457201
2024-04-23,369.13165283203125,376.2997066172929,368.1604802222881,376.1609757376205,7401920
2024-04-24,371.8600769042969,375.0047936770302,368.3454299802025,370.888932635433,6066000
2024-04-25,376.4846496582031,377.3633255546807,369.03913454979806,370.24150640454116,7978814
2024-04-26,375.6522216796875,381.0629512688783,374.6810773904036,378.75067607913996,10419494
2024-04-29,384.3001708984375,384.9938535173877,375.6522552703208,379.0281717040084,9486965
2024-04-30,408.3940734863281,413.85106605963,385.22508506287016,387.9073189054992,53552269
2024-05-02,432.7192077636719,440.9509022335788,409.8739163785207,414.49846700498716,55752960
2024-05-03,444.37310791015625,449.04389303546265,432.99669574419244,435.6326954061852,28996180
2024-05-06,404.9256286621094,424.3950031148512,385.2712891258121,422.2214587444575,66897875
2024-05-07,389.8958435058594,407.88535634006234,384.11515534911246,406.96044623498284,25818752
2024-05-08,407.7928466796875,412.00120445920305,389.3871418207733,389.3871418207733,29249669
2024-05-09,386.65863037109375,408.2090512074629,385.22503110157766,406.5904586398092,15867846
2024-05-10,386.2887268066406,393.36428396104577,377.08588755191084,391.237001860721,14527463
2024-05-13,385.22503662109375,389.6645935798625,372.6925167081003,387.5373117508722,13617829
2024-05-14,389.9421081542969,394.1967003069523,385.31755760271847,388.1847845899004,12097891
2024-05-15,403.76947021484375,408.2552895934116,390.95948862924223,391.7919020273441,29319985
2024-05-16,420.6490783691406,422.68389176432,406.08174511905736,409.7351510975793,35263613
2024-05-17,432.9504089355469,434.0602840827158,419.9091713177015,422.9613632549351,16122079
2024-05-21,433.8753662109375,435.7251865501647,425.6436713465803,430.17572553248317,10578500
2024-05-22,429.7132568359375,436.00263449967815,423.6088442646495,436.00263449967815,8295209
2024-05-23,432.164306640625,439.33236095087614,426.9385694660976,430.0832586150682,12732877
2024-05-24,454.73199462890625,461.9000471095822,430.45310719435855,434.24524382933816,33498606
2024-05-27,474.66387939453125,482.1556286992274,458.75541422378376,461.5301445517502,33290103
2024-05-28,478.3172607421875,482.1556036250441,462.73249233936514,478.64095668280345,21588367
2024-05-29,471.796630859375,484.97657108915655,470.4554999717124,474.43263019573743,18529334
2024-05-30,462.8713073730469,477.2536492729383,459.72659020399954,471.70418823488086,14291676
2024-05-31,455.4719543457031,473.7851616003171,443.4943581988327,467.07956390075185,31653901
2024-06-03,513.1401977539062,517.0248321120617,480.9533321972668,495.6594278202692,44287988
2024-06-04,394.7054138183594,503.9835726443742,384.8551261837376,503.9835726443742,108815947
2024-06-05,413.5735168457031,416.99569526842765,365.5244574234842,411.3075041936952,52169722
2024-06-06,436.8350524902344,453.99215270581726,419.90920803813515,420.83411818799885,48961426
2024-06-07,447.2402648925781,449.1825817361771,426.4297877669093,437.48247468628205,32944221
2024-06-10,449.32135009765625,458.47798337781603,441.1821518775347,449.5063434223938,20853211
2024-06-11,449.9225158691406,452.188528610205,440.3496909775815,449.32130174145567,20122639
2024-06-12,455.1020202636719,460.836474386383,447.70273918973095,450.43123537615355,23440337
2024-06-13,465.73846435546875,467.86577449728526,455.61071580935385,459.21785951380593,22583735
2024-06-14,471.7503967285156,473.4152518847592,462.73252303341815,468.09701867995807,13048015
2024-06-18,469.6230773925781,474.1088685495389,466.617119733246,474.0164001254481,12494967
2024-06-19,461.7613525390625,473.4614592816794,457.2755330534699,470.7329915102476,8911856
2024-06-20,445.20550537109375,457.83052324569576,441.9220574101857,457.83052324569576,25848843
2024-06-21,446.0841369628906,456.30441066441176,444.8817651043666,450.43122579173917,14067512
2024-06-24,451.12493896484375,452.69729755661507,437.1125554243634,444.88179526825184,14749233
2024-06-25,447.37896728515625,453.71457804849354,443.95678907893443,451.3560688969167,13567964
2024-06-26,444.0030822753906,449.83003284179824,443.1706688304799,445.3904474255806,10636903
2024-06-27,443.7255859375,454.8245062736126,440.67339413547467,442.1069933884836,15956471
2024-06-28,448.67388916015625,451.91107446690194,443.7256145460704,444.8817521556224,8405233
2024-07-01,463.61114501953125,465.22973754578396,450.01495650860284,456.026871606113,16866460
2024-07-02,464.90606689453125,468.74443825328666,458.38546182881515,464.5823427068253,26068619
2024-07-03,491.1734924316406,493.20830592181824,472.1666013560023,474.9413316284175,33571765
2024-07-04,493.57830810546875,503.8447878563777,490.8498119611358,496.4917411121698,17103459
2024-07-05,494.1332702636719,498.94281455430615,489.6011877403354,493.90204271558406,10395660
2024-07-08,508.4693603515625,517.71846194959,496.12183229901024,497.6016659738802,20739673
2024-07-09,508.8393859863281,514.7125433702943,500.88512413130417,511.01290244759673,13179449
2024-07-10,518.6895751953125,524.9789526140765,494.82690579504225,510.55037756796884,23340064
2024-07-11,527.7537231445312,530.7134469942115,517.7647045473926,523.3603998143606,10824586
2024-07-12,513.4638671875,536.4478607076977,506.8969715731344,530.5284134570065,13831121
2024-07-15,516.0997924804688,523.8227685864174,511.89146316910706,518.7820541261425,12094299
2024-07-16,508.2842712402344,519.4757159359801,505.0008520821202,517.0246818935992,7358534
2024-07-18,506.4808349609375,515.0362548518456,493.9483122489888,506.850821645145,12703877
2024-07-19,493.62451171875,510.55035457456603,492.05215332186435,503.15107407348535,10053221
2024-07-22,503.7059631347656,506.57321800436245,486.6876530155911,488.3524797242457,8561902
2024-07-23,484.2366638183594,510.41160793923774,467.079593028224,505.46336156420676,22524978
2024-07-24,485.6702880859375,496.9079687787319,480.99950320634423,484.2366886707008,9022966
2024-07-25,485.6240539550781,487.7051017539589,476.09749087727533,481.87817920749967,6448853
2024-07-26,500.8651123046875,503.09548228349223,484.2764484316593,492.5010972594284,9126406
2024-07-29,513.7828979492188,515.6415681875766,499.0529589990786,500.91162923743644,11024457
2024-07-30,515.502197265625,522.7509997848861,508.5786393462735,514.6657729771237,10069484
2024-07-31,517.4537963867188,519.2195558476361,512.0636639006092,516.0133382591893,6337213
2024-08-01,504.489501953125,519.9629530020843,503.23492234249983,513.0393956346678,10651189
2024-08-02,489.1090393066406,501.6550628365463,488.22615963974346,497.1942658147799,11584967
2024-08-05,462.8553466796875,487.11102742398776,456.02475621427726,469.4071763136695,23854293
2024-08-06,440.5513000488281,490.3171841270582,438.04211225423614,470.24356832609425,27196447
2024-08-07,457.6510925292969,466.2474424144834,444.2221886615286,459.55621818645585,24072515
2024-08-08,457.3722839355469,467.8273042709879,451.9821514625871,460.0208947594035,13999802
2024-08-09,465.2716064453125,472.89216551641766,460.06732427683016,464.2958159466842,10489233
2024-08-12,461.5542907714844,467.87378672865486,456.02476371515013,464.5746299710052,5783366
2024-08-13,448.5435791015625,462.7159393373442,447.01018186301707,456.30353283730017,10669859
2024-08-14,450.4022216796875,453.74783349750214,445.01208978952565,450.72749461605434,7413761
2024-08-16,468.6171875,469.45358335233055,454.49128374110137,458.62683595686667,10378455
2024-08-19,469.2677917480469,476.70247289118777,467.59497147420547,471.1729174465536,5700618
2024-08-20,484.3694763183594,485.7170235879783,468.52429549166055,472.93863731557883,12169319
2024-08-21,479.2116394042969,487.25035352305014,475.4478154494353,484.3694375678178,7836483
2024-08-22,480.930908203125,482.3713662455911,477.9105691661005,482.1390324735123,4109631
2024-08-23,478.42169189453125,486.0422509595431,477.2135676247139,483.7189132398512,5850297
2024-08-26,478.0500183105469,484.69473052279693,475.3549237179236,483.39369536113935,4077934
2024-08-27,498.5418701171875,499.98232830598744,476.05194735082165,478.6076191033151,19377943
2024-08-28,501.1439514160156,506.9522957764238,493.9880598195702,500.44695009276666,11607989
2024-08-29,515.2698364257812,517.1749619582944,502.2591455589059,507.41694380813794,19514561
2024-08-30,513.7273559570312,523.4961800132322,511.43704875816223,518.6351326446553,10222982
2024-09-02,511.4838562011719,517.9340430223627,504.89336730394933,516.5785503748291,5741792
2024-09-03,522.4210815429688,525.1787958403459,504.9400953341586,511.3435520944392,9786096
2024-09-04,519.1025390625,520.1308693625618,510.40877464199684,512.7458111559254,6377748
2024-09-05,521.8602294921875,529.4789909988415,519.1492444384381,520.691711289115,8554799
2024-09-06,509.75439453125,522.4211210633126,506.2488397498735,518.8221076437217,9565966
2024-09-09,489.4689025878906,508.95982126569163,479.7468649649305,505.7346994787766,20183113
2024-09-10,477.4565734863281,494.04953321101203,475.39996988378823,494.04953321101203,14833993
2024-09-11,468.716064453125,481.89695685451045,466.75294796299875,477.69029088778825,7623569
2024-09-12,473.296630859375,476.24131973602215,461.7984224406854,472.50206125472107,12346929
2024-09-13,466.9399108886719,477.97071218704275,464.60287429763747,477.4098462278174,7734239
2024-09-16,459.04071044921875,470.3987309718831,456.46997022904475,470.21175663546813,7632924
2024-09-17,451.0013122558594,458.47982900734945,445.76634482416085,458.0591510287672,14392518
2024-09-18,459.9755554199219,467.87475093797906,454.64712881991403,457.1243820353082,15330542
2024-09-19,449.36541748046875,468.3421436252292,432.53875363764615,463.4343666710726,15783626
2024-09-20,450.4872131347656,456.4700217071311,445.6729229760763,452.1698967674282,13890094
2024-09-23,459.1809387207031,462.2658154611043,450.9545531991711,453.3850768425391,6327029
2024-09-24,458.012451171875,461.37776110389603,454.3666511983868,458.0591804932667,8389458
2024-09-25,451.9361267089844,459.3211562931244,449.0849250814007,458.99396547969314,9526068
2024-09-26,449.1316833496094,453.3850783433754,444.17714888167404,453.3850783433754,8617212
2024-09-27,461.6582336425781,463.62135016866046,447.4023098275775,447.5892556458882,11361968
2024-09-30,456.23626708984375,466.33228217384794,454.41339568498466,459.92879627613627,8142211
2024-10-01,461.8919372558594,472.12814084416306,457.12437670117276,458.05919137745326,12786542
2024-10-03,437.0726013183594,459.6951284564561,434.2214278963372,456.04935683424196,19202233
2024-10-04,433.1463623046875,439.03568303230765,427.817907529581,437.07256661367484,11408576
2024-10-07,410.0564270019531,439.17589668406,408.5139885859456,436.55842716163977,16775124
2024-10-08,435.4833984375,438.4280587984008,404.2138378432324,408.04658350853293,18224193
2024-10-09,440.1107482910156,446.374018177276,436.979141876166,436.979141876166,9023720
2024-10-10,441.18585205078125,449.9731053810627,440.29776658796345,443.990296423953,7209670
2024-10-11,437.3530578613281,441.7934276331341,432.5854972427856,438.9889835667303,5568364
2024-10-14,442.7281799316406,447.72944351759367,436.37142382663285,439.31611250400863,5758201
2024-10-15,445.6728820800781,450.58065896716863,443.10214180588787,446.8414003865282,6280066
2024-10-16,447.9631652832031,451.7024236627682,445.29893798210753,445.81307459798677,5929705
2024-10-17,438.8487548828125,449.5991235055034,436.97912555712713,448.7110381644911,5208293
2024-10-18,441.8869323730469,442.8684764239933,427.49076277062335,438.2411321191741,7642993
2024-10-21,433.707275390625,443.52282937657776,430.10823322345306,442.63474403320356,4850471
2024-10-22,413.56201171875,434.875803693938,412.3000061859625,431.884385284981,10178704
2024-10-23,409.7760009765625,417.161030887743,398.7451711660931,413.1880686888121,10169698
2024-10-24,423.5645751953125,425.9950992869172,407.6259663551061,408.51405179205403,9477665
2024-10-25,409.5423278808594,428.14513480082877,402.90513777108555,424.40587598160755,8904455
2024-10-28,421.27423095703125,428.1451245789654,411.78586763544604,412.2532749766894,11251735
2024-10-29,441.3727722167969,443.10218518530723,417.11434691697536,423.4710757150721,13329768
2024-10-30,433.42681884765625,443.3358601195047,432.58549134486196,441.3727435941313,9061400
2024-10-31,425.2939147949219,435.57687542184726,419.8719729837582,434.12789567108666,6917895
2024-11-01,429.17340087890625,430.71583930750427,426.368956998445,430.01472833738893,901996
2024-11-04,421.64813232421875,432.8191786931615,414.02939870730586,432.8191786931615,9325508
2024-11-05,431.4169616699219,434.5485964581221,408.1868118743472,420.6665931776053,9875420
2024-11-06,437.0726013183594,438.80201421800524,429.4071378998058,433.7540205466103,7221536
2024-11-07,431.8843688964844,438.80199161038263,430.5288762408006,437.02584947858537,5072697
2024-11-08,420.1056823730469,431.97783939761916,418.42302747696675,431.79086506326445,5816760
2024-11-11,450.4404296875,457.4982686467666,424.639540507944,424.639540507944,29014155
2024-11-12,436.69866943359375,454.92755558411363,435.15623092651344,453.3851170770333,12030749
2024-11-13,431.3702392578125,441.2325225778487,423.75147690338906,438.52156575071706,12532360
2024-11-14,425.0602722167969,437.1661059408901,422.3492866575629,432.95943962546306,8930823
2024-11-18,429.2668762207031,437.86715343354143,426.41567457048603,431.8376163736339,9440643
2024-11-19,440.671630859375,448.24363541139655,436.60518132881896,439.3628960236838,16795032
2024-11-21,423.7981872558594,440.25092924757087,404.58773089579944,440.25092924757087,29932392
2024-11-22,446.7946472167969,448.24359842814204,424.966720711773,428.61249192763944,16196571
2024-11-25,453.4337158203125,475.8935224451395,452.0211497274143,461.4382570134021,22624407
2024-11-26,456.1647033691406,463.6042129022021,454.09295686329455,456.7297355939106,8322135
2024-11-27,462.4741516113281,466.005566897397,453.7162244586386,459.13106123061084,6332307
2024-11-28,465.2051086425781,471.8912606886286,462.66247813223754,463.69836570084783,9185839
2024-11-29,466.4293212890625,470.2903410978156,461.9091212009373,466.80602857868234,7808841
2024-12-02,466.85308837890625,468.45400809475973,461.43825175121344,465.2050946226519,5868905
2024-12-03,471.9383239746094,474.85763296916645,465.3463489011653,467.8418765740802,6421930
2024-12-04,480.2724914550781,486.58196509321607,473.20966069838585,473.58633925766304,10064890
2024-12-05,482.3442687988281,484.18061629928286,472.1737752204151,482.10884110588427,6481631
2024-12-06,483.80389404296875,493.36228107198025,482.155900243309,484.8868843880158,10442708
2024-12-09,485.31060791015625,491.52593329398013,484.03932139941116,484.9810321414334,8490785
2024-12-10,487.0057373046875,490.72544878484456,483.8980458480287,487.52366672164305,5999627
2024-12-11,483.0976257324219,489.6896011322795,481.4496318824575,486.8644688180548,5559349
2024-12-12,478.1535949707031,484.41599394702405,477.5414887800325,484.41599394702405,3709754
2024-12-13,474.8576354980469,477.7769445081509,461.90911296339516,477.44734000497726,4617836
2024-12-16,477.54150390625,483.38009302976945,475.6580824976185,476.31726274740157,3621956
2024-12-17,469.3486328125,483.33304322039805,467.6064621744318,476.9764956476018,7148005
2024-12-18,458.7073059082031,469.3486257447024,454.8462861373449,467.371027448533,5353446
2024-12-19,452.4449157714844,455.5525495754217,442.3685998202674,451.9269576450083,6612923
2024-12-20,426.87744140625,454.37540486452764,424.7115183293305,452.9628388390421,18725117
2024-12-23,429.8909912109375,433.6578345074189,423.01651369035244,433.13990504964613,5194191
2024-12-24,424.89990234375,432.99859181130876,414.35273043713045,431.58602568481854,3378648
2024-12-26,436.24749755859375,437.1892082926652,425.3236472956189,426.5949625343615,5751347
2024-12-27,425.7003173828125,439.5434763940907,424.52317898861304,437.8954826422114,3933285
2024-12-30,414.7765197753906,428.9492553558712,410.5858953571017,427.4896151591541,31939693
2024-12-31,422.3572692871094,423.6756585828457,415.48279234158537,416.0477957978072,6078911
2025-01-01,422.1689453125,424.1936465482718,417.6958189577421,423.7698651875909,2624150
2025-01-02,432.5748596191406,433.7519981134026,420.94472554808567,422.3572917412,7550076
2025-01-03,437.7071533203125,447.1713637786955,433.4694548657705,436.4829408178265,12857999
2025-01-06,420.473876953125,441.00316112969915,417.69581856622807,441.00316112969915,6541592
2025-01-07,420.2854919433594,425.4649010155388,416.80117944713186,422.6868715746085,4817004
2025-01-08,409.54998779296875,421.79222719519754,405.1239646369398,420.28548429025403,7504204
2025-01-09,397.3548889160156,411.4334483227029,395.7539690389252,410.1150589326637,6771171
2025-01-10,380.6395263671875,397.77864611223237,378.0027188180573,396.4602567070341,9418630
2025-01-13,366.60797119140625,384.54757762083875,364.442048034497,373.9533320384406,11102746
2025-01-14,393.0700988769531,394.9535205569948,370.6573923799507,372.3995631817361,16819358
2025-01-15,402.62841796875,407.61950216593675,395.00058391690874,399.5678580441592,11942821
2025-01-16,410.0208435058594,415.05900162730046,407.47824179414886,409.17330960195585,11304640
2025-01-17,408.1845703125,413.41105391778945,404.7473027957728,410.53884738492474,5109364
2025-01-20,411.4334411621094,416.2361719710605,406.06570686635575,411.4334411621094,4692710
2025-01-21,402.9580078125,413.834783776516,400.79208467095407,411.48050699712684,5673560
2025-01-22,396.0835876464844,403.0522421603891,388.314473165589,402.11053131421994,7990557
2025-01-23,396.6956787109375,399.14413256467446,391.2808415534588,394.2472248572005,5201731
2025-01-24,384.59466552734375,399.0028572821127,383.37045304473247,396.7427284853973,5521223
2025-01-27,366.9847106933594,381.2986976271983,364.4420800348325,380.6395173096516,6919950
2025-01-28,363.8299255371094,377.3905535281155,357.52045251039283,376.68427052088884,12499818
2025-01-29,375.8367919921875,380.2628155791877,363.26494686492873,364.912940791082,8257720
2025-01-30,389.5857849121094,392.64634513353553,378.19107803228366,379.5094674568435,12173193
2025-01-31,397.8727722167969,399.6620168056471,383.32333035266697,391.610401786456,7617498
2025-02-01,380.49822998046875,406.39527648607185,378.33230667731124,400.2270823593212,10136985
2025-02-03,362.74700927734375,376.6843175304784,356.15503372056037,376.6843175304784,12764889
2025-02-04,381.4870300292969,382.14621031011905,369.43311520322953,372.9174564687585,10384731
2025-02-05,388.54986572265625,390.71578897738726,382.66417346661365,383.2292056709401,7661250
2025-02-06,381.9107971191406,393.0700756620626,378.0968799378015,390.6687246573279,9100754
2025-02-07,385.7718505859375,395.330210129993,374.80092474260084,380.45118993972545,16988216
2025-02-10,373.4354248046875,388.07904571573243,370.8928227615569,384.83013179876446,7130175
2025-02-11,353.61236572265625,376.5430268774506,352.1997996811543,374.84793038441046,13932310
2025-02-12,352.05853271484375,361.85231774002256,341.1346834126823,354.03613083019917,18493994
2025-02-13,362.0877380371094,367.54964820771767,354.1773744753316,355.02490829646354,15685551
2025-02-14,349.6571960449219,366.93759435492683,346.4083111443031,363.2649281139643,9111445
2025-02-17,350.64593505859375,356.7199509671106,336.42609976178505,349.2804432421669,9524354
2025-02-18,353.61236572265625,354.9307549469788,340.1929883283877,352.1997996811543,9358375
2025-02-19,362.04071044921875,363.07656928642734,347.9621231978198,352.058570720696,10253709
2025-02-20,368.8681335449219,371.8815908754838,356.72004117829687,359.7335272475919,8995688
2025-02-21,366.9847106933594,373.81211400150545,362.6057324771483,368.8681322956066,6385575
2025-02-24,360.5339660644531,364.9129153003106,358.6976186080945,361.1460723036622,8201863
2025-02-25,359.6864013671875,364.86581004448647,358.8388387744646,362.7940350780753,6037957
2025-02-27,356.0608215332031,365.00707318610404,355.02493401512123,359.73348751664804,9653923
2025-02-28,346.27056884765625,356.5360879507847,342.8012152786839,355.0152670828495,23690515
2025-03-03,360.9084167480469,363.0945766801345,345.51015346394996,349.40724765385045,11923586
2025-03-04,364.33026123046875,367.75210105800755,353.11426130340715,356.25093089109066,9721898
2025-03-05,376.1641540527344,378.30280053818893,362.61939297818867,362.61939297818867,10048929
2025-03-06,385.669189453125,388.56823152325734,380.29881713896054,384.9563074023799,7589546
2025-03-07,381.2493591308594,387.8078687569166,378.3027739344431,384.4810855690509,8363854
2025-03-10,374.7383728027344,386.85736900624704,373.55023592003704,380.679057216221,7710492
2025-03-11,379.6335144042969,381.7721609252356,365.6610412051804,368.79771116632395,5838218
2025-03-12,376.496826171875,383.8632749420613,369.65314603409286,382.10482653095426,6139396
2025-03-13,369.1303405761719,379.2532601393444,368.60754298867505,377.39975515982525,7418570
2025-03-17,370.41357421875,376.7344567708938,367.2293615023321,369.13038055604443,6963936
2025-03-18,370.41357421875,370.41357421875,370.41357421875,370.41357421875,0
2025-03-19,387.3900451660156,389.21237428831535,382.40261963499177,384.5606478964305,6805771
2025-03-20,385.90338134765625,394.15185005552877,381.82710610011577,389.404176588577,5519039
2025-03-21,391.130615234375,394.1518781670778,383.64946242513724,384.6085860812001,7418546
2025-03-24,408.1070861816406,410.8885387293228,394.295712385806,394.8711923919093,11643524
2025-03-25,402.11260986328125,415.1566979931351,399.9545815455892,412.42318960336536,7814328
2025-03-26,393.72027587890625,406.0929656615129,391.94589119326963,404.7501983456722,5336807
2025-03-27,403.7910461425781,405.9490742989221,392.3774808586073,393.24068626711886,7153843
2025-03-28,397.3169860839844,410.936554104391,395.7344378594626,403.74312647462665,8470283
2025-04-01,388.1573486328125,400.62595594692635,385.27997771417085,393.24069221436054,6298784
2025-04-02,398.8515930175781,399.42707308658146,382.5944347364287,391.322466184271,6384707
2025-04-03,404.12677001953125,407.0041410709054,393.2407103544725,393.2407103544725,5378877
2025-04-04,390.219482421875,405.3736251436414,386.95846770239604,403.79107689581963,6089301
2025-04-07,378.9018249511719,380.4844025515284,356.69811603830567,358.71228176319534,11041175
2025-04-08,382.2586975097656,396.4057705519506,378.94973866536606,383.6494384321338,12900567
2025-04-09,377.7508544921875,383.55354085258983,373.0990989469208,383.55354085258983,6339983
2025-04-11,384.3687744140625,388.7807487329783,381.8271027828799,384.6085553088935,5867624
2025-04-15,408.1550598144531,409.5458008227232,391.0347259830507,394.3916587766796,9433755
2025-04-16,406.4765930175781,412.8068149905028,403.3114966661813,408.58667676526335,5962450
2025-04-17,406.3807067871094,409.0662413292843,399.954566551727,405.7093085165,6171410
2025-04-21,418.4176940917969,420.959365921079,406.7643475487679,407.6275529834124,7625622
2025-04-22,420.24005126953125,425.94684910079604,412.95070515728474,418.41772205900287,8222555
2025-04-23,415.3964538574219,422.9735247506293,406.18886107004874,421.7266757281241,7558664
2025-04-24,416.4515075683594,418.60953581729,410.9365464877588,414.8689301030384,6093751
2025-04-25,398.08428955078125,418.84934157128185,393.9600692496477,416.2596958109485,8782826
2025-04-28,402.40032958984375,408.20304543544637,395.44668288644783,398.08427301532214,6646961
2025-04-29,396.5976257324219,410.4090003150266,396.0221456935361,403.45535391463955,5520460
2025-04-30,390.7469787597656,398.18018722995924,388.4450877972159,396.59763902258953,5430500
2025-05-02,388.1573486328125,399.47499587141743,387.1982249932653,390.3633212957189,5838633
2025-05-05,393.62432861328125,396.8373986009951,390.3633141525196,393.43252145096,3849153
2025-05-06,379.23748779296875,395.0630281196643,377.319240480642,393.6243426354192,5473528
2025-05-07,387.773681640625,389.11647817245614,376.1683088422381,377.31923966506776,5827411
2025-05-08,374.3459777832031,392.8570832191781,371.18088120193755,388.9246700966038,8406346
2025-05-09,370.12579345703125,375.6407541878905,365.52201185932233,371.56447886508147,8952332
2025-05-12,397.02923583984375,398.03630393693334,383.64944957776703,384.60857320171147,6534063
2025-05-13,395.49462890625,399.2831496273206,392.3295034114151,395.1589297866286,5902455
2025-05-14,388.9246520996094,402.59216453467576,386.6707055983966,396.3578606169262,12063302
2025-05-15,390.4592590332031,392.23364370909513,385.13610500552716,388.7328188336331,9174908
2025-05-16,400.6739196777344,405.90115547254635,390.8429018998845,391.3224637427065,13040115
2025-05-19,402.06463623046875,407.1479797465789,400.9136761697762,401.8727997969766,6144525
2025-05-20,389.6440124511719,405.2297729492187,388.49305227557056,403.02380009447154,7787229
2025-05-21,395.8303527832031,403.7431231100022,385.32793682321704,390.3633361220892,16780984
2025-05-22,389.97967529296875,396.8853478931148,386.52682435783055,396.11806069425313,11486658
2025-05-23,389.2123718261719,392.9529775384413,386.04727543747003,390.45925015363883,6801449
2025-05-26,395.6385192871094,397.60471112945316,390.5551754746248,391.3224627130682,4774997
2025-05-27,396.2139892578125,397.6526747458437,391.610178134034,395.4946465137969,5189625
2025-05-28,394.9191589355469,400.6739007779592,393.5284179489116,396.2139817041158,3574669
2025-05-29,396.5976257324219,398.0842556685903,391.8020075252584,397.07718755313823,3763771
2025-05-30,389.35626220703125,398.89952507964847,387.9655211893999,395.1589486527386,10039873
2025-06-02,392.6173095703125,394.8712562176293,387.58190992572844,389.4042391811702,4041431
2025-06-03,390.60308837890625,398.70769455424295,388.4450602663156,393.2406782942948,4671387
2025-06-04,388.25323486328125,393.14477124476235,385.8074813076059,391.32244219640324,4366667
2025-06-05,391.2265319824219,395.015082117672,389.88376472301087,390.3633265492384,3695619
2025-06-06,401.29736328125,404.2706527020055,387.6778238602494,391.22656410362,11031104
2025-06-09,413.38232421875,414.9169280281131,404.0788124064697,405.61341621583273,9586201
2025-06-10,413.81390380859375,416.78716365940716,410.2171901792577,416.78716365940716,4964863
2025-06-11,411.12835693359375,418.36975823309615,408.0591787394138,413.8139207823993,4662364
2025-06-12,398.75567626953125,411.6559016777049,396.83742887917873,409.5458178402642,7636464
2025-06-13,391.7675476074219,393.3097262092402,386.5144098225678,386.5144098225678,7340189
2025-06-16,391.8639221191406,393.50252369606875,382.851701691552,391.96031563810794,4875821
2025-06-17,388.5385437011719,396.68328081407225,387.6710609113299,391.8638992980944,4437622
2025-06-18,382.7070617675781,391.333766162096,379.9600379264083,388.4421373480904,4637176
2025-06-19,376.2491455078125,384.4420946222242,374.56236186661005,381.02031587239594,5562987
2025-06-20,394.27362060546875,400.0086968199198,382.9962846333842,384.10473658491094,40786410
2025-06-23,396.0567932128906,399.23760287225576,388.9241139820048,389.69520330933267,5128511
2025-06-24,398.75567626953125,405.59917514003854,397.98455750463626,401.9364566061002,5682297
2025-06-25,397.9845275878906,402.8521206645257,395.7194123474898,402.8521206645257,5208380
2025-06-26,405.0690612792969,405.79196858675544,398.65928903619874,400.0087101270867,4936949
2025-06-27,406.32208251953125,412.3463099878861,404.20157209977424,408.6835914531956,5893639
2025-06-30,411.96075439453125,414.37044531800785,407.0449790276044,409.0691252863593,8309295
2025-07-01,408.3462219238281,414.12948019561185,403.0449018413597,414.12948019561185,5986456
2025-07-02,403.285888671875,409.79205451376225,401.45452935497116,407.7197260916033,5958682
2025-07-03,400.44244384765625,407.18957833934263,399.86411215104874,404.346131323206,4471741
2025-07-04,398.3218994140625,404.4907021365938,397.30984101828057,400.6834082244493,4544818
2025-07-07,396.6351318359375,399.71954802940644,394.9483481647033,398.70746017756215,3269596
2025-07-08,404.63531494140625,405.743796371863,396.2013961498617,396.63515231092515,4918959
2025-07-09,402.65936279296875,406.56305041483853,400.2978538662944,404.8280846751571,3945567
2025-07-10,413.9367370605469,416.8283662976721,407.0449971799261,410.3703825686896,26178377
2025-07-11,415.3825378417969,422.5152171727323,412.2499396059316,416.20180923288495,14700458
2025-07-14,409.8402404785156,416.39458796749057,405.8883415152342,414.3222596742979,4986863
2025-07-15,409.7438659667969,414.90061062058703,408.39444488178344,409.8402594904065,3974226
2025-07-16,408.4425964355469,411.4788010038919,406.4184502515931,409.6474418527609,3701435
2025-07-17,408.7799377441406,409.5028449568165,405.0690081693706,408.4425751618579,4052726
2025-07-18,405.2618408203125,411.4306438466539,402.99672541586636,408.7799837684064,5218834
2025-07-21,404.63531494140625,405.40643373716637,399.2858125025534,403.9124076164167,4051980
2025-07-22,399.71954345703125,408.39443080986143,399.1893938030326,405.020863505983,3407343
2025-07-23,404.0087890625,404.8280898893584,396.4423534041523,401.69549157473836,3652329
2025-07-24,406.9004211425781,408.05708460219427,401.2135561990083,404.0087919087114,2781973
2025-07-25,400.1051025390625,408.1052649532991,398.7556814519251,406.9004194442169,4213376
2025-07-28,390.51446533203125,401.936405026983,389.7915581287453,399.86407692726385,3493261
2025-07-29,395.7676086425781,396.6350914163478,386.85175300320697,388.44214299097973,4343591
2025-07-30,397.02069091796875,399.23762432973956,393.8399105028212,395.86405686481237,2147122
2025-07-31,395.14111328125,397.6953796729206,388.77952361970574,391.9121216924569,3924392
2025-08-01,389.261474609375,394.4182190282171,388.44217381878235,393.35794914716615,2424645
2025-08-04,398.8038330078125,399.4303467415881,388.5385559385006,389.4060387556646,3031304
2025-08-05,398.5628967285156,401.45452596717473,395.8640545385033,400.0087113478452,3014252
2025-08-06,400.7315979003906,404.6352854043075,390.8518651800563,398.611058135811,10816716
2025-08-07,394.17724609375,401.74365192821546,389.02050172519637,401.74365192821546,8387797
2025-08-08,390.0325927734375,394.85197493896914,388.87595870281456,394.22546114048487,6103086
2025-08-11,403.6714172363281,404.73168714014264,390.80369106172805,391.23741778476165,9713008
2025-08-12,400.68341064453125,409.5510554194884,399.5749293093862,403.86419083491893,6429327
2025-08-13,402.65936279296875,404.4907220548932,400.24967181275946,401.93645549890596,3883695
2025-08-14,401.45452880859375,404.6353092275623,398.94844423431687,403.86421985786507,3680607
2025-08-18,397.4671936035156,408.2620945417012,396.3001628475267,408.2620945417012,6119780
2025-08-19,398.7314453125,401.79486389559946,395.32764029153964,398.29380136684676,5315976
2025-08-20,392.3128356933594,399.99570394914156,391.92383534094466,398.682831469595,7517853
2025-08-21,389.2494201660156,396.9322884821221,388.32551835280503,393.62574094239807,6814781
2025-08-22,388.86041259765625,391.6320883070522,383.5601901063759,389.2494129459098,6199157
2025-08-25,388.32550048828125,390.2219179423341,387.45024230903505,388.8604019214152,3576487
2025-08-26,377.8710021972656,388.52006207819886,376.99574391308016,387.45028876249347,8672494
2025-08-28,371.25787353515625,378.98938532706444,370.5284867502149,378.1627410350327,6429323
2025-08-29,369.26422119140625,373.05702646540584,365.6659012490747,371.2578664942401,7398515
2025-09-01,378.843505859375,380.2536655956463,369.3128631967946,369.55599213899126,3520775
2025-09-02,381.8583068847656,384.87311167381904,377.53062956395365,381.1289200654217,4362539
2025-09-03,383.4629821777344,384.97039953049494,380.9344647477608,381.85833698445794,3271472
2025-09-04,379.3297424316406,387.01264031646406,378.5517417318525,386.08873851649435,2108026
2025-09-05,383.5602111816406,385.4079851964918,379.767405639825,379.767405639825,2886182
2025-09-08,384.28961181640625,387.88793214215195,382.68496668475143,384.4354832504064,2699778
2025-09-09,382.1014404296875,386.7208903412067,381.71244005711424,383.8033430286683,2829816
2025-09-10,387.0612487792969,389.93018196715536,383.1711859774949,383.2197998909879,4562765
2025-09-11,388.5686340332031,391.6806961284722,386.57498873014947,387.06124657760876,2141209
2025-09-12,384.82452392578125,389.97884592811306,383.9492359399877,389.0063301028559,2713735
2025-09-15,390.8054504394531,393.6257401091646,384.87309857492744,384.87309857492744,4377204
2025-09-16,391.9724426269531,393.13947334328657,389.6384108731103,391.43757086128096,3484057
2025-09-17,393.67437744140625,395.4249236596786,391.68073195599135,393.1395056318051,5034405
2025-09-18,396.78643798828125,400.3361146472641,394.5982774846694,394.84140642951513,4572862
2025-09-19,397.8561706542969,399.16907275816226,395.8138817903755,395.8138817903755,4772377
2025-09-22,397.6130676269531,400.3847434314228,395.9111650759941,396.78642330929375,3096650
2025-09-23,401.5517578125,403.5940468770406,397.85620973672263,397.85620973672263,4410834
2025-09-24,399.4122314453125,403.3509083716246,398.3424581817384,400.67649005210205,2610791
2025-09-25,394.25787353515625,401.5517415569419,392.89635744018796,399.70396759385454,2866572
2025-09-26,386.3804626464844,395.37623256667473,384.14368848380406,393.8688451542801,4214115
2025-09-29,395.279052734375,396.4460538692256,387.5475403711244,388.0337982636854,3646754
2025-09-30,398.974609375,399.8012537457898,393.38264349101155,394.98728863499935,4126060
2025-10-01,399.849853515625,414.68071903096904,397.1268212269611,398.73146631416756,13392846
2025-10-03,400.8710021972656,403.0591626248078,395.2303930656394,399.70397143104634,6422810
2025-10-06,394.744140625,402.52426669665834,392.60462376258937,399.0718476238902,3131710
2025-10-07,397.5644226074219,398.24519549689535,394.74413289742137,395.2790343616719,1919745
2025-10-08,389.00628662109375,398.2451859283447,387.40164162454664,398.2451859283447,4838089
2025-10-09,391.29168701171875,392.5073316031067,387.15849540099975,389.39526957762433,2638307
2025-10-10,392.75048828125,397.66168090605447,391.92384396491383,393.67436042871094,2216904
2025-10-13,392.0211181640625,393.18811929666737,389.4925711918458,390.9513448667216,2604983
2025-10-14,387.0612487792969,393.2853433264153,384.6785734416636,391.92382728154934,6584385
2025-10-15,393.8688659667969,396.008412418887,387.5475137969594,388.52002951539595,5923684
2025-10-16,390.513671875,397.2240540238645,389.7842850917603,394.8413786604185,4441896
2025-10-17,385.55389404296875,390.4650868756021,382.6849606115801,390.4650868756021,7566342
2025-10-20,387.01263427734375,389.9787952876781,385.60247464230514,387.93650638407263,4927347
2025-10-21,387.4989013671875,390.4650624482534,386.0401277839437,389.97880458717214,661678
2025-10-23,385.69976806640625,392.7018639437816,384.72725227686857,391.92386318368204,7783176
2025-10-24,382.7822265625,386.5264183453511,381.42071037205244,385.5052589433951,3294561
2025-10-27,385.991455078125,388.52000170080333,383.26842313297743,385.1161969299577,3263341
2025-10-28,383.7547302246094,390.85408350084515,382.4418279943942,386.088762145644,5914973
2025-10-29,397.5644226074219,399.7039691067741,382.441814723209,385.31074802750055,10111788
2025-10-30,393.9175109863281,399.8012493547649,391.72935044706094,399.36360537538076,5311440
2025-10-31,392.1669921875,397.5158290307269,391.43760534524176,393.9175087373891,4200882
2025-11-03,392.3128356933594,395.81389822274065,390.562319268081,392.16696427105694,3659563
2025-11-04,385.3107604980469,394.9386606990876,384.72724509944493,391.4375979863021,5105933
2025-11-06,375.48834228515625,387.01266002030053,374.85621297454196,385.31075743389437,6401150
2025-11-07,369.7991027832031,383.851966818355,363.9153945447043,375.48832568486347,16021457
2025-11-10,366.93017578125,371.1606251739183,364.0126285695926,367.6109486688334,7558172
2025-11-11,364.6933898925781,367.99993735850603,359.344553507487,367.65955092550814,8888268
2025-11-12,364.9851379394531,369.9936176418161,363.3804929368004,365.6659108151601,5333409
2025-11-13,362.651123046875,367.0760875875334,361.97037981826855,364.6934120903461,5884580
2025-11-14,364.30438232421875,365.1310265940202,360.94919133218707,362.9914802108662,4954031
2025-11-17,366.054931640625,369.7505093915718,365.1796733792097,365.2769308924394,5325450
2025-11-18,364.30438232421875,368.92383183795386,362.8942227063913,368.92383183795386,5223085
2025-11-19,363.3804931640625,366.6384267647128,361.77584816040627,364.30439497041056,5830083
2025-11-20,362.5052490234375,366.0549256066142,362.01899114413044,363.91540874495837,4429516
2025-11-21,359.5390930175781,363.1860271649887,358.8583201051977,362.50525425260827,3904024
2025-11-24,352.682861328125,360.7061169600762,352.05073197167627,359.8308586450835,11744103
2025-11-25,351.4671936035156,356.9132878553295,351.07819323099164,353.8012255174856,6113266
2025-11-26,356.0355224609375,358.29514783250744,351.2706922013179,352.6952392829952,5145168
2025-11-27,358.7372131347656,361.1933080213266,355.3969300853681,356.0355087595486,5016640
2025-11-28,356.33026123046875,358.73721625123227,354.70921460595434,357.6074185899247,3452880
2025-12-01,354.6109924316406,359.42493242271246,353.6776643802087,357.8039157906286,3010315
2025-12-02,353.9723815917969,356.91969544345756,350.1408795809634,350.1408795809634,4957405
2025-12-03,345.76904296875,355.44603263628187,344.491855665187,354.6600942814942,7313684
2025-12-04,345.8672790527344,348.4216237984365,344.44276196994343,345.9655288471129,3426935
2025-12-05,346.45672607421875,347.7339133576554,342.67433409045105,345.76903752002295,5225025
2025-12-08,336.4359130859375,347.2427313426936,334.1271777347592,346.8988720381983,7187288
2025-12-09,336.4850158691406,337.9586728729471,328.96937114605345,335.7972972747129,8160700
2025-12-10,337.8113098144531,342.8217495739675,336.5832623234755,338.59724821602754,7421279
2025-12-11,336.53411865234375,338.4498847093877,334.4710228759923,338.05691551301726,4526067
2025-12-12,338.1551818847656,338.94112031603515,333.83243056789536,337.9586822861336,3751220
2025-12-15,335.2078552246094,337.95866961252517,331.76932224890055,337.95866961252517,4861434
2025-12-16,330.24652099609375,335.64992988634606,329.1167233153666,334.9131014013116,8021854
2025-12-17,329.75531005859375,332.80087386743327,328.3799028492681,330.98335756363963,4746519
2025-12-18,329.16583251953125,331.376317969919,324.10628292941374,328.6255036243098,5409972
2025-12-19,332.75177001953125,333.29209893893983,329.1658472541922,330.0500654592303,8110376
2025-12-22,337.36920166015625,338.5481392474138,333.34119988225933,334.3727777665168,5485124
2025-12-23,348.667236328125,350.7303621015184,336.4359013530573,338.44988723801987,9432271
2025-12-24,346.1128845214844,350.7303549689081,344.8848370601086,349.7479169998075,4097578
2025-12-26,348.37249755859375,351.6145307496868,344.2953861268778,346.11287232034203,4086038
2025-12-29,345.37603759765625,349.8461481072857,344.04977039551017,348.3724912323449,3835579
2025-12-30,343.2146911621094,345.81814563720064,342.62522241753896,345.3760365833664,3196377
2025-12-31,349.158447265625,352.2531208634895,343.4111791658037,343.4111791658037,4910584
2026-01-01,356.7723388671875,357.55830722347986,349.99352294541234,352.5969775408212,7388994
2026-01-02,369.3475646972656,372.1474889104161,357.16530995378525,358.78635658029634,19990998
2026-01-05,368.4633483886719,372.2457405667547,365.1722051768603,371.55805197722987,6164496
2026-01-06,369.64227294921875,374.80007210664974,366.4493496612853,369.39666346553156,6800656
2026-01-07,370.3299865722656,371.01767512847033,366.1054855200393,369.49490834250713,5966190
2026-01-08,359.031982421875,372.83522445721803,356.72324710414097,370.3300195266392,7774241
2026-01-09,352.59698486328125,360.65298828822205,351.31982748252057,357.263565266132,5369561
2026-01-12,365.2704162597656,366.3019940918429,348.76547076279667,350.8777063499643,8700735
2026-01-13,363.0599365234375,368.3159856115261,359.57229375426425,367.2352978580157,5638105
2026-01-14,365.3195495605469,366.7440665673171,361.0459385769839,363.01081443318515,4944952
2026-01-15,365.3195495605469,365.3195495605469,365.3195495605469,365.3195495605469,0
2026-01-16,368.7580871582031,372.49133934142867,363.7967575670759,367.3335401510734,6139589
2026-01-19,365.6142578125,369.2001501445431,364.1406009652254,367.4317739204637,4895367
2026-01-20,354.16888427734375,364.7792022436258,351.7127893794426,364.2388733587384,4993397
2026-01-21,351.3689270019531,355.8390376657291,345.228689811294,352.7934740228368,6225235
2026-01-22,358.2951354980469,359.9161521334294,353.8741646842978,353.8741646842978,3365970
2026-01-23,352.35137939453125,364.5827443723106,351.36894140375796,358.58986663226756,6728741
2026-01-27,355.2986755371094,357.80391027683953,350.2882360392756,351.9092826280061,5750519
2026-01-28,376.3228454589844,377.4035332023318,355.7898982618907,356.0846476364183,12905737
2026-01-29,380.0069885253906,383.88763043543094,376.2737362937173,378.23861220125633,11535966
2026-01-30,372.6878356933594,377.6982751454771,369.3966626231312,377.25616608319785,17579735
2026-02-02,378.877197265625,384.1332464032741,366.8423321289495,376.27374264054725,14731376
2026-02-03,385.7051696777344,396.90495702315104,380.05615110624154,396.90495702315104,10172106
2026-02-04,407.31878662109375,408.5959439839956,383.1508066658457,385.8034011661833,22538378
2026-02-05,407.7117614746094,413.016920567351,398.4768504640402,408.39948005288034,21560718
2026-02-06,411.8380126953125,413.0169202808664,398.7715695886226,405.6486354400506,10129279
2026-02-09,407.90826416015625,422.84130357230197,398.3786036944203,417.53614443928143,19537837
2026-02-10,405.99249267578125,411.1994019443078,400.93294310700026,408.69419710375075,8675871
2026-02-11,408.5468444824219,409.6766421755492,405.05917162600326,405.99249970994174,3387714
2026-02-12,403.33990478515625,413.6063937728826,400.9329496987327,410.65907980300454,6977349
2026-02-13,393.5155029296875,400.83467753916847,392.385705300596,400.29434866748926,7060981
2026-02-16,404.56793212890625,405.99247913606945,390.27347207937953,393.0734262076777,4725398
2026-02-17,409.6275329589844,410.6590808584416,402.11185833117685,403.7820149110514,5584350
2026-02-18,413.0660705566406,416.5537134763502,410.315226157914,411.6415234589404,5455712
2026-02-19,402.3574523925781,413.85198845630003,399.8522476005083,413.3607694789039,4478620
2026-02-20,406.87164306640625,407.7645520885044,401.56375293874004,401.8117849047306,7321729
2026-02-23,408.5582580566406,414.213399210693,404.39133903338063,409.25275969918766,9008749
2026-02-24,416.0984191894531,416.9417339274632,404.04407172387715,407.7149569235259,8723019
2026-02-25,420.265380859375,421.90238582474365,413.7173307205599,417.6858422862248,7232299
2026-02-26,417.28900146484375,423.5393951339338,413.5685218338757,420.56301142915936,5228533
2026-02-27,410.5425109863281,418.7275661229942,407.36771988760137,416.6937160484558,6922370
2026-03-02,403.0023498535156,406.67320477831703,395.56139088485645,396.85114499515487,6388337
2026-03-04,393.4283142089844,400.8196793172312,387.92201636890445,396.85116764082295,10651800
2026-03-05,410.3937072753906,412.5764008061939,393.97400234142026,394.8669114122612,9973521
2026-03-06,404.6393737792969,421.8031744956799,402.5558991147321,410.7409543647544,8236742
2026-03-09,389.70782470703125,396.4543125535837,381.2251433230754,391.8905181850742,9226515
2026-03-10,408.905517578125,411.6338693675036,393.3291273469867,394.86691351733623,10244278
2026-03-11,403.69683837890625,413.66774198784077,402.25827108345317,406.8716597849765,5629884
2026-03-12,412.6259765625,418.0330855843951,394.8668936810561,400.72044207965405,8640995
2026-03-13,402.4070739746094,414.9574855946274,398.8850018360334,411.0385683597254,11202358
2026-03-16,403.0519714355469,406.772451171875,393.4283184066415,401.01812129062415,6317752
2026-03-17,414.7590637207031,416.04884817961147,401.11730485768425,403.6968434981597,8563553
2026-03-18,428.8472900390625,431.52604751288027,415.2055312466111,417.6362567423843,15012423
2026-03-19,408.6078796386719,423.2913603747222,405.8795279272386,419.670099613197,6730692
2026-03-20,409.6000061035156,425.12680155162496,407.81415773222705,411.73307501499266,12199222
2026-03-23,398.0,402.95001220703125,386.3999938964844,402.95001220703125,10830695
2026-03-24,398.75,409.6499938964844,395.54998779296875,408.45001220703125,12403753
2026-03-25,403.45001220703125,409.20001220703125,400.8500061035156,402.1499938964844,9329612
2026-03-27,396.0,403.95001220703125,394.75,402.0,9033117
2026-03-30,379.5,394.95001220703125,363.1499938964844,391.79998779296875,9142669
2026-04-01,397.70001220703125,400.1000061035156,387.1000061035156,393.0,10351420
2026-04-02,402.25,403.95001220703125,382.25,391.04998779296875,9147188
2026-04-06,405.8999938964844,407.54998779296875,398.8500061035156,402.6000061035156,7162794
2026-04-07,407.3999938964844,409.1499938964844,402.3500061035156,405.0,5054496
2026-04-08,417.6499938964844,425.79998779296875,413.75,423.0,14645774
2026-04-09,428.04998779296875,432.79998779296875,413.45001220703125,418.54998779296875,11760659
2026-04-10,434.8999938964844,438.79998779296875,426.3999938964844,431.0,10459717
2026-04-13,433.54998779296875,434.20001220703125,420.04998779296875,422.04998779296875,8965276
2026-04-15,444.75,446.5,438.0,438.79998779296875,13577979
2026-04-16,458.8999938964844,467.0,446.5,447.79998779296875,23065922
2026-04-17,464.8500061035156,467.20001220703125,455.45001220703125,460.0,10255394
2026-04-20,472.8500061035156,475.20001220703125,456.6000061035156,464.8500061035156,10992233
2026-04-21,471.1000061035156,479.0,469.3500061035156,474.0,5478143
2026-04-22,470.29998779296875,475.75,468.8999938964844,469.0,5219754
2026-04-23,469.79998779296875,472.29998779296875,466.1000061035156,467.5,6711033
2026-04-24,469.3500061035156,471.1499938964844,462.29998779296875,469.54998779296875,8149142
2026-04-27,474.8999938964844,478.3500061035156,470.95001220703125,471.0,6021520
2026-04-28,481.3999938964844,486.5,470.20001220703125,471.6499938964844,10746434
2026-04-29,464.75,477.8999938964844,461.8999938964844,477.0,10926068
2026-04-30,448.3999938964844,464.70001220703125,447.0,464.0,9436314
2026-05-01,448.3999938964844,448.3999938964844,448.3999938964844,448.3999938964844,0
2026-05-04,448.25,456.1499938964844,446.04998779296875,452.3500061035156,8092056
2026-05-05,456.8999938964844,460.25,444.0,448.25,7671690
2026-05-06,463.8999938964844,464.8500061035156,454.6000061035156,459.29998779296875,5229630
2026-05-07,457.54998779296875,467.3999938964844,456.0,464.45001220703125,3830694
2026-05-08,461.3500061035156,467.25,455.54998779296875,458.0,8789899
2026-05-11,448.5,459.45001220703125,447.3999938964844,457.0,5034155
2026-05-12,440.70001220703125,456.79998779296875,439.45001220703125,448.0,4928790
2026-05-13,446.0,453.8999938964844,437.1000061035156,440.04998779296875,12771382
2026-05-14,451.45001220703125,452.95001220703125,439.1000061035156,449.75,6275043
2026-05-15,445.75,452.3500061035156,443.0,451.45001220703125,3410695
2026-05-18,429.79998779296875,443.79998779296875,427.3999938964844,443.79998779296875,4593536
2026-05-19,431.6000061035156,434.45001220703125,426.1000061035156,429.70001220703125,3990614
2026-05-20,429.3500061035156,432.45001220703125,422.3500061035156,430.0,4861888
2026-05-21,431.0,441.6499938964844,430.0,435.3999938964844,6959709
2026-05-22,430.54998779296875,434.20001220703125,428.70001220703125,432.0,3609645
2026-05-25,438.8999938964844,443.6499938964844,435.20001220703125,438.0,4616153
2026-05-26,433.70001220703125,440.8999938964844,430.54998779296875,440.29998779296875,4643484
2026-05-27,433.5,435.6499938964844,429.25,432.0,3288554
2026-05-28,433.5,433.5,433.5,433.5,0
2026-05-29,428.6000061035156,439.25,425.1499938964844,435.95001220703125,16317068
2026-06-01,421.1000061035156,431.8999938964844,420.04998779296875,431.0,2620603
2026-06-02,413.04998779296875,418.0,409.75,416.1000061035156,6066023
2026-06-03,416.6000061035156,418.54998779296875,408.45001220703125,413.0,5373519
2026-06-04,424.45001220703125,428.8999938964844,416.0,416.0,6886255
2026-06-05,431.75,438.5,425.1499938964844,425.1499938964844,10804549
2026-06-08,428.3999938964844,435.3999938964844,425.20001220703125,426.20001220703125,6618546
2026-06-09,435.6000061035156,438.0,429.70001220703125,430.29998779296875,5861502
2026-06-10,431.29998779296875,440.6499938964844,429.8999938964844,435.6000061035156,4359935
2026-06-11,413.54998779296875,429.8999938964844,412.5,429.8999938964844,9264298
2026-06-12,421.04998779296875,421.6000061035156,414.20001220703125,418.1000061035156,5544060
2026-06-15,424.5,433.70001220703125,423.20001220703125,426.5,5820085
2026-06-16,427.5,433.95001220703125,424.8500061035156,426.5,5312213
2026-06-17,431.75,433.5,425.1000061035156,429.0,6800575
2026-06-18,429.29998779296875,436.6499938964844,422.6499938964844,432.1000061035156,4496589
2026-06-19,431.0,432.0,425.6499938964844,429.29998779296875,3496218
2026-06-22,440.95001220703125,444.79998779296875,430.54998779296875,433.0,10050117
2026-06-23,430.8999938964844,443.0,429.6499938964844,443.0,6123525
2026-06-24,437.1000061035156,439.0,430.1499938964844,431.0,5505436
2026-06-25,432.6499938964844,442.75,431.70001220703125,440.0,8674187
2026-06-26,432.6499938964844,432.6499938964844,432.6499938964844,432.6499938964844,0
2026-06-29,424.45001220703125,432.45001220703125,422.20001220703125,430.1000061035156,8257412
2026-06-30,424.29998779296875,428.54998779296875,422.79998779296875,425.45001220703125,7095981
2026-07-01,430.75,433.79998779296875,423.29998779296875,426.3999938964844,4626021
2026-07-02,430.04998779296875,432.3500061035156,427.5,432.3500061035156,3255339
2026-07-03,425.79998779296875,433.0,423.79998779296875,433.0,3916062
2026-07-06,421.1000061035156,427.79998779296875,420.0,422.5,6277060
2026-07-07,413.1499938964844,422.45001220703125,411.29998779296875,421.1000061035156,5865910
2026-07-08,403.6000061035156,415.8999938964844,402.0,408.8999938964844,6394399
2026-07-09,404.1000061035156,406.25,399.0,403.54998779296875,6397782
2026-07-10,406.5,409.79998779296875,404.20001220703125,406.29998779296875,3420598
2026-07-13,405.1000061035156,406.0,399.95001220703125,403.0,4979432
2026-07-14,409.1499938964844,409.95001220703125,400.1499938964844,405.0,4321273
2026-07-15,405.6499938964844,412.8500061035156,404.6499938964844,412.75,6011087
2026-07-16,401.3500061035156,408.6000061035156,400.79998779296875,407.45001220703125,3414601
2026-07-17,404.8500061035156,407.54998779296875,399.75,402.0,12783074
2026-07-20,413.8500061035156,415.0,401.45001220703125,403.25,4574238
2026-07-21,414.8500061035156,418.3500061035156,410.04998779296875,414.8999938964844,5594822
2026-07-22,412.29998779296875,414.29998779296875,409.1000061035156,414.0,2654166
2026-07-23,410.04998779296875,413.6499938964844,407.0,410.0,4168118
2026-07-24,411.8999938964844,414.1499938964844,405.29998779296875,406.0,4851080
2026-07-27,420.1000061035156,420.70001220703125,411.0,412.20001220703125,4447916
