Price,Close,High,Low,Open,Volume
Ticker,TCS.NS,TCS.NS,TCS.NS,TCS.NS,TCS.NS
Date,,,,,
2005-01-03,108.27268981933594,108.54791535337067,106.8485295311217,106.8485295311217,4734168
2005-01-04,107.31258392333984,108.33189506454639,106.66451471713513,108.01185992403074,4979104
2005-01-05,106.01166534423828,107.22779525886588,102.43527571062575,107.22779525886588,9604320
2005-01-06,105.6484146118164,107.69184244446441,103.41137173809084,105.6116136899651,8006888
2005-01-07,107.20861053466797,107.61185809480628,105.02437570622163,106.4117258483958,7623136
2005-01-10,106.20846557617188,108.76395141534962,105.77162070676566,107.9046577894308,7521568
2005-01-11,105.11238098144531,106.83577397214583,104.09146772648134,106.41172334836294,7986376
2005-01-12,103.85623168945312,109.44883921544638,102.9473230911087,106.08846948364634,20720032
2005-01-13,103.44335174560547,107.1077479433536,102.01119265615232,104.81149990553689,27757952
2005-01-14,103.72340393066406,105.44359302547467,102.17123135223942,104.3874710700369,15757776
2005-01-17,101.07194519042969,104.77955126464236,99.22693706838201,104.77955126464236,13651184
2005-01-18,101.11992645263672,102.73130494678101,100.61107162817532,101.98721915847723,6183264
2005-01-19,100.44303131103516,101.90718622626427,100.09898962656575,101.29112248434181,3538488
2005-01-20,99.5069351196289,100.41103841603041,98.41081852726485,100.41103841603041,4536200
2005-01-24,97.66355895996094,99.7997903286359,97.23950835068207,99.50695534273123,3628192
2005-01-25,98.84766387939453,99.20290801195338,96.57861559916653,97.19468918775365,4465928
2005-01-27,99.25572967529297,100.3150454919704,98.83488257178547,99.47174954615346,5455344
2005-01-28,103.14735412597656,103.59541127612167,99.41094659911263,99.43974859875902,8393816
2005-01-31,104.04346466064453,104.95556710219087,103.23217410702546,103.8514415518925,5853384
2005-02-01,105.2323989868164,105.61164000367532,102.97134900358343,104.57152536727548,8019840
2005-02-02,104.72830963134766,105.8884371638712,104.25146033642638,105.5316010619696,4870456
2005-02-03,105.18077087402344,105.47439090576263,104.45074077343104,105.25297380548504,3327616
2005-02-04,104.80852508544922,106.05519825003832,104.33521546916914,105.09251868952359,2684040
2005-02-07,105.39418029785156,106.75315851726307,104.37053004221579,105.30111851291606,5944216
2005-02-08,105.57386016845703,106.13542325445947,104.93207378445426,105.3941607643669,3284432
2005-02-09,106.921630859375,107.78803672657348,105.95573907890501,105.97499188976157,5537936
2005-02-10,106.91046905517578,107.78008756302354,106.13550863109799,106.69707216882867,4376648
2005-02-11,110.8493881225586,111.26975758407397,107.33881445385073,107.33881445385073,10367096
2005-02-14,113.08760833740234,113.75666808611236,111.59545653970186,111.59545653970186,8875264
2005-02-15,110.81727600097656,113.51598946271335,110.22683358428844,113.11487289217374,3976720
2005-02-16,109.75836181640625,112.23244674970938,109.18395999024624,112.23244674970938,3126832
2005-02-17,110.85739135742188,111.18951706405817,108.34960969129087,109.75833583462104,4124976
2005-02-18,110.30705261230469,111.67084889914773,108.70258639248935,110.70816916725852,2545144
2005-02-21,109.5497055053711,110.37119109840233,107.90833055886783,109.98611544228362,1777152
2005-02-22,109.38131713867188,109.90276887306128,108.38173740924363,109.48079330149353,2139040
2005-02-23,110.3038558959961,110.87665159132642,108.71543999306617,109.38128769121793,5166816
2005-02-24,109.74224853515625,111.98369234761375,109.19993831191631,110.30381156454465,10806440
2005-02-25,109.42940521240234,110.62793667858978,108.55496923656914,110.4514493262053,5070896
2005-02-28,110.78038024902344,111.1092938896866,107.49924462973289,110.62795398835944,6402408
2005-03-01,108.89993286132812,115.52156809988784,108.38169340482533,110.78839274023966,4958152
2005-03-02,109.74549102783203,110.30705421291596,109.23205987146405,110.30705421291596,2658112
2005-03-03,111.47509765625,111.91150772413846,109.42458533026873,109.90592514843706,2891160
2005-03-04,111.69169616699219,112.59340530563871,110.86860429810667,111.83128393021758,4017872
2005-03-07,112.3286361694336,112.95438168969659,111.83125573539563,111.91147901784569,3658032
2005-03-08,113.43257904052734,113.98933405523759,111.9404270283835,112.63355778992953,5027680
2005-03-09,112.91433715820312,114.43858043067621,111.91636363196967,113.03467215339838,5422088
2005-03-10,112.27731323242188,113.11483968525266,111.5312327130897,113.11483968525266,2302280
2005-03-11,114.51557922363281,115.11244582710628,112.7137665588427,112.7939898802369,5205744
2005-03-14,116.47301483154297,117.12603375653723,113.91710132485127,114.55888781118846,6534032
2005-03-15,115.73495483398438,117.28647079593961,114.71932506032397,116.40401444932174,4146480
2005-03-16,116.4890365600586,117.73569984228972,115.5215389705964,115.5215389705964,5473416
2005-03-17,117.20304870605469,118.22509293442351,115.5215711924215,116.16335769904607,6805328
2005-03-18,117.82401275634766,118.12886535829844,114.31825679835333,117.045850293893,6123464
2005-03-21,116.84202575683594,118.32936889003061,115.89057858280516,117.94109085547677,4354120
2005-03-22,115.80718994140625,116.89340712341433,115.52961057246117,116.70889934813495,2684432
2005-03-23,114.01815795898438,116.16332802597827,113.3843919870065,115.52154168329331,3439416
2005-03-24,111.05792236328125,115.36110119351781,110.52043019003348,114.71931481691966,5954576
2005-03-28,111.70296478271484,113.02343763871048,111.02908686340584,111.59065016401554,3699728
2005-03-29,109.97814178466797,112.15219160907084,109.28019308561879,111.91152166999558,3053400
2005-03-30,111.55531311035156,112.31261633706912,109.10368444172428,109.99416108410588,4115256
2005-03-31,114.88457489013672,115.93067998276895,112.09280034703475,112.67361621107169,6914640
2005-04-01,116.40084075927734,116.88539281034815,113.43578959082518,114.9600328738702,5562672
2005-04-04,114.53965759277344,116.86934613142743,114.1818646897895,116.48427024651575,5257360
2005-04-05,114.35508728027344,115.72209526902809,113.60419846462683,114.63908085923129,3367832
2005-04-06,115.63069915771484,116.16338325052946,114.47869330007289,114.47869330007289,1953408
2005-04-07,114.33423614501953,116.32377777866284,114.07752551810935,115.60176812348494,2483216
2005-04-08,111.79594421386719,115.1123714350338,111.51516277044423,114.77542782719848,4052280
2005-04-11,109.39247131347656,112.31260089533151,109.11168981123824,112.07193103627009,2822992
2005-04-12,110.86857604980469,112.23237184781242,109.50478025179696,112.23237184781242,4112696
2005-04-13,112.44097137451172,112.87417913788188,111.15419634684083,111.83127627448994,4638600
2005-04-15,105.81459045410156,111.91156458185874,105.49369707895644,111.91156458185874,9862480
2005-04-18,105.78726959228516,108.19717109457743,103.56829016100309,104.2902999297475,6024304
2005-04-19,96.96590423583984,108.21321740291596,94.51107307661931,106.6969949892291,27235152
2005-04-20,89.54522705078125,96.26794226977299,87.70812165343828,96.26794226977299,47498256
2005-04-21,91.6471176147461,92.09636622311106,89.04788023314745,90.25122996602782,13252336
2005-04-22,93.6013412475586,93.99443738855005,91.47542373041763,93.05903093900062,12958672
2005-04-25,92.815185546875,93.69283391480033,92.0963876065963,93.44414353750635,6880584
2005-04-26,91.1898422241211,93.36390198983497,90.98126355459289,92.81837950686685,5539000
2005-04-27,89.50196075439453,91.5428375157553,89.12811730434103,91.5428375157553,6537368
2005-04-28,89.43297576904297,90.65236651653522,88.01783499624013,89.4570368932707,8728872
2005-04-29,90.7405776977539,91.83161267961219,89.6142491625246,90.55606997326358,11065704
2005-05-02,90.56411743164062,94.50308089934319,89.69770156736121,92.25682770309395,5129600
2005-05-03,88.93555450439453,91.05345172783011,88.67563177804713,90.65233520039473,5503048
2005-05-04,89.91911315917969,90.21112723172351,88.76710740942825,88.76710740942825,4792144
2005-05-05,91.20270538330078,92.25684124889122,90.29618751458808,92.25362918155834,6495064
2005-05-06,93.66071319580078,93.99764717622506,90.82562419961603,91.45457219975407,8188664
2005-05-09,94.28324890136719,94.84481207617578,93.5612391051847,93.8612735037231,4739040
2005-05-10,92.45732879638672,94.50302240533063,91.95673632021678,94.50302240533063,7075952
2005-05-11,92.18458557128906,92.46536710149056,91.29089689715899,92.09634190608797,3213288
2005-05-12,91.99691009521484,93.19544198913697,91.70810805511566,92.97884290728442,3608944
2005-05-13,92.14449310302734,92.33703100810249,91.46741305842659,92.17658438602065,2388752
2005-05-16,92.6017837524414,92.97080907207814,91.63589182965367,91.85570294672412,5775200
2005-05-17,92.30174255371094,93.43609161679106,91.80756418837596,93.14728963965743,4666576
2005-05-18,91.67118835449219,92.57771583222217,90.09079278993543,92.57771583222217,4588224
2005-05-19,93.25959014892578,94.02171153078798,92.5135095105809,92.53436835288362,3659448
2005-05-20,93.83399963378906,94.2383184575325,92.03217742977743,93.46015626671453,3265616
2005-05-23,98.17727661132812,99.06775326600967,93.86125923531999,93.86125923531999,10362016
2005-05-24,99.0645523071289,99.85394691078447,96.68994436411744,99.85394691078447,6128856
2005-05-25,101.12628936767578,101.83546060902272,97.47131106057343,98.65058967230107,7894472
2005-05-26,103.49288940429688,103.969411171582,100.3722006443507,100.92092535019302,9782096
2005-05-27,101.81939697265625,104.21005496049642,100.70108899722021,102.92648230509384,7363480
2005-05-30,105.82259368896484,106.94251804598241,101.40229012091078,101.81944752387363,17893184
2005-05-31,107.03874969482422,107.73188023800536,104.73634471584293,105.89476456090973,10365568
2005-06-01,104.65128326416016,106.69697718768342,104.09453832438082,106.69697718768342,7530088
2005-06-02,101.76805877685547,105.01228383824203,101.49047954162225,104.9320605503595,11076624
2005-06-03,103.74161529541016,104.0255992549161,101.16644808469378,101.76812312424845,6548528
2005-06-06,102.71792602539062,104.42667661843787,101.9076725691949,103.88918436935631,5792512
2005-06-07,102.49806213378906,103.39175050398214,101.80814399564957,103.39175050398214,3698192
2005-06-08,103.6565170288086,103.96938983642994,102.37294431477861,102.68581712239994,4832512
2005-06-09,102.4692611694336,104.21010347663844,101.99272950696216,103.80898683508093,3598336
2005-06-10,101.57554626464844,104.29030026176243,101.16961162612206,102.68583410388915,6642624
2005-06-13,102.01676940917969,102.92649893366305,101.09740368705708,102.28471250227622,2590032
2005-06-14,101.56749725341797,102.67778477959057,101.097380183982,102.44513529372234,3452384
2005-06-15,102.05691528320312,102.51739641870252,101.58680773972031,101.86437733064786,2791072
2005-06-16,102.50133514404297,103.3196189084998,101.47127042612637,102.50936531059419,4593552
2005-06-17,101.6958999633789,103.20409255392511,101.33007691139854,102.90245207723865,3067992
2005-06-20,103.96139526367188,104.44754345744994,101.90768037016893,102.28472603132646,6412672
2005-06-21,104.69949340820312,105.28512778752851,102.95063023252635,104.29035627677216,10463544
2005-06-22,106.96652221679688,107.41898273670371,105.01228409435785,105.01228409435785,11537376
2005-06-23,104.88395690917969,107.31953541301498,104.69141900760032,106.69700174720953,3676944
2005-06-24,106.35684967041016,107.36285304930765,103.88918002401519,104.29029654920444,6021320
2005-06-27,105.61078643798828,106.93768325592242,104.93210029913467,105.87070920575712,3548128
2005-06-28,106.18038177490234,106.53656861396027,105.41826023737778,105.73433541656598,5776112
2005-06-29,106.90241241455078,108.94007729736765,106.06808776864568,106.29591929894583,6446640
2005-06-30,108.95127868652344,109.50482150103973,107.40297463187333,107.40297463187333,7189000
2005-07-01,108.4940185546875,108.83897295059417,107.52812666037761,108.30148063054496,4820568
2005-07-04,109.02828979492188,110.05835429101373,106.77721915188684,109.0074309521527,3951648
2005-07-05,105.91080474853516,109.8866764976512,105.3011095810256,109.8866764976512,5187376
2005-07-06,106.54703521728516,107.31205437928458,105.98817330581838,106.78056934855084,3057216
2005-07-07,105.46468353271484,107.90790911044031,104.9493005082542,106.54697903697996,3488888
2005-07-08,105.58068084716797,107.05435306956763,104.1682207659218,105.54041668622938,6088000
2005-07-11,106.78535461425781,107.10263137521537,105.58064464754476,105.58064464754476,3791264
2005-07-12,103.55130004882812,106.37784024215468,102.45611758843594,106.18457043617708,6150600
2005-07-13,102.33213806152344,104.68678464670637,102.02935088259767,103.47886020847514,6469840
2005-07-14,98.64717102050781,103.6962916786543,97.95140530406366,102.96832250515266,8860408
2005-07-15,100.53631591796875,101.61862092567006,97.84667969516268,99.1302955379401,9341720
2005-07-18,106.47450256347656,119.10134254036988,100.82142046013732,100.82142046013732,14475608
2005-07-19,106.22969818115234,109.35741410609982,101.46564195411324,108.58434451437684,4677744
2005-07-20,105.35197448730469,107.50530085051543,105.10233867607214,107.50530085051543,3494304
2005-07-21,103.90560913085938,106.37782257431265,103.07616419009855,106.37782257431265,4198984
2005-07-22,104.20039367675781,104.51445600601247,102.30315208130462,103.47886326994411,5179296
2005-07-25,103.42731475830078,104.87682399783056,102.68967285953048,104.41298025477194,5433024
2005-07-26,101.88928985595703,104.04261691498608,101.46570999449108,103.54817172000173,5229680
2005-07-27,103.43859100341797,103.72044002522566,101.86828931048947,101.86828931048947,2597408
2005-07-28,206.87718200683594,206.87718200683594,206.87718200683594,206.87718200683594,0
2005-07-29,102.1742935180664,103.88148925438787,101.62669723956395,102.6735649607322,8358552
2005-08-01,100.83751678466797,102.67356565549382,100.06928361318144,102.02933936118484,5430792
2005-08-02,103.90560913085938,104.52567274902182,101.30454261808124,104.04250322938073,4821520
2005-08-03,104.74803161621094,105.28274090855147,103.31784768491903,104.4855084732521,7274320
2005-08-04,104.30508422851562,106.28125181038075,103.72044799764768,105.08942906593961,6346936
2005-08-05,103.5110855102539,105.33102324245675,102.85074750928854,104.68679680060687,3162848
2005-08-08,103.32262420654297,103.88148577590653,102.05027339445189,103.88148577590653,4109360
2005-08-09,103.43055725097656,103.63992887864772,101.78777785750638,102.67358921544354,4743752
2005-08-10,105.73844909667969,106.0283488866791,103.53197265427158,103.53197265427158,6958080
2005-08-11,105.72234344482422,107.02207090312562,105.21823568787089,106.02835480307775,3645312
2005-08-12,103.30653381347656,106.97379574306892,102.72189756875561,106.97379574306892,3821832
2005-08-16,102.19526672363281,103.88152489770242,101.86831705084772,103.88152489770242,3653408
2005-08-17,104.6191635131836,104.84786116452008,101.57036283128544,103.0762383184222,5637488
2005-08-18,106.03491973876953,106.94699998164809,105.35692399854094,105.49413507623703,7813656
2005-08-19,106.97600555419922,107.51195220398644,105.82501344582815,106.13980266384547,4966272
2005-08-22,106.37066650390625,108.83569643594933,100.4897950232815,106.94697060710682,4492016
2005-08-23,106.22537994384766,107.40381245052542,105.97838826238986,107.10839392550749,4686416
2005-08-24,104.58203125,106.3819729736299,103.63767321558483,106.22539118740069,4036760
2005-08-25,106.83876037597656,107.35048851732522,104.92904892670886,105.33262219181158,6341224
2005-08-26,110.15613555908203,110.57907957154998,106.94692002357937,107.22618958257372,8198664
2005-08-29,109.39750671386719,111.2248892404821,107.35058250351321,110.57917145098729,4081336
2005-08-30,111.73811340332031,112.2740597739447,109.42160726861118,109.42160726861118,5807592
2005-08-31,113.39279174804688,114.24029564577982,111.3862265591866,111.4508022258735,7408896
2005-09-01,114.95867156982422,115.7448316324318,113.72696497217323,113.79637840294238,7600184
2005-09-02,115.19600677490234,116.22915879422034,114.2161390650359,115.42201185814936,4920864
2005-09-05,113.82872009277344,118.40040214347489,113.51393077427245,116.22917461924979,7254784
2005-09-06,112.87625885009766,114.60678687545536,112.03198637085437,114.21128293570528,5023440
2005-09-08,113.49296569824219,114.2113286760367,112.61802089319575,113.0006078773508,2878192
2005-09-09,112.35163116455078,114.13058631347225,109.04556019059478,109.04556019059478,3741776
2005-09-12,115.43819427490234,132.21071785616803,113.52525925805881,115.34134054729188,6631072
2005-09-13,114.80855560302734,115.5026998369249,113.85611849760737,115.5026998369249,2244984
2005-09-14,113.01347351074219,115.17985284754437,111.95126552175475,114.61485006553119,3890080
2005-09-15,117.02823638916016,117.42050861827497,113.16200058959816,113.16200058959816,11040736
2005-09-16,117.64970397949219,119.27206691671023,115.9224080274898,117.42047706973094,5480184
2005-09-19,117.37197875976562,119.45764185607379,116.47120080967194,119.27199428231593,2877448
2005-09-20,118.68771362304688,119.4577348778118,114.61485373411674,117.43986773460553,6293424
2005-09-21,117.33161926269531,119.13478114534945,113.00046992106317,118.97335190260507,6215320
2005-09-22,113.118408203125,120.02274605513921,112.75842383256858,119.13488445015835,6482408
2005-09-23,114.00621795654297,115.40581716226635,113.029572605829,113.029572605829,3815824
2005-09-26,118.31965637207031,118.89272865366333,114.29199169965192,114.61485043326675,2290048
2005-09-27,118.02908325195312,119.5384438619329,116.73764834189848,119.05415577066242,6404008
2005-09-28,118.61024475097656,119.0461060761982,116.79416410660978,118.16631392679803,5900064
2005-09-29,118.88137817382812,120.6199748871178,118.24696220740019,119.45768195696402,8421888
2005-09-30,119.64818572998047,120.41013726625232,118.18725231163758,119.45770030912851,4982976
2005-10-03,120.90254974365234,121.46755263731116,117.47217503215235,117.47217503215235,4472520
2005-10-04,120.2455062866211,121.2334532129903,119.72409259016692,121.05588485249338,6350472
2005-10-05,118.65054321289062,120.18412166258105,118.2469699366563,119.78054838634672,6577720
2005-10-06,114.99098205566406,118.25185719147903,114.38562193835433,118.25185719147903,8233792
2005-10-07,116.61654663085938,117.35911757395063,114.22738477319757,115.01839239537802,6206624
2005-10-10,116.91522216796875,119.0541613377659,116.49550974372136,117.02015520046406,5371728
2005-10-11,118.46981048583984,119.03804513455496,114.77630497492908,117.84346361701579,11565120
2005-10-13,116.3340835571289,119.86131147556604,115.45105974842404,118.65059115763103,13605792
2005-10-14,114.94255065917969,117.19771406406706,114.21127093709015,117.03628470585208,5226192
2005-10-17,115.75775909423828,116.39055937670737,114.92962575454925,115.42198329312868,4388816
2005-10-18,116.55043029785156,118.47870906847277,115.7529164413892,116.63455269094158,10941600
2005-10-19,113.3668441772461,118.0904647416148,110.98562749051324,118.08722622688983,10058832
2005-10-20,114.56069946289062,116.06837628107853,112.51434307347633,114.45878497676212,6352952
2005-10-21,115.52322387695312,116.21397544724809,113.96539938784507,115.58307716481944,5923416
2005-10-24,113.84403228759766,116.7962931604199,113.32314497151712,115.84185966856606,3149632
2005-10-25,116.47278594970703,117.36250862015619,113.92494375705719,114.72245762047372,5420312
2005-10-26,115.0378646850586,116.87716263449097,114.78226895581992,116.47274338662076,4142808
2005-10-27,113.34259033203125,115.57498355047656,112.42859849557253,115.09776666129476,6771944
2005-10-28,110.17678833007812,113.96538649041138,109.59765698687539,113.96538649041138,4501496
2005-10-31,113.33932495117188,113.884481408944,110.03117291281346,110.40647522955153,2851968
2005-11-02,115.58304595947266,116.14923302855335,112.29916293350843,113.34256679266092,2852888
2005-11-04,115.58304595947266,115.58304595947266,115.58304595947266,115.58304595947266,0
2005-11-07,118.47547149658203,118.7132653617583,113.88450173068227,113.88450173068227,4188480
2005-11-08,119.46549224853516,120.0527100145335,118.93166060858773,119.22284060551172,5782184
2005-11-09,117.83161926269531,119.95563036156015,117.30263562256188,119.46546939712115,5000792
2005-11-10,118.87991333007812,119.4574255204643,117.84783404846104,117.84783404846104,3095696
2005-11-11,119.92326354980469,120.35518058651809,118.494851854334,118.494851854334,5919888
2005-11-14,122.15894317626953,122.51159575230841,120.51699625771214,120.51699625771214,8040360
2005-11-16,122.27218627929688,122.70087489379308,121.5086470113384,122.2366021029957,6742576
2005-11-17,121.94539642333984,122.7817329994751,120.71595549159102,121.32582312201097,4878464
2005-11-18,123.5064697265625,123.83324382341598,122.29644981123774,122.29644981123774,8707720
2005-11-21,122.83513641357422,124.45604292461026,121.81114355772586,123.70382863950253,6597336
2005-11-22,121.31444549560547,123.33169377266728,120.35516425564789,122.45814427624389,4751000
2005-11-23,122.67333221435547,123.10524931266735,121.24492031516975,121.32580418462616,6054776
2005-11-24,123.2880859375,124.01118321572581,122.61998417841394,122.61998417841394,4544088
2005-11-25,124.05162811279297,124.56120061015261,122.16380073306696,123.28808886912286,3344264
2005-11-28,125.18075561523438,125.37002114062852,124.23764675613252,124.46412558244015,2535248
2005-11-29,124.99472045898438,125.37002287357038,122.98880601711997,124.94943061720946,3303424
2005-11-30,123.0323715209961,125.5721253382895,122.53898221417622,123.91400709710757,4023376
2005-12-01,125.37811279296875,125.74694806147691,122.8432145080619,122.94350973928329,4161968
2005-12-02,125.37001037597656,127.34357896563145,124.6469132489687,125.74693201046676,4784360
2005-12-05,123.86228942871094,125.70158735928183,123.4497837748168,125.5317332516215,1913080
2005-12-06,125.69354248046875,126.98768448798967,123.45306307935616,124.15674884653767,3233064
2005-12-07,129.05506896972656,129.41418860381302,126.20310299848852,126.34060162447246,5618952
2005-12-08,130.75367736816406,131.4120636015203,128.78819472023372,129.00981580829216,9585192
2005-12-09,136.10325622558594,137.0657760561653,130.32815698914422,130.8700748577515,6194224
2005-12-12,133.4745330810547,137.9069722681718,132.81128942189918,133.487477262392,6191488
2005-12-13,134.8819580078125,135.7231523450845,133.05398427155185,133.62017143866484,6027072
2005-12-14,136.20037841796875,137.5026070155886,132.6495738268031,134.2672515563983,4819208
2005-12-15,136.11138916015625,137.38126205161396,134.94665938236528,136.68566269947434,4249016
2005-12-16,138.6673126220703,139.6055635658857,136.12755705758147,136.69374416358448,7907432
2005-12-19,140.2979736328125,141.78946791713383,138.87764769750075,139.605602752409,4701168
2005-12-20,136.9768524169922,141.54679169160693,136.45110719070908,141.54679169160693,4628568
2005-12-21,136.37831115722656,138.68350178901593,135.15696651649145,137.90701849827522,3282432
2005-12-22,136.26504516601562,137.47830315659635,135.8007725648349,136.69373360542832,2519208
2005-12-23,135.21841430664062,137.90699325625346,134.67163857575486,136.4510836500291,2455032
2005-12-26,134.50180053710938,135.39960959376182,133.96473041100703,135.39960959376182,1625280
2005-12-27,137.353759765625,137.74523494415737,132.8922025914566,134.49046870282763,1565208
2005-12-28,136.34266662597656,138.31137667322017,135.614712011907,137.0981189831042,2582056
2005-12-29,138.31622314453125,139.11211735964795,136.01912013085354,136.69368858686948,3461784
2005-12-30,137.73382568359375,139.11208918738467,135.8848226741704,135.8848226741704,2380248
2006-01-02,136.4996337890625,138.38423214075547,135.9949191682035,138.14966691426486,1653504
2006-01-03,140.1879425048828,140.7347183455555,136.04669163173193,136.31037388101873,3396936
2006-01-04,140.9887237548828,141.53873822288597,139.29824827449963,140.73798564022837,3545616
2006-01-05,140.1199951171875,141.22325240903126,139.27395290432085,141.14236853021737,1431824
2006-01-06,137.9555206298828,140.7298411982733,136.85550202096653,140.33350827800055,2965744
2006-01-09,136.60964965820312,139.92912761384105,135.96581706292878,138.32439402475157,3883272
2006-01-10,135.2782745361328,137.4864081685519,134.3481100176482,136.69374228165287,3972648
2006-01-12,135.37530517578125,136.61283211593653,130.62742680120633,133.7010133141759,13919696
2006-01-13,133.6007080078125,136.69370562206595,132.9730485459624,135.88486712726083,3608568
2006-01-16,130.12266540527344,133.53919744400204,129.6211896307827,133.53919744400204,4804912
2006-01-17,131.3068389892578,132.6495088726558,130.22299346644866,130.30387731332223,3753056
2006-01-18,131.23883056640625,131.5824123663029,129.82397666001432,131.12861612480873,3165120
2006-01-19,133.73468017578125,134.08636341222962,131.58243178877598,131.58243178877598,3574728
2006-01-20,133.21925354003906,135.314781487175,132.48995105715562,134.11062324134102,3294240
2006-01-23,131.44955444335938,132.49002378706476,130.56953015127638,132.49002378706476,2280272
2006-01-24,133.1058349609375,133.62445215688646,132.1172286591288,132.48998136841075,1890064
2006-01-25,133.80270385742188,134.5125591306286,133.1787489659287,133.62443385750922,6365736
2006-01-27,134.44769287109375,136.13643010338777,133.75404059821938,136.13643010338777,3003816
2006-01-30,134.42666625976562,136.10405813801214,133.87563371957904,134.953384758668,1383144
2006-01-31,135.35858154296875,136.10408700434851,133.89673164905707,136.10408700434851,1503160
2006-02-01,135.05551147460938,135.97443006181885,133.73790386991303,134.1916902159547,3896696
2006-02-02,132.63583374023438,135.81234770110615,132.05725250394286,135.3261459790258,3135736
2006-02-03,132.14968872070312,133.52726085768356,130.6586674881989,132.88709300390252,4357520
2006-02-06,136.06027221679688,136.37953983173946,131.78979584254344,132.07665793305452,2894976
2006-02-07,135.6584014892578,137.23045592999884,133.24036067765047,136.13650189689875,7002784
2006-02-08,134.7183837890625,135.49630450807118,133.89670175295126,135.00200143914472,3332648
2006-02-10,135.29368591308594,135.97437007777012,133.30512825231511,135.33906947356974,2728200
2006-02-13,133.78651428222656,135.32615315040482,133.54341340830368,135.29373772218847,2020544
2006-02-14,131.15782165527344,135.32618762050083,130.78830348472357,135.32618762050083,6962064
2006-02-15,131.2226104736328,133.53531330850473,130.058968799613,133.53531330850473,4209320
2006-02-16,132.0167694091797,132.87896853687946,130.6262293591998,131.67966669274173,5284488
2006-02-17,131.6796417236328,134.22409954822177,131.2744735952524,133.70548236553486,2923448
2006-02-20,133.69415283203125,134.1106669059941,131.87414054199456,132.81412873651016,2643608
2006-02-21,135.00201416015625,135.4071822698806,133.79461121481773,134.11064431876267,2301240
2006-02-22,134.66653442382812,135.32614929663728,133.8108245157241,135.32614929663728,1156592
2006-02-23,135.37152099609375,136.9387083448156,134.51580127126854,134.51580127126854,4141584
2006-02-24,135.3310089111328,136.13647832650105,134.2159855354004,135.34721167802348,1097336
2006-02-27,136.97604370117188,137.35204103592082,135.03448055196446,135.08309876512095,2521112
2006-02-28,137.82196044921875,138.08126403058532,135.32612143842576,137.35196157971956,2821744
2006-03-01,141.01470947265625,141.43609025535872,136.7247941374245,137.75716172275574,4506152
2006-03-02,141.14437866210938,142.1329849771803,139.40701251614357,141.43609774755652,3277696
2006-03-03,138.2239227294922,141.16058063048382,137.54323827277616,141.16058063048382,2124440
2006-03-06,141.34689331054688,142.05188157843355,138.56743724992663,139.0536387841369,3631584
2006-03-07,139.75869750976562,141.80885230263246,139.3778434060159,141.01148415424638,1985168
2006-03-08,139.5852813720703,140.99850299889195,138.16232621443146,140.35023401958668,3813488
2006-03-09,139.77166748046875,140.02611426864428,136.94683629282918,139.37784522110425,4662712
2006-03-10,142.91583251953125,143.83475148608073,136.94689014731065,137.10895747292878,6434944
2006-03-13,148.17800903320312,149.717647122025,143.7373745857833,143.7373745857833,7178552
2006-03-14,146.11654663085938,148.10510441693387,145.13927668227922,147.87821627560646,3477456
2006-03-16,148.7291259765625,149.09377731032728,146.37104932991022,147.23810521125299,4600064
2006-03-17,150.8035430908203,152.38369843218035,149.10183733858645,149.10183733858645,5932240
2006-03-20,154.61215209960938,155.17938745846538,151.16822313512645,151.85700892802302,7012872
2006-03-21,155.19564819335938,156.80011847869997,153.85535829981785,154.61220984876462,5301384
2006-03-22,153.42579650878906,155.58453309246275,152.44042502949995,155.58453309246275,5121168
2006-03-23,151.87319946289062,155.50350942387786,151.39186453092393,153.96387071671077,2644488
2006-03-24,153.27191162109375,154.36911045870755,151.4567656897727,152.91050469059377,2917384
2006-03-27,153.23135375976562,154.77423728001702,152.79378005995386,153.55873279876036,2928432
2006-03-28,152.9590606689453,154.85524937433792,152.424240749937,153.9638795453909,3751272
2006-03-29,153.81472778320312,154.19882622299065,151.28971825357448,152.2621213703623,4284296
2006-03-30,159.4822540283203,162.87756443952384,154.19886634252384,154.19886634252384,5784168
2006-03-31,155.219970703125,158.65579975421483,154.77428558755872,158.65579975421483,2920168
2006-04-03,158.07716369628906,158.50177912304562,155.58456846433924,156.15180387019882,3105672
2006-04-04,157.89891052246094,158.8259305937803,157.2101245989675,158.04800964678333,2971608
2006-04-05,156.56185913085938,159.24407063451847,155.58458868511616,158.02369926895474,2776928
2006-04-07,153.09365844726562,161.82422447883022,151.93811762534133,157.85357500488797,7385560
2006-04-10,153.48577880859375,155.58130705040978,152.3432067364304,153.96387914852008,7034440
2006-04-12,144.30470275878906,153.96390820076948,142.86230008313504,153.8180436994377,13157376
2006-04-13,145.63040161132812,148.26722921145588,143.42952544552207,146.26570250235443,8601672
2006-04-17,154.49546813964844,154.8552526756662,147.0970944449441,147.88636113714853,9688752
2006-04-18,162.8370819091797,169.19822195887892,160.28452252617936,160.28452252617936,14778488
2006-04-19,163.10122680664062,166.11891796903666,161.90516980591963,164.41721198008554,9803312
2006-04-20,161.24884033203125,164.0898745735297,160.04143713176546,163.679849503653,6296944
2006-04-21,161.9910430908203,164.49497357082285,159.23103375762534,162.06720993142528,4973000
2006-04-24,160.3865203857422,162.03960735532286,159.2309807721034,161.9050888461387,5234808
2006-04-25,156.1484832763672,160.4384066707267,153.88278726744076,160.4384066707267,5702208
2006-04-26,157.39649963378906,158.5017996692143,154.77425223323073,156.23285775165908,7071136
2006-04-27,157.68008422851562,162.31034662684354,156.394892156669,157.39646654843875,7164848
2006-04-28,160.28936767578125,161.33793797411892,148.32069602559497,154.5311138707407,5292360
2006-05-02,163.1336669921875,164.04448421126523,160.44658902447742,160.7707235477592,6239280
2006-05-03,164.6246795654297,165.3004972430552,163.28762472359062,164.012060598923,3148160
2006-05-04,165.60838317871094,166.75905647272478,163.79323824592257,164.33615947088728,3929824
2006-05-05,162.60699462890625,166.52415868690196,161.6621394551676,166.52415868690196,2710520
2006-05-08,163.64419555664062,169.5223791144465,162.87762046846916,163.7689905307344,1484712
2006-05-09,164.08164978027344,165.6650490618733,162.47232410606853,164.66023071497818,1800392
2006-05-10,163.82574462890625,165.87590016064712,162.25369955597114,165.6652146253696,1978192
2006-05-11,163.58253479003906,164.44149891822698,162.50479377642193,164.44149891822698,1964024
2006-05-12,161.7560577392578,164.08171844750834,159.66052971944015,162.95859377192892,2777136
2006-05-15,158.89877319335938,162.14821826774204,155.58449728838818,160.4465128286503,4034504
2006-05-16,160.01718139648438,161.66216882546559,155.56844090465637,158.82274591289777,2671568
2006-05-17,163.40919494628906,163.68794590808767,161.25693681044282,161.66210499338362,1343368
2006-05-18,156.04322814941406,162.05916425876362,153.96390236150134,161.2569293154672,4542360
2006-05-19,153.3448028564453,158.80971614910214,150.033769835797,158.0155825977878,4868216
2006-05-22,144.28036499023438,155.58455533909014,141.32263776634022,155.58455533909014,4699416
2006-05-23,148.3076629638672,151.85693793529487,137.83812776303978,145.86045265930136,5388136
2006-05-24,145.10366821289062,152.3432092263138,142.61917459484698,151.5328730070249,5705568
2006-05-25,152.09681701660156,153.83418247952292,141.40362672488968,144.23980261908517,5839048
2006-05-26,151.2379150390625,153.96388736875477,149.18290349783027,153.15355111944552,2208184
2006-05-29,149.9575653076172,151.1276859132199,149.12615965972125,151.1276859132199,2802688
2006-05-30,150.75169372558594,153.56680069901003,148.696682451044,151.12769088348617,4516056
2006-05-31,144.47483825683594,149.19099082679045,140.18815792347507,149.19099082679045,5769856
2006-06-01,138.5156707763672,147.88640270813337,136.94686058999747,147.88640270813337,5942760
2006-06-02,145.37429809570312,145.86049976157506,136.78473533196592,138.96454144565135,4213560
2006-06-05,143.2350311279297,146.21707243377352,142.15404535857618,145.37432076979158,3211680
2006-06-06,141.71974182128906,144.87195254794267,136.9468582163356,141.38750585959804,2971136
2006-06-07,138.07801818847656,145.8604887655421,137.21096257308926,145.8604887655421,5410536
2006-06-08,133.53526306152344,139.78295125217443,130.56132419255883,139.78295125217443,5360992
2006-06-09,135.42013549804688,137.10887322360327,131.67962115151025,135.68754048592163,4061912
2006-06-12,132.79469299316406,137.6761588340526,131.3555347086517,137.6761588340526,3591904
2006-06-13,127.2519760131836,132.0362049190906,126.49350238767656,131.35552041667117,2736984
2006-06-14,120.22634887695312,131.67639396768396,117.6008574914009,126.57127567592123,12786016
2006-06-15,125.64753723144531,128.5193649511407,121.63150491277565,128.5193649511407,5967360
2006-06-16,136.93905639648438,139.37714048662951,128.43827185296297,128.89337889900548,8390168
2006-06-19,135.58670043945312,136.93902529814983,132.97795303955243,136.53267804207223,4294088
2006-06-20,130.6293182373047,137.18289069908752,130.03117601809245,137.18289069908752,3687920
2006-06-21,133.3876190185547,133.85085114718424,129.62483763191187,131.65657489886974,5963496
2006-06-22,136.26939392089844,137.34540088328365,134.09462216415267,134.09462216415267,3668104
2006-06-23,137.74038696289062,138.15811327231427,132.06290239265334,134.0946393525403,3304720
2006-06-26,132.7537384033203,139.78355069097702,131.49894198923528,139.78355069097702,6575056
2006-06-27,133.65252685546875,134.74478379090152,130.03115444236576,134.74478379090152,5002632
2006-06-28,138.04434204101562,139.1788707713523,130.51878988835807,131.65656265201747,4785400
2006-06-29,136.59771728515625,139.7834762643406,135.7200031171214,138.97078163489675,6318576
2006-06-30,141.30809020996094,143.60313901782106,138.61807300817605,141.0025162399092,5449760
2006-07-03,146.3013153076172,146.89458648544903,140.79125046400304,141.57143549524326,4285520
2006-07-04,147.51220703125,148.80439353596967,146.69138740165224,147.17900420187934,3584768
2006-07-05,149.74720764160156,151.32383823026797,146.28512825697226,147.66671002384365,4245072
2006-07-06,146.634521484375,148.88568203157251,145.6479088420137,148.56060412320664,2310920
2006-07-07,141.95338439941406,148.86942448226893,141.4088828990159,147.8860559233383,2928672
2006-07-10,146.15182495117188,147.71544942441489,141.4089378580813,141.4089378580813,3859312
2006-07-11,143.84368896484375,147.50406858520478,143.29106259412268,146.28502669607087,3618984
2006-07-12,153.62367248535156,155.14340750101806,144.65964659602523,144.65964659602523,9521616
2006-07-13,151.7593536376953,154.31121693489928,150.3696477092727,153.7618345337215,5383576
2006-07-14,152.3234405517578,154.08698488094447,148.324974865149,149.53589250049464,4949808
2006-07-17,151.07997131347656,155.54979294996994,150.42981543907752,153.17672797665,8996832
2006-07-18,149.08883666992188,158.47546007432416,147.54471680253104,151.16120807089382,11043936
2006-07-19,142.83596801757812,154.00563870908684,141.86073442153113,152.94913564670262,14046384
2006-07-20,146.7857208251953,147.91048791154782,143.84701296892288,144.32650499627124,6312720
2006-07-21,143.648681640625,146.67515617283055,142.4328835177503,146.1225197605611,4391664
2006-07-24,147.7528076171875,148.88569949887025,141.00255929614622,145.87872849370748,6825088
2006-07-25,150.12905883789062,150.75482963417497,148.32162706492625,149.53578788511157,4636600
2006-07-26,153.50181579589844,154.0056826627588,148.9263395670214,150.99871155008225,5908720
2006-07-27,154.38766479492188,156.03418565444375,152.42094686808707,154.00570211411625,7399848
2006-07-28,151.1480255126953,158.71804338542177,150.42358095482268,153.0445939211884,3019608
2006-07-31,152.40150451660156,157.09816591691083,151.40030497691924,152.21428511120376,1724700
2006-08-01,151.72592163085938,152.98759104356233,140.4929939564717,140.4929939564717,1762508
2006-08-02,153.06088256835938,153.43531158018408,149.77239963264654,150.58638006543265,1784732
2006-08-03,153.7934112548828,154.98182028451413,152.5561554673134,153.4352580022632,3010272
2006-08-04,154.42022705078125,156.90286738901338,153.51671075100944,156.28424424280917,2674200
2006-08-07,152.3933868408203,154.98184815318606,151.56313091451284,154.81905209420162,1719964
2006-08-08,155.43763732910156,155.95858657841498,152.21427813237787,153.02825822934247,1178400
2006-08-09,157.27719116210938,158.72607934810586,153.5980060153209,154.6561798776416,2052120
2006-08-10,157.22032165527344,158.72618546610573,156.28424415124255,156.44704023890012,2279124
2006-08-11,157.5214385986328,158.53891381161563,155.79580461192654,157.89587742603558,1893972
2006-08-14,157.0412139892578,158.72614913634607,156.12141233000605,158.52265407335076,1721428
2006-08-16,158.27032470703125,160.2727141715884,157.58657929720422,159.37733588012702,3804268
2006-08-17,156.30860900878906,160.02849424433055,155.95859357687556,158.72612603074495,2497168
2006-08-18,157.8633575439453,158.31918457139278,156.2842336128916,157.09821399629206,1803640
2006-08-21,157.79824829101562,158.8889840829403,155.79585836821093,158.8889840829403,2414088
2006-08-22,158.79129028320312,160.02853643781216,157.9121875327343,158.23777967197702,2178096
2006-08-23,156.78890991210938,159.3366726887473,156.3005216433316,158.88898344236767,2497736
2006-08-24,157.97726440429688,158.7098465064548,155.18530864044948,157.91214202070393,2369852
2006-08-25,158.62841796875,159.0354079471835,157.52954502697958,158.07490762356895,2611752
2006-08-28,159.71917724609375,160.4029225430294,157.63539009908862,158.7261254613097,2300316
2006-08-29,161.18441772460938,161.49373429505164,160.0285693669715,160.35416157321154,2679596
2006-08-30,160.15870666503906,161.98202389615113,159.71101765427082,161.34711550636797,2744772
2006-08-31,162.4785919189453,163.44723038106963,160.19130945714394,160.19130945714394,6076856
2006-09-01,162.67401123046875,162.95890442001422,161.347218973214,162.1449238784557,1728728
2006-09-04,165.58802795410156,166.05199278295223,162.63327528447968,162.63327528447968,2010492
2006-09-05,163.74026489257812,167.67993128477792,162.95884584083757,166.5403589362406,3945288
2006-09-06,161.75418090820312,165.64501118977893,161.34719070871964,165.64501118977893,2800432
2006-09-07,160.63082885742188,161.98203378515763,159.58893039424146,159.58893039424146,1583584
2006-09-08,161.3308563232422,163.77279663085938,160.3540802001953,163.77279663085938,1570564
2006-09-11,155.21786499023438,162.63322160572164,154.4934207245544,162.63322160572164,4073480
2006-09-12,159.1982421875,159.5401098770097,154.98182102338086,155.47020911484108,1835256
2006-09-13,162.7879180908203,164.09842435360997,159.70293084413828,160.028522955951,2307632
2006-09-14,164.97755432128906,165.4008201621509,163.1053993686663,164.26124758229355,2388728
2006-09-15,163.23558044433594,165.0751735867945,162.25880426926616,165.0751735867945,2359700
2006-09-18,162.16928100585938,164.5867982519615,161.5099490875753,163.93561408479252,1390388
2006-09-19,164.43215942382812,166.05198221801535,161.23322278698615,162.3076728150601,3973944
2006-09-20,167.68807983398438,168.33111628469206,161.835549892617,164.58680712168632,2695896
2006-09-21,171.42416381835938,172.2218680803444,165.72630462211762,168.00544830061432,5107184
2006-09-22,169.23463439941406,171.56260589008437,167.69619986998265,170.121864884475,2488644
2006-09-25,166.9636688232422,170.9358974626014,166.41830588680406,170.4475091841368,1349580
2006-09-26,170.0078887939453,170.93581814341385,166.849642084212,167.67989779782502,3717008
2006-09-27,169.73924255371094,171.74976905102903,168.68106862116903,170.9357891029199,3352740
2006-09-28,166.125244140625,170.7730697426463,164.91241148646398,170.13003324411946,6121572
2006-09-29,166.38575744628906,168.51024463334605,166.05202741765777,166.39389526429747,1752804
2006-10-03,165.1240234375,168.49390349464937,164.26120640203015,168.49390349464937,1632712
2006-10-04,160.74484252929688,165.40080612888394,160.08551050072086,165.40080612888394,6947628
2006-10-05,162.75535583496094,164.26121934231116,161.6564824647324,162.47046273897575,5849400
2006-10-06,161.85179138183594,163.93557827433318,160.84245415594955,162.95880223694888,2766944
2006-10-09,163.1461181640625,164.26126749214612,159.62971638680023,160.3541610304895,1546832
2006-10-10,164.66822814941406,165.69384142398755,163.28446152630974,163.28446152630974,2769780
2006-10-11,170.08119201660156,175.7220797464394,167.67995001397426,167.67995001397426,6773716
2006-10-12,176.23492431640625,176.63376680855862,169.47073847715163,170.93590336312124,5052848
2006-10-13,179.6617431640625,182.3316027502765,176.16162757555273,177.35004686393424,4874112
2006-10-16,183.91064453125,187.21541148297337,181.51755113349157,183.1455112333435,9727060
2006-10-17,181.8269500732422,190.43071913240897,180.70365311987516,185.91312780441208,8749216
2006-10-18,180.0931396484375,181.8431972766596,179.23846034163137,180.71990049891554,4995084
2006-10-19,177.83839416503906,181.15128953177253,176.25113280989657,180.05241628590466,3103620
2006-10-20,177.38258361816406,179.40125874369525,176.8127974061832,179.07566662256332,2129404
2006-10-23,176.3214874267578,178.73752916580887,173.268804082659,178.73752916580887,1327904
2006-10-26,176.18275451660156,178.2478146472217,175.48896095005483,176.46843422047374,5140212
2006-10-27,175.43182373046875,177.93763878660988,173.43206586337152,176.49291974158155,3126408
2006-10-30,176.19900512695312,177.61108251663788,173.07285019459866,175.65213675358672,4154172
2006-10-31,177.46421813964844,179.37420286665784,175.5052717083159,176.30517881993006,3430936
2006-11-01,176.8275909423828,180.5332772852312,176.35419473805442,179.08038774737216,1910904
2006-11-02,176.31336975097656,177.9376550531942,174.99923506149005,177.9376550531942,2204376
2006-11-03,174.1748046875,177.61113095498243,172.71376521173843,177.12139438065805,3144440
2006-11-06,172.9423370361328,174.65641528517168,172.38729818905225,174.10137643809114,2536892
2006-11-07,173.88096618652344,177.10506514298075,173.0728889219906,175.32568502456363,3219180
2006-11-08,173.5789337158203,174.81959542737312,171.595497069938,173.85644307181838,2436760
2006-11-09,173.62789916992188,175.48890174131537,171.9546328975047,174.50942880136387,3365420
2006-11-10,174.46046447753906,178.70484763807175,173.87278464079745,174.67269160653768,3313476
2006-11-13,175.61134338378906,176.30513674598393,174.03602035237856,174.80328614467484,2023316
2006-11-14,180.59033203125,181.20250264830509,176.46838320974575,176.46838320974575,6003860
2006-11-15,179.04766845703125,183.16144699613335,178.02738410433443,182.0187285211129,2698040
2006-11-16,177.50497436523438,180.54950665001715,176.87648323263434,179.57003373871507,2101688
2006-11-17,178.77828979492188,179.16191268397628,176.50100341300674,178.5905535091299,2221684
2006-11-20,182.48397827148438,182.99820558220122,173.94625057410684,177.12953782553674,5174936
2006-11-21,187.49566650390625,188.05885562660634,181.8555253194787,182.21465752418115,4158152
2006-11-22,187.4221649169922,191.16049105896874,185.34078467702477,188.38531740567885,5591464
2006-11-23,186.77731323242188,190.89926145466995,186.09984052922064,188.71176811559565,3870324
2006-11-24,187.73233032226562,188.85872828968516,185.47138406865298,187.73233032226562,3205304
2006-11-27,189.49546813964844,190.01784599959996,187.7324079892955,187.7324079892955,2933708
2006-11-28,187.7078399658203,188.711803807201,181.39024689238164,187.73233077705981,2682960
2006-11-29,190.1074676513672,190.80126070760494,187.73223874669102,189.36469299666226,2603156
2006-11-30,195.6987762451172,196.71089069931787,190.34431415386277,191.45439188148046,6254552
2006-12-01,194.15621948242188,195.89478972673638,192.8339336372561,195.89478972673638,3762140
2006-12-04,194.65390014648438,197.69026186763685,194.26210703756223,195.89456171855014,2234092
2006-12-05,194.57241821289062,197.4781776913188,193.44601968241645,197.4781776913188,2116476
2006-12-06,195.66615295410156,197.03741984488943,191.3564655519566,191.3564655519566,3180856
2006-12-07,194.9642333984375,201.51852847625497,193.78885308973443,196.7109533953698,2872872
2006-12-08,192.12367248535156,195.73139479253803,191.54414287008007,195.73139479253803,1887268
2006-12-11,191.5604248046875,194.09890031126918,185.12039777374198,191.8134633017168,4279432
2006-12-12,182.9165496826172,192.62965517669636,180.38624489004192,190.9972004718091,5118300
2006-12-13,182.97369384765625,186.26309428345863,176.3622518507412,182.91656191464978,3617220
2006-12-14,187.6670379638672,189.36479528640388,180.3944623082487,180.3944623082487,2916024
2006-12-15,189.39747619628906,190.73610164195154,187.4058884882072,190.73610164195154,2305716
2006-12-18,192.8338165283203,194.00102626041289,183.48800827752976,188.54862060546876,2351424
2006-12-19,186.40187072753906,193.2500314287629,183.6511880300854,192.79293605647186,3623628
2006-12-20,184.26333618164062,190.64623048603536,182.02688106894496,187.732302643532,3755660
2006-12-21,185.6019287109375,187.73229006041942,181.36571674532692,185.6100989553886,2255816
2006-12-22,188.37725830078125,189.3649021840109,184.1573633884622,185.2837620507348,1750016
2006-12-26,194.49069213867188,194.98042863729495,188.2220609708104,188.2220609708104,1797392
2006-12-27,195.24169921875,196.87415489783655,192.80118594949064,195.07845365084137,2394400
2006-12-28,197.83731079101562,199.15959592602047,193.93573767222324,196.77621458321303,2418308
2006-12-29,199.48606872558594,200.69408982119535,196.3027803948585,198.09031125575416,1874468
2007-01-02,203.81201171875,205.36284400655785,198.50653283940727,200.6940265782222,1545060
2007-01-03,208.97874450683594,210.26021778033714,202.28567856817614,204.54662490587145,4384972
2007-01-04,205.5342254638672,209.77043761436968,204.07316649056418,209.77043761436968,3970700
2007-01-05,206.17909240722656,207.09326333660997,204.56295776866696,206.50558344825146,2718740
2007-01-08,203.0448455810547,205.52617024528888,198.34336524863065,205.52617024528888,4951892
2007-01-09,205.10169982910156,205.99138004847154,200.01659728779765,203.71411274324456,4020568
2007-01-10,201.67349243164062,204.87310021039687,200.7919627560065,203.1671927254333,2931428
2007-01-11,208.57057189941406,211.89261311961803,195.71499155798887,195.71499155798887,7400664
2007-01-12,216.12890625,216.95330412755246,210.6112194257888,210.6112194257888,6175748
2007-01-15,216.52064514160156,223.31982358039363,212.22730084062792,220.38140484907265,12255832
2007-01-16,216.15335083007812,226.73981694487898,215.32080281076097,226.73981694487898,7625964
2007-01-17,212.97836303710938,217.9328627094734,212.21926705791418,217.10031418573422,2633828
2007-01-18,214.74119567871094,216.45527271571092,213.03528888428409,213.03528888428409,2719816
2007-01-19,211.91708374023438,216.54508823685674,210.93761104560858,214.74121805328502,2882056
2007-01-22,214.91148376464844,216.375927475324,211.08270617920917,212.72711194382964,3180956
2007-01-23,213.1526336669922,214.99340070363522,212.71085756763813,214.85432452225342,3124152
2007-01-24,213.8806610107422,215.00147903381836,212.40804814064754,214.5924199032365,2355148
2007-01-25,215.2386474609375,224.00069885708888,213.18518335256988,216.80126076380043,5553976
2007-01-29,212.342529296875,215.16503642873482,211.2380699844081,215.16503642873482,2982324
2007-01-31,209.09469604492188,214.98514828203537,208.1293123780097,212.23626258194523,4865928
2007-02-01,211.4099578857422,211.89263969329036,208.62016649339398,211.06633222088,1859904
2007-02-02,212.79261779785156,213.85617182759862,211.90087663927122,212.54718225252532,4274616
2007-02-05,213.65972900390625,214.9850763188974,211.72896231637804,213.52882211968574,3010736
2007-02-06,212.44898986816406,214.98515690531625,211.08273613641694,214.83789159876287,3411964
2007-02-07,213.74160766601562,214.73970805622184,211.92536895391802,212.710770557722,2599984
2007-02-08,213.44705200195312,215.14874196127087,212.27713890657282,214.57605918472288,2650024
2007-02-09,210.64910888671875,215.5659880024585,209.9537083151862,214.248829492299,1993360
2007-02-12,205.47865295410156,212.49809379078744,204.529627493095,204.529627493095,1786388
2007-02-13,205.00411987304688,210.24007781710188,202.07525190337222,205.5113493041583,4130352
2007-02-14,206.28848266601562,207.31113030961077,202.8932924892797,205.02039958795763,3137876
2007-02-15,211.44265747070312,212.71074073276384,200.45532559890435,206.98391309765097,3673556
2007-02-19,214.3142852783203,215.7705199238711,211.92536378072805,212.93984249201034,4738696
2007-02-20,212.63714599609375,216.60501994989426,211.89265031635614,214.985141640016,5400148
2007-02-21,210.06829833984375,214.63340389248228,209.4383510443128,212.71082527938017,3938188
2007-02-22,211.7781524658203,214.73973729519346,210.42006783329023,212.71079952043337,6939112
2007-02-23,209.004638671875,212.62890605177668,208.2928798798859,211.8925997207009,3167688
2007-02-26,210.43637084960938,211.70445412854846,201.66614726353586,208.12928139490273,4677684
2007-02-27,206.8447723388672,211.76164940169866,205.18398884908018,205.18398884908018,4709968
2007-02-28,195.26846313476562,203.70325010206943,191.7669131155823,201.74795552176874,9347956
2007-03-01,205.2904510498047,207.47482315055916,194.77762976634773,196.34841307623896,7858564
2007-03-02,197.7473907470703,206.1658204249871,196.51202407175356,205.31498534600337,5311752
2007-03-05,189.0753173828125,196.18475700978613,188.1671981328224,194.7121441548336,5120880
2007-03-06,195.89840698242188,218.4375638517713,189.98340828115604,197.98460843493876,3623920
2007-03-07,195.00660705566406,200.38980731213815,189.37795143493773,196.67555972278015,4440632
2007-03-08,199.35910034179688,201.2080359846282,194.7121837270378,194.7121837270378,2274988
2007-03-09,198.33642578125,201.7479751373952,196.02114697047804,200.97895191584578,3232148
2007-03-12,202.07522583007812,205.1349803694045,198.1482578787244,200.38989409485205,3636936
2007-03-13,207.0493927001953,207.62207553603312,196.36475923069864,200.52080437692578,2032088
2007-03-14,198.5654296875,203.2041547975915,197.16643990455267,200.43891193616352,3824948
2007-03-15,201.9606170654297,204.69312319052997,200.9297803980582,201.25702759740358,3823288
2007-03-16,202.50888061523438,205.81407143623034,198.82734728677997,203.1224695033101,4224284
2007-03-19,206.31295776367188,206.94290449622255,196.6428090359314,199.01535073602648,1213696
2007-03-20,205.02047729492188,208.86563389223286,204.2023588699621,206.16584308986558,2775592
2007-03-21,207.31117248535156,207.70387325510117,202.89333376624776,206.32943054777294,1970036
2007-03-22,213.20982360839844,213.85612909250062,208.94741916688852,208.94741916688852,4125592
2007-03-23,210.78004455566406,215.98328625953692,209.43833819106612,214.67429664584276,5265296
2007-03-26,206.38665771484375,212.4979961824501,205.38855758586175,210.2563604842321,6098736
2007-03-28,196.51202392578125,207.78569856869814,195.37484743038533,207.78569856869814,8818048
2007-03-29,204.25961303710938,205.64224509089246,194.5403626357815,194.5403626357815,10266624
2007-03-30,201.88702392578125,205.31495116295108,199.6617464197341,204.25956670233208,2807056
2007-04-02,194.58128356933594,199.62090119551308,193.89407206285492,197.9846643004679,3875896
2007-04-03,196.78204345703125,199.09732276742142,194.3849522980308,195.53031817857476,3256852
2007-04-04,196.08657836914062,200.38986820912532,194.77758922111377,199.29359778708857,2402496
2007-04-05,195.39942932128906,197.33019711667907,194.07408124582196,196.25845381122485,2533992
2007-04-09,199.1626434326172,200.7252568452194,196.43013722656278,196.43013722656278,2284524
2007-04-10,195.9147491455078,200.43894650417676,195.58750188590915,199.16267420230693,3480240
2007-04-11,194.8020782470703,197.89454820148606,194.22120649768183,197.2318846285041,3826336
2007-04-12,196.5037078857422,197.82088554318267,191.76681377717958,194.3847907570728,3694956
2007-04-13,206.4930877685547,207.54028333357363,195.36667733411593,197.98465625986623,9778848
2007-04-16,209.47909545898438,213.67604442423232,207.84285960302668,210.0926839049685,9986220
2007-04-17,204.57052612304688,215.16516044935545,202.5661358450966,210.37097816245242,10464964
2007-04-18,204.12051391601562,206.98392793888556,203.05696013609247,205.18406769593875,2853584
2007-04-19,203.36781311035156,204.20228962612543,197.18283192550984,201.2570642949794,3164652
2007-04-20,205.7812957763672,207.46660745567306,204.54592917924867,204.85681812159547,2870752
2007-04-23,204.1695556640625,207.76927520953598,203.7114015506588,205.34763770769217,2265224
2007-04-24,200.41445922851562,206.4930828980869,199.45726470108394,203.54785667608564,6922516
2007-04-25,199.84173583984375,200.7498550636365,197.65736416273015,200.43896614184143,21752404
2007-04-26,202.95884704589844,204.46417713778098,199.62091947955378,200.76628541099382,5941756
2007-04-27,201.99337768554688,202.32062495599732,199.17086997791165,202.0751895031595,4805284
2007-04-30,207.14756774902344,207.7857040614522,197.1665238053501,203.0651651418269,3888052
2007-05-03,211.1072540283203,211.85993889983268,208.21931219087662,208.58746545358005,6643028
2007-05-04,208.30111694335938,217.60311840328177,207.6384331035919,212.5471431060409,7101200
2007-05-07,208.27659606933594,210.24008032174805,207.0085124896531,209.7655676326962,5553328
2007-05-08,207.237548828125,209.43827900479377,205.7158408427945,207.80204245006883,8191004
2007-05-09,202.81143188476562,212.71065869317894,200.4388899224186,212.71065869317894,4699828
2007-05-10,201.20799255371094,211.0581481767178,200.60259304374895,203.7114423649816,3044200
2007-05-11,204.94679260253906,206.0021570619118,197.9845989236801,204.52954434264473,3867656
2007-05-14,204.57052612304688,209.19289553954445,203.89148378926703,209.19289553954445,1260376
2007-05-15,202.57427978515625,206.1658111244351,200.43898303764522,206.1658111244351,4203120
2007-05-16,200.30807495117188,206.98392821423752,198.07462798923504,206.98392821423752,6523616
2007-05-17,204.5294952392578,205.13489455573261,201.2570233154297,201.76425246890636,2931260
2007-05-18,204.99591064453125,208.7838025938322,204.52958718047827,206.15763470499786,2921004
2007-05-21,202.41067504882812,207.80206714799434,201.25712015120712,207.80206714799434,2856844
2007-05-22,201.36338806152344,203.54775913469095,199.7926054905706,202.48420573085212,6160224
2007-05-23,201.8134307861328,203.1387784672783,200.4553463880949,203.1387784672783,1271812
2007-05-24,200.39804077148438,204.5295374275203,199.78445215920183,204.5295374275203,4552804
2007-05-25,201.24891662597656,202.07522411483018,197.65738520705656,199.7763036567187,5244168
2007-05-28,200.52078247070312,204.52956188362214,200.2017243436007,204.52956188362214,2585172
2007-05-29,201.4452667236328,202.07521380027586,199.62085897679071,200.422618880514,2967280
2007-05-30,198.9090118408203,204.5294778987619,198.0172513330326,204.5294778987619,2600056
2007-05-31,197.7146453857422,201.09347795637512,196.34839182070803,201.09347795637512,5176492
2007-06-01,199.4081573486328,201.1098475003349,198.17281063228572,201.1098475003349,1728988
2007-06-04,197.67372131347656,204.5295560261924,196.67562107478662,200.92983584013143,1853384
2007-06-05,197.66554260253906,199.2608730627665,196.3483643356851,199.2608730627665,1751600
2007-06-06,196.40570068359375,199.13003923314602,192.78143180061315,198.80279183917207,3832020
2007-06-07,197.4937744140625,198.7045935957439,190.67067520129058,196.3484086966653,2008940
2007-06-08,199.6371307373047,201.33882000471434,194.71206485624546,197.41185399080686,6019076
2007-06-11,199.84173583984375,202.7951506365124,199.30178979275823,202.32882724061463,2648136
2007-06-12,199.18722534179688,201.25706829088824,196.34835930818366,197.98459563575184,1402072
2007-06-13,196.880126953125,199.6208226742676,195.25207987238852,199.45719904912474,1768488
2007-06-14,197.0928497314453,199.62082680275006,196.56107293873305,197.98459051748162,4176068
2007-06-15,194.4415740966797,200.2859806722009,193.71922720753858,200.2859806722009,4983152
2007-06-18,190.8626708984375,196.18174480752296,190.43583596378798,195.8534071593095,2874456
2007-06-19,190.435791015625,191.33871933509562,187.6941803161954,191.2730478129253,3495436
2007-06-20,188.3016815185547,192.57007185812088,187.3166683632702,190.60004554755187,4024968
2007-06-21,188.0718231201172,188.92551313046843,185.51079316934752,187.97332582203796,3043728
2007-06-22,187.14419555664062,189.61494374881536,186.24948370825197,187.9732559241503,2677304
2007-06-25,184.81300354003906,188.79409644329994,183.66382208342768,187.14419219311134,2803776
2007-06-26,184.15643310546875,187.15251503475318,183.51617049337335,185.67499517921564,2832744
2007-06-27,186.02793884277344,186.9390639482228,184.52578983740298,185.4943900732258,2956696
2007-06-28,186.6352996826172,187.80089417589036,184.68990337509362,187.80089417589036,4342792
2007-06-29,188.68751525878906,189.77924241740328,187.16075656100793,187.31670899503212,3004456
2007-07-02,186.24130249023438,189.2866419972251,185.6749280996198,189.2866419972251,1477152
2007-07-03,185.11672973632812,188.79411476233474,184.52572608075153,188.79411476233474,1829368
2007-07-04,183.48330688476562,187.15247642775515,183.212424292434,185.18245036009458,2415464
2007-07-05,182.49826049804688,185.21524226239566,180.7170329287644,185.21524226239566,3179204
2007-07-06,190.21414184570312,191.24019661762344,180.60205272630066,183.04817131058516,7605684
2007-07-09,193.1857147216797,194.11327283056062,191.25673052964254,191.81490868685674,5359768
2007-07-10,194.23631286621094,197.00255304046019,191.74915162604793,194.54002112745445,7492968
2007-07-11,188.6134796142578,194.5399674413653,180.5856237852336,194.04746119467828,6062124
2007-07-12,190.8544464111328,191.9133271548289,186.16741915618132,189.61496395536986,5763944
2007-07-13,186.4958038330078,207.09899342899593,185.55183299494462,202.92910084934925,5784648
2007-07-16,185.23171997070312,186.8241497867475,182.88409741866144,186.33164324073675,3990240
2007-07-17,189.73814392089844,193.0297373019686,188.79417305562035,193.0297373019686,6164688
2007-07-18,191.52752685546875,192.07748830541004,188.35906112634223,189.9432939909055,4371180
2007-07-19,194.08038330078125,194.54006404199995,191.33877184890378,191.58502509452654,4075512
2007-07-20,193.0460205078125,195.35257922259223,191.65058625298798,195.19662693957517,3744932
2007-07-23,195.51686096191406,196.181752742495,190.78059420289532,192.0447062237304,4716456
2007-07-24,192.3894805908203,195.68927048953643,191.5850492124908,195.34451991029317,3127176
2007-07-25,188.4986572265625,192.2417148572611,187.97332494582744,191.74920832901876,2670172
2007-07-26,195.21316528320312,198.64429807618373,187.989736262251,189.61501179999357,6002804
2007-07-27,189.7654571533203,193.38630715971496,185.32168669092687,190.9175457917186,3203236
2007-07-30,187.04151916503906,192.5633215940883,186.02110618095583,189.27164088307825,1835848
2007-07-31,190.30848693847656,191.2466077006802,185.9799197089231,189.43618370351368,3218540
2007-08-01,183.53590393066406,188.4487337127841,182.85287611781933,188.4487337127841,4382172
2007-08-02,180.24424743652344,185.07478585028827,179.39663546181788,184.33415753874866,1912008
2007-08-03,180.5322723388672,183.34665594790894,178.32684175902995,183.34665594790894,1993184
2007-08-06,180.951904296875,184.00494609897927,176.7632487569801,179.39659324497978,2737548
2007-08-07,182.57313537597656,183.97210011264562,180.07144520414042,183.19854285081243,2985212
2007-08-08,189.6995391845703,192.3987211556456,184.00493605817945,189.27162474678565,4055164
2007-08-09,188.5638885498047,195.66569246121466,186.8357564784471,190.9174478833154,5074436
2007-08-10,188.3664093017578,189.84766546926835,177.81657772687498,183.51118075269545,6290560
2007-08-13,186.7206268310547,189.27167990807658,185.18176979953301,189.27167990807658,1205524
2007-08-14,186.0210418701172,187.62573566196292,184.33405608894603,186.8028157687087,1222796
2007-08-16,179.06744384765625,184.26829573536045,178.57369170469397,181.0424524195054,6663120
2007-08-17,173.8254852294922,179.8904047379438,171.03577293683443,179.06748431370804,6901104
2007-08-20,173.72665405273438,180.9436586346549,172.9942431779368,178.32676894394007,4386844
2007-08-21,167.0939483642578,177.1747209200921,165.3246699156828,177.1747209200921,4363364
2007-08-22,168.8468017578125,169.9659613814803,163.92573403712657,167.87575172476818,3826620
2007-08-23,165.88426208496094,172.48407823593809,165.24238029473457,169.8507335300459,3113748
2007-08-24,167.61245727539062,168.94558451349215,164.50181365926488,167.05286729780278,1926972
2007-08-27,168.94546508789062,170.96985619346427,167.88389634737482,168.69035186804012,2666856
2007-08-28,169.31582641601562,171.00281277884835,166.39445978769555,170.5090606726534,2263504
2007-08-29,169.7848663330078,171.13446731429408,164.74859947801804,167.8756957718066,3196688
2007-08-30,172.1549530029297,174.29454610908465,168.698687216064,171.49661666257433,7003172
2007-08-31,175.175048828125,176.05556957411358,172.31951926534165,173.1424396056728,2377496
2007-09-03,174.6648712158203,176.9279025272149,173.3728900852996,176.10498205034415,2496264
2007-09-04,175.4630126953125,179.01802336715008,174.6236382450042,175.2819742987083,2182756
2007-09-05,176.49171447753906,178.23630151271846,175.29848003067576,175.61119376595033,3516964
2007-09-06,177.42161560058594,177.915367777582,174.62368659760824,175.28202283360298,1871860
2007-09-07,177.1335906982422,178.4914091635249,176.10494034575532,177.25702874054062,1691576
2007-09-10,172.3606414794922,177.13357879427403,171.82574333214595,177.13357879427403,2201060
2007-09-11,168.42703247070312,180.12895085871335,167.87568008857627,180.12895085871335,3386556
2007-09-12,167.15158081054688,170.79712205198567,166.80595827481326,169.52159548402335,2344104
2007-09-13,169.65330505371094,170.34455026482908,166.2957852622085,168.6822548069815,2153072
2007-09-14,168.27894592285156,172.81323400602238,167.56299935472217,172.81323400602238,1900228
2007-09-17,164.19729614257812,169.81784596944289,163.87635520737632,168.69866629331207,5086176
2007-09-18,164.9873046875,165.8513710639394,163.43198320082615,164.09031948763712,4942808
2007-09-19,168.3777618408203,170.13057648216102,167.4149488720146,168.69870284556097,4642668
2007-09-20,164.92141723632812,168.221324868352,164.1231887477912,167.87570244031596,2355156
2007-09-21,167.51364135742188,168.69864850723826,160.96319828300392,163.10279089821768,7928660
2007-09-24,165.77735900878906,169.52164783226877,164.61704294290416,167.8758065911788,3595068
2007-09-25,164.8638458251953,166.88822764254593,163.9586335450829,166.2298914388278,5400496
2007-09-26,171.29087829589844,172.61578815330358,165.406997537716,166.2299179234758,8340892
2007-09-27,174.87049865722656,175.69341865090763,172.31944667681526,172.8131986730239,8602140
2007-09-28,174.48377990722656,177.75076919321444,168.69864668800446,168.69864668800446,6249532
2007-10-01,171.4389190673828,174.6236152903771,168.36942360231458,174.6236152903771,2176580
2007-10-03,177.61912536621094,180.21956178260217,172.7968240323705,172.81327842167332,5122872
2007-10-04,177.6355743408203,178.57369539550757,173.47158981277877,178.57369539550757,4359804
2007-10-05,176.56576538085938,177.63556163620933,174.01471277194793,177.63556163620933,1744048
2007-10-08,177.479248046875,180.84500471558064,174.8212109959732,177.92363714090223,2662144
2007-10-09,180.21127319335938,181.83244193975906,176.97721311992638,177.7507500142143,3707640
2007-10-10,185.2393798828125,186.02115425370843,180.77915538491965,181.81602302234685,3983236
2007-10-11,176.43406677246094,186.8686975008624,174.45905856232147,186.80285987569326,5598340
2007-10-12,175.03517150878906,176.92788845505243,169.57098801330005,173.14245456252573,4912920
2007-10-15,176.78799438476562,179.6682157983629,174.417979603411,176.10496643137512,6871600
2007-10-16,175.841552734375,183.51116325212948,174.62362709462724,181.04240320837886,7060528
2007-10-17,180.17015075683594,183.51121499440998,164.5840493223408,174.45909228168125,6924440
2007-10-18,184.96774291992188,189.25516458594973,177.30636900656555,186.8028587220074,13645436
2007-10-19,182.4990692138672,189.2717087224048,178.1458279495846,188.91784890097483,8094132
2007-10-22,176.9044647216797,184.3390979943549,175.7740096448712,184.3390979943549,3836808
2007-10-23,175.52642822265625,181.53354219339332,174.76729198436684,176.2525664204946,5862364
2007-10-24,172.9520263671875,181.5336154617426,172.17639079562014,181.5336154617426,4100988
2007-10-25,173.21609497070312,174.93241705388365,171.32650286349084,174.76738647175736,4925272
2007-10-26,176.79714965820312,178.89302855827597,171.99474688969008,173.2819926071861,2960060
2007-10-29,176.2526397705078,179.88331212533103,175.16344209312732,179.71828156374815,3536052
2007-10-30,173.0345458984375,177.4078558329235,171.6813033353333,176.912764142227,3145804
2007-10-31,171.30174255371094,175.54302041429617,167.83610036331794,172.78701777816508,47216528
2007-11-01,168.8345184326172,174.10724702775403,168.24866193819452,174.10724702775403,5518404
2007-11-02,168.52919006347656,169.98145680612214,165.52563221023348,166.68084599435275,3494680
2007-11-05,166.89541625976562,170.1135225020644,165.89698330884906,168.49621483047488,1876468
2007-11-06,165.74017333984375,168.29814677207798,165.0305440151118,167.50600217533844,2198988
2007-11-07,164.543701171875,166.54057678927225,162.73661470832624,165.87219503081934,3504016
2007-11-08,163.3224639892578,164.99751778357788,161.7299153852255,163.39671966778315,2686964
2007-11-12,159.06472778320312,162.5963863858891,158.4293640501939,162.5963863858891,5280988
2007-11-13,156.34165954589844,160.5251892836174,152.92553583013188,159.06466313378772,4697988
2007-11-14,162.83566284179688,172.4734419327994,158.4293446783957,158.4293446783957,3588368
2007-11-15,161.76290893554688,164.68395099548036,160.07959570841035,163.54523644024192,2295396
2007-11-16,162.20852661132812,164.7004838102529,159.6092955291523,161.72993400205195,3666816
2007-11-19,163.95787048339844,166.18578316737012,158.44584544361663,158.44584544361663,2943548
2007-11-20,158.64381408691406,163.2151608491944,158.11571448419414,163.2151608491944,4111392
2007-11-21,155.92086791992188,161.7299455289648,154.4686010358276,158.64387210484833,3337028
2007-11-22,156.81201171875,160.0301070557656,154.303545646646,160.0301070557656,2402356
2007-11-23,158.58609008789062,159.41949225127595,156.73774613421256,157.19158009248483,2273540
2007-11-26,162.57151794433594,164.04029321039476,160.07956178479168,161.72986654545963,2234300
2007-11-27,164.36216735839844,164.8490094630608,160.09612188095358,163.46274890616874,1503964
2007-11-28,161.15232849121094,165.65766039148593,160.07962994006616,165.03054632996512,2927688
2007-11-29,159.4277801513672,165.11308530302102,157.60419436720147,165.030570018012,5029688
2007-11-30,167.04388427734375,168.001059221045,159.42772220991785,159.42772220991785,5334612
2007-12-03,173.2655792236328,175.9225670610611,166.74687247043215,167.67103952536405,6516348
2007-12-04,169.93191528320312,173.2820428361664,169.16453949547582,173.26554381353307,1783824
2007-12-05,170.5095672607422,172.45693593517655,168.41368719794036,169.98147752462378,2069240
2007-12-06,170.8973846435547,173.5626117621464,170.17948567455898,171.63176249224057,4163452
2007-12-07,175.36148071289062,176.92103169601714,169.3626234861977,171.63179383741348,4805808
2007-12-10,170.90565490722656,177.2428328481836,169.98148774080923,176.59920959369057,3864020
2007-12-11,171.84634399414062,173.1170713501119,169.19759523517848,173.1170713501119,2907456
2007-12-12,173.84317016601562,174.93236767150827,169.33782848766498,169.68438858323142,3718608
2007-12-13,169.91543579101562,175.2789282095788,169.6018737436338,173.2325455346612,4645736
2007-12-14,171.69778442382812,174.10722637108222,167.55551166751417,167.55551166751417,2720436
2007-12-17,167.07691955566406,176.9787517678291,165.8556895537645,176.9787517678291,3203328
2007-12-18,165.8391876220703,171.63175533558038,165.5751327241092,166.6808393162848,3845860
2007-12-19,169.07383728027344,169.78347686627993,166.35083258029832,167.01095493180745,2671020
2007-12-20,172.51466369628906,173.93392225146596,168.82623531165444,169.898933776489,3036020
2007-12-24,183.13436889648438,184.83419139332207,173.28205443123943,178.232970272132,4655664
2007-12-26,181.58309936523438,184.78467551595148,179.2479133476242,184.0090400867217,2905996
2007-12-27,183.3076629638672,184.83419538107697,179.31393215751464,182.37523643131658,4008568
2007-12-28,178.5877685546875,181.53355909826232,174.9323387674164,181.53355909826232,2196596
2007-12-31,177.8039093017578,180.88173292738557,173.61212952187844,178.72807630436725,2156168
2008-01-01,174.03298950195312,177.73791760940142,173.61215350519063,177.73791760940142,928388
2008-01-02,173.28201293945312,175.09734831310456,170.22894890194848,174.9323178245908,2864924
2008-01-03,166.8541259765625,172.45691484169402,165.91344988107483,169.99795575890442,5168280
2008-01-04,165.88868713378906,168.80972946528448,165.41009457821548,166.85411168405858,2318868
2008-01-07,161.00379943847656,166.48281567515232,160.49220876607757,165.03054885971986,3647344
2008-01-08,163.02542114257812,163.7103019388278,159.9641065230736,161.72993538311619,3207732
2008-01-09,164.419921875,166.02072009722986,163.36373248259252,164.17237606968604,2450128
2008-01-10,162.0022430419922,166.5983398192317,158.75938871332434,164.70048849885416,3342376
2008-01-11,163.33897399902344,165.69065915132057,151.06069801691152,151.06069801691152,2149188
2008-01-14,158.6190643310547,164.997486920524,157.703137025486,164.997486920524,4158864
2008-01-15,155.12869262695312,159.74954730094748,154.13850948252576,159.2544557287338,2935588
2008-01-16,155.9456024169922,159.53501646932668,152.6532413061801,155.12869927330735,3131956
2008-01-17,152.273681640625,159.4195020253657,151.663066626616,159.38649390275293,6302096
2008-01-18,149.05557250976562,155.1286938280767,148.04888026153827,153.39587331191203,4333816
2008-01-21,137.14862060546875,149.30312322783584,132.89083492540314,149.18759984174412,4840032
2008-01-22,132.06565856933594,163.38019616825065,119.6471133555371,134.45035132592017,6376872
2008-01-23,144.4398956298828,147.4299045942018,133.34952044756454,142.29470567013408,5359120
2008-01-24,139.68568420410156,147.0985918449359,136.786781774725,144.11686363186286,2013336
2008-01-25,146.5353546142578,148.7053959489981,140.82037623564855,141.30076976677339,2243116
2008-01-28,141.51612854003906,144.1168601066054,136.66253975626375,144.1168601066054,2485660
2008-01-29,143.73583984375,146.53534473648028,141.6320633139325,141.79771484997218,3258712
2008-01-30,144.09205627441406,147.7612436675629,142.4603918767983,146.10472748294896,3032856
2008-01-31,144.73800659179688,147.42984362426236,138.37698457546756,144.1168134304587,5966956
2008-02-01,153.97312927246094,155.89468337730327,144.66350932123223,146.60163464887353,4169520
2008-02-04,161.61795043945312,163.8293947469667,155.54681665055787,156.54072602212693,3730520
2008-02-05,158.20547485351562,161.51022454713166,154.99184158014816,159.02545186179117,1722872
2008-02-06,150.0968780517578,154.05595447441394,148.17532395415407,154.05595447441394,4007952
2008-02-07,145.6160430908203,150.09691703742774,144.2908302350061,150.09691703742774,2574652
2008-02-08,148.8213653564453,153.22769280253945,145.77337261214566,146.43597885129176,2576820
2008-02-11,150.0968780517578,154.3872576023159,142.4769061100126,148.82136909779052,3200988
2008-02-12,143.23060607910156,153.22767233245705,142.46032238477088,149.91464157932285,5161328
2008-02-13,143.94293212890625,148.58945659220066,141.0191779075856,144.94512209384123,2185376
2008-02-14,144.746337890625,149.08641098817233,142.62599984535152,146.6016374717028,2246480
2008-02-15,144.56411743164062,146.94121325692925,142.4603406121154,142.4603406121154,2213044
2008-02-18,141.33389282226562,144.9450942922329,140.8038058838834,144.56409778077824,1723160
2008-02-19,145.0196533203125,146.4359720687735,141.6320770574676,141.79772860958158,1947288
2008-02-20,146.78387451171875,148.20020373961054,144.65525555691326,145.7568427095911,3060624
2008-02-21,151.51318359375,154.2215822015043,146.10465682247775,148.75508143603744,3562052
2008-02-22,149.17752075195312,152.54853629966988,146.60164083621046,152.39944584103233,2401516
2008-02-25,149.21063232421875,153.89028856974656,147.47129106481904,153.7246370212323,3255460
2008-02-26,148.8213653564453,153.06204124275294,148.25814600894358,153.06204124275294,4999584
2008-02-27,145.36749267578125,151.54629249086403,144.78771234253227,150.4115835971606,2364056
2008-02-28,145.92245483398438,147.42987989883505,144.4481519907687,146.6016221465944,5579004
2008-02-29,145.3426513671875,147.71146614096924,143.04009113674115,145.77334128585085,3416480
2008-03-03,140.5718994140625,143.9015015910699,139.14730014725828,143.45424038991152,3141328
2008-03-04,142.26153564453125,144.11683485093258,140.3234106709742,142.12901643919557,3010532
2008-03-05,144.9947509765625,146.2371371841371,139.975512720074,139.975512720074,2209348
2008-03-07,140.16604614257812,143.47078607736165,139.5200011314027,142.89100572240778,1996828
2008-03-10,138.0953826904297,141.46638680964165,137.49075064637302,140.16602652546544,2494168
2008-03-11,136.4141082763672,139.14735999046562,135.83432760974026,139.14735999046562,4043520
2008-03-12,136.42236328125,140.80384980615565,134.21919918286778,138.98168233807598,1884412
2008-03-13,129.15850830078125,135.0060056651458,126.06082246770056,135.0060056651458,3408600
2008-03-14,133.1590118408203,134.6581666528683,124.23867875074467,129.20822590077447,2216056
2008-03-17,131.17115783691406,132.14022533787522,127.34461160084233,128.37993364637762,1958904
2008-03-18,135.45327758789062,137.29200579116247,127.55169644814508,130.86472752472028,3596080
2008-03-19,134.41796875,139.14731906023084,133.4406204409444,137.15950021651327,4361924
2008-03-24,136.4471435546875,138.73313224903617,134.41791266507474,134.41791266507474,3301984
2008-03-25,145.193603515625,149.0615636951163,138.31906324648816,139.14732111023957,2928896
2008-03-26,145.49998474121094,155.71240332249175,141.06052675370393,155.71240332249175,2171768
2008-03-27,141.21792602539062,145.11073688943364,139.32949458328773,144.4481307849157,6151152
2008-03-28,144.29078674316406,144.89541897061093,141.13512660354363,141.30077816059006,3633696
2008-03-31,134.25228881835938,144.2907678142367,132.02427364625575,144.2907678142367,4051860
2008-04-01,137.8800048828125,141.2841508741298,134.17769836114718,135.83421315572923,2086728
2008-04-02,141.0108184814453,143.95113217077943,140.67951553053445,140.80375413712602,1428844
2008-04-03,146.6678924560547,147.76118868686456,140.8038233002633,140.8038233002633,3287172
2008-04-04,144.59725952148438,147.4133362119568,142.46863078028562,146.76729104462063,2020844
2008-04-07,149.76556396484375,152.4159887941161,145.47519483880012,148.25813888742243,3659528
2008-04-08,146.99087524414062,150.24593172316347,144.9450829743859,149.91462867636488,4055352
2008-04-09,145.15220642089844,147.76121897568206,143.95123238774406,145.77339988632312,1482600
2008-04-10,149.01185607910156,152.34145844118444,145.27641549081855,145.77337016182477,2925932
2008-04-11,150.4115753173828,153.22765106671707,147.96821547604867,149.59159829766932,2189264
2008-04-15,161.3694610595703,163.16677632819676,145.83962828721656,152.73072870517504,5703772
2008-04-16,160.9967041015625,165.98281043054934,159.35675013392063,163.16673480448213,6438768
2008-04-17,165.80067443847656,167.3080998083634,162.26400705440312,165.60189051560008,3999556
2008-04-21,164.55819702148438,171.44929507898382,163.431758781789,167.14235626540548,3399296
2008-04-22,146.966064453125,163.15850426673114,146.10467432839488,163.15850426673114,13785196
2008-04-23,147.28909301757812,150.03062439535066,145.7816577102115,146.93293810871268,6326156
2008-04-24,147.55409240722656,149.89806547481803,143.12291421817991,149.74897506161417,15290096
2008-04-25,147.31393432617188,151.07422686341678,146.60163462074985,151.07422686341678,6828568
2008-04-28,146.05499267578125,148.4238081271248,119.26913153072529,134.0121214004955,6598136
2008-04-29,150.83399963378906,154.05592393607085,144.1416838431215,146.11293099703852,16209848
2008-04-30,152.56507873535156,155.0084391168352,150.16313124168965,151.7533820898178,9487980
2008-05-02,156.3336639404297,159.35680499146315,153.06204554273592,153.2276971071761,5298780
2008-05-05,153.6334686279297,157.28608177499933,152.58986631599038,156.54065010781923,3613764
2008-05-06,155.2238006591797,157.3689904991504,144.54755501846557,150.74292774129145,3982796
2008-05-07,160.14364624023438,162.3219683067625,157.3689825996614,157.3689825996614,12585540
2008-05-08,156.8719940185547,159.85372146558106,152.06809979834551,159.83716035732425,10845832
2008-05-09,151.90248107910156,158.85984662470926,150.7429201548336,158.85984662470926,4492296
2008-05-12,153.54246520996094,154.85938728254382,150.7926427067308,151.90251039915503,3898508
2008-05-13,149.92295837402344,155.9443992897103,147.26425257407456,154.05596725971805,4462876
2008-05-14,160.8725128173828,162.16459293338434,147.62038832389322,149.91465833260116,9373188
2008-05-15,163.1253204345703,165.98280891133737,159.04200676992048,161.17891524025075,7177896
2008-05-16,162.51246643066406,164.65765622757377,160.43354130423057,164.65765622757377,3838648
2008-05-20,158.37942504882812,163.99501600473215,156.91341304089144,161.51024303496348,4946904
2008-05-21,159.8702850341797,160.35067850782036,151.57114755646242,153.72461741245587,3140184
2008-05-22,159.21597290039062,163.24958363184666,157.5346058182508,158.44568923780957,5445200
2008-05-23,154.4534912109375,162.28880658799335,153.40987847946553,161.49368126304518,5401384
2008-05-26,158.27178955078125,159.5058957301912,151.73683329976384,152.3994395587148,5457272
2008-05-27,160.49984741210938,164.6576987384388,156.7064215357778,162.338576220996,5682072
2008-05-28,167.2169952392578,168.17777241438918,160.6985992743623,160.6985992743623,5469588
2008-05-29,164.76527404785156,170.34772169671595,163.00108146942878,167.14236910838784,8258940
2008-05-30,172.1367645263672,173.76842779749404,162.00717100662456,164.16064055988235,15485284
2008-06-02,162.976318359375,175.16000130963496,159.8537898251535,168.13636960884023,7054764
2008-06-03,161.5351104736328,163.995031908026,155.40600322050457,159.02548548657066,4900256
2008-06-04,158.48712158203125,163.96190332609072,156.76434140563447,163.96190332609072,3787856
2008-06-05,162.64500427246094,165.12149748399753,159.68812753199396,159.7046886462235,5905256
2008-06-06,160.052490234375,165.42788373080808,158.6610135126668,163.99499413179387,4137784
2008-06-09,151.4220733642578,159.8371799456025,147.42987517071614,149.4591065986277,6140140
2008-06-10,145.60769653320312,152.23375780888927,143.61987815049727,150.74289402185988,6155372
2008-06-11,147.48785400390625,150.74291101679287,145.77336449975576,147.4298800054348,4113368
2008-06-12,147.1399688720703,149.48394202357517,141.96335865281648,148.092465152413,2464004
2008-06-13,150.67665100097656,152.71417322427754,145.7733689971191,145.7733689971191,6732432
2008-06-16,150.87538146972656,153.72458924069733,149.62471468928865,152.2337257674578,6541784
2008-06-17,152.61471557617188,153.55893109042657,149.914598313739,149.914598313739,3504824
2008-06-18,150.04986572265625,153.3976274675404,148.40096207771822,153.36431433179322,6431336
2008-06-19,147.9012451171875,149.566799679318,146.5688014674831,146.61044033153638,3289068
2008-06-20,143.87893676757812,149.8832695133095,140.16475186943532,149.8832695133095,8157760
2008-06-23,142.9795684814453,146.47723391963535,140.40628401877163,143.87896206610685,3572312
2008-06-24,140.63941955566406,144.52015932841698,137.1417552670843,141.57212596632368,9287176
2008-06-25,146.03582763671875,147.40158446376805,138.45755408519167,139.90658864357647,5914196
2008-06-26,146.7936553955078,149.56680796130868,143.3043265272198,147.2350314452081,7028316
2008-06-27,144.15377807617188,146.79367855350054,141.7637108364102,146.79367855350054,6260948
2008-06-30,142.93792724609375,146.23572400019373,141.57217015964085,145.0698355400555,3258044
2008-07-01,141.18911743164062,145.23641456586665,139.0821860210109,144.07052591682873,5059616
2008-07-02,145.98582458496094,147.90121190124967,139.9065517984794,141.57210598655655,8141112
2008-07-03,142.67970275878906,146.73532311689468,136.66704607532947,146.73532311689468,4172528
2008-07-04,140.65611267089844,144.91160344857505,139.1571132463418,144.8866262242767,3939584
2008-07-07,141.94691467285156,143.9039416571942,138.57416604026108,140.73938738464017,1794132
2008-07-08,138.2743377685547,140.7393564158263,136.24235922857505,138.2660120291333,3947624
2008-07-09,146.02748107910156,148.2260149060832,141.57212308780876,141.57212308780876,3578548
2008-07-10,144.6367645263672,148.06780291225684,141.96354127933128,144.9032491942221,3504368
2008-07-11,133.01121520996094,157.06183292951485,130.81269079253275,152.73139002795878,5523784
2008-07-14,127.88960266113281,133.24436463103794,126.74870185527485,133.24436463103794,4559896
2008-07-15,125.02491760253906,130.98760377907197,122.77641785866474,127.88966469917699,4509844
2008-07-16,121.26908874511719,128.8557019835492,119.23711922038592,125.69114661558207,5739900
2008-07-17,130.45457458496094,131.06250612937365,121.59382136391659,122.41827299067512,10350716
2008-07-18,132.2200469970703,133.57747805356087,124.75003873081931,129.9132579573285,8339496
2008-07-21,135.37623596191406,135.74265989908324,130.41288674967137,133.07777332437732,3582068
2008-07-22,138.5491485595703,140.56447562646275,134.2520199348501,135.90924871395836,4241164
2008-07-23,143.32933044433594,144.90328191901827,136.39230011627797,138.2410620606726,5971420
2008-07-24,133.6690673828125,145.6527334175528,131.97019984839682,145.6527334175528,11742336
2008-07-25,133.11114501953125,141.48888384250822,130.2463886578475,133.11114501953125,8842536
2008-07-28,134.2853546142578,136.06750026833296,130.7460506941921,133.24438287306202,1969372
2008-07-29,134.7350616455078,135.54285168159134,131.911944141157,134.3603118041977,2472192
2008-07-30,139.731689453125,140.90590328064962,133.24435298406584,140.90590328064962,4420076
2008-07-31,139.3639678955078,140.7429816707857,137.31634138070126,140.40867530102136,5195580
2008-08-01,140.517333984375,143.24192895508503,135.6030260919568,137.90138246639674,4011724
2008-08-04,136.28834533691406,140.40867542890047,135.56123306290272,136.22984580304035,5238928
2008-08-05,138.68704223632812,139.57295234851463,134.60014356723522,136.29675299703186,4768200
2008-08-06,143.8436279296875,145.41487147570643,139.8068858507059,140.39192182176564,5009932
2008-08-07,142.64013671875,145.40652951781794,141.24441199471923,143.58455609877376,3072320
2008-08-08,141.2611083984375,143.25023475894108,139.30542490714316,141.2360415498569,2086672
2008-08-11,139.3974151611328,143.38401495688947,137.81781535824405,142.41452842355844,3405100
2008-08-12,136.94024658203125,141.02714398888452,136.22984554697038,139.57290924137456,3323504
2008-08-13,138.45298767089844,140.0242317654132,133.72255435117003,133.72255435117003,3697968
2008-08-14,139.2720184326172,141.18592420288633,135.56121614744666,138.56997310263043,3741508
2008-08-18,140.6677703857422,142.48138868796048,139.57291898979943,140.40868497177428,1956648
2008-08-19,140.6176300048828,142.24737371073434,139.58963374030316,141.16087790683332,1953300
2008-08-20,140.6761016845703,141.91303920493584,139.5728948599781,140.8599762901488,1127256
2008-08-21,136.70623779296875,140.74299157276747,136.26328794319969,139.74007239291402,1976516
2008-08-22,136.89845275878906,137.8595835321261,134.30757850022835,136.89845275878906,2645284
2008-08-25,136.76475524902344,139.57292707059824,136.39701615521938,137.73424180379996,942244
2008-08-26,139.41409301757812,139.8988412692809,135.38570588583076,135.38570588583076,2205004
2008-08-27,136.8065185546875,139.74005474483175,135.91224294425868,137.08231517298336,2131788
2008-08-28,132.44383239746094,137.77602349628273,130.82245453811117,137.06562240455182,6580688
2008-08-29,135.7617645263672,137.05720119130922,133.72249444562803,133.72249444562803,1998500
2008-09-01,136.2214813232422,137.06560281231302,134.89261154821537,136.22983694150622,1527432
2008-09-02,141.879638671875,142.581684174845,136.22150675121807,136.22150675121807,2647848
2008-09-04,141.11068725585938,142.88250651456386,139.12991636338094,141.24440773161132,2461676
2008-09-05,140.14117431640625,142.08014635041954,137.90131851658367,142.08014635041954,2445368
2008-09-08,143.20016479492188,146.15877881243455,140.7430104345394,143.7517683773205,5170432
2008-09-09,144.55409240722656,145.707453624666,140.40869488441678,142.9159930073528,2815328
2008-09-10,142.2306671142578,145.45672195070145,141.76262997552234,143.94398747633565,3063456
2008-09-11,139.8570556640625,145.08894770563035,138.56997424881055,142.23063265545105,1908976
2008-09-12,135.48605346679688,144.58754921197217,133.88138648128768,144.58754921197217,3573964
2008-09-15,127.13665771484375,133.5553415392961,124.52907314990688,130.37943229117766,8550948
2008-09-16,125.17265319824219,125.53203661164035,121.18605398593775,125.28130684477289,5072364
2008-09-17,122.03852081298828,127.8136707842193,121.687503249886,125.03056652598178,4200868
2008-09-18,120.54249572753906,125.19770677853724,112.1597613463264,121.68749070063431,6357104
2008-09-19,128.18142700195312,130.32935173763642,122.03854691811087,130.32935173763642,9544368
2008-09-22,128.17306518554688,145.0889702036519,125.86635318358282,145.0889702036519,4472944
2008-09-23,120.51748657226562,128.32354495518592,119.57306668120493,119.57306668120493,2966120
2008-09-24,119.1885757446289,125.03058156263185,115.3858408107387,121.11083735956242,7380724
2008-09-25,115.06827545166016,120.3252358177886,112.16816109633065,119.19695163453365,15122632
2008-09-26,113.02900695800781,117.00725146745681,111.35747479418701,117.00725146745681,4217244
2008-09-29,103.63496398925781,113.4635682110209,102.29773864746093,113.4635682110209,5578636
2008-09-30,111.25717163085938,113.11257836877984,98.62039313391146,98.95469955131455,8391372
2008-10-01,112.28512573242188,114.48319368138715,107.87227860079253,111.92574238793243,6017916
2008-10-03,109.9032211303711,111.1485144216461,107.37084625081332,111.1485144216461,4172404
2008-10-06,103.46783447265625,108.85852536400225,100.2919235599253,108.85852536400225,5882984
2008-10-07,96.26354217529297,111.15688979471882,94.60872123881332,105.49875745523013,8884604
2008-10-08,91.36592864990234,94.09888940011972,84.91381966198625,92.7700195126031,8301380
2008-10-10,87.72199249267578,91.93425494134146,80.3003918412696,90.26272303331709,13742076
2008-10-13,95.75372314453125,100.77668583738078,87.72201253213234,88.24854928433196,13866024
2008-10-14,99.07166290283203,103.53465354632222,97.17446874237869,100.12472558895011,7424624
2008-10-15,90.78091430664062,98.39475202568688,89.47712116494071,97.78463866084523,5308752
2008-10-16,82.74080657958984,88.37386959322983,78.21095534056623,87.7554009177468,8031800
2008-10-17,75.86249542236328,88.42405979670055,74.38318829779158,83.57661606493436,9743540
2008-10-20,82.13072204589844,84.41236210026771,76.09649078444926,83.01663192452632,12413060
2008-10-21,93.45531463623047,94.92627040077817,82.46500100070821,89.99525286875354,11804900
2008-10-22,91.3742904663086,92.77001544664468,85.43199182162762,92.77001544664468,6020668
2008-10-23,91.4829330444336,98.28606948640247,83.78553117357013,87.69691965238657,10501016
2008-10-24,83.3843765258789,89.66098237343012,73.54740948679753,84.19507058248965,8479936
2008-10-27,83.03338623046875,86.58539319050391,69.42711117789787,80.40072224832505,8972576
2008-10-29,90.94568634033203,96.6970614387481,89.17150752677595,94.51086700621987,10955572
2008-10-31,90.39070892333984,100.06041266862736,89.08740102723587,95.68802488814953,10375980
2008-11-03,92.05562591552734,98.04243243540074,88.63338390784035,94.16614277703205,7532020
2008-11-04,85.51384735107422,100.32951669992227,82.40272409444714,100.32951669992227,9422540
2008-11-05,85.16068267822266,92.30786209438611,84.08440334186768,86.60693544212371,9233164
2008-11-06,84.1180419921875,88.87721732895668,81.07418546216367,88.87721732895668,7861916
2008-11-07,88.3138427734375,89.97030122298106,81.68798844684682,84.08439366633743,5877720
2008-11-10,91.8958740234375,92.9132935561419,86.61536780433558,92.47605863332738,4099016
2008-11-11,88.93610382080078,92.11449960618847,87.4478134098001,91.14752859252242,6498776
2008-11-12,89.95352935791016,93.24122859256244,86.61537125274442,88.93609952048645,7742044
2008-11-14,89.27238464355469,92.24056744646647,88.0363483285783,91.65197676996212,6617464
2008-11-17,87.27961730957031,90.30665606019126,85.00933824660461,88.96130550435973,8090972
2008-11-18,81.2507553100586,87.44777666349859,80.72102461246023,87.44777666349859,9755152
2008-11-19,81.16666412353516,83.41171845929382,79.32521898277894,82.40270573599592,8175088
2008-11-20,79.5438461303711,80.72102778557743,77.35765162784503,80.72102778557743,5016448
2008-11-21,85.16909790039062,86.94327683519134,77.357654437501,78.98889398609028,6845692
2008-11-24,87.43097686767578,89.40696057599162,82.44476706398606,84.75708842478119,8370556
2008-11-25,84.7571029663086,90.80277535970421,84.09283393585318,87.29644857251107,5774020
2008-11-26,88.7006607055664,89.12948921403685,83.60514154482111,84.6309725414416,6135556
2008-11-27,88.7006607055664,88.7006607055664,88.7006607055664,88.7006607055664,0
2008-11-28,94.07363891601562,95.51988661470932,87.1114458915835,87.1114458915835,12138064
2008-12-01,94.87242126464844,99.85021304287098,93.56069657036115,94.07361956030546,11958704
2008-12-02,89.6087417602539,95.85621684073266,87.96068955864102,95.85621684073266,6658808
2008-12-03,89.93671417236328,92.77877232480643,87.71688292323645,90.1973738812054,9997992
2008-12-04,92.39192962646484,93.11505331031675,84.64775441354404,89.97029514673876,8256508
2008-12-05,87.75047302246094,91.70243960787607,87.15347586771864,90.5420811094069,7105448
2008-12-08,87.82617950439453,91.86223179373003,86.16972048299779,89.97033228310401,7621404
2008-12-10,90.98773956298828,93.6363985232495,89.0453917116388,92.4592167631334,8088380
2008-12-11,85.3708724975586,92.4423721427289,84.42072000204392,92.4423721427289,7300252
2008-12-12,80.9395980834961,85.75763573147138,79.92217944066915,85.75763573147138,7121036
2008-12-15,78.9804916381836,84.4207544291101,78.57688746414681,84.4207544291101,5997716
2008-12-16,80.61172485351562,81.54505975121155,78.19850126128924,79.03934536087299,5847868
2008-12-17,80.26696014404297,82.73904337076729,79.37566762398814,81.62072196138404,6476068
2008-12-18,85.85018157958984,86.45558521863946,79.37568208729952,79.86337063302507,5723936
2008-12-19,86.3630599975586,89.80211300732839,83.09218087084186,84.58888172787674,4943988
2008-12-22,85.85858917236328,87.36370216725918,84.65618313334465,87.36370216725918,4106852
2008-12-23,84.1853256225586,86.03518293489881,82.78111472722462,83.27721487746732,3567120
2008-12-24,80.40990447998047,84.88319524073209,79.41770966307227,83.52943855818414,9148436
2008-12-26,79.31683349609375,83.2435769927804,78.23214754181492,78.23214754181492,3154564
2008-12-29,80.1828842163086,80.63694204290613,77.35765034355957,80.0483512250747,4875608
2008-12-30,81.14984130859375,82.99129147004103,79.03932520956289,81.56185686518724,3522528
2008-12-31,80.36787414550781,82.78950400938977,79.41772138510852,82.78950400938977,2543696
2009-01-02,83.7984848022461,85.54744388142412,83.10058552674292,83.58827386793172,5375740
2009-01-05,86.64896392822266,87.95227197372238,83.7480524721104,84.42072759236832,4829776
2009-01-06,85.16068267822266,87.78411708890987,83.79010793017115,86.60693544212371,5918992
2009-01-07,84.89159393310547,87.41412550955002,78.13121238749629,87.27959254498109,9013828
2009-01-09,90.29822540283203,92.45919004665531,81.56185552611122,84.06756923647202,14219980
2009-01-12,86.19491577148438,89.12946336336526,84.94206129969596,86.04356487898634,7595416
2009-01-13,88.39794158935547,90.30665353130715,82.10001742338974,84.01714088534288,13359808
2009-01-14,90.63459777832031,93.77094046528967,88.79314693951648,88.79314693951648,5958904
2009-01-15,85.84178161621094,87.95229838699552,83.80693773991864,87.44779189529191,7171524
2009-01-16,84.58889770507812,87.27959822850009,81.81411279029922,85.54746181938879,9790076
2009-01-19,84.21050262451172,87.0946008290666,81.94863085564518,87.0946008290666,6868376
2009-01-20,83.4874038696289,85.41293357473964,82.40271304305705,83.1931084659037,4635196
2009-01-21,82.78950500488281,84.25257573820865,81.56187471662912,82.57088759972144,3669860
2009-01-22,83.51261138916016,84.76546563410749,81.25073940200774,83.24354033337903,4848136
2009-01-23,81.7552719116211,83.89942439534019,81.27598974178049,82.41954081236045,3031220
2009-01-27,83.93307495117188,86.60695866809576,82.57090622531071,82.57090622531071,5243956
2009-01-28,85.8532943725586,86.28471588673695,80.39705498560318,80.39705498560318,4789396
2009-01-29,86.9614486694336,87.6381914606354,83.933025711433,86.6315344934676,10017036
2009-01-30,86.55543518066406,87.13066572759698,84.30526149214526,85.43880814065335,8707524
2009-02-02,83.12094116210938,86.081691226182,82.41882146525697,86.081691226182,3234692
2009-02-03,84.56749725341797,86.25089234978638,83.4085738458528,83.4085738458528,3808560
2009-02-04,84.36446380615234,86.7753656382024,83.40856545777316,85.10042276928986,2484756
2009-02-05,81.6998062133789,85.03276790329076,80.91309342597388,84.5928838745153,4341548
2009-02-06,85.06659698486328,85.92944538255804,82.39346407599047,82.9010213495592,6840388
2009-02-09,87.13067626953125,88.59413738981323,84.02611618924126,84.59288958206918,4595224
2009-02-10,88.75482940673828,89.3300650165223,86.453907620157,87.46902199534476,6790772
2009-02-11,87.08837127685547,88.48415381796097,86.6231104298203,87.63822500516976,4502732
2009-02-12,86.267822265625,87.24910282012762,85.28654687426227,86.6231134118563,2844372
2009-02-13,86.48774719238281,87.976579550286,85.77716506152886,86.28472225124204,3257208
2009-02-16,84.71977233886719,87.12221228173054,84.2545114822883,85.8786958687917,2501996
2009-02-17,82.09738159179688,84.55903208122571,81.20915644319939,83.91612832463936,2950388
2009-02-18,81.33604431152344,83.05327853581079,80.70159778803261,81.43755678790977,2629412
2009-02-19,82.8164291381836,83.3747400783537,81.03997866637373,81.54753594403368,3477072
2009-02-20,80.2024917602539,82.4780418519899,78.5529309232141,82.30885612511402,4771388
2009-02-24,79.3311996459961,80.48166588018742,77.91004033377341,79.51730500949728,4495532
2009-02-25,81.33604431152344,82.02124449163792,79.51729761084974,79.51729761084974,5517928
2009-02-26,81.58137512207031,83.0025344662098,80.70160710929179,81.37835014584769,8808288
2009-02-27,81.73365020751953,82.73184526293095,77.02182526779,81.54754481949432,6750148
2009-03-02,77.80006408691406,81.5475272201065,76.94567299637183,80.21096089788195,3988944
2009-03-03,75.49066162109375,78.84053642541639,74.33173854015266,76.47193661864422,3560896
2009-03-04,77.91848754882812,78.57831604041819,75.49067640203576,75.79520865727821,3258300
2009-03-05,78.36686706542969,79.66959466810927,77.48709881277928,78.66294222464883,4284496
2009-03-06,81.49678802490234,82.02972217137521,77.42786713102603,77.8254547258404,5805604
2009-03-09,78.33297729492188,81.2091341286447,77.65623451051651,79.7033824659703,4535184
2009-03-12,80.76929473876953,82.05510776943414,78.10461855862812,78.10461855862812,8617456
2009-03-13,85.75178527832031,86.28471927651816,80.08406352192158,80.08406352192158,10199700
2009-03-16,87.94274139404297,88.450298589845,84.99891069101896,86.2847232863452,4672896
2009-03-17,84.1783676147461,87.63821825794582,83.41703174184889,87.13066100934769,6946172
2009-03-18,85.46419525146484,87.0460833181546,84.59288952201612,84.59288952201612,6413800
2009-03-19,87.12223052978516,87.63824515899779,84.86359904759593,85.52342264068221,7382584
2009-03-20,86.25086975097656,89.48232289003363,85.52337328973155,89.48232289003363,4139380
2009-03-23,87.9173355102539,89.60072462675542,86.45387536813129,88.73788186024436,4587312
2009-03-24,88.25575256347656,90.09141386092948,86.65694512547752,88.34880266277197,6681544
2009-03-25,88.9916763305664,89.65150467721575,85.21037498237203,85.21037498237203,3831616
2009-03-26,94.48179626464844,97.78091881257242,86.73308998657527,86.73308998657527,15230328
2009-03-27,97.25641632080078,98.97365567368439,90.79352945919956,90.79352945919956,7079424
2009-03-30,88.5264663696289,96.43590220867362,87.63824095454902,90.30291719978868,5148188
2009-03-31,91.114990234375,92.02014025857648,88.82252522013967,88.82252522013967,4777672
2009-04-01,92.12166595458984,93.69509179269018,88.06120684915338,90.68358668808109,6724568
2009-04-02,97.91629028320312,99.31207325484274,92.31624394568331,92.31624394568331,8503764
2009-04-06,98.05157470703125,100.49631024542863,97.40021386372872,98.93979967132165,5414580
2009-04-08,102.21359252929688,103.82931465374267,94.91322203379659,98.99059517782005,10193512
2009-04-09,101.9428482055664,104.87822649028541,100.53860886803714,103.5416552414619,6586724
2009-04-13,100.20024108886719,103.03410185414963,97.31562667364099,102.27276612616329,4121008
2009-04-15,97.73860168457031,98.4322590711774,93.06061195690832,93.31439056073205,9767236
2009-04-16,96.78271484375,99.65041562696354,95.9621680136663,98.12774374132232,8868964
2009-04-17,96.96036529541016,101.42687396761548,95.60687907065466,97.58635473961566,6664024
2009-04-20,94.98088836669922,98.43227162304828,93.51742743418717,93.51742743418717,5330200
2009-04-21,93.17908477783203,99.56584909987136,92.20626637116379,98.06009126164584,11488980
2009-04-22,91.8593978881836,95.52226289522815,90.8781226797068,94.74401263622744,6584924
2009-04-23,96.11445617675781,96.91808878802263,92.24010725716647,92.96760418737074,7373712
2009-04-24,98.78756713867188,99.31203885218372,94.73556621394452,94.73556621394452,5377524
2009-04-27,101.83293914794922,103.00031499507806,96.85887239987102,98.7791271370238,8141124
2009-04-28,101.25764465332031,102.83952686785345,97.51017714925764,101.35915194602127,8388692
2009-04-29,105.50426483154297,106.41787231740396,101.84985554066326,101.84985554066326,10531292
2009-04-30,105.25047302246094,105.25047302246094,105.25047302246094,105.25047302246094,0
2009-05-04,112.74542999267578,118.36239072718367,106.61244426713046,106.75624807776816,11142936
2009-05-05,110.13987731933594,114.19187640732214,107.61900656508101,113.18521954936365,8822316
2009-05-06,107.49217224121094,109.91999417780539,104.04924603542854,107.98281509286547,52522096
2009-05-07,106.8746566772461,109.12482543095389,104.77674892604588,107.6021534481964,7738864
2009-05-08,106.74774169921875,108.61724200808997,104.64137723053528,106.24864171507866,9001752
2009-05-11,104.09154510498047,108.21968202795325,103.03413404133784,108.02511426173105,5298612
2009-05-12,108.46497344970703,109.26014849051563,103.20330108241012,103.20330108241012,9487452
2009-05-13,105.18274688720703,109.10785701080094,104.04920068441447,108.61721437299852,7324800
2009-05-14,104.86128234863281,106.07942130930556,102.40808998980518,104.55675019003323,9443176
2009-05-15,108.96407318115234,110.79127709782549,105.57190117810505,105.57190117810505,10942472
2009-05-18,125.84883117675781,133.9274517130516,117.58411042354305,129.6978074532119,73380
2009-05-19,113.31216430664062,126.88932173196038,110.91818163945253,126.88932173196038,13015576
2009-05-20,114.47953796386719,118.75993522763524,112.1701484246138,113.35444863422511,8507664
2009-05-21,109.53932189941406,115.89224509444495,108.95562896470445,113.35445870551548,4459324
2009-05-22,107.27220916748047,109.1247949611461,106.58700903181712,106.58700903181712,5861456
2009-05-25,106.81539916992188,108.955602637964,105.34349168102047,107.60211689090856,5673644
2009-05-26,105.64802551269531,108.21965053639586,104.97973984968608,107.42447558267388,6058900
2009-05-27,109.72542572021484,110.30911867416071,106.7223783943462,106.7223783943462,9222868
2009-05-28,112.20399475097656,114.01428439424384,105.47040376904948,105.47040376904948,16863676
2009-05-29,119.20828247070312,120.12188970602121,110.41909049196911,113.14297709986153,13871224
2009-06-01,118.03248596191406,120.09654460885496,113.92126246616716,113.92126246616716,7905804
2009-06-02,117.54179382324219,120.12187637927593,116.7381615516907,118.43001896548331,4118172
2009-06-03,117.89710998535156,119.2336818155343,115.57080544478598,116.73819149020031,3914944
2009-06-04,119.648193359375,119.9527257176615,116.12066342423641,116.23063831880599,7020704
2009-06-05,122.0420913696289,123.28561236670527,117.8124491882974,119.95265226256109,13220132
2009-06-08,125.552734375,126.84700942528913,121.81373362615295,122.60890867480151,9267824
2009-06-09,132.32862854003906,134.5026611335098,123.69168839113539,123.69168839113539,9690708
2009-06-10,132.26942443847656,136.1945361160202,129.80777370809503,132.81082093301347,9383796
2009-06-11,131.13589477539062,134.0712742726909,130.27305142245544,133.31839548168165,3883200
2009-06-12,129.3509521484375,134.46882065273965,128.78418406442262,132.81080250833702,6358660
2009-06-15,131.62652587890625,132.8108262402846,127.73525326294887,129.37635725754336,6595868
2009-06-16,132.52899169921875,134.01043055782432,126.4159427164775,130.5367125716507,4344006
2009-06-17,128.98715209960938,134.52125433490616,127.71005158377166,133.49957392223598,3741568
2009-06-18,128.18690490722656,133.8402084097658,126.70546540728182,128.7318035086297,4753108
2009-06-19,129.34474182128906,133.49957984091327,127.71005724577161,128.3911775510824,7727732
2009-06-22,125.88811492919922,132.06928239932432,125.32619250338344,130.91137943850603,4106208
2009-06-23,124.86641693115234,128.64663788610272,121.92057276829854,122.6016932865572,5135694
2009-06-24,130.00885009765625,132.307631337104,122.66978229783334,127.01192463901243,7303954
2009-06-25,129.58319091796875,133.4996342702858,126.10947178737916,130.09403135522751,9694662
2009-06-26,135.33860778808594,137.72252894829455,128.23792625370743,130.26426339711333,6099700
2009-06-29,131.52439880371094,136.90524766412523,130.55379982001423,136.17304505995966,4745206
2009-06-30,132.7673797607422,135.5429429716222,130.48562254343867,131.96706131031058,5923948
2009-07-01,133.8231201171875,134.5212642936348,130.2472384081162,131.83084108637635,3684738
2009-07-02,132.8184356689453,134.62339999644945,129.82151102133525,132.8184356689453,3715428
2009-07-03,133.1420135498047,133.63581960100365,131.11567621471198,131.11567621471198,2919844
2009-07-06,129.6512908935547,135.69623531060162,128.85097223014776,135.20241879254283,4488916
2009-07-07,132.52899169921875,133.92529051299724,129.41286813716198,130.77510885439526,3804568
2009-07-08,129.80458068847656,132.4439235100559,125.41135407052775,132.37581767308745,6694766
2009-07-09,132.18846130371094,133.19311821626167,126.34785499122212,130.12807591189238,3964808
2009-07-10,134.5723876953125,136.71792361754405,132.8185043953731,133.15906466305356,7468748
2009-07-13,135.37265014648438,136.56461058802574,132.2224689795536,132.8184492003243,5119832
2009-07-14,138.5910186767578,140.00434184757393,136.3603424689186,137.92692193244542,4464136
2009-07-15,144.10801696777344,145.52133942902114,139.62965333574118,139.93615537420555,4470094
2009-07-16,142.9671630859375,148.07556591739888,140.71947415455222,145.7597607910319,7596876
2009-07-17,147.837158203125,151.80468173808043,143.37581831011073,143.51204028689816,9094956
2009-07-20,170.46742248535156,175.35447435834058,151.54930547587364,151.54930547587364,34539536
2009-07-21,162.65158081054688,174.75850418190268,161.44258566243607,171.30180925913277,13005820
2009-07-22,158.80319213867188,165.17167103476646,154.03535008818375,164.72894700159236,10674690
2009-07-23,161.9874267578125,164.45648774606877,160.0632640662683,160.4038242025795,7662678
2009-07-24,165.01837158203125,166.87442805125718,162.10658724979268,166.87442805125718,7909322
2009-07-27,164.2490234375,167.2070873534473,163.15472012526027,164.83037957310972,4652338
2009-07-28,164.36868286132812,165.8391673197892,161.17124562530222,165.6339822283589,6334984
2009-07-29,170.91741943359375,172.59308879827586,162.436527038465,164.14638521781725,11072150
2009-07-30,182.30508422851562,186.37455534552814,167.6516068956792,172.78118181344604,15672482
2009-07-31,179.86001586914062,184.66471397495582,178.3040488425145,184.3227422824096,5634966
2009-08-03,181.8092041015625,182.9034964913045,178.20138713063696,181.24494262936662,3520548
2009-08-04,181.29638671875,185.07517153039961,177.9963499792424,177.9963499792424,5481292
2009-08-05,180.90298461914062,183.621663137119,173.56768929141103,181.0739704269092,6424010
2009-08-06,176.93617248535156,182.7496916007736,175.84185883034215,180.90303600342665,4178748
2009-08-07,174.0978546142578,178.4921945623648,173.07193916035664,176.66263281285904,4552666
2009-08-10,184.33981323242188,188.6828573494969,175.77342759880636,176.16670334410225,10623976
2009-08-11,185.314453125,190.82018856810112,182.64705744718063,183.80976945404007,8843480
2009-08-12,177.7056121826172,183.2968414410897,174.74754846342694,182.9548697219832,11326536
2009-08-13,180.13356018066406,182.74965155830824,177.68845462189094,182.74965155830824,10033928
2009-08-14,178.33824157714844,181.24500102759092,177.1413406269662,181.24500102759092,5151814
2009-08-17,174.45689392089844,176.9703884822238,172.78123435873155,176.73100407213565,5962820
2009-08-18,174.0122528076172,176.0640719957667,170.81481622252903,172.6956600447991,8149844
2009-08-19,170.3190155029297,176.01285314133492,168.93403417454132,175.36309850712905,5603370
2009-08-20,171.32774353027344,173.858330868442,170.33602813998155,172.66143046453791,3660960
2009-08-21,174.14913940429688,175.2605477559198,169.27604124718104,171.66984385067653,6929022
2009-08-24,178.35531616210938,179.82579013441938,175.6195428657954,176.44028320360715,4207204
2009-08-25,180.6636505126953,181.58697830565802,175.80764804832947,177.1413460684197,5529298
2009-08-26,187.5715789794922,189.79439623266757,180.06529192699998,180.11659605868851,8852624
2009-08-27,187.31504821777344,193.5560333934455,185.0067386322509,188.08448474628094,10230928
2009-08-28,184.93836975097656,188.08451490197976,181.62123867733519,186.63113455955536,4563136
2009-08-31,180.23619079589844,182.54449990518583,178.2698534065055,181.5869832639409,7170352
2009-09-01,180.1848602294922,183.41647543576087,177.51746481716165,182.9548220840916,9862194
2009-09-02,182.81805419921875,185.65643587862905,178.16724763856956,178.16724763856956,8161418
2009-09-03,182.49319458007812,186.16939012394576,181.39888103442132,184.63051757069883,7796744
2009-09-04,181.89479064941406,186.03264066829993,180.28751917506247,184.66475360456243,6263446
2009-09-07,188.40933227539062,189.29845044078732,182.47611012763346,183.228452121899,5925720
2009-09-08,189.6746063232422,195.0948492641338,187.96474787219805,188.7341841751679,9892042
2009-09-09,191.65797424316406,193.14554225217327,185.7418701435766,190.13619655312823,7532186
2009-09-10,190.32440185546875,194.58195495648138,188.78552874948602,192.87209594983392,4898914
2009-09-11,191.62376403808594,194.58182651593427,189.96521024534533,191.8460539111408,9130296
2009-09-14,191.19639587402344,192.83787696154278,182.49323158907984,182.49323158907984,3200972
2009-09-15,195.57363891601562,196.87312730346366,192.18811047160034,192.87205392523592,4308186
2009-09-16,195.09487915039062,198.3265162923722,193.2824330890974,198.0016389624473,5816522
2009-09-17,199.3523712158203,201.07932381905954,195.94974923183864,196.63369251013475,5283220
2009-09-18,199.71145629882812,201.76328632929554,198.00159794010528,200.0534279705727,3925348
2009-09-22,206.08920288085938,207.23479944637424,199.11297356048087,201.74615918004977,3763280
2009-09-23,202.07110595703125,209.16701943709273,200.8229007790891,207.9188142591506,4522410
2009-09-24,206.05506896972656,208.36337822824996,199.02755384601517,201.07938429803593,6803348
2009-09-25,200.87417602539062,204.49906753580282,189.7942850875762,189.7942850875762,3068206
2009-09-29,208.73947143554688,210.12445223078228,202.10521409600076,203.45600608040664,7146124
2009-09-30,212.36444091796875,212.9799858476193,209.35509391677914,210.2955161591695,4373424
2009-10-01,215.39085388183594,222.24740275038965,210.32967720209922,211.33849783060396,5686944
2009-10-05,210.4151153564453,218.5198462217571,208.94464169247823,211.5778271124878,6259596
2009-10-06,210.03909301757812,214.89509696665985,206.89294814406722,213.71529003005537,7448054
2009-10-07,202.3446044921875,211.64623639799976,201.30159526294597,211.64623639799976,10075972
2009-10-08,195.402587890625,204.75550315120415,194.41086186465063,203.4731096032843,10162172
2009-10-09,192.10264587402344,201.9001456413519,190.35859815893394,196.65086633707907,10032478
2009-10-12,198.292236328125,199.79691981126416,192.71810307353132,193.89790934186868,5174220
2009-10-13,198.68553161621094,198.68553161621094,198.68553161621094,198.68553161621094,0
2009-10-14,202.7721405029297,204.49909355666605,198.58298683057325,200.03636667608467,3979580
2009-10-15,198.95916748046875,204.46492538653067,196.63376366721215,203.13122716230262,4232380
2009-10-16,204.60157775878906,206.68761677354172,193.55590067561013,193.55590067561013,7189942
2009-10-20,212.38157653808594,214.00594254466284,209.30383042036124,209.97067958699526,7840584
2009-10-21,216.39968872070312,218.65671447592044,211.33851170861305,212.02245511220082,5731638
2009-10-22,214.02296447753906,220.21266431921714,210.43226188957422,216.12609862797916,4292924
2009-10-23,218.7935333251953,220.87957363655283,215.30541711182232,215.47640299608275,7494460
2009-10-26,220.41795349121094,224.89779728512454,217.1521264722702,219.88790129396807,4071746
2009-10-27,219.8023223876953,224.98320227947474,216.99815011743019,224.98320227947474,3940880
2009-10-28,220.52273559570312,222.59813945155557,217.8298863208897,220.36838470968817,3582314
2009-10-29,217.5039520263672,221.43175417718535,216.52629889955654,218.17288250455442,4882712
2009-10-30,215.5315399169922,222.54669622438828,212.68431854970441,220.23118146598424,2876124
2009-11-03,207.89891052246094,218.17293912305757,206.16656668704024,218.17293912305757,2768288
2009-11-04,214.6396484375,215.42863447180105,209.2539283882144,209.63126316278579,4555798
2009-11-05,214.2279052734375,216.11462021179443,207.74445829210615,216.11462021179443,2731302
2009-11-06,213.42181396484375,217.81271086479333,210.5059812114662,212.68427142283377,4179484
2009-11-09,213.6276092529297,215.42856460993954,210.96905610686753,214.39944726307675,3432086
2009-11-10,214.96546936035156,215.77160290401298,212.6842508751797,214.74248556106855,4610406
2009-11-11,221.34605407714844,221.94637270502136,212.16975505109076,215.1027361597795,4049412
2009-11-12,224.810791015625,226.92049103057448,220.76293156870852,221.26034272822454,4727766
2009-11-13,229.88754272460938,231.51697760957654,222.13485049893643,224.67334690522745,4597896
2009-11-16,228.37826538085938,232.23745499488066,226.4057906892485,229.8361814572674,3523808
2009-11-17,236.85145568847656,237.69190604321693,226.16577461560837,229.15022029496478,5344330
2009-11-18,235.633544921875,242.08267523297667,234.46720371204628,237.03999673010094,5582914
2009-11-19,233.23228454589844,237.5202731503057,229.66466965205385,236.66267542942427,3464664
2009-11-20,237.7774658203125,238.75511849088238,229.8704009651694,232.58041715060094,2800774
2009-11-23,238.10340881347656,240.1273476904159,235.32480073660759,238.41215234977008,2543474
2009-11-24,239.80140686035156,241.49945408437003,233.95259614423347,241.49945408437003,2721872
2009-11-25,241.0878143310547,244.12372216086217,237.38299717534363,239.8014180313328,3893254
2009-11-26,235.97657775878906,242.64867072611239,234.98175610977063,241.82538954454373,4409118
2009-11-27,229.99053955078125,235.46201668784764,224.69058194191476,232.08306941984347,3769058
2009-11-30,236.14817810058594,237.70900217028876,231.20840557097392,231.20840557097392,3882888
2009-12-01,235.23910522460938,241.29375480588033,233.35238983454687,241.29375480588033,3229964
2009-12-02,234.74168395996094,238.39505924823888,232.25465014574345,238.39505924823888,2161954
2009-12-03,236.71417236328125,238.72096404729555,233.00935355714984,235.92518646879617,2978706
2009-12-04,238.4808349609375,240.470457957691,233.6096745637483,233.6096745637483,3933408
2009-12-07,239.92160034179688,242.1513549139792,238.41221964103232,239.4413371358857,2207652
2009-12-08,239.54421997070312,240.41896556354226,236.78275916539076,240.07592643400167,4226172
2009-12-09,242.4258270263672,243.86659597390204,237.79479744051062,239.44138155021346,4708848
2009-12-10,242.06552124023438,243.55773277734386,240.79627252982166,241.84253747609498,1659484
2009-12-11,242.21987915039062,245.067120183677,240.12734919665422,242.5800869241402,2688312
2009-12-14,241.87681579589844,244.226645753868,240.41889989357787,240.47036412393035,3008842
2009-12-15,240.45323181152344,244.24380921365702,239.16683534445713,242.87165298211963,2087152
2009-12-16,244.63829040527344,246.216261554015,238.4121236921497,240.7104893598355,3565378
2009-12-17,247.93148803710938,249.732443156023,245.2729352425226,246.3020524533304,3782302
2009-12-18,249.56097412109375,250.93313067983513,246.8338087731057,247.93153820758832,2795290
2009-12-21,251.80796813964844,256.9364093359137,249.21802587789227,250.45295885619365,9326994
2009-12-22,248.3775634765625,254.70664179346673,246.7138314977417,253.84904367295,3189142
2009-12-23,256.0956726074219,257.10764149458674,248.891856101236,249.88667723182482,4470686
2009-12-24,257.0392150878906,259.6806205678135,254.20914227456902,257.2793466656012,3057686
2009-12-29,254.3292236328125,257.8968180823235,252.6997877379181,257.2793518254319,2256278
2009-12-30,254.7923583984375,256.85059353864705,245.35878067247717,254.5350790059113,1472110
2009-12-31,257.3651123046875,258.9945482039841,255.15250568552162,255.9929557579114,2853462
2010-01-04,257.8453674316406,260.33240109512866,256.9534531415769,258.92592811606744,1963682
2010-01-05,257.9139404296875,260.55534570222795,256.09583737681646,258.994521975823,2014488
2010-01-06,252.0822296142578,258.0339695076245,251.44761576663097,257.9138932814239,3349176
2010-01-07,245.0670928955078,253.64306869759807,243.90075181144715,252.30520809749564,6474892
2010-01-08,240.0587158203125,246.47355005087863,238.9266911766694,245.61595245153669,6048178
2010-01-11,244.99844360351562,247.02236102222713,240.26450986893488,241.49944182145586,4318408
2010-01-12,257.2965087890625,258.6515176112529,249.38946061456352,251.1046563546912,9027690
2010-01-13,270.5035400390625,273.19641015296025,255.44413266424797,255.56418800175206,10910272
2010-01-14,267.5190124511719,273.89955176540604,263.91710218807697,273.89955176540604,10327614
2010-01-15,271.4811096191406,274.2940130488715,264.91190350746217,273.05908085715754,7945008
2010-01-18,275.18603515625,284.3794810185765,272.03007050389766,274.43134477064075,7261084
2010-01-19,267.81072998046875,275.1860733960561,267.1075037492638,275.1860733960561,5154850
2010-01-20,267.36480712890625,271.7557054613668,264.44897342425094,271.7557054613668,4347054
2010-01-21,264.3630065917969,271.6697329071552,263.41964936725105,264.9118606020118,5089504
2010-01-22,259.97222900390625,262.4249674669761,255.46127643932925,261.0528107743383,7574990
2010-01-25,259.4062805175781,262.59654129949996,254.24354408252486,259.85222734731707,3008286
2010-01-27,255.65707397460938,261.29784126058865,254.57364812528374,257.961534548502,4844398
2010-01-28,255.1240692138672,260.6960449948879,250.29159188572785,257.78967290299084,6537196
2010-01-29,253.2151641845703,254.45337172863276,244.94319799785836,252.45847246632187,5473326
2010-02-01,256.6372985839844,262.3640311220424,247.6430328144425,252.578687640713,3378012
2010-02-02,253.97178649902344,262.3125443795347,252.80235225467197,259.6813278262277,4739188
2010-02-03,258.9761962890625,260.33479794931594,252.97428684845002,255.89785100645386,2977676
2010-02-04,254.07493591308594,259.30296090775346,251.94244954767305,258.97620540940585,2716612
2010-02-05,248.84698486328125,252.80239650934584,246.47372947845403,252.80239650934584,4607118
2010-02-08,249.0705108642578,252.71635943890135,243.5673305294195,250.73865400606886,4170344
2010-02-09,252.85403442382812,255.19288267300738,248.00434248780607,249.36294479944618,3005894
2010-02-10,251.87367248535156,255.79469674242745,250.42908349627277,254.4876956543909,2337374
2010-02-11,255.4507598876953,257.2564909599557,252.8023501164533,253.81700320326925,2413156
2010-02-15,256.6372985839844,257.96149251504426,254.02327619738927,257.96149251504426,1956482
2010-02-16,260.7647399902344,263.1035871730735,255.27875350725296,257.0156904081059,1660490
2010-02-17,260.93682861328125,264.1355490281573,258.8387278301666,263.0865091330869,2528290
2010-02-18,260.98822021484375,263.79140998916154,259.8531939171725,261.4009627757129,1814806
2010-02-19,258.1507263183594,261.2290717841921,256.51696977988024,259.6469159546406,2215880
2010-02-22,260.4552307128906,262.67370468777773,259.2686031455818,260.36924351225906,2143460
2010-02-23,262.1233825683594,263.1208425254476,258.3915463362647,261.05714964289507,1853052
2010-02-24,263.24114990234375,265.081288188202,258.68382926803423,260.025237700979,4076058
2010-02-25,263.5508728027344,264.77188732968506,261.8311281188666,264.77188732968506,2672984
2010-02-26,262.02008056640625,267.7812205241559,256.6372967240459,263.84300423504254,3015934
2010-03-02,262.5015869140625,264.4964846805519,259.6812040751842,262.08884437786804,4053352
2010-03-03,264.4106140136719,266.21634503620425,262.828458086354,264.496601205221,2754742
2010-03-04,262.7423095703125,264.8403873586999,260.369056143553,264.1524902486773,2053606
2010-03-05,262.2953186035156,263.79150832026727,261.45266092745646,263.1208040329625,1287312
2010-03-08,262.32977294921875,264.8405951723889,261.50428737227253,264.0151095954427,3015740
2010-03-09,264.3934020996094,267.76409557166807,262.43289007216794,262.43289007216794,3457732
2010-03-10,268.2972412109375,269.81062423770203,261.40107238156986,262.6736870641263,4587874
2010-03-11,272.26983642578125,273.40488415486385,265.5112557285202,268.2972323528924,3214030
2010-03-12,274.1099853515625,275.1590249355357,272.40743468618035,275.1590249355357,2510976
2010-03-15,281.35003662109375,282.0379340211453,272.11502242258643,274.10992068414345,6054434
2010-03-16,285.1335754394531,286.14822867006933,280.59344675859035,282.5539592563459,3088856
2010-03-17,289.15777587890625,290.94631393349835,285.47751932277765,286.8533145966224,4174794
2010-03-18,284.050048828125,290.63667537129936,282.20993152917293,290.63667537129936,3724554
2010-03-19,282.34759521484375,287.00809753516705,276.96478777551135,276.96478777551135,4716624
2010-03-22,284.6519470214844,286.7844332447215,277.27426390801264,280.28381515247054,3310110
2010-03-23,285.01324462890625,286.509413843022,282.76036269566583,285.4775672145357,1694964
2010-03-25,285.4085998535156,287.81624052399616,281.350009779012,283.4480882518179,5517582
2010-03-26,283.77490234375,287.5411452268332,282.8290433133986,285.47745279697557,1997806
2010-03-29,279.2691650390625,285.2366668833724,278.0997310037742,283.41374288139303,3443266
2010-03-30,275.1589660644531,280.696531859315,274.17872064503376,278.11691655246074,3097160
2010-03-31,268.5035400390625,277.6525663458734,267.35129938845944,275.15893846602506,7083046
2010-04-01,277.841796875,278.5296943770391,269.00230977520437,270.46409196703746,5781432
2010-04-05,276.3111572265625,281.0060649960804,274.900976068687,281.0060649960804,3001836
2010-04-06,273.8003845214844,278.22013833333375,272.45899705946744,278.22013833333375,3702366
2010-04-07,274.4882507324219,278.25449312598283,268.6755304062844,271.7194679474987,3024558
2010-04-08,274.9698791503906,277.73866286018625,271.71955871151346,273.783251562487,4494438
2010-04-09,272.26983642578125,277.8762181400819,271.1176164498541,275.84691201114236,3018012
2010-04-12,274.5055236816406,275.1590347864458,271.75393333377616,272.06349564509827,2869882
2010-04-13,282.3303527832031,283.34500590118773,270.7736819629192,275.15902898740603,8404916
2010-04-15,282.6227722167969,287.1629012028322,281.71129937364464,282.72595267246254,4290952
2010-04-16,280.35260009765625,284.7895470908222,279.23476673045195,281.69400853548717,3810958
2010-04-19,279.2691650390625,283.7576915984821,275.41693520907216,278.59846084214604,6947704
2010-04-20,271.5475769042969,286.38897598346085,270.6877049064999,283.75775927301447,12016986
2010-04-21,269.9997863769531,274.81506919131914,268.3660297077932,273.4392741015003,7107490
2010-04-22,270.32659912109375,272.97500942809603,268.6240481385229,271.41002538784136,4751116
2010-04-23,268.3487854003906,272.407375944404,267.4201196928966,271.0487743531594,4306068
2010-04-26,270.03424072265625,272.0635473873361,268.34890390984555,270.3438030928523,2512548
2010-04-27,270.7908935546875,271.68517305528115,268.64121349504313,270.32657105899204,2621234
2010-04-28,264.94378662109375,269.6386966730774,263.12086197203854,268.28009455972557,2400382
2010-04-29,261.3149719238281,266.6461756945676,259.8875767106081,266.5945750028287,4622964
2010-04-30,263.2584533691406,265.80366221677616,262.278186568798,263.12086543447,3690224
2010-05-03,263.73992919921875,265.32210623635325,259.3717753473228,261.8310176044401,2416560
2010-05-04,261.7450866699219,266.5087700603522,260.30049723609255,266.5087700603522,2896028
2010-05-05,263.3786926269531,264.15257713026443,254.57361511979525,257.96150110377386,4371230
2010-05-06,263.8431396484375,265.15016199955153,261.12595648152865,264.13550875033224,2580872
2010-05-07,255.0036163330078,262.29531317262393,252.8023358953719,260.36920853441706,4267152
2010-05-10,264.9266052246094,289.9488843938276,256.24189664697695,261.40112946537243,2327814
2010-05-11,260.12847900390625,267.9361211354589,259.30301446140135,266.56032590498154,1351288
2010-05-12,261.2119445800781,264.13550965117247,258.33995923798534,260.369265743345,2740076
2010-05-13,263.3271179199219,265.9411406515538,261.8997434020423,263.1551435688788,1321452
2010-05-14,262.72515869140625,267.24809167746844,259.68122164284256,263.4646566601555,2026996
2010-05-17,256.4999084472656,266.5432211630049,252.49289511087215,266.5432211630049,3722050
2010-05-18,252.83665466308594,256.5857035001517,249.80991061663602,256.5857035001517,3199180
2010-05-19,248.1590118408203,252.11442228596158,246.3704742235548,251.08257608288125,3929266
2010-05-20,251.08262634277344,251.87370439156098,246.3189438155125,250.73867753956415,2398092
2010-05-21,247.19598388671875,249.67241921617966,235.6908933926366,244.20362540499377,2675092
2010-05-24,246.81768798828125,251.08266215355786,245.1323512079652,249.36291789223213,2885428
2010-05-25,240.60943603515625,245.5795015751529,237.8578449810929,243.51580828460538,2297366
2010-05-26,253.83421325683594,256.17306088770897,242.17434059215967,243.515749303306,3689464
2010-05-27,255.1583251953125,257.94432215733514,250.11948952374436,252.80228508524027,6883872
2010-05-28,258.23675537109375,259.16542133159237,252.9743429188934,257.89280657038825,2479374
2010-05-31,255.571044921875,258.9589517829583,253.8341084057663,257.4455692977183,3327660
2010-06-01,254.24705505371094,258.6324039422428,252.69928485775853,255.57125004639062,3136912
2010-06-02,259.42340087890625,261.22913220752974,253.2495152805424,253.76543851729198,2769330
2010-06-03,263.2755126953125,264.4965262707923,256.2761446904195,261.4009882520184,1684434
2010-06-04,263.24114990234375,264.73733946108433,259.7500829178777,263.27555737083406,1368210
2010-06-07,259.07940673828125,260.64436941742997,253.14629055343514,257.9271867749326,1734922
2010-06-08,258.03033447265625,262.08892517840087,256.9296943678024,259.3373354127484,2242222
2010-06-09,252.13174438476562,260.90244159351766,251.42665331755907,258.649580430649,4867400
2010-06-10,258.133544921875,258.99341682368004,251.0825953270736,251.0825953270736,1796036
2010-06-11,261.09149169921875,262.53608066978524,258.30551517902813,262.02015753693763,3237024
2010-06-14,268.6240539550781,270.72213355933104,260.7132303430848,262.5533483078162,3550492
2010-06-15,268.30877685546875,272.3714210748526,264.99915027790564,264.99915027790564,2642976
2010-06-16,271.3558044433594,273.15948157268105,268.72910262948557,272.1613220577165,2328816
2010-06-17,271.5308532714844,274.85800811050643,267.4682306500855,272.1262431494866,1528920
2010-06-18,274.2976989746094,276.29399648245794,270.46271033145473,271.53089804911633,2225672
2010-06-21,275.8736877441406,278.08011257371464,274.78797170815017,277.694871597939,1907428
2010-06-22,272.70416259765625,275.4534349940528,270.8304360056356,274.92809468573614,1468324
2010-06-23,275.3834228515625,276.3115327397912,269.6221857437794,269.67472833222814,2959524
2010-06-24,270.8829345703125,276.1538438653731,268.86913038232785,275.38334059647974,3777510
2010-06-25,265.6470642089844,271.7059844041767,264.8065112233211,271.7059844041767,2037322
2010-06-28,267.83599853515625,268.6765515726838,265.3318678669756,265.6295735318361,1153124
2010-06-29,264.0008850097656,267.92342836696787,262.3198011070051,267.92342836696787,2614662
2010-06-30,263.02032470703125,266.13735175268664,259.6056134342036,264.4212318958836,3316516
2010-07-01,256.3659973144531,262.6700792156282,254.1770799876562,262.6700792156282,3407744
2010-07-02,260.4986572265625,261.26916036614205,255.96321645436097,257.34661641785567,2943550
2010-07-05,258.817626953125,262.2848811150001,258.1521874267371,262.24984560636693,2165596
2010-07-06,265.8747863769531,266.83791044864233,257.7144816868074,257.9421377451235,2760904
2010-07-07,267.7833557128906,268.76400768162847,262.30232008092395,266.6626472505794,2152934
2010-07-08,272.05621337890625,272.82671672576237,269.552104221812,270.3751287705887,2187564
2010-07-09,271.23321533203125,274.5778778081629,269.93737158245096,273.17697026832536,1836666
2010-07-12,277.2745361328125,278.08005342291426,273.10682904868594,273.10682904868594,2725776
2010-07-13,271.3032531738281,277.3796808128923,269.51708331259954,277.3796808128923,5545886
2010-07-14,271.3032531738281,274.82302893921593,269.76224639662917,272.47650463690684,2833842
2010-07-15,273.9123229980469,274.8929749644979,268.01101101840294,270.02481476012895,3795536
2010-07-16,291.966552734375,293.6651440031359,278.43027964519143,278.43027964519143,19135452
2010-07-19,289.53253173828125,292.33434644700804,288.3242448699129,291.1961092215878,3027924
2010-07-20,289.72528076171875,292.2819335424682,288.9372700252861,289.53266019026705,2342062
2010-07-21,295.2411804199219,295.8715843591123,290.5481329398939,291.38868577624555,2943720
2010-07-22,295.486328125,296.29184541532084,291.5637840523104,295.24116511242966,1362882
2010-07-23,293.9454345703125,297.6928666969043,292.47447730669705,297.6928666969043,1894472
2010-07-26,297.4302062988281,298.25323099511616,294.3307066647216,295.0311604917427,2766490
2010-07-27,297.3951110839844,301.1250138703568,296.36193769555456,299.44392941902356,2106602
2010-07-28,299.2512512207031,300.47704484737426,296.6420576544171,298.04296465632694,4359228
2010-07-29,298.3912353515625,300.1464779124541,298.0401868393842,300.1464779124541,5331904
2010-07-30,294.8105773925781,298.3912770018612,293.1255485841813,298.04022844068254,1283426
2010-08-02,294.2840270996094,297.84717883911213,293.82766822037047,295.9339597488319,2827762
2010-08-03,292.0899658203125,296.46052491335473,290.86129579402865,295.2318548870708,1281552
2010-08-04,304.9910888671875,306.1144489283335,293.42403057712187,293.4766964496408,5583934
2010-08-05,308.1679992675781,309.7652875092246,303.88522356744846,306.114373565898,2912950
2010-08-06,303.5516052246094,310.1513119346775,302.12986325821583,308.9226423344835,2437734
2010-08-09,308.8701477050781,310.2216978702472,297.0222557072358,302.30555505769144,4259986
2010-08-10,303.4814758300781,310.67797120835064,302.39323387998263,310.67797120835064,1545194
2010-08-11,301.2522888183594,306.46535064541575,300.0762634486475,302.6038170175812,4020248
2010-08-12,299.6024475097656,300.81356952790486,297.0573450276312,300.81356952790486,2278092
2010-08-13,299.9359436035156,302.91985681486915,294.17873777814606,300.8486614270539,2589906
2010-08-16,299.8305969238281,302.796961841834,297.9700436524565,300.84864642156464,1319098
2010-08-17,298.46148681640625,302.2528069387395,296.28498148234166,298.4263691049983,1733196
2010-08-18,305.7984313964844,307.44836412606315,298.39131439783716,299.4444602133589,2888916
2010-08-19,306.1318664550781,309.2386588029205,304.4643859367402,306.8164153741825,2148534
2010-08-20,305.0436706542969,308.88765692556507,302.95492729901366,305.0612187981957,1746396
2010-08-23,305.552734375,307.32552566109945,300.86622233551844,301.9018200733572,1049830
2010-08-24,305.6579895019531,309.5897377109844,303.6570083983449,305.4122512214567,2650474
2010-08-25,305.8335266113281,309.44932269332895,304.1133800020117,306.1143611895438,2379968
2010-08-26,307.6939697265625,308.57159086097937,301.9894323528527,306.8163485921456,4204428
2010-08-27,300.51513671875,306.4654145160933,298.7423456508538,306.14946221926596,1276514
2010-08-30,296.8642272949219,302.88469732345743,294.91589061988657,302.88469732345743,1558570
2010-08-31,296.19720458984375,297.58385060325816,291.44050117472807,294.88077256944445,2447874
2010-09-01,301.34014892578125,302.25286678224285,294.88084564121255,295.58294289273925,2745484
2010-09-02,296.3199768066406,304.5345187947939,295.40725944186636,304.5345187947939,2758800
2010-09-03,293.93292236328125,298.917815647,293.16061133178096,298.3912428654727,2777970
2010-09-06,300.2694091796875,301.0241722345297,294.17872458604774,294.17872458604774,2287978
2010-09-07,305.88616943359375,307.13240902476053,300.4975823394997,301.19967949449847,2484236
2010-09-08,308.589111328125,309.9406606097159,301.5154984747734,303.30583685793056,4189478
2010-09-09,307.0621643066406,309.80033865195827,305.8861388338799,309.62481438076736,2938158
2010-09-13,308.83489990234375,312.08209833837293,305.65791544748845,305.88608410343016,2349410
2010-09-14,314.31121826171875,315.59255366301613,309.02794342280856,309.97577851439735,3071038
2010-09-15,321.1391296386719,322.7539654241074,315.5925682090231,315.943616671992,5560394
2010-09-16,314.3288879394531,320.665310136892,303.48147890824373,318.75209120727044,2334264
2010-09-17,320.7880554199219,322.5257494573595,315.9786875781284,315.9786875781284,3007978
2010-09-20,320.2439270019531,323.63155288742763,318.29561252057937,321.91140702744974,2419108
2010-09-21,334.8827819824219,336.30452438165554,319.55950359012655,320.1562904343109,4997184
2010-09-22,328.3182373046875,337.00669105854047,326.4752319629611,335.60249651246323,4031066
2010-09-23,326.948974609375,331.8461049110188,325.70275686179116,329.9855523585122,3327236
2010-09-24,327.15972900390625,329.24847234391905,324.7199370832629,327.5634220158484,2738784
2010-09-27,325.6325988769531,330.4946337391456,323.66673573368985,328.2303664978308,3423290
2010-09-28,322.8417663574219,326.5804200817868,320.89343001264393,324.80762941589825,2521714
2010-09-29,323.0875244140625,329.02025347943834,321.17432695765183,324.71990874204374,3370194
2010-09-30,325.40435791015625,326.4750513740268,321.26199057583113,324.7198091623385,7560924
2010-10-01,337.5682678222656,339.11288997029106,323.66675419524677,325.42199689695633,3326156
2010-10-04,335.5320739746094,342.27220789220723,334.54914268848563,339.3760584408116,2140956
2010-10-05,333.5838623046875,339.09532845596584,332.1445719165666,333.49610017306304,2211664
2010-10-06,336.8836975097656,339.7798475996409,333.49607095533105,333.49607095533105,1838960
2010-10-07,333.0748291015625,339.11286788751136,329.42393737553147,337.00657678261996,1972940
2010-10-08,330.8982849121094,335.1459843275531,305.06112564863616,331.40730948757687,2695996
2010-10-11,330.3016662597656,334.882846619891,326.1417271167903,330.8984317928309,3065370
2010-10-12,333.74176025390625,335.5320987491708,329.66958544458214,330.91582456278223,2608902
2010-10-13,348.53851318359375,350.24111135488783,333.18014049210717,335.58483570072633,5350604
2010-10-14,346.1513977050781,352.4527230853403,344.85251386263076,349.9602871001779,2949086
2010-10-15,333.60150146484375,354.91015712233656,331.74094805203566,350.6975736550091,5717798
2010-10-18,344.4663391113281,345.43172248208595,326.4751035653861,340.5170435036823,4480734
2010-10-19,339.7272033691406,346.6253153198767,338.4458677076386,344.72964475173967,2200912
2010-10-20,338.1473693847656,344.20295425046737,335.67248246404193,338.5861798822802,2206638
2010-10-21,346.2042236328125,348.8897332653734,340.51723054869564,341.9389734631469,3752354
2010-10-22,365.16070556640625,368.3903781236824,358.771638730065,358.771638730065,9610404
2010-10-25,374.55120849609375,376.65749965671307,364.1075148246895,366.1436134209962,5156316
2010-10-26,373.0242004394531,374.8321091383405,365.6346537816789,373.34015272172803,3507024
2010-10-27,367.9690246582031,374.49856111302347,366.3366833970986,372.11141414539014,2141382
2010-10-28,369.6191101074219,374.76198109366885,365.0905742220293,368.60106051262574,5255690
2010-10-29,369.6191101074219,372.1115468032222,361.9311365604925,372.1115468032222,2212398
2010-11-01,370.49835205078125,375.0706688013331,368.98595318270225,370.02354312890293,1147948
2010-11-02,369.10894775390625,372.8195748470355,367.0865774186511,371.06099194681366,1565778
2010-11-03,370.2872619628906,379.5022199160117,368.73970030133233,369.6189918210636,2217878
2010-11-04,376.0378112792969,379.3615159738888,373.3471707038792,373.5230290037868,1717440
2010-11-08,375.68603515625,380.69799590952834,373.5581328908479,379.85386761688335,2248586
2010-11-09,383.7579040527344,386.4309411409674,375.80911892161487,377.7083968038835,3504086
2010-11-10,384.1802062988281,389.7021418572523,381.9995367842502,384.162603288433,1540224
2010-11-11,374.4902648925781,383.3711093993051,372.2041069007474,383.3711093993051,1926096
2010-11-12,371.3775939941406,376.3016267583251,368.66935021334416,372.819623573963,1802330
2010-11-15,374.92999267578125,379.8012602602046,370.35767569193024,374.5782759847158,1389396
2010-11-16,368.9154968261719,375.07053643355914,366.55897018742564,374.92984122713193,2178076
2010-11-18,366.7701110839844,377.0402192864061,365.7852873674089,377.0402192864061,2765160
2010-11-19,357.1331481933594,368.95082080682056,353.82700260406244,367.5087909138562,2172652
2010-11-22,365.4687805175781,366.84048410730486,355.7614090839299,357.34413408726914,2221236
2010-11-23,362.2857360839844,367.5438825894714,356.07792890604804,363.6749996148454,1684448
2010-11-24,353.38726806640625,363.8508373373449,351.34731599775665,360.50952950292753,3008608
2010-11-25,359.3840026855469,366.45351893267207,354.21376458650343,355.2513328068986,5855006
2010-11-26,368.3353271484375,370.70941495770177,360.5096302956777,360.5096302956777,3617826
2010-11-29,376.79412841796875,379.3264715551003,369.39047450231254,371.06112887402026,4518892
2010-11-30,378.4471740722656,381.98194412644057,370.3928529517379,372.9955651520797,4808408
2010-12-01,380.5222473144531,384.49661964770104,374.22651077381335,374.22651077381335,3776032
2010-12-02,385.4110412597656,386.6068432711705,378.1129223057716,383.72278452084345,4095716
2010-12-03,385.9563293457031,391.46070453265935,383.7757028822617,384.4439732288549,2030112
2010-12-06,387.48626708984375,390.40553284242236,385.235314581149,386.88836587987805,1930954
2010-12-07,382.4918212890625,386.8882790050287,380.5925429689336,386.8882790050287,2158324
2010-12-08,379.5550842285156,384.4087489131389,376.7765137201983,383.70531551529484,1984132
2010-12-09,377.251220703125,385.93864657872376,375.66849598579813,381.1552664190335,2579902
2010-12-10,378.0602111816406,381.20805782156316,371.764474967637,375.2816412398001,2245624
2010-12-13,378.4822998046875,380.10018789901915,368.7397652243849,376.6885533754467,2115066
2010-12-14,380.1880798339844,383.23043731680235,374.279266120195,377.46227590983494,2615340
2010-12-15,388.17205810546875,389.8427120584552,380.38152634839497,381.64769759961627,2572034
2010-12-16,401.2032775878906,402.3639600308798,388.34805619880666,390.0538738411239,4515704
2010-12-20,410.34771728515625,413.9704152378744,392.1112211735299,399.12799271481657,4514046
2010-12-21,408.27276611328125,412.29990518992304,405.88107535864464,411.15682590490087,2810642
2010-12-22,404.3862609863281,411.1568072128876,400.1656607412001,410.45337383869963,3186836
2010-12-23,400.95697021484375,407.83304771105185,398.1784001677509,404.4741366202371,2850924
2010-12-24,401.3437194824219,404.05196249480105,395.9448793917794,398.8465407330916,1624640
2010-12-27,401.37896728515625,407.797795243773,400.3238174837398,402.7155075406125,1664936
2010-12-28,403.1903381347656,404.7906659269861,400.9745491926423,401.3789889576988,1012876
2010-12-29,406.9186706542969,408.6948573889075,403.43670922870047,404.122539707276,1042370
2010-12-30,411.578857421875,413.1967885587652,405.35348912268137,405.35348912268137,3845552
2010-12-31,409.9783935546875,415.0255173182965,408.6242934621311,412.3876432675446,1532980
2011-01-03,407.3054504394531,413.95286023419624,406.07444226499587,410.4532970261879,1405042
2011-01-04,402.6274719238281,410.154213770469,400.2885485623381,409.36285162866636,2502868
2011-01-05,407.6219787597656,410.0664351443068,401.572469784713,402.8034780126495,3069674
2011-01-06,412.1064758300781,415.7291753268144,405.56455323156655,410.8051411012853,2846720
2011-01-07,401.8890686035156,417.43492851621687,400.30634356078593,413.6188111666904,2532724
2011-01-10,397.75640869140625,404.1224721196874,394.2744049139857,403.5948970908105,3952426
2011-01-11,386.36065673828125,399.39177298536345,382.597306568201,394.97771280572584,3768730
2011-01-12,399.53253173828125,405.0369061778997,389.7020680438725,390.3703382997335,3160874
2011-01-13,395.41729736328125,406.5666938666664,392.58596220538965,397.0703478325916,5589198
2011-01-14,393.97528076171875,404.4740106245796,393.92251469524274,397.40451693875326,3151692
2011-01-17,400.0425109863281,403.26072679749217,393.92263292371695,394.3446757138999,3000212
2011-01-18,422.9569091796875,425.1903015027861,409.52130629172603,412.9153808282976,8481370
2011-01-19,419.5979309082031,425.22539687176663,416.78419792642137,423.2733524419923,2952040
2011-01-20,426.3508605957031,428.6546215817642,415.02560284429273,415.02560284429273,4545208
2011-01-21,426.157470703125,429.0942960276297,423.4668298502182,425.5771296667475,2597404
2011-01-24,425.2957458496094,429.09430275255846,421.4444657977485,422.0599699205493,2016678
2011-01-25,418.0328063964844,428.84809247498487,415.02561211806744,427.2653676830092,2467094
2011-01-27,422.55987548828125,426.27671361271734,416.2887513733953,418.3850179710162,4714118
2011-01-28,416.2008361816406,424.0397228760331,410.5286616018361,421.00986965388904,3014578
2011-01-31,408.5028076171875,411.84974739499114,397.5988473331636,411.84974739499114,5940816
2011-02-01,405.2088623046875,410.44065084070536,399.1667445515186,410.44065084070536,4212708
2011-02-02,416.5882568359375,422.38377260385204,409.5068460891299,412.20202175576026,3937618
2011-02-03,417.0286560058594,421.2563691751604,412.4310437381579,417.3809654366344,1883412
2011-02-04,404.73309326171875,416.8172809926481,401.72083041121164,414.3158926231834,3457600
2011-02-07,398.5149230957031,413.43522270182933,396.8766752225059,413.43522270182933,2578382
2011-02-08,396.3834533691406,405.12074713105363,394.0582190151505,398.81439778734944,5288638
2011-02-09,386.94134521484375,397.9686011798386,381.7975947129611,395.46721359714064,6012732
2011-02-10,384.2815246582031,392.64887392305053,377.6757226070078,387.54038700345944,4551822
2011-02-11,383.87640380859375,389.0201136555117,372.0035914423601,381.938701653441,2945056
2011-02-14,391.8739013671875,394.58666750366166,382.9604531932859,384.3696912915133,2462548
2011-02-15,386.7301330566406,394.23434284422393,379.27882130355056,394.23434284422393,3625426
2011-02-16,386.30731201171875,390.95777955015285,380.8465155354929,389.301942337391,2464592
2011-02-17,390.78155517578125,392.63117945903633,384.86278327327517,389.30187295178393,1477760
2011-02-18,383.9117431640625,398.95538846661765,381.2341988803688,391.1517224438888,4076928
2011-02-21,401.1396484375,404.4513668369497,372.8139517754863,384.0174127633059,5657800
2011-02-22,401.1923828125,404.3455351608645,394.58658068057076,395.52020931652163,3305400
2011-02-23,396.5418395996094,403.3766071618807,395.67865581527,397.45783538570095,1879344
2011-02-24,391.69769287109375,401.19241605278336,384.4753486084531,394.2343038973125,5378830
2011-02-25,391.0810546875,393.5295877398546,383.4006928002657,389.4075850887853,3070474
2011-02-28,391.151611328125,404.53937195002885,387.54043905511145,387.96319324055975,3229396
2011-03-01,396.17181396484375,398.81413375562755,386.69468504726467,392.1202569523087,3167804
2011-03-03,405.2263488769531,406.91745159267697,390.0065964615527,394.55139737934803,3452600
2011-03-04,400.0649108886719,409.8590852912474,398.9903501382327,409.8590852912474,2061198
2011-03-07,390.44683837890625,396.34802001016874,385.58495213084313,395.9957106590486,4184588
2011-03-08,393.7762451171875,397.6869143186395,389.3547874352705,389.3547874352705,3947902
2011-03-09,396.94708251953125,400.92819693245644,394.0581619235084,395.4850325510555,2424486
2011-03-10,390.55267333984375,395.2912184258497,387.54041022142127,395.2912184258497,1871324
2011-03-11,379.45501708984375,388.3860555589057,374.6107607893476,387.54050403969353,5012882
2011-03-14,386.6772766113281,388.2450365526914,372.884352237756,377.32344296545597,3248618
2011-03-15,383.9469909667969,385.9375056547634,375.4387061529683,378.7327920687232,3411868
2011-03-16,392.77215576171875,395.8020082300847,384.42243955139867,384.7218939627943,2677874
2011-03-17,386.8357238769531,394.1989989892117,384.95087717521346,389.30188969401934,2056102
2011-03-18,381.4631042480469,390.7112284563232,379.12023751397754,385.25043130476956,2211348
2011-03-21,377.2530822753906,384.54587273714503,375.73813401206155,384.54587273714503,2619090
2011-03-22,376.7951354980469,380.4943864776911,374.50512298683856,378.76806075254814,2657774
2011-03-23,374.9806213378906,377.32348819925784,372.4792323983803,377.32348819925784,4352248
2011-03-24,385.2152404785156,385.97271455314956,376.9711890512288,377.32349857370656,3094834
2011-03-25,394.4632568359375,397.58118665009914,388.86152836955864,393.476773241995,4146434
2011-03-28,394.55133056640625,396.94700883371655,390.3588398404617,395.9429355816406,2248642
2011-03-29,401.1747131347656,405.8252232106137,394.2870898844092,394.58654428546464,3159588
2011-03-30,405.8427429199219,410.088087835949,403.3589877794624,404.4511381749737,2294770
2011-03-31,417.0991516113281,422.066706078223,405.8604719550191,405.8604719550191,7394126
2011-04-01,415.7780456542969,422.3309934476746,413.10050218035565,417.48673804837904,1799624
2011-04-04,427.4217834472656,428.4082670542758,417.13436528968964,417.48667471983293,2311616
2011-04-05,436.8110046386719,438.2554652508044,424.0926379704201,428.07375324910265,2891014
2011-04-06,430.4694519042969,439.3124137647399,427.7566853397623,436.51156980516805,2422352
2011-04-07,422.4894104003906,429.81746303840674,421.0625831507723,429.81746303840674,2149016
2011-04-08,421.3621826171875,427.7037539274796,417.39870054825496,421.6792697840087,1983768
2011-04-11,415.1615905761719,421.0099206211498,414.0694395507635,415.7781323009309,2256232
2011-04-13,426.3296203613281,430.3107340082616,413.7169689345472,413.963568325835,3757530
2011-04-15,419.7416076660156,429.7824298695948,415.7252701832766,428.72550121658645,7566770
2011-04-18,403.25341796875,427.1752400106521,401.6504356555133,422.0667526043391,7765454
2011-04-19,410.3348388671875,411.99071924612673,401.63281181383263,403.2534268391441,3120224
2011-04-20,429.3595275878906,431.22678495410975,415.5666464449473,415.65472381115524,5338548
2011-04-21,419.988037109375,438.9070781424315,412.5014621816408,437.2159757796767,17333968
2011-04-25,422.0139465332031,424.1806586650663,413.1357639032916,421.7144920449205,4191552
2011-04-26,418.8959655761719,423.47598874899796,415.84848001756285,422.77136979933243,3155246
2011-04-27,415.9365234375,420.9921553874037,414.333541261763,420.9921553874037,1774478
2011-04-28,408.2032775878906,416.95815720504555,407.1287167608856,415.777929366436,2846194
2011-04-29,410.66943359375,412.90658953472115,405.2438605907107,412.90658953472115,1866696
2011-05-02,408.1327209472656,414.84423080104557,406.03649766301913,412.2019108596376,1543070
2011-05-03,401.0867004394531,409.3836056920185,398.4620120806135,409.3836056920185,2120156
2011-05-04,400.5934753417969,403.74662770107597,392.8778898236913,403.74662770107597,2722934
2011-05-05,392.8251647949219,403.3944517400767,390.3942201962285,403.3944517400767,1885596
2011-05-06,404.78594970703125,406.3889750035008,394.4985303512527,394.58660771904715,2405348
2011-05-09,400.0649108886719,405.84274998656645,396.17187525866905,405.15576393727827,1012232
2011-05-10,401.59759521484375,408.6613746671779,397.40510369336846,399.16665113881777,1529158
2011-05-11,401.7208251953125,405.75475094248344,396.73563818882184,401.28043841040204,1460670
2011-05-12,391.67999267578125,399.48365483028397,390.48213206179656,399.48365483028397,2540458
2011-05-13,397.0880432128906,402.44317361052464,391.76817817175686,391.76817817175686,2365488
2011-05-16,398.4971008300781,404.2397604902303,394.58647561059706,394.93878496382086,2227368
2011-05-17,402.2316589355469,404.873979659937,395.30881304286265,395.30881304286265,1391414
2011-05-18,406.93511962890625,409.20749878199183,402.42554066614736,402.42554066614736,2225180
2011-05-19,410.3875732421875,412.20197515292455,407.26964382630837,410.44042825056164,2050922
2011-05-20,413.963623046875,416.9230311661325,409.82398681640626,413.5232362138464,2050600
2011-05-23,410.9865417480469,412.3781466550402,405.15580406091095,410.08813558860896,2017284
2011-05-24,405.1207275390625,413.18862418600327,401.33340018139586,409.61267394001595,1681994
2011-05-25,397.616455078125,405.1206639131757,394.58660226914935,404.83879913751565,1867470
2011-05-26,400.135498046875,402.68974181604943,394.58662365177196,401.28050387443596,2060218
2011-05-27,403.2357177734375,405.1205643536938,400.3291653906588,404.64495529236046,1286704
2011-05-30,405.8427429199219,408.6612177504095,402.44299206085645,405.5080662364066,1140868
2011-05-31,407.6750183105469,414.9149540064509,405.1912186955821,406.91754415086314,2644154
2011-06-01,414.1043701171875,414.66805640990117,407.6218702347117,407.6218702347117,982386
2011-06-02,411.40936279296875,412.9066779647693,407.4987364749828,408.29143274240664,1697654
2011-06-03,405.89569091796875,413.9635855699558,405.15584970676525,410.7928006592072,1367808
2011-06-06,410.2115478515625,411.4974860969213,401.63282033432387,401.63282033432387,1357074
2011-06-07,415.47857666015625,416.83495952320385,407.97436771969603,409.73591507599866,1837442
2011-06-08,419.0611572265625,420.3381251492427,412.711737224594,415.6913579110201,2127670
2011-06-09,420.8170471191406,423.4597055986085,416.79103177017953,416.79103177017953,2693966
2011-06-10,421.82794189453125,424.7720998650575,420.37361601642345,420.8879798210515,3774550
2011-06-13,416.8974609375,422.28912331022514,415.92199257202066,421.82797549007444,3229400
2011-06-14,422.48406982421875,423.84971634417076,417.85501351736104,417.85501351736104,2125782
2011-06-15,420.0721130371094,427.4324646060518,419.00796582232255,420.6928655790684,2812382
2011-06-16,408.3309631347656,420.6573329979428,407.30227900411876,419.6286488672959,2337520
2011-06-17,393.4505615234375,410.40598604577355,391.60605755793773,409.69655478208165,3788146
2011-06-20,379.2974853515625,396.9268369280887,375.2891809382644,395.50797424023136,5310408
2011-06-21,392.5816345214844,393.982744336108,377.1337471463447,381.31941008411627,3425946
2011-06-22,384.3344421386719,396.1819545988442,383.09293724943757,395.8627018244188,3570834
2011-06-23,389.1231689453125,390.5420319132079,379.58130682616365,383.7315069874146,2428236
2011-06-24,403.577880859375,404.642028205082,389.83264431065976,390.1873600925621,4151588
2011-06-27,408.1361389160156,409.5904655636781,397.99127201490813,397.99127201490813,3125218
2011-06-28,409.342041015625,412.1797674698061,402.83301462140093,411.4703358562608,2133332
2011-06-29,414.9642333984375,418.17442842562497,409.59028084199946,409.59028084199946,2958704
2011-06-30,420.0542907714844,422.82109039450296,413.95319839797395,414.94641962168674,5172916
2011-07-01,422.78564453125,424.94940160558457,418.4580870823252,424.94940160558457,1920840
2011-07-04,420.5864562988281,425.6589089505947,418.56459380141814,423.17589864838294,1603734
2011-07-05,418.3693542480469,422.46633730778154,416.22335055505494,422.0406958497377,2061136
2011-07-06,419.5578918457031,423.14051299010316,415.62051157880865,417.9439175344791,1490178
2011-07-07,424.20465087890625,425.65897705713076,419.6642711368554,419.6642711368554,2602634
2011-07-08,415.6027526855469,427.43251529955177,414.7514261526979,424.24007327656756,3412060
2011-07-11,410.2818908691406,417.7841359954708,406.71698104378606,415.0173364324864,1822504
2011-07-12,406.27362060546875,407.4974157574619,394.4793235145546,402.85060542128747,4079404
2011-07-13,407.5862731933594,414.30812136978807,401.1836346483136,407.9232359377194,3952600
2011-07-14,398.5939025878906,410.97348569377806,396.96221948716993,407.9229401923881,6937844
2011-07-15,406.5220031738281,417.8196911670116,404.76613422872504,414.30799657706785,7279700
2011-07-18,399.0729064941406,408.63247707079006,398.0974383414109,407.21361430318314,3125208
2011-07-19,404.39361572265625,407.2668039812152,397.37022815706547,397.84908565011654,2195292
2011-07-20,401.6979675292969,408.56175421758763,399.05535163193395,407.92324833486583,2807746
2011-07-21,398.1862487792969,401.71565375932613,397.29945925664936,401.5382958547966,1850624
2011-07-22,402.034912109375,404.83717569906526,399.5873643335628,399.6760432870323,2090442
2011-07-25,404.34051513671875,405.7948411345782,398.39902598549133,402.6023992025754,4740714
2011-07-26,406.02532958984375,408.6147281873232,399.8532678269416,404.3049671263991,3968722
2011-07-27,406.9122009277344,409.5725691812388,403.7197590235291,407.55066332841676,2024290
2011-07-28,401.7198181152344,407.17897364964693,398.4300937498368,405.4363001679189,4093814
2011-07-29,404.36944580078125,406.14767555364307,398.9102891422579,402.9468619984918,1719138
2011-08-01,403.7469177246094,408.9571376777193,400.13710396375734,406.2897940239562,1982346
2011-08-02,402.1109924316406,403.3023973565918,399.1235585832762,402.0576368709233,2025292
2011-08-03,394.8912658691406,400.3504196706189,389.55657940246033,398.3232561787962,3064246
2011-08-04,389.734375,398.1454054230477,388.04505773715096,394.78457054984165,3049294
2011-08-05,376.2554626464844,381.9635951915406,365.6038881349197,381.6613049395576,5269388
2011-08-08,357.5485534667969,367.5066374576335,354.43665221966046,359.6290947533084,6549306
2011-08-09,343.1271057128906,350.3822896082408,337.0455704674498,343.19823922302146,8159270
2011-08-10,349.97332763671875,359.91363443101096,346.32795732751134,355.29023794128454,5949080
2011-08-11,347.9461669921875,349.74219620128224,342.48701096230985,348.5329914258189,2900464
2011-08-12,336.8499755859375,352.7651273770131,333.4179844499065,352.2849924552652,4169084
2011-08-16,346.2566833496094,347.9460006125035,340.0151049617686,343.9094301512927,2983568
2011-08-17,355.6103820800781,358.9890184909937,344.97655985138164,346.5769665723417,4557892
2011-08-18,342.2557067871094,358.9532804549397,340.70865633099515,357.74409783030325,3619896
2011-08-19,330.3771667480469,336.7787910801638,321.85944558698975,335.373985843681,5443614
2011-08-22,326.500732421875,330.75070550604863,320.7926197488773,330.39505958614967,3528922
2011-08-23,349.101806640625,351.3779477786274,327.3185077525269,327.496330600593,4874670
2011-08-24,342.34466552734375,347.82161996413976,339.64176591590336,347.82161996413976,3194790
2011-08-25,338.005859375,346.0434477310066,333.59584169751713,344.8698206463723,4445488
2011-08-26,337.31231689453125,344.79865783149353,334.30710506612064,338.2547653899923,3584910
2011-08-29,362.61651611328125,364.1813666056754,342.8781705599463,342.8781705599463,5590444
2011-08-30,370.7252502441406,373.53486119890283,364.2347133499588,366.31523293190895,5966682
2011-09-02,363.50555419921875,382.23031377302135,359.9135403938568,381.60793363894106,4413506
2011-09-05,365.4970703125,367.453121672069,355.0944552435013,361.26489948593075,3789658
2011-09-06,367.7022399902344,370.58296259056834,357.4240666060664,362.04746249251303,4763292
2011-09-07,366.6707763671875,373.4280457667768,364.53690181994875,367.7732695338364,4432156
2011-09-08,368.466796875,375.1884668230192,365.9594769704743,367.3820599713314,4892662
2011-09-09,361.3539123535156,373.99711625828894,359.43343804912433,369.8716336427251,5062650
2011-09-12,350.5600891113281,357.01504772011464,348.05279042173674,355.6458199958897,3297170
2011-09-13,353.4230041503906,364.1812893081761,351.6447751986905,354.8633652598884,3798204
2011-09-14,361.0160827636719,365.9595686123319,353.42305277794446,356.0014851126766,4745632
2011-09-15,370.4939880371094,371.93437079888236,359.2022346220115,365.60385860537406,3852238
2011-09-16,365.5149230957031,381.3945146694588,363.22100364465047,372.71674960281865,4656504
2011-09-19,362.065185546875,367.20427145977357,360.0913557898506,363.2921678413159,2240234
2011-09-20,376.2554626464844,378.4071371357535,363.50556919924634,363.50556919924634,3487986
2011-09-21,371.1164855957031,379.81201022617057,368.7692314083811,379.81201022617057,2740760
2011-09-22,353.6542053222656,367.73777084196473,350.73790531270026,363.82566689683745,3141570
2011-09-23,352.196044921875,360.98050086055076,349.33310046332605,351.3780638918464,4564232
2011-09-26,354.5611572265625,358.4910397795914,344.6208507405001,354.22328930602487,3388478
2011-09-27,370.0672912597656,371.64989786121515,357.77971028553344,360.55374345928993,3964578
2011-09-28,372.6811828613281,378.6560052968807,368.8046355789463,372.8945616244216,4425190
2011-09-29,377.50030517578125,379.8298030751439,368.34242368778035,371.02756747017213,5380350
2011-09-30,368.9113464355469,378.40707040442896,367.4176082672572,373.3924741128419,2691018
2011-10-03,371.04534912109375,373.392603152401,361.0872431726936,362.7587830831826,3949264
2011-10-04,371.9876708984375,376.6288655017225,365.9950484351104,369.3025714183468,4718224
2011-10-05,371.1341247558594,378.0514169478575,370.2272107645528,375.0284281952171,3415262
2011-10-07,372.9124450683594,383.3150853910031,368.9825413587308,382.35481562063484,5085808
2011-10-10,378.6560974121094,381.9636209929303,372.7168294232691,372.7168294232691,3854814
2011-10-11,370.1739501953125,383.38620134559403,367.9156078775668,382.3192638650404,4476374
2011-10-12,383.759521484375,387.44044590724855,377.69574475161596,379.1183275943716,5871662
2011-10-13,388.6319580078125,392.97081951458483,384.1330298386212,389.96562979232795,5408918
2011-10-14,403.39117431640625,405.7028715904258,387.2626489411965,387.44047180842875,6710132
2011-10-17,398.41229248046875,410.41534079219906,395.22927925665715,409.5262261024412,4358690
2011-10-18,367.5778503417969,378.4961624933476,362.9366538167359,377.69595918997896,12006778
2011-10-19,373.0545654296875,374.9928606769038,368.16443671675165,370.93849073396734,3827420
2011-10-20,371.6143493652344,372.36119695143157,366.4219287495311,368.4490926854662,2245412
2011-10-21,373.3746337890625,376.9844463686508,370.93846939858753,375.1706619603883,2461130
2011-10-24,384.0087890625,388.4721639670275,376.8069571768639,376.98478018638576,3271720
2011-10-25,391.8189697265625,394.7968778489137,382.1184241138458,388.3774164204761,4158746
2011-10-28,399.968017578125,406.244814140346,396.2233326164038,402.64279255078304,3259116
2011-10-31,397.9352111816406,403.71270778372707,396.57997443065767,399.4330677718854,1778740
2011-11-01,395.3139953613281,400.5030775827379,390.9630443455712,395.15352623479396,1458210
2011-11-02,394.74334716796875,400.0928979997199,392.3003943284203,392.7461902310662,1550844
2011-11-03,394.08349609375,395.65270605211344,387.66403642887445,391.5157296416986,1891268
2011-11-04,392.22918701171875,401.21641734637046,387.7355283096254,399.7898700846944,2716008
2011-11-08,394.1727294921875,397.5786275363999,390.873839876442,390.873839876442,1692104
2011-11-09,400.4851379394531,408.705630735957,394.54717211127297,395.8667103987018,3921980
2011-11-11,403.3560485839844,406.92241506129636,394.8859282003685,395.86667898162926,3629590
2011-11-14,402.4289245605469,412.2720903285675,401.0380325038704,406.5659022271341,2329150
2011-11-15,401.0024108886719,406.1914500041565,399.43320032330615,401.2342335065266,1468478
2011-11-16,398.4522705078125,403.9979874575317,394.15478174943576,401.5728409861686,1871602
2011-11-17,397.7034606933594,400.6813687008288,395.0108359508483,397.649956476568,1391988
2011-11-18,387.521484375,395.79548310721344,383.8481519658133,394.3510868538269,2789442
2011-11-21,380.60260009765625,388.12766793659756,378.0704886918504,386.9507496252217,2871704
2011-11-22,385.8274841308594,390.51726640237,376.9650690295024,381.2090553348002,3723582
2011-11-23,378.8551940917969,385.8630706089246,371.25881476201516,385.8630706089246,2355750
2011-11-24,389.3760070800781,391.01652736420954,372.6853903655915,378.7482148978547,3766844
2011-11-25,379.42584228515625,387.9851241780756,377.0006950015922,386.9508689090627,2140604
2011-11-28,388.1989440917969,390.8737186261914,383.02771332530074,384.4364104995185,1504486
2011-11-29,389.9109191894531,394.4045328755986,387.37876380681075,389.8039107661924,2554696
2011-11-30,397.8460693359375,400.4851459636723,385.5777587275771,385.5777587275771,3481698
2011-12-01,404.7113037109375,409.6150578408144,401.6441935728153,406.5657969497914,2481448
2011-12-02,420.1180114746094,422.6144682490765,402.8567873556293,404.7291299364797,3968866
2011-12-05,421.170166015625,422.22227058274694,414.6080844328293,418.1566027953116,1530476
2011-12-07,420.6707763671875,425.4318669201477,418.5487621866791,420.8312454451957,2637422
2011-12-08,419.9754638671875,424.0411318704591,416.24862692613374,417.26503304326087,3326444
2011-12-09,418.1208190917969,421.8298489758211,414.05515255613085,414.05515255613085,2763230
2011-12-12,420.95611572265625,424.3976685485086,411.9510391421102,419.4047548008791,3172170
2011-12-13,420.3675842285156,426.8583971058675,416.0701388979409,419.04804609301453,3274558
2011-12-14,421.7050476074219,424.0410354013728,417.2649381157327,421.009623457797,3346176
2011-12-15,421.7229919433594,424.3621128197673,411.772817084001,420.72439154641694,3669372
2011-12-16,408.81256103515625,421.7406380710724,403.8196485247335,419.60081842374836,3550896
2011-12-19,407.86761474609375,412.77136990111336,397.4359901435974,406.2092452048991,3667724
2011-12-20,404.1942138671875,410.5245155839484,402.3753753203087,408.4738544644343,1809396
2011-12-21,413.2349548339844,415.83842033402624,400.3068735843202,410.1322327479675,3116976
2011-12-22,410.73846435546875,415.07160890812384,404.51517143953095,410.8454727779058,2086268
2011-12-23,412.68231201171875,414.41199191127936,406.244999886969,410.4889868243395,1578590
2011-12-26,423.82708740234375,424.46900737847074,411.38045714838046,412.68218988532,2229352
2011-12-27,420.63494873046875,424.3974816327874,417.264750849043,422.7569622594729,983902
2011-12-28,416.9796447753906,422.0974166476849,415.8027696943762,420.3676936898606,1197910
2011-12-29,415.7313537597656,420.15365722742035,413.5202237933134,414.9467704903149,1585728
2011-12-30,413.930419921875,421.72292358734103,412.4503688192473,420.1180583390171,1545410
2012-01-02,420.3319091796875,422.953179614489,411.20202046775114,414.0551134111527,2248542
2012-01-03,427.108154296875,431.494803645437,420.8313563330958,421.99042574672507,2708884
2012-01-04,418.3348083496094,429.74718163791925,417.0152701020482,429.7115266783431,2386770
2012-01-05,417.9781799316406,422.6144566714967,416.31981069851133,418.26350668337795,2547312
2012-01-06,417.0506896972656,423.808933275993,412.5570789579321,415.8381170127535,2119728
2012-01-09,417.74639892578125,420.72430672861253,415.57092371540625,417.62158478501675,1509028
2012-01-10,415.6244812011719,422.7928712389717,413.1636788952752,419.0481853275342,3591790
2012-01-11,405.49603271484375,419.0482308178904,404.1229897718827,417.76434707297574,5675380
2012-01-12,388.55572509765625,397.649961894343,381.1198578355522,392.6570475745934,9528684
2012-01-13,387.2184753417969,393.4952754453562,382.6713553228165,391.28414430101634,4019828
2012-01-16,395.65283203125,397.2933524276796,384.7754108023055,386.59424957953746,3047202
2012-01-17,393.708984375,401.10919433661024,390.1604673735713,399.39736465910835,3704218
2012-01-18,383.79461669921875,390.98085534720434,372.79238254359365,385.1676593705793,11665532
2012-01-19,383.5806579589844,388.3417496669618,379.96078638974603,387.66413116312896,4163292
2012-01-20,384.98919677734375,389.0726682963803,382.671058955155,385.1496658280609,2572694
2012-01-23,384.3473205566406,389.2510747527016,383.0812865032346,387.30742232161725,2130496
2012-01-24,388.2702941894531,390.51712244481496,384.454299539279,388.02066595430017,2641310
2012-01-25,392.6690979003906,396.9426648827348,390.18364156422314,391.5604780307701,5845238
2012-01-27,396.5134582519531,400.73341601374045,393.4200187079768,395.17237552956766,5209718
2012-01-30,397.5863952636719,400.16125708737343,393.6525519104896,394.27839062576857,2595558
2012-01-31,404.97125244140625,406.2229297223903,398.03337535294366,398.03337535294366,3538120
2012-02-01,403.64813232421875,405.90116949356013,396.33477629183966,403.8984940402849,2288804
2012-02-02,410.55029296875,412.21324495960823,404.22039737715954,406.25882649172473,3386140
2012-02-03,418.9721984863281,420.56359940641875,408.04682561456104,409.4773140479162,2777558
2012-02-06,426.9472351074219,429.1645188385006,419.61598034452214,423.31736121331727,3427196
2012-02-07,428.4315185546875,432.6156820334706,426.2500312396377,432.6156820334706,3407656
2012-02-08,436.173828125,438.74868993132725,433.08038805077143,435.01155623303885,3627184
2012-02-09,439.37457275390625,440.59049681704084,424.855121930718,433.11618501502784,3038062
2012-02-10,441.0911865234375,442.7362397494936,433.43806347042505,439.160018103698,2324302
2012-02-13,438.3374328613281,442.71830400961966,434.1532713490597,437.08575539038765,1631770
2012-02-14,436.2992248535156,439.7145354281256,434.5111132762471,438.08733643078415,1826646
2012-02-15,444.0235290527344,446.5984340086768,436.12009046977505,438.85590788638586,2167166
2012-02-16,438.21240234375,444.16682136112456,435.5838876150159,442.7363324034398,1886660
2012-02-17,439.4283142089844,448.4582754979177,436.656741932183,441.6098010764875,4096568
2012-02-21,442.3966369628906,443.4516051744667,430.84542043059577,437.56873642268476,2489504
2012-02-22,447.8681945800781,453.0537169564193,439.5177241740162,441.66345757112293,3141826
2012-02-23,450.53240966796875,455.9324954934838,444.8819621401818,446.6879714903104,4086880
2012-02-24,454.18017578125,458.06036776459126,449.6204929141548,450.2463317390502,2346400
2012-02-27,447.7607727050781,457.73839448108157,445.4540839416142,457.3986709443516,1861370
2012-02-28,438.6414794921875,450.7469809236017,435.9771681969407,448.9052180615289,3973490
2012-02-29,436.99639892578125,443.4514966413305,433.5274812931072,443.4514966413305,3060216
2012-03-01,436.1560363769531,438.7845508761353,432.7407704817758,437.3719606158085,1568594
2012-03-02,435.3157043457031,438.80252144767115,431.6500761103008,438.4448991808027,2309232
2012-03-05,431.7572021484375,437.1751423324942,429.5041653345402,434.1532528860381,1540878
2012-03-06,429.86199951171875,436.76412728204457,425.2129096667501,430.21962180748557,1717722
2012-03-07,426.58966064453125,431.2924016153786,424.33666682912667,427.35855715620016,1945666
2012-03-09,432.20440673828125,438.8025200794065,430.20168712601287,438.8025200794065,2225758
2012-03-12,425.2308654785156,435.8879851337478,423.13873984263284,434.8330166812659,2240278
2012-03-13,428.07366943359375,434.49296890251463,425.5703146415844,425.5703146415844,2492464
2012-03-14,412.892822265625,434.1534494232124,411.62324570520383,432.75871379537057,8065314
2012-03-15,416.1647644042969,418.75752428100975,409.47724949465174,414.48395822209727,4284236
2012-03-16,418.2571105957031,421.9942455626026,414.1265562385541,418.40012456845693,2054724
2012-03-19,401.2520446777344,418.2569950492239,397.60431627904643,418.2569950492239,5132864
2012-03-20,405.847412109375,409.4772849823663,400.5367329085155,403.75533165510177,3683204
2012-03-21,420.4742431640625,421.92263033462035,406.45547233602736,406.59848627209186,4553242
2012-03-22,417.61322021484375,425.46300809105463,414.8416488539659,420.09867642483954,3421694
2012-03-23,423.6570739746094,426.24983447181626,416.558283275335,420.20601161628343,3158436
2012-03-26,415.413818359375,423.78218414437333,412.695899158318,420.92120737377843,3053384
2012-03-27,420.1167297363281,421.8690874570892,411.96292513832816,419.49089081141767,1588246
2012-03-28,416.6654968261719,420.08080531734555,412.8568127589831,419.84834222309627,2051096
2012-03-29,408.11834716796875,416.27214899167905,404.9712986950787,411.6230614170297,2681214
2012-03-30,417.98876953125,420.4742259115324,409.6561563101513,409.6561563101513,2543342
2012-04-02,427.09027099609375,428.7889762816131,418.4179334858109,418.4179334858109,2326988
2012-04-03,421.27886962890625,431.77507042557835,420.3133073388037,429.21806346210184,2269154
2012-04-04,421.43994140625,425.4989890445893,417.3451839274272,418.06042845857957,2165054
2012-04-09,416.307861328125,424.85503790932904,414.2157808573067,418.4178403652483,1576628
2012-04-10,413.48272705078125,420.43850430831,412.0701369701391,417.0947458180824,1532992
2012-04-11,407.009765625,413.0535887718049,405.9726526451261,411.1581738894475,1781586
2012-04-12,404.703125,410.5502385691696,403.79117103244795,407.77866683666866,2114686
2012-04-13,382.0655517578125,395.0651060199889,379.52644364558506,390.29085984153306,8994680
2012-04-16,382.56634521484375,384.1935436731049,376.68347753661345,380.95704532845275,5016110
2012-04-17,390.1120910644531,391.57833306375665,384.01465995215625,388.0200103387968,2473664
2012-04-18,392.5081481933594,398.64133220426584,391.1849202476074,393.38430486490574,2882264
2012-04-19,394.4393615722656,395.8162418739589,390.2015475175137,393.70626230446805,1767416
2012-04-20,389.2538757324219,396.22750880448916,385.30217651794993,390.9704797967988,2450024
2012-04-23,380.59942626953125,394.24272192765744,374.66290648179717,391.2207881452642,2843868
2012-04-24,427.07244873046875,430.9347862685919,399.57133422376376,401.252141239303,18113782
2012-04-25,418.7934265136719,425.5703486370927,417.52385044857624,425.2127264953808,5417898
2012-04-26,427.23321533203125,429.8259753436308,416.4509011734751,418.4178225615851,5476292
2012-04-27,430.5770568847656,433.43803400692354,425.57034692098927,425.57034692098927,3711146
2012-04-30,445.81195068359375,447.0278752352468,430.57724942658973,430.57724942658973,4604822
2012-05-02,453.1966552734375,455.7536622961848,444.2024497540069,444.2024497540069,3981448
2012-05-03,457.5777587890625,459.22281273130375,450.08558864137444,451.56968634645193,3358922
2012-05-04,456.6120300292969,463.2101419781987,451.6947249127555,457.75640357621637,3571718
2012-05-07,455.3423156738281,457.2198316033688,446.4554156716771,450.6038230897494,2627762
2012-05-08,429.3969421386719,441.55609648732144,427.59097628874196,438.0871787381099,9631578
2012-05-09,438.2839660644531,441.5204212347659,427.0367201059679,427.35858886206427,9271544
2012-05-10,440.7872619628906,444.09526732708116,438.0871968792865,438.28390655215185,2992620
2012-05-11,440.1434326171875,442.3428174283067,436.72812384377886,437.72948326096895,2745190
2012-05-14,438.4269104003906,441.3057865183867,436.2990758123434,438.90973528537285,2573752
2012-05-15,438.5518798828125,440.94792984167594,436.2273368625604,437.7293318136345,1875510
2012-05-16,437.51495361328125,444.1309634876657,431.5605359953255,436.2990295540063,4567936
2012-05-17,437.01434326171875,441.6634320198221,428.80693095462755,437.01434326171875,4137524
2012-05-18,432.9552307128906,438.05134595118557,430.0942537370057,430.86315003028363,2656670
2012-05-21,432.436767578125,438.08721607193223,430.5950480835815,433.08050503111014,2227088
2012-05-22,437.7474670410156,443.4515236125591,433.7957243080921,436.656701879786,2360916
2012-05-23,438.1408996582031,441.8601797156997,434.1891564117895,440.94822553420147,2162806
2012-05-24,436.8175354003906,439.49970138873897,431.68566654035993,438.087111430227,1205674
2012-05-25,436.58526611328125,438.08726212138754,432.40105953916725,433.4739263035462,915046
2012-05-28,437.9798278808594,439.8752427302526,434.5288090712819,437.7295098388855,790194
2012-05-29,443.5767517089844,446.312570668856,435.72696073656823,439.16012562608586,1575032
2012-05-30,443.6482849121094,449.53115326650124,440.3223806359424,440.3223806359424,1581514
2012-05-31,445.3647155761719,449.13764654960517,436.65662534955476,436.65662534955476,4411602
2012-06-01,437.9441223144531,445.2396236743444,435.7626357005531,443.45151273589323,1479528
2012-06-04,433.8852844238281,434.86874581444465,427.787806339978,432.72301187128124,1204430
2012-06-05,438.6234130859375,440.1969587248756,434.1531377793136,434.1531377793136,2063398
2012-06-06,447.43902587890625,451.9450568841889,439.55343887837125,439.87530759054584,3291908
2012-06-07,449.2683410644531,452.78223881102485,446.13487272922697,451.7316911502858,2149728
2012-06-08,445.8993225097656,450.1376848442045,443.4541032659252,446.00797238827613,2400244
2012-06-11,446.8594055175781,451.3875903077098,444.5228356335374,446.6601476985905,1545048
2012-06-12,452.1301574707031,453.90521464022214,442.34927894294094,442.34927894294094,1092142
2012-06-13,452.9632873535156,456.4409236419166,450.13768299513356,452.4561219275824,1450858
2012-06-14,454.2673034667969,456.9842131765265,451.0070118151213,452.4560303269771,1471124
2012-06-15,460.951171875,463.6862137144316,452.45631322603515,454.2857179293057,1986040
2012-06-18,455.4086608886719,465.98648406247816,452.81853005265873,462.2371554777541,1495388
2012-06-19,461.4944152832031,463.4143831223306,454.6659221755008,455.31799840553845,1769058
2012-06-20,453.83282470703125,461.51260867014884,450.3914041557232,461.51260867014884,1753740
2012-06-21,443.4180603027344,453.54306552294923,437.96610720227284,451.0254120407391,4155980
2012-06-22,446.8231201171875,449.1596898728719,439.86784634984565,439.86784634984565,1919560
2012-06-25,440.7735595703125,448.65260203643476,438.69059432064796,448.10921979739186,1588758
2012-06-26,447.4208679199219,448.1091608429345,440.8821957026868,441.0451926647314,1109714
2012-06-27,451.6230773925781,456.00639619766,447.8375321197094,447.8375321197094,2305862
2012-06-28,456.02447509765625,457.85387964206296,447.83752494182056,451.7136338597667,1894228
2012-06-29,462.7623596191406,466.2219105206276,457.49157900456214,457.65457597036834,1990150
2012-07-02,456.2418212890625,463.32392080030905,455.15505681494136,463.32392080030905,2111100
2012-07-03,448.9786071777344,459.9911619225574,445.68209734761945,458.2523211973803,2227292
2012-07-04,452.0397033691406,452.6374327126336,446.13497587729574,450.4639036239775,1301806
2012-07-05,449.4131774902344,452.0395240974599,447.4569932421229,452.0395240974599,1520876
2012-07-06,452.0033874511719,453.83279172054176,444.4866010038773,449.1959129949534,1929928
2012-07-09,456.2234802246094,458.0891003737899,450.4092758477682,451.00700481874344,1912768
2012-07-10,457.0567626953125,460.1540582406123,452.65540322221375,458.2522209599485,2517598
2012-07-11,455.8250732421875,461.6935812632409,453.9956694532418,453.9956694532418,2034538
2012-07-12,447.7470397949219,452.81860820683846,441.6974008775054,443.7622360427017,7859080
2012-07-13,452.6009521484375,465.13495374000314,450.2825136283675,461.4399741321524,7217154
2012-07-16,437.3681640625,456.16919015417756,435.7561484799709,452.45607981144946,3620626
2012-07-17,429.5978698730469,443.39976549407186,425.72171793975,441.226237231846,6383816
2012-07-18,433.0030822753906,436.2995913663129,426.91718532249826,432.89438817173135,2975286
2012-07-19,435.06805419921875,438.3283476944668,432.985088910588,435.7925638648294,1335352
2012-07-20,443.0556945800781,444.8488379242069,434.814398926352,435.06795956593857,3378226
2012-07-23,440.94940185546875,445.65211811924956,436.13772421529177,438.67974259123434,2903198
2012-07-24,439.09735107421875,442.54723301688875,434.72143045733026,438.71603060147453,1648092
2012-07-25,440.5502624511719,441.94836468146656,434.64914418816954,437.2274700710647,1666030
2012-07-26,435.211669921875,443.40061798575675,432.21571980034963,440.4954542315503,2945746
2012-07-27,444.962158203125,446.74153552702603,436.9547829284481,441.2217421633612,1842976
2012-07-30,447.0320129394531,451.3352773094491,441.05828849987637,448.4482889462211,2625712
2012-07-31,451.62591552734375,453.65952148664195,445.3071748833258,448.48469804763084,1979964
2012-08-01,444.7261047363281,452.04349475744493,443.800066064372,449.61039353256905,1295750
2012-08-02,447.6859130859375,449.10214546146943,443.7639228770728,446.65091266325317,951058
2012-08-03,449.1748046875,450.39133359025766,442.34764962742247,445.9427999587474,977736
2012-08-06,446.2695007324219,453.2055707132178,444.92583582424373,452.1161342451572,1015540
2012-08-07,459.0341796875,459.81490720670416,448.3576909660185,449.9373653441039,2099154
2012-08-08,453.64129638671875,459.97821133792655,452.62451568398944,459.3790124558238,1643000
2012-08-09,456.8914794921875,460.4139728005542,454.0226214287412,454.0226214287412,1129474
2012-08-10,464.844482421875,466.6420351758555,456.0200277603739,456.11081414854044,3082356
2012-08-13,459.851318359375,464.49955571823057,456.5648327522068,464.49955571823057,1428038
2012-08-14,460.6138610839844,462.3751082755663,457.29107017161346,457.5634293557538,1136930
2012-08-16,458.85260009765625,461.7577646411468,454.69455674720956,461.2493519801774,1788292
2012-08-17,464.31781005859375,466.46037729427223,459.01589482285726,459.3972153153015,1287576
2012-08-21,471.59912109375,473.90508717313776,463.7733143746098,464.7901399562049,2051576
2012-08-22,469.0567932128906,475.35735741901414,467.7676092330236,470.6001612564589,1134096
2012-08-23,480.60498046875,481.53101939160473,469.0932837851474,469.0932837851474,2337314
2012-08-24,480.3870544433594,482.40252986216404,476.8100798465449,479.35209855098196,1578938
2012-08-27,479.5155334472656,483.31043111895957,477.53640789152314,477.97216482860483,967200
2012-08-28,490.5732727050781,491.93506835197803,477.53634017956597,481.8759112426395,2266204
2012-08-29,487.81329345703125,493.15151376087596,484.7991685351763,490.24635020411085,2139290
2012-08-30,496.4742431640625,504.33634995081536,480.58663189203924,486.57853100034515,3333432
2012-08-31,487.9768371582031,493.51480684502184,484.6722214896319,492.7885157385538,1773848
2012-09-03,485.83428955078125,492.0259392203119,484.0730424108689,490.2465170702723,1223826
2012-09-04,486.92352294921875,489.15687612701214,480.09641571516664,484.03653461915445,1508018
2012-09-05,495.51202392578125,497.87246962421847,483.70979543359516,486.4333866240997,2028960
2012-09-06,499.54290771484375,501.10445099271595,491.571882251626,495.36673474255673,2291684
2012-09-07,503.57379150390625,507.2415961122639,500.7412835142975,504.7721892532698,2636656
2012-09-10,498.0357360839844,502.5569228660278,496.0384364040935,502.3026944910239,1476024
2012-09-11,505.7345886230469,506.8058501146007,495.3486362056986,497.14618869607796,1274180
2012-09-12,513.8146362304688,516.0298151707625,504.73599768066646,507.2961471541368,2114466
2012-09-13,514.8314819335938,517.1011418566438,511.8718808573726,513.1247154031781,1881210
2012-09-14,513.160888671875,522.8568999586092,509.1844632445495,518.5717653979768,2814840
2012-09-17,487.37762451171875,516.2295645075853,484.9808727932,515.031166483681,5094390
2012-09-18,472.0166931152344,488.43085735561414,469.3838873785591,488.43085735561414,7220206
2012-09-20,480.0782775878906,485.48915357633285,469.03864721018033,470.2733505872302,4042506
2012-09-21,473.5598449707031,483.8187040017997,471.471758619241,481.13141878797524,4247758
2012-09-24,468.25775146484375,476.80984214593076,463.73660961184584,475.7204061014237,4937020
2012-09-25,469.6196594238281,475.62973411264073,465.66140964057826,468.49391743971273,3823694
2012-09-26,466.8598327636719,473.9048641307831,465.5525178664091,470.3460205994669,3292812
2012-09-27,461.7577819824219,471.9076832557036,457.9628840573945,464.8626501073047,5605398
2012-09-28,470.6004638671875,473.9050804666498,463.5554292840448,464.3906820234852,2912996
2012-10-01,473.1603698730469,475.6479517926614,469.565265202708,470.2733811337067,1795618
2012-10-03,480.31451416015625,481.1678974142396,472.4524034233401,472.4524034233401,2318230
2012-10-04,478.3172302246094,479.9513854051996,475.2304926612723,479.3521863064572,1319284
2012-10-05,473.5417175292969,479.11599191809876,383.11849079249095,475.8113768349396,3836110
2012-10-08,469.438232421875,477.6271822654219,466.80542719745057,475.72066813739036,1685408
2012-10-09,470.2191162109375,471.65356806553893,466.642140575113,471.3267281284588,1291154
2012-10-10,468.22161865234375,472.72463149789985,466.6419446704831,467.0050901527169,1163978
2012-10-11,468.25775146484375,472.6518456411019,467.02309274448197,468.54828547508544,1635526
2012-10-12,471.52642822265625,477.0462684276198,462.35700101302325,464.390652016026,2469542
2012-10-15,470.14642333984375,472.9608015209532,467.54992363592925,469.91036985234365,814528
2012-10-16,470.6004638671875,475.79342014368433,467.65899292325525,470.9999152224098,1282744
2012-10-17,465.97015380859375,473.8685683762628,461.92107264712723,472.56125345160893,1597480
2012-10-18,474.75836181640625,476.083852039966,464.8989505227175,467.09599899802157,1447128
2012-10-19,468.348876953125,476.22916331240134,465.55267347908074,475.3576049798102,2825616
2012-10-22,478.9524230957031,484.76274884267224,473.17840301879903,481.20390659094664,5397342
2012-10-23,477.3910827636719,480.8046594534433,476.410607609794,480.8046594534433,1136696
2012-10-25,477.6632995605469,480.7682105047439,473.632394431242,477.53620753466225,2254470
2012-10-29,475.13958740234375,479.2794550234102,472.3796904313946,476.0837568490783,815628
2012-10-30,476.2653503417969,480.07837830869653,473.68702601098886,473.68702601098886,805268
2012-10-31,478.8133544921875,479.2865439565723,474.6276049090175,476.4838849684101,999536
2012-11-01,478.7223815917969,480.57866173516123,476.8842737019243,478.59499809360335,1579768
2012-11-02,484.5277404785156,487.00280990060696,479.86884638466165,482.23470457924606,1673974
2012-11-05,483.9452209472656,488.9499192852695,482.3801419437484,486.23830050359004,1223826
2012-11-06,480.6514587402344,486.78448289354486,480.2510471513646,482.2711440554427,1297466
2012-11-07,484.636962890625,485.3103136599758,480.99718096880287,482.2711046414406,1058390
2012-11-08,484.5277404785156,485.8016641217534,479.2136678814814,481.9071153276559,1239044
2012-11-09,482.252685546875,485.27372104636174,480.77860114580324,484.090792418272,711382
2012-11-12,485.7287292480469,490.6424331407772,480.4510472891884,480.4510472891884,1466782
2012-11-15,471.04254150390625,481.1793286099925,469.8960009345691,480.48776093079346,1735402
2012-11-16,468.3670654296875,475.6466278738485,465.9283853523397,473.0987810183922,1598890
2012-11-19,459.4676208496094,471.35151147292703,458.0663144314121,469.5680103811721,1676286
2012-11-20,463.27130126953125,466.9474708586162,457.1746686496558,464.07203524425285,1256040
2012-11-21,466.6927185058594,471.2424449163085,464.5270665068544,464.5270665068544,941744
2012-11-22,464.599853515625,467.3842950198934,462.61619053393434,466.6563387798715,611624
2012-11-23,469.0221862792969,470.0413427653575,462.70717492171195,466.6199396260647,749676
2012-11-26,470.87835693359375,471.60631298941183,467.7117658631495,468.8036999468767,456334
2012-11-27,471.4244689941406,473.13519291010977,468.91305537374114,473.13519291010977,1338160
2012-11-29,472.47979736328125,477.53910006878857,470.3869240207542,476.81114412356175,3470578
2012-11-30,478.26727294921875,482.27103246401435,469.9321647095048,471.35168833275367,3579294
2012-12-03,479.2862854003906,481.1789533750382,475.0641047277109,478.6311071771371,1319512
2012-12-04,472.97137451171875,481.1063214555503,470.58734436203895,478.6676412679611,1595120
2012-12-05,472.4071960449219,475.9195936791467,469.0221818625246,473.1715411868086,1790058
2012-12-06,466.1467590332031,471.3516639050644,461.8882328150786,471.3516639050644,2370092
2012-12-07,460.1229553222656,466.14676662876093,457.5387195225379,464.6726818819706,1957214
2012-12-10,450.313720703125,461.0875088011089,448.12985194233215,459.37678494660025,3029430
2012-12-11,443.94415283203125,452.4248619015106,440.54096585435605,449.5130365634478,4926914
2012-12-12,446.16436767578125,451.69681696046325,444.4536439666941,445.8367785033245,2487948
2012-12-13,444.9813232421875,449.36723149911535,442.9976164766444,447.7293304933371,2297162
2012-12-14,452.3885192871094,453.15286463041986,442.6521023161345,442.96147490379195,2196814
2012-12-17,438.7754821777344,454.57213637831984,437.5379480825902,451.02335085261853,4482898
2012-12-18,440.65008544921875,445.8731621771096,435.6817756130614,442.1241700615384,4688482
2012-12-19,448.65753173828125,450.07705495466547,442.63367751339354,442.63367751339354,6642060
2012-12-20,455.7187194824219,456.79243692034765,446.65565746530973,446.65565746530973,2314030
2012-12-21,458.1391906738281,460.2138923845305,450.4956510080061,454.972599156069,2457968
2012-12-24,460.868896484375,462.65239745700217,458.64863971191915,459.34020675406913,1254818
2012-12-26,459.4130554199219,461.94272940748715,456.9016425372814,461.16016775045745,1435258
2012-12-27,455.318359375,460.39588022692834,454.11725837490224,460.39588022692834,1994158
2012-12-28,461.3424072265625,462.98030926405323,455.2457718647914,456.42870111409025,1501622
2012-12-31,457.1018981933594,460.65068474750643,455.70059136329075,458.97639433634953,704170
2013-01-01,460.1229553222656,461.4878732901771,458.6124372182589,461.1420674130855,509580
2013-01-02,459.8136291503906,463.1258215335314,456.9927983990413,461.1603305754379,1880246
2013-01-03,466.1104431152344,467.3479777993313,458.59428489761837,460.43239245806393,2635130
2013-01-04,472.8804016113281,473.53558006326386,466.21962802764176,467.7119295782429,5228760
2013-01-07,471.2970886230469,474.6274975109383,469.6227980548222,473.1715849418864,1820752
2013-01-08,473.2626037597656,474.7367330839361,471.0969514745551,471.3517184148406,2341870
2013-01-09,464.6542053222656,475.86474306769423,463.3984992664728,473.53527548581184,3135898
2013-01-10,458.0299072265625,466.6561677366753,456.9015843542766,465.85543393851276,4522838
2013-01-11,475.4828186035156,481.3610742566148,469.53178509718947,469.53178509718947,7805006
2013-01-14,485.7287292480469,490.80620549816837,475.84671586648375,480.0870692230602,5790224
2013-01-15,486.8024597167969,509.5693061309428,482.9989065969722,505.9295253728646,8262978
2013-01-16,490.5513916015625,493.19023232804096,476.44724289107427,486.6022388488082,4109492
2013-01-17,495.73828125,499.30528518701965,488.8226958287445,491.26133186281515,3028544
2013-01-18,491.7344665527344,497.21235532556244,487.02096741773374,495.92021515773547,1440470
2013-01-21,484.09075927734375,493.1538207244324,483.0352141491285,492.2802646034643,1260038
2013-01-22,479.54119873046875,484.7096705383435,476.11979533341736,482.63501291582656,1386630
2013-01-23,478.6106872558594,482.91544710911216,473.66755680181234,479.99697792922706,1877654
2013-01-24,484.66668701171875,487.71283119532313,476.07542305853957,476.07542305853957,3498470
2013-01-25,489.0260314941406,490.66767054055885,482.915486154695,482.915486154695,1521100
2013-01-28,490.6861267089844,492.4736543213596,488.0959484317996,488.9532847943669,2428154
2013-01-29,490.6495666503906,494.88138426054195,488.9532413946146,489.2815336813305,1731804
2013-01-30,491.0873107910156,492.437085361532,487.3115491113595,489.2085368102991,2279144
2013-01-31,490.357666015625,493.3855517717821,483.8823110227391,492.0722492430684,4313168
2013-02-01,491.7985534667969,493.22131616990237,489.62795971817343,490.3028468434532,1484540
2013-02-04,494.808349609375,498.9854366045111,490.7225093359846,492.1270141466926,2487304
2013-02-05,496.15826416015625,497.9640500451913,490.70434546407427,490.70434546407427,2161994
2013-02-06,499.9886169433594,501.94033471986876,496.8694845249354,497.05188888783,3573706
2013-02-07,506.04449462890625,507.08419071779883,496.50473637908215,496.50473637908215,2612782
2013-02-08,518.9768676757812,524.230122064308,505.2965408995728,505.6248776486645,6973618
2013-02-11,516.0949096679688,521.2752205255006,515.2011460626952,519.4876487826361,2312126
2013-02-12,514.3985595703125,516.2043449428758,511.4071013113252,514.0337508459712,2225502
2013-02-13,523.6464233398438,525.926477742943,512.5927017806937,514.3073294112119,3822666
2013-02-14,528.1336669921875,531.0886538143722,521.3117604382895,521.7130412004618,2946958
2013-02-15,526.10888671875,529.6292996545359,521.9135865801782,526.7837739215358,1820790
2013-02-18,519.9801635742188,526.0177664396288,518.0284455906054,525.3610928506,952086
2013-02-19,526.619873046875,528.5715916354736,515.3654835475938,518.6122914645431,744294
2013-02-20,529.9942016601562,531.5263806892973,525.8718447245176,525.8718447245176,2261518
2013-02-21,529.3558959960938,531.4717605922688,525.5800887984743,525.5800887984743,3849146
2013-02-22,530.8331298828125,534.0981944636277,526.163605247308,528.9726144213103,1310694
2013-02-25,537.6187744140625,538.093043723157,529.5200359079068,530.06724917271,1730030
2013-02-26,545.8997192382812,547.1947633366433,534.8095264277246,535.1743351087804,2853670
2013-02-27,541.08447265625,548.325964010144,538.9321360506096,545.4804371453916,2556682
2013-02-28,553.414794921875,556.3332645061697,541.8321187592056,542.1969274572424,4599424
2013-03-01,547.8881225585938,553.0501763165627,546.4836174948621,552.7218394690123,2537326
2013-03-04,552.0286865234375,554.47293232759,543.9299485629955,543.9299485629955,3136076
2013-03-05,561.860107421875,562.8998032719425,550.3503755498259,553.4147774229014,3440054
2013-03-06,569.5394287109375,571.1081242205429,560.4009958252676,560.4009958252676,2299510
2013-03-07,580.0093383789062,582.81834744625,568.8644152163481,569.4663584542961,3908702
2013-03-08,577.5470581054688,582.1071680855639,574.537385518606,580.0459894680961,4341502
2013-03-11,571.3633422851562,579.8816606707348,567.8794460771148,574.5736765128823,2221330
2013-03-12,569.2839965820312,572.0018036806957,564.7238876699676,568.3719747996186,1809452
2013-03-13,566.0738525390625,568.6275143889459,564.7240776599127,567.66080660021,1794496
2013-03-14,571.91064453125,575.3033836300101,563.1917512612524,568.0072088217664,3051218
2013-03-15,572.8410034179688,576.5438215488832,569.3205896823474,573.4794188014946,4212398
2013-03-18,571.6368408203125,574.0810852574526,567.0585194265775,569.0467085631774,1694988
2013-03-19,564.2680053710938,570.743361501908,561.9696921427203,570.743361501908,3739910
2013-03-20,568.244384765625,573.7165162700628,561.7872428709965,561.8055011222726,4168136
2013-03-21,569.08349609375,574.3550102171982,566.803440988191,570.1961807981934,1664604
2013-03-22,562.5897827148438,569.8676989469051,558.8869652591767,569.6123506529894,2714456
2013-03-25,563.027587890625,566.1831925545611,557.5737147701179,564.9063619012486,1857316
2013-03-26,567.77001953125,572.7496672645669,560.4009014978411,561.8418780707091,1781536
2013-03-28,574.8474731445312,577.6382694027689,562.4075018293694,567.642499262504,3065662
2013-04-01,567.9525146484375,574.0995334080301,565.909594478942,570.9257149779495,968812
2013-04-02,571.7830200195312,573.1875248855908,562.2615199746008,567.642449362841,1130332
2013-04-03,563.0457153320312,574.5736605029623,558.5220788762128,572.7496171362862,959932
2013-04-04,550.0587768554688,561.8420754557918,547.5780589752279,561.8420754557918,1126338
2013-04-05,546.6109619140625,550.6238565508469,541.4124393164102,549.0369480327604,1865248
2013-04-08,540.1905517578125,546.8118394178836,538.09290146397,546.8118394178836,896416
2013-04-09,546.2647705078125,551.955779553117,539.041537602249,539.9170877320643,1672354
2013-04-10,558.321533203125,561.4041938576889,547.5779333366621,550.8247401156748,2046284
2013-04-11,560.674560546875,565.490018094514,554.7646322486088,561.8054587326657,2244658
2013-04-12,551.4996948242188,556.1510069518912,539.3150721872239,540.6101612200151,5032060
2013-04-15,537.1626586914062,552.3204809858145,528.37077618984,552.1380765997558,5391496
2013-04-16,541.066162109375,544.8236659013861,531.8729539446027,536.2689176470878,3071582
2013-04-17,531.398681640625,546.8483235015328,522.0413281725773,545.3890884821825,5279004
2013-04-18,529.975830078125,545.3525254329045,520.746152309271,542.8170782908414,8554458
2013-04-22,519.9618530273438,532.5477530588441,519.8523926054495,527.5133752333193,2962484
2013-04-23,521.8770751953125,528.2429688509307,519.4875605274345,519.6517066205762,3384170
2013-04-25,511.5715026855469,521.8773533934207,510.2399413867355,521.8773533934207,7929194
2013-04-26,499.55078125,508.3426619574207,498.00034428489613,508.17851585639323,4754076
2013-04-29,500.0614929199219,505.1505561401793,497.96384303169316,497.96384303169316,3968916
2013-04-30,502.852294921875,504.16559726733954,497.9638496887977,499.05827573206983,4020570
2013-05-02,523.0993041992188,524.8868760786478,501.06484558518616,501.06484558518616,5630326
2013-05-03,517.4813842773438,527.9696393340753,513.6144191455023,520.2174508138824,3641790
2013-05-06,535.2474975585938,537.1445301939747,518.0285385956689,518.0285385956689,3727118
2013-05-07,536.8527221679688,539.497586465529,531.67245404637,535.2110822591383,2260180
2013-05-08,539.953369140625,542.7624229601839,536.2688100325781,536.998427461194,1768130
2013-05-09,546.6476440429688,548.471687760997,541.0113667671883,541.0843107029825,1949700
2013-05-10,545.71728515625,551.189415073856,543.9661857696932,546.6475205228586,1139714
2013-05-13,529.5563354492188,540.2817208533787,527.4039550687281,539.9169121289673,1862498
2013-05-14,531.8728637695312,536.4694893387551,526.6925976780224,530.8331678078506,2250100
2013-05-15,536.8342895507812,538.8954231922456,528.9726438244643,531.9275855490208,3565926
2013-05-16,530.4501953125,535.904068461794,528.0424218705466,535.904068461794,2415652
2013-05-17,537.6552124023438,539.3697959020554,530.4684525214549,530.7967893388507,2900200
2013-05-20,537.1445922851562,539.1875130628248,532.9857622359858,536.7250531756976,1385504
2013-05-21,544.6049194335938,547.9429295419973,534.4450011844381,534.4450011844381,1898432
2013-05-22,546.6294555664062,550.5511497412557,544.4041310341183,546.483523155762,1846944
2013-05-23,544.550048828125,556.971805616821,539.315051734523,545.3891268361863,3063962
2013-05-24,536.1049194335938,548.289500672841,533.934279829539,547.2133322656525,1586612
2013-05-27,546.4835205078125,547.2131380251793,532.6207876778412,536.086470885334,2023864
2013-05-28,552.3568725585938,553.2324223906996,543.6744517653555,546.4834610888679,1400254
2013-05-29,546.246337890625,557.2453299045327,541.7774309895902,553.0500295484593,1452038
2013-05-30,546.9943237304688,551.5909057048779,542.4706857031438,547.2132001040455,2408346
2013-05-31,546.6476440429688,550.5875962868367,538.7313121196529,543.9298367160335,1929868
2013-06-03,536.050048828125,549.7668505253451,531.5628828655861,548.6724241473916,3097612
2013-06-04,534.572509765625,537.6916424894249,529.0274344036692,532.6207917980345,1305320
2013-06-05,535.4663696289062,537.2356833865017,529.9577211726744,533.022123971532,1728676
2013-06-06,541.3369750976562,544.1895071778921,534.4541092116411,535.0613865490351,2540452
2013-06-07,559.077880859375,566.4576755664401,540.3248003453763,541.0977355560043,3550844
2013-06-10,561.3230590820312,568.5555714200575,559.1330238653948,561.3230590820312,3360430
2013-06-11,552.6736450195312,567.5620078632936,549.1585705136407,563.2187786766688,2205468
2013-06-12,540.3615112304688,550.2993635878328,538.1347231233574,549.9312949820044,4805954
2013-06-13,532.0985107421875,538.852562218367,528.2153680901629,537.3802874582076,3151342
2013-06-14,533.957275390625,536.3681434844137,526.7063395616374,532.9635078163877,3105996
2013-06-17,534.6013793945312,539.2206596730504,525.6021174150962,534.8038351569571,2584162
2013-06-18,531.4174194335938,537.3801122965671,530.0739601668033,535.5397694462364,2291528
2013-06-19,525.491455078125,535.5029466765777,523.9640065275669,535.5029466765777,2139788
2013-06-20,516.9524536132812,527.4976301294294,514.9648737838606,523.0255867457976,4172878
2013-06-21,523.485595703125,527.0190454752044,518.2406178590262,518.5350907276376,2848224
2013-06-24,519.2344970703125,527.8473136355755,515.3329778367223,520.817210452272,1889164
2013-06-25,512.4619140625,525.270673992196,508.1922824890204,520.2649501715016,1860548
2013-06-26,529.1723022460938,532.8714103052752,508.32124829646835,514.1551276567051,2326488
2013-06-27,549.1217041015625,550.9988454909302,530.7550669324792,532.8898833707477,3820678
2013-06-28,558.7835083007812,561.0471398015953,536.717762682467,550.2627088729835,4817096
2013-07-01,549.2872314453125,558.2496939334491,545.9930350562652,556.519789280143,1354652
2013-07-02,552.3053588867188,555.2314863014914,547.1891963311689,549.563220842758,1657242
2013-07-03,548.3486938476562,559.096280477223,539.2205733371505,551.2564002443146,1530906
2013-07-04,566.2001953125,567.1939629991191,548.4224561120619,548.7353055741257,1917060
2013-07-05,563.2185668945312,573.4508921854735,560.2004222761815,567.5617944480103,1293012
2013-07-08,554.5506591796875,564.9853967724631,552.1029935887261,562.4089161357157,1658796
2013-07-09,553.9066772460938,560.108626769032,550.3732261914162,550.3732261914162,1097326
2013-07-10,556.5015258789062,561.9673827339884,551.3669848135306,555.7838097920102,1322624
2013-07-11,575.8617553710938,577.8677113012817,559.4642810050626,559.4642810050626,2335274
2013-07-12,592.5353393554688,598.0379929295849,581.2908684462236,587.0695285925551,3251536
2013-07-15,604.2766723632812,606.3194712287072,588.6521770161672,589.3146735909859,2060570
2013-07-16,607.07373046875,613.3308945459511,595.3875563833892,598.111272085394,2224986
2013-07-17,617.8033447265625,620.1773699915655,605.4914640504085,605.4914640504085,2999250
2013-07-18,611.141357421875,622.8827594548465,605.1050209759641,618.3554958878465,3445532
2013-07-19,641.4700927734375,647.4327872248953,625.7167358057544,632.710040500054,8550804
2013-07-22,642.8319091796875,647.3591716309827,636.133077597212,640.8075315670403,2974772
2013-07-23,644.0465698242188,655.3278384944075,641.7645171365623,643.3840282532282,1646502
2013-07-24,656.1928100585938,659.579023681284,642.2797970557145,643.5680373363421,2181644
2013-07-25,660.9592895507812,666.2042679030567,650.266877113163,655.1622082140558,4088808
2013-07-26,653.1378173828125,662.1370778750721,644.1569333648423,660.68322468422,2379064
2013-07-29,656.3473510742188,662.028424313902,648.2500080530594,648.5266832592281,1774262
2013-07-30,661.179931640625,665.8464837463229,654.9639264445187,656.6424405834366,2617484
2013-07-31,669.7381591796875,675.6405610231878,660.1282931655375,660.3312062416087,2826750
2013-08-01,669.7014770507812,676.85815041764,660.3314023353125,667.7278698546238,2141178
2013-08-02,680.9345703125,682.4286344536816,670.1811181839283,671.287819019834,1846854
2013-08-05,688.8103637695312,692.5731724371394,678.7762973860922,678.7762973860922,2355184
2013-08-06,689.8803100585938,694.251768771036,687.8698218208838,690.9501297303062,2305290
2013-08-07,672.3945922851562,697.5536210172387,668.9822643402091,691.3191966303851,2694980
2013-08-08,680.7683715820312,684.734048344624,658.007204446514,665.9016769616549,2158628
2013-08-12,669.1848754882812,679.1451795887132,667.0268186062057,679.1451795887132,2077574
2013-08-13,671.3247680664062,680.565693343663,667.6910641719746,671.4722921574953,2168296
2013-08-14,676.378662109375,685.4167189523964,664.7583033112047,673.058559595612,3302068
2013-08-16,656.974365234375,675.0873557736433,647.6227543123875,672.9477166333498,2779930
2013-08-19,655.7017822265625,666.6028034725947,647.6229021501265,663.2827009649835,2121352
2013-08-20,640.558349609375,660.2576303205203,638.1973792002004,660.2576303205203,2724844
2013-08-21,633.6968383789062,643.251318389984,627.5546404919514,641.9232865572884,3623994
2013-08-22,656.255126953125,662.9691389849081,625.3597288863505,628.9749695982161,4260988
2013-08-23,674.8844604492188,678.0385752073117,658.2286522577576,661.8069662251997,4032884
2013-08-26,679.5140991210938,693.0158360581906,669.1848945741933,672.5418770455843,2663238
2013-08-27,678.333740234375,693.1081669759087,675.0874002967447,678.4075022654173,1945284
2013-08-28,703.82470703125,717.9166767875846,674.3495717749947,674.3495717749947,4444684
2013-08-29,718.2857055664062,726.7335307423031,692.9053940499002,701.2794121528518,5905182
2013-08-30,750.0477905273438,756.2453312547198,711.9773118641996,715.2974133184887,5282942
2013-09-02,758.7725219726562,763.2546240245235,744.2562609808972,745.1785116140829,2154034
2013-09-03,738.2063598632812,762.5168979329056,732.6913185513187,756.282519069565,2355064
2013-09-04,763.2915649414062,766.8698794551518,735.5686563297784,737.8005209182642,2626516
2013-09-05,734.3880615234375,763.2545017164346,730.8097476527931,763.2545017164346,3927492
2013-09-06,733.6687622070312,747.0229319154813,728.5779212509016,741.1205285028158,2759596
2013-09-10,733.3367309570312,743.9610299061704,730.791310520798,732.6358115569433,4300972
2013-09-11,735.5133056640625,744.4406733275333,731.713615235462,740.7516709820054,3008494
2013-09-12,725.958740234375,737.2655408013452,717.8060545102338,735.9559270287638,1905568
2013-09-13,720.7388916015625,734.1115261866203,718.0828277104799,724.8890195762357,2096320
2013-09-16,701.8512573242188,732.2670679001058,698.7156048924047,719.3555578867538,2460506
2013-09-17,718.414794921875,720.2962222774748,699.8406757959245,700.9104955586575,3327816
2013-09-18,721.0155029296875,724.8151933292838,714.891768089209,716.4227130572702,2109818
2013-09-19,725.3684692382812,734.1113858205244,710.686223509166,718.6175776775787,3907240
2013-09-20,719.466064453125,734.074503090233,716.0352746453651,719.3553763825153,3591858
2013-09-23,721.23681640625,729.3895023217007,715.6664320497417,719.3554342768023,2988758
2013-09-24,715.4820556640625,729.6478346820174,710.5019021443591,721.2000097052036,4940300
2013-09-25,722.6937866210938,727.0836619539728,708.3619811613049,716.2195716052141,4333858
2013-09-26,716.7365112304688,728.2461843338157,713.8590704387411,721.1264344766042,4919704
2013-09-27,718.654541015625,723.7638002797939,714.7257444943936,716.8100398349311,1784666
2013-09-30,711.1657104492188,723.7267332421083,708.2882713342212,720.8308761390981,1987350
2013-10-01,719.0049438476562,721.1445379618909,707.0709865012129,712.7151775034638,1591994
2013-10-03,746.8751220703125,751.4126112438555,723.1917540239776,727.397224106231,4672354
2013-10-04,750.195556640625,763.2546347972067,747.7423609153724,749.6053252334094,1934032
2013-10-07,770.9092407226562,773.8419794816907,747.1336393720055,750.7119535210458,1993878
2013-10-08,760.4692993164062,773.9526196398048,758.6617243617235,768.4191166395202,1828106
2013-10-09,771.315185546875,773.8236353970583,754.4379527251575,758.274524638953,1775858
2013-10-10,767.3124389648438,773.952642763578,762.6089612740736,770.26364065317,1164320
2013-10-11,782.8245849609375,788.7085243680997,768.197639907303,775.7970190580513,2284448
2013-10-14,816.283935546875,820.8029630965075,783.9129422831813,784.8351928035145,4374460
2013-10-15,817.2615966796875,833.290384962819,811.949468982546,824.4920777719175,4665092
2013-10-17,777.8075561523438,822.6473904470374,773.1040789199672,822.6473904470374,6687214
2013-10-18,782.3084106445312,787.1595037856313,760.5064562427061,776.4613947372599,5346166
2013-10-21,764.2319946289062,785.0010920352514,756.2453420420157,783.912854555748,3685372
2013-10-22,770.7615356445312,777.5123360866183,766.1502839417342,770.2634844352252,2044614
2013-10-23,760.3585815429688,775.7970903361221,754.8251237905919,770.4480376447889,2455496
2013-10-24,741.0098266601562,768.1793809024624,738.4828692524057,753.2942215472611,3617758
2013-10-25,764.3154907226562,765.8864450621902,737.4244487929872,737.4244487929872,2527402
2013-10-28,762.9107055664062,772.4658385436825,758.6968884941849,764.407750398956,1803942
2013-10-29,765.0731201171875,770.987300053943,756.9780773044308,763.2988480875159,1829076
2013-10-30,773.2606811523438,776.2362715753644,765.2395910613801,765.2395910613801,2114874
2013-10-31,780.6902465820312,786.9555628643167,768.6215690788778,772.170113115809,3523076
2013-11-01,775.34912109375,791.7424364746934,772.9464851991671,779.9325750107371,1346480
2013-11-05,754.797119140625,778.0841997017707,750.9898482383348,776.2360187048544,2261286
2013-11-06,772.9466552734375,777.5486100662301,761.099791476331,762.5598371002666,1667750
2013-11-07,784.3497314453125,794.0341844901128,768.9544155944355,776.2362326809377,1956948
2013-11-08,772.8541870117188,787.9722774047941,765.5907786961889,787.3254138019051,1609346
2013-11-11,774.2586059570312,791.0216475288257,757.7543819785479,772.539833334227,1961138
2013-11-12,771.4861450195312,784.2570935511699,768.4736461403636,775.0716882903685,1000682
2013-11-13,757.3845825195312,778.5277553543034,755.4070378510858,775.847892873451,1208338
2013-11-14,748.9570922851562,765.8864537615455,747.3491833201646,765.8864537615455,2129704
2013-11-18,755.53662109375,761.4138023523202,751.193394431396,756.2758937171294,2831602
2013-11-19,750.32470703125,759.6025687985783,747.108844265556,757.7358875030056,2077864
2013-11-20,747.9959716796875,757.7173788291507,745.556381241347,756.5900152413441,1658696
2013-11-21,734.3193969726562,752.0988923419983,731.8798066415075,747.8480752832218,2302882
2013-11-22,739.586669921875,743.3384868235014,733.7648990777824,735.945761942114,1494494
2013-11-25,744.1702880859375,749.1973327896497,736.7221075454424,742.229697492394,1950998
2013-11-26,736.9439086914062,745.3531349206967,734.4673634109889,740.4184991027779,2047412
2013-11-27,734.263916015625,744.3365039001684,730.0315989714986,742.5992315613878,2120978
2013-11-28,733.5802001953125,737.9973811028979,728.1835191790203,736.7221087806028,2805722
2013-11-29,740.8805541992188,744.706281113909,732.5452821973339,736.3155546393083,1924812
2013-12-02,744.4105834960938,747.0349923071883,737.4244481211483,737.4244481211483,1253260
2013-12-03,746.9609985351562,754.7972694741952,744.8355899653832,745.2052262383871,1449184
2013-12-04,739.2909545898438,750.9529504902409,736.9252737103864,746.6282246787154,1519036
2013-12-05,734.5227661132812,751.6738990733559,733.0072663415579,745.1867641050443,1397190
2013-12-06,739.3836059570312,742.96906048885,735.9459698673136,735.9459698673136,1446962
2013-12-09,741.0652465820312,750.3431076805203,739.2725197459699,749.9919712822865,1826340
2013-12-10,769.8599853515625,772.1702121711266,739.2725822605329,739.2725822605329,3653334
2013-12-11,760.72998046875,771.3755236104213,755.1669362864219,768.4738426527025,1556062
2013-12-12,749.9550170898438,762.9292407941423,748.5503812529145,755.9061518527234,1655964
2013-12-13,739.9380493164062,755.9063212821272,737.4245041358649,753.3003670158547,3463350
2013-12-16,746.3511962890625,753.9841954414194,741.1762877276844,744.3366512404101,2858500
2013-12-17,756.0357055664062,763.6132959243528,750.361796572315,750.953205712776,2995474
2013-12-18,759.8981323242188,765.5165846214211,753.3185897916254,754.0578622055524,1587990
2013-12-19,769.39794921875,779.9325836423553,762.4302689500535,767.3464497297165,2161986
2013-12-20,783.8320922851562,787.3251364616598,771.0057336975461,771.837415179724,1965812
2013-12-23,779.5814208984375,792.2968729394211,775.4784220588514,787.3067831177136,1321224
2013-12-24,780.1913452148438,786.9557077689743,777.807209052543,783.5550717492923,870156
2013-12-26,776.3471069335938,782.520014840467,773.0757897161594,781.7807422709436,2297194
2013-12-27,798.6547241210938,802.073860275501,778.0844978407963,778.8237705228303,2479946
2013-12-30,796.9542236328125,804.0512213060745,793.4980887334497,802.1106310696157,1668776
2013-12-31,802.86865234375,807.6369251630988,795.0507893925972,798.4515160083726,1245776
2014-01-01,795.9379272460938,807.4705626906693,795.1247453689384,805.8441989363586,529952
2014-01-02,801.0020751953125,809.1340759587167,796.9914841760564,800.632438796976,1726948
2014-01-03,821.4058227539062,823.9563675404506,793.7015982644614,800.1517340822534,2618174
2014-01-06,827.83740234375,829.4637657872183,812.0908616018354,823.9192218982663,2311810
2014-01-07,815.4730834960938,834.0658073514848,812.8302200602232,827.9853082923601,2897486
2014-01-08,825.2684326171875,829.4638406357006,816.8962066866749,817.6354792719117,2550020
2014-01-09,828.706298828125,833.7148900357148,821.3690705235342,823.8271164562622,2582206
2014-01-10,843.1033935546875,853.7859366817081,826.1371236232102,835.3780310462886,3369334
2014-01-13,875.576171875,881.2131266490765,844.6191251649076,844.6191251649076,3814316
2014-01-14,860.0510864257812,881.5084873333556,857.5560419073009,876.7771256052232,2974964
2014-01-15,869.976318359375,879.0693201887916,860.1439534431648,865.8548181107542,3048854
2014-01-16,868.7564697265625,879.7716527584097,859.4046505344595,879.7346530202209,2997962
2014-01-17,818.0233764648438,849.4239523013181,815.435923172368,849.4239523013181,7564756
2014-01-20,864.2838134765625,868.6455410504897,818.929445190366,820.2046727232558,6010558
2014-01-21,842.8812866210938,864.6713184704269,840.9591967906922,862.7307287848569,3132282
2014-01-22,840.5713500976562,848.9990748241308,836.8934873811965,845.3951213105855,2384030
2014-01-23,832.5873413085938,841.5510223955938,826.9873869536012,838.372204073574,2290762
2014-01-24,831.2012939453125,843.972248681557,826.1372936836876,829.4640210408032,1850266
2014-01-27,825.609619140625,836.6814014805678,822.0918172755817,824.2765212196256,2532948
2014-01-28,819.2218017578125,832.3672681978719,813.204510781729,826.4980589919029,2852166
2014-01-29,818.2777709960938,829.460660028166,816.5003372152258,829.460660028166,1698076
2014-01-30,821.165771484375,824.6465063870029,810.9455990065273,813.9264901795665,2225250
2014-01-31,829.8495483398438,840.4955285700694,822.4251162202166,823.9433617364056,2174246
2014-02-03,812.59375,831.0344569324225,811.2422095690789,822.7953941422937,1362480
2014-02-04,796.6340942382812,805.39153383538,782.0814843047231,805.0212388772948,2694166
2014-02-05,812.5748901367188,814.6485772221594,792.430888752464,801.2439232595777,1853650
2014-02-06,805.4844360351562,810.9092232216063,794.2830089853626,807.2433378033056,1922652
2014-02-07,794.0606079101562,812.797572158905,789.0986907838845,810.9460970514816,1990912
2014-02-10,775.2310180664062,793.9123803917375,772.1020437897937,793.9123803917375,4019270
2014-02-11,778.2490234375,787.4323579905264,776.1383599097782,777.6195399859419,3568786
2014-02-12,779.6375122070312,786.3584200316961,775.7679479223086,784.2847320761097,3074348
2014-02-13,790.1171875,791.8390235923226,776.3236947129467,780.2117933509081,2094350
2014-02-14,802.7623901367188,809.0018962384279,788.0247233729671,791.6535415786902,1910062
2014-02-17,801.8367309570312,809.4648438724353,795.0973802553717,799.8371741831932,1670394
2014-02-18,802.058837890625,811.3162113658169,798.3003804213123,801.6885429516174,1526916
2014-02-19,813.8896484375,820.2031944939815,800.670138733459,803.539924176948,1072918
2014-02-20,810.7052612304688,822.7953548327096,808.2798112981066,816.8706358060114,1587924
2014-02-21,816.7595825195312,819.462753832594,811.2236908986694,813.9083293827572,1717860
2014-02-24,806.4651489257812,816.5927496276067,803.576921306997,816.129881047158,2450424
2014-02-25,810.5386962890625,814.4638594843434,807.2431069224227,810.5757619510015,3305374
2014-02-26,808.0391235351562,812.7974500077534,806.1876487059814,812.4271550419184,3859712
2014-02-28,842.6986694335938,844.2724228533862,799.8925402536244,800.2073270991963,3988192
2014-03-03,829.479248046875,851.3081179848604,825.0171756721483,841.2361130951653,1606078
2014-03-04,829.7012329101562,834.6447059950302,823.5358589764628,826.9425539813511,2030332
2014-03-05,833.867431640625,846.5871034517078,830.4052269799402,834.9598744199476,2302006
2014-03-06,829.7384033203125,836.8665810571936,826.5538306113108,834.2190083451109,1314562
2014-03-07,825.2022094726562,833.1820828885021,797.1709027802608,831.4972229620147,4698472
2014-03-10,793.4124145507812,825.2022712120856,790.5796944302458,825.0541893981634,3829768
2014-03-11,796.7451171875,806.3727861797046,785.7659077483917,797.9856414692667,2550254
2014-03-12,807.0394287109375,810.8534853344793,797.2451439320168,797.2451439320168,1669788
2014-03-13,795.967529296875,815.3894813787905,791.2648015041542,795.4120868708676,2019884
2014-03-14,792.2646484375,800.0223102454391,786.6176499504633,792.8015580816872,2161246
2014-03-18,785.7661743164062,796.8009859856418,779.1934365246454,790.7651579890129,2565842
2014-03-19,755.179443359375,768.3619330253343,745.4221815876249,768.3619330253343,8652662
2014-03-20,780.6558227539062,786.0991406280688,744.8112974641524,754.6611344375056,5728956
2014-03-21,787.6172485351562,794.2825567032959,772.0648628094973,786.8766587386963,4680776
2014-03-24,797.0970458984375,799.0780698879547,787.302670914442,791.3018749588117,2183014
2014-03-25,794.8938598632812,804.2808758605739,788.7284832334358,793.9126141091485,2249968
2014-03-26,775.2123413085938,799.2815088199663,773.0091048248961,795.4119453547122,3192350
2014-03-27,775.4899291992188,783.173546738139,764.6773385023592,777.9708864201406,5012476
2014-03-28,778.3970947265625,786.0807153750676,770.2320725349323,776.5085542127815,2971162
2014-03-31,789.8948364257812,794.2643360229109,770.9542810993041,779.1007720619289,2683268
2014-04-01,806.0208740234375,809.0943397104655,794.2454783669833,794.2825440178254,2755932
2014-04-02,804.3731079101562,815.3893813410814,800.2258230522609,810.9458424781872,3763016
2014-04-03,802.2437133789062,807.9832829876638,795.2451775659597,804.5951216060323,1581194
2014-04-04,792.00537109375,809.8350363497105,788.7282247027359,804.2806122320857,1694656
2014-04-07,797.541259765625,802.040307124518,785.2844610913496,788.765287769392,2594986
2014-04-09,792.579345703125,800.577753500083,779.4709394623842,796.8748036689077,3350500
2014-04-10,787.3025512695312,795.6341874274697,783.2478397534755,792.5792541695589,2152886
2014-04-11,801.35546875,805.3545825419789,777.6195224045069,784.2848325965456,2340742
2014-04-15,834.181884765625,836.1259331043308,805.0396925119273,807.6132241366455,3597244
2014-04-16,813.2789306640625,838.3478842091163,808.7983249799455,838.3478842091163,3475910
2014-04-17,823.1283569335938,824.646601926766,793.4307290895978,822.054538067993,7681438
2014-04-21,822.7027587890625,830.5344603784953,818.833194860487,822.0547426630893,1842594
2014-04-22,822.4439697265625,833.1269293761839,822.0180761088678,827.2207404698767,1486274
2014-04-23,819.74072265625,830.9050830109788,815.0565261169855,826.2763945713614,1938992
2014-04-24,819.74072265625,819.74072265625,819.74072265625,819.74072265625,0
2014-04-25,816.5929565429688,827.6092315490466,812.1308842160009,824.6468718835467,3160448
2014-04-28,811.44580078125,823.0544921617688,807.2799829739755,816.5928639548473,2550766
2014-04-29,812.5198364257812,817.0004422675916,806.0951817557903,809.464902552926,1846180
2014-04-30,810.6495971679688,816.7224879214779,807.6131969932295,809.1314422826144,2397378
2014-05-02,817.7777709960938,822.0176296093177,807.705767585405,807.705767585405,1917778
2014-05-05,819.7218627929688,825.3873932636067,816.1855281551103,818.6480436650069,1314478
2014-05-06,814.2413330078125,822.6470986686717,810.9457449092863,819.7217150268159,961232
2014-05-07,801.8921508789062,815.7596770124056,792.468163612474,811.3346709714239,4716182
2014-05-08,800.59619140625,807.9095164557065,795.2638900391602,801.7256090516572,2606900
2014-05-09,799.8001098632812,808.9834436630679,796.8748156144208,796.8748156144208,1799440
2014-05-12,799.5963134765625,802.3179266980893,786.1915660248065,797.2449047440625,2886064
2014-05-13,818.7034912109375,829.090281238478,801.9847126347564,801.9847126347564,2547484
2014-05-14,820.6106567382812,828.6089732392613,815.0562326109178,819.9810830139492,1389228
2014-05-15,812.1124877929688,823.9064203538139,803.9659973445266,820.6108308340217,2520196
2014-05-16,800.114990234375,834.4227887807062,777.7121408028444,814.6676030698837,5241798
2014-05-19,754.1796875,799.8370717604677,740.4047337893774,796.1341223541692,6516606
2014-05-20,765.843994140625,799.8370884819144,750.9581552969084,750.9581552969084,4702114
2014-05-21,771.2689208984375,773.5461988214297,761.2524237950721,763.2519804882338,4116946
2014-05-22,782.0445556640625,786.5066287715678,768.3992383103429,776.4160893958497,4216842
2014-05-23,787.9506225585938,795.7638825084518,776.1382492962844,784.6550335204325,3094780
2014-05-26,797.615234375,803.3918711198296,790.0612543893282,795.7637598290971,2650850
2014-05-27,789.2653198242188,808.946554816685,784.2848697754368,799.892769053395,1795094
2014-05-28,796.338134765625,799.3745364643152,785.9328064327625,792.4315034319095,1887488
2014-05-29,799.8182983398438,807.2427277469424,790.6535013161113,794.2824087234823,2820710
2014-05-30,792.93115234375,802.4291819490888,788.7837764497585,799.392781344165,2585648
2014-06-02,788.6729736328125,799.0041696966688,783.5628836985339,793.9126125962962,1095158
2014-06-03,788.2097778320312,791.6905138078342,779.5448227368986,788.6726464673258,2484628
2014-06-04,773.638916015625,790.5428485107491,769.1028017539563,788.7284389677068,2141062
2014-06-05,779.1561279296875,783.6922413294539,765.7700008748523,771.361491104754,4348470
2014-06-06,779.1935424804688,787.9976907217905,768.6323249801337,785.1376956445902,3361586
2014-06-09,790.240966796875,791.8111122211795,777.6048694145672,780.2218088789432,2666196
2014-06-10,806.8207397460938,807.8675333281241,790.6892207579326,790.6892207579326,2628068
2014-06-11,825.0646362304688,827.7002854751177,799.362560970119,809.3817154713774,3544562
2014-06-12,836.4295654296875,842.6541033759027,816.4099698746744,840.7848617978727,2734338
2014-06-13,827.5321655273438,837.0465892996801,816.8774858511307,836.6727408899885,1904022
2014-06-16,848.5423583984375,851.2340484734398,826.2049177488916,826.2049177488916,2439906
2014-06-17,852.318359375,858.7298232883921,849.0097643395466,854.206220884333,1918144
2014-06-18,832.5789794921875,857.2342597240495,830.4293514968045,857.2342597240495,1948824
2014-06-19,850.8975830078125,855.7389010438069,826.2423017759588,833.6818476748316,1896354
2014-06-20,857.0101318359375,859.4775680614973,845.6451757090505,854.2062685212524,1155674
2014-06-23,848.2059936523438,859.8139136576707,842.6730189814605,857.2343961612833,1262734
2014-06-24,863.234619140625,867.141316452998,843.02809596961,848.2619732838339,1479100
2014-06-25,863.79541015625,867.3282591644792,857.234352700065,863.5897752887702,1028422
2014-06-26,862.71142578125,876.356895576748,856.5429257367098,858.3561274099584,2036182
2014-06-27,897.0681762695312,899.8159079504478,865.4592676981982,866.2069646897302,3058836
2014-06-30,906.7316284179688,910.3206085990975,888.4879044333109,897.4415529453026,2146470
2014-07-01,893.778076171875,904.3392936357903,890.6190753971622,904.3018722865767,1092790
2014-07-02,897.83447265625,901.6289979093121,891.0677792129555,897.2362786285266,907740
2014-07-03,903.9277954101562,914.0591211553076,894.2451606558265,896.8620988350032,1526762
2014-07-04,901.1619873046875,906.7697159126818,897.6104258529577,901.8722630863837,536136
2014-07-07,930.3401489257812,933.8729968927022,901.1238512856823,904.7315419253208,2204902
2014-07-08,915.7230224609375,929.4432416453302,909.666696123781,928.9946417817612,2500588
2014-07-09,896.5443115234375,924.3960113455456,890.3571948486621,923.4053498068071,1554242
2014-07-10,879.2164916992188,904.5634258900755,872.9358217084176,897.0677488669177,1990562
2014-07-11,895.161376953125,900.974738436776,882.6935862692474,886.394649308546,1329446
2014-07-14,907.050048828125,911.8166178636978,891.72225820393,904.2648953714671,1587924
2014-07-15,896.97412109375,908.4512440711213,894.8992450597723,907.0306024721743,1389656
2014-07-16,897.9275512695312,906.208254379101,892.3198269231259,900.8434949124179,1407240
2014-07-17,890.488037109375,908.3767167251841,887.8898093951427,900.9745013230711,1790220
2014-07-18,912.638671875,929.0132496195929,910.3208301101444,916.6762527433568,3507488
2014-07-21,921.0689697265625,923.3494814113818,913.3303263174223,922.6578253821029,981072
2014-07-22,946.7335205078125,949.5748044628646,920.3772119587447,921.5361783468351,2399016
2014-07-23,966.8280639648438,970.6226802264742,946.6963811215103,949.5749957282587,2065858
2014-07-24,970.211181640625,972.7533685753042,959.6686768381268,970.0990088857073,1481418
2014-07-25,974.1552734375,977.3704055430026,959.668650835292,969.7625556161853,1806914
2014-07-28,985.016357421875,988.9536280423366,971.9680012951437,980.3942229428686,1314922
2014-07-30,987.2041015625,992.89133411576,978.663732991666,983.3048156718155,1899252
2014-07-31,981.497314453125,988.3257978299347,977.3887821688068,979.6142642448253,2407210
2014-08-01,957.283935546875,984.5028653628253,954.8492971982428,979.576470233257,2381882
2014-08-04,960.9552612304688,966.9848330248352,946.4803324267319,963.2187305886196,1828636
2014-08-05,960.0610961914062,968.1640199234309,947.2791043452271,968.1259409649791,1404656
2014-08-06,953.5747680664062,964.3026302538626,947.3359498496577,957.1887391631121,1837562
2014-08-07,939.556640625,949.1431581563261,935.4671460557893,947.2410676590188,1672656
2014-08-08,942.9422607421875,953.9743848799214,937.7305517073936,937.7305517073936,1464790
2014-08-11,939.0238037109375,949.3522086824576,933.9262393915435,947.5832091636095,1290896
2014-08-12,940.2985229492188,947.2030749328339,928.2963122434186,947.2030749328339,984552
2014-08-13,951.0643310546875,962.4578350726377,939.6327480748677,939.6327480748677,2768378
2014-08-14,950.9501342773438,963.2186178578795,947.2600973258973,956.3710921385108,1578056
2014-08-18,946.3281860351562,952.9474244077804,939.6327897354162,947.6406100206137,1373260
2014-08-19,927.6493530273438,952.9090727116818,926.317889941186,951.0450615412587,3234156
2014-08-20,926.7744750976562,933.9453928018895,924.4349411387178,929.9319636249302,2056758
2014-08-21,925.347900390625,935.8284366197395,924.4158947097427,930.8830017920742,2265450
2014-08-22,937.426025390625,938.9476974042046,926.6221912444054,929.7416002971457,3096238
2014-08-25,959.4334716796875,961.8871498086652,938.453358089264,939.6326913298014,3143512
2014-08-26,963.903076171875,970.0658287440941,951.0449301412688,962.0770513309075,1815490
2014-08-27,970.046875,976.6851506239591,956.3899057464052,963.9792263845559,1435460
2014-08-28,959.5475463867188,969.7997946952479,955.9906003177066,968.9248145679262,1766288
2014-09-01,965.1773681640625,973.8699555030203,959.8135307750545,960.7074572354843,810148
2014-09-02,965.4632568359375,971.8923797697227,956.4093784995883,968.468616167581,1407940
2014-09-03,991.521728515625,995.1737795356869,965.8815849545524,965.8815849545524,3061690
2014-09-04,983.2857055664062,999.5295402179927,980.5086348003235,997.4562801025697,1701598
2014-09-05,988.5541381835938,997.3798161928032,982.6386203892765,989.0486072262977,1467060
2014-09-08,1005.3309936523438,1008.1080646319058,988.7257790964459,993.6521754032219,1697342
2014-09-09,1000.974853515625,1014.5747968935569,998.635319986819,1008.8685269447743,1418098
2014-09-10,989.1439208984375,1005.349766410797,985.7391980453365,1003.5427807366124,1258768
2014-09-11,988.4591064453125,998.3689206338266,985.8532061032193,992.8909388112686,1075622
2014-09-12,991.9780883789062,998.3500903570014,986.50001304259,992.8910544972113,1196210
2014-09-15,973.2236328125,996.1628625585029,971.587816425874,994.4129021680637,1151544
2014-09-16,970.3894653320312,979.5765245185763,967.783564417576,976.1527619086085,1535608
2014-09-17,985.7388916015625,990.8935729710732,974.2502890407596,974.2502890407596,1657700
2014-09-18,1005.1787719726562,1008.7927439505833,981.8591236873502,985.9295788137023,1483078
2014-09-19,1032.530517578125,1042.3453205584815,1005.0643565385066,1005.4447745387104,3587864
2014-09-22,1035.421630859375,1040.0627114355277,1018.0935740597406,1032.4543521711857,999584
2014-09-23,1022.6396484375,1058.4940449169053,1020.775637388766,1036.2586314047749,2055990
2014-09-24,1005.4447631835938,1029.7724754467827,1001.5454787255416,1024.4656629789702,2442132
2014-09-25,1030.400390625,1036.6392096355412,1011.9120358277211,1012.2734144082733,2473158
2014-09-26,1021.0421752929688,1036.6012383549405,1015.754400879622,1030.9330458434968,1612712
2014-09-29,1052.978271484375,1055.8314072619166,1017.7325713293508,1025.3789194878539,2089534
2014-09-30,1041.0523681640625,1056.2880410890684,1030.2293972702973,1054.8805124798023,2788954
2014-10-01,1055.888427734375,1065.9314275892968,1041.2042531448628,1046.9105241705015,2142022
2014-10-07,1039.0545654296875,1080.2727930218416,1036.8671623002433,1042.1930133980202,3457674
2014-10-08,1020.7377319335938,1042.3264570906333,1007.8225572209151,1041.5846604400738,1962442
2014-10-09,1029.4302978515625,1035.992509310153,1021.9931062900596,1030.1720944848246,1685176
2014-10-10,1018.9497680664062,1037.5712134251683,1015.1455874874762,1029.4112646584638,2344362
2014-10-13,1033.4248046875,1036.563254002045,1015.7163236163889,1019.5205046037162,2209532
2014-10-14,1026.823974609375,1040.7092279256292,1019.0634866184213,1038.5408644759918,2369406
2014-10-15,1026.823974609375,1026.823974609375,1026.823974609375,1026.823974609375,0
2014-10-16,1018.7982177734375,1049.421888861212,1013.5293875230207,1038.5418890636563,3848014
2014-10-17,928.6574096679688,955.3628288945804,924.4157859075203,941.5345967576596,9892812
2014-10-20,921.8667602539062,948.6101584931029,919.8314872402345,947.2406168366456,3399242
2014-10-21,925.7093505859375,929.6467149996699,918.7096948232032,922.8372682834829,1950732
2014-10-22,932.7277221679688,946.8602108649618,930.159901186314,945.3385391721293,2067664
2014-10-27,934.7442016601562,958.5393699565144,930.1031198899436,958.2730958888511,2797208
2014-10-28,942.904296875,945.3008564954623,933.3367263703523,945.3008564954623,2289958
2014-10-29,955.2737426757812,958.3041608486338,942.6754931498295,943.4378671839175,2425016
2014-10-30,975.1524658203125,981.5182694616084,956.3980859363182,961.2772976537794,4111292
2014-10-31,994.0785522460938,998.7099370571536,976.2199041234238,976.2199041234238,3170070
2014-11-03,987.4080200195312,1009.7646057181128,983.6532899417101,1009.7646057181128,2541632
2014-11-05,990.8955688476562,1005.5712677900048,987.2742924852586,1005.5712677900048,2310642
2014-11-07,980.7373657226562,997.0711787562248,974.6955123570062,992.9162761752382,2126740
2014-11-10,979.5169677734375,984.2246636338433,972.4078686792928,981.5945110144073,1541964
2014-11-11,983.7291870117188,988.7989922848836,974.0851381350772,982.7000008135814,1249940
2014-11-12,987.9418334960938,995.2796864119998,981.5569484913442,983.4628843136575,1320582
2014-11-13,986.6832885742188,992.9537949488167,977.8016145085231,989.1800815738787,1645540
2014-11-14,993.5448608398438,995.3364211692164,981.5565480213177,985.444636899862,1457174
2014-11-17,998.0618286132812,1000.6157626137845,988.1318897659363,989.2183098192057,1570552
2014-11-18,985.6921997070312,1001.2445510465346,983.3669223513691,998.7096953427996,1467026
2014-11-19,981.0800170898438,990.3238016122054,974.8666505302081,990.3238016122054,1865746
2014-11-20,993.1634521484375,994.9931679955898,976.0481964925806,986.5117589397898,1795386
2014-11-21,999.5298461914062,1006.3340740309,985.9977023928847,994.1360852547679,2001594
2014-11-24,1013.08056640625,1015.8632498308139,999.4722105277276,999.4722105277276,1942766
2014-11-25,1004.8090209960938,1021.3525010360594,997.1852803208578,1013.9575098063768,2371684
2014-11-26,1001.4925537109375,1012.5660538995753,996.8039353260132,1002.5408178876665,1584800
2014-11-27,1011.4034423828125,1017.0068724301078,1000.7302068400677,1001.4925808074066,1732418
2014-11-28,1007.4771728515625,1026.11717866541,1004.5611297241044,1013.3284301310608,1989768
2014-12-01,1026.5172119140625,1029.2045980883788,1008.3346159604755,1010.3358471234252,1896354
2014-12-02,1012.9278564453125,1033.3784941531321,1009.8974395366448,1026.5362086642037,1436572
2014-12-03,1004.5610961914062,1019.0651856255721,998.1380586649885,1018.4934051833351,3094670
2014-12-04,1005.5516967773438,1016.6251918895649,1002.4831244359066,1015.4816314937386,1285308
2014-12-05,983.06201171875,1010.0691428578301,980.4699219894691,1006.6765233525367,2359676
2014-12-08,957.8470458984375,989.1806096014848,953.5967535298211,989.1806096014848,3232574
2014-12-09,958.6279296875,975.4572943956146,956.4361049736373,959.0662574049887,2487940
2014-12-10,955.978759765625,965.1272469970863,951.5188908529325,958.6852244635555,2087970
2014-12-11,949.9751586914062,961.696659112504,948.0120828380444,953.1962633390104,1938822
2014-12-12,934.1749877929688,960.5912662268541,923.4826735383919,952.9675260187046,2380786
2014-12-15,899.08642578125,909.1307376128633,896.6468668972149,909.0925816983728,3487788
2014-12-16,931.258544921875,937.4337532289509,893.8831559710846,895.7890902055645,3339140
2014-12-17,931.6588745117188,941.5315773075987,916.8497272546971,935.2038379838136,2287076
2014-12-18,937.9869995117188,940.9602772544413,928.1142916769048,935.852407769103,1481444
2014-12-19,956.9890747070312,962.0207246691768,940.7695486809424,942.0274844372877,1903130
2014-12-22,958.0752563476562,964.0218100763816,943.2089650890643,962.8782492103361,1643954
2014-12-23,959.332763671875,966.9374214237545,950.9085915571118,952.9669629718591,1266476
2014-12-24,945.3054809570312,960.9151610245945,939.8735669144901,958.6851801397368,3288972
2014-12-26,954.8734741210938,956.7794091991798,939.6259934964056,947.6309208243669,626206
2014-12-29,961.6966552734375,967.0523512928808,955.6358191344557,956.0170061384981,778920
2014-12-30,964.4220581054688,969.1487390437392,959.066362863954,962.4970454020207,701342
2014-12-31,975.171630859375,978.2782676462017,962.4971632639194,965.432284515484,1573792
2015-01-01,970.3303833007812,978.5068241262014,968.595964201277,978.5068241262014,366830
2015-01-02,983.2525634765625,987.6362129731707,972.255376881694,972.407814421509,925740
2015-01-05,968.3104858398438,991.048258074378,962.3639301304953,983.8438594440062,1754242
2015-01-06,932.6119384765625,964.0598587958751,930.096067625733,964.0598587958751,2423784
2015-01-07,921.5960083007812,945.0199363538997,917.6888406307384,941.5321117078948,2636332
2015-01-08,931.5447387695312,933.5268924069949,922.682141689718,931.0110211719514,1565408
2015-01-09,957.6565551757812,960.5535218581682,933.9085756397164,935.8145115083689,3197642
2015-01-12,956.6651611328125,963.640903054759,945.4392206493535,959.4478453278592,1596006
2015-01-13,952.1663818359375,964.5549516824043,945.3813318782588,960.5906465568049,1468432
2015-01-14,961.3345947265625,965.0893241310806,953.1581516900394,959.0665505507455,1787096
2015-01-15,967.8717651367188,984.1293503742829,961.829915108709,965.5464876529712,5009920
2015-01-16,965.2222290039062,970.1205171704967,946.9824943716427,969.6249556610712,5293830
2015-01-19,957.1607055664062,972.4081879330555,954.1112090930764,966.690382045562,1135074
2015-01-20,953.1388549804688,964.4029475456713,946.5824582975447,960.5910781877832,2058566
2015-01-21,958.2275390625,961.353252675053,948.4881962603888,961.353252675053,2310480
2015-01-22,958.13232421875,961.0674446537377,951.2518822542002,959.2568069295511,2113214
2015-01-23,954.3394775390625,965.1842252936245,951.4805760362851,958.3037837309671,3150380
2015-01-27,955.6572875976562,960.6035176769597,950.8829162374328,959.5913882483685,2738736
2015-01-28,969.99951171875,972.023770563213,955.9818828936599,956.0201151640778,3121980
2015-01-29,971.9287109375,981.1146240699801,959.8018024209913,969.38878157163,3734392
2015-01-30,948.0184326171875,983.5206446146487,943.4159193002649,978.0587443267037,5817402
2015-02-02,960.29833984375,963.0674763878113,940.3796915197078,947.9995727393322,3181802
2015-02-03,977.1231689453125,979.7013303409465,957.5864721137408,959.3242692697389,2345054
2015-02-04,960.3363037109375,982.2601827149005,955.6765352718792,980.8469872476508,2245418
2015-02-05,974.8888549804688,989.8995042002662,962.1317660452833,962.5137159325582,4530168
2015-02-06,983.8072509765625,991.083413713073,974.2967377379371,975.1178925529124,2136416
2015-02-09,959.8019409179688,981.2676015639007,954.8748241252802,978.364744798762,2076432
2015-02-10,932.3966064453125,964.9005678721265,929.2837532440906,958.6938843578575,3799054
2015-02-11,939.5579833984375,950.0043444780786,934.7263572314716,937.7055833944468,2937522
2015-02-12,940.4176635742188,947.15913349966,934.6311613990567,947.15913349966,3107980
2015-02-13,969.6749877929688,973.1125357556026,939.691930563329,943.4159408561824,4158326
2015-02-16,987.2636108398438,991.1594791600648,975.8814910419907,977.7912395567499,2364392
2015-02-18,1006.6858520507812,1009.4932200988511,979.7966261288603,987.3592500598548,2660014
2015-02-19,1024.0263671875,1026.4135530580954,1006.4375630430627,1006.8195127823581,2618002
2015-02-20,1021.9257202148438,1030.806052319041,1009.2067742931346,1030.806052319041,1801588
2015-02-23,1029.98486328125,1039.6673277516827,1020.187888473455,1020.187888473455,1614892
2015-02-24,1033.0787353515625,1042.722967930406,1023.2435278701677,1028.9727749467083,2199922
2015-02-25,1020.64599609375,1039.667110295705,1018.9845708054328,1035.0837137771348,1767994
2015-02-26,1014.6307983398438,1028.4955984299067,1002.7522123394222,1023.2437872783289,1991994
2015-02-27,1016.8836669921875,1022.0017548967967,999.2948673227763,1015.7759570803911,2877376
2015-03-02,1019.5762329101562,1034.682358358122,1013.1404380494968,1023.5103324707915,2176038
2015-03-03,1060.2926025390625,1065.639899525931,1022.1548792293634,1024.3893227700885,3424308
2015-03-04,1048.834228515625,1074.081149466135,1037.24201392689,1064.8761213042835,3862994
2015-03-05,1029.908447265625,1058.2682179249093,1024.0264580582966,1050.361876269788,2173514
2015-03-09,1010.9447631835938,1023.5491067568188,996.8889917005287,1008.347485858006,2883174
2015-03-10,1009.378662109375,1022.9569953999719,991.25516374938,1011.7467320888048,3037052
2015-03-11,995.5715942382812,1015.9676829043851,992.2295323992994,1009.1117004103152,2240200
2015-03-12,1000.3455200195312,1002.5798701266414,989.288093311505,1002.1979203733455,1827636
2015-03-13,986.3281860351562,1008.328440410239,983.5208174699683,1007.5836568876801,1586838
2015-03-16,978.6699829101562,996.8889695661275,974.7358813535469,987.416595956373,1556296
2015-03-17,986.8435668945312,995.6284112911413,976.9319893665071,986.3852458367725,1267318
2015-03-18,977.54296875,992.8590952494584,974.6209976947089,989.6125229098694,1255170
2015-03-19,991.6372680664062,995.3040238152804,980.8854174139296,983.9027838378671,2448964
2015-03-20,997.251953125,999.944718246874,984.9914187554632,991.5418214548836,1963908
2015-03-23,999.6196899414062,1004.909730956023,995.3609877884439,999.1804850554756,1566608
2015-03-24,989.746337890625,1007.2014216176518,986.2324190817036,1004.5277735511658,2394878
2015-03-25,983.043212890625,998.4166910135382,972.138528392059,989.7845889789031,2224858
2015-03-26,959.878173828125,987.9896259157206,955.2565434950335,975.2325386442443,3091642
2015-03-27,960.5272827148438,982.3365582341188,956.4404389003258,966.7148502260204,2751776
2015-03-30,979.3762817382812,981.572492503825,962.5132398556647,964.4229883474418,1339006
2015-03-31,975.4805297851562,981.4007508156162,962.8953043735199,981.4007508156162,2427028
2015-04-01,971.1643676757812,979.1662884925612,963.3726310933858,977.02733287219,2075758
2015-04-06,972.9410400390625,978.899402781187,954.9130226470464,977.0278854918864,1568542
2015-04-07,987.3400268554688,992.6873229390187,971.6800883250726,978.7270420138622,1886922
2015-04-08,1008.8820190429688,1014.6494974916754,989.5745340346969,990.7776384315475,1652134
2015-04-09,1017.7245483398438,1026.4711630938318,1006.4951661726388,1015.6047079039879,2544450
2015-04-10,1013.5989990234375,1020.1112599468433,1003.763794416804,1011.5937631327646,1815544
2015-04-13,1014.2680053710938,1017.8965295853756,1003.7643826455411,1017.5145796680828,1308642
2015-04-15,1003.66845703125,1036.5733907421222,996.6596418087132,1013.9619841589232,2913934
2015-04-16,986.4998779296875,1003.3820389995453,982.1265717426753,1003.3629228612836,3217570
2015-04-17,945.2684326171875,977.7914184748801,943.4159389191226,976.6838014334215,9668742
2015-04-20,927.6795654296875,948.7249405684425,926.1708825768683,947.2544899901555,2890722
2015-04-21,927.0114135742188,936.5410437998563,917.0616012085868,927.6798258199976,2546032
2015-04-22,933.9055786132812,944.561941707197,919.5633436628996,928.7110235588555,4186812
2015-04-23,938.5462646484375,947.1592523767015,928.7874273753795,944.1800249103419,4342990
2015-04-24,952.22021484375,960.2220465820362,934.8414944302724,937.8016061490515,3625158
2015-04-27,954.9507446289062,962.5133683155615,949.5270768382879,954.6833984542642,2733052
2015-04-28,952.9645385742188,958.6937842971099,937.7247822511054,958.6937842971099,3088298
2015-04-29,950.023681640625,952.9646762199498,936.1780024771087,948.7632287496414,2019620
2015-04-30,941.0098266601562,951.0551263636107,927.030518101846,947.2356278641585,3738054
2015-05-04,947.827880859375,956.7082168575901,938.5273626324139,951.4372890990729,1890630
2015-05-05,961.6924438476562,968.7966549360369,954.87460189037,955.256551731126,3255070
2015-05-06,940.7611694335938,960.6034364795776,937.9920342787321,960.6034364795776,3394406
2015-05-07,972.1575927734375,975.4041656203382,937.1900748136926,941.4678933267777,3205028
2015-05-08,965.2822265625,988.4856671653972,961.09989665927,977.791077257889,3003664
2015-05-11,976.2638549804688,978.9566201787261,964.4234091649779,968.2429078151363,2573082
2015-05-12,963.6210327148438,979.7011552528896,959.839767310141,977.7914064122408,2467386
2015-05-13,960.7564697265625,972.8261204564307,947.4073431428653,972.8261204564307,1863774
2015-05-14,954.5879516601562,962.5134092962263,949.1451675004454,962.5134092962263,1309050
2015-05-15,959.132568359375,967.2489962391339,955.2558177542153,960.6031114161742,1461454
2015-05-18,962.6663208007812,964.5188147887095,953.7669643006344,960.2601114549391,4507752
2015-05-19,959.725341796875,966.3330926614108,953.6332605147737,962.2843870682578,1957722
2015-05-20,976.6646118164062,981.5726100785001,961.3292736408765,962.5133551473851,1897814
2015-05-21,976.0726928710938,985.4304627694861,973.2653246017917,976.6456175587504,1579578
2015-05-22,999.90625,1004.0504422396963,969.8659383574508,973.9718983209607,2691632
2015-05-25,993.4514770507812,1007.1634382231678,987.607626182942,1000.7085235959427,982978
2015-05-26,996.4498291015625,1001.9498692312732,988.8298555632044,994.9792849890275,1961740
2015-05-27,998.893798828125,1005.7306601036439,990.0134696730714,996.1246639303126,1620690
2015-05-28,996.69775390625,1001.8540749170699,986.289624458484,994.5587982612452,2763608
2015-05-29,997.0034790039062,1011.6321734885895,992.0190159768866,999.5625237507026,4423532
2015-06-01,999.849365234375,1011.0596322618484,996.2590734220692,996.6791623684729,882264
2015-06-02,993.0307006835938,1004.5274206301137,989.4404118411824,999.180126375809,3935820
2015-06-03,997.2326049804688,1002.8473411302715,989.4408670676736,994.5971888995259,1804684
2015-06-04,995.2273559570312,1001.7778502980275,988.6769548654881,999.6007553134838,4131468
2015-06-05,992.9912719726562,1005.7705729591698,990.7360569203014,999.2170659678682,2308534
2015-06-08,993.6082153320312,998.446265286318,987.5172887900302,998.446265286318,1570320
2015-06-09,987.517578125,998.4465578233937,983.4120343658213,996.5190548160126,2578914
2015-06-10,1002.5901489257812,1006.1560275675437,988.3459282016785,989.1940102445659,2763350
2015-06-11,991.2374267578125,1007.3127783350716,985.6283758163775,1004.4215246659124,1847336
2015-06-12,965.987060546875,998.0413857861784,954.807547333536,991.4685841943818,2571456
2015-06-15,965.6014404296875,971.6344841661642,956.4265118993699,965.7941906336173,2525176
2015-06-16,968.377197265625,971.1913695682055,961.6116450777052,963.7511915462032,1267396
2015-06-17,969.071044921875,974.9884203283713,964.445039546275,971.846629323971,1975720
2015-06-18,975.335693359375,981.6000773483127,966.8353873388088,969.5338912109667,2165046
2015-06-19,982.8531494140625,984.954109022952,974.1986790993451,977.2440964278604,1999610
2015-06-22,999.024658203125,1002.3014128219661,981.8698840221338,981.8698840221338,1102002
2015-06-23,992.5098876953125,1005.3855701573799,989.6571267702966,1002.3015653409462,898318
2015-06-24,990.85205078125,997.6368037743324,986.4380884482647,994.591387173323,1170246
2015-06-25,983.0263671875,991.8928795189951,980.7711514044743,987.6523736213235,1930992
2015-06-26,999.5257568359375,1000.89430249118,983.1033972057019,983.1033972057019,1290102
2015-06-29,999.5643310546875,1003.8434247745732,980.482053970839,991.5074072658227,1372756
2015-06-30,983.3927001953125,997.964641156964,979.1714876054809,996.5190139606962,1549952
2015-07-01,999.6417236328125,1005.3856453866736,985.6287380530589,988.3850299174464,1279708
2015-07-02,993.72412109375,1003.4387168962431,991.1412860284246,1002.3015090073707,1445880
2015-07-03,1003.8049926757812,1006.156584024451,990.7365597482142,991.912355422549,963470
2015-07-06,1015.1382446289062,1019.6485805855499,994.7067229763413,994.7067229763413,1182338
2015-07-07,1008.5655517578125,1020.3811028972859,1003.4576707981217,1014.9263091793142,1642836
2015-07-08,1000.412353515625,1010.6666100210949,994.7840087473294,1001.5109734360343,2667850
2015-07-09,972.4251708984375,1001.6268385676374,966.3149493237554,1000.3739617369457,3934122
2015-07-10,953.8631591796875,986.4957374677576,946.4036871759847,986.4957374677576,8263654
2015-07-13,967.432861328125,970.9216599026108,954.2679619296925,954.2679619296925,2280308
2015-07-14,963.5585327148438,969.5337906692666,959.8962778395522,967.9917886165123,1703274
2015-07-15,981.3880004882812,983.007083934305,963.7513507692048,964.1368513095125,2003660
2015-07-16,979.2482299804688,986.4378698847114,974.0054802996707,980.5974815633414,1456608
2015-07-17,988.5773315429688,990.7747594348333,980.4433283926176,981.7925799883761,1070526
2015-07-20,996.4005126953125,998.2355756480326,985.8730462823393,990.5476654261876,853786
2015-07-21,989.5438842773438,1004.5914867730042,987.1100850119681,995.1843300868303,1274500
2015-07-22,976.6593017578125,992.4794595656373,973.954998053274,989.3888267604505,1320628
2015-07-23,961.4188842773438,980.445597366061,959.2554030311657,972.583760423262,1496780
2015-07-24,967.8121337890625,972.1970060161227,962.7706153919703,964.8567544308628,1574972
2015-07-27,964.6832275390625,967.7545254326957,958.5405374331557,961.1869298509168,2003738
2015-07-28,966.6148071289062,973.1630669411031,962.7900921960359,965.6296489953502,1891188
2015-07-29,968.4306030273438,971.6371538568152,959.4484502317376,970.0725019254653,2413318
2015-07-30,958.34765625,972.3135158111023,955.3150281022322,972.0237688615192,2770574
2015-07-31,969.9759521484375,973.1631677633831,960.8006344690488,961.9209513213902,1963776
2015-08-03,969.5314331054688,975.480862818579,966.1702948757153,967.1361175121693,1179324
2015-08-04,969.2610473632812,974.7083254350188,960.4141486450482,969.8405410169287,2342692
2015-08-05,984.0382690429688,985.1393448617414,970.0725078226794,973.5494702163091,988994
2015-08-06,994.1407470703125,997.8881206845729,985.1779303165857,990.9341964986177,2211366
2015-08-07,985.93115234375,994.024727745971,983.9801716163964,994.024727745971,1188506
2015-08-10,993.6771850585938,1000.2061095759578,987.689083591453,993.6385144184487,1431182
2015-08-11,1006.0782470703125,1008.3189747668538,982.0872659860034,995.9564432754595,2200306
2015-08-12,1032.155517578125,1039.766182574077,1005.2283960855258,1005.6533958559061,3479784
2015-08-13,1018.208984375,1036.9072745492579,987.4571511728402,1031.4986673049623,1406426
2015-08-14,1044.324951171875,1050.5642236057924,1018.7886506606058,1019.1363091720632,2293964
2015-08-17,1037.1973876953125,1041.8526737242285,1025.7040932418493,1039.2642867782727,773644
2015-08-18,1058.889404296875,1062.3663662357342,1039.2252906145568,1045.754214750074,1916926
2015-08-19,1056.0694580078125,1063.50629453854,1051.5493312588958,1062.4052186753638,1690070
2015-08-20,1038.00830078125,1060.4732985029627,1032.2712763569823,1060.4732985029627,2349298
2015-08-21,1033.8748779296875,1054.6400729735271,1025.7427235116286,1047.724817839878,3536080
2015-08-24,996.2073974609375,1021.8403684382441,992.5180303757246,1019.5223940674957,4692344
2015-08-25,991.7647094726562,1012.9548982952618,979.5374312080993,999.7810382825825,3925800
2015-08-26,995.4732666015625,1019.5222472345099,970.4391281392071,988.2489330502455,3216158
2015-08-27,994.6622314453125,1010.2119785310149,983.5166929204048,1010.2119785310149,5264798
2015-08-28,993.194091796875,1007.932507562533,988.1138081169936,1007.932507562533,2744152
2015-08-31,990.5672607421875,1000.592483167337,977.8183989875457,1000.592483167337,3692044
2015-09-01,980.2713623046875,1008.7824670525342,977.4125648621838,987.4571208647201,2987602
2015-09-02,1001.28759765625,1012.3558866254667,984.3663672981561,988.8863980801908,3765950
2015-09-03,1006.6195678710938,1010.2510252247404,995.2807662467447,1002.9494398635852,2265074
2015-09-04,984.154296875,1010.2121824241442,980.947745666913,1008.8600302307408,2426396
2015-09-07,981.179443359375,988.9832732035356,978.4558040307654,986.298304516777,1759184
2015-09-08,981.3916625976562,990.5863124580592,974.9013159715712,983.2073901912617,1787746
2015-09-09,985.0426635742188,994.411144637725,982.8212711570987,990.142189041968,2045076
2015-09-10,983.3622436523438,996.149777063652,976.2538245646107,982.0487621856907,2665818
2015-09-11,985.912109375,992.2478704695418,981.507994262776,983.7872987944505,1592672
2015-09-14,985.7764892578125,990.9340198370425,982.4347806805454,990.9340198370425,1589318
2015-09-15,980.2138061523438,988.5777959756539,979.7308946309365,985.7769091514922,1379900
2015-09-16,985.2743530273438,990.9340360124041,981.6814739160899,987.0707454236618,1756816
2015-09-18,985.6220092773438,999.0469440435908,980.8894783165804,990.9340338251393,2455294
2015-09-21,985.544677734375,987.8819871985036,978.6486669131692,985.1390133945494,1108840
2015-09-22,976.1763305664062,993.7928798853335,961.9594016699689,988.0366143658416,2081246
2015-09-23,978.4364013671875,988.1332999405037,970.6905780189236,979.0739010020192,1228352
2015-09-24,996.8840942382812,1000.5928932689886,977.3744644660482,979.5379462870736,2354254
2015-09-28,1002.0217895507812,1011.795934856612,996.5359350754603,1002.1377071470223,2366812
2015-09-29,999.9161376953125,1017.5906912738155,992.8077210873598,998.0231631269181,3325952
2015-09-30,999.8391723632812,1021.338351765421,993.2329061916907,1021.338351765421,3368336
2015-10-01,1021.6859741210938,1023.7527782119506,1001.4422727189715,1004.0693294589266,2834408
2015-10-05,1047.589111328125,1070.1314487061127,1024.8150331155932,1024.8150331155932,4807306
2015-10-06,1043.0885009765625,1053.1330569118923,1036.9072357855903,1052.7467278374565,3979590
2015-10-07,1025.2978515625,1049.6559143721784,1022.5935485074374,1040.7510118771438,2065530
2015-10-08,1017.5135498046875,1034.7245291830372,1012.1821896367692,1031.4986436374709,2357550
2015-10-09,1015.9102783203125,1024.0039484061354,1007.5462910473133,1023.9652777687515,2249724
2015-10-12,1001.59716796875,1027.770972479221,999.4336866212336,1025.7040734361713,2455912
2015-10-13,1003.8956298828125,1009.0917380777158,991.938761574448,1005.5375287675101,6179712
2015-10-14,959.5254516601562,984.3664286728853,958.0960530254142,984.3664286728853,8337128
2015-10-15,953.3636474609375,967.1749129443651,952.3012424237508,961.9594700345393,3215710
2015-10-16,955.0054321289062,962.7320132949976,954.232774012297,958.4437230203698,2333828
2015-10-19,961.4768676757812,963.8720900293632,948.7666737823376,961.95977921153,3130642
2015-10-20,976.1575317382812,977.4131019285056,964.123412104062,964.3744884146372,2695084
2015-10-21,977.4129638671875,982.048914683949,974.4189122980292,979.3446100408381,1929688
2015-10-23,982.3101806640625,986.5110208978571,978.4966056847086,986.5110208978571,2335398
2015-10-26,982.0780639648438,986.8983212859955,973.7732696128664,986.8983212859955,1414630
2015-10-27,979.9680786132812,985.3109601916788,975.8059923904377,979.5615303564578,1530420
2015-10-28,979.1937255859375,980.916616771898,971.8181028093252,971.8181028093252,1255342
2015-10-29,966.1264038085938,981.6325140783765,964.0743802792558,980.9163050276698,3130316
2015-10-30,966.0685424804688,972.5342758099886,962.1194193020408,967.9269811891758,1516696
2015-11-02,974.64453125,976.7545933785028,963.1068215574321,967.927079508559,1319294
2015-11-03,984.7493286132812,986.4335590202608,975.0894382528996,978.7675600172048,1364906
2015-11-04,981.0132446289062,986.2012947601834,975.6702694864211,985.3495380329134,991434
2015-11-05,961.209716796875,981.4587720805403,960.1837518072199,979.8520507893888,1596098
2015-11-06,970.1533203125,974.9929557525504,961.5193917826242,964.8297213284445,908024
2015-11-09,956.8346557617188,968.9917818518372,955.7699359934269,965.9912079593782,2021556
2015-11-10,951.723876953125,959.0220844404902,948.5684727005253,957.454023774671,1361920
2015-11-13,928.2032470703125,943.9417969567096,924.0025005642352,943.9417969567096,2743232
2015-11-16,919.3758544921875,925.3382472295397,912.1744395283663,925.3382472295397,2043528
2015-11-17,925.551025390625,928.6096364070845,919.5305015179704,921.6599405741173,1985028
2015-11-18,910.4130249023438,924.9125566962653,908.3029623303191,924.9125566962653,1520352
2015-11-19,914.7100830078125,922.0857031575403,910.6254135447899,915.7941797858979,1866906
2015-11-20,928.57080078125,938.3274826193951,914.4777318825177,916.2393773103702,2012126
2015-11-23,925.744873046875,934.3980847667966,922.3377506868928,931.2620576191442,1088082
2015-11-24,916.80126953125,926.2869561237388,915.8527197768293,921.4860750049519,998640
2015-11-26,908.1284790039062,922.3956661148276,905.1472827810362,920.6533975337076,2915292
2015-11-27,911.1484985351562,913.5101838524328,903.0759490268091,909.0770968124107,1737206
2015-11-30,918.96923828125,925.8221422906109,909.9093851717557,915.6589091551677,4100048
2015-12-01,914.4585571289062,920.7114214593831,912.5808357048171,914.8457278791236,1721994
2015-12-02,915.736328125,920.7308880005925,908.4962533001358,920.6921331121767,1640296
2015-12-03,910.1419067382812,918.7564584451521,908.6900160011681,913.7232372231601,2283358
2015-12-04,901.4884033203125,908.8059877522517,898.6621322550799,905.9796221629032,1246092
2015-12-07,898.15869140625,907.4894494203343,896.3970456543381,902.9595707183502,1382604
2015-12-08,901.7207641601562,909.4641799107802,897.1908848508649,898.0038867902095,1139964
2015-12-09,916.6848754882812,918.6788617546217,898.2362253082989,905.1665445818494,5282806
2015-12-10,923.2279052734375,925.8025526011841,910.6254801698393,917.2073820248083,1723988
2015-12-11,923.7893676757812,926.0930146291628,914.9812335120663,922.6278554783684,1652378
2015-12-14,920.8660278320312,924.1763558455538,902.3399686574129,904.1208969605104,2718532
2015-12-15,919.8598022460938,923.402377330606,914.9039969975241,920.8663896326931,1135868
2015-12-16,932.4620971679688,934.8238768076128,923.0151676576305,923.0151676576305,1435934
2015-12-17,944.599609375,946.6322553220105,926.6349287196279,935.0171356248079,1618844
2015-12-18,935.7144165039062,942.4511506729996,929.4615513149109,936.953344169885,3024970
2015-12-21,947.1747436523438,948.5685965426317,931.8622119274634,936.9340934230676,1610104
2015-12-22,931.1652221679688,944.6968237508862,929.2099905746422,944.6968237508862,1560858
2015-12-23,939.1988525390625,942.7608046415099,933.2944984237512,935.0173894083148,849834
2015-12-24,942.47021484375,943.9995201039244,930.7583019346308,937.3402034042185,843160
2015-12-28,953.4854125976562,954.9179255061117,937.0306552829791,940.050606118495,3704198
2015-12-29,950.8140869140625,954.4922095812536,946.923001398157,951.8013913769227,1708524
2015-12-30,936.295166015625,952.0529986955543,933.9721412119758,949.7493513367598,1605762
2015-12-31,943.4773559570312,947.9878587044142,932.1138533105482,935.3080129324846,1240318
2016-01-01,935.5593872070312,944.3094841978448,933.9526663617265,944.3094841978448,712262
2016-01-04,917.4401245117188,934.6304732017142,916.0656490286534,933.1398275536886,1870184
2016-01-05,909.444580078125,924.0216133785918,906.3665919747427,923.4021024603851,2678020
2016-01-06,922.0858764648438,923.8474277207182,909.9286584580663,909.9286584580663,2653228
2016-01-07,918.0785522460938,922.5890532382111,913.7228817293753,917.5945888553473,3199580
2016-01-08,928.2808227539062,932.0557383583467,918.5627970805158,923.402432470824,1907544
2016-01-11,914.6328735351562,923.0150825955599,909.4060683275053,922.4343264613765,2930228
2016-01-12,900.9658813476562,915.658995155796,891.1124028204667,914.7684833592758,3482594
2016-01-13,882.439697265625,900.9464810146703,873.1089373954611,897.0747728882644,4746092
2016-01-14,882.2850341796875,890.0671122760784,871.1344937547976,880.0394241354022,2742052
2016-01-15,875.4317016601562,887.2790682855889,873.0699225964875,886.1756885125078,3269408
2016-01-18,881.8392333984375,887.3564154126692,875.0057089237789,875.7800502591097,2213922
2016-01-19,882.4784545898438,890.4928715287779,878.219575639054,881.5879428134901,967910
2016-01-20,882.7879028320312,884.685001349139,868.4238328341877,880.3487086499703,1615954
2016-01-21,874.9874267578125,888.7263797226542,871.5914897499922,886.8246928993576,2675536
2016-01-22,890.9964599609375,893.4415525030003,877.1216375963057,882.1670275470809,1343178
2016-01-25,894.45068359375,907.7821958112453,889.3471148787809,893.3833894345021,1397560
2016-01-27,900.3112182617188,904.2698907332182,885.6213303288711,893.4223189733707,1626986
2016-01-28,904.7550048828125,911.6244797216762,895.7703658785404,898.6617440314518,3106660
2016-01-29,928.0803833007812,931.4568955967806,906.2493623102317,915.4280559011803,2235744
2016-02-01,932.5048217773438,936.4829191750466,915.5445620664578,928.0028366959542,1495274
2016-02-02,930.7192993164062,944.2641937465145,923.5780747028074,934.949627100433,1475588
2016-02-03,937.7828369140625,943.0610345525072,916.0488478373925,926.6053378669548,1308692
2016-02-04,939.2380981445312,946.9808116499075,932.2327498291303,939.9560390394738,1250046
2016-02-05,939.9757690429688,946.9616953353708,934.6005437195953,934.6005437195953,1402996
2016-02-08,917.0775146484375,936.1336082848084,910.8872262878174,931.4568994847727,1063658
2016-02-09,885.4273071289062,905.6865691371439,875.4142219326473,905.6865691371439,2489610
2016-02-10,880.5370483398438,888.7260479586723,876.3843230139034,882.9432924280145,1890732
2016-02-11,853.039794921875,888.3769575986502,842.8325614738079,884.8839944626135,1962408
2016-02-12,864.1590576171875,870.6791792152168,839.8635222606986,853.8353738325033,2172568
2016-02-15,880.6727294921875,895.3044353455359,869.3594513191653,873.2405202982687,2479712
2016-02-16,879.2757568359375,885.6600974838284,870.5239257915106,879.4503860203134,1588702
2016-02-17,883.15673828125,884.7479198332247,871.8433644871561,879.0621912434676,1585178
2016-02-18,898.79736328125,900.310942224535,884.1074798523507,886.8242280345133,1529140
2016-02-19,900.2723999023438,903.1250243651227,894.7612992370738,895.4987594175631,879012
2016-02-22,898.81689453125,909.3346313264515,894.5865664564535,900.5051977529658,1324884
2016-02-23,878.6742553710938,900.3693989520175,875.8604795974893,896.6242042716738,1306852
2016-02-24,858.0850830078125,878.072591884474,854.3010400651435,878.072591884474,1659328
2016-02-25,858.8226318359375,864.7024151148399,848.2660454004284,861.5199565950265,1830556
2016-02-26,857.910400390625,875.918524705401,853.6800725987474,865.3620347707849,1537536
2016-02-29,844.8314208984375,868.1954456805628,820.8463869532366,868.1954456805628,2191718
2016-03-01,883.5836791992188,886.863258837917,839.0872538030992,851.1185696531899,1999760
2016-03-02,899.9620361328125,904.2893916725714,875.6664978374417,894.5867157962563,1527486
2016-03-03,921.0362548828125,927.9640039804856,893.0343676951474,906.6181151394455,2648284
2016-03-04,914.9813842773438,923.6943646912322,911.8765292699783,923.6943646912322,1512966
2016-03-08,913.7205200195312,918.6494609991504,894.2763173545887,908.9856325804697,1268152
2016-03-09,914.864990234375,919.5804511693897,890.7635138377947,908.5582531079316,2017784
2016-03-10,911.3919067382812,915.8745626193464,898.4484972672446,914.3997367133078,1661666
2016-03-11,917.969970703125,927.9055466022921,906.2297353733419,908.1702701385954,1530528
2016-03-14,913.9920043945312,930.6806057486564,908.1703992709992,916.7087534521795,1636742
2016-03-15,904.2504272460938,917.2908598546411,900.4470545918927,911.6827328669928,1623356
2016-03-16,903.1444702148438,905.0655810353711,895.324056820406,898.4677616195901,1918246
2016-03-17,912.8471069335938,916.6311502608337,905.0655424742191,905.8417564900633,2221088
2016-03-18,941.4893188476562,943.0999248511666,915.9324373040137,915.9324373040137,3204070
2016-03-21,949.4066772460938,952.783188941257,939.2188692633815,941.5475110880014,2336982
2016-03-22,959.82763671875,964.4460729699191,945.6228799964618,947.7574688903591,1951984
2016-03-23,960.0993041992188,965.5715571228433,953.6955374409507,965.5715571228433,2278434
2016-03-28,959.9437866210938,976.9234673532216,955.3447756629728,966.7745075138342,3320882
2016-03-29,958.3912353515625,965.202531067944,952.8025333421917,961.728992921365,1838796
2016-03-30,966.1923217773438,972.2079799366323,954.7431659257946,958.9734940851255,2136504
2016-03-31,978.1459350585938,989.672692169802,959.4585291371969,961.8454436581499,4363964
2016-04-01,952.3756713867188,978.3595092561096,944.6912290569508,972.2079757797446,3041400
2016-04-04,959.1094970703125,965.6102898172736,949.6979016008314,953.1908648678553,1752352
2016-04-05,955.8104858398438,964.4070177332494,947.7766901291744,958.934766047516,1491794
2016-04-06,963.2428588867188,965.9984568696683,954.4911206260368,958.6244228477624,1763150
2016-04-07,958.9348754882812,964.3295253425359,953.5789794856862,962.5054412391135,2390942
2016-04-08,943.8958129882812,960.0604344575555,941.9358533457771,957.0720289866857,1399500
2016-04-11,972.8485717773438,976.8655179465013,936.5023817262247,944.2645233070472,2400648
2016-04-12,977.3115844726562,979.9701552702053,965.6490451596072,969.4912664811774,1303628
2016-04-13,980.43603515625,987.7324668283511,975.1189873894822,981.9108609334886,1601468
2016-04-18,977.9326782226562,991.031290342912,946.9811429162739,952.0265342514836,7121504
2016-04-20,950.9981079101562,983.8124818067249,946.9811622103585,983.8124818067249,6405024
2016-04-21,940.926513671875,957.6151136214035,936.1916275204517,951.2501971231203,2525724
2016-04-22,938.0740966796875,945.1958036833221,933.0868835448264,938.830886422214,1964126
2016-04-25,951.3470458984375,953.5980848861798,932.3492319487236,932.3492319487236,2267654
2016-04-26,966.3088989257812,967.7448759813109,947.7573640049574,950.4741132056267,2554368
2016-04-27,974.57568359375,975.9340583139619,960.9142391768858,962.5055160359287,1848670
2016-04-28,981.03759765625,985.7919090285333,969.5302615011497,970.7721851131657,4992744
2016-04-29,984.045166015625,986.5678611759885,974.1484388480452,976.8651874822827,2372178
2016-05-02,980.6298828125,981.9106547910244,970.2674454456762,981.5225478128461,1116692
2016-05-03,961.7679443359375,981.9106586821392,959.4004538585962,979.9701237835579,2153118
2016-05-04,961.728759765625,967.9578935645154,953.5785160387977,960.137483803614,1364892
2016-05-05,958.7406616210938,966.3669256382011,956.1209395881316,961.7290663229742,1246566
2016-05-06,959.9437866210938,964.1742096436792,943.4880882240591,956.6837258215984,885598
2016-05-09,975.1382446289062,977.2534087911224,953.3459801110444,959.9437989948606,1821276
2016-05-10,979.155029296875,983.4436302334334,968.7149897840077,976.0890221581649,1158534
2016-05-11,977.3699340820312,980.2031342978912,966.386486390588,970.2675566170561,1598716
2016-05-12,995.9599609375,997.3959375935391,978.2429179088305,978.2429179088305,1513082
2016-05-13,979.34912109375,995.8825164384222,974.2067035790153,995.494409456178,1621730
2016-05-16,990.1192016601562,995.4169194176417,978.9999732642966,985.0156321683984,1111526
2016-05-17,997.5125732421875,1005.6822443854162,990.4490449287341,995.183931287026,1756698
2016-05-18,990.099853515625,995.8244320426583,980.3777537445999,995.8244320426583,1500740
2016-05-19,992.3700561523438,993.5538013114723,980.3970134842377,991.6132665432858,1038792
2016-05-20,981.6390380859375,995.8049433555544,979.1163426269646,986.6844290038832,1230918
2016-05-23,966.94873046875,988.0811281454384,962.5825286862672,987.3437630787873,1533016
2016-05-24,957.7316284179688,965.7072462473902,954.5880185581952,964.0577914914167,1339158
2016-05-25,980.5327758789062,983.0554710307563,962.8933341138129,962.8933341138129,1548678
2016-05-26,989.1681518554688,995.4554654144714,972.2467459036264,981.9105709338832,1943248
2016-05-27,998.4631958007812,1001.2576413316555,989.9055143086329,990.8951111187662,1104676
2016-05-30,1023.2051391601562,1025.3591517128343,1002.0921586906713,1002.4802656460124,1349464
2016-05-31,997.20166015625,1027.3187883387927,994.3297074892282,1024.6020405041227,3722608
2016-06-01,1022.0992431640625,1026.5430495129285,997.8231305473495,997.9007329994214,1911942
2016-06-02,1028.541748046875,1030.1524489796466,1009.0782195214119,1009.0782195214119,1408756
2016-06-03,1020.547119140625,1031.5887480006986,1017.0347306756323,1029.0272030504002,1554922
2016-06-06,1024.4486083984375,1034.840144521905,1020.8017482721178,1027.5856759074088,1322026
2016-06-07,1031.76220703125,1034.840493857861,1024.6450210119706,1025.0371545829664,1202194
2016-06-08,1024.6837158203125,1030.7421570527163,1021.7034640060064,1026.3110309613203,938266
2016-06-09,1010.625732421875,1028.3305158635003,1001.9791724269728,1028.3305158635003,1562138
2016-06-10,1002.1948852539062,1020.8212207912477,1001.1949259884481,1006.2142523961746,1396832
2016-06-13,998.7638549804688,1001.2539405771153,987.3919854106088,996.0189209463646,1029978
2016-06-14,993.9989013671875,1003.4492542459595,987.4894518150593,1003.4492542459595,977570
2016-06-15,1002.6261596679688,1005.7827564380741,988.9602745974403,992.0973412892641,1270844
2016-06-16,1003.195068359375,1005.7046842553574,986.7842444615528,998.1953666522038,1145070
2016-06-17,1020.566162109375,1023.467910227246,1003.4691119814263,1003.4691119814263,1878988
2016-06-20,1042.8006591796875,1046.2122015593675,1016.331647333639,1020.5667083761507,1872838
2016-06-21,1039.6239013671875,1045.0353606558056,1035.7809754529121,1044.447160640427,1027690
2016-06-22,1046.07470703125,1050.0156671528514,1031.9971551779522,1039.1535902808296,1761712
2016-06-23,1037.329833984375,1042.8784817275007,1029.4675423955662,1041.1138819276232,1397014
2016-06-24,1009.331298828125,1016.8798634354498,985.8817127449937,1005.880507289075,3766586
2016-06-27,978.7059326171875,998.7635125670523,973.5296964817798,998.7635125670523,4272566
2016-06-28,966.19677734375,981.4703494721381,964.0204184898355,978.7058864331361,4499524
2016-06-29,981.4703369140625,985.2348546529719,966.7261831972705,970.5298568223305,2531264
2016-06-30,1001.15576171875,1004.9985922194481,980.4707261108063,988.9603754167583,5121812
2016-07-01,980.6669921875,1005.6655000191142,978.1181247223158,1004.6459147387578,2197296
2016-07-04,978.05859375,990.469666786845,973.2745879282629,986.6071165300199,1883484
2016-07-05,974.5693359375,979.1769042279626,971.3733907031143,978.0592855398214,1559748
2016-07-07,952.8056640625,977.1375583709663,950.9234047739549,975.5101474739631,3316800
2016-07-08,951.5511474609375,957.609590621808,942.4928257158363,954.8450304214942,2456356
2016-07-11,966.275634765625,969.2755131996474,951.7079149063158,952.8843152955695,1543632
2016-07-12,966.5890502929688,970.5300094785932,955.1780276229304,969.2359503188195,1465536
2016-07-13,977.6275634765625,980.0391449648434,961.2167466620276,971.7063123828676,2102300
2016-07-14,988.9207153320312,991.7048994491805,968.9611730086696,974.8431712260431,2699988
2016-07-15,958.9035034179688,991.2348849698897,951.5313759246513,986.9998248579245,8336366
2016-07-18,954.2367553710938,968.1771132694337,953.119232912609,959.5501807089122,2598850
2016-07-19,967.0796508789062,969.667770359705,951.9041030687849,951.9041030687849,2362896
2016-07-20,978.3532104492188,981.3138367762418,960.00134812081,960.7268332075096,2815252
2016-07-21,982.7063598632812,987.980537273518,966.3935649305356,976.2165300823272,2527148
2016-07-22,986.2545166015625,989.7444647320627,977.1961989351427,979.9018804533354,1517216
2016-07-25,1006.0497436523438,1007.720628777926,985.1538892400332,987.5913965794266,1688796
2016-07-26,1003.5537719726562,1009.6082378089897,995.8480009229637,1006.0502145031296,2311290
2016-07-27,1013.3621826171875,1014.4826007367293,1000.5651513666163,1004.4966450851492,1750510
2016-07-28,1029.756591796875,1033.8060499152643,1013.1657058971921,1014.5220521644883,4632080
2016-07-29,1029.7762451171875,1035.9093181818353,1021.7952930810607,1027.6925340953799,2488084
2016-08-01,1064.747314453125,1071.332569698058,1034.7696599799226,1034.7696599799226,3961704
2016-08-02,1061.188720703125,1067.675685066028,1057.4931551565387,1062.6433541210906,2578162
2016-08-03,1044.322998046875,1061.110461889275,1041.4726642755904,1055.9995185752475,2294702
2016-08-04,1042.63232421875,1054.8002802989872,1036.440220483288,1049.7090142021352,1415416
2016-08-05,1041.49169921875,1055.3305333914745,1034.768808762262,1051.241723669366,1868484
2016-08-08,1041.649169921875,1048.9224326671306,1033.6092851650806,1037.914251214852,2058244
2016-08-09,1041.924560546875,1045.6988333247732,1013.8734073738931,1044.9911451809494,2261914
2016-08-10,1051.83203125,1054.4268560902567,1041.0597743948545,1042.239222779743,2062078
2016-08-11,1065.3953857421875,1067.4004858217527,1047.9592696505847,1047.9592696505847,2233138
2016-08-12,1076.6197509765625,1079.1162875864147,1062.3091539250702,1063.46892523829,2327358
2016-08-16,1058.2401123046875,1077.2292455748886,1051.222453824301,1076.442946855491,3183754
2016-08-17,1031.840576171875,1061.1105382926037,1029.2654276584053,1061.1105382926037,1848566
2016-08-18,1037.34423828125,1044.814075943074,1034.0221454652371,1035.9485388897951,1292064
2016-08-19,1023.5645141601562,1040.4502625390471,1022.1884911912449,1037.9144679788026,2416244
2016-08-22,1002.019775390625,1020.0063589831908,997.1447616191384,1017.4705647554116,2265274
2016-08-23,1022.6015014648438,1024.1347460842935,998.678316574342,1000.5457766542227,1503374
2016-08-24,1011.19970703125,1022.9745097277989,1010.020259095361,1018.1781073185938,1116878
2016-08-25,1002.944091796875,1018.1392821938634,993.0956772262034,1014.325751086146,1939690
2016-08-26,992.6827392578125,1011.3966925020799,989.6358308524884,1006.3840367384822,1250314
2016-08-29,983.0896606445312,996.6139603629756,969.8011929540796,996.6139603629756,1488728
2016-08-30,1000.2310791015625,1002.4524309605634,983.3650070296651,986.805064525521,1444026
2016-08-31,987.3164672851562,1002.5313354140975,983.20807375443,1002.5313354140975,3231668
2016-09-01,985.8223266601562,996.614260750272,977.7824389455623,992.663089257235,1345736
2016-09-02,988.6918334960938,990.5002626029311,981.3202844591474,987.5909963098342,1742330
2016-09-06,976.6031494140625,990.7957904413147,975.0108745552312,990.6975030547668,2239066
2016-09-07,959.5007934570312,982.7555422211411,952.6010022464878,982.7555422211411,3854040
2016-09-08,912.9321899414062,927.8325126622776,898.2480225869232,927.8325126622776,7021516
2016-09-09,924.8645629882812,930.447266938471,912.1265570183399,915.9204114676497,2742438
2016-09-12,927.4589233398438,929.3853166160111,913.6790204652565,918.7899616296492,2024454
2016-09-14,915.4287719726562,934.7521240661049,908.1751841788861,928.6189545586706,2069858
2016-09-15,914.8391723632812,920.7954446346157,910.829066824258,919.9501156539752,2818964
2016-09-16,928.5013427734375,934.1234009574382,912.1070245038959,918.672603285249,4358004
2016-09-19,948.06005859375,954.1735506842508,923.9010482521588,929.7982889856833,2802546
2016-09-20,946.1137084960938,950.2024224684363,937.818220591176,947.8828801928452,1184552
2016-09-21,948.8267822265625,952.9942045177044,943.8338037346257,946.5858497047676,1678020
2016-09-22,934.9089965820312,954.5664607658417,932.1963049181501,953.4853002357322,2857574
2016-09-23,942.8116455078125,945.0722546320806,932.2161920427264,936.4819015663644,1800726
2016-09-26,943.9909057617188,951.0675937849699,941.5926564270162,943.9909057617188,1753476
2016-09-27,957.7510375976562,962.4294758227531,943.9908122488832,943.9908122488832,2038792
2016-09-28,952.6207275390625,958.301717498355,949.5344661784413,955.7462462516927,1731328
2016-09-29,958.4196166992188,965.7714912071621,951.2643168892619,957.3187791937471,3603958
2016-09-30,955.6672973632812,963.1371337484895,952.6400670775971,958.1244803847314,2175364
2016-10-03,948.158447265625,966.2236441131374,943.9911209588286,963.2160894111278,1818880
2016-10-04,945.5831909179688,953.4069211536989,942.7722112503951,951.4214975921419,1780718
2016-10-05,938.1922607421875,949.6131758713851,934.1624787407735,946.7039082345983,1176354
2016-10-06,939.1355590820312,944.5020095975782,932.8451691520207,941.5927426484416,2267572
2016-10-07,930.899169921875,938.8407686171141,927.1248972826819,938.8407686171141,1816512
2016-10-10,935.8134765625,938.4082048474072,925.8864548431851,931.7246654720268,1202142
2016-10-13,915.6054077148438,931.7245297426,912.4602131728425,929.1298018356812,5173334
2016-10-14,930.2698974609375,938.4474224756511,900.7050879311759,910.1406715672947,7741214
2016-10-17,928.7957153320312,934.0442978453829,921.6993499657383,931.331509586452,2728346
2016-10-18,943.6372680664062,949.7310843952868,925.7883218578951,934.1230708012913,2128632
2016-10-19,941.6322631835938,947.4901514526015,931.882137864012,943.9518064886706,1985058
2016-10-20,944.0105590820312,947.2344606610118,938.0543845976302,942.339674281302,1265854
2016-10-21,954.8226928710938,956.1004290111757,942.870983985072,943.5589957528084,1259660
2016-10-24,957.01025390625,959.8485070832057,947.0960491396802,957.2073561580016,1253190
2016-10-25,945.4796142578125,951.8460736708151,938.6007660689057,948.0616725727502,1772466
2016-10-26,944.6124877929688,947.1748169200024,935.2501313672691,945.538906820043,1437130
2016-10-27,953.2256469726562,957.7195383949256,932.4904581490828,938.0881410803685,2941602
2016-10-28,945.578125,952.043135246423,941.3601569453667,950.0326542036574,1752102
2016-11-01,926.38037109375,945.9723111830874,920.1321926475078,945.9723111830874,2934776
2016-11-02,908.2669067382812,924.0153574256608,904.6993367286226,922.8327439135973,2325076
2016-11-03,914.3375244140625,920.4674230750974,900.5600976509892,904.3050400575046,1463310
2016-11-04,918.7132568359375,920.9207441472403,904.3050640518848,914.5543803837718,1183752
2016-11-07,897.6231689453125,924.3698803566468,890.9216939909418,921.6104494930825,2048052
2016-11-08,900.0474243164062,909.4295078414885,890.9019019166728,898.9633622676138,1933634
2016-11-09,855.3648071289062,896.8153783158444,844.7212839576853,859.3659449356223,4500226
2016-11-10,849.6879272460938,874.1483316018636,843.9128707897603,869.1419545428694,2172426
2016-11-11,828.2827758789062,846.3768208115969,822.389437644408,846.3768208115969,2398424
2016-11-15,836.2258911132812,850.5158019486684,808.8680454519149,834.4913338464023,6290324
2016-11-16,863.1503295898438,870.758400485925,842.8093361150378,845.6082269438573,4019958
2016-11-17,842.4935913085938,870.6398421067921,839.7144311495964,861.336580136032,2504688
2016-11-18,837.7237548828125,847.539405312939,829.4848257096402,844.3857703164258,2140534
2016-11-21,840.798583984375,843.5974739130426,829.8003189658666,838.1574335713216,1793366
2016-11-22,841.6265869140625,858.3605482814881,836.5216580121942,840.4439734429889,1318860
2016-11-23,850.042724609375,852.6444159908173,838.5516082237413,847.145283676822,1275808
2016-11-24,862.6968994140625,870.2459740394835,842.4150952415641,849.4713179545847,3026234
2016-11-25,906.8082885742188,909.5282609132294,864.17501751584,871.9802852487,4276148
2016-11-28,899.8111572265625,914.3375341287497,887.7090030649174,904.3050496655982,1924296
2016-11-29,890.843017578125,903.5166528995351,887.9653056744642,896.8151768527235,1442296
2016-11-30,897.2291259765625,904.6007305044966,883.9247247762023,892.873147224179,3445832
2016-12-01,892.2620239257812,902.7281710965841,888.556540671956,897.6035133567344,1123052
2016-12-02,875.8634643554688,895.1597588528587,869.2999005051379,890.1139210970412,1998032
2016-12-05,861.7308349609375,882.1703719902725,855.4235644397229,878.6816244867016,2249526
2016-12-06,860.2919921875,868.8067492981357,855.3840705208448,863.3076172856051,1593444
2016-12-07,849.3333129882812,861.1199888788951,845.8248352419571,860.2330287661499,2065706
2016-12-08,865.57421875,866.8553829130138,851.4814129568484,851.6785151357736,3239546
2016-12-09,865.37744140625,875.0945439782342,856.7246717517189,869.2209353380167,1588718
2016-12-12,870.4822387695312,874.1878183082581,852.6642170512141,865.199937687471,1311758
2016-12-13,867.3682250976562,874.3456258573577,860.5484676495095,874.3456258573577,2147534
2016-12-14,870.2459106445312,876.9867499887548,862.9136682967775,872.7687810000299,1870366
2016-12-15,890.6259765625,895.6718118837135,868.0380463001615,868.0380463001615,4295410
2016-12-16,899.8306884765625,902.7281294847533,887.7483613972333,897.603471981128,1987230
2016-12-19,902.294677734375,905.763696721745,891.4146908429007,898.7862960402264,1334210
2016-12-20,922.1624755859375,924.4094216696639,901.5652933760272,903.5165861265968,2922760
2016-12-21,912.031494140625,923.9364498061099,908.8778584018833,923.9364498061099,2034902
2016-12-22,909.7056274414062,916.5253839552306,901.2302314177342,909.0354990971018,1868300
2016-12-23,901.9794311523438,913.6675570683088,898.3133097443365,906.6704266021402,1118954
2016-12-26,903.9503784179688,907.3011166715696,893.267397959955,893.267397959955,897408
2016-12-27,915.8945922851562,918.4963801847836,899.3774641165595,899.3774641165595,1294692
2016-12-28,911.95263671875,926.3411007307486,907.912040660586,917.1955757302925,1350418
2016-12-29,927.05078125,930.2832391731762,907.8530397361533,907.8530397361533,1963516
2016-12-30,932.51025390625,937.654640664092,924.6655284648631,928.3119192283584,1405748
2017-01-02,930.8550415039062,936.275354583861,927.3268334515067,932.9246155889799,823132
2017-01-03,933.5745239257812,934.9345097899638,923.7391438826039,930.8150932628528,1475324
2017-01-04,938.0096435546875,941.695494266913,929.6525270839553,934.146420058958,1420066
2017-01-05,920.230712890625,942.1287865595327,914.7118512904622,939.7832896277253,2216404
2017-01-06,899.3380737304688,918.2402557823929,889.7589817364558,914.9486098355694,3009896
2017-01-09,908.1288452148438,911.1248377721989,889.719515168311,896.815195838683,1854578
2017-01-10,912.721435546875,918.4176713733821,903.319619643189,908.2471759362459,1533914
2017-01-11,916.2889404296875,918.3388809102879,898.865120033944,912.5834564679939,1931296
2017-01-12,924.1531982421875,930.3224591037003,908.2470109215786,916.2887428342535,2570374
2017-01-13,886.6838989257812,929.5141647581469,882.170278187242,925.5918505680967,10235580
2017-01-16,890.330322265625,896.3813017577055,878.2873592006763,886.9598555662126,3364808
2017-01-17,898.293212890625,901.8607817062623,888.0636286832577,888.8914001198568,3009956
2017-01-18,904.7385864257812,905.8817407265179,893.0503678400275,897.9976524695422,3136574
2017-01-19,903.1224975585938,904.7584077154299,899.9491321272865,904.6993155377444,2251676
2017-01-20,900.8953857421875,906.6704437679111,892.8732848410082,901.5457847379186,2037246
2017-01-23,911.9052124023438,914.5934683967167,893.3643244178884,895.420015525638,2318546
2017-01-24,916.5105590820312,918.3487993896774,905.3029490324413,910.8375522142991,2282638
2017-01-25,930.2086181640625,932.9759196205641,916.3918966236921,918.1906618735813,4111648
2017-01-27,932.1062622070312,940.388381248441,927.0658200164195,927.0658200164195,2871658
2017-01-30,922.2623901367188,929.793422028313,916.4312911509244,925.4645915759185,2577956
2017-01-31,881.50439453125,921.9267742814839,869.7433598361943,917.1630417656958,4666804
2017-02-01,857.0335083007812,885.5169756664343,852.1512541551659,877.6301831882499,4864152
2017-02-02,872.7477416992188,877.2347629823676,851.1430575489127,857.883434089056,6009482
2017-02-03,882.5914306640625,886.7225977839198,866.1654978798789,873.5581279652812,2153372
2017-02-06,885.8331909179688,892.8502785621923,875.6336864755913,892.6526141215099,2408910
2017-02-07,887.3551635742188,890.5177943323686,880.0020084551878,887.117927661025,1814638
2017-02-08,897.7721557617188,902.377795405525,887.1378468442255,887.4738185033149,2212584
2017-02-09,916.0955810546875,920.3255805280024,897.4755532546816,899.373151074401,4033202
2017-02-10,947.9788208007812,958.4550355937313,913.6049957172686,913.6049957172686,5782160
2017-02-13,954.4226684570312,960.2537689477598,941.8117168495173,947.2079170024011,3819812
2017-02-14,951.260009765625,956.557377551339,947.998546875,956.557377551339,2033328
2017-02-15,954.2052612304688,959.858483297704,938.9456249656329,947.6032884944796,1924972
2017-02-16,967.6663818359375,979.6250818872243,962.8631739753977,972.5091611955495,4175680
2017-02-17,951.9124755859375,978.6763208997919,949.5800735453511,977.2530981699033,2723324
2017-02-20,989.192138671875,1010.0655277860469,951.9917401568655,958.672761205935,3973948
2017-02-21,974.6243286132812,998.5614208734526,970.5918958494233,993.8570446701025,5501112
2017-02-22,953.33544921875,976.4621851836254,948.8484285064143,974.8412984156545,4505496
2017-02-23,981.1271362304688,985.6536321536778,954.7191503664421,954.7191503664421,4853352
2017-02-27,984.3095703125,989.1127772069925,976.4820398228034,980.059785198601,2139892
2017-02-28,974.9798583984375,984.3689193764255,968.5557640450774,984.1712549347836,2354828
2017-03-01,980.2376098632812,989.0731512153523,976.4622002716163,980.3759170428925,1130374
2017-03-02,988.8953247070312,992.2754056509608,976.4820375215552,983.064224215656,1544942
2017-03-03,985.9700317382812,988.2036013476012,978.5970900726708,985.159588215273,1013970
2017-03-06,977.4505004882812,981.9967818859012,970.3543675229873,980.4154666171638,1400694
2017-03-07,988.2431030273438,990.2987937951286,978.4587137473319,981.5619873872489,1511672
2017-03-08,993.145263671875,996.2288484583678,985.2386855095069,989.1129281122367,1791510
2017-03-09,996.1300659179688,997.8102138612771,989.9234210540939,993.9161853157393,858468
2017-03-10,1005.0252685546875,1007.9111898975722,993.8374372345588,996.0711042570123,1171420
2017-03-14,1015.0068359375,1022.7750093374652,1008.5036955712718,1010.7768364891455,3402294
2017-03-15,987.6499633789062,1016.8449374391507,985.8907695166631,1016.7856767252968,3022496
2017-03-16,996.5843505859375,998.9958949140612,990.6939899701771,990.6939899701771,1571818
2017-03-17,998.5020751953125,1006.5074862703219,992.1768121237001,1006.5074862703219,2593152
2017-03-20,980.41552734375,998.5808683153602,974.8809235603579,998.5808683153602,3487540
2017-03-21,983.0643920898438,985.1596546392365,974.4857739509301,981.2063654954193,3373700
2017-03-22,980.0000610351562,986.7404346696928,976.4421027370684,980.474436171742,1888716
2017-03-23,972.6473999023438,982.4120034471503,967.4487674806626,981.2062311202457,2620638
2017-03-24,959.5421142578125,976.383160976247,958.0003704313452,976.383160976247,5099814
2017-03-27,953.5528564453125,964.6022771612703,951.1610978893509,959.4432169905018,2181270
2017-03-28,960.6292114257812,965.9463645555082,952.742421060828,952.742421060828,1153158
2017-03-29,966.4209594726562,968.8719790753928,958.9097112126301,963.0210927065214,1717764
2017-03-30,964.9978637695312,974.4857575550571,962.6258903231497,966.5396079033405,2986086
2017-03-31,961.360595703125,964.9383406483729,954.7190525560924,963.9697078751525,1867044
2017-04-03,953.4144897460938,962.6256704958929,952.0308388850113,962.6256704958929,1196888
2017-04-05,949.283447265625,956.65629207064,946.812641832867,956.65629207064,2905568
2017-04-06,948.80908203125,952.7425850189283,945.8441154803613,948.7892962844098,1720704
2017-04-07,960.2734985351562,961.9338602915716,945.6858070307735,946.772961295975,2277012
2017-04-10,957.5853881835938,968.1604358186072,950.7659649423235,961.4398447982248,2543264
2017-04-11,956.419189453125,965.8280362062038,951.1612959867714,955.6285316842249,1557784
2017-04-12,946.1207885742188,959.8584663776049,942.0686677832919,957.6841576605223,1050538
2017-04-13,920.5826416015625,952.3473586072771,917.5781997495875,948.7893983634143,2500472
2017-04-17,915.1271362304688,922.2627456117912,907.339079743458,921.2744233688552,2270882
2017-04-18,912.7351684570312,922.7764815435768,910.0666990110902,921.1161198581557,1730620
2017-04-19,908.9201049804688,928.5086648811242,890.5966743593049,894.8266729046422,5626812
2017-04-20,919.3375244140625,921.9071627321409,905.678889127873,911.3518984825912,1268842
2017-04-21,913.526123046875,923.3499891801322,909.6518801775418,920.7606618664512,1161154
2017-04-24,920.3648681640625,924.9308378486277,902.3378392103187,909.2560920848777,2000020
2017-04-25,913.8026123046875,926.8286782602017,910.3236992146813,920.325538155013,3148710
2017-04-26,913.3479614257812,926.6309516287954,910.4620417886489,925.0694221211147,2187438
2017-04-27,910.30419921875,920.2467805605295,900.4209751310132,911.6483756041983,5773186
2017-04-28,898.6416625976562,908.7621189286509,896.605757794532,906.8843070461447,2540510
2017-05-02,905.2635498046875,910.0470677855691,901.3498325591214,906.8844367941335,2382696
2017-05-03,924.0022583007812,927.0462715309976,896.8036106473638,907.2798265090148,3514406
2017-05-04,921.1559448242188,929.0229516381341,912.7354196189672,929.0031658891849,2708208
2017-05-05,917.3604125976562,922.10435784703,910.2444947235955,912.4188029628918,1682474
2017-05-08,926.0381469726562,927.9950056916717,916.2537568617353,917.5583615130267,1071782
2017-05-09,930.031005859375,933.3715156996465,922.1244280050789,926.6311387756905,1790270
2017-05-10,922.0848388671875,931.4541141420971,915.5816980096224,930.9995245305098,1206388
2017-05-11,928.805419921875,932.9761589185135,918.2501581050751,927.955501434281,2071302
2017-05-12,933.2330932617188,936.8898854459813,917.1827984489464,926.3741950202011,2314446
2017-05-15,934.9922485351562,940.0721660590816,925.702021088821,938.9455368101925,1817604
2017-05-16,960.3126220703125,962.6253334489805,938.2928339512496,940.8822561020836,3601026
2017-05-17,970.6705932617188,972.8053301436674,957.8816681654399,962.0326205037549,2876198
2017-05-18,1002.6331176757812,1016.7859113279154,965.491987535226,968.5557864515524,5138594
2017-05-19,991.1487426757812,1004.3527849080499,982.7875756406044,1002.6330657087797,1786044
2017-05-22,1000.7159423828125,1009.5712719573204,992.275630979099,992.275630979099,1663940
2017-05-23,996.9006958007812,1013.6823854067494,993.8566830992277,1001.446977366271,2748596
2017-05-24,1011.7057495117188,1015.9951059779181,1000.0435488788983,1002.0795502887015,2534548
2017-05-25,1037.5799560546875,1042.6994444597299,1015.2043084688684,1018.762267493876,4094094
2017-05-26,1019.2567138671875,1038.4697365883098,1013.8802023398406,1037.738339533159,1362550
2017-05-29,1017.12158203125,1026.471068077356,1013.6228840941039,1019.5528151632972,1749290
2017-05-30,1008.5234375,1018.3473012174504,998.2053162190867,1012.0418255528166,927634
2017-05-31,1006.744384765625,1016.9833623241926,999.3912303034242,1001.3678743507015,2502730
2017-06-01,1009.5116577148438,1013.6230386098975,1000.1818594707647,1000.1818594707647,1080064
2017-06-02,1013.97900390625,1024.633194416015,1009.0769644092851,1010.5594477066543,1355648
2017-06-05,1029.4163818359375,1035.7218567235875,1012.100961557374,1014.0183447922557,1500188
2017-06-06,1065.806396484375,1070.9258849091318,1039.714696867176,1040.1100256492546,5946720
2017-06-07,1033.8836669921875,1067.387783530793,1018.5844613980773,1066.2017971046475,4927776
2017-06-08,996.8614501953125,1029.8120579964389,994.4499051602396,1027.0645412865445,3330714
2017-06-09,991.08935546875,1007.0606012505081,982.7874502175159,996.2286301480854,3148034
2017-06-12,983.2619018554688,993.4218340534991,976.6203578355664,987.1361439100646,1626506
2017-06-13,980.0039672851562,991.8165611577047,978.1850911398232,985.3805679034182,1175414
2017-06-14,987.458984375,989.7775458025592,981.3828250990641,981.3828250990641,1489142
2017-06-15,963.8739013671875,987.2591968100544,961.3954793178602,986.9793922809966,2997198
2017-06-16,959.2770385742188,973.3881887139821,954.0003746882621,965.3732069018936,2450426
2017-06-19,972.0687255859375,977.925101581607,961.4553799237136,966.1524263336255,1644742
2017-06-20,977.3856811523438,978.9846761317342,951.5219568796867,971.7891987244776,1670958
2017-06-21,961.915771484375,976.246710603492,958.2780175551184,975.3872895297936,1657818
2017-06-22,957.3380126953125,971.7888861352678,953.4004497871715,962.9944165774826,5775882
2017-06-23,944.0863037109375,964.9731692691214,941.0082588318651,959.156807283704,1424756
2017-06-27,936.55126953125,953.2806938674314,932.054096710519,939.6493219188646,1974330
2017-06-28,939.4293823242188,942.6073647346897,933.413145316158,939.369361466729,1789726
2017-06-29,932.7140502929688,948.2243259574049,928.6566383032047,943.0075836884661,2471826
2017-06-30,944.3466186523438,950.2028995463709,928.6564782202045,929.1760735853313,1753848
2017-07-03,948.8436279296875,952.6212339225985,936.6512916214648,942.3676204048057,1475956
2017-07-04,946.1453247070312,951.5818489014663,939.4295264951713,948.7236845076376,1215134
2017-07-05,941.807861328125,945.4055993382918,937.4106259823654,943.7266744525252,815856
2017-07-06,938.4303588867188,944.1666958782823,935.4522497062984,943.0074633419877,1026788
2017-07-07,932.1939697265625,941.9878129635598,929.6156101076388,939.4094533446361,1232090
2017-07-10,973.3681640625,977.3456444620533,950.9822348727577,961.7954576878554,783608
2017-07-11,989.6978149414062,1005.288013673725,969.7903108873129,969.7903108873129,3537504
2017-07-12,975.1670532226562,992.6960746704746,971.4294610263025,992.3762561565583,2646450
2017-07-13,977.9454956054688,988.1791046593298,970.0305468722473,977.3858862831963,3131960
2017-07-14,958.377685546875,969.3907838681542,949.4033450255118,952.6013352403346,4508432
2017-07-17,957.5780639648438,968.231426045067,952.2813933575839,958.4774985962651,2211822
2017-07-18,962.7349853515625,976.586241137757,957.8579723014681,957.8579723014681,1908002
2017-07-19,979.2245483398438,983.3818961800405,965.4332168690261,965.5930773263772,3915576
2017-07-20,977.265625,982.1425396091882,971.5892129927514,979.0845010995665,1182504
2017-07-21,995.8538208007812,999.3716284519091,973.2080987380152,973.3479522090672,2148416
2017-07-24,1014.4949340820312,1018.2230933284402,994.9723297799956,994.9723297799956,2271402
2017-07-25,1030.850830078125,1034.2582701153267,1009.5643125800985,1012.5107851720102,2678832
2017-07-26,1024.6368408203125,1032.253468353797,1021.028964620241,1026.2403413536776,1459826
2017-07-27,994.851806640625,1036.182072360182,988.7585241400357,1019.1047523979622,4255304
2017-07-28,995.8941040039062,999.4017613877818,978.9370664484474,994.5711965022923,1382752
2017-07-31,998.900634765625,1009.8044183593197,987.3554118376358,990.562412769305,2019662
2017-08-01,1002.8494873046875,1010.5062434015715,998.5802052219833,1002.1880823183293,1747460
2017-08-02,991.6847534179688,1005.3946610399909,986.9544080863068,1002.1876605263067,1251024
2017-08-03,997.9586181640625,1002.9896208482143,988.7384897549862,994.1703675873587,1882548
2017-08-04,1011.3278198242188,1013.5326330878054,997.3773454188166,998.499815381533,1387890
2017-08-07,1003.5706176757812,1010.2051192831456,994.6511478725869,1008.8020566174745,1885520
2017-08-08,1003.4107055664062,1013.6530866701671,1000.7047979215533,1006.9985190918931,1073958
2017-08-09,1006.9981079101562,1011.3476412742025,999.5017641808208,1002.1876073946619,992946
2017-08-10,1006.7780151367188,1010.4460819884794,996.7161062020446,1005.7958904573671,1526172
2017-08-11,1000.6041259765625,1016.2181886302587,995.3726873250226,1002.1474361012727,1394736
2017-08-14,989.9209594726562,1006.1564014602382,987.3553979114675,1003.3904023436472,786504
2017-08-16,999.1210327148438,1019.7460357576795,988.2372157024035,995.7736866893284,1373340
2017-08-17,996.4352416992188,1004.1922147213762,986.9947105513559,1002.4684320642406,1752374
2017-08-18,1007.7198486328125,1022.1913810593438,990.7226856256902,991.76500003642,2837356
2017-08-21,1013.7330322265625,1021.830690150044,999.9028404610951,1004.3926222718459,2304834
2017-08-22,1001.20556640625,1018.0222562833793,998.980690158764,1011.4078175243023,1131326
2017-08-23,997.9586181640625,1008.9225926158626,991.4243336740831,1004.1922462928763,1562272
2017-08-24,1000.8253784179688,1009.3840079093329,996.6361529637228,1001.2662825547638,1623908
2017-08-28,997.0963745117188,1004.3521530528424,986.5533427820488,1004.0315313592114,2036796
2017-08-29,990.5023803710938,1000.5843510099498,987.7362831788093,994.972099041144,1312602
2017-08-30,995.9942626953125,998.1790124457622,986.1928859422646,994.5711364971631,970782
2017-08-31,1000.7244262695312,1003.9513919844137,988.8183595114673,996.174455503885,1784664
2017-09-01,984.7296752929688,1001.4061195403477,976.7522995015448,994.1703040037592,1702330
2017-09-04,984.6296997070312,986.5539203446715,977.3337902479923,983.3870452420439,1062544
2017-09-05,995.9141845703125,998.1790899437082,976.9527710387661,986.1528358480009,1165994
2017-09-06,983.4268188476562,992.1058238649782,982.144038045414,989.4198822813407,1228764
2017-09-07,986.1929321289062,989.5201173636294,982.5649926811491,985.3510552201791,870636
2017-09-08,990.4022216796875,991.7651580925608,983.1664053783117,983.647436002272,1021134
2017-09-11,983.9277954101562,995.3527348984521,982.1439209236811,990.6424528287162,732764
2017-09-12,997.5575561523438,1000.9850576015696,984.9500546764343,991.7248042643475,1396460
2017-09-13,997.8585205078125,1014.8756530415225,992.2462677514469,1002.1879922081358,1278980
2017-09-14,996.9566650390625,1001.226045094836,990.9234730637706,994.9723521621213,1081510
2017-09-15,1004.613037109375,1009.0025997632097,996.1745969056719,1001.7868481558447,2944072
2017-09-18,1001.8069458007812,1009.7843212031164,997.8783502171088,1004.1720697606983,726600
2017-09-19,1001.486083984375,1004.1919905457258,998.7801774230243,1004.1919905457258,782754
2017-09-20,999.6019897460938,1007.7998648564103,991.8851451166245,1007.7998648564103,1334642
2017-09-21,1012.1697387695312,1018.6238685446417,994.1704816964626,998.6001721667152,2438740
2017-09-22,1003.6309204101562,1012.9712317665042,998.9807301906843,1010.1651061199011,2435396
2017-09-25,1006.497314453125,1015.81766198316,999.2815615266464,1000.8049067184411,1599558
2017-09-26,992.025634765625,1012.7709234428231,988.5581039221339,1006.1966102370462,1449230
2017-09-27,1000.1835327148438,1007.0785659515607,991.6649354923226,998.1791568977799,2010356
2017-09-28,992.74755859375,1007.8004447954506,982.9461776604793,1000.0635323875117,4332866
2017-09-29,976.5114135742188,995.7734764425013,970.7187895352323,993.7691014899198,1985014
2017-10-03,981.5226440429688,983.8678025857129,972.9439558322314,978.135268935594,1923006
2017-10-04,979.0575561523438,983.7477765889907,972.1223953660565,981.9839647927917,1300778
2017-10-05,973.9661254882812,979.5181865785842,971.8814967935492,978.5360622146576,1684686
2017-10-06,980.8011474609375,984.1484941143412,973.3449283863348,974.1266153555395,1389188
2017-10-09,983.78759765625,989.339658931599,978.5561581570303,978.5561581570303,1773616
2017-10-10,985.8519897460938,990.1413333073335,982.644989271165,984.1482707437879,1222010
2017-10-11,1002.3282470703125,1007.98052811348,984.8500509181624,986.1528951902634,1527746
2017-10-12,1021.5100708007812,1024.2360414832124,1004.9940336588702,1007.399284636913,5006356
2017-10-13,1025.6788330078125,1045.8628309070257,1011.4076435974491,1021.5096742092276,4066320
2017-10-16,1036.0216064453125,1038.2665462337782,1024.2559805603182,1024.2559805603182,1218590
2017-10-17,1040.0909423828125,1048.268758672312,1033.2760628515837,1036.2625640133404,1443016
2017-10-18,1036.9036865234375,1047.7472808717182,1034.2578714253164,1040.270998584766,1514144
2017-10-19,1035.821044921875,1040.5915169339632,1030.6497957132763,1039.0681721076671,86822
2017-10-23,1037.4246826171875,1053.9006891767747,1021.2093036072195,1035.8613087990816,1886088
2017-10-24,1033.61669921875,1050.6538972410062,1029.8685743758138,1050.2931486661555,1339020
2017-10-25,1028.9937744140625,1050.740196464591,1027.0241782582364,1036.4703888997506,1105106
2017-10-26,1020.5325927734375,1032.712098080509,1012.111316873331,1019.025218538766,3007552
2017-10-27,1038.8018798828125,1042.3592239585855,1017.0956923450656,1020.1908142741065,1409270
2017-10-30,1051.6246337890625,1053.1521259654412,1037.7567909089832,1039.4852663155082,1137252
2017-10-31,1054.7598876953125,1061.191350425162,1045.6352695746052,1045.6352695746052,1592634
2017-11-01,1046.258056640625,1055.9052481488818,1036.6108651323682,1054.7596049027536,741882
2017-11-02,1055.6241455078125,1074.8582792508118,1047.8260356907456,1048.5294769729778,1468422
2017-11-03,1053.1923828125,1059.864967304252,1046.2383432838712,1058.1364918633506,666886
2017-11-06,1071.4615478515625,1073.9738378297666,1049.8357360919165,1053.1519588631459,1377000
2017-11-07,1089.3489990234375,1112.6429309306495,1071.66247844506,1073.2502260060817,2696892
2017-11-08,1099.3780517578125,1109.0252448993801,1092.64511487776,1094.5544551870287,1402252
2017-11-09,1099.9407958984375,1105.4075780845862,1093.0672294765072,1105.4075780845862,1152432
2017-11-10,1088.8262939453125,1095.7602131222602,1082.6360517317214,1094.232721444424,1356566
2017-11-13,1109.0052490234375,1116.421509940075,1086.1333986872844,1086.1333986872844,1496996
2017-11-14,1091.1783447265625,1108.0408204630837,1088.3243432054423,1108.0408204630837,1657252
2017-11-15,1087.4395751953125,1107.4172829593674,1085.8518277562634,1087.7209320101808,6670834
2017-11-16,1104.060791015625,1110.632979825032,1080.063420525061,1089.3287641425393,1653482
2017-11-17,1088.2437744140625,1104.6440249707807,1086.756518197238,1104.6440249707807,1325464
2017-11-20,1086.696044921875,1096.1221373786789,1083.420058014992,1091.338776471145,1014498
2017-11-21,1074.4361572265625,1085.711335297029,1071.6425101450868,1085.711335297029,1527740
2017-11-22,1077.53125,1089.2083941876697,1074.21502701813,1074.4562461258904,1822624
2017-11-23,1077.7724609375,1082.4955663607227,1072.8483723047786,1077.6719693327507,793470
2017-11-24,1080.5059814453125,1086.4751245995535,1074.4966023898264,1078.0740646922463,2287512
2017-11-27,1079.62158203125,1083.6612661689803,1070.115017020413,1080.4857706066277,1856786
2017-11-28,1079.4007568359375,1086.2743257075442,1073.25064921876,1079.6821137833667,911716
2017-11-29,1068.4871826171875,1082.4957540020548,1065.2111949890252,1076.2652734275907,1447532
2017-11-30,1059.985595703125,1072.0244720149185,1054.3580650471358,1066.6782982644593,4299962
2017-12-01,1057.1513671875,1072.446206209923,1053.7547712066391,1059.181316852754,1031144
2017-12-04,1058.116455078125,1068.6278388006945,1046.2985822182334,1053.9560629435473,1259104
2017-12-05,1059.40283203125,1065.8945517721081,1056.4282210400913,1057.5738648232323,1167914
2017-12-06,1058.4981689453125,1063.201156323333,1050.2779754735948,1059.5834586269586,1407518
2017-12-07,1052.047119140625,1063.5835413203356,1051.1426942602864,1058.096736300833,1326300
2017-12-08,1045.715576171875,1063.2011143473417,1043.9067273951025,1052.3480216867072,1385548
2017-12-11,1069.6728515625,1074.3154850831065,1048.4691234616223,1048.4691234616223,1008002
2017-12-12,1049.996337890625,1070.0343992344967,1048.0869977717805,1069.6324328936873,1882246
2017-12-13,1056.5283203125,1065.7936643531023,1045.514481522537,1049.6948923286925,2961458
2017-12-14,1028.1500244140625,1057.9759217291546,1017.4175375405108,1057.9759217291546,5504150
2017-12-15,1023.245849609375,1038.8621875425783,1019.7286431195082,1030.5415015309618,2718138
2017-12-18,1037.2742919921875,1040.6708884344177,1002.6449259938114,1019.7887536462622,2180664
2017-12-19,1035.1842041015625,1044.2284491024056,1030.9233205355185,1035.465560985432,1801952
2017-12-20,1040.6710205078125,1042.198512644211,1025.2756858543084,1037.877373309171,1577570
2017-12-21,1043.3843994140625,1048.3286068728264,1037.093663094385,1039.887310575154,1293648
2017-12-22,1063.9049072265625,1070.7985939223108,1041.173680457074,1046.7208381667965,3665664
2017-12-26,1064.9901123046875,1081.1893817071405,1057.81506923893,1079.6820073484078,2175786
2017-12-27,1053.1119384765625,1068.6278838116466,1049.3334928306579,1064.9900675515032,739284
2017-12-28,1055.945556640625,1066.6177835995527,1047.3836531653596,1048.6499061373504,2605088
2017-12-29,1085.79150390625,1088.886625227901,1052.5690237545705,1054.3979903061927,2609542
2018-01-01,1063.4422607421875,1083.2189863890362,1059.1813779936433,1078.194406797036,1351760
2018-01-02,1057.654052734375,1073.0896225536526,1053.2324219970772,1069.2307055647493,1920290
2018-01-03,1060.648681640625,1072.84840204998,1057.6540513633315,1057.9756441347124,1257120
2018-01-04,1068.065185546875,1070.0347820669892,1061.1915194052785,1065.2111842515108,913082
2018-01-05,1080.96826171875,1085.108536179377,1065.2111949899422,1065.2111949899422,1153706
2018-01-08,1091.0977783203125,1096.102339524943,1078.0138478542724,1085.309500240237,1242220
2018-01-09,1088.9273681640625,1093.750966694136,1075.8835734329284,1091.3391674290992,2149396
2018-01-10,1128.1588134765625,1131.9372579666688,1083.1586014343522,1089.730790606406,3365850
2018-01-11,1121.687255859375,1134.3089617523021,1118.3509150625578,1129.5256007757905,2520744
2018-01-12,1115.999267578125,1127.5155637609446,1101.6088532333433,1127.5155637609446,3360314
2018-01-15,1103.840087890625,1128.72177144683,1099.3983390701637,1116.3210674312068,1457214
2018-01-16,1145.946044921875,1150.2872038897715,1105.6287920594552,1107.8194894923236,4267752
2018-01-17,1161.2611083984375,1175.7520204486739,1150.488386498338,1153.6438627992115,4280806
2018-01-18,1173.01806640625,1178.9671874224825,1152.8594952109813,1164.49640026012,2209478
2018-01-19,1189.5390625,1198.6636791966005,1167.1695758022163,1177.982529710965,1820000
2018-01-22,1255.657958984375,1263.03140356174,1177.3304682088378,1193.0443245607012,4367110
2018-01-23,1249.856201171875,1266.1140412020345,1245.0413331590223,1255.0739886564143,3239610
2018-01-24,1279.1082763671875,1313.1348082640711,1242.0597498694308,1245.021247524256,5621538
2018-01-25,1257.5316162109375,1281.203131020555,1241.3946745264973,1279.2690982218853,3833844
2018-01-29,1288.879150390625,1299.4154565277288,1257.914745823122,1261.7021499767097,3141060
2018-01-30,1270.3450927734375,1290.873826599493,1266.6583194335872,1281.284320501803,1574758
2018-01-31,1254.0264892578125,1269.1963684088073,1248.4863463798376,1263.9584151423583,3043214
2018-02-01,1264.6031494140625,1285.3131718320253,1244.537739158054,1258.7204855182592,2400630
2018-02-02,1270.6671142578125,1285.3132782652788,1250.4405738786652,1257.1089116575768,2456490
2018-02-05,1250.339599609375,1284.5071881524764,1239.7227312757536,1253.0794715038273,2757742
2018-02-06,1207.6507568359375,1239.8439931480727,1202.7149917942359,1212.7879816752597,2657306
2018-02-07,1190.6475830078125,1221.2493069374007,1187.5853547018569,1219.637628538275,2180324
2018-02-08,1198.3626708984375,1219.8786224880976,1192.2383166576687,1200.5988928897223,2755004
2018-02-09,1197.35595703125,1206.3410822946246,1167.1168263934462,1188.6126228353849,2102458
2018-02-12,1195.5828857421875,1218.1665402500576,1190.8485822756343,1200.0149996257692,1974562
2018-02-14,1173.220947265625,1198.4638130329413,1165.4445817224214,1196.6708410425554,2847532
2018-02-15,1178.88232421875,1185.7923558541095,1170.5217427087355,1181.3400747014744,2465236
2018-02-16,1181.7830810546875,1208.5973939505293,1177.7337203308236,1177.7337203308236,2515756
2018-02-19,1177.9755859375,1189.9422763928915,1166.5326121797477,1186.5980245954386,1568224
2018-02-20,1186.4969482421875,1202.7346203530906,1179.7077167465686,1179.7480480356992,1889068
2018-02-21,1225.8018798828125,1233.981164508211,1192.6617546478944,1198.2824613817174,3089228
2018-02-22,1228.9852294921875,1240.5893325624866,1217.824377288118,1229.710504378275,3463010
2018-02-23,1239.2999267578125,1244.618444951719,1205.575581315898,1228.9045830698424,3362500
2018-02-26,1221.531005859375,1245.0010662998234,1217.3003511877062,1238.9774395601555,1363882
2018-02-27,1225.822265625,1240.407932867967,1221.6520091616828,1225.2782849144714,1717800
2018-02-28,1222.8809814453125,1234.5253169169612,1217.4012363004017,1222.8608157943106,2706864
2018-03-01,1223.9483642578125,1233.416971105886,1216.8167098375322,1228.5013736074955,1718124
2018-03-05,1251.4072265625,1254.5499191087627,1222.034344015189,1228.501219897368,2858168
2018-03-06,1226.0037841796875,1259.9295949815573,1220.9067921948727,1257.9149969723128,1906764
2018-03-07,1219.8187255859375,1244.61844261915,1216.2126154243783,1236.9629714602754,1917772
2018-03-08,1210.3499755859375,1230.8787038135588,1203.7219696860718,1230.8787038135588,1951826
2018-03-09,1222.4986572265625,1234.2235610541657,1199.5724680982353,1210.7736550298953,1872436
2018-03-12,1229.77099609375,1242.5636931680299,1223.0624242197362,1226.0843211664164,2091340
2018-03-13,1163.148193359375,1184.462598513621,1157.1849642597176,1178.499369413964,88067154
2018-03-14,1163.1883544921875,1177.7539545566974,1158.413817072091,1165.626037328115,3668668
2018-03-15,1156.2581787109375,1169.4941248839793,1150.5770722456396,1166.4520626977842,2348906
2018-03-16,1138.529541015625,1157.1847323849083,1130.1891275555947,1155.895409738505,7197482
2018-03-19,1140.6650390625,1147.5146701695514,1136.232924816761,1139.8592001087293,3489940
2018-03-20,1154.303955078125,1157.6682738413629,1135.8300568770896,1136.232976372257,4024984
2018-03-21,1151.040283203125,1162.1407351171479,1148.3205765743962,1157.3862653368255,3907678
2018-03-22,1140.80615234375,1158.7763028123807,1137.2604411113734,1152.3295908877024,2326094
2018-03-23,1135.48779296875,1141.9144390665138,1127.389168304224,1128.9806809965605,3654122
2018-03-26,1135.024169921875,1139.214493146931,1120.7406940955957,1135.830008878156,2964210
2018-03-27,1147.3936767578125,1153.5583639019944,1137.4617518475784,1138.2474250866692,2494574
2018-03-28,1147.97802734375,1158.3935355238052,1138.2475609929566,1142.639344093075,6865654
2018-04-02,1172.3546142578125,1174.1073533264093,1144.2913120957455,1144.2913120957455,1662988
2018-04-03,1172.99951171875,1180.5139217978642,1165.2836418694824,1165.2836418694824,1937290
2018-04-04,1172.8582763671875,1182.1657557137664,1165.2431375338147,1180.332452403802,2841820
2018-04-05,1191.8155517578125,1194.1525042108367,1176.6658396587338,1179.1639205420336,1809424
2018-04-06,1188.733154296875,1192.6414528977743,1179.1638183150094,1190.2239364391978,1129018
2018-04-09,1178.0966796875,1194.0523365575361,1174.5107342889212,1184.4628295849004,1235866
2018-04-10,1183.6163330078125,1191.5336616376105,1178.8215320560664,1178.8215320560664,1184532
2018-04-11,1214.4599609375,1218.8316775417509,1186.8399036011613,1188.8545014152799,3124416
2018-04-12,1264.8651123046875,1269.1964971760024,1211.9617592724035,1212.7877639681801,6114360
2018-04-13,1270.5263671875,1305.78183143367,1261.9844915239505,1269.196712862122,8179118
2018-04-16,1284.3663330078125,1289.322262640355,1253.3818621255864,1255.497189546999,6270274
2018-04-17,1275.885009765625,1287.3077193008166,1268.0683119435691,1284.3663870886262,3301724
2018-04-18,1272.86279296875,1286.7030161754803,1267.5241105954537,1275.642897649508,2433066
2018-04-19,1285.7764892578125,1296.2725616305397,1275.5423735746062,1281.243645002039,4820952
2018-04-20,1370.913818359375,1378.9319776840725,1305.4595468640293,1309.4887429963258,18465662
2018-04-23,1373.41162109375,1433.5473611435857,1365.715917066912,1379.596475247156,15185910
2018-04-24,1364.1439208984375,1387.311784592011,1346.7579894916375,1373.9550468710497,8314336
2018-04-25,1398.2314453125,1403.3686691228118,1355.8443320573008,1363.8825566984547,8196574
2018-04-26,1426.03271484375,1434.3932937327822,1396.9217835313361,1396.9217835313361,12135034
2018-04-27,1390.8577880859375,1427.9465434610916,1377.9845312180962,1420.2910738432133,4501330
2018-04-30,1423.152099609375,1429.9614002630176,1385.0762043360994,1390.8580405228486,3458558
2018-05-02,1410.117431640625,1423.1921489213873,1398.6543922587305,1422.507205488171,3158046
2018-05-03,1402.9052734375,1420.694129672721,1398.2917665560267,1414.166853572078,3761550
2018-05-04,1402.4620361328125,1409.0094779448239,1398.130651549482,1406.994880464205,2347244
2018-05-07,1378.367431640625,1406.189042542965,1374.3180710276933,1406.189042542965,3484426
2018-05-08,1386.5263671875,1404.778637624063,1368.5964519790473,1383.9073908087373,2992820
2018-05-09,1405.9068603515625,1408.1027516861852,1386.1234759555898,1386.1234759555898,2615050
2018-05-10,1390.5760498046875,1414.710890684038,1386.123769254289,1411.4069701598287,3858678
2018-05-11,1392.8726806640625,1404.1745934067517,1387.0505129993523,1391.7646519318191,2627876
2018-05-14,1383.444580078125,1398.5338990733742,1374.2781593913144,1392.8930248045676,2433894
2018-05-15,1403.126953125,1408.5261339299948,1383.5047913913234,1390.072399503362,1952890
2018-05-16,1407.7607421875,1413.8448674566316,1400.2463310426501,1402.1400334768628,1648450
2018-05-17,1406.914306640625,1423.5749686702711,1400.5481589714966,1415.4360145778994,2968048
2018-05-18,1411.044189453125,1417.349839989172,1393.2955666243759,1402.482150473724,1874996
2018-05-21,1433.083984375,1447.286897272791,1417.4910188248464,1421.7820723101872,3446178
2018-05-22,1413.8040771484375,1440.416927593867,1407.6797209292988,1433.587462308107,1857416
2018-05-23,1408.2440185546875,1428.3496627533104,1402.5628141168615,1420.2912725544202,1507298
2018-05-24,1452.0008544921875,1456.5538641146743,1411.1650257879994,1414.2473203437087,2962316
2018-05-25,1444.788818359375,1480.6486552390159,1439.450134778979,1460.5832436932326,3769772
2018-05-28,1411.044189453125,1457.1583044236713,1404.577312103116,1457.1583044236713,3716798
2018-05-29,1419.6866455078125,1427.9464940200617,1405.3830054012344,1422.2652905737912,3525312
2018-05-30,1415.8997802734375,1423.5149212290275,1403.167481794534,1413.86501665618,3779106
2018-05-31,1414.6806640625,1429.306465296798,1402.533064080365,1408.9521855707083,5049371
2018-06-01,1407.6927490234375,1428.0470294308927,1394.5702340489902,1425.2031235401341,1603856
2018-06-04,1417.280517578125,1421.1401033361851,1391.5634684263848,1417.8899258557135,1681483
2018-06-05,1398.876953125,1423.4970975170213,1390.3859005791596,1417.0779744694646,2449568
2018-06-06,1402.2484130859375,1409.6832137316374,1393.676030511858,1400.0139161217269,2236512
2018-06-07,1410.2115478515625,1421.140230935882,1400.6641506454469,1401.6391643021136,2414762
2018-06-08,1419.596435546875,1427.8844487225779,1409.7646672153344,1409.7646672153344,2582138
2018-06-11,1421.708740234375,1432.5156192377292,1416.2647330297004,1419.5961448648388,2179378
2018-06-12,1447.1414794921875,1450.3916568745394,1424.3902378157243,1427.640415198076,4608875
2018-06-13,1482.162353515625,1488.297103962435,1460.9549626056355,1475.5807631211535,5370983
2018-06-14,1452.4637451171875,1488.8251060964815,1449.579172895208,1486.9562143487842,3819998
2018-06-15,1495.1226806640625,1500.8510603890265,1453.317202886318,1462.580230852565,9183574
2018-06-18,1486.1436767578125,1517.792240805985,1480.5777675708325,1517.792240805985,4674987
2018-06-19,1482.4874267578125,1494.2693219005848,1479.643521033695,1480.5779670377028,3245034
2018-06-20,1480.8216552734375,1492.075475727513,1477.6933788473748,1488.5814947710944,3107695
2018-06-21,1478.302978515625,1488.5816874064644,1476.8810254845325,1488.5816874064644,2910659
2018-06-22,1470.5428466796875,1484.5185702273902,1462.214266852194,1484.5185702273902,2949458
2018-06-25,1478.2215576171875,1480.7404256887664,1467.4553431670417,1472.249375476694,2083217
2018-06-26,1504.83251953125,1512.145420544091,1479.6436382647983,1481.2687273787628,4679712
2018-06-27,1509.7073974609375,1531.7679963302353,1504.2227231160175,1511.3324861557287,4081208
2018-06-28,1497.2755126953125,1520.2705586828515,1483.9498640055867,1515.3952923268403,4888125
2018-06-29,1501.379150390625,1517.3456701903492,1496.9508223916532,1499.0634183252218,3506276
2018-07-02,1504.3043212890625,1509.5452931089815,1495.9757397153203,1504.8324950800325,2650290
2018-07-03,1522.749267578125,1527.5026337138943,1508.9360091942226,1511.2923092155345,3242233
2018-07-04,1516.329833984375,1527.5023200892,1509.0169339884894,1527.5023200892,2700614
2018-07-05,1527.82763671875,1533.677918108825,1513.039265624972,1521.8960215193797,2472571
2018-07-06,1554.3570556640625,1560.8980789599261,1528.9244707875107,1529.8994845714906,3713781
2018-07-09,1530.021240234375,1563.660601200778,1524.7397011682447,1563.3355635745818,6151747
2018-07-10,1523.60205078125,1542.9406480162554,1520.067502325234,1542.2093381869806,5303302
2018-07-11,1608.756591796875,1623.4636248168158,1539.0809132042614,1543.834277853829,22903802
2018-07-12,1601.8094482421875,1617.694731583203,1592.9933609811794,1612.0881551576945,6921701
2018-07-13,1609.731689453125,1623.3824750350057,1603.9626440561874,1604.7751884554054,4148185
2018-07-16,1616.3133544921875,1621.8386963391056,1606.7659573569247,1616.9634297168438,2582159
2018-07-17,1630.114013671875,1635.691138792264,1612.894049749863,1619.4075037619775,3315492
2018-07-18,1628.566650390625,1637.8889894118056,1622.7045829675744,1632.434012765006,2013869
2018-07-19,1613.2196044921875,1636.8715227203725,1603.937913440481,1630.0731255535768,1746318
2018-07-20,1625.5953369140625,1628.3635748688246,1615.336666269874,1616.06944975605,1934995
2018-07-23,1632.963623046875,1636.464544888573,1616.964932014265,1629.1776580868805,2086201
2018-07-24,1627.549072265625,1640.5759782967655,1615.4584949829537,1640.5759782967655,2038423
2018-07-25,1613.3011474609375,1629.9918734376972,1602.6353863483948,1629.9104751396849,1535492
2018-07-26,1599.6229248046875,1616.150854914705,1591.806799489638,1607.9682881613,3503036
2018-07-27,1582.5655517578125,1599.5819677931013,1579.7566648742854,1596.4880378276282,2033977
2018-07-30,1583.257568359375,1591.480782895754,1572.632557783811,1581.9548976366407,1579251
2018-07-31,1579.6754150390625,1585.2118907761978,1569.742437296615,1581.1409819657813,2204803
2018-08-01,1609.22998046875,1613.341637426529,1587.4913708543645,1587.6134185880883,2425180
2018-08-02,1586.3516845703125,1616.1507156719697,1583.583446842308,1612.079807068262,1509287
2018-08-03,1611.6318359375,1613.748787748723,1592.9464067252545,1592.9464067252545,1505131
2018-08-06,1608.45654296875,1627.5083134121062,1605.7697038614021,1625.9206990042946,1532249
2018-08-07,1601.7806396484375,1611.3880252149875,1596.2035138641188,1610.6144928265112,1353521
2018-08-08,1607.1944580078125,1610.6954785983523,1597.424278931777,1605.5660948284733,1315062
2018-08-09,1607.4793701171875,1612.7309008998616,1600.6809738544412,1612.0795158859582,2060297
2018-08-10,1622.74560546875,1625.5138432611288,1605.6071394810429,1612.8532774542148,2784105
2018-08-13,1628.48583984375,1631.8239655362768,1620.2218742258653,1626.5725323823267,3559575
2018-08-14,1631.2535400390625,1648.3920026201838,1614.0335797902374,1621.8497030600347,3311765
2018-08-16,1635.283447265625,1644.68728279649,1624.291997657417,1628.607199110408,2152065
2018-08-17,1638.744140625,1646.1939227117573,1631.6200510806111,1639.6397205759556,1213731
2018-08-20,1636.4642333984375,1647.9035243973615,1631.3755985034359,1647.9035243973615,1587032
2018-08-21,1642.733642578125,1647.9036762303183,1631.6200430659871,1636.6272801415007,1376866
2018-08-23,1656.9407958984375,1659.30194219022,1644.8909690027008,1646.9264228081354,3046791
2018-08-24,1663.37353515625,1665.8160807291665,1653.6033528645833,1656.9414786034158,1570533
2018-08-27,1669.8052978515625,1676.4002496403184,1656.859887332709,1663.3733414352455,1532702
2018-08-28,1684.704833984375,1686.9845826347957,1670.7009476672783,1673.143492912406,1987983
2018-08-29,1686.9844970703125,1690.729812432814,1665.4900801259103,1687.3915879238525,1525867
2018-08-30,1695.4522705078125,1697.5692229096396,1681.6926762205567,1683.7281309242853,2408020
2018-08-31,1692.1953125,1703.2682640900653,1688.6129922193093,1695.3707406702383,2504554
2018-09-03,1671.4337158203125,1701.6399397146613,1667.7698977682953,1697.4062341650783,1439711
2018-09-04,1708.885986328125,1713.6490290498161,1674.7311018552086,1677.0515993401023,4420803
2018-09-05,1692.886962890625,1715.6840459546806,1689.4674401859745,1709.7812298041663,1681106
2018-09-06,1689.67138671875,1694.7192736978334,1677.4586607492724,1689.427092444393,2238097
2018-09-07,1693.3760986328125,1696.7548735976457,1681.611012586305,1692.928258887209,1312182
2018-09-10,1694.1083984375,1704.4077163757247,1688.8162179305464,1697.080081827635,1530539
2018-09-11,1666.019287109375,1700.8255544393328,1662.7218115020978,1700.8255544393328,3679745
2018-09-12,1664.146728515625,1684.4605231833932,1660.9307503960515,1670.9859743998063,2307661
2018-09-14,1681.6109619140625,1686.6182991051635,1643.1409723563504,1664.1875514044057,3642038
2018-09-17,1688.734619140625,1691.706501127618,1672.7767796785301,1685.3558451445774,1033857
2018-09-18,1685.966796875,1692.520999476686,1675.2603867657588,1687.798705745201,1456507
2018-09-19,1691.7880859375,1700.8255823762865,1682.7915371137751,1686.9029957056869,1301268
2018-09-21,1712.3463134765625,1726.8795376099513,1669.1946795806043,1691.0555396585896,4508530
2018-09-24,1789.9375,1799.74842804173,1708.2750457086966,1721.9940851880838,3032226
2018-09-25,1777.521484375,1800.8884598923537,1753.584621410849,1795.1891878747147,2868778
2018-09-26,1744.098876953125,1790.3851762305273,1738.3590562128702,1780.6149979154904,1970951
2018-09-27,1782.1217041015625,1799.0972733821268,1738.9293249059833,1743.895714040477,3311802
2018-09-28,1777.9287109375,1783.0580958998528,1757.6964129955088,1773.2879145524562,2904371
2018-10-01,1836.42724609375,1853.0364703054577,1783.3426484639072,1783.7902892993122,3772208
2018-10-03,1760.9527587890625,1835.979513962809,1755.0499421698917,1832.152900185342,3902322
2018-10-04,1681.1224365234375,1755.9049074092475,1674.2426408208808,1755.8643573435654,4762419
2018-10-05,1711.93896484375,1726.0650959645184,1645.3797144221492,1669.0723805317275,3417624
2018-10-08,1691.5029296875,1727.856056615689,1667.56587270078,1711.9387674572592,2010154
2018-10-09,1703.10546875,1716.0101305586036,1671.6779728717622,1693.7831272247354,1867130
2018-10-10,1663.8616943359375,1714.625903212226,1651.974661449907,1709.7815618752118,2749573
2018-10-11,1612.038818359375,1638.9475599808875,1580.326484810185,1616.150475192281,4700256
2018-10-12,1561.8448486328125,1610.4514580411708,1549.387828439003,1610.4514580411708,9373289
2018-10-15,1587.247314453125,1592.1731537733363,1563.2289529366506,1579.512587863074,2638151
2018-10-16,1597.66845703125,1605.4845798464544,1575.4412614939743,1594.1674366951947,2815425
2018-10-17,1570.88232421875,1619.407537749962,1563.2289957164037,1603.9380841465183,2779207
2018-10-19,1557.6922607421875,1570.5563703005448,1522.5604027827146,1570.5563703005448,3428776
2018-10-22,1549.3878173828125,1559.97217977166,1536.3201609862301,1558.343816327222,1778496
2018-10-23,1504.22802734375,1548.5719947340895,1498.8022941657125,1540.4130274277982,2752811
2018-10-24,1508.18505859375,1528.9904245629903,1477.6705019195113,1511.0815317340564,2735913
2018-10-25,1511.856689453125,1531.3566418484263,1489.052414952808,1504.513618646283,2507233
2018-10-26,1467.8800048828125,1512.5911921614452,1461.3528300740652,1512.5911921614452,2285970
2018-10-29,1526.542724609375,1532.2131668316176,1455.8452556855311,1475.7123203969843,2609483
2018-10-30,1545.961181640625,1557.8732541164093,1505.329484180144,1523.2792124467908,2404883
2018-10-31,1581.330322265625,1586.0217286265831,1530.173535754157,1550.2038410122611,2769190
2018-11-01,1579.3719482421875,1586.3886395483983,1551.2643483459342,1585.8175517292075,2769759
2018-11-02,1561.177490234375,1594.751659132017,1554.283203004635,1578.1073466450555,1818635
2018-11-05,1542.73828125,1572.5185113013956,1537.7613312155584,1558.3627232374142,1713366
2018-11-06,1576.8837890625,1580.8001337486937,1542.8609305387251,1545.3086210684005,1398710
2018-11-07,1584.5938720703125,1590.1827448148795,1580.3919839437772,1582.8396741615527,144530
2018-11-09,1557.7095947265625,1600.7481361173636,1554.2828691843808,1599.9730742627667,2570479
2018-11-12,1562.3201904296875,1587.8169690668692,1557.1392649299703,1557.1392649299703,2552008
2018-11-13,1578.71923828125,1582.0236596679981,1552.6513792409492,1562.4421393832988,1418432
2018-11-14,1534.4158935546875,1574.5987993460578,1525.7265752256303,1570.6008862616782,2422318
2018-11-15,1528.0521240234375,1549.3878427783109,1515.6096992723214,1520.8314581036184,1829123
2018-11-16,1539.2706298828125,1550.0405256301558,1525.9307393154343,1541.2288018002168,1829729
2018-11-19,1552.2025146484375,1556.2004280824606,1521.0761376759,1549.3877110941573,1740628
2018-11-20,1532.457763671875,1551.8353076022395,1529.1533426576807,1551.8353076022395,1190182
2018-11-21,1478.4049072265625,1526.583650029801,1467.43113580578,1526.5428153536968,3840461
2018-11-22,1478.8533935546875,1507.4505090733162,1476.7319827583317,1484.9317832683769,3194219
2018-11-26,1506.2269287109375,1517.567913142485,1455.96771021654,1484.1161473151506,4333177
2018-11-27,1542.24853515625,1548.4901640130136,1497.455792274287,1512.6722836554356,3344839
2018-11-28,1618.6573486328125,1622.8184015379172,1535.9254102036848,1541.228738313286,5313249
2018-11-29,1599.606201171875,1629.3455939314704,1584.9200616171597,1629.3455939314704,4035441
2018-11-30,1605.8887939453125,1624.450445189949,1599.0352412587076,1604.053026239799,5268901
2018-12-03,1617.4337158203125,1623.6345111193036,1605.9295917161578,1618.739130683768,1610576
2018-12-04,1640.64599609375,1647.6219532992009,1608.1325298067134,1617.9232910231926,3270615
2018-12-05,1637.300537109375,1646.4793740559207,1619.554785679387,1636.688614646272,2501539
2018-12-06,1625.837158203125,1645.663485948896,1615.148932378336,1630.1614501367847,2321216
2018-12-07,1627.876708984375,1634.975068519266,1609.7638459442271,1619.5954389221179,1680420
2018-12-10,1612.048828125,1640.7683537016562,1599.1576197191678,1611.3960708904879,2010786
2018-12-11,1631.7935791015625,1639.9525469970704,1599.973604309082,1607.316675415039,2942014
2018-12-12,1645.5003662109375,1649.7429888559395,1619.5139788208407,1632.6907293386212,2219993
2018-12-13,1617.5965576171875,1656.0252670441355,1610.9878151648816,1651.374696325004,3748429
2018-12-14,1623.4306640625,1630.936874812745,1611.600160416863,1617.9233606412552,2473761
2018-12-17,1627.1424560546875,1635.7909391749465,1619.5545786435046,1630.977129827892,1227921
2018-12-18,1621.8800048828125,1633.4249614678824,1612.538028832998,1625.1844258873195,1768742
2018-12-19,1606.0517578125,1619.391748024389,1599.1983054721945,1619.391748024389,2498833
2018-12-20,1594.3028564453125,1611.3142813335392,1587.7348487072811,1594.0988822869483,1940277
2018-12-21,1546.7769775390625,1590.9985380924657,1539.2299331917009,1589.366744720063,3729956
2018-12-24,1565.2978515625,1581.9421645086322,1554.283245883014,1554.93600309532,1864116
2018-12-26,1541.3919677734375,1567.9902792146397,1525.9307655285886,1567.9902792146397,2446614
2018-12-27,1557.5059814453125,1584.226598641704,1527.4402076642984,1557.5468161194333,4968201
2018-12-28,1546.980712890625,1566.521395669786,1544.4921885431795,1562.4419128685624,2239130
2018-12-31,1544.533203125,1557.5467149380836,1538.9034962841852,1556.7308182827992,1879740
2019-01-01,1552.48828125,1558.3626976537585,1537.9652801452014,1546.9401438489665,1094883
2019-01-02,1569.2138671875,1578.3110340004785,1550.2034378218286,1554.2829205529385,2100463
2019-01-03,1550.16259765625,1586.8779421059842,1544.5737262538062,1565.7054666453357,2611668
2019-01-04,1531.3155517578125,1551.1826145410423,1502.0656778419468,1550.2035784354694,4280862
2019-01-07,1548.490234375,1557.383527563526,1534.701561405277,1543.5132848501344,1856423
2019-01-08,1544.9412841796875,1555.425537181451,1536.5783427445551,1554.6096404560724,1691756
2019-01-09,1539.556396484375,1565.7059282461116,1523.034486611012,1556.2415454725774,2414376
2019-01-10,1540.8616943359375,1554.283154704524,1527.4401343705897,1542.0447046674803,3053461
2019-01-11,1503.33056640625,1529.8063755741455,1497.1705062285637,1525.726891905948,9209862
2019-01-14,1479.4244384765625,1510.224533638559,1476.7727746546686,1509.4086370779762,3615370
2019-01-15,1523.931884765625,1525.1964648831615,1475.1412226297623,1476.773016017627,7711653
2019-01-16,1525.849365234375,1529.806444651853,1506.9613350783854,1525.726960799448,2359280
2019-01-17,1548.86572265625,1551.8909707151117,1530.05987843789,1535.5380626991464,2625816
2019-01-18,1554.057861328125,1556.9604428209059,1533.9028808053886,1537.991108099646,1683728
2019-01-21,1560.6396484375,1579.690825124216,1549.8058474887962,1555.1614644856413,2409803
2019-01-22,1555.079833984375,1568.448316550992,1545.3498335886225,1559.3315502161877,2457093
2019-01-23,1533.5758056640625,1558.5139922078865,1528.9970110475717,1554.3440203216223,2578169
2019-01-24,1554.793701171875,1557.818949326779,1533.0851751674113,1541.098140273713,1962927
2019-01-25,1570.533447265625,1582.143972930998,1554.3440271533989,1555.161672617446,2327080
2019-01-28,1598.4969482421875,1604.2204667269423,1574.3764060564358,1580.5087472901016,2769033
2019-01-29,1621.1865234375,1626.337729720266,1583.4930879813307,1604.2203802720337,2557626
2019-01-30,1620.082763671875,1626.7056720554667,1598.2107472217701,1618.6109618931932,2429575
2019-01-31,1646.819580078125,1651.4392965498907,1623.0261189016132,1624.661409701514,4094319
2019-02-01,1659.779541015625,1663.7042795719615,1633.7375502616812,1643.058729475295,3064163
2019-02-04,1676.3780517578125,1680.6297693604188,1654.0972070264868,1659.7798045659672,1590764
2019-02-05,1671.716796875,1680.2611506366309,1658.1847267596531,1676.172923992746,1111404
2019-02-06,1696.450927734375,1706.3035959590857,1668.8553920376346,1676.0914349591562,1789812
2019-02-07,1703.07373046875,1715.379335156047,1690.0732468794095,1696.4099994983333,1339945
2019-02-08,1685.4942626953125,1708.4701798509006,1676.9908298033965,1696.6143207421003,1684474
2019-02-11,1689.17333984375,1713.7845431406513,1675.273369789651,1684.349312437854,1778730
2019-02-12,1677.481689453125,1692.5262877179755,1650.0087191376206,1692.5262877179755,2422903
2019-02-14,1671.7579345703125,1696.61437721542,1662.3141891278597,1684.390617168735,1724085
2019-02-15,1659.5750732421875,1677.8086082757143,1644.2442197308962,1675.3556717139077,1930065
2019-02-18,1611.0068359375,1669.5910513409808,1604.7518284154357,1666.0343136708607,2942184
2019-02-19,1557.451171875,1611.5792634792267,1546.9852696614394,1610.7616179878623,4408554
2019-02-20,1565.5867919921875,1581.1629793963493,1538.2365887032615,1565.7912033764403,4645778
2019-02-21,1565.1370849609375,1586.232380251265,1551.1145435094925,1565.586829941294,4683919
2019-02-22,1574.4986572265625,1578.055394241177,1557.696006757577,1567.589494707616,2271955
2019-02-25,1623.1488037109375,1627.1143639827187,1578.4644621450443,1580.0997529631175,2934880
2019-02-26,1666.9334716796875,1672.207343872605,1612.6009801640976,1622.2083126609555,6453309
2019-02-27,1682.7965087890625,1696.5737175370682,1653.2794224374013,1667.9970434086542,4732082
2019-02-28,1621.7589111328125,1693.6300696496637,1616.9757049668094,1684.3497134675602,8454295
2019-03-01,1631.5299072265625,1639.3792843366489,1619.224302100835,1631.2437512536899,4148548
2019-03-05,1625.5609130859375,1641.0144321851544,1616.1579903305167,1639.3791412711682,2449622
2019-03-06,1634.9638671875,1647.5556274286548,1623.0671854463044,1626.5421787051491,2635047
2019-03-07,1646.165771484375,1654.9554608571823,1635.4545352842001,1639.3792737189467,2539884
2019-03-08,1653.8514404296875,1662.273228634617,1643.50830515627,1655.7320649213475,2031071
2019-03-11,1647.3922119140625,1662.2733202578916,1638.2754445241362,1658.9209936321106,3111689
2019-03-12,1645.470947265625,1655.5689508842586,1637.7442358026422,1646.7792601529165,2658550
2019-03-13,1635.69970703125,1648.2914668024853,1617.7932518860068,1645.9202750581887,1833163
2019-03-14,1624.9886474609375,1641.668635220599,1619.7556964251285,1639.3382657536233,1905495
2019-03-15,1667.9556884765625,1691.6674050008003,1627.9319861985355,1634.3914047999426,5184318
2019-03-18,1653.933349609375,1688.110971274051,1644.2850928302823,1670.449748708238,2349915
2019-03-19,1653.933349609375,1659.8203572578184,1631.2845094788747,1659.8203572578184,2373993
2019-03-20,1647.5966796875,1671.9216344196216,1635.2910744283283,1658.185149470325,3091165
2019-03-22,1639.910400390625,1648.3730097195514,1621.636046956225,1647.5553643774288,3148149
2019-03-25,1622.4132080078125,1641.6688009361121,1616.648766865895,1641.6688009361121,2429205
2019-03-26,1621.1048583984375,1631.1618380869872,1600.990799211097,1622.2086598531241,2316539
2019-03-27,1609.0445556640625,1633.6556645828678,1603.4027819054072,1630.3850826717908,2266166
2019-03-28,1635.53662109375,1647.2288939130517,1613.0513658909479,1618.9383746017595,4054489
2019-04-01,1661.16943359375,1667.9558310861632,1642.0365096969786,1643.4673892647463,2095740
2019-04-02,1700.130126953125,1705.6083112309734,1665.543686470514,1665.6254310487957,3719663
2019-04-03,1700.130126953125,1708.551914530946,1682.7960843277938,1704.7906658276986,2939886
2019-04-04,1647.14697265625,1700.457422986401,1641.3417091703675,1699.190032450429,4397518
2019-04-05,1674.7833251953125,1679.7708429957183,1650.6627828355502,1658.7165710851511,3152103
2019-04-08,1693.1395263671875,1696.6145199622908,1662.0280731975147,1683.532191133666,2194294
2019-04-09,1710.1053466796875,1715.4200417566265,1682.4279701615988,1692.525970655966,2690970
2019-04-10,1668.2015380859375,1705.2000037633734,1664.7265440720346,1703.1558896375482,3313062
2019-04-11,1651.2352294921875,1680.261647242607,1646.4520228671965,1672.0851915382636,3422442
2019-04-12,1647.14697265625,1667.1792887793963,1641.014630985899,1666.3616432233493,3198471
2019-04-15,1727.9302978515625,1733.2449936716205,1668.814487498205,1692.5262073107713,9189201
2019-04-16,1743.0570068359375,1762.8030690981168,1729.7702652502742,1733.4087484065524,5771952
2019-04-18,1757.9788818359375,1762.0261874468083,1728.6662085677992,1757.8561152292452,3413728
2019-04-22,1767.299560546875,1779.196340708701,1754.3400010910989,1756.302270148111,2007135
2019-04-23,1762.06689453125,1770.6112496934152,1744.89633981245,1768.5671360364151,2163524
2019-04-24,1785.2877197265625,1794.73156354997,1762.9252389233916,1764.4786852577836,3003071
2019-04-25,1794.7318115234375,1802.9082662456399,1772.6963059711973,1778.3789020790325,4211526
2019-04-26,1830.3408203125,1834.7560272410387,1793.2195857874913,1801.2734757747787,2716958
2019-04-30,1848.1654052734375,1853.561746734036,1823.431624622603,1830.340690367906,3488395
2019-05-02,1811.4117431640625,1847.3881448127665,1807.8960272447787,1843.7905844960887,2457699
2019-05-03,1743.2205810546875,1787.4143697620975,1737.4970613232697,1786.5558018782797,3780886
2019-05-06,1764.3568115234375,1770.202898290829,1724.0059173423617,1725.2323858631173,2891422
2019-05-07,1759.5321044921875,1786.0239371198295,1748.780146561119,1766.1551125542162,2201698
2019-05-08,1760.2681884765625,1772.6554379108184,1741.911887368231,1758.7554644585655,1824895
2019-05-09,1776.375732421875,1785.8195776661473,1746.5725945173622,1753.849559461341,2264162
2019-05-10,1746.3271484375,1792.2787816562354,1738.1916163371955,1778.3788093532444,2039633
2019-05-13,1740.5628662109375,1771.837806731228,1734.7575032857749,1744.037859602081,1701744
2019-05-14,1710.800537109375,1765.9506827862879,1694.4476281098177,1745.6730357027425,2456110
2019-05-15,1713.294189453125,1736.6789290808388,1704.3819339307947,1714.6025020162517,2346876
2019-05-16,1724.2095947265625,1736.6786860458653,1698.290277613149,1713.7846167382927,1946529
2019-05-17,1713.335205078125,1745.6731241879988,1708.879077073966,1727.3579450283173,1947908
2019-05-20,1752.9908447265625,1759.0822631343563,1676.173098035795,1737.4965040614948,2625116
2019-05-21,1725.02783203125,1756.875088733581,1719.140823541737,1756.343698933334,1863157
2019-05-22,1702.1336669921875,1735.0029790138474,1696.6145593893546,1725.2321543670064,2595795
2019-05-23,1679.48486328125,1729.6065748646527,1676.1733589163653,1715.4203448812364,2541294
2019-05-24,1674.5379638671875,1692.526164650917,1661.6600473970175,1692.526164650917,2274208
2019-05-27,1680.38427734375,1691.6678265636447,1668.078770932679,1680.0982211556545,2329820
2019-05-28,1695.5924072265625,1715.0114884425386,1672.08509838617,1684.3497812594183,5872979
2019-05-29,1723.22900390625,1736.4339003425068,1698.3317356036157,1700.7028279674835,3281320
2019-05-30,1754.9122314453125,1763.2930961720947,1728.8292253526217,1735.8610551179042,4971725
2019-05-31,1795.999267578125,1802.8674099476336,1759.77753191067,1766.1142845520023,4265370
2019-06-03,1833.4066162109375,1837.7809000345642,1787.0868770537925,1799.6378158173898,3682419
2019-06-04,1799.447265625,1833.159516160742,1792.7706599143946,1833.159516160742,2408658
2019-06-06,1785.43408203125,1812.5522226026803,1773.8119067944376,1812.5522226026803,3735467
2019-06-07,1798.33447265625,1804.9698251550162,1765.6525493276288,1791.9464391221209,2659446
2019-06-10,1839.3411865234375,1842.9268077578267,1801.4251235254192,1810.656820356018,2080593
2019-06-11,1856.898193359375,1866.0886377261588,1838.9292345495824,1843.8748084658966,3048937
2019-06-12,1863.57421875,1868.5197916614363,1829.037715079488,1850.468531029045,2404448
2019-06-13,1857.9698486328125,1883.4394748220311,1848.8617093935995,1866.1299654254171,3320916
2019-06-14,1858.299560546875,1865.3882976039918,1841.4021815310352,1860.5662821221706,2131408
2019-06-17,1853.9306640625,1864.4812614033876,1847.5426314471702,1859.5356877657127,1489497
2019-06-18,1855.290771484375,1862.8326906001876,1839.0938974816422,1849.6444945605404,1877447
2019-06-19,1862.750244140625,1876.0209473291884,1848.9438509649817,1858.711439467188,1652817
2019-06-20,1877.6279296875,1882.6147559563638,1823.2678809875115,1838.1045997297247,2199377
2019-06-21,1854.466552734375,1889.6212581328662,1847.996013406275,1883.4392910942636,3871804
2019-06-24,1875.6090087890625,1879.3181894260877,1855.249768650799,1858.0109268279161,1382424
2019-06-25,1869.261474609375,1874.742736622536,1855.0017012223932,1871.0748108308521,1386077
2019-06-26,1858.0523681640625,1868.4381554927877,1854.590506133137,1866.9544428406914,1762224
2019-06-27,1856.6920166015625,1866.1297793462163,1847.4190660637335,1858.7114189159531,2813464
2019-06-28,1835.7962646484375,1864.439368812914,1831.922273540985,1862.8320981789095,2372928
2019-07-01,1845.97705078125,1858.711865666899,1818.8176427030642,1842.2266163039997,2769940
2019-07-02,1856.3212890625,1860.3600940181484,1826.9362160162293,1850.3864392492471,1771746
2019-07-03,1844.409912109375,1861.8431753635987,1839.7529119797534,1856.4029652908225,1656881
2019-07-04,1848.5321044921875,1856.2390389002965,1838.1877717250866,1841.402314788305,984140
2019-07-05,1782.9620361328125,1854.5903565191109,1763.921494644843,1852.1175693770854,4088470
2019-07-08,1793.0999755859375,1804.1452102152548,1757.4095819969782,1771.339533196909,2788062
2019-07-09,1758.43994140625,1792.275745585193,1734.7011484957648,1791.9461211814512,3977224
2019-07-10,1737.709716796875,1753.9065915114388,1707.2945188380916,1714.4655605026273,6343581
2019-07-11,1733.0526123046875,1754.8543082972742,1719.4522853498236,1754.0300460575857,2400346
2019-07-12,1737.2152099609375,1747.2299158696032,1725.2634072577368,1732.6817675562752,1560725
2019-07-15,1768.6197509765625,1775.1315445291712,1729.302475643112,1751.5575599340386,2900415
2019-07-16,1739.9508056640625,1761.8447735416019,1734.9936808616008,1756.4745550056016,2735399
2019-07-17,1749.2454833984375,1755.648436519863,1728.4669484674107,1741.6032490277041,1802969
2019-07-18,1706.8619384765625,1748.377858240154,1701.9461634427546,1748.377858240154,3072096
2019-07-19,1715.9498291015625,1732.5149263205335,1704.0114618674775,1715.9911788115155,1953177
2019-07-22,1743.1728515625,1749.4106072638672,1709.2166677776445,1715.9913646488433,1920167
2019-07-23,1745.2796630859375,1759.7792933796163,1736.9764387548632,1758.0442190277176,3538588
2019-07-24,1732.349853515625,1752.1783519495177,1715.578208249107,1743.2554873130825,2413196
2019-07-25,1758.044189453125,1763.9102010147458,1728.8385841975803,1742.3466279452655,2544464
2019-07-26,1742.4703369140625,1759.6137231087414,1730.8623651976943,1759.6137231087414,1720592
2019-07-29,1759.779052734375,1769.693300918794,1737.7198908652217,1743.9162959804837,1647090
2019-07-30,1800.386474609375,1805.2197523403509,1751.8893069586277,1759.7794382082138,2851672
2019-07-31,1822.322021484375,1827.2791472816064,1773.9486952385316,1794.2729916895667,3000677
2019-08-01,1801.1300048828125,1832.0706847875326,1789.7285776419358,1817.6124042987922,2375236
2019-08-02,1821.990966796875,1825.8740069229082,1789.1086705844152,1795.3050755852848,2500816
2019-08-05,1857.764892578125,1860.7803956204957,1813.9769645204556,1817.5294086396684,3039682
2019-08-06,1829.9228515625,1860.533142768143,1827.0725446572046,1844.7117307635026,2885467
2019-08-07,1828.724365234375,1849.4203988709385,1823.6020439615272,1842.3978063355785,2165362
2019-08-08,1865.6142578125,1884.5338727398262,1833.2275432643091,1841.4894190764085,2073298
2019-08-09,1855.8232421875,1873.7101167386948,1851.7750050571806,1867.1833176822483,1744550
2019-08-13,1817.1583251953125,1855.823946253097,1812.903539623628,1854.7912117254102,1647281
2019-08-14,1821.2476806640625,1832.360064125577,1790.6787425540015,1801.9976728946383,1945002
2019-08-16,1788.7784423828125,1851.8163804119893,1770.7261667888254,1851.8163804119893,3755507
2019-08-19,1787.043701171875,1806.0460151464256,1782.6648667408977,1801.0888897617604,974884
2019-08-20,1806.665283203125,1821.7432031383976,1789.9349884804255,1794.47901914585,1843611
2019-08-21,1806.2109375,1819.2647393679838,1802.9475374594836,1805.1782032019937,1214408
2019-08-22,1830.8316650390625,1847.0661701951378,1792.8270366131615,1806.8722253792553,2131601
2019-08-23,1857.0216064453125,1867.1010536206072,1829.0964285584644,1829.9639657760692,2826425
2019-08-26,1880.65087890625,1885.3601078967902,1838.2674145794733,1856.4435418247535,2345475
2019-08-27,1847.768310546875,1879.4526812849017,1841.5719044082202,1875.4455912995334,3432106
2019-08-28,1850.040283203125,1860.69802083194,1830.8314246190132,1850.6599238026126,1294621
2019-08-29,1845.2486572265625,1857.4349243420672,1835.9540467147367,1835.9540467147367,1670652
2019-08-30,1866.853515625,1872.141035395635,1832.4840319980221,1851.486346126045,2583625
2019-09-03,1860.244140625,1897.091987745604,1848.1403708724472,1875.445912271156,2545060
2019-09-04,1855.1212158203125,1875.4455077318448,1844.8765721432642,1871.314570490145,2228092
2019-09-05,1830.253173828125,1861.937342819114,1823.6436739554688,1852.4775364675604,2055943
2019-09-06,1815.546630859375,1845.2893743000748,1811.498393684524,1830.8310962386236,1890550
2019-09-09,1803.443359375,1819.967108406703,1800.9234473064812,1817.612393487317,1703945
2019-09-11,1779.607421875,1813.481100750058,1773.4523669083912,1806.045415143338,2627440
2019-09-12,1762.7537841796875,1788.6959917846273,1751.8067994724606,1780.43411653389,2118859
2019-09-13,1769.6517333984375,1782.8707293506466,1747.8404707596412,1763.909772372871,2291174
2019-09-16,1776.302490234375,1795.6351901434189,1756.8043915196906,1784.5230125805665,2597948
2019-09-17,1753.706787109375,1781.7146639184555,1739.6204518327272,1780.392683258006,2796530
2019-09-18,1766.843017578125,1770.4781612766978,1745.8577376282956,1756.8047201390575,1454663
2019-09-19,1736.6043701171875,1764.5708911497004,1727.5576594440595,1763.9099009627291,1652691
2019-09-20,1706.44873046875,1759.2833745272367,1699.4674872575129,1739.0417831622347,6941979
2019-09-23,1665.4288330078125,1734.1675939117206,1631.7203420560497,1734.1675939117206,6323401
2019-09-24,1689.30517578125,1702.772069461693,1663.115078033182,1664.7674526760366,4620978
2019-09-25,1725.4515380859375,1728.384544551968,1701.9878897696265,1706.077478250389,4002232
2019-09-26,1724.7490234375,1740.7769794908318,1704.4247312242933,1733.258592916974,4234281
2019-09-27,1698.7650146484375,1722.765797162784,1694.8406247922394,1722.6006000363334,2046795
2019-09-30,1734.4156494140625,1738.2986907489744,1701.9464367599273,1703.4749644850306,2620039
2019-10-01,1701.905029296875,1731.6477815515268,1685.1747311536333,1731.6477815515268,3342877
2019-10-03,1702.1527099609375,1719.4199471468776,1690.5034869763547,1710.2080376746223,2317618
2019-10-04,1717.9329833984375,1725.0380745629989,1697.7738882597646,1702.441968453418,2163251
2019-10-07,1691.7840576171875,1730.4496719118092,1686.2486418582014,1718.4699534860652,2177916
2019-10-09,1668.9810791015625,1701.9459751995614,1665.1806373857846,1701.9459751995614,2066920
2019-10-10,1656.0517578125,1684.6379305481264,1649.9792988908619,1675.5085168777916,2881452
2019-10-11,1641.5106201171875,1648.244068437035,1590.4109432287178,1595.3680682465736,12593069
2019-10-14,1669.724853515625,1679.4325561523438,1625.936918218085,1648.2439795960772,3510704
2019-10-15,1683.19189453125,1691.2058732278297,1671.1294759157397,1678.8130602828285,2261310
2019-10-16,1690.7100830078125,1698.641462662883,1665.593963389286,1683.7700879897643,3034082
2019-10-17,1715.6729736328125,1721.6285995852031,1688.9362822446483,1701.3542686774283,3818774
2019-10-18,1737.974609375,1743.507646390046,1710.646422304936,1721.2059681216333,3087901
2019-10-22,1732.9482421875,1783.7186251195176,1723.3602975471028,1757.1085674869034,5552505
2019-10-23,1748.7451171875,1760.3606160653328,1733.8771961274329,1740.212922788069,2348134
2019-10-24,1758.7978515625,1773.158833059408,1741.3112859291944,1760.4873787974302,2798671
2019-10-25,1795.080322265625,1799.3464195790457,1752.9267022564368,1768.934930797428,3954245
2019-10-27,1787.266357421875,1798.501754865359,1781.4375709147666,1798.501754865359,224405
2019-10-29,1854.129638671875,1859.916146113747,1792.1661404770978,1792.1661404770978,5064173
2019-10-30,1903.08349609375,1909.1657528191101,1838.9237413567469,1879.5990265586372,5195136
2019-10-31,1917.3173828125,1930.2423055266822,1889.7359372132653,1900.7178626418627,4879261
2019-11-01,1859.2401123046875,1921.83717714234,1854.2560895944775,1912.544777604509,4172620
2019-11-04,1853.3692626953125,1883.1471828685205,1842.345055255302,1864.393470135323,2646411
2019-11-05,1860.0430908203125,1867.7725964094027,1832.2925199511508,1855.945904256652,2693475
2019-11-06,1848.7652587890625,1867.6035295419697,1840.740004067337,1858.480040820625,2540719
2019-11-07,1846.10400390625,1862.2811424933925,1837.5295306055482,1862.2811424933925,1915598
2019-11-08,1799.3045654296875,1849.69484846842,1794.2782622051689,1849.69484846842,2788759
2019-11-11,1774.8062744140625,1806.9495748121751,1766.4009167518739,1803.5705199738165,2983768
2019-11-13,1840.402099609375,1844.794829172217,1789.2093418916652,1789.2093418916652,3823365
2019-11-14,1855.776611328125,1858.4798134449154,1813.4538748982343,1847.920269050342,2995915
2019-11-15,1836.896240234375,1868.1947740802354,1832.0811287752706,1855.100937770833,2724180
2019-11-18,1818.4383544921875,1848.1317149301638,1815.1859318734726,1840.233092136787,1611089
2019-11-19,1781.4381103515625,1820.170410482227,1778.2279663612014,1818.776632577514,2975313
2019-11-20,1781.2261962890625,1803.570150583197,1769.3572273519933,1792.5459451827005,2894129
2019-11-21,1789.294189453125,1796.474681360557,1780.2550522943784,1784.14104805839,2052574
2019-11-22,1750.0966796875,1779.916875518447,1740.6353687734977,1771.469239659318,3742049
2019-11-25,1758.375244140625,1761.2896369987172,1733.6236320764951,1752.5041790007688,2737010
2019-11-26,1728.9359130859375,1772.2299562476524,1719.1366732832316,1765.4297724099047,6561580
2019-11-27,1735.398193359375,1750.0969999476329,1728.8512743704925,1733.4551955079933,2907521
2019-11-28,1754.86962890625,1769.272682324465,1740.2128989357639,1746.1685231633512,2924429
2019-11-29,1734.5107421875,1761.3319846394436,1728.2172950493582,1761.3319846394436,2064271
2019-12-02,1707.3096923828125,1746.7178359200682,1703.0435945114295,1740.2131967725916,3809860
2019-12-03,1732.610107421875,1741.9025068278431,1697.9748005450847,1712.927074704648,4664774
2019-12-04,1755.8411865234375,1758.7978591974004,1727.9639870260723,1734.2997141845644,3334301
2019-12-05,1791.997314453125,1796.6435148974879,1747.2671168778966,1759.6428228377881,3902721
2019-12-06,1793.940185546875,1797.6570631433897,1774.8484443911004,1794.278008513421,1829461
2019-12-09,1740.593505859375,1797.6150615534045,1734.7224387805918,1797.6150615534045,2244747
2019-12-10,1700.382568359375,1740.931328494229,1692.272857580631,1740.2131968631472,4520045
2019-12-11,1724.9229736328125,1730.0760114412146,1695.2295097459264,1710.9843729546972,4943024
2019-12-12,1707.182861328125,1760.1916766370634,1676.0110623765456,1732.6947851378468,7137306
2019-12-13,1749.7164306640625,1754.9116437855296,1695.4403748184784,1708.9565910601802,5711133
2019-12-16,1796.6009521484375,1804.4150152999,1757.361724922558,1770.624471942224,5574177
2019-12-17,1828.8712158203125,1832.2925502120916,1790.0543632546899,1796.3900912983001,6059673
2019-12-18,1831.23681640625,1861.3948442830085,1818.776549750966,1836.5165904127264,8251081
2019-12-19,1883.02099609375,1889.314445845535,1831.068016697595,1841.416374382195,6251505
2019-12-20,1877.8255615234375,1897.930983278073,1865.4498530779467,1875.3758287481228,5548338
2019-12-23,1885.2586669921875,1893.9174928914858,1866.927340238964,1866.927340238964,2247329
2019-12-24,1871.6585693359375,1895.2696739205144,1867.8992058115043,1891.4259577692715,1805896
2019-12-26,1860.1273193359375,1882.9782178260634,1854.4251645713227,1872.3341131023308,1880367
2019-12-27,1857.2130126953125,1880.7818376603982,1838.2058292585855,1865.238267924153,2720261
2019-12-30,1844.2877197265625,1879.5988769553364,1839.1347858759734,1864.3931332316529,2288830
2019-12-31,1826.1256103515625,1855.945809577988,1822.535364702629,1849.1877001211724,1909289
2020-01-01,1831.1097412109375,1844.8792234947725,1819.620873256601,1831.4475641691322,1354908
2020-01-02,1822.704345703125,1841.5426177806585,1815.5661335653608,1841.5426177806585,2380752
2020-01-03,1859.0286865234375,1877.9092329680661,1828.0681871987833,1828.0681871987833,4655761
2020-01-06,1858.8599853515625,1880.4014567225522,1848.2581611344808,1862.7037009032354,3023209
2020-01-07,1863.4222412109375,1870.8559973806894,1844.795158867594,1858.9026725530766,2429317
2020-01-08,1905.1531982421875,1909.1658255303596,1860.2118138628832,1862.7038253515234,5197454
2020-01-09,1870.6026611328125,1902.3656538587488,1866.927856385098,1899.6624511520313,3734173
2020-01-10,1869.9259033203125,1887.2012721054768,1865.237425608278,1882.1326921445848,1915807
2020-01-13,1850.3277587890625,1874.4878704140888,1845.5547214136905,1873.5587543368276,2843893
2020-01-14,1864.30908203125,1883.6542961142839,1854.2564756619365,1854.2564756619365,2948452
2020-01-15,1881.204345703125,1884.667959635941,1853.5806118370147,1869.462211866579,2620681
2020-01-16,1891.2568359375,1899.8733836234512,1871.151420509535,1881.246304532232,3117214
2020-01-17,1874.6148681640625,1903.7169310870152,1869.461728034991,1892.9039164457324,3281059
2020-01-20,1833.432861328125,1894.1290055397965,1821.4793319942742,1854.1716438415342,5817599
2020-01-21,1834.0240478515625,1847.1178836003255,1823.0421210945356,1833.0947253987538,1902980
2020-01-22,1864.30908203125,1866.9279322154348,1836.2629661077378,1842.4297828786712,1773686
2020-01-23,1855.0380859375,1877.729207318235,1848.8996407777402,1870.9981260366733,2069866
2020-01-24,1848.6453857421875,1855.0378761482093,1837.2999296896437,1855.0378761482093,1319430
2020-01-27,1836.6650390625,1857.1547033540303,1833.0666403458856,1853.9796456629,1549101
2020-01-28,1848.94189453125,1852.370998116009,1822.0597399112764,1840.6867446873212,1743024
2020-01-29,1824.26123046875,1851.6512708034243,1820.3664103488607,1850.0002821452374,2306761
2020-01-30,1810.0789794921875,1833.0663103539557,1799.1990344120811,1828.8329008612213,2098567
2020-01-31,1760.294189453125,1815.5825633852219,1753.9864501243133,1811.3913222700005,3287223
2020-02-03,1780.1490478515625,1858.213093174071,1772.2748632777887,1822.0598102147742,4728073
2020-02-04,1784.59375,1809.1051493235125,1766.6865107468786,1802.5857401257265,3509339
2020-02-05,1817.4451904296875,1826.0389295824505,1781.672877858837,1790.732333428379,2439322
2020-02-06,1802.0355224609375,1840.8557639361402,1791.155577254012,1816.1326935522836,2640065
2020-02-07,1808.978271484375,1821.212783710414,1794.1189626603289,1811.052600816632,2083442
2020-02-10,1830.483642578125,1834.7594269315478,1794.1187012773187,1812.6609496732926,2383032
2020-02-11,1823.2447509765625,1841.3638679623577,1818.3341612427819,1831.3729800349784,1335820
2020-02-12,1837.9346923828125,1849.9999091818245,1820.36604335969,1821.297476112163,1620407
2020-02-13,1855.8846435546875,1860.160429169367,1838.1466962797888,1839.797684904611,1645948
2020-02-14,1849.322265625,1872.860059981112,1838.1461076939395,1852.5396976666696,1500115
2020-02-17,1865.4520263671875,1877.0939033046884,1854.4027854591577,1860.1178886830219,1774724
2020-02-18,1876.035400390625,1880.4804803193401,1850.8889895643536,1862.6577851680308,2486223
2020-02-19,1859.610107421875,1888.100874253161,1854.6569350006946,1876.0356556620814,1760463
2020-02-20,1826.12353515625,1874.8922878199871,1821.424409341684,1866.510219822774,2317278
2020-02-24,1791.0283203125,1844.877155519693,1783.7043991584874,1825.4458507233098,3092877
2020-02-25,1825.5731201171875,1842.9300992964745,1787.345514510977,1791.1555831113083,2674567
2020-02-26,1798.013671875,1832.1347853002576,1788.9963860839925,1823.7527176106134,2686842
2020-02-27,1782.6885986328125,1794.9231097726379,1766.347597920889,1794.9231097726379,2349001
2020-02-28,1693.49072265625,1752.2080882726752,1684.8968812092892,1750.9380654978945,4298076
2020-03-02,1694.4644775390625,1739.0421955677132,1681.256157607159,1722.9976153806272,2667076
2020-03-03,1724.013671875,1744.1647427692733,1703.5240108989212,1710.2974662106465,2757585
2020-03-04,1763.80810546875,1773.333279072638,1714.531248699868,1740.778393741693,3237002
2020-03-05,1799.241455078125,1818.4610933163913,1764.527496365066,1765.9244388490056,3937056
2020-03-06,1791.9603271484375,1798.0563970556243,1753.9867581850333,1776.339083414552,2595027
2020-03-09,1669.9530029296875,1761.0135780696148,1638.3294550496732,1756.8649194977118,4940975
2020-03-11,1654.162353515625,1682.6109474688976,1625.6292153997167,1636.6360798789856,6796449
2020-03-12,1498.5,1615.807823280451,1488.7631577604227,1612.0824021004496,8728786
2020-03-13,1529.3616943359375,1540.961196063312,1275.1454310842842,1429.1145277232897,8029720
2020-03-16,1436.311279296875,1559.799820917011,1418.911923898886,1485.9268208491542,7844271
2020-03-17,1403.7984619140625,1465.6062349657673,1374.291621066486,1464.7595531431411,5713248
2020-03-18,1400.7503662109375,1450.8316144802177,1378.1862759627222,1419.7160588717827,7258778
2020-03-19,1395.5908203125,1437.4666269722372,1319.173852491675,1330.218453737501,5135111
2020-03-20,1532.98828125,1594.0110576031718,1387.616902472103,1390.1755077010005,8547498
2020-03-23,1424.0338134765625,1492.5191629998783,1379.7273576817445,1381.6463108913158,7003490
2020-03-24,1452.5623779296875,1509.5765916570176,1392.6057066848948,1409.8337053945918,6350865
2020-03-25,1492.7752685546875,1543.6914590118408,1432.8185917899957,1449.875955977972,2765520
2020-03-26,1527.4442138671875,1562.4971790901059,1469.10811408077,1562.1133259460546,4556067
2020-03-27,1556.05810546875,1577.806245610955,1492.8605896422032,1552.2201983848315,4331250
2020-03-30,1516.825927734375,1624.7137432296793,1504.075591183426,1506.165076400847,8513547
2020-03-31,1557.4224853515625,1582.0703953517955,1518.105285027599,1567.0599369510269,3927593
2020-04-01,1457.33837890625,1564.7997604671498,1451.581519179773,1557.2518985366332,4941878
2020-04-03,1410.8143310546875,1483.9904536909853,1407.2323267759343,1483.9904536909853,5735369
2020-04-07,1514.011474609375,1523.094541087107,1454.14017305764,1458.4045137410935,5427577
2020-04-08,1454.5240478515625,1540.2799880552966,1450.7288259590584,1501.0480503750398,6285615
2020-04-09,1506.2930908203125,1517.0818936457872,1476.4852867715956,1492.90299851605,5307397
2020-04-13,1500.4083251953125,1524.0754168674284,1489.1078219644824,1501.9008444899505,2990438
2020-04-15,1479.854248046875,1545.3971470659685,1473.585687725952,1522.3697061328662,4761399
2020-04-16,1463.564208984375,1505.2267909855013,1428.5966201256836,1458.3616307687257,6245533
2020-04-17,1540.4501953125,1579.4689077146468,1495.0776577259724,1535.1624551664293,9895823
2020-04-20,1551.068603515625,1560.7486357074638,1537.2947627665046,1560.7486357074638,3244282
2020-04-21,1481.9862060546875,1530.557000453097,1473.5001063873347,1505.3121266858914,5122541
2020-04-22,1509.150146484375,1526.633943038729,1466.2082572326076,1481.9863175377566,3829836
2020-04-23,1601.899658203125,1620.449541107913,1501.7729131042697,1518.1053595642554,5934366
2020-04-24,1550.9830322265625,1579.4687381033748,1541.8147018816376,1569.8739737889184,2987102
2020-04-27,1566.37744140625,1599.1275953816398,1556.4841928381295,1562.7101712534297,3374741
2020-04-28,1585.5244140625,1593.1575415819125,1562.965991331673,1590.5989373930765,2678505
2020-04-29,1625.2684326171875,1631.1532444770735,1577.8489778293676,1598.27513116481,4241510
2020-04-30,1718.06005859375,1733.0279350110475,1656.4403399399368,1688.6787949418672,5915544
2020-05-04,1646.41943359375,1676.7389408258857,1632.0913097901657,1676.7389408258857,3729348
2020-05-05,1648.3807373046875,1686.1201488300956,1643.4767459765271,1667.4423175582585,2905528
2020-05-06,1623.5198974609375,1666.2485737948612,1614.9912153938913,1654.3937890095779,3517431
2020-05-07,1613.327880859375,1649.830571233355,1606.2490343422683,1628.9779888834805,3166754
2020-05-08,1614.8206787109375,1654.1378821039598,1608.7226502287158,1653.7967140002902,2686530
2020-05-11,1650.555908203125,1664.2870657264177,1628.1254323678259,1628.1254323678259,2449841
2020-05-12,1662.666259765625,1668.636336102306,1629.1911888778072,1648.935105013233,3256595
2020-05-13,1662.7945556640625,1700.6192406201708,1642.3257182644215,1700.6192406201708,2656665
2020-05-14,1622.453857421875,1640.1508732042284,1612.8590898290329,1628.9783202069862,2263146
2020-05-15,1614.3944091796875,1635.2896823133785,1590.7698950483098,1634.0956458837593,3173682
2020-05-18,1659.34033203125,1665.6088924147987,1596.654519975991,1626.419640671826,3727694
2020-05-19,1661.941162109375,1677.1221492495547,1623.0077191234593,1623.0077191234593,3198693
2020-05-20,1666.1629638671875,1674.0946781962332,1647.485133173852,1663.0926597788,2778505
2020-05-21,1698.23095703125,1704.0305018848192,1655.5449701381501,1659.6813596936227,3400908
2020-05-22,1723.092041015625,1733.0279751795497,1672.6875572445333,1686.205495776198,3663418
2020-05-26,1657.122802734375,1726.2051223542846,1641.7711761521728,1718.5293090631835,4575317
2020-05-27,1710.2567138671875,1714.2651529290847,1655.6304617530277,1670.7688729293916,3482160
2020-05-28,1709.4034423828125,1717.676220669598,1681.2587972576403,1695.9280858001468,3475681
2020-05-29,1682.1541748046875,1707.9961167845202,1673.6681798696861,1690.3843718062415,7237735
2020-06-01,1744.3289794921875,1756.9087875584435,1689.617454436287,1697.2080035151953,3747773
2020-06-02,1745.9490966796875,1774.8186634393649,1739.8937534889687,1757.0789638427254,2443886
2020-06-03,1750.225830078125,1765.2804113706543,1727.857749712282,1755.1015309323038,3699799
2020-06-04,1789.0599365234375,1796.287814773662,1750.7390880419011,1750.7390880419011,4048593
2020-06-05,1752.02197265625,1794.5768820372575,1745.2217826722788,1789.1025651671957,3573289
2020-06-08,1772.12353515625,1792.0110081584862,1763.8692481740761,1777.6834738450473,2957841
2020-06-09,1772.3802490234375,1792.4387559697834,1762.2867797598408,1764.7246826457206,2909439
2020-06-10,1803.7720947265625,1823.6595641764227,1773.6201249154844,1776.6567480387037,5168397
2020-06-11,1768.6165771484375,1800.564926720615,1763.6127571642628,1796.2880504101147,2269513
2020-06-12,1744.5374755859375,1752.834572095224,1720.1592858069725,1720.330319056604,2842642
2020-06-15,1736.325927734375,1761.2173221373507,1711.5627560630367,1744.1953368488598,2399022
2020-06-16,1749.9266357421875,1774.0053642245175,1737.2670409448092,1766.3497979079425,2146528
2020-06-17,1751.63720703125,1761.0891438440908,1733.4604857880236,1750.0974900536958,2703527
2020-06-18,1743.33984375,1761.3882361653632,1732.3054848786117,1749.2419523943145,1944389
2020-06-19,1748.89990234375,1787.7339526285268,1738.1221970053427,1746.6759479748573,5681758
2020-06-22,1734.658203125,1755.4438635461001,1727.1309635456812,1753.5192692262176,3196138
2020-06-23,1740.9449462890625,1748.3866677366486,1719.3039149465087,1733.8452913415788,4205944
2020-06-24,1746.84716796875,1765.7082326391708,1737.780211854973,1739.8331331902984,2560937
2020-06-25,1724.5218505859375,1762.072841241202,1718.6625515844103,1740.6884620999253,3043931
2020-06-26,1812.411865234375,1823.6599658248078,1727.8151308264182,1732.1348174461707,6300722
2020-06-29,1797.6990966796875,1819.89624884091,1788.846089194922,1803.1308124034804,3076341
2020-06-30,1781.0191650390625,1806.4665740369785,1774.9461271823432,1796.2876939705359,3071725
2020-07-01,1789.487548828125,1808.2201802900945,1778.7525493821536,1778.9235826385732,2503466
2020-07-02,1845.172607421875,1851.887386559459,1794.5772457282885,1797.998746673433,3758699
2020-07-03,1881.5260009765625,1886.1023418921202,1847.8243011666452,1850.732493353834,4185208
2020-07-06,1935.885009765625,1941.6159815399387,1886.1022174920633,1886.1022174920633,5190366
2020-07-07,1941.6158447265625,1969.672189610641,1909.325434888337,1945.9783412440536,5630055
2020-07-08,1897.99169921875,1945.4650166024567,1888.3261277898566,1941.7014497480034,2793358
2020-07-09,1885.5460205078125,1919.8892442400713,1874.169490905235,1906.6309313482375,3443998
2020-07-10,1900.943603515625,1924.466427013062,1861.296870197191,1886.3166006444649,9610320
2020-07-13,1898.9329833984375,1920.2745533148582,1890.379231220967,1898.9329833984375,2963503
2020-07-14,1857.8319091796875,1915.1848514782594,1851.8870939930466,1890.3789735448652,2976738
2020-07-15,1910.82275390625,1933.148132240531,1865.659106200805,1868.9949862590975,5569321
2020-07-16,1915.83740234375,2000.066521833748,1903.2781313510932,1923.767370336447,8582118
2020-07-17,1886.689697265625,1923.6818482096082,1877.516693681746,1917.7666035593336,4509135
2020-07-20,1892.8194580078125,1909.1080450329634,1878.1598552653604,1886.9042127556434,2952646
2020-07-21,1907.52197265625,1919.181044963241,1887.0325213773183,1911.765535909535,2665286
2020-07-22,1878.2884521484375,1912.623122450519,1872.50171701776,1912.623122450519,2861534
2020-07-23,1861.356689453125,1878.2882459396003,1854.3269205187987,1878.2882459396003,2265766
2020-07-24,1849.525634765625,1854.3265639587582,1821.8352113524438,1847.0395663657628,3665100
2020-07-27,1891.876220703125,1898.9059888242716,1854.7553529667323,1856.0412938169518,4248480
2020-07-28,1980.1353759765625,1988.9226419593572,1898.9067465258518,1898.9067465258518,8092319
2020-07-29,1951.244140625,2007.7826406746285,1925.5253194378784,1964.9179386960923,6090431
2020-07-30,1954.201416015625,2021.4989861657573,1947.9860353329693,1959.6880131740008,7098496
2020-07-31,1955.830322265625,2001.60994450558,1935.2981741443718,1974.4764655680665,4723290
2020-08-03,1932.468994140625,1975.0766691423087,1912.365493700551,1963.5888051049292,4012337
2020-08-04,1928.654052734375,1945.757024248175,1907.5218417344079,1937.4413152447512,2927928
2020-08-05,1937.0555419921875,1971.7759444930432,1931.4831317142723,1937.4841889366426,3800641
2020-08-06,1978.72021484375,1988.493281981405,1942.0708991271279,1950.3437018787224,4748047
2020-08-07,1967.78955078125,1995.7801116685248,1960.6310633101014,1978.6342344205134,3165491
2020-08-10,1957.030029296875,1993.207780265742,1951.2432970315874,1987.2067245832216,2929353
2020-08-11,1954.544189453125,1982.0634061039977,1950.857993292014,1957.2018841416204,2774423
2020-08-12,1935.212646484375,1968.6898089114422,1925.9538296546166,1961.7887598233308,3415751
2020-08-13,1932.72607421875,1971.7758508643983,1929.3398053784038,1948.6289169629467,2695682
2020-08-14,1922.18212890625,1955.7453228022796,1914.4237837473374,1952.0589158398343,2270405
2020-08-17,1931.8262939453125,1946.0574586405135,1918.8383730405856,1940.0564003980098,2625630
2020-08-18,1945.8426513671875,1962.3455574312113,1927.4537407558962,1939.8845011677586,3493374
2020-08-19,1934.56982421875,1958.5740574607785,1931.05483491676,1951.5013815948237,2843005
2020-08-20,1931.3551025390625,1951.6729309082677,1920.3816961669886,1934.9127893443135,2895164
2020-08-21,1927.71142578125,1946.9147281956893,1921.238814041015,1937.4844939331826,1975294
2020-08-24,1927.282958984375,1937.4417685369099,1911.7658519813497,1929.4261942444436,2167966
2020-08-25,1922.6099853515625,1928.9111789228136,1914.8087368302963,1924.6247096363186,1663419
2020-08-26,1931.9122314453125,1937.3988299001367,1900.1494435568277,1922.0533494121992,2618149
2020-08-27,1927.5396728515625,1960.9314403266897,1921.8387516876694,1942.6281304000263,3579393
2020-08-28,1919.0953369140625,1954.587221305113,1916.1377147648539,1944.6854347183944,2941136
2020-08-31,1935.126708984375,1951.372386976022,1910.0508617198748,1920.3383888027467,6018154
2020-09-01,1925.781982421875,1952.9152470641936,1921.45260693686,1945.1996029800946,3610908
2020-09-02,1941.899169921875,1944.9855116439287,1921.752763520274,1926.33936954883,2084137
2020-09-03,1971.346923828125,1992.3506201246194,1944.3421714469177,1944.3421714469177,4654146
2020-09-04,1962.174560546875,1992.5655911647293,1940.0134267970236,1950.343861417558,5231303
2020-09-07,1994.9659423828125,2009.0683861004613,1957.5022383616697,1962.3458654934739,4620401
2020-09-08,2013.0972900390625,2049.317953642136,1994.9656096122972,2002.5954408287039,7453998
2020-09-09,1995.480224609375,2022.3564742763153,1988.922009462082,1993.2084793100607,3866535
2020-09-10,1998.4805908203125,2013.3547237021112,1992.60825318678,2001.7812560546859,2308813
2020-09-11,2035.3016357421875,2042.93146812207,1997.6233994710933,1998.309276486205,4145424
2020-09-14,2135.8623046875,2148.1645579804117,2041.945909291565,2043.8748208970546,7512131
2020-09-15,2135.8623046875,2175.8122909924314,2112.8869916712433,2135.8623046875,7318770
2020-09-16,2145.80712890625,2149.7507654801398,2123.7747124311595,2133.7621049602367,3074003
2020-09-17,2109.7578125,2139.5916881769745,2100.884944401881,2126.089306492596,4828176
2020-09-18,2100.2841796875,2143.5775203553167,2088.7107123802616,2130.375278406424,4183256
2020-09-21,2113.48681640625,2147.435531239836,2102.2132753856554,2113.229586361241,4598809
2020-09-22,2162.90966796875,2190.385980147287,2107.2284693550023,2130.375405348731,7499613
2020-09-23,2115.329833984375,2160.252160822618,2065.2210463876595,2151.807732018691,7502280
2020-09-24,1999.42333984375,2100.369678472371,1974.004663985595,2100.369678472371,8424708
2020-09-25,2076.623046875,2091.797106979511,2016.4410572145775,2030.0719464456893,8228267
2020-09-28,2080.05224609375,2095.2263063706687,2028.3573816992644,2091.797130746494,4347166
2020-09-29,2133.289794921875,2152.707624951161,2080.0519758533846,2087.3818796578107,6995811
2020-09-30,2136.634765625,2147.522362087684,2108.944116062157,2133.8056523897185,3917166
2020-10-01,2163.338623046875,2177.526881397934,2136.6339971781995,2151.8080599641003,2610337
2020-10-05,2319.665771484375,2338.7834664490993,2231.578827246479,2246.1099163337003,17412105
2020-10-06,2326.953125,2345.5563627715733,2271.9148925581817,2345.5563627715733,9846367
2020-10-07,2345.513427734375,2374.704329675827,2317.265632893054,2350.700098184519,9656101
2020-10-08,2422.45556640625,2473.2931414687678,2400.423152898631,2400.423152898631,19839329
2020-10-09,2411.52490234375,2426.0132952436484,2383.277109399946,2408.9959271272833,7739245
2020-10-12,2426.1416015625,2446.7166540139137,2401.06575638734,2413.710840706438,4623203
2020-10-13,2423.184326171875,2447.488484775687,2410.882073914188,2439.001358145839,4209878
2020-10-14,2418.923095703125,2446.817767312512,2399.9391227113006,2446.817767312512,4395936
2020-10-15,2359.51708984375,2434.5487167250844,2347.8080984914877,2420.1278198971663,6629355
2020-10-16,2379.06005859375,2386.248855555034,2351.509694706453,2367.695575528759,5273773
2020-10-19,2334.506103515625,2388.2723219330214,2330.2444483682893,2388.2723219330214,3331194
2020-10-20,2358.13916015625,2376.132909028188,2340.016142827005,2346.0858749272656,3406273
2020-10-21,2303.38330078125,2366.749243094682,2292.7507047607205,2358.1397514864802,4570143
2020-10-22,2299.72412109375,2313.0688322406895,2271.269921286172,2290.985571742331,5262294
2020-10-23,2313.1982421875,2326.28462736434,2298.8204332723008,2314.059191346406,3499091
2020-10-26,2314.4033203125,2333.1289631705963,2299.1645633354756,2315.909981232117,2672752
2020-10-27,2264.42529296875,2340.1888171708038,2259.2167188339877,2324.3474370965296,3537502
2020-10-28,2257.580078125,2286.6371024006153,2243.6327485112233,2281.5144986779515,3569445
2020-10-29,2266.5771484375,2285.8194413712863,2238.682486789336,2245.3548410908907,3105968
2020-10-30,2294.30029296875,2302.4793094178826,2257.064244397699,2269.548006346375,3427003
2020-11-02,2242.428955078125,2294.301157903055,2238.511593158194,2290.125469117234,2571196
2020-11-03,2267.3955078125,2294.429223972873,2239.3715741265737,2241.9113317918805,2879269
2020-11-04,2284.227294921875,2343.3746733495504,2247.077420872264,2247.077420872264,4893928
2020-11-05,2312.2509765625,2333.1720819186035,2296.151270286685,2311.6483542256274,2816502
2020-11-06,2330.9765625,2335.9701092408595,2308.4628279622434,2323.7015847566868,3884421
2020-11-09,2347.4638671875,2362.4442972401707,2320.343970918161,2351.3381380831197,3646592
2020-11-10,2281.170654296875,2335.88379748692,2271.4849776230476,2322.151702374554,4760020
2020-11-11,2314.058837890625,2318.3635830276367,2275.832574958379,2296.968915619634,3242441
2020-11-12,2299.638916015625,2335.755700978948,2291.632044629825,2312.510067390142,2437505
2020-11-13,2287.41259765625,2294.343069445796,2269.4617256505835,2286.4654696117364,2548093
2020-11-14,2299.03515625,2315.0917703945433,2290.167339858533,2305.5782422783477,298819
2020-11-17,2295.33349609375,2320.257931651249,2281.5583098576017,2320.257931651249,2827273
2020-11-18,2261.41162109375,2293.7402982870026,2244.537146702465,2290.9853035080814,2893762
2020-11-19,2270.236328125,2304.0285762872095,2265.027754842633,2270.322507101827,4167501
2020-11-20,2290.33935546875,2303.899300905695,2262.1863679334238,2285.819373656435,2711471
2020-11-23,2345.4404296875,2350.390886683261,2294.4291989050885,2315.9529249736165,3706418
2020-11-24,2343.546630859375,2361.5834731674927,2328.867406094811,2354.179226542401,3120516
2020-11-25,2325.681640625,2352.9305931581944,2314.403124333279,2349.5298865518403,3302249
2020-11-26,2342.298095703125,2351.2087923546983,2307.34347980514,2312.5091741629126,2341099
2020-11-27,2307.04248046875,2339.801640146145,2297.9165449030984,2328.867627151474,6086808
2020-12-01,2347.635986328125,2355.4704968169954,2259.5177641778523,2306.4825783892575,3605017
2020-12-02,2367.22216796875,2371.6559708726813,2326.6713893666697,2340.9201361692967,2509032
2020-12-03,2332.6982421875,2388.1863635837553,2325.251117362909,2388.1863635837553,2852548
2020-12-04,2348.281494140625,2358.010259908781,2323.7013580772364,2333.8605983467037,2686527
2020-12-07,2357.020751953125,2362.444774340915,2329.857760705237,2337.47724574912,1996400
2020-12-08,2408.332763671875,2415.435593169417,2352.5001349989884,2359.000342214054,4277818
2020-12-09,2419.955810546875,2445.0954826254792,2404.759932576233,2423.571754785466,3659996
2020-12-10,2397.140625,2434.1614363591725,2393.6537391008965,2426.154567677844,2127801
2020-12-11,2396.537841796875,2417.2865876316614,2380.1367204780763,2404.3723519779046,1795408
2020-12-14,2408.67724609375,2414.101267442154,2372.9909480696992,2412.3793692485433,2483658
2020-12-15,2377.55419921875,2406.094579848288,2371.9149401718228,2398.6043641810156,2365509
2020-12-16,2422.883056640625,2427.7044559591814,2376.6070398138168,2392.5776885897876,2565149
2020-12-17,2443.545654296875,2456.890365132334,2414.9621866749385,2420.12788119189,2863460
2020-12-18,2463.17431640625,2495.0294194146495,2450.432233164378,2469.2009575159473,6076692
2020-12-21,2428.00537109375,2485.1294244456963,2397.743096165343,2463.175223744721,2705195
2020-12-22,2473.076904296875,2482.676405070241,2426.7146996640454,2439.9303557101284,2881737
2020-12-23,2504.28515625,2513.109882627847,2467.0060261957933,2476.132168770902,2790988
2020-12-24,2504.80224609375,2515.1336348727555,2482.288301930581,2504.5008298439716,1807144
2020-12-28,2522.064208984375,2539.541517749589,2498.474287725912,2505.3618805246047,2108994
2020-12-29,2523.0107421875,2541.5211434695443,2513.9707787706875,2513.9707787706875,1994151
2020-12-30,2504.75927734375,2537.819638953184,2498.4743068283597,2526.368973799279,2637968
2020-12-31,2464.681396484375,2501.056486520691,2449.399553924739,2496.751742137695,4040956
2021-01-01,2521.073974609375,2531.1901256216383,2478.672235260101,2479.533184282421,2681440
2021-01-04,2616.81201171875,2626.540779746348,2532.0085152654137,2539.800147587225,5113293
2021-01-05,2662.916015625,2681.2111870870212,2616.9414100045724,2616.9414100045724,5801309
2021-01-06,2627.185791015625,2680.564627339718,2614.874178663641,2668.941816204633,3726716
2021-01-07,2611.086669921875,2652.4553193429574,2583.0627325596793,2647.418682650117,3717827
2021-01-08,2686.936279296875,2693.049102705534,2634.504556994544,2660.3330330435106,5879039
2021-01-11,2734.761962890625,2780.865833216699,2709.019666654015,2780.865833216699,9508039
2021-01-12,2733.3837890625,2763.6460598148933,2711.9891241174187,2734.7611812322,3611458
2021-01-13,2719.69482421875,2735.2349958370237,2691.5418337222204,2733.513097822647,3572801
2021-01-14,2804.0126953125,2817.641617749543,2691.61751993429,2721.4631268941703,6931542
2021-01-15,2789.04736328125,2824.1114607421646,2768.905861020876,2790.4705484120045,4131692
2021-01-18,2779.041015625,2809.231575273289,2749.411053561698,2803.4091101982617,4160906
2021-01-19,2812.638671875,2828.4240632946203,2787.882455800004,2788.7450431935063,2975735
2021-01-20,2854.129150390625,2870.6476143956615,2818.1592989480555,2820.6607181001477,3453446
2021-01-21,2823.98193359375,2854.4311013086226,2813.846531321214,2850.851447721759,2778546
2021-01-22,2849.212646484375,2868.1032271116046,2796.422126882678,2796.422126882678,3052459
2021-01-25,2839.0341796875,2880.8696719465147,2828.1223218457994,2854.2587642828466,2272887
2021-01-27,2812.941162109375,2852.1025525039727,2783.570014017095,2846.538904944659,2786662
2021-01-28,2757.303955078125,2824.973898403804,2746.3059650919727,2786.1574631585613,3083938
2021-01-29,2683.811767578125,2774.8147510394783,2674.0213149781584,2768.9491137784144,5445659
2021-02-01,2707.963623046875,2730.0889038600712,2625.802179731655,2674.0207273195015,3985846
2021-02-02,2763.256103515625,2780.9823201624895,2717.1508401091323,2737.852941748059,2881837
2021-02-03,2760.32275390625,2791.3327277214676,2728.0618599311533,2771.493218222829,2505866
2021-02-04,2750.317138671875,2792.929088556471,2739.5779661560728,2774.1246384838455,2057261
2021-02-05,2724.0078125,2765.3258749331653,2699.035949619647,2759.3738955726767,2366135
2021-02-08,2772.4423828125,2782.707089139848,2721.5926846096877,2751.2226474927297,2526592
2021-02-09,2740.353759765625,2799.7861565268718,2729.226466814964,2755.9666755606227,2658751
2021-02-10,2771.75244140625,2777.014098773205,2723.4475416582923,2747.3411731650913,2127983
2021-02-11,2765.455810546875,2776.928267599993,2747.3846426744685,2773.2190988484726,1165882
2021-02-12,2752.34423828125,2799.5277324326526,2744.753426159513,2746.6510765417843,2777404
2021-02-15,2708.39501953125,2768.0428515244666,2701.2355022903666,2768.0428515244666,2630853
2021-02-16,2681.6123046875,2732.3754572987605,2674.021491882332,2717.15087078366,3435770
2021-02-17,2650.817626953125,2702.357228065124,2627.0533001377667,2678.4204258750324,3678426
2021-02-18,2637.2314453125,2672.209192906776,2614.5021850359653,2643.83015411918,4189909
2021-02-19,2649.7392578125,2662.936676901493,2601.6929699093357,2637.7923377748643,3725028
2021-02-22,2551.921875,2670.570824384041,2538.7242445051543,2670.570824384041,5366696
2021-02-23,2570.6826171875,2611.9143320510802,2560.1590942957746,2561.8842688876184,3832829
2021-02-24,2542.993896484375,2590.6518484285643,2519.7469985099015,2563.6096502829137,3774549
2021-02-25,2583.708251953125,2613.553651608383,2560.5476944966717,2565.335097001332,4224073
2021-02-26,2496.587158203125,2563.9121577933784,2484.2521142672244,2553.2591174413137,5553153
2021-03-01,2522.37890625,2557.572526473128,2503.057026037502,2523.9316062260955,3265871
2021-03-02,2593.239501953125,2609.3266714092324,2542.9074470460882,2553.258494998786,3306469
2021-03-03,2638.741455078125,2642.968049510322,2585.0883451289606,2617.9530124881944,3509857
2021-03-04,2630.633056640625,2658.02020976572,2601.6070715025844,2607.602012509075,3916760
2021-03-05,2594.70703125,2642.278659733983,2584.8304439822095,2601.6509045091498,3203686
2021-03-08,2593.757080078125,2616.227523444832,2584.311790385993,2601.563537985365,2003125
2021-03-09,2631.7109375,2645.469164158386,2580.9477962993865,2593.7570925981777,1942397
2021-03-10,2648.962890625,2668.155461410439,2639.517600154739,2652.456411920203,3053778
2021-03-12,2637.749267578125,2688.685098946833,2623.430442171593,2652.456425813767,2938317
2021-03-15,2644.822021484375,2673.1580991245287,2623.1280346685035,2623.1280346685035,3097083
2021-03-16,2682.68994140625,2709.3869788790357,2639.517400627141,2639.517400627141,4894756
2021-03-17,2685.19189453125,2721.4637434363112,2661.341432807614,2678.3343655688577,3838390
2021-03-18,2619.2470703125,2714.0885284017268,2576.5921584949374,2696.4054837972785,3656306
2021-03-19,2631.064453125,2673.158766887321,2592.0755387210065,2613.6402270631115,5776626
2021-03-22,2699.596435546875,2708.0498337575755,2603.8492389926228,2629.770031169302,2821646
2021-03-23,2710.767578125,2733.539804025609,2693.7314748970084,2708.5247663743808,3305973
2021-03-24,2692.221923828125,2719.134611643029,2683.6390097502326,2683.6821812436565,2207104
2021-03-25,2643.70166015625,2700.6324411114897,2630.8921502042517,2684.5450561980792,3179786
2021-03-26,2645.383056640625,2689.547489004796,2624.8966060749212,2665.9556395899776,3697370
2021-03-30,2724.525146484375,2750.3164224032726,2640.2933706563263,2659.3566341390606,4694008
2021-03-31,2741.17333984375,2764.592502547157,2701.623624954039,2721.463134332693,3530069
2021-04-01,2730.08935546875,2773.2187291728374,2712.837605987115,2752.6029727793416,4285076
2021-04-05,2793.834228515625,2814.622668965383,2718.012880756948,2735.2646286513113,5317862
2021-04-06,2816.0888671875,2824.973558972409,2786.157128391109,2824.973558972409,2291562
2021-04-07,2821.8681640625,2827.173202604607,2790.2975935030586,2811.1721651917283,2491268
2021-04-08,2861.504638671875,2876.72922333794,2817.2538591748644,2820.6610375757314,2578118
2021-04-09,2865.731689453125,2893.4208359917825,2853.439816001486,2893.1188460909866,2911129
2021-04-12,2800.43310546875,2879.403022361947,2771.665732059278,2865.7309281284092,3791828
2021-04-13,2677.514892578125,2772.3563503735863,2650.7746788688587,2772.3563503735863,8654596
2021-04-15,2776.625732421875,2792.411124320326,2663.195486735529,2726.035064495398,6062760
2021-04-16,2756.0966796875,2800.821930883708,2745.2713738060534,2785.2953541187226,3224657
2021-04-19,2727.328857421875,2750.7911923595366,2704.297816180099,2733.539444524105,2679106
2021-04-20,2712.44921875,2782.146321965287,2696.750170373957,2781.844332141803,3141893
2021-04-22,2690.237060546875,2715.4245652213904,2678.548961611729,2715.4245652213904,1988980
2021-04-23,2682.21533203125,2690.40991175606,2666.3006377368515,2678.333689003708,1615309
2021-04-26,2674.71142578125,2719.7384522344405,2663.713434894479,2675.789660181914,2490260
2021-04-27,2701.623779296875,2705.1604719295583,2676.6087443033857,2679.1965065440913,1471417
2021-04-28,2694.809814453125,2718.0133350119418,2684.3724209956085,2717.107575977585,1639037
2021-04-29,2687.175537109375,2723.490552768404,2678.765309523526,2713.35515029315,1621395
2021-04-30,2618.51318359375,2701.666729816196,2605.013775912573,2673.158176010948,3072305
2021-05-03,2619.677734375,2635.2043063930273,2591.212352341949,2609.2403433925037,1545831
2021-05-04,2630.67626953125,2665.3954169527215,2617.95310370599,2641.93307870196,1990777
2021-05-05,2670.311767578125,2673.503298834241,2632.961691102309,2648.14331355387,1939289
2021-05-06,2683.8974609375,2703.3488484717996,2651.5936056803803,2678.7651081458753,1791671
2021-05-07,2702.399658203125,2725.646554328508,2684.199192594216,2702.486001169855,1912540
2021-05-10,2713.26904296875,2729.3993874671364,2695.5859988165134,2713.657165234048,2137153
2021-05-11,2693.515869140625,2698.260100491733,2666.387323213347,2695.5859949476826,2415625
2021-05-12,2663.3251953125,2691.272945509579,2648.661208109403,2691.272945509579,1978558
2021-05-14,2632.18505859375,2672.7266603482663,2622.2653049729643,2672.7266603482663,2043935
2021-05-17,2647.92724609375,2652.6283045505916,2618.8149260169803,2635.2040839861247,2890462
2021-05-18,2664.360107421875,2694.7231429706226,2655.0441210190706,2674.021044561117,2098538
2021-05-19,2658.49462890625,2689.5477783678416,2645.6421596161504,2660.2198038763386,1986041
2021-05-20,2639.517333984375,2664.3598921874577,2632.7029780454495,2645.6417885061574,2329027
2021-05-21,2657.200439453125,2663.8423201990017,2635.290804111499,2640.3799854458744,1685566
2021-05-24,2658.062744140625,2678.3335455319293,2649.8681648547786,2658.062744140625,1652260
2021-05-25,2699.236572265625,2711.5885700674185,2671.5855179759806,2680.166821273382,1841613
2021-05-26,2737.809814453125,2743.4440597575244,2690.395515523739,2704.437746111683,1923753
2021-05-27,2756.445556640625,2789.1675125409974,2740.669715590691,2740.799651958414,5959785
2021-05-28,2724.893310546875,2772.0475049055676,2718.0020287834204,2764.679648810603,1763701
2021-05-31,2738.37255859375,2748.08096384286,2711.8917807222774,2730.441361193668,1652799
2021-06-01,2733.041748046875,2747.7340804858504,2714.8388058619767,2746.5640183190408,1377441
2021-06-02,2712.628662109375,2738.6328676832036,2700.103345415868,2731.178455725699,2240078
2021-06-03,2722.857421875,2734.3859970164117,2706.734727421862,2734.3859970164117,1281706
2021-06-04,2725.02392578125,2736.379179711541,2708.7712979932903,2711.3717184393636,1836060
2021-06-07,2759.21923828125,2765.5035872962007,2716.2257499250245,2726.107262347712,2559821
2021-06-08,2773.911376953125,2800.6524483029743,2762.686272510254,2772.047827196816,2574057
2021-06-09,2773.99853515625,2791.1179699095774,2761.8198569692045,2775.5154470964185,1710925
2021-06-10,2788.34423828125,2794.5852050996004,2767.714193512104,2782.449909543957,1874324
2021-06-11,2837.752197265625,2868.2637548720177,2783.316686882457,2783.7934729559292,3452954
2021-06-14,2839.962890625,2868.003967055523,2834.7620491899106,2842.259844276386,1847360
2021-06-15,2828.173828125,2858.7287671921695,2818.46563449062,2858.7287671921695,1304985
2021-06-16,2838.22900390625,2855.868395770496,2819.7225935967435,2827.610620330609,1635552
2021-06-17,2875.848388671875,2891.7109961422934,2825.7902937443487,2830.557731356494,2273413
2021-06-18,2858.12255859375,2910.737697398462,2838.7927215544855,2904.5832834904045,3380431
2021-06-21,2837.1455078125,2848.327231222669,2818.595714756018,2830.124287870364,1130569
2021-06-22,2861.503173828125,2883.910219018123,2847.460943009078,2863.9302757083697,1708688
2021-06-23,2827.003662109375,2885.5998874590587,2822.6696280338883,2885.5998874590587,1467104
2021-06-24,2924.259521484375,2932.4074208008446,2841.8261096942265,2846.593547120891,4155204
2021-06-25,2930.5,2946.8391785759964,2903.8023125333584,2925.689180709916,2722861
2021-06-28,2892.31787109375,2939.775548007628,2889.067345277731,2939.775548007628,1355238
2021-06-29,2895.87158203125,2917.9317727636685,2883.432819803857,2896.8683252020114,1497322
2021-06-30,2900.118408203125,2931.540149904496,2893.8340598628506,2900.335109870031,1693146
2021-07-01,2896.435302734375,2914.2048444689417,2888.5041041214736,2910.7376168134165,990310
2021-07-02,2882.5224609375,2894.874457109893,2856.3015567820694,2887.3332807186644,1682274
2021-07-05,2878.666015625,2924.606786124285,2862.1966828045015,2896.8689624266035,1972858
2021-07-06,2827.783935546875,2884.7331013836533,2822.409775579186,2871.730999063715,2159420
2021-07-07,2838.749267578125,2845.4670211779494,2809.8413838996457,2838.7926502484866,2640710
2021-07-08,2824.48974609375,2858.7286121274165,2801.432602292869,2858.7286121274165,2485811
2021-07-09,2780.84619140625,2844.8599591707584,2774.648607344789,2817.122141165437,6365067
2021-07-12,2767.80078125,2804.9867070246833,2763.6834490935203,2804.1199002548983,1892226
2021-07-13,2762.990966796875,2785.9179718762075,2752.112495552881,2785.9179718762075,1809339
2021-07-14,2786.39404296875,2792.8517117716633,2760.7798578500147,2762.5134715755094,2044279
2021-07-15,2782.398193359375,2807.5037106455648,2774.6233831528752,2803.8117415227093,2232968
2021-07-16,2775.318359375,2797.079301954626,2772.885960852065,2791.128631647144,1256526
2021-07-19,2766.45703125,2779.6612046170226,2758.986140117365,2762.4609337447164,1597058
2021-07-20,2784.87353515625,2792.8655184842964,2741.7425298362173,2766.4571704217306,1811945
2021-07-22,2794.038330078125,2801.5090094588377,2771.148041204873,2771.148041204873,2859334
2021-07-23,2790.99853515625,2815.930143928845,2785.612433872691,2805.8966321307703,1776193
2021-07-26,2777.70703125,2800.901239619414,2771.886793507054,2779.8353002348217,1259611
2021-07-27,2765.0244140625,2788.5227557137127,2746.0867404696974,2779.8357689357886,1121367
2021-07-28,2777.92431640625,2783.7010770355455,2721.1113029465578,2769.411028043648,1660654
2021-07-29,2776.186279296875,2801.943101003976,2771.408438285911,2780.0519446070157,1731997
2021-07-30,2751.5595703125,2800.250173367633,2747.129334329476,2796.341029337804,2999943
2021-08-02,2796.687744140625,2801.4655856823283,2751.168029558959,2762.461109566621,2608669
2021-08-03,2853.587646484375,2858.018093712723,2796.297022250731,2805.0274846803595,3804735
2021-08-04,2844.07568359375,2871.2225143143883,2832.99977665973,2866.705324099397,2929598
2021-08-05,2852.76220703125,2879.73533608023,2834.128667861765,2844.9873983899706,2534521
2021-08-06,2875.218505859375,2887.5539828638334,2836.300768366551,2842.859484842023,2292362
2021-08-09,2886.424072265625,2898.846501548629,2875.3916452280378,2887.466467907405,1510489
2021-08-10,2896.154052734375,2910.053229734612,2880.2570387080414,2880.2570387080414,2040777
2021-08-11,2905.100830078125,2918.8263057183526,2890.2462163086793,2910.1393226656196,1929707
2021-08-12,2911.660400390625,2925.776751999888,2889.2914124559466,2889.2914124559466,1310205
2021-08-13,3008.649658203125,3023.070135060509,2916.6545915131205,2919.477861035806,4363584
2021-08-16,3016.946533203125,3035.5368090935935,2985.282514035125,3005.6969295974195,2083489
2021-08-17,3086.529296875,3093.2617103569523,3008.302953290365,3024.89517973779,4336019
2021-08-18,3093.044677734375,3122.9713004918467,3072.239389790579,3104.598410915286,2631309
2021-08-20,3092.13232421875,3105.5971510274003,3040.4447632436086,3045.656954266312,2836148
2021-08-23,3159.803955078125,3190.729707647399,3094.2172159201127,3109.9407441812386,3744176
2021-08-24,3138.78125,3185.8213991107027,3122.4496764479563,3176.8302851679027,2511141
2021-08-25,3178.5673828125,3212.22944514756,3133.438544240862,3136.0011620533273,2123263
2021-08-26,3189.730224609375,3203.4122240650895,3168.924728785256,3179.436063994583,1902533
2021-08-27,3231.6884765625,3239.8108919607075,3171.7050178376517,3184.6485399994513,3944728
2021-08-30,3215.3134765625,3249.2361919871105,3203.4123507283152,3227.2146023966848,2033114
2021-08-31,3289.283447265625,3304.616103294764,3217.181470574093,3222.3501843175904,3207480
2021-09-01,3227.17138671875,3315.5614573561893,3220.2652761964287,3297.5794411765964,2643336
2021-09-02,3332.9794921875,3352.438256803053,3233.2963236911123,3243.720707324722,3403717
2021-09-03,3337.583251953125,3350.483297959247,3305.0070568599826,3322.771899500522,1746812
2021-09-06,3346.226806640625,3368.4655743015705,3313.216261819144,3344.2287575634564,1723693
2021-09-07,3314.86669921875,3361.819898080558,3308.221240170939,3356.651184145082,1585039
2021-09-08,3278.598876953125,3314.0853011187455,3262.8320815208413,3309.7418079324825,4147175
2021-09-09,3293.583251953125,3308.6117777077047,3270.649697473994,3292.1065069900405,1441148
2021-09-13,3340.449462890625,3346.5736169166,3272.3868587098586,3272.3868587098586,1691473
2021-09-14,3375.675537109375,3384.883826372717,3322.771881400139,3344.4458673337895,1991188
2021-09-15,3435.3115234375,3457.419856737662,3358.3882327004526,3372.374362683401,2461369
2021-09-16,3390.79052734375,3458.93987481296,3381.0611476226836,3413.9847323450576,2946666
2021-09-17,3325.24755859375,3427.015500602913,3305.3977135092737,3405.2980386219065,6477148
2021-09-20,3321.468994140625,3362.7321763615428,3307.8739463058937,3308.8728648310816,2002008
2021-09-21,3355.73876953125,3363.2096613345666,3319.8614796911293,3351.438754448293,1568129
2021-09-22,3355.043701171875,3385.1877076595533,3346.6173684546684,3355.3478304693117,1744067
2021-09-23,3361.2119140625,3369.6817250496706,3331.458988287055,3361.86343798459,2003869
2021-09-24,3362.9921875,3426.49391383993,3348.8323610402954,3379.2368053039554,2320754
2021-09-27,3333.15283203125,3391.399111754299,3303.573604226205,3387.92431758242,1673362
2021-09-28,3282.941650390625,3344.4890201802423,3258.705048558736,3344.4890201802423,2253075
2021-09-29,3294.017822265625,3306.2665561909757,3233.4261006959136,3266.13272711656,2489161
2021-09-30,3279.814697265625,3305.3978259324667,3257.706362633929,3305.3978259324667,2252412
2021-10-01,3240.4189453125,3309.7411246713523,3235.9017557482384,3285.200393235141,1578374
2021-10-04,3277.860107421875,3286.8510096871387,3220.6562261020495,3235.728229979652,1356860
2021-10-05,3329.98193359375,3335.802171006452,3250.322325208248,3261.0941015516205,1877966
2021-10-06,3310.523193359375,3350.9611529611852,3296.710971356703,3332.32761162696,1678154
2021-10-07,3381.755859375,3387.0550043592734,3318.4713092552415,3327.1148157722537,1647233
2021-10-08,3418.893310546875,3466.0202061548184,3387.924292552639,3409.641755966438,2934339
2021-10-11,3201.6748046875,3264.1341328006793,3179.436041530402,3261.9623868706717,11845402
2021-10-12,3173.2255859375,3220.2655276267183,3153.8970431833336,3219.396829075969,5752877
2021-10-13,3175.2666015625,3192.857745560252,3166.4059195953646,3170.7494119404887,3545655
2021-10-14,3143.28076171875,3194.2406932053873,3140.4520744563747,3155.0742541878826,6442299
2021-10-18,3174.35302734375,3179.1835977264323,3134.577371767137,3136.31810253628,3590107
2021-10-19,3163.0380859375,3211.7351962506837,3155.2483587152783,3193.3704027509225,3135441
2021-10-20,3141.017822265625,3159.425962920744,3114.4281204926015,3143.7593878979965,2933693
2021-10-21,3074.5654296875,3139.7992665819975,3056.070167017759,3136.883670314862,4871211
2021-10-22,3045.2783203125,3099.89375374522,3033.223673514387,3098.5010839917413,2691670
2021-10-25,3040.142578125,3058.94255450439,3002.7604291932066,3048.8897923083487,2595594
2021-10-26,3031.135009765625,3071.5198844282368,3024.520146893772,3041.4922743367733,3878763
2021-10-27,3037.357421875,3056.070276540897,3031.482455875242,3031.482455875242,2510813
2021-10-28,2978.085693359375,3061.9454848556675,2972.297848431525,3061.9454848556675,2424942
2021-10-29,2957.28369140625,3012.3342965071097,2947.0133383911043,2959.2855740900413,3960501
2021-11-01,3025.738037109375,3034.963994875041,2970.513397796722,2992.2725316859896,2020718
2021-11-02,3032.52685546875,3058.115723793771,3019.950118885597,3041.056478243757,3087414
2021-11-03,3039.532958984375,3063.5984724746827,3016.7294325728367,3049.9337809315916,1537639
2021-11-04,3053.80712890625,3057.8108942881813,3050.63038055364,3057.5497421995287,328991
2021-11-08,3048.671875,3088.0559025051743,3029.9154613914975,3088.0559025051743,2526082
2021-11-09,3051.239501953125,3076.7412470079594,3042.7970012842507,3053.2413845838532,1782692
2021-11-10,3032.61376953125,3063.4246152630417,3029.045186907905,3044.5377312978912,1516489
2021-11-11,3036.00830078125,3055.0258682331873,2990.5752730659246,3028.8713475755,1284514
2021-11-12,3068.951416015625,3076.001247008398,3033.832093367419,3051.500550347196,1747259
2021-11-15,3092.669189453125,3106.8561869215628,3070.64890396437,3070.64890396437,1809157
2021-11-16,3095.367431640625,3112.03505658905,3082.834254844541,3106.334120705863,2013204
2021-11-17,3065.33935546875,3100.9809832225665,3051.8486938011238,3090.319008678797,1632914
2021-11-18,3025.12841796875,3064.425535995087,3004.152743208787,3059.4642841407654,2136598
2021-11-22,3010.0712890625,3060.16085491759,2994.317804519924,3027.4785951812783,3167936
2021-11-23,3015.16259765625,3029.6976537740597,2966.0305253713514,2998.4080678143264,2153461
2021-11-24,2996.928955078125,3040.229629838049,2980.130861868933,3022.082427881749,2161746
2021-11-25,2999.192138671875,3014.075472464091,2988.8784358610933,2997.4514078185894,1849619
2021-11-26,3000.018798828125,3037.574977522078,2969.5993607935234,2981.0012315223835,1941251
2021-11-29,3048.019287109375,3071.8238631118234,2964.8558400184647,3000.2796653058103,2981745
2021-11-30,3071.649658203125,3101.7643830180255,3038.4453065214807,3038.4453065214807,5588446
2021-12-01,3113.9931640625,3124.611578739854,3076.7414849151487,3076.7414849151487,2102118
2021-12-02,3170.65380859375,3175.092756819471,3110.772843260999,3123.9152323855865,3152938
2021-12-03,3168.521240234375,3190.7155548684677,3160.165861043513,3173.743431912985,2486263
2021-12-06,3077.9599609375,3183.7964732572673,3065.426784803744,3168.5215187563167,1849642
2021-12-07,3119.82421875,3131.5741495501466,3067.4282735320944,3100.6761833719834,1484458
2021-12-08,3156.72802734375,3173.743712566218,3134.185649600943,3134.185649600943,1428660
2021-12-09,3134.837890625,3163.5599425138385,3103.722334412091,3142.0184035972097,1567957
2021-12-10,3165.344970703125,3169.87082834413,3111.6434673176273,3120.2599998939336,1510718
2021-12-13,3141.714111328125,3187.2778211020996,3134.7947494906152,3176.8334371989795,1883864
2021-12-14,3154.02978515625,3163.777833920644,3113.0354949388247,3137.6668751812713,1747007
2021-12-15,3107.508544921875,3153.333188709583,3096.88991925595,3150.722093052357,1603233
2021-12-16,3117.30029296875,3140.6694726505343,3107.203970979604,3117.648354075334,2072320
2021-12-17,3119.694091796875,3178.0085695838147,3110.4245734298493,3135.4911377231397,4333992
2021-12-20,3095.80224609375,3138.5372672585236,3055.112668377628,3123.7410571799337,2312310
2021-12-21,3140.53955078125,3169.1744877679744,3104.071112614517,3118.2145505242247,2340989
2021-12-22,3160.078857421875,3165.344610059244,3138.754907271951,3154.203891564243,1224328
2021-12-23,3187.88720703125,3194.676099434365,3159.4263018517217,3175.0928785551187,1792861
2021-12-24,3195.024169921875,3224.7037142044237,3172.3077611305043,3207.2964067053445,2209923
2021-12-27,3216.9580078125,3220.3523482640394,3179.5322913326745,3195.1117487776455,1534135
2021-12-28,3226.052734375,3242.110932603277,3214.9991369151708,3229.0554523377605,1456218
2021-12-29,3215.73876953125,3237.715494300175,3207.296268256941,3213.606416952969,1456923
2021-12-30,3249.7265625,3255.1663458319385,3202.94442584533,3204.1195040416433,1966475
2021-12-31,3253.7294921875,3272.572811812113,3247.593375667056,3257.6025744265876,1207141
2022-01-03,3322.837646484375,3333.4996230856277,3259.5185609544847,3263.8703881386696,2346158
2022-01-04,3381.151611328125,3384.981133665279,3317.571383436288,3334.456597811897,2488606
2022-01-05,3360.4365234375,3368.313371105959,3318.1802498882444,3363.9615450450983,1733031
2022-01-06,3313.87255859375,3337.8511668408105,3283.0181489761508,3317.8327634933953,1810293
2022-01-07,3353.95361328125,3363.8756954550854,3304.255655878138,3324.7963676487284,2460591
2022-01-10,3376.887451171875,3462.3137344601323,3360.4809775642457,3462.3137344601323,3937092
2022-01-11,3408.263916015625,3416.184326457029,3356.1291115460645,3356.1291115460645,1906106
2022-01-12,3359.523193359375,3419.6655251847706,3339.200289545301,3416.1840637185605,3203744
2022-01-13,3392.59619140625,3414.442441398795,3356.9983422062587,3410.090615702391,6684507
2022-01-14,3453.740234375,3461.4430528434973,3359.653866015669,3375.146411994142,3348123
2022-01-17,3498.12841796875,3518.8867142278687,3448.64828088195,3475.10729954909,3442604
2022-01-18,3473.279541015625,3517.7550763790796,3464.053584662884,3511.0097459064323,2389041
2022-01-19,3413.161865234375,3498.0408835849607,3409.5435880505956,3498.0408835849607,3102539
2022-01-20,3336.348876953125,3417.8273982491137,3322.7908711039217,3409.1084508046006,6176776
2022-01-21,3342.408203125,3358.1459444240563,3288.0020610960582,3319.3029944689906,3112358
2022-01-24,3288.22021484375,3356.4894006591326,3260.9735050308036,3348.075701814863,3258414
2022-01-25,3286.955810546875,3321.3956518901114,3245.36647509271,3286.607137805823,3330501
2022-01-27,3181.761962890625,3255.1318220283392,3160.7057895166804,3253.0393597437615,5718297
2022-01-28,3217.335205078125,3251.9930207471753,3178.928199480695,3178.928199480695,3143862
2022-01-31,3257.616943359375,3276.5806552410922,3244.669220445881,3268.7336020486573,2739393
2022-02-01,3313.7666015625,3320.1751129374843,3257.74736547893,3287.0431133861125,2105169
2022-02-02,3362.200927734375,3369.001750237971,3313.7671255273985,3337.5262605413695,1984212
2022-02-03,3334.649169921875,3385.131797218638,3327.194426288686,3357.6671091021185,1960538
2022-02-04,3326.190673828125,3334.735283608094,3286.1707962393034,3326.5395593922453,2307366
2022-02-07,3294.890380859375,3340.9264679175108,3274.967499946627,3305.353118242363,1919149
2022-02-08,3263.894775390625,3312.938861330187,3244.320778330849,3305.8330033578154,2946443
2022-02-09,3278.8037109375,3293.974593822682,3266.204874886914,3269.605179127238,1638721
2022-02-10,3287.34814453125,3304.3064532399912,3276.580160242393,3304.3064532399912,2112459
2022-02-11,3221.607177734375,3271.7847587121223,3217.2913416782762,3271.7847587121223,3851488
2022-02-14,3255.43701171875,3307.3147491669633,3234.7295114768162,3246.9360379352192,5951745
2022-02-15,3328.719970703125,3343.716518513038,3267.8616718088306,3300.9936738175647,3931683
2022-02-16,3324.621826171875,3360.3695095219214,3318.431288543338,3351.5632877458197,3256906
2022-02-17,3299.42431640625,3343.716615581994,3294.890505941162,3334.9976674318455,3134372
2022-02-18,3307.88134765625,3327.1066691225346,3276.2317390898334,3286.171253915909,3688883
2022-02-21,3242.92529296875,3337.438812898183,3230.8496782327734,3321.919043560008,7465922
2022-02-22,3126.962890625,3198.022304668423,3112.6639034971936,3182.4154755643576,5408531
2022-02-23,3107.2587890625,3158.787644989509,3100.152718590323,3148.412181820984,2426203
2022-02-24,2965.880615234375,3037.5505321408286,2956.68229614939,3028.9622839273047,5039136
2022-02-25,3069.7236328125,3077.7886597537813,3018.499813050309,3023.731181877086,2549723
2022-02-28,3098.88818359375,3107.2148207758987,3013.180889703397,3042.912584919786,3288942
2022-03-02,3091.868896484375,3114.3638193433144,3056.862414053534,3097.4055122433483,2761341
2022-03-03,3090.343505859375,3120.162475048833,3077.8755818754444,3106.4301334512893,1928039
2022-03-04,3072.8623046875,3104.9914980604067,3040.3405883905943,3052.939424780361,2370257
2022-03-07,3038.4658203125,3093.4824622131614,2991.950364784815,3008.0367797732265,3054130
2022-03-08,3138.777099609375,3146.6677887571,3016.7554860347927,3016.7554860347927,3300992
2022-03-09,3167.2451171875,3185.903580652901,3136.2492146549575,3143.180735701617,2719654
2022-03-10,3157.08740234375,3212.0604115144542,3151.899670907913,3212.0604115144542,2005441
2022-03-11,3138.080078125,3173.566366707418,3132.5873111877163,3141.654931943972,1623423
2022-03-14,3176.312744140625,3180.9774664485976,3121.383371952632,3121.383371952632,1765688
2022-03-15,3133.501953125,3190.262377370944,3126.0908489414383,3190.262377370944,3651133
2022-03-16,3187.56005859375,3198.1100706357697,3152.98951552252,3174.1329640538497,3090475
2022-03-17,3202.251220703125,3234.7292978853975,3191.3961743923683,3223.0459941926397,3600452
2022-03-21,3162.1005859375,3238.173401399915,3151.89946013329,3222.52293351387,2413831
2022-03-22,3226.83837890625,3235.6009624851517,3160.61802452403,3173.6964439358535,2907611
2022-03-23,3236.821533203125,3251.992627455648,3217.291178673667,3232.9852819842704,1596195
2022-03-24,3269.47412109375,3276.7543134409916,3221.650616111868,3226.010089205389,1879046
2022-03-25,3232.506103515625,3295.3261619554955,3201.5974776294693,3278.2369399463614,1690133
2022-03-28,3232.724609375,3237.3456948196713,3192.1814973876276,3221.6515869535915,1760990
2022-03-29,3230.67529296875,3245.1922553919017,3218.163518176117,3221.433123484478,2689063
2022-03-30,3253.5185546875,3259.1422326604416,3231.4159399540727,3259.1422326604416,1583455
2022-03-31,3260.843017578125,3273.6598289695526,3243.623094734776,3260.8866548924902,2168110
2022-04-01,3277.234130859375,3280.9396832520993,3250.4670067366783,3267.861263042484,1387014
2022-04-04,3287.34814453125,3295.7618429260897,3258.3576468388446,3280.067738912156,1472994
2022-04-05,3326.1044921875,3344.2399475087295,3288.7873503056335,3288.7873503056335,2314947
2022-04-06,3274.26953125,3321.308203208905,3253.1695112514726,3321.308203208905,2051729
2022-04-07,3212.1904296875,3265.68124894717,3207.7002576095683,3265.68124894717,2494829
2022-04-08,3213.499267578125,3230.3705185904314,3175.877088789648,3217.2920954382435,2296773
2022-04-11,3222.87158203125,3236.778473211479,3187.734394843684,3217.2915409273724,2291660
2022-04-12,3218.2509765625,3260.0146522734094,3180.9774739188283,3211.1885435471963,4483476
2022-04-13,3192.835205078125,3234.5990948262,3187.255163355914,3232.1141094342306,1621672
2022-04-18,3076.087890625,3147.539612949871,3071.248832857596,3147.539612949871,3820792
2022-04-19,3027.131103515625,3107.0403799545356,2998.576552281814,3095.2261642756557,3170014
2022-04-20,3101.1552734375,3111.9230458257116,3034.1937144086005,3051.631609318995,2640370
2022-04-21,3163.801025390625,3177.1846959049176,3110.397468139204,3121.38342791976,2280996
2022-04-22,3149.76318359375,3153.643072364982,3113.971864238743,3122.3421383520026,1581465
2022-04-25,3093.656982421875,3124.870857781857,3080.49149910498,3102.201593746609,1960694
2022-04-26,3092.00048828125,3128.2711832624163,3067.456522605351,3117.1545248627376,1943469
2022-04-27,3104.99169921875,3111.312936478098,3057.1247601525597,3091.738940916967,1727648
2022-04-28,3125.132080078125,3142.657035068176,3084.806951954192,3128.358047755058,1703660
2022-04-29,3092.349365234375,3159.0929573513504,3083.7613288382795,3136.20571795841,2051115
2022-05-02,3088.599853515625,3093.4389119139187,3045.3103646568115,3068.9822217914025,1324161
2022-05-04,3033.975830078125,3091.259273972882,3021.376993207293,3085.199647886039,2305825
2022-05-05,3063.315185546875,3080.4044092212253,3038.858706057158,3062.1818925690936,1612262
2022-05-06,2992.865478515625,3029.3977769803973,2985.8030471346583,3015.883410728218,2010812
2022-05-09,3003.764892578125,3013.2684608532413,2918.1012275668895,2962.698561915311,2481830
2022-05-10,2998.22802734375,3020.9409278192593,2983.6237904966374,2994.08652734233,1622685
2022-05-11,2974.90478515625,3006.6853051327807,2948.878642613765,2994.9583637197297,1841769
2022-05-12,2971.984619140625,3007.775949206019,2920.935340402644,2945.2611242222547,2807195
2022-05-13,2977.43310546875,2999.2304728192926,2948.878554239539,2994.958273964552,2187823
2022-05-16,2944.214599609375,2990.5993634905226,2935.3213146291287,2977.5209406181148,1195813
2022-05-17,3009.432373046875,3022.8594686963716,2921.1964432417662,2938.2856675819935,1754076
2022-05-18,3006.990966796875,3047.2724658323123,3001.977571466822,3021.1156206320347,1866781
2022-05-19,2844.076904296875,2968.8014850294667,2816.2199109090097,2961.826327355389,4642963
2022-05-20,2871.149658203125,2889.372174896334,2851.139714546002,2885.971870225431,3065125
2022-05-23,2896.216796875,2911.169708813808,2848.4805525372544,2881.4382213379504,2293690
2022-05-24,2866.78955078125,2898.9189531249863,2855.978142487524,2890.4614049004085,1711510
2022-05-25,2780.4609375,2890.3576316315725,2768.5234246366185,2890.3576316315725,3548046
2022-05-26,2832.512939453125,2845.2845046149496,2791.78459666296,2800.9572278964383,2813186
2022-05-27,2862.6650390625,2878.1136284585923,2834.4885983991953,2855.5550320020116,3103153
2022-05-30,2962.686279296875,2972.649031269277,2884.652794101805,2894.0009370688977,2094624
2022-05-31,2953.118896484375,2969.8402056716036,2918.578639497407,2944.165491324145,4840965
2022-06-01,2945.086669921875,2973.8774984812158,2931.7885726124696,2973.8774984812158,1493835
2022-06-02,3004.599609375,3012.4995207055213,2937.274852340207,2944.911390433282,2657939
2022-06-03,3019.65283203125,3052.2620346027693,3011.796853027463,3036.5498622964137,1913622
2022-06-06,3011.57763671875,3030.932461150583,2964.3536823588743,3000.210585639355,1084210
2022-06-07,2951.669921875,3000.9567154912565,2945.7889201087964,2985.3324048192408,2308256
2022-06-08,2988.0537109375,2996.6558797926627,2937.450473837152,2966.9872799283585,2185707
2022-06-09,3008.197998046875,3016.8878132150094,2943.2431833311603,2971.243889360723,1279197
2022-06-10,2949.212158203125,2978.2663601980794,2942.2778778025236,2968.610913701711,1527582
2022-06-13,2826.061767578125,2890.4898491615,2802.2302392403376,2887.856545320782,3030921
2022-06-14,2818.11767578125,2843.0022662978668,2786.6496119457593,2800.0795032064775,2611493
2022-06-15,2814.387451171875,2838.7015807882503,2809.7352381271457,2825.0961774171255,1404536
2022-06-16,2757.9462890625,2848.224788477131,2750.0903105068783,2843.9675291414705,2032028
2022-06-17,2711.3369140625,2737.5383690213844,2654.2382892194128,2714.0580800045273,5240434
2022-06-20,2731.96435546875,2755.0936222142564,2693.869319498384,2715.813514020202,1502769
2022-06-21,2819.346435546875,2841.9928891984864,2743.375584391192,2747.4134022673966,2964461
2022-06-22,2829.001953125,2853.2284323936533,2793.9351690902718,2808.769360580185,3336315
2022-06-23,2904.358154296875,2912.4335752382617,2829.0017025634374,2829.0017025634374,3692578
2022-06-24,2890.577392578125,2936.1334582739805,2876.8841283984966,2930.8668511739374,2132118
2022-06-27,2909.537109375,2951.845477755388,2902.3394557167258,2940.5223579770245,2037686
2022-06-28,2912.565185546875,2922.966819859582,2872.5830330686026,2902.778160142834,1400046
2022-06-29,2888.295166015625,2925.600300358632,2871.1786926111868,2871.1786926111868,2133994
2022-06-30,2867.7548828125,2906.200935888413,2857.1338081288345,2872.0558587396454,2719603
2022-07-01,2909.888427734375,2925.600387299179,2854.5451192222854,2861.5233311117086,1502879
2022-07-04,2839.622802734375,2912.3896686210524,2830.8451246154136,2907.166993000027,2622535
2022-07-05,2823.1650390625,2872.0566699547176,2814.9578231889177,2857.134615129158,2170627
2022-07-06,2862.18115234375,2868.983852314819,2810.8317396589046,2825.095465404695,2182144
2022-07-07,2885.96875,2913.6621507610735,2865.9556026660175,2871.1782778598463,1989921
2022-07-08,2866.306884765625,2901.022644904037,2852.745414807298,2896.6338058043334,2136916
2022-07-11,2733.193603515625,2830.801346623151,2726.3469713524055,2814.255336753604,6974600
2022-07-12,2707.650146484375,2752.855185791673,2703.7441228408766,2734.1586897815223,3734815
2022-07-13,2667.317138671875,2729.858099965292,2664.025509130116,2724.591492698478,3863530
2022-07-14,2639.154541015625,2690.419485413844,2611.2118460002866,2689.539400531471,4764908
2022-07-15,2635.502197265625,2665.688935952516,2598.8905812888142,2656.580186606266,4574806
2022-07-18,2696.1396484375,2707.9767454259254,2652.8395214403786,2660.496215840236,3202795
2022-07-19,2705.600830078125,2709.7371858696033,2666.701122969062,2666.701122969062,1865074
2022-07-20,2785.29248046875,2791.5850009840688,2726.54681875147,2735.1276457438817,3402251
2022-07-21,2796.293701171875,2802.1902268295585,2767.0308792365477,2787.228784035556,2420640
2022-07-22,2790.7490234375,2813.6312292430425,2766.5466903739457,2803.070211178946,2075886
2022-07-25,2787.0087890625,2804.3464181965073,2771.475376902359,2785.468640525085,1797504
2022-07-26,2742.256103515625,2788.9005972546584,2725.1825445833438,2785.204284119927,2639367
2022-07-27,2806.458740234375,2811.079185829187,2737.063961878892,2741.464386254903,1389808
2022-07-28,2869.516357421875,2872.5966540791287,2817.7232833962703,2830.3525856367887,2106333
2022-07-29,2905.951904296875,2919.5053390848148,2882.2777092112715,2895.4789811618575,2430257
2022-08-01,2903.223876953125,2928.0422261586746,2878.7574757334005,2928.0422261586746,1306913
2022-08-02,2897.063232421875,2915.632893070421,2879.329394508913,2895.4790367844817,1269114
2022-08-03,2939.043701171875,2947.4045082271623,2884.0824388181722,2886.678646457179,2895824
2022-08-04,2952.640625,2981.6393778391775,2910.748715052076,2948.284247964706,2150567
2022-08-05,2961.52978515625,2972.0467569139196,2952.684888790702,2958.141372288894,1106933
2022-08-08,2969.802490234375,2973.718825122396,2935.9632683191207,2961.4857307835255,1068836
2022-08-10,2952.024658203125,2979.0872677998295,2935.0830245531556,2979.0872677998295,1878359
2022-08-11,3012.090576171875,3017.547059589707,2970.330590557669,2992.2886658829434,1449248
2022-08-12,2993.65283203125,3009.010270550342,2975.787065603493,3009.010270550342,1472354
2022-08-16,2985.86376953125,3005.3577774981677,2981.2873713731783,3001.969364945804,839942
2022-08-17,2993.25634765625,3008.085646866667,2966.853804993196,2979.1749915692876,1622326
2022-08-18,2975.786865234375,2985.247777264325,2958.8452320644637,2983.4876075843345,1430659
2022-08-19,2979.747314453125,3011.2103481950435,2966.986083984375,2980.847420528017,1398410
2022-08-22,2952.28857421875,2978.295123607797,2945.995838840667,2961.4854176096087,1536532
2022-08-23,2890.7265625,2941.155248644901,2877.877238729922,2921.8374306422184,1849256
2022-08-24,2864.984375,2911.3207575810075,2860.451808988953,2897.2393996241462,1691923
2022-08-25,2832.288818359375,2885.0498583635745,2829.25256881732,2883.157762017432,1946930
2022-08-26,2835.809326171875,2866.4363215518924,2831.05695398552,2846.4584386730107,1457962
2022-08-29,2756.909912109375,2765.8426876252506,2711.5414939297048,2750.2652283447997,2539173
2022-08-30,2826.08447265625,2839.5938614918264,2765.314783665754,2776.6677926566595,3431525
2022-09-01,2756.162109375,2807.4711070631924,2746.74524299192,2807.4711070631924,3546935
2022-09-02,2755.017578125,2783.708430697643,2746.1288498985514,2783.708430697643,2052900
2022-09-05,2757.657958984375,2770.463237341752,2739.0442491650956,2749.077131149413,2147912
2022-09-06,2752.069580078125,2764.214794894149,2733.85186528633,2759.506254646854,1936453
2022-09-07,2771.915771484375,2782.740644973816,2730.02363999894,2730.02363999894,1291534
2022-09-08,2789.56103515625,2801.7502970448945,2781.1563961991515,2789.869150819009,1346113
2022-09-09,2831.804931640625,2845.754362458832,2788.548847209157,2811.8710957340245,1561185
2022-09-12,2854.0712890625,2877.701654619494,2838.273808049508,2851.3869871393563,1785928
2022-09-13,2842.102294921875,2872.1130614855856,2838.2738396110262,2872.1130614855856,1972678
2022-09-14,2746.21728515625,2764.6990710789337,2740.4088527849713,2759.06661274354,5090269
2022-09-15,2732.091064453125,2761.485807918387,2728.2626100062143,2754.6651513933716,2138023
2022-09-16,2647.91162109375,2723.2910281150525,2640.2549247847733,2707.141382879321,5322221
2022-09-19,2665.60107421875,2677.2181514295744,2629.517594860232,2671.9376422551572,2072220
2022-09-20,2675.722412109375,2710.6176956785125,2666.6574938274252,2684.259193456649,1544295
2022-09-21,2641.310302734375,2676.6896666312164,2638.626001280077,2664.8966169537493,2253818
2022-09-22,2646.76708984375,2666.6130461683933,2622.036834497055,2631.453699411689,2017983
2022-09-23,2624.457275390625,2660.056667387396,2621.772973415071,2643.7750963876715,2652374
2022-09-26,2635.32568359375,2663.00452081125,2575.2160671939755,2604.9189274404216,2925489
2022-09-27,2655.612060546875,2662.2567443196413,2619.1325854860343,2648.527334337031,2227447
2022-09-28,2671.629150390625,2684.2144051236332,2622.652520640546,2622.652520640546,2739767
2022-09-29,2637.87841796875,2689.407429965768,2631.453755459116,2687.779187014094,2493902
2022-09-30,2644.2587890625,2657.5919876362846,2596.338215395767,2632.2016704566418,2817353
2022-10-03,2627.00927734375,2658.4723112978595,2617.372391035595,2635.8541732184285,1763331
2022-10-04,2720.47412109375,2726.502788091317,2660.496426210475,2666.612972771875,2145875
2022-10-06,2729.979248046875,2749.3851626060255,2721.61844169452,2737.944059176487,1790816
2022-10-07,2697.372314453125,2732.6638073798995,2691.3879086023094,2725.9750757219967,1939879
2022-10-10,2744.588623046875,2752.0252969781927,2644.6549464085288,2649.055370612203,3064063
2022-10-11,2701.464599609375,2767.8669611577366,2687.2072674564333,2728.263141363747,4730645
2022-10-12,2728.923095703125,2736.97578612618,2694.8638550176415,2714.9736648998382,1665247
2022-10-13,2731.167236328125,2737.063761587593,2686.326958190763,2728.922977087694,2054781
2022-10-14,2727.514404296875,2772.2667971102837,2702.740106008153,2767.866373622807,2245977
2022-10-17,2745.69140625,2760.3826551550005,2710.132155751458,2711.190947627584,1517005
2022-10-18,2774.765625,2784.1629159418735,2760.5155551789203,2779.442189863882,1793722
2022-10-19,2754.603759765625,2787.3834440777728,2745.91240201647,2787.3834440777728,1194289
2022-10-20,2785.8828125,2788.265147865024,2739.7352164939557,2739.7352164939557,1587601
2022-10-21,2768.32373046875,2788.6180658364588,2759.1472476011204,2786.324052829806,1021913
2022-10-24,2789.76513671875,2804.1476868183136,2783.853351765821,2797.1771100771816,260949
2022-10-25,2790.118408203125,2809.6626504347373,2780.456366973794,2806.3537912248353,2069643
2022-10-27,2785.970947265625,2800.618249230053,2765.6326663428144,2788.882786261024,2438421
2022-10-28,2791.13330078125,2804.589329497575,2775.0301844485994,2779.4419971424763,1355739
2022-10-31,2817.515625,2822.6775315995496,2803.9714903854647,2822.6775315995496,1919414
2022-11-01,2876.237060546875,2878.7960411046947,2826.604168845417,2836.3543177659885,2991060
2022-11-02,2860.3544921875,2885.325394187665,2843.0161551154115,2885.325394187665,1405955
2022-11-03,2829.515869140625,2848.3102329584,2819.1481100504548,2848.3102329584,1422652
2022-11-04,2838.9130859375,2841.2514758680345,2793.692006783395,2838.560227097683,1464013
2022-11-07,2853.29541015625,2861.3249946157302,2819.2363488543742,2849.1483497272793,1474498
2022-11-09,2837.72216796875,2867.501904513535,2825.0160177906464,2867.501904513535,1162267
2022-11-10,2828.54541015625,2845.6192115940316,2797.0892715513423,2797.0892715513423,1573092
2022-11-11,2925.8701171875,2948.502846331555,2872.1343229110385,2884.972741372326,3265394
2022-11-14,2943.119873046875,2955.0317658024237,2919.737268748946,2932.9727051440004,1342074
2022-11-15,2940.56103515625,2947.0462695764713,2904.7370353683755,2930.3255450967117,1400708
2022-11-16,2960.635498046875,2971.708976572207,2930.7232760284523,2946.1204606366173,1748235
2022-11-17,2955.031982421875,2964.7379698230816,2927.4581545775386,2947.090720002706,1417986
2022-11-18,2950.134765625,2967.164404428522,2930.3257712012855,2955.914282904037,1164540
2022-11-21,2897.237060546875,2941.531611779645,2887.9722549626686,2931.649195573928,1304194
2022-11-22,2924.987548828125,2928.5169988553193,2872.3105502563512,2894.1490222996185,1149739
2022-11-23,2919.120361328125,2938.267587507952,2903.8554445911927,2938.267587507952,1150011
2022-11-24,2982.517822265625,2993.8121065011505,2919.120199429745,2926.1349389357706,1296591
2022-11-25,2990.900146484375,3002.988685816619,2954.149832260228,2985.032521665577,1588981
2022-11-28,2995.84130859375,3015.0326931639333,2969.6351851613313,2970.0322052062625,2195437
2022-11-29,2997.694091796875,3025.6207765760682,2985.0321047409852,2985.0321047409852,1576028
2022-11-30,2991.914794921875,3013.179601826006,2977.9734243991,2985.0323243680464,3410702
2022-12-01,3066.782958984375,3070.621321804839,3017.6795748771697,3022.091387121142,2180856
2022-12-02,3034.576904296875,3060.827188659679,3011.5032111008086,3051.297846000532,2411749
2022-12-05,3022.88623046875,3034.5775360221637,3006.2096619230547,3029.151091688244,1475065
2022-12-06,2987.105712890625,3007.046974384895,2971.7966386935204,3000.0763974160222,1166999
2022-12-07,2982.9150390625,2994.473859666086,2959.4441081486752,2972.061936190009,1167505
2022-12-08,2956.400146484375,2982.915186541277,2946.605835144837,2964.7384302352993,1285619
2022-12-09,2905.39892578125,2977.1791964798053,2890.9282679261296,2977.1791964798053,1797896
2022-12-12,2899.84033203125,2908.2669373884346,2855.413507309817,2872.5312544502576,1527610
2022-12-13,2940.120361328125,2943.958509197416,2883.3844058485947,2891.6785277132994,1378016
2022-12-14,2969.458984375,2979.73842222779,2947.88504703309,2954.8558406430157,1213311
2022-12-15,2916.296630859375,2968.9294722548675,2910.869971774407,2963.6794580212227,1415694
2022-12-16,2859.075439453125,2904.7377043992556,2845.7958391238103,2889.7375400691258,2703680
2022-12-19,2825.369140625,2863.707751618169,2818.7072600660117,2847.384043898269,2120965
2022-12-20,2862.33984375,2866.7958175446647,2791.4860905554474,2822.5893692776544,1529971
2022-12-21,2884.046142578125,2896.840399494086,2858.8546488077627,2866.7959117211176,1432566
2022-12-22,2876.237060546875,2906.502138037383,2863.3546970197967,2906.502138037383,1384101
2022-12-23,2848.574951171875,2882.545906087743,2838.5600510219747,2838.5600510219747,1360281
2022-12-26,2870.237060546875,2887.09027146601,2845.6633927147495,2848.575232221792,870157
2022-12-27,2876.060302734375,2888.67812840142,2851.3541550195223,2884.619175108632,835883
2022-12-28,2873.943115234375,2881.884378094464,2846.501554071851,2867.5018256081944,910795
2022-12-29,2884.22265625,2886.6491533221797,2848.2663814531547,2851.00179159365,1037927
2022-12-30,2873.59033203125,2910.914314338312,2864.3255244227166,2899.4877613719004,1163131
2023-01-02,2877.781005859375,2882.5458924019413,2854.61899125398,2877.3839858359584,709547
2023-01-03,2921.811279296875,2929.443629089992,2863.531190519576,2869.4429764459805,1245178
2023-01-04,2924.72265625,2935.9288318835124,2899.6194872236865,2917.707917742617,1231668
2023-01-05,2921.590576171875,2944.70843071638,2895.869579901462,2938.443570763314,1826057
2023-01-06,2833.75146484375,2913.1640936237372,2823.560134399543,2911.7963885995287,2488376
2023-01-09,2929.399658203125,2935.6203575905165,2842.2221906134705,2849.148823161941,2885060
2023-01-10,2899.796142578125,2910.0316341301827,2850.119304301601,2898.5609212000154,3864655
2023-01-11,2937.119873046875,2955.4730552710416,2886.3398704670703,2903.0608113950348,2720512
2023-01-12,2942.105712890625,2955.914600902742,2925.5172535387624,2937.3849869866353,2250391
2023-01-13,2977.576904296875,2981.5033749797517,2916.2085393039592,2949.649997353469,1742837
2023-01-16,3008.710205078125,3025.8110015993384,2976.2231200624447,2993.323916583658,1843607
2023-01-17,3048.732421875,3051.8007788267178,2996.933656676586,3005.0554281038935,1688475
2023-01-18,3059.200439453125,3076.3012356043387,3043.1825020489086,3050.1762493662427,2421189
2023-01-19,3043.94970703125,3056.4932433752856,3033.030348681528,3050.176310188505,1585044
2023-01-20,3034.92529296875,3063.3964349074176,3028.157150767711,3036.6398008661617,1529349
2023-01-23,3081.67041015625,3085.370416009231,3028.1571422247093,3057.3954283238595,1067916
2023-01-24,3100.982421875,3115.1051909529156,3083.8364610513177,3090.7850432164355,1387863
2023-01-25,3095.071044921875,3099.8087438753964,3072.7361784267027,3091.0553251104056,874110
2023-01-27,3078.19580078125,3109.7352948944294,3052.251259362731,3091.68691825546,1785879
2023-01-30,3098.5908203125,3120.9708549193124,3055.1845998762938,3086.272889450756,1953798
2023-01-31,3030.95458984375,3112.4430679566062,3024.0060077479234,3112.4430679566062,2820375
2023-02-01,3075.759765625,3085.3704394695874,3027.615625744506,3034.834977460141,2205161
2023-02-02,3122.73046875,3130.491359902265,3086.363161059032,3092.5897637316407,1813847
2023-02-03,3142.493896484375,3162.076345772332,3115.9626442696253,3162.076345772332,1804469
2023-02-06,3122.32470703125,3134.236594271582,3101.4789594399563,3134.236594271582,1138714
2023-02-07,3133.694580078125,3152.1490012524987,3123.632477843787,3130.4006191290414,1455647
2023-02-08,3176.60498046875,3194.4726991238244,3138.658220197554,3138.658220197554,1986946
2023-02-09,3195.330322265625,3201.421650359285,3163.249283575588,3172.0027035874955,1655427
2023-02-10,3192.352294921875,3196.683950073236,3165.8210448180002,3176.5147978181903,1187821
2023-02-13,3142.583984375,3202.6851807113194,3134.462212995343,3202.6851807113194,1087939
2023-02-14,3158.556640625,3180.8915095356965,3153.9542158741274,3162.978405332995,1579818
2023-02-15,3177.101806640625,3181.9298370897927,3122.505449537978,3146.735491188913,1429449
2023-02-16,3210.8515625,3226.147518559538,3182.831412016641,3183.011851730481,1618931
2023-02-17,3159.504150390625,3193.570467173406,3149.442266805479,3182.0646250812088,1061369
2023-02-20,3147.005615234375,3178.319508405955,3135.9509832133717,3160.271129596154,1296082
2023-02-21,3114.24755859375,3166.4975236812143,3108.607440587024,3153.0515704800237,1139541
2023-02-22,3069.62353515625,3110.638436535389,3063.712646370074,3081.7158621873755,1218430
2023-02-23,3080.677978515625,3115.5112191854573,3075.443904333321,3087.175351151494,1441570
2023-02-24,3068.630126953125,3098.8611583545735,3052.2513129923154,3088.528506610633,977592
2023-02-27,3006.724609375,3059.200182190444,2992.421181163278,3059.200182190444,1128022
2023-02-28,2989.578857421875,3061.0052327901076,2977.892355176233,3003.701626574845,4116217
2023-03-01,3055.320068359375,3058.2980952242915,2991.5190869485177,2998.7384391945475,1669307
2023-03-02,2997.339599609375,3041.0617569146098,2994.2262980645087,3033.030315791083,1556538
2023-03-03,3016.01953125,3030.3229603301693,3006.047977690829,3026.713284379806,1043190
2023-03-06,3042.821533203125,3072.6914693231265,3031.22536115521,3033.8422880766893,1334132
2023-03-08,3059.560791015625,3064.614424719153,3005.8219245743644,3035.7370214238013,1844590
2023-03-09,3011.23681640625,3054.68820151513,3005.8223026074047,3054.68820151513,1648500
2023-03-10,3005.9580078125,3011.598127160692,2968.9588248883592,2989.6241340532706,1024404
2023-03-13,2961.694091796875,3040.97169171865,2952.7150665107374,3007.762627347276,1901233
2023-03-14,2901.232177734375,2981.9535203922965,2896.223707775991,2959.934582962972,2670334
2023-03-15,2886.748291015625,2942.2021194305016,2880.5216875247183,2932.8619938769843,1780522
2023-03-16,2874.2041015625,2905.608322308614,2862.47265625,2894.9597355769233,1901060
2023-03-17,2869.060546875,2907.0522516200167,2837.205114597425,2843.0708376396906,6739966
2023-03-20,2836.573974609375,2860.352585482065,2793.0322534409083,2860.352585482065,2289468
2023-03-21,2803.00390625,2848.7113431184507,2795.1978492579433,2836.573850929424,1815297
2023-03-22,2825.29345703125,2836.7541342993322,2803.003751733395,2824.616642779389,1123939
2023-03-23,2819.7431640625,2839.3258306983194,2798.4010449295647,2810.9445796742175,1372218
2023-03-24,2815.998779296875,2860.6685243938773,2802.9137024502784,2841.6273934074825,1329577
2023-03-27,2817.622802734375,2845.1014163917093,2802.9133294148437,2829.083479625092,1524217
2023-03-28,2811.846923828125,2842.213451587019,2806.6580152242736,2821.8638616076223,1303530
2023-03-29,2832.60302734375,2842.619966782127,2801.1990211073035,2823.6691670035793,1740616
2023-03-31,2893.06494140625,2899.472204338833,2844.424646148771,2878.671402631456,2382581
2023-04-03,2887.740478515625,2910.2557859956287,2864.0519824028015,2910.2557859956287,1521830
2023-04-05,2923.65673828125,2945.811165900153,2874.6553489199614,2874.6553489199614,2655065
2023-04-06,2906.4208984375,2939.494687765259,2901.277154078457,2910.3013442933197,1703464
2023-04-10,2944.95361328125,2952.7145035874473,2901.2766286777637,2905.788722968087,2203187
2023-04-11,2900.1943359375,2953.572333679193,2880.6568316583844,2945.4957273871946,2348779
2023-04-12,2925.325927734375,2942.7426553096243,2886.8378525565763,2912.9628337609006,2417727
2023-04-13,2877.678466796875,2914.8129147197915,2869.6919717674728,2896.764537538864,4174070
2023-04-17,2833.144287109375,2854.7120118386847,2770.6517749633886,2828.2713129172603,5505048
2023-04-18,2825.248291015625,2848.801515098883,2807.064636248936,2847.086786804494,2617302
2023-04-19,2788.11328125,2833.5951017629236,2771.779412441025,2825.247727657412,3298034
2023-04-20,2801.83056640625,2809.230358172251,2777.6456930466393,2788.4747210897062,2419999
2023-04-21,2852.4111328125,2855.6597089636048,2798.2208287767953,2806.523039363576,1929184
2023-04-24,2864.999755859375,2870.5495443318514,2821.09694130206,2843.612470588807,1640676
2023-04-25,2866.08251953125,2879.799243193542,2840.363580045532,2872.399452036514,2024090
2023-04-26,2886.0712890625,2895.3210839802464,2870.5948910586885,2870.5948910586885,2000029
2023-04-27,2876.8662109375,2887.018423289877,2861.2543203233117,2874.2041193174095,2434446
2023-04-28,2905.11279296875,2912.3321460304105,2884.3571529164765,2888.1021041903446,2931312
2023-05-02,2905.247802734375,2919.325628047492,2896.765151787465,2919.325628047492,2321159
2023-05-03,2869.60205078125,2902.1794643631756,2863.510722614443,2902.1794643631756,2468285
2023-05-04,2906.4208984375,2909.8049697680735,2867.8876502834637,2869.827763052802,1953253
2023-05-05,2915.44482421875,2927.447040179334,2896.809961242115,2905.788985628069,1710027
2023-05-08,2933.403564453125,2937.2388455625774,2915.9868320573555,2928.3499294526296,928235
2023-05-09,2962.866943359375,2976.177622538405,2929.2518383140277,2935.2078913616624,1107375
2023-05-10,2966.070556640625,2983.848165339088,2947.345364010718,2968.9582531273554,1559987
2023-05-11,2961.87451171875,2986.7361998952592,2952.715046751315,2986.1045506418404,1719623
2023-05-12,2954.7900390625,2968.9579707256435,2941.8854056430387,2959.166638227262,1027479
2023-05-15,2937.4189453125,2970.7632825646147,2931.372782209103,2963.5439307236315,1150390
2023-05-16,2940.216552734375,2964.446592461722,2933.2679700818376,2938.456879642463,986306
2023-05-17,2895.591552734375,2959.9340659758723,2886.161319057114,2938.2308468250335,1588815
2023-05-18,2887.605224609375,2913.8654825847825,2883.228404788249,2911.1582258666713,1369364
2023-05-19,2908.36083984375,2918.873931901369,2890.492901561237,2896.7646688524947,1152449
2023-05-22,2976.809326171875,2985.6079108748772,2903.126907529479,2914.813188789529,1333243
2023-05-23,2975.3203125,3003.204968703597,2969.0485451363493,2983.396917684391,1687418
2023-05-24,2981.005859375,2993.5042301988665,2956.324611866416,2956.324611866416,1016555
2023-05-25,2972.11669921875,2983.3969356663692,2948.2929279682253,2972.567908676655,1374917
2023-05-26,3004.0625,3012.861085188572,2969.860908265637,2972.1169557498865,1791115
2023-05-29,2996.3466796875,3042.9565276981425,2988.811393753336,3032.849480091868,1210372
2023-05-30,2992.60205078125,3002.3030557024185,2979.2012598943925,2991.5191919697595,1344224
2023-05-31,2968.507080078125,3002.9794392550057,2946.5330909329136,2986.1042492714746,5815424
2023-06-01,2999.640869140625,3014.0795736852247,2975.7267647386316,2990.61667880025,1177314
2023-06-02,2983.0361328125,3010.379250409834,2975.681286269555,3001.670995775546,2030661
2023-06-05,2967.965576171875,3002.347826057909,2964.491395428479,2991.518798732182,1861468
2023-06-06,2916.888671875,2967.920505036819,2906.3304147456515,2959.9340095974917,2022849
2023-06-07,2955.331298828125,2958.8960294127637,2924.739389025935,2935.56841484152,1567196
2023-06-08,2920.6337890625,2950.9099891306146,2917.520487724549,2942.7882185183284,1759366
2023-06-09,2896.13330078125,2932.8617095107734,2892.5687898438873,2928.3496145730646,1775689
2023-06-12,2930.06396484375,2936.832106886092,2897.667213061257,2901.2768888171727,2324605
2023-06-13,2927.17626953125,2946.3978370029945,2922.9349445796934,2941.885742306206,1371928
2023-06-14,2933.808837890625,2938.1404924215467,2911.0679269996626,2927.175971235423,1658544
2023-06-15,2924.035888671875,2952.3552093195044,2918.3083232724543,2950.4006679163926,2273810
2023-06-16,2886.397705078125,2908.6713974620043,2869.2152311642453,2906.4895735209416,4156189
2023-06-19,2918.672119140625,2922.7632059010452,2886.4889920742507,2900.1259479423184,1468186
2023-06-20,2934.400390625,2938.7642612974137,2910.1721522414337,2921.9453475049922,1528452
2023-06-21,2962.12841796875,2965.0375906543964,2930.9907039438817,2954.673593600641,1645987
2023-06-22,2944.218505859375,2970.719565585934,2936.5819000456095,2963.7648075039565,1529603
2023-06-23,2924.081298828125,2954.127877366656,2917.5353831715756,2943.1275340242505,1119505
2023-06-26,2899.807373046875,2921.8537828251756,2884.6704423318647,2913.76261193622,1978803
2023-06-27,2906.807861328125,2917.989986483776,2893.1254058850895,2911.035228452272,863542
2023-06-28,2923.26318359375,2937.354704231224,2903.2168146828576,2916.4902067752564,1575872
2023-06-30,3002.17626953125,3009.222031084393,2922.0365027122925,2927.4002840156336,2672406
2023-07-03,2974.94775390625,3017.222321791973,2971.720296267923,3013.1312345772258,1687264
2023-07-04,3008.17626953125,3013.767332814385,2979.493160479394,2991.0390723859205,1656681
2023-07-05,3018.26708984375,3026.4947634355667,3004.6756362735196,3018.312590749799,1453008
2023-07-06,3020.94921875,3025.9949366964006,3001.9484827926003,3006.0850703686824,1848238
2023-07-07,3026.72216796875,3051.8595329506525,3001.9483663386086,3001.9483663386086,1789326
2023-07-10,2974.629150390625,3022.6312796193856,2968.4925202267236,3022.6312796193856,1407431
2023-07-11,2975.038330078125,2995.5847665765177,2964.4925502644905,2995.5847665765177,1110172
2023-07-12,2963.673828125,2990.2658898660156,2954.7645285933795,2982.811065666501,1515240
2023-07-13,3036.995361328125,3061.4508783669453,2975.356280703942,2985.583996893055,4585146
2023-07-14,3195.275146484375,3204.5484543463,3047.4051722401337,3059.2238677171986,6306101
2023-07-17,3174.41015625,3227.321494187628,3161.091486422009,3191.0472847754263,2743228
2023-07-18,3179.09228515625,3203.775083295527,3150.136397167708,3160.1368301745892,2600090
2023-07-19,3154.727783203125,3197.2751275399046,3132.5448697161914,3181.9561925165294,2405370
2023-07-20,3156.779296875,3170.998479134149,3131.9410689920446,3147.4820964492365,1715404
2023-07-21,3070.18701171875,3130.892412746542,3061.755687476042,3102.772940548675,3770223
2023-07-24,3094.295654296875,3111.3405552900845,3073.6503948838067,3081.762606135278,1680132
2023-07-25,3098.306396484375,3105.279462829651,3081.0336204622276,3096.802519593953,1272980
2023-07-26,3088.41650390625,3118.085690977951,3085.4085278953876,3099.4000558754824,1066803
2023-07-27,3096.25537109375,3109.699914070163,3085.454295510359,3094.4780014441108,1701769
2023-07-28,3058.428466796875,3093.3387496319633,3036.1880906607657,3085.408792220562,2599831
2023-07-31,3118.633056640625,3123.3727839050766,3063.4420158387807,3066.6322468385074,2743678
2023-08-01,3146.52392578125,3153.770260920449,3112.753017642582,3112.753017642582,1956167
2023-08-02,3136.133056640625,3141.374149337502,3111.477311631999,3130.9375831694133,1914899
2023-08-03,3099.035400390625,3129.3882090010948,3069.913198256954,3117.3109079687597,2026351
2023-08-04,3138.776611328125,3163.7970883064404,3100.2203533858487,3100.2203533858487,2248493
2023-08-07,3175.6923828125,3179.292741496562,3136.680374620139,3148.2563099923013,1853889
2023-08-08,3163.4326171875,3181.06990066204,3150.67169533121,3175.6921726071587,1634225
2023-08-09,3156.049560546875,3160.1512856075137,3121.9141376043485,3158.2370582327517,1794589
2023-08-10,3137.455322265625,3158.237218937404,3126.4717689822373,3144.656039836463,1096701
2023-08-11,3143.561767578125,3159.831808251447,3111.841719602854,3133.8088225124093,1679974
2023-08-14,3144.51904296875,3149.213150112812,3109.107396536846,3136.1787356940604,1190425
2023-08-16,3152.311767578125,3159.239213204151,3131.1651445294783,3144.6553045453898,1328445
2023-08-17,3131.66748046875,3154.5004640383327,3111.113233332602,3149.213751006194,1843241
2023-08-18,3069.09326171875,3108.1962872876197,3059.431330874163,3108.1962872876197,2526749
2023-08-21,3100.585205078125,3107.96839960833,3073.5594819207536,3076.293965445594,1375579
2023-08-22,3082.810302734375,3109.1070018333558,3067.2238840021105,3099.080564712228,1222012
2023-08-23,3097.486083984375,3100.9041882483175,3077.2053320183186,3088.143265662933,1330046
2023-08-24,3087.915283203125,3110.9761369975763,3079.1194508870794,3106.3730455778173,1152881
2023-08-25,3082.03662109375,3086.1383466415105,3053.7346703076323,3076.294160820315,1158046
2023-08-28,3076.79541015625,3093.612439755008,3062.712864151854,3093.612439755008,1037485
2023-08-29,3077.342041015625,3089.556200731551,3067.178966440109,3081.8084975473785,944517
2023-08-30,3090.832275390625,3106.464539813538,3083.6315577486384,3097.258356216005,1188200
2023-08-31,3059.70458984375,3114.941019553153,3047.7183044022304,3099.9925997056025,3417652
2023-09-01,3080.121826171875,3089.0545157816123,3059.7044406634573,3068.0901446211,1277950
2023-09-04,3115.944091796875,3129.0241274875875,3071.782225743971,3079.0285628462316,1828332
2023-09-05,3125.8330078125,3141.920792891214,3103.774668141954,3117.3104472549903,1501842
2023-09-06,3126.334716796875,3139.095639063221,3097.349371389577,3130.071933045149,1314818
2023-09-07,3149.441162109375,3153.770760697037,3119.407464834157,3127.1551675699734,1885092
2023-09-08,3137.272705078125,3158.3283161992513,3131.029101522507,3149.441245179643,1518917
2023-09-11,3172.59326171875,3177.1963534783295,3140.0985716091377,3155.593978203435,1783604
2023-09-12,3263.879150390625,3272.1736158051285,3174.7349547012377,3182.9384041965895,4476016
2023-09-13,3252.075439453125,3271.2168221792035,3231.2477030451937,3255.0377963035894,1754929
2023-09-14,3244.966064453125,3279.283743631725,3231.79501333232,3254.081009523971,2604721
2023-09-15,3279.830322265625,3288.079391037457,3247.153159229306,3252.0753624763356,2952897
2023-09-18,3286.986083984375,3298.972371206768,3258.820990532666,3263.1962090143597,1395753
2023-09-20,3286.894775390625,3304.167551602088,3263.1502992373726,3263.1502992373726,1649396
2023-09-21,3267.981201171875,3285.937597907689,3215.752523000923,3270.943558229628,2004073
2023-09-22,3284.70654296875,3312.1426120639135,3249.5229943898644,3266.7957679083775,1989083
2023-09-25,3260.552978515625,3299.610613045067,3243.6903275926047,3283.6594567665343,1238778
2023-09-26,3268.345703125,3276.7770270409974,3223.0444721045315,3251.847786603666,1726062
2023-09-27,3271.626953125,3294.1408207023737,3241.000651722388,3272.264954709884,1541134
2023-09-28,3223.728515625,3283.932778257544,3215.160555427181,3281.380548879621,1755753
2023-09-29,3216.29931640625,3252.622235715334,3195.28932540776,3224.1380349399456,2243791
2023-10-03,3202.854736328125,3221.40351413728,3172.091799849083,3221.40351413728,1948148
2023-10-04,3224.639892578125,3233.982711855611,3169.54009071162,3177.7435417845345,1788138
2023-10-05,3271.6728515625,3303.2560467713934,3236.8992030912727,3239.451432181438,2990768
2023-10-06,3300.885986328125,3313.2367809094894,3258.638351141779,3273.176643439127,2075691
2023-10-09,3316.3359375,3353.388098061812,3309.636364246382,3322.4429058385053,4233074
2023-10-10,3307.722412109375,3325.1320466518578,3282.6109158249983,3317.8857096422857,1848148
2023-10-11,3290.4033203125,3326.9543322636387,3285.9370870713474,3326.9543322636387,2426417
2023-10-12,3229.014892578125,3271.0346556007717,3224.958786550778,3258.5928446615626,4241281
2023-10-13,3254.81005859375,3260.4156604701616,3213.0179488837907,3217.575421151711,2890357
2023-10-16,3212.152099609375,3258.2735858136334,3207.6402465342494,3250.3892477395666,1671104
2023-10-17,3196.65673828125,3221.3581049971613,3193.284253235353,3217.5754919446927,1672065
2023-10-18,3178.608642578125,3210.921072479593,3175.64628596808,3200.256633189991,1408245
2023-10-19,3157.95556640625,3177.3294256477784,3154.5286181595566,3170.612517840815,1514545
2023-10-20,3193.5048828125,3198.0284103099434,3147.3553086674356,3153.158141056141,1481211
2023-10-23,3116.375244140625,3179.248365587948,3108.2877801873806,3173.810985687688,1106272
2023-10-25,3098.052978515625,3129.9463572629693,3086.2641415822154,3098.418430452583,1518537
2023-10-26,3049.298583984375,3083.065403130757,3043.1300770713924,3077.9022236248165,1984471
2023-10-27,3062.275634765625,3072.3737549352513,3049.5274301662507,3061.4075190461313,1108851
2023-10-30,3087.497802734375,3091.427414880595,3046.5571476248833,3061.407257455826,910972
2023-10-31,3078.542236328125,3106.1862890625,3061.4532301686027,3106.1862890625,999811
2023-11-01,3043.72412109375,3081.14657643751,3025.767000563393,3065.9765288100825,1563475
2023-11-02,3070.636962890625,3085.1213962845673,3055.1927163012497,3055.1927163012497,1245384
2023-11-03,3062.229248046875,3096.041801533921,3056.1979534521793,3090.65015927537,1402598
2023-11-06,3089.051513671875,3100.063486624272,3069.6321379850096,3084.2537855610026,1099852
2023-11-07,3080.095458984375,3110.892257060667,3076.028858205322,3086.9950929939328,1191144
2023-11-08,3090.239501953125,3108.8820129756928,3079.273266502525,3081.009497872084,992899
2023-11-09,3059.0771484375,3099.3324172908847,3054.14243153224,3098.0531123476367,2112352
2023-11-10,3046.283203125,3059.0771449775716,3036.139568807074,3050.441278848814,1338557
2023-11-13,3044.546875,3066.8905352612105,3040.388799408238,3066.8905352612105,1030990
2023-11-15,3111.02978515625,3118.9802615645867,3066.9363782941077,3091.6561463483945,2059802
2023-11-16,3196.520751953125,3225.307120972767,3120.076815913559,3134.5614749653105,3951984
2023-11-17,3200.72412109375,3220.874622639635,3191.6770664120663,3196.5205315189633,2021292
2023-11-20,3216.39697265625,3229.4648915192706,3190.489151953326,3190.489151953326,1475621
2023-11-21,3207.806396484375,3234.1711418231757,3199.398994448308,3216.396747586853,1807236
2023-11-22,3226.03759765625,3228.322229815577,3181.2132931771357,3198.4850230582065,1798051
2023-11-23,3206.0244140625,3238.69465500962,3198.4851276900877,3225.9007144988595,2729804
2023-11-24,3159.281005859375,3202.6432821116277,3155.5341196594813,3193.230552452981,1989733
2023-11-28,3171.206298828125,3181.3501544527285,3137.256755543617,3159.2806979209345,1689195
2023-11-29,3211.05078125,3214.934656261117,3176.37010665481,3181.122097340804,1441634
2023-11-30,3187.153564453125,3213.7008135539186,3181.1220458782195,3197.982587796699,3266235
2023-12-01,3209.1318359375,3213.975301516175,3189.3927447706055,3198.4855376057844,1172141
2023-12-04,3209.86279296875,3242.167584431117,3196.657662284584,3239.2888137345485,1625213
2023-12-05,3227.36279296875,3233.211361926645,3201.0437864410123,3233.211361926645,1377656
2023-12-06,3293.617431640625,3301.613644771774,3221.468564387526,3228.276947197519,1896572
2023-12-07,3303.487060546875,3317.788993602691,3282.285715953096,3294.440005254403,1967653
2023-12-08,3314.2705078125,3330.9940617152665,3291.74412143969,3320.027826121142,1641155
2023-12-11,3329.0751953125,3338.3052003851135,3303.578784394247,3310.798134264676,1102503
2023-12-12,3355.759521484375,3379.7936756866497,3318.2000758331174,3325.4651621953826,2236866
2023-12-13,3283.9765625,3335.5635208236113,3256.0583081354866,3329.6692134701866,3850968
2023-12-14,3351.327392578125,3361.151312264597,3315.093210605896,3317.286368548256,3290396
2023-12-15,3528.386474609375,3560.3255927142964,3350.824789993706,3350.824789993706,8531230
2023-12-18,3526.740966796875,3590.5279420252045,3500.193496184867,3525.73586250062,2521612
2023-12-19,3487.4453125,3522.9943233611416,3463.502411689987,3513.7643200390503,2004435
2023-12-20,3454.409912109375,3562.929950670811,3442.0728971992326,3497.543727025331,2586083
2023-12-21,3461.218017578125,3478.763949441548,3420.871499435154,3432.660113142662,1517562
2023-12-22,3494.57373046875,3514.632758384625,3437.9148467634514,3472.6412593570217,2413058
2023-12-26,3468.574951171875,3503.7125559440015,3463.640010889861,3490.781624669307,1285231
2023-12-27,3482.87646484375,3489.273435762688,3443.3980603657433,3471.7275030067567,1293976
2023-12-28,3472.549560546875,3507.367445431527,3465.421686382815,3494.5735047759663,1682889
2023-12-29,3466.60986328125,3493.2945492321064,3441.0219794117156,3465.33055833123,1574996
2024-01-01,3482.78466796875,3501.884103192092,3447.966785319353,3463.5022836894645,825907
2024-01-02,3457.288818359375,3482.7854523506976,3442.71290681581,3482.7854523506976,1344068
2024-01-03,3373.716796875,3446.9165110740164,3369.421732416939,3442.4842348014154,1803075
2024-01-04,3350.916259765625,3398.619342238505,3336.477337594187,3382.8553778250566,3598144
2024-01-05,3415.890869140625,3424.8924099852666,3358.2726188503784,3358.409607550091,1963127
2024-01-08,3361.425537109375,3417.5817593808756,3356.0336705400387,3415.891042086117,1067805
2024-01-09,3372.02587890625,3429.09617357813,3365.4919196193155,3390.3486750012953,1370944
2024-01-10,3393.181396484375,3407.9857681511967,3370.289337786851,3372.1170435014856,1292227
2024-01-11,3413.74365234375,3447.9674029085904,3387.6531043154373,3403.188605468219,1777909
2024-01-12,3548.30810546875,3568.824058571868,3492.3803522837784,3516.505979741258,6813450
2024-01-15,3567.4990234375,3623.4267767315314,3550.3185441619166,3618.85751219593,2801505
2024-01-16,3528.660888671875,3563.1131046413147,3523.406233541922,3563.1131046413147,1432672
2024-01-17,3549.953369140625,3573.1194082779125,3484.1102174250937,3490.0045245140536,3458696
2024-01-18,3566.402587890625,3572.0684315207345,3529.300069127091,3562.1987751054894,2239110
2024-01-19,3628.4716796875,3647.336180140823,3602.7055327268636,3630.266062846807,2941975
2024-01-23,3550.437255859375,3620.0517784235876,3536.1738521230127,3588.8564239879643,2618854
2024-01-24,3535.299072265625,3573.8101208438484,3501.98717363284,3570.451409769425,2657709
2024-01-25,3506.312255859375,3552.9673375818998,3477.2332310375527,3533.550617096936,2205154
2024-01-29,3497.754150390625,3515.2383200453005,3479.211818227295,3497.570151432114,1646747
2024-01-30,3497.340087890625,3540.820457055553,3484.871069366822,3503.6895122527035,1411621
2024-01-31,3511.51123046875,3528.1212358360913,3493.566951882729,3507.140188249078,2459358
2024-02-01,3546.663818359375,3593.3649569612444,3501.481176697016,3515.2384129880293,2363107
2024-02-02,3649.86669921875,3666.522537605696,3563.089954213246,3565.896668660393,2826510
2024-02-05,3656.307861328125,3701.1225020871434,3646.001448771063,3665.233944757109,1691523
2024-02-06,3806.027587890625,3818.818548187844,3671.675550213635,3678.1170862666413,4474396
2024-02-07,3757.6240234375,3823.511826118587,3748.927994541734,3821.671387213115,2124267
2024-02-08,3804.27978515625,3826.2729428461384,3760.0631902227506,3763.6980125639025,2345173
2024-02-09,3803.911376953125,3850.888400846203,3772.8998012950433,3806.533642964029,2100596
2024-02-12,3791.948486328125,3827.7449332471438,3778.006802130109,3800.5063475256047,1013716
2024-02-13,3818.45068359375,3837.3151826933213,3755.875759751269,3796.3195851121786,1257415
2024-02-14,3772.9921875,3786.611256823303,3726.4289893837145,3779.3416123963243,1391283
2024-02-15,3775.844482421875,3815.505579737829,3757.255870513131,3798.6657441778602,1091582
2024-02-16,3798.94189453125,3817.024566750078,3772.9919748251077,3785.092771105926,1307556
2024-02-19,3776.396240234375,3798.9416158104596,3731.4897126948135,3794.1104639012988,772291
2024-02-20,3709.082763671875,3771.059638965151,3690.0803202172415,3756.4282382838423,1193648
2024-02-21,3673.055908203125,3739.1737650742916,3663.0256061355944,3692.8406262355356,1885939
2024-02-22,3761.02880859375,3768.25239610325,3654.1912461332404,3654.1912461332404,2982052
2024-02-23,3728.821533203125,3800.5065425299695,3723.5761023123614,3800.5065425299695,2538072
2024-02-26,3681.844482421875,3726.889184546952,3665.0044196924378,3714.0061108225923,1379284
2024-02-27,3776.948486328125,3794.984876771557,3679.9574496143205,3679.9574496143205,2960475
2024-02-28,3790.33837890625,3823.4200011181556,3762.777624498999,3768.8511632078385,1939225
2024-02-29,3768.39111328125,3807.9605533454464,3740.2783615123485,3771.97987960793,3772719
2024-03-01,3767.700439453125,3809.7083657464814,3760.7527379598155,3779.5253487627083,2043265
2024-03-04,3755.1396484375,3789.371768720034,3750.722549928762,3777.5010270993284,1749271
2024-03-05,3692.012939453125,3739.7722441428095,3662.4738020886766,3737.9318050462825,2070859
2024-03-06,3740.0478515625,3747.1334961978687,3642.6425356235145,3675.4024369976914,1744204
2024-03-07,3780.81396484375,3794.985255418292,3715.5702668526733,3740.6923043829674,2688905
2024-03-11,3793.467041015625,3821.671679534189,3762.77763005425,3762.77763005425,2304068
2024-03-12,3857.7900390625,3892.482492505704,3792.270233646347,3793.4667885423355,4039801
2024-03-13,3817.990478515625,3902.6506674824695,3802.2546361359555,3869.522767451965,2837260
2024-03-14,3871.91552734375,3887.927256237985,3760.016750056428,3822.085732966261,2919608
2024-03-15,3882.63623046875,3900.8105660856863,3843.75695554138,3858.1124699951356,3373143
2024-03-18,3821.211669921875,3915.3041186273567,3789.326152475134,3878.9554465113024,1526904
2024-03-19,3659.9892578125,3734.2509304972355,3650.1429535690677,3728.0394485403954,8931209
2024-03-20,3654.099609375,3697.442038718445,3644.253305423998,3667.995014019841,1817913
2024-03-21,3655.986083984375,3688.6078209191865,3633.0266519750294,3671.7219275853204,3829582
2024-03-22,3598.88623046875,3623.824267937054,3547.4460520308135,3586.095269718309,5852485
2024-03-26,3568.151123046875,3631.8302677248153,3562.5837501208753,3565.850574289269,3440925
2024-03-27,3534.47119140625,3584.255159090906,3523.8886665462896,3578.2737319961457,1968575
2024-03-28,3567.046875,3602.659324539871,3534.102972131641,3542.937169152786,4311783
2024-04-01,3604.269775390625,3619.499453254275,3577.8595203158884,3586.7395487458493,1569676
2024-04-02,3573.94873046875,3597.920494660374,3564.0103144038126,3579.6540467417585,2142666
2024-04-03,3632.382080078125,3663.3934289044114,3543.7649069859053,3543.7649069859053,3973090
2024-04-04,3683.914306640625,3707.241733238287,3621.2933325972463,3658.700160709349,3394637
2024-04-05,3661.783447265625,3682.718440901434,3644.5293316317166,3660.633172890031,1636819
2024-04-08,3655.6181640625,3710.923223399392,3644.069363948704,3665.2344132847697,2302538
2024-04-09,3631.692626953125,3695.463888754638,3611.907905990907,3666.154805277973,1876992
2024-04-10,3666.752685546875,3671.8599489060657,3605.4201433160924,3640.756483645732,2101965
2024-04-12,3682.166015625,3693.162817777665,3630.725838259486,3654.1914342233986,4354821
2024-04-15,3626.768798828125,3739.95578953719,3606.386028171306,3682.165963982411,4200329
2024-04-16,3563.825927734375,3615.2661050786087,3554.669789147579,3590.6962907179723,3051420
2024-04-18,3553.8876953125,3621.983938050233,3542.84506135503,3567.5069887926393,3476284
2024-04-19,3520.94384765625,3545.1917216335364,3497.6622490979976,3531.802482817412,2957749
2024-04-22,3556.280517578125,3568.6113695261515,3507.8768799983727,3530.8823684558647,1728883
2024-04-23,3565.57421875,3584.254718312047,3552.599259445536,3567.7368242988855,1807586
2024-04-24,3525.40673828125,3587.015384991863,3519.3332000987416,3579.6536294557072,1317312
2024-04-25,3544.869384765625,3564.6080473941747,3506.9563876693583,3507.1403866301107,2856271
2024-04-26,3516.480712890625,3567.5068368634634,3499.1805421614235,3547.583950815871,2039178
2024-04-29,3561.43359375,3568.427352070046,3514.5023975397753,3531.8025697028056,1110693
2024-04-30,3515.836669921875,3572.0621732698455,3506.0364217577408,3563.0900328204652,2203078
2024-05-02,3555.084228515625,3562.2619859302818,3476.6355119648906,3476.6355119648906,2491044
2024-05-03,3536.771728515625,3582.9669296548414,3494.625852857069,3579.7919924770404,2962234
2024-05-06,3608.226806640625,3625.618865765193,3545.6058231496777,3545.6058231496777,2053831
2024-05-07,3661.507080078125,3669.8351109068294,3601.278762922236,3617.198604098228,2062112
2024-05-08,3659.6669921875,3666.43069555621,3624.3767082288086,3644.9895357076884,1247685
2024-05-09,3644.2529296875,3654.1913444311836,3598.104015290975,3645.909369588605,1726486
2024-05-10,3583.24267578125,3656.5843507790987,3575.098867879944,3646.4619361248674,1672489
2024-05-13,3632.8427734375,3639.4683092448704,3561.2496477313903,3574.5928311660427,931326
2024-05-14,3589.960205078125,3631.0020839186186,3582.322338430397,3621.983888045264,1058317
2024-05-15,3570.8193359375,3613.655594732349,3566.3103506592815,3592.996713752849,1115021
2024-05-16,3615.821044921875,3623.746152107256,3562.5702354838822,3606.691138597264,2599399
2024-05-17,3553.85693359375,3633.478215188869,3550.056521472798,3632.551307480913,2765804
2024-05-21,3540.973388671875,3563.7290220685823,3531.565364339062,3550.6133662673315,1908117
2024-05-22,3551.9111328125,3560.485031032363,3538.5173586903757,3554.691856559483,1311168
2024-05-23,3608.869384765625,3619.575215874568,3545.886040544983,3560.2067218121256,2095742
2024-05-24,3568.131591796875,3599.924574735908,3563.3117164748414,3594.7801911641072,1309452
2024-05-27,3565.860595703125,3622.6800874842297,3560.5772666527496,3573.2294672441094,1841538
2024-05-28,3559.233154296875,3587.1331694666214,3550.056857637509,3576.0102759178876,1801993
2024-05-29,3525.633056640625,3567.5756380844864,3522.2499334071467,3567.5756380844864,1568095
2024-05-30,3463.020263671875,3517.058806463482,3443.8794821472993,3500.9307015339277,2919230
2024-05-31,3402.632080078125,3475.718849271696,3386.6893114728173,3466.6351077409063,10956800
2024-06-03,3432.200927734375,3477.3412961491067,3425.851518249575,3459.961773430714,2156773
2024-06-04,3443.46240234375,3471.269635740873,3328.989291525593,3429.5587856451884,3395997
2024-06-05,3472.613525390625,3507.2336206771465,3429.5587052821297,3444.389229413079,2799670
2024-06-06,3550.42724609375,3559.2328694484427,3468.02524016659,3504.63809516768,4328036
2024-06-07,3609.33251953125,3628.8439736397468,3556.8232840964106,3556.8232840964106,4552445
2024-06-10,3576.658935546875,3620.4089366489284,3561.08683988795,3610.3057325626605,1734661
2024-06-11,3570.541748046875,3596.3559953752433,3560.2529805994373,3563.960611925237,1419898
2024-06-12,3551.586181640625,3608.9155195936296,3547.693214139478,3591.211490093849,2177001
2024-06-13,3594.6875,3605.6714482720763,3570.4489508339425,3574.898153664247,1932323
2024-06-14,3551.956787109375,3604.7441367037127,3548.2027655700213,3604.7441367037127,1860730
2024-06-18,3536.245849609375,3561.1795775806077,3517.6613039518497,3546.3954442186373,1774045
2024-06-19,3523.8251953125,3553.6254156533255,3515.7147523909116,3547.8784064893566,1509050
2024-06-20,3510.431640625,3531.4724028758133,3503.757949581445,3518.542084048452,2846526
2024-06-21,3532.2138671875,3594.363079879569,3520.4421834921905,3547.2761188024833,4642195
2024-06-24,3537.82177734375,3575.083426076877,3514.185628169532,3530.3601242080126,1702154
2024-06-25,3557.889404296875,3566.416911288198,3515.668706319215,3538.0072761024458,1338808
2024-06-26,3574.017333984375,3584.3058742192884,3560.252663395376,3563.496840516408,1639845
2024-06-27,3646.593994140625,3653.870310416638,3539.0265319698215,3550.983551295317,4526556
2024-06-28,3618.786865234375,3670.554754499888,3612.947527343435,3631.439292021709,2731571
2024-07-01,3687.4248046875,3709.207139405148,3600.1101295040166,3600.1101295040166,2658723
2024-07-02,3723.75927734375,3729.320724102144,3691.4566765329196,3701.699052905465,2307449
2024-07-03,3675.421142578125,3731.8235725519535,3665.9203376575206,3726.169344471108,1821198
2024-07-04,3727.0498046875,3751.5203059355035,3691.039573096493,3707.4921862442698,2518001
2024-07-05,3718.568603515625,3732.4258292933814,3696.5081535287777,3716.900124285456,1668616
2024-07-08,3701.328125,3736.5970115088844,3687.285562563459,3728.023114490228,1758882
2024-07-09,3694.191162109375,3714.0732898340816,3684.551411180989,3693.727708193667,1305801
2024-07-10,3623.42138671875,3710.68988827446,3616.7940867398565,3692.522405623858,2669716
2024-07-11,3636.908203125,3689.0931591530957,3610.8622289094983,3643.674675535382,4872189
2024-07-12,3878.135986328125,3892.9665108049144,3681.0289111762886,3689.092963601374,13509164
2024-07-15,3864.463623046875,3930.088504778696,3853.201332828978,3926.1029828505975,4848030
2024-07-16,3873.037841796875,3887.9606943936283,3841.939815447988,3867.0591058147356,2029521
2024-07-18,4000.116943359375,4008.8764034741735,3855.936610046835,3855.936610046835,5613364
2024-07-19,3997.19091796875,4049.543582456194,3981.2576166837757,4011.1268293508765,3903354
2024-07-22,3983.207763671875,4013.4952277518023,3962.4431700475134,3994.914017106796,1896386
2024-07-23,3997.143310546875,4052.2831388830714,3963.650409199355,3979.165900143374,2365208
2024-07-24,4000.767822265625,4031.2875583843847,3965.324245668946,3983.3479333442947,1809793
2024-07-25,4015.86474609375,4034.910489828839,3970.991297189703,3990.315577668631,2810342
2024-07-26,4076.578857421875,4108.724446589915,4029.3823042903405,4041.4138211460827,3552210
2024-07-29,4070.30712890625,4116.667158057409,4060.923526939503,4101.802189759301,1746803
2024-07-30,4055.675048828125,4086.008788693186,4020.3240184773604,4079.598360858332,1797906
2024-07-31,4074.255859375,4100.873353963842,4036.768174665359,4041.413477513075,2330091
2024-08-01,4085.172119140625,4105.796990579302,4055.395457172885,4087.3087768878186,2202244
2024-08-02,3979.213134765625,4086.0088406037335,3967.089074437913,4055.349838389108,2811282
2024-08-05,3860.293212890625,3938.2880347144414,3818.903743027533,3938.2880347144414,2787771
2024-08-06,3875.297119140625,3956.1716496190043,3865.6345275747026,3875.0648540288053,2203067
2024-08-07,3902.472900390625,3943.8160983795406,3883.7519658026845,3928.06833926144,1237666
2024-08-08,3876.551513671875,3931.7843462117903,3864.891984934085,3884.4022569734157,2441283
2024-08-09,3928.764892578125,3951.898410084894,3907.210505857532,3917.848430860645,1302536
2024-08-12,3898.012939453125,3938.2878064043034,3889.372857499192,3929.9262611677764,936912
2024-08-13,3899.221435546875,3933.6429525764734,3886.260857493479,3914.1326781305343,1495593
2024-08-14,3990.54736328125,4000.7207578523953,3891.044886752686,3910.4158901229916,3226545
2024-08-16,4102.7783203125,4112.951716428554,4018.2805218840263,4041.4140425715414,3457058
2024-08-19,4171.482421875,4175.430929735349,4078.901616536801,4107.377235436386,2055210
2024-08-20,4202.41943359375,4241.161440255413,4180.772504085293,4185.417806867609,2212298
2024-08-21,4228.61962890625,4236.516644581457,4173.851321089861,4197.496096539259,1896990
2024-08-22,4182.630859375,4237.39916370202,4178.171549911448,4236.516374666815,1829872
2024-08-23,4147.23388671875,4186.347432150737,4138.965337379391,4180.773068059991,1809253
2024-08-26,4183.048828125,4229.222864979793,4166.836540173764,4170.5527823500615,1844164
2024-08-27,4178.125,4190.06352004845,4168.509131570201,4185.4182168111465,930697
2024-08-28,4186.3935546875,4238.83920976465,4141.101848062617,4179.611593409034,1848058
2024-08-29,4191.73583984375,4232.800503800473,4143.610677557092,4143.610677557092,2133641
2024-08-30,4230.70947265625,4266.47830377286,4169.437748026632,4180.772468175268,3637222
2024-09-02,4200.32958984375,4262.530383589784,4191.921772178967,4251.381655472286,1216500
2024-09-03,4192.24658203125,4232.706988670382,4176.9633540945715,4200.329136859027,1717263
2024-09-04,4161.49462890625,4168.694848446134,4121.9632824379705,4159.357971016076,1265505
2024-09-05,4158.4287109375,4179.843374955519,4138.1749189531665,4163.120285213532,1688793
2024-09-06,4140.5908203125,4198.378570967705,4125.029055295338,4156.570844055927,1649179
2024-09-09,4133.9013671875,4171.714314661398,4116.202944403391,4138.964928860649,1184938
2024-09-10,4188.06591796875,4217.88885396822,4125.447324234446,4127.305445435125,1385591
2024-09-11,4161.587890625,4226.622135770557,4154.062408672436,4200.701434505407,1325919
2024-09-12,4197.216796875,4211.05970757852,4116.945606864631,4190.295114701829,2742216
2024-09-13,4201.76953125,4224.43851900476,4185.417974074432,4208.644488913913,1458786
2024-09-16,4193.08251953125,4223.555524057743,4175.6163626806965,4205.857102070119,1155120
2024-09-17,4186.02197265625,4214.033060161901,4149.184809090063,4193.0829242332575,1699364
2024-09-18,4037.836669921875,4178.03182491242,4014.47088636393,4178.03182491242,2961779
2024-09-19,3991.38330078125,4108.491652642897,3978.0511914620456,4078.621993722427,2927551
2024-09-20,3980.931396484375,4023.4826411815384,3927.603412493341,4010.6613336102855,5447908
2024-09-23,3965.695556640625,4003.694048146223,3951.29511594063,3994.9609683857766,1702319
2024-09-24,3968.295654296875,3986.5983263222847,3939.2162441404075,3950.039707478886,3012026
2024-09-25,3971.501220703125,3985.297859329795,3939.2163695610857,3950.6903570264576,2713073
2024-09-26,3987.99267578125,4010.5686671887433,3957.798205900553,3957.798205900553,3964251
2024-09-27,4003.044189453125,4067.4279172386723,3995.0074511426765,4027.478305443043,3012477
2024-09-30,3965.695556640625,3993.799642522874,3957.8448123502358,3982.790182613972,2503416
2024-10-01,3983.71875,3991.011966244493,3941.9577493270317,3953.66354966123,1823365
2024-10-03,3932.481689453125,3975.4507469540895,3911.345558466164,3960.2142421580074,3350119
2024-10-04,3950.597900390625,3993.1024224537377,3924.398210251953,3925.280999271066,2965463
2024-10-07,3969.73681640625,3992.405805122665,3929.3689504456147,3970.712148613736,1472619
2024-10-08,3951.527099609375,3975.8219442019727,3905.724592296589,3969.5045134149964,1541867
2024-10-09,3951.24853515625,3990.315352669941,3945.4419062961365,3957.798231053306,1082504
2024-10-10,3927.5107421875,3989.247001339516,3900.753978007147,3951.5270497469596,2378875
2024-10-11,3854.85888671875,3941.029267735093,3820.7159055613306,3849.098528848627,5759183
2024-10-14,3843.1982421875,3869.9087330608727,3829.7735893951135,3846.3106857656626,2137590
2024-10-15,3824.756591796875,3874.1365268299264,3804.5032516700458,3837.995705676313,2759474
2024-10-16,3804.45654296875,3823.0842527968452,3778.67511210238,3795.2124356440127,2359151
2024-10-17,3817.510009765625,3836.974010815032,3802.5985417542856,3821.0402585925135,2522659
2024-10-18,3839.908203125,3861.4219511234783,3799.814751434331,3809.128022883925,2361000
2024-10-21,3799.675048828125,3855.647899798256,3790.501385728475,3848.8025545031073,1595450
2024-10-22,3739.743896484375,3808.941544128123,3731.222344636917,3786.7759141091938,1928049
2024-10-23,3787.00927734375,3831.0608725895195,3720.7918215935465,3724.9364095884875,1966476
2024-10-24,3769.919189453125,3798.8835556125446,3729.034017325969,3729.034017325969,2676744
2024-10-25,3778.906494140625,3810.990668738502,3755.762923689694,3778.440830569176,1759676
2024-10-28,3809.919677734375,3850.106352412569,3772.8062006829505,3789.5234771784344,1532534
2024-10-29,3795.390869140625,3821.7008604425628,3781.281354135695,3814.5762988806255,1445885
2024-10-30,3804.145263671875,3824.960515939356,3781.2347527404995,3795.158047833668,1935002
2024-10-31,3695.925048828125,3798.23142349314,3688.055380171151,3790.501362953683,3740372
2024-11-01,3710.593505859375,3724.3305810268316,3703.003280699814,3715.855640568731,154895
2024-11-04,3691.92041015625,3717.7647384247807,3644.51594943524,3693.9228999424704,2269192
2024-11-05,3698.6259765625,3712.2698276535116,3670.45333173397,3670.45333173397,967590
2024-11-06,3855.3681640625,3864.8210432401042,3702.258078759821,3728.6612931693503,3792017
2024-11-07,3865.845947265625,3916.975719116069,3804.518188145807,3883.3551713111415,3724349
2024-11-08,3862.213623046875,3883.401315336317,3834.879080725745,3869.6642401156896,1648039
2024-11-11,3910.363037109375,3943.51791603856,3834.8787074290326,3844.7044805818127,1406487
2024-11-12,3909.152587890625,3928.3380186185295,3878.3724067000553,3926.4753642711526,1587640
2024-11-13,3865.333984375,3908.547476051825,3847.359096337812,3891.178314501988,1098813
2024-11-14,3861.189208984375,3874.3210129831064,3833.761896778277,3851.0378338185446,1825432
2024-11-18,3743.46923828125,3923.681030197514,3716.181309069103,3923.681030197514,3313944
2024-11-19,3762.142578125,3848.383334503383,3738.440347986104,3743.8418634756777,1776233
2024-11-21,3793.156005859375,3811.4098822098795,3747.660582048356,3767.1252292109634,2384347
2024-11-22,3953.111328125,3962.750655117127,3775.6002816538157,3791.4328432690386,3096553
2024-11-25,4018.76953125,4030.8767831616365,3960.189149488993,3986.079860138673,4052167
2024-11-26,4053.7880859375,4066.7334430694864,4014.020232591793,4024.3112162534667,2060669
2024-11-27,4035.020751953125,4076.7908603023225,4027.104472178454,4059.608149405842,1558993
2024-11-28,3953.389892578125,4041.9127968053294,3942.3071922245845,4022.4013142494637,2558544
2024-11-29,3977.55859375,4003.496145463694,3907.5226111522825,3930.2005178866866,2017425
2024-12-02,3982.9599609375,3993.7170618183595,3939.5600270221935,3976.766726657372,1670944
2024-12-03,4007.267578125,4027.9896055756494,3972.5292600738435,4018.0710631615407,2010905
2024-12-04,4055.37060546875,4085.6855752155147,3994.508288951376,4017.3258027448396,3302642
2024-12-05,4157.4912109375,4180.728007626903,4060.5867928833363,4098.584762623309,3746747
2024-12-06,4140.21484375,4158.375723168091,4109.713879599103,4147.199797372343,1842087
2024-12-09,4146.40771484375,4162.47310676674,4112.321053205062,4126.198190317889,2066639
2024-12-10,4128.15380859375,4185.1975942064855,4109.108442002176,4122.193406026578,2087828
2024-12-11,4123.404296875,4143.148158287083,4104.358476029229,4127.502045111503,1635256
2024-12-12,4149.015625,4177.00182096417,4122.05352499162,4125.825217645854,1914642
2024-12-13,4166.66455078125,4186.222421425734,4092.624040484277,4130.389630221359,1967048
2024-12-16,4111.99560546875,4167.6887843067,4095.045270300907,4152.787550664486,1646224
2024-12-17,4031.24951171875,4128.52681305927,4021.470576782156,4107.152673369455,3225027
2024-12-18,4049.27099609375,4062.449184824082,3995.021187516033,4015.60360927398,1575404
2024-12-19,3978.536376953125,4064.311698759071,3969.3163290813845,3987.942872155441,3015763
2024-12-20,3883.91357421875,4081.075721006082,3867.3361322404735,4031.715380245397,4116989
2024-12-23,3872.737548828125,3927.406635038312,3832.3180410204754,3911.620457771177,2195338
2024-12-24,3892.482177734375,3928.338276273141,3872.737858457334,3872.737858457334,1181886
2024-12-26,3882.796142578125,3911.5276763317006,3858.628020945553,3892.4818540644487,1208464
2024-12-27,3878.838134765625,3893.832593461187,3862.446685286308,3877.1150885157394,858100
2024-12-30,3873.203369140625,3910.922120659606,3829.6174381740902,3865.939198896072,1527169
2024-12-31,3813.59814453125,3855.6476983079733,3755.1573706922877,3851.0374473961565,1555429
2025-01-01,3830.0361328125,3850.106048966684,3804.89007492924,3813.225406604323,763161
2025-01-02,3888.989501953125,3895.7416240603297,3815.6011015015547,3837.0680112666887,1720835
2025-01-03,3818.34814453125,3892.9011567771527,3811.270194517517,3892.9011567771527,1791953
2025-01-06,3813.78466796875,3864.681605615779,3787.148620607623,3823.563603014824,2085593
2025-01-07,3751.6650390625,3856.020287112112,3736.065309985075,3832.364669490885,2669054
2025-01-08,3826.26416015625,3842.6556080381715,3741.839449635328,3757.811618423141,2181277
2025-01-09,3761.490478515625,3853.5986360350184,3748.870951071417,3819.3723657494074,2392472
2025-01-10,3972.715087890625,4001.9122814759207,3883.633747673863,3911.5735588082075,7894300
2025-01-13,3996.41845703125,4026.081320920444,3937.0927292528613,3953.48417981758,4003771
2025-01-14,3942.354248046875,4017.6521397931906,3929.3156678223904,4006.5694375522967,3441709
2025-01-15,3957.76806640625,3964.1477485251917,3918.5127168051804,3928.338036632813,1653474
2025-01-16,3917.441162109375,3999.118734083526,3903.9837578032057,3967.4536113637214,2637705
2025-01-17,3911.75048828125,3946.1800146177866,3888.7502327632087,3945.5159044693314,1761466
2025-01-20,3867.647216796875,3932.1425484323627,3858.447160711793,3932.1425484323627,1287799
2025-01-21,3827.859130859375,3899.136119079718,3822.3105229606576,3884.2452782424407,1971591
2025-01-22,3942.385986328125,3948.598240960883,3835.7784821299006,3841.2796202434547,2409223
2025-01-23,3931.810546875,3975.3449548724125,3926.688470425829,3953.198226312215,1822998
2025-01-24,3938.35546875,3962.683483197874,3892.4971314131344,3892.4971314131344,1910099
2025-01-27,3855.648681640625,3942.148791419916,3832.7908361324735,3890.599675788401,1551782
2025-01-28,3832.07958984375,3890.599779117484,3820.69802052405,3861.007745197988,2468272
2025-01-29,3888.512939453125,3896.148353343233,3845.0734688360117,3845.0734688360117,1217089
2025-01-30,3888.750244140625,3917.0619915773636,3849.3417440444105,3888.6080671418995,1531251
2025-01-31,3900.4638671875,3915.6869946237944,3874.713158208757,3898.187645857167,1492943
2025-02-01,3863.236572265625,3922.7526963272944,3846.970505085766,3901.032960408717,437172
2025-02-03,3858.968505859375,3866.8882740010763,3792.6234860032378,3823.1639848038094,1265713
2025-02-04,3895.38916015625,3906.5813140143973,3856.5023649775358,3873.2426631324765,2547132
2025-02-05,3880.26171875,3936.126163727403,3865.939817675396,3936.126163727403,1693912
2025-02-06,3872.341796875,3926.1671344471406,3842.749763323274,3893.8244160755,2284536
2025-02-07,3821.7412109375,3879.218228908592,3801.444171507491,3879.218228908592,1548940
2025-02-10,3828.90234375,3843.1767756673025,3807.46719267282,3831.7952057492353,1339511
2025-02-11,3759.28515625,3831.795194749814,3751.1757413949294,3811.3082763326493,1810908
2025-02-12,3746.575439453125,3814.4855628593755,3737.090798282343,3766.445947952812,1678002
2025-02-13,3708.636962890625,3779.1078947757164,3701.144188811121,3763.5057059907817,2277310
2025-02-14,3732.064453125,3744.5366647420083,3699.0103831038077,3722.721988123704,1681975
2025-02-17,3703.278076171875,3731.257767104663,3657.467213858333,3657.7517993998813,1799806
2025-02-18,3673.591064453125,3722.1523795147264,3665.33947318774,3697.492313192335,2149879
2025-02-19,3589.083251953125,3675.251080308744,3573.955063643061,3672.6428039185434,4366672
2025-02-20,3584.625244140625,3592.782128290818,3557.9735409942346,3567.6478288188787,2888572
2025-02-21,3590.885009765625,3620.2873962692524,3580.451904877241,3581.495307989525,1833931
2025-02-24,3486.1748046875,3569.260122487774,3480.8633130033377,3550.2433706104594,2508516
2025-02-25,3442.497802734375,3469.4815591448155,3434.6255046618817,3438.1822449152423,4101954
2025-02-27,3426.3740234375,3450.512388419143,3415.1346312530945,3425.5677363307773,3823856
2025-02-28,3303.737548828125,3414.470731581497,3278.8403664103434,3400.1963006835795,7085018
2025-03-03,3313.03271484375,3341.6762855972443,3297.0035319217445,3305.397532195103,4990439
2025-03-04,3350.0224609375,3367.995808195281,3285.764022186379,3294.964077068546,2797737
2025-03-05,3364.249755859375,3414.8029405590255,3339.400041837824,3339.400041837824,2501894
2025-03-06,3415.98876953125,3423.434074596987,3353.8643641732256,3373.6871734120996,2786513
2025-03-07,3425.09375,3438.1826018027277,3390.190222378938,3414.470997652364,2051315
2025-03-10,3404.654296875,3435.4321442725973,3397.9678097594306,3420.636010676855,1004626
2025-03-11,3391.043701171875,3403.8004968476407,3355.3338893126197,3374.6352261327497,1995450
2025-03-12,3325.5048828125,3385.305592458114,3307.15224085139,3381.2746199098347,3174167
2025-03-13,3330.10498046875,3342.672130004524,3304.5439188567675,3321.8059194545594,1693004
2025-03-17,3317.44287109375,3348.505070694925,3298.141765391246,3309.1912796488264,2690906
2025-03-18,3317.44287109375,3317.44287109375,3317.44287109375,3317.44287109375,0
2025-03-19,3316.8740234375,3364.2022912119846,3284.294187734508,3364.2022912119846,3051244
2025-03-20,3379.519775390625,3394.505554527131,3331.0059291540974,3331.0059291540974,2845192
2025-03-21,3393.699462890625,3429.883275405574,3286.428081377204,3295.9127223046994,4161925
2025-03-24,3441.9287109375,3461.6568103088644,3382.792113898217,3414.470721860925,1834751
2025-03-25,3469.24462890625,3518.8018790902024,3450.5124625687754,3457.1517113972473,3135390
2025-03-26,3448.42578125,3490.8220797184467,3438.988609875757,3459.7598808023267,1734499
2025-03-27,3463.0322265625,3474.2241497420814,3424.4297823215356,3428.5556939598323,2528474
2025-03-28,3420.3037109375,3472.279589767322,3406.7880975546004,3462.8424183134416,2051919
2025-04-01,3367.80615234375,3399.2951120927096,3343.335733852344,3388.577422151902,2618493
2025-04-02,3361.309326171875,3380.4210168658315,3348.1257677061367,3361.3567956889556,1764313
2025-04-03,3227.765380859375,3321.521146037298,3221.1261324235493,3311.088041352429,4537821
2025-04-04,3129.3623046875,3224.445829064787,3125.663387385046,3189.305420015634,5317367
2025-04-07,3105.31884765625,3121.7745604042666,2898.5536795332505,2940.2386292720134,6623955
2025-04-08,3123.244873046875,3176.4063332063806,3087.535291604866,3131.875989149625,5557558
2025-04-09,3079.28369140625,3101.4776590955953,3046.5142098890965,3092.5147195117684,2990265
2025-04-11,3064.9619140625,3128.9357749466626,3040.7760781322527,3120.0203045213184,7108961
2025-04-15,3080.801025390625,3143.5893021337306,3071.69590901875,3143.5893021337306,3512160
2025-04-16,3105.081787109375,3109.1602290119804,3062.5905495252055,3080.801013758816,2384391
2025-04-17,3128.88818359375,3133.3461501914685,3052.1575291360596,3078.240292358944,2932346
2025-04-21,3150.418212890625,3181.148354821814,3114.85081178573,3120.5415959625134,2432946
2025-04-22,3143.58935546875,3162.0844056249766,3125.189244347029,3151.3669464223676,2710498
2025-04-23,3237.107666015625,3244.6004390709218,3165.308986772881,3191.5813935372335,3543923
2025-04-24,3226.29541015625,3236.6335756939984,3213.111620905439,3225.821178130507,2252175
2025-04-25,3270.304443359375,3298.568721809185,3229.5204842339535,3243.7474467195657,2742991
2025-04-28,3266.0361328125,3279.5992157727555,3229.520264912607,3257.9741879514845,1593296
2025-04-29,3293.54150390625,3314.881945616226,3253.6110736832507,3276.943382576269,1578332
2025-04-30,3275.71044921875,3329.014085869881,3192.53019311335,3293.06738873724,2809332
2025-05-02,3254.18017578125,3311.562251162995,3243.7470711663877,3293.067202073011,1721761
2025-05-05,3276.280029296875,3323.8928872337206,3268.787022960017,3272.2015868044905,1284443
2025-05-06,3281.68603515625,3294.0160693923863,3259.871359200009,3281.68603515625,1324763
2025-05-07,3267.5537109375,3281.211501134211,3244.3163408615387,3244.3163408615387,1477128
2025-05-08,3271.157958984375,3297.8098945868014,3251.999029204456,3270.3044338611708,2543591
2025-05-09,3263.001220703125,3268.5970664946117,3222.976080385976,3223.8296054868374,2531757
2025-05-12,3433.819580078125,3443.3991607952385,3321.7111617690016,3324.3669077502577,2228678
2025-05-13,3333.8515625,3436.285693012091,3329.5834737286627,3433.8195935429753,3062887
2025-05-14,3365.81494140625,3377.481097659347,3327.781665004135,3339.542528744331,2119499
2025-05-15,3395.406494140625,3414.4707149223877,3332.9977424314357,3380.326007773164,3548330
2025-05-16,3377.765625,3408.685419197444,3363.349015372588,3408.685419197444,1666727
2025-05-19,3337.455322265625,3367.0473541083206,3323.1334225866804,3367.0473541083206,2537377
2025-05-20,3318.01220703125,3374.6354708973113,3313.9337648440714,3349.785756293493,2038374
2025-05-21,3344.094970703125,3354.7177229486574,3318.012206388427,3327.212262398612,1440153
2025-05-22,3297.809326171875,3317.5374236726575,3273.433847697106,3314.881678162411,2034383
2025-05-23,3333.47216796875,3352.820743852965,3286.9974249846496,3297.8098235860703,1274331
2025-05-26,3355.002197265625,3362.3053247198645,3329.204019365113,3339.542185709067,967470
2025-05-27,3318.391357421875,3357.5629717372003,3303.5954561426133,3349.9752588067204,2467680
2025-05-28,3317.44287109375,3347.129844047208,3312.985136088664,3338.593667057572,1222933
2025-05-29,3317.822509765625,3350.4495836467595,3306.820233088302,3324.0822341714443,3188072
2025-05-30,3284.910400390625,3325.97894134562,3275.1414056184462,3310.139637529337,3404365
2025-06-02,3272.011474609375,3281.6857620470387,3242.41944121709,3272.201121116267,1877585
2025-06-03,3229.7099609375,3294.490106360913,3225.252225904789,3268.407343175387,2848125
2025-06-04,3235.1640625,3248.465034332547,3224.7340073768614,3242.9150002967904,2544807
2025-06-05,3225.78662109375,3262.0528233362247,3218.7054627680072,3262.0528233362247,3584683
2025-06-06,3238.322021484375,3244.7331673196672,3213.9212139850256,3225.7868448606714,2070390
2025-06-09,3274.39697265625,3285.975488762853,3244.7332451805223,3253.4410779830223,1718678
2025-06-10,3313.629638671875,3335.5426613582063,3275.6409764041855,3291.7168496023487,2419874
2025-06-11,3322.241455078125,3338.604442179547,3300.424450431947,3320.423449229873,2847013
2025-06-12,3286.166748046875,3324.9209717927824,3275.640909498604,3322.2416207116808,4060134
2025-06-13,3297.171142578125,3301.7642826377164,3246.934184213111,3246.934184213111,2178493
2025-06-16,3345.589599609375,3357.7421105388685,3278.511215496158,3291.716403606072,1934088
2025-06-17,3363.77099609375,3368.2683531373627,3337.743514633776,3358.6994089523137,2111940
2025-06-18,3302.62548828125,3385.492643029953,3294.6834510545355,3367.4074309500347,2696327
2025-06-19,3276.40625,3302.242397415304,3265.8804121641356,3301.2855030665887,2672768
2025-06-20,3287.602294921875,3297.745469784743,3263.8712652626323,3277.3635707817734,2351248
2025-06-23,3247.31689453125,3277.3632849229502,3224.7340934862314,3267.7943410253647,3123421
2025-06-24,3244.254638671875,3293.726265410323,3236.2168192617623,3286.549557502439,3403048
2025-06-25,3296.309814453125,3301.2856185170967,3253.440899408153,3260.4262751214173,1757699
2025-06-26,3293.439453125,3302.625499921456,3268.0817495194324,3296.3101365520456,2879106
2025-06-27,3292.76953125,3316.978773543857,3283.1048040170426,3306.0702704397795,1778433
2025-06-30,3312.7685546875,3315.5434551196317,3282.1479325760038,3291.6210940950255,1468351
2025-07-01,3281.860595703125,3334.776901436363,3266.35895353028,3306.0700701470973,2375183
2025-07-02,3275.73681640625,3339.4658465866687,3272.5790179988544,3336.882278295821,3090585
2025-07-03,3254.20654296875,3287.2193999790024,3251.144527592608,3282.147812903343,2531870
2025-07-04,3272.387451171875,3279.2770439923584,3243.967734776887,3261.096050751665,1109320
2025-07-07,3264.63671875,3278.416138875185,3261.4789203702617,3270.952315509477,1639174
2025-07-08,3259.37353515625,3277.363195918518,3247.125240576613,3258.2253086430815,2325242
2025-07-09,3237.939208984375,3266.837372173034,3221.8633368794976,3263.0097947012437,2034938
2025-07-10,3236.216796875,3252.484001353674,3211.33754296644,3234.303008112803,3035012
2025-07-11,3125.21728515625,3191.2430024482833,3120.528595780786,3157.655913683438,7635550
2025-07-14,3083.78369140625,3130.9586344245786,3062.062234156067,3125.217267735536,3924009
2025-07-15,3112.107666015625,3118.9014760029677,3067.8034091107847,3067.8034091107847,2590889
2025-07-16,3104.234375,3115.5638600833036,3092.2326031663256,3098.3774165813243,2540733
2025-07-17,3081.287109375,3112.779808234124,3076.390526695053,3095.5933632665156,2947640
2025-07-18,3062.75634765625,3100.1060057073505,3059.972030096825,3096.4574198500977,3432645
2025-07-21,3032.31982421875,3070.1495522628406,3026.3669918654064,3062.8523807267275,3844346
2025-07-22,3033.6640625,3053.3469689942053,3028.8633535989743,3033.6640625,3198036
2025-07-23,3052.386962890625,3055.1712804131353,3031.7439136986445,3033.6641973444102,1922875
2025-07-24,3022.526611328125,3047.2022105424912,3014.845476356516,3038.945131093794,2934778
2025-07-25,3010.8125,3031.0713499661365,3001.0191011832776,3014.8450484057557,2568917
2025-07-28,2956.564697265625,2993.72213811463,2947.539223682625,2986.041003699968,3374473
2025-07-29,2934.193359375,2951.4759118844077,2919.9832137631183,2938.0339265993125,4785312
2025-07-30,2931.888916015625,2946.6750050729374,2925.7438682234083,2938.0337293982366,2880121
2025-07-31,2915.758544921875,2937.841805411508,2894.827407662822,2920.4631457840833,2968371
2025-08-01,2883.3056640625,2915.758501968501,2880.4252388236764,2909.133383273443,2053847
2025-08-04,2951.85986328125,2956.6605722928375,2872.360309577052,2889.1627911176092,2519252
2025-08-05,2941.778564453125,2954.8365875722943,2920.7515513874637,2951.86005402892,1927996
2025-08-06,2911.43798828125,2944.562879940478,2905.3890481398157,2940.9142942671037,1487081
2025-08-07,2925.552001953125,2929.9687479023937,2890.890789951502,2895.7876067904904,2543076
2025-08-08,2915.37451171875,2937.841970823321,2904.4289887975438,2926.6083584758467,2762140
2025-08-11,2919.59912109375,2928.3362704951187,2900.8763567070323,2915.3743566889298,1884215
2025-08-12,2914.414306640625,2972.9829560524563,2906.253101394714,2919.791194448837,3358232
2025-08-13,2915.182373046875,2923.0554886191444,2907.8854362960733,2915.0864995163706,2148166
2025-08-14,2901.836669921875,2934.0972944331475,2898.764262979319,2913.0702823357074,3342174
2025-08-18,2891.17919921875,2927.472609378642,2883.6900456286708,2925.072254664491,2945609
2025-08-19,2895.979736328125,2904.429031301108,2891.083153648401,2891.1790271854784,2650784
2025-08-20,2975.09521484375,2979.7037075526887,2890.8905988262018,2890.8905988262018,4952358
2025-08-21,2978.93603515625,3005.2438266480435,2960.2132701020532,3005.2438266480435,3230726
2025-08-22,2932.27294921875,2972.3108139224278,2928.4323821601793,2962.997485687316,1593791
2025-08-25,3015.42138671875,3026.366909314735,2954.4523833109183,2964.245782645686,3448370
2025-08-26,3031.35986328125,3035.9685911364395,2995.6426326203955,3004.283909445262,5522097
2025-08-28,2970.390625,3021.086158669707,2963.4776509563167,3019.645945976872,3116051
2025-08-29,2961.749267578125,2990.841610057071,2954.548204311535,2969.7184911417403,2271789
2025-09-01,2988.537353515625,3006.2999761800884,2966.8380558481663,2966.8380558481663,1246862
2025-09-02,2987.481201171875,3029.247369338668,2979.416103841445,2996.698656186325,2185229
2025-09-03,2974.0390625,3016.6692623196923,2964.917715899919,3005.1475613511693,1799774
2025-09-04,2972.31103515625,2993.722244983374,2967.606433923174,2991.801961311159,1481391
2025-09-05,2926.80029296875,2979.703965451406,2907.885546409113,2973.655259644998,2802055
2025-09-08,2898.668212890625,2942.7386295513115,2895.7877873726816,2928.432609909376,2626187
2025-09-09,2927.856201171875,2938.0337976334035,2909.997705008497,2911.2459361835313,2489301
2025-09-10,2986.041015625,2998.2347696750494,2931.696895660388,2934.5773210773896,2079428
2025-09-11,2999.675048828125,3013.885194748687,2986.137189714118,3013.885194748687,2263446
2025-09-12,3008.50830078125,3023.198517586115,2996.6026359147436,3018.685897890405,1447167
2025-09-15,2987.864990234375,3009.0842164755977,2972.598830315396,3009.0842164755977,1732539
2025-09-16,3020.318115234375,3024.4467719955323,2985.1770648150605,3003.3236516831826,2573429
2025-09-17,3046.337890625,3055.5551110798156,3017.1494398273812,3026.366894691811,2418271
2025-09-18,3050.08251953125,3075.334296666793,3035.392302577828,3058.0517436415034,2633138
2025-09-19,3042.88134765625,3053.730996885227,3018.685821162444,3043.6495079786732,4901694
2025-09-22,2951.283935546875,2983.0644887376598,2942.8346407567424,2971.6388949892716,3634901
2025-09-23,2940.338134765625,2957.9087764692863,2930.352753876681,2947.6353061603577,3177741
2025-09-24,2914.414306640625,2935.153463147022,2912.1100600997443,2928.432470591566,1625714
2025-09-25,2839.523193359375,2908.845617084501,2833.3783797594588,2901.548445826189,4974361
2025-09-26,2783.547119140625,2837.0269692313786,2776.057966398974,2823.7769658283983,3934636
2025-09-29,2780.66650390625,2812.5431618400235,2778.6501125486475,2799.7732301976002,3110035
2025-09-30,2773.2734375,2799.101392157332,2770.105157137798,2794.9727356006983,2253458
2025-10-01,2798.045166015625,2808.222762784315,2752.342557318892,2775.7699233020426,1952902
2025-10-03,2786.2353515625,2807.454578770542,2775.8660078142957,2807.454578770542,2899519
2025-10-06,2869.287841796875,2874.28076699856,2780.1868646812827,2786.3316788238635,2112774
2025-10-07,2855.173583984375,2884.745997894136,2837.699050349848,2875.624650921264,3062943
2025-10-08,2906.541259765625,2921.711547346886,2849.7009111158586,2856.4219038307547,4121889
2025-10-09,2939.666015625,2943.794672125363,2899.628150625765,2913.070135429991,3211304
2025-10-10,2907.597412109375,2947.635277630445,2887.0502372807746,2928.4324419455565,8817365
2025-10-13,2887.33837890625,2914.5104387736105,2878.6971026918,2906.349233459963,2866865
2025-10-14,2842.307861328125,2906.5412549765147,2837.699133735008,2900.5884226064827,3611416
2025-10-15,2862.06396484375,2871.6047262713414,2843.9459294866183,2863.220385125294,4282226
2025-10-16,2862.931396484375,2867.0754517571395,2836.332787245134,2862.160371154854,3251495
2025-10-17,2854.739501953125,2880.3746213869317,2848.1861401528254,2862.256586509825,4374683
2025-10-20,2905.81689453125,2913.333979311689,2870.4483153754104,2877.1943748710046,3133039
2025-10-21,2897.62548828125,2921.815026282457,2887.3137006926995,2921.1404673344027,310644
2025-10-23,2961.712890625,2985.613263353556,2925.958915568601,2944.1731825516827,5564758
2025-10-24,2952.07568359375,2977.9035021252716,2947.3535359078196,2968.2662739630537,2684318
2025-10-27,2972.98828125,2981.9509500743798,2949.184375870237,2955.2558763824863,1946312
2025-10-28,2946.9677734375,2978.0960660621163,2929.9099274122086,2964.4112497423184,3470737
2025-10-29,2946.678955078125,2964.4113606511696,2935.596142774,2946.96788369373,2895420
2025-10-30,2925.187744140625,2952.653842834952,2922.778437237614,2938.487165302022,2241536
2025-10-31,2947.064208984375,2956.1231088421955,2915.357824198127,2924.898585437403,1868085
2025-11-03,2907.359130859375,2947.06446508497,2900.80576844531,2936.367047373489,2194877
2025-11-04,2881.723876953125,2919.4055326440953,2868.039060214524,2910.0574685167057,2670720
2025-11-06,2901.6728515625,2914.2977142131544,2881.531139384038,2881.627605776501,2542721
2025-11-07,2883.26611328125,2895.0234851722394,2853.101540563387,2892.1323165785257,1830520
2025-11-10,2915.4541015625,2937.3305615709287,2883.4585523829414,2884.422275161144,1556656
2025-11-11,2936.463623046875,2944.8479650680415,2908.5156594537148,2934.5361772818296,2806868
2025-11-12,3018.18701171875,3022.619995280987,2946.1969680097523,2948.991669923252,4460315
2025-11-13,2993.03369140625,3018.2831803470704,2989.4679642954256,3018.186949242595,1740435
2025-11-14,2993.322998046875,3000.1655239975616,2965.6642009169345,2977.9034333434784,2210794
2025-11-17,2989.66064453125,3010.187986001932,2974.6267109195564,2993.322838009285,2232853
2025-11-18,2975.10888671875,2992.3594315179676,2966.338914722159,2989.4682629851,2548350
2025-11-19,3033.510009765625,3040.545232796858,2971.639057156612,2984.6493140956795,3151053
2025-11-20,3030.715576171875,3049.7008686990343,3024.2586803244717,3033.79944214396,2700767
2025-11-21,3036.30517578125,3055.0013041600305,3021.463703354114,3030.715536432949,4177037
2025-11-24,3027.24609375,3063.578397230728,3017.4161679823073,3043.4366842823783,6703764
2025-11-25,3006.04443359375,3035.534448554938,3001.9968444557608,3031.197695489111,2737920
2025-11-26,3048.158935546875,3062.711244826224,3003.9241504478728,3005.658898650244,2508527
2025-11-27,3022.81298828125,3064.6384631299097,3011.6337098367826,3064.6384631299097,2836233
2025-11-28,3023.68017578125,3033.12470593688,3011.6336412163846,3026.089482694223,1616690
2025-12-01,3019.729248046875,3039.5820339484353,3008.9355985975626,3024.0660011073596,1747647
2025-12-02,3021.94580078125,3029.9447477765,3007.2007935969305,3017.416350282513,2512003
2025-12-03,3064.638671875,3095.3813367654693,3025.126034910574,3026.089757763365,3952112
2025-12-04,3112.053466796875,3132.0989471151875,3071.769808666434,3078.13047294951,5025905
2025-12-05,3120.72705078125,3152.915532717371,3105.5001838412545,3112.824571063191,5244013
2025-12-08,3119.0888671875,3141.6398867746047,3092.2010949656524,3125.353065437683,2544725
2025-12-09,3091.911865234375,3116.390329915732,3065.794883587669,3112.824602659864,2734893
2025-12-10,3073.504638671875,3108.005961204973,3062.8074569989867,3108.005961204973,1386849
2025-12-11,3076.106689453125,3092.0081155406747,3038.7144333046613,3088.7315521574005,1914362
2025-12-12,3103.669189453125,3106.078496384854,3070.131589906683,3081.696263178982,1146554
2025-12-15,3113.01708984375,3120.7268716204835,3081.310706400481,3094.6101270221197,1562190
2025-12-16,3088.828125,3103.187500999765,3075.3360054304358,3103.187500999765,1734623
2025-12-17,3101.0673828125,3119.4743477745933,3084.3949307247763,3084.3949307247763,1376350
2025-12-18,3161.78173828125,3168.5277977297296,3104.1510690788923,3110.897128527372,2307422
2025-12-19,3162.938232421875,3197.5357868591873,3159.854366515901,3179.3215200364916,3902511
2025-12-22,3204.281982421875,3207.8479451634685,3171.6118722000997,3189.9226061933546,2632816
2025-12-23,3189.922607421875,3199.463369445318,3174.0211805268714,3199.463369445318,2365420
2025-12-24,3198.59619140625,3206.4024407323423,3176.5270318942603,3184.2368148202168,1367708
2025-12-26,3161.010986328125,3199.559900795541,3153.108505919085,3192.9103071634727,1176664
2025-12-29,3133.544677734375,3168.7205598617948,3125.2565675579217,3161.010777477703,2079473
2025-12-30,3129.015380859375,3148.9643966982817,3121.9801570326194,3132.0992469072426,2807593
2025-12-31,3089.887939453125,3128.2441532690227,3082.4673210816295,3122.461816571668,3362634
2026-01-01,3110.31884765625,3116.775978595714,3082.1781891606697,3098.368779137981,1255735
2026-01-02,3132.773681640625,3136.243177859361,3102.7055771191704,3116.6795578205924,1184324
2026-01-05,3099.428955078125,3129.207895137578,3075.2394189664337,3122.94369701057,2341703
2026-01-06,3137.688720703125,3144.8201752673103,3088.7315556964636,3093.550169667909,2912325
2026-01-07,3176.044921875,3180.8635358265738,3106.271250685878,3125.2565425983025,1989442
2026-01-08,3087.671630859375,3167.6606296336045,3066.566193971062,3167.6606296336045,4159336
2026-01-09,3091.43017578125,3112.5356118812538,3075.239584998998,3075.239584998998,1938673
2026-01-12,3122.076416015625,3134.026484388671,3059.145271347969,3086.804068110982,2228342
2026-01-13,3149.446044921875,3161.0107182814413,3094.0319850739534,3127.2804209827063,5645341
2026-01-14,3076.68505859375,3141.7363480080267,3067.529691935444,3141.7363480080267,3539511
2026-01-15,3076.68505859375,3076.68505859375,3076.68505859375,3076.68505859375,0
2026-01-16,3146.54931640625,3161.464149941515,3111.519017760894,3159.0110444402844,4293470
2026-01-19,3104.258056640625,3159.600023336744,3092.973770842994,3128.2002715520307,3387562
2026-01-20,3044.10791015625,3100.7255406282875,3033.118044759914,3092.4832014713097,4499273
2026-01-21,3064.027099609375,3079.6287553253787,3024.188569033875,3041.8509292683366,2015150
2026-01-22,3091.305419921875,3100.7254411371077,3063.7326570458863,3090.9130188550284,2269827
2026-01-23,3103.178466796875,3134.578217290946,3092.875423666008,3130.457047950816,2068857
2026-01-27,3098.762939453125,3115.4440572399217,3071.2881572160486,3115.4440572399217,4279874
2026-01-28,3140.073486328125,3145.0776781720924,3111.1268393421374,3116.425451779539,2751234
2026-01-29,3085.41796875,3140.07335254898,3066.9708064954257,3140.07335254898,2457641
2026-01-30,3065.302490234375,3082.081828102924,3034.000959087629,3082.081828102924,3022068
2026-02-02,3110.1455078125,3138.0126916764966,3075.2131881532646,3138.0126916764966,2636272
2026-02-03,3164.800537109375,3287.1613923698505,3126.53209104895,3287.1613923698505,4366060
2026-02-04,2942.84375,3061.475843095512,2929.9893806035893,3061.475843095512,10852595
2026-02-05,2935.38623046875,2972.869637012123,2916.5464269268496,2933.9143670738968,3521545
2026-02-06,2886.422119140625,2929.0079343210614,2861.302223276454,2920.765595757455,4687389
2026-02-09,2892.8984375,2921.15826303242,2882.3991930324937,2903.5941220720847,2380318
2026-02-10,2928.61572265625,2955.109263473934,2888.2865702537815,2894.468444356794,3547763
2026-02-11,2855.21875,2941.76426862986,2849.723697569715,2924.1019081110685,3363513
2026-02-12,2698.51416015625,2825.977420921291,2688.603518515395,2815.9687988010764,10612156
2026-02-13,2641.7001953125,2662.110080925881,2536.5110796879476,2536.5110796879476,11168735
2026-02-16,2655.830322265625,2668.7826718221954,2620.898002964758,2649.3540277067937,2918730
2026-02-17,2666.427490234375,2708.228504276998,2644.6439610469733,2665.0538469624375,4209118
2026-02-18,2644.349609375,2678.7913077273606,2607.4550449905755,2678.7913077273606,2950820
2026-02-19,2627.66845703125,2697.140454434555,2616.5806115438327,2657.2039438116426,3238849
2026-02-20,2635.812744140625,2651.905259923164,2597.838718993336,2616.972941852777,2293482
2026-02-23,2626.0986328125,2653.2789947204583,2610.3005370564806,2635.616634548502,4699596
2026-02-24,2525.423095703125,2597.8388206557183,2513.255787797201,2591.460746119642,7798833
2026-02-25,2579.980224609375,2604.4130601353972,2546.3235684513456,2547.3048106742554,3621285
2026-02-26,2598.034912109375,2620.897903167908,2585.5731841435563,2600.2918170703697,3464267
2026-02-27,2587.92822265625,2638.168017666852,2576.8403768444346,2631.299321894741,5083717
2026-03-02,2564.4765625,2574.5834053591284,2531.8993684474203,2543.37985460111,3374385
2026-03-04,2539.2587890625,2585.5733762002424,2531.997452542583,2575.7609535201655,3446434
2026-03-05,2530.427490234375,2560.551578540278,2498.6350985020495,2551.229777430436,2960636
2026-03-06,2509.625244140625,2570.069622274581,2505.7002751879877,2523.7550365456814,3998643
2026-03-09,2479.991455078125,2511.9800468111703,2458.0117254929614,2482.542780637602,3653428
2026-03-10,2465.9599609375,2497.45769299971,2443.39138949283,2493.3365235176843,4323710
2026-03-11,2418.663818359375,2473.711601954393,2413.9540474182472,2461.0536733182116,2720664
2026-03-12,2396.5859375,2426.513825649523,2390.3060830242093,2413.6596961153996,2752075
2026-03-13,2365.284423828125,2400.0203033629555,2352.0376535639975,2391.287343235487,2466488
2026-03-16,2364.0087890625,2379.5124645789865,2321.7173916761253,2364.793830777467,3807907
2026-03-17,2346.8369140625,2374.6061161428333,2315.731584337639,2374.6061161428333,2993367
2026-03-18,2395.01611328125,2436.326267951688,2364.793804301608,2364.793804301608,3082388
2026-03-19,2311.806640625,2378.5311107279285,2306.115387909886,2371.6624152761565,2757060
2026-03-20,2345.7578125,2362.6351312433567,2319.8528734315287,2341.2440023374425,4206320
2026-03-23,2339.085205078125,2361.6537756859007,2303.956686393805,2320.6378037995523,3860515
2026-03-24,2353.803955078125,2389.7172776589064,2334.47353068287,2359.0045869106293,3420182
2026-03-25,2332.80517578125,2376.1762738846405,2325.3478785890734,2355.864368126978,5843778
2026-03-27,2344.97265625,2376.6668272056972,2340.262645780238,2358.8080275261386,4979411
2026-03-30,2314.652099609375,2353.0187649541185,2302.1903717438945,2330.5484146912077,6804756
2026-04-01,2363.027587890625,2425.630892660341,2352.9207445923203,2383.4374750291136,4132661
2026-04-02,2404.730224609375,2423.570027038862,2331.1370592120925,2341.24390183887,5378361
2026-04-06,2427.4951171875,2435.4432752720936,2402.2772391631793,2427.593337237373,2572417
2026-04-07,2492.1591796875,2496.182129281132,2402.0810908677395,2414.837240451596,4516550
2026-04-08,2511.195068359375,2531.899375247164,2492.453485493659,2523.755016821873,4769337
2026-04-09,2540.43603515625,2556.135910228672,2483.6222080623565,2506.092558435327,5628261
2026-04-10,2476.94970703125,2517.671257898199,2454.1849361455575,2517.671257898199,10480239
2026-04-13,2426.2197265625,2457.9136601554055,2423.6684008424363,2443.195026142192,3739587
2026-04-15,2506.9755859375,2510.9987747578325,2446.629190999006,2454.9697496490417,5261384
2026-04-16,2528.56298828125,2545.3423261167095,2510.0176060935014,2523.754997213638,3905403
2026-04-17,2533.076904296875,2540.4362212762385,2507.957006516208,2521.792618261851,2718206
2026-04-20,2531.212646484375,2545.3424392975157,2513.15764504414,2538.571963483115,2288558
2026-04-21,2561.532958984375,2564.9673069470045,2511.9802240950007,2511.9802240950007,2719959
2026-04-22,2490.88330078125,2531.6048516902206,2456.6380441545243,2531.6048516902206,5232045
2026-04-23,2474.49658203125,2511.489364373728,2469.0997500312283,2481.5614778281533,2509050
2026-04-24,2351.939453125,2458.0118361710306,2343.991534636913,2441.3307179215667,5107719
2026-04-27,2401.6884765625,2412.874541687738,2351.9393059532576,2351.9393059532576,5853425
2026-04-28,2398.8427734375,2440.349366669426,2381.867235359066,2398.155951805419,4508363
2026-04-29,2428.280029296875,2441.2323784506298,2401.688509360205,2405.024637022461,2835961
2026-04-30,2427.4951171875,2444.2744555611544,2392.26861608113,2432.4995485090735,3970446
2026-05-01,2427.4951171875,2427.4951171875,2427.4951171875,2427.4951171875,0
2026-05-04,2385.6943359375,2451.4375668418284,2379.512461835769,2447.2181772447047,2632358
2026-05-05,2381.769287109375,2414.24826083551,2366.952433771704,2384.4185931895904,3385720
2026-05-06,2389.717041015625,2424.6493574491965,2361.359238648924,2396.0951150032492,3147628
2026-05-07,2356.35498046875,2393.9366055534624,2353.018852732181,2392.4647422177254,5829594
2026-05-08,2349.486328125,2361.8500761970836,2330.548544505656,2353.0188960201936,3792199
2026-05-11,2348.014404296875,2369.699953108347,2326.5252955775945,2326.5252955775945,1975188
2026-05-12,2257.151611328125,2330.450360002076,2240.176072372522,2330.450360002076,6347884
2026-05-13,2230.16748046875,2265.8846032931383,2226.4387119283556,2262.7446759395275,3171843
2026-05-14,2203.8701171875,2222.513720137884,2165.012827845418,2222.513720137884,5633313
2026-05-15,2221.5322265625,2261.6649346543286,2209.7573207679993,2209.7573207679993,3410637
2026-05-18,2240.3720703125,2249.8900714309348,2209.953563101145,2221.5322685970373,3773336
2026-05-19,2283.448974609375,2333.0017090765828,2254.0117066090534,2256.857213357978,10394707
2026-05-20,2283.742919921875,2298.06915136111,2274.3231388707036,2280.3085723429836,2537422
2026-05-21,2283.546875,2292.0836345084317,2270.594525446405,2287.275643394801,3299087
2026-05-22,2273.832763671875,2296.106915322829,2264.805382686245,2287.373954930871,2617262
2026-05-25,2295.61328125,2313.415817804508,2280.496215777924,2312.3217190072714,3298364
2026-05-26,2263.78759765625,2315.205623652634,2260.008270887014,2295.613098349941,3587597
2026-05-27,2271.744140625,2283.0821217701528,2248.571147658945,2262.5943570616037,2653950
2026-05-28,2271.744140625,2271.744140625,2271.744140625,2271.744140625,0
2026-05-29,2246.58203125,2321.2726050840133,2222.81245602518,2278.507085795833,16331582
2026-06-01,2284.8720703125,2322.267132829976,2267.5670504720965,2271.5452382799426,7505095
2026-06-02,2433.556884765625,2443.9996279549005,2303.569644295269,2307.34897134468,11306127
2026-06-03,2229.475830078125,2379.9508308808004,2212.6680838914085,2379.9508308808004,15660062
2026-06-04,2228.77978515625,2240.8139007540485,2204.5129359355733,2229.4759194813155,4867263
2026-06-05,2186.9091796875,2259.4117976453776,2180.0469028924485,2250.560184151513,5019717
2026-06-08,2139.668212890625,2165.128711955583,2131.6125282744956,2158.1668832997775,6536734
2026-06-09,2139.2705078125,2162.145087858845,2121.169801728995,2162.145087858845,4148655
2026-06-10,2142.154541015625,2168.907999188303,2133.1043096144995,2139.568864676436,2848650
2026-06-11,2123.95458984375,2142.8509821277357,2098.494090484758,2115.4013888441136,3079815
2026-06-12,2149.61376953125,2156.177876796519,2126.3414670622496,2138.276030955957,2124656
2026-06-15,2150.21044921875,2180.046856932239,2147.525221086398,2180.046856932239,3337083
2026-06-16,2187.0087890625,2196.954258771743,2148.818282502735,2155.183285992923,3079898
2026-06-17,2210.8779296875,2218.8343055028395,2188.6994835403766,2196.9542720106556,2865010
2026-06-18,2191.285400390625,2201.927004470057,2170.101501243751,2196.9542695909468,3735188
2026-06-19,2113.412353515625,2126.341464384191,2048.6672473500757,2093.521413717831,13286502
2026-06-22,2116.197021484375,2145.237743488044,2109.434053749718,2120.5729308842238,4566101
2026-06-23,2048.368896484375,2102.4721508294924,2043.7938836114508,2099.4885101234904,6392736
2026-06-24,2097.49951171875,2109.1356624395376,2049.7612582514666,2049.7612582514666,4747277
2026-06-25,2083.27734375,2136.78401555451,2076.61392807904,2121.965363861958,4738903
2026-06-26,2083.27734375,2083.27734375,2083.27734375,2083.27734375,0
2026-06-29,2086.4599609375,2093.521341445675,2059.706744956766,2078.6031371123327,3412470
2026-06-30,2020.422119140625,2092.8251853118586,2007.791421498655,2078.60311543387,6848411
2026-07-01,1971.788818359375,2040.8104030555382,1966.0205187179013,2028.776408877907,4658295
2026-07-02,2056.82275390625,2065.5745732846704,1991.580373389582,1997.0503819057583,6040621
2026-07-03,2082.083984375,2105.0581154318793,2073.6303355251375,2088.5485393778363,4028819
2026-07-06,2046.3798828125,2081.5867473982344,2039.4180542258837,2078.6031065753987,2567386
2026-07-07,2084.669921875,2111.124724588052,2037.8266642409067,2038.8212111731864,4769048
2026-07-08,2046.2803955078125,2098.1956989000228,2037.6278854106638,2082.5813599967723,3666985
2026-07-09,2038.323974609375,2053.7394523387943,2005.006651774823,2046.280350211656,3791498
2026-07-10,2057.717529296875,2121.666943317309,2053.341620075063,2093.7200783959847,6714551
2026-07-13,2169.604248046875,2192.8765503750355,2053.8390761022306,2063.684994131224,12382622
2026-07-14,2188.60009765625,2215.850586742918,2167.1177865856457,2170.996422535663,9546290
2026-07-15,2189.199951171875,2202.89990234375,2145.39990234375,2174.10009765625,5426489
2026-07-16,2201.0,2231.39990234375,2187.800048828125,2206.0,5197595
2026-07-17,2269.0,2275.0,2215.10009765625,2224.800048828125,5615138
2026-07-20,2251.10009765625,2283.39990234375,2245.10009765625,2280.10009765625,2202693
2026-07-21,2221.10009765625,2259.89990234375,2218.5,2245.10009765625,2382160
2026-07-22,2208.300048828125,2226.800048828125,2201.0,2216.0,1599665
2026-07-23,2242.89990234375,2250.0,2193.60009765625,2204.0,2503539
2026-07-24,2254.300048828125,2264.300048828125,2205.10009765625,2205.10009765625,3211699
2026-07-27,2295.60009765625,2315.0,2272.39990234375,2286.0,4007292
